SolidWorks IGES file using analytic representation for surfaces         S      1
1H,,1H;,22HKailh LP Keycap.SLDPRT,39HG:\byScottua\Keyboards\Kailh\1.25x1G      1
.IGS,15HSolidWorks 2018,15HSolidWorks 2018,32,308,15,308,15,22HKailh LP G      2
Keycap.SLDPRT,1.,2,2HMM,50,0.125,13H200324.122132,1E-08,499990.,6HPHFHXEG      3
,,11,0,13H200324.122132;                                                G      4
     314       1       0       0       0                        00000200D      1
     314       0       8       1       0                               0D      2
     128       2       0       0       0                        01010000D      3
     128       0       0      73       0                               0D      4
     126      75       0       0       0                        01010500D      5
     126       0       0       2       0                               0D      6
     126      77       0       0       0                        01010000D      7
     126       0       0       4       0                               0D      8
     126      81       0       0       0                        01010500D      9
     126       0       0       4       0                               0D     10
     126      85       0       0       0                        01010000D     11
     126       0       0      15       0                               0D     12
     126     100       0       0       0                        01010500D     13
     126       0       0       3       0                               0D     14
     126     103       0       0       0                        01010000D     15
     126       0       0       9       0                               0D     16
     126     112       0       0       0                        01010500D     17
     126       0       0      12       0                               0D     18
     126     124       0       0       0                        01010000D     19
     126       0       0      27       0                               0D     20
     126     151       0       0       0                        01010500D     21
     126       0       0       3       0                               0D     22
     126     154       0       0       0                        01010000D     23
     126       0       0       9       0                               0D     24
     126     163       0       0       0                        01010500D     25
     126       0       0      14       0                               0D     26
     126     177       0       0       0                        01010000D     27
     126       0       0      27       0                               0D     28
     126     204       0       0       0                        01010500D     29
     126       0       0       7       0                               0D     30
     126     211       0       0       0                        01010000D     31
     126       0       0       9       0                               0D     32
     126     220       0       0       0                        01010500D     33
     126       0       0      12       0                               0D     34
     126     232       0       0       0                        01010000D     35
     126       0       0      27       0                               0D     36
     126     259       0       0       0                        01010500D     37
     126       0       0       3       0                               0D     38
     126     262       0       0       0                        01010000D     39
     126       0       0       9       0                               0D     40
     126     271       0       0       0                        01010500D     41
     126       0       0       6       0                               0D     42
     126     277       0       0       0                        01010000D     43
     126       0       0      15       0                               0D     44
     126     292       0       0       0                        01010500D     45
     126       0       0       2       0                               0D     46
     126     294       0       0       0                        01010000D     47
     126       0       0       5       0                               0D     48
     126     299       0       0       0                        01010500D     49
     126       0       0       2       0                               0D     50
     124     301       0       0       0                        00000000D     51
     124       0       0       3       0                               0D     52
     100     304       0       0       0              51        01010000D     53
     100       0       0       1       0                               0D     54
     102     305       0       0       0                        01010500D     55
     102       0       0       1       0                               0D     56
     102     306       0       0       0                        01010000D     57
     102       0       0       1       0                               0D     58
     142     307       0       0       0                        00010500D     59
     142       0       0       1       0                               0D     60
     144     308       0       0       0                        00000000D     61
     144       0      -1       1       0                               0D     62
     128     309       0       0       0                        01010000D     63
     128       0       0       3       0                               0D     64
     126     312       0       0       0                        01010500D     65
     126       0       0       2       0                               0D     66
     110     314       0       0       0                        01010000D     67
     110       0       0       1       0                               0D     68
     126     315       0       0       0                        01010500D     69
     126       0       0       6       0                               0D     70
     124     321       0       0       0                        00000000D     71
     124       0       0       3       0                               0D     72
     100     324       0       0       0              71        01010000D     73
     100       0       0       1       0                               0D     74
     126     325       0       0       0                        01010500D     75
     126       0       0       2       0                               0D     76
     110     327       0       0       0                        01010000D     77
     110       0       0       1       0                               0D     78
     126     328       0       0       0                        01010500D     79
     126       0       0       6       0                               0D     80
     124     334       0       0       0                        00000000D     81
     124       0       0       3       0                               0D     82
     100     337       0       0       0              81        01010000D     83
     100       0       0       1       0                               0D     84
     126     338       0       0       0                        01010500D     85
     126       0       0       2       0                               0D     86
     110     340       0       0       0                        01010000D     87
     110       0       0       1       0                               0D     88
     126     341       0       0       0                        01010500D     89
     126       0       0       6       0                               0D     90
     124     347       0       0       0                        00000000D     91
     124       0       0       2       0                               0D     92
     100     349       0       0       0              91        01010000D     93
     100       0       0       1       0                               0D     94
     126     350       0       0       0                        01010500D     95
     126       0       0       2       0                               0D     96
     110     352       0       0       0                        01010000D     97
     110       0       0       1       0                               0D     98
     126     353       0       0       0                        01010500D     99
     126       0       0       6       0                               0D    100
     124     359       0       0       0                        00000000D    101
     124       0       0       3       0                               0D    102
     100     362       0       0       0             101        01010000D    103
     100       0       0       1       0                               0D    104
     102     363       0       0       0                        01010500D    105
     102       0       0       1       0                               0D    106
     102     364       0       0       0                        01010000D    107
     102       0       0       1       0                               0D    108
     142     365       0       0       0                        00010500D    109
     142       0       0       1       0                               0D    110
     126     366       0       0       0                        01010500D    111
     126       0       0       2       0                               0D    112
     110     368       0       0       0                        01010000D    113
     110       0       0       1       0                               0D    114
     126     369       0       0       0                        01010500D    115
     126       0       0       2       0                               0D    116
     110     371       0       0       0                        01010000D    117
     110       0       0       1       0                               0D    118
     126     372       0       0       0                        01010500D    119
     126       0       0       2       0                               0D    120
     110     374       0       0       0                        01010000D    121
     110       0       0       1       0                               0D    122
     126     375       0       0       0                        01010500D    123
     126       0       0       2       0                               0D    124
     110     377       0       0       0                        01010000D    125
     110       0       0       1       0                               0D    126
     102     378       0       0       0                        01010500D    127
     102       0       0       1       0                               0D    128
     102     379       0       0       0                        01010000D    129
     102       0       0       1       0                               0D    130
     142     380       0       0       0                        00010500D    131
     142       0       0       1       0                               0D    132
     126     381       0       0       0                        01010500D    133
     126       0       0       2       0                               0D    134
     110     383       0       0       0                        01010000D    135
     110       0       0       1       0                               0D    136
     126     384       0       0       0                        01010500D    137
     126       0       0       2       0                               0D    138
     110     386       0       0       0                        01010000D    139
     110       0       0       1       0                               0D    140
     126     387       0       0       0                        01010500D    141
     126       0       0       2       0                               0D    142
     110     389       0       0       0                        01010000D    143
     110       0       0       1       0                               0D    144
     126     390       0       0       0                        01010500D    145
     126       0       0       2       0                               0D    146
     110     392       0       0       0                        01010000D    147
     110       0       0       1       0                               0D    148
     102     393       0       0       0                        01010500D    149
     102       0       0       1       0                               0D    150
     102     394       0       0       0                        01010000D    151
     102       0       0       1       0                               0D    152
     142     395       0       0       0                        00010500D    153
     142       0       0       1       0                               0D    154
     144     396       0       0       0                        00000000D    155
     144       0      -1       1       0                               0D    156
     110     397       0       0       0                        01010000D    157
     110       0       0       1       0                               0D    158
     110     398       0       0       0                        01010000D    159
     110       0       0       1       0                               0D    160
     120     399       0       0       0                        01010000D    161
     120       0       0       1       0                               0D    162
     126     400       0       0       0                        01010500D    163
     126       0       0       2       0                               0D    164
     110     402       0       0       0                        01010000D    165
     110       0       0       1       0                               0D    166
     126     403       0       0       0                        01010500D    167
     126       0       0       2       0                               0D    168
     124     405       0       0       0                        00000000D    169
     124       0       0       2       0                               0D    170
     100     407       0       0       0             169        01010000D    171
     100       0       0       1       0                               0D    172
     126     408       0       0       0                        01010500D    173
     126       0       0       2       0                               0D    174
     110     410       0       0       0                        01010000D    175
     110       0       0       1       0                               0D    176
     126     411       0       0       0                        01010500D    177
     126       0       0       2       0                               0D    178
     124     413       0       0       0                        00000000D    179
     124       0       0       3       0                               0D    180
     100     416       0       0       0             179        01010000D    181
     100       0       0       1       0                               0D    182
     102     417       0       0       0                        01010500D    183
     102       0       0       1       0                               0D    184
     102     418       0       0       0                        01010000D    185
     102       0       0       1       0                               0D    186
     142     419       0       0       0                        00010500D    187
     142       0       0       1       0                               0D    188
     144     420       0       0       0                        00000000D    189
     144       0      -1       1       0                               0D    190
     128     421       0       0       0                        01010000D    191
     128       0       0       2       0                               0D    192
     126     423       0       0       0                        01010500D    193
     126       0       0       2       0                               0D    194
     110     425       0       0       0                        01010000D    195
     110       0       0       1       0                               0D    196
     126     426       0       0       0                        01010500D    197
     126       0       0       2       0                               0D    198
     110     428       0       0       0                        01010000D    199
     110       0       0       1       0                               0D    200
     126     429       0       0       0                        01010500D    201
     126       0       0       2       0                               0D    202
     110     431       0       0       0                        01010000D    203
     110       0       0       1       0                               0D    204
     126     432       0       0       0                        01010500D    205
     126       0       0       2       0                               0D    206
     110     434       0       0       0                        01010000D    207
     110       0       0       1       0                               0D    208
     102     435       0       0       0                        01010500D    209
     102       0       0       1       0                               0D    210
     102     436       0       0       0                        01010000D    211
     102       0       0       1       0                               0D    212
     142     437       0       0       0                        00010500D    213
     142       0       0       1       0                               0D    214
     144     438       0       0       0                        00000000D    215
     144       0      -1       1       0                               0D    216
     110     439       0       0       0                        01010000D    217
     110       0       0       1       0                               0D    218
     110     440       0       0       0                        01010000D    219
     110       0       0       1       0                               0D    220
     120     441       0       0       0                        01010000D    221
     120       0       0       1       0                               0D    222
     126     442       0       0       0                        01010500D    223
     126       0       0       2       0                               0D    224
     110     444       0       0       0                        01010000D    225
     110       0       0       1       0                               0D    226
     126     445       0       0       0                        01010500D    227
     126       0       0       2       0                               0D    228
     124     447       0       0       0                        00000000D    229
     124       0       0       3       0                               0D    230
     100     450       0       0       0             229        01010000D    231
     100       0       0       1       0                               0D    232
     126     451       0       0       0                        01010500D    233
     126       0       0       2       0                               0D    234
     110     453       0       0       0                        01010000D    235
     110       0       0       1       0                               0D    236
     126     454       0       0       0                        01010500D    237
     126       0       0       2       0                               0D    238
     124     456       0       0       0                        00000000D    239
     124       0       0       2       0                               0D    240
     100     458       0       0       0             239        01010000D    241
     100       0       0       1       0                               0D    242
     102     459       0       0       0                        01010500D    243
     102       0       0       1       0                               0D    244
     102     460       0       0       0                        01010000D    245
     102       0       0       1       0                               0D    246
     142     461       0       0       0                        00010500D    247
     142       0       0       1       0                               0D    248
     144     462       0       0       0                        00000000D    249
     144       0      -1       1       0                               0D    250
     128     463       0       0       0                        01010000D    251
     128       0       0       3       0                               0D    252
     126     466       0       0       0                        01010500D    253
     126       0       0       2       0                               0D    254
     110     468       0       0       0                        01010000D    255
     110       0       0       1       0                               0D    256
     126     469       0       0       0                        01010500D    257
     126       0       0       2       0                               0D    258
     110     471       0       0       0                        01010000D    259
     110       0       0       1       0                               0D    260
     126     472       0       0       0                        01010500D    261
     126       0       0       2       0                               0D    262
     110     474       0       0       0                        01010000D    263
     110       0       0       1       0                               0D    264
     126     475       0       0       0                        01010500D    265
     126       0       0       2       0                               0D    266
     110     477       0       0       0                        01010000D    267
     110       0       0       1       0                               0D    268
     102     478       0       0       0                        01010500D    269
     102       0       0       1       0                               0D    270
     102     479       0       0       0                        01010000D    271
     102       0       0       1       0                               0D    272
     142     480       0       0       0                        00010500D    273
     142       0       0       1       0                               0D    274
     144     481       0       0       0                        00000000D    275
     144       0      -1       1       0                               0D    276
     110     482       0       0       0                        01010000D    277
     110       0       0       1       0                               0D    278
     110     483       0       0       0                        01010000D    279
     110       0       0       1       0                               0D    280
     120     484       0       0       0                        01010000D    281
     120       0       0       1       0                               0D    282
     126     485       0       0       0                        01010500D    283
     126       0       0       2       0                               0D    284
     110     487       0       0       0                        01010000D    285
     110       0       0       1       0                               0D    286
     126     488       0       0       0                        01010500D    287
     126       0       0       2       0                               0D    288
     124     490       0       0       0                        00000000D    289
     124       0       0       3       0                               0D    290
     100     493       0       0       0             289        01010000D    291
     100       0       0       1       0                               0D    292
     126     494       0       0       0                        01010500D    293
     126       0       0       2       0                               0D    294
     110     496       0       0       0                        01010000D    295
     110       0       0       1       0                               0D    296
     126     497       0       0       0                        01010500D    297
     126       0       0       2       0                               0D    298
     124     499       0       0       0                        00000000D    299
     124       0       0       3       0                               0D    300
     100     502       0       0       0             299        01010000D    301
     100       0       0       1       0                               0D    302
     102     503       0       0       0                        01010500D    303
     102       0       0       1       0                               0D    304
     102     504       0       0       0                        01010000D    305
     102       0       0       1       0                               0D    306
     142     505       0       0       0                        00010500D    307
     142       0       0       1       0                               0D    308
     144     506       0       0       0                        00000000D    309
     144       0      -1       1       0                               0D    310
     128     507       0       0       0                        01010000D    311
     128       0       0       3       0                               0D    312
     126     510       0       0       0                        01010500D    313
     126       0       0       2       0                               0D    314
     110     512       0       0       0                        01010000D    315
     110       0       0       1       0                               0D    316
     126     513       0       0       0                        01010500D    317
     126       0       0       2       0                               0D    318
     110     515       0       0       0                        01010000D    319
     110       0       0       1       0                               0D    320
     126     516       0       0       0                        01010500D    321
     126       0       0       2       0                               0D    322
     110     518       0       0       0                        01010000D    323
     110       0       0       1       0                               0D    324
     126     519       0       0       0                        01010500D    325
     126       0       0       2       0                               0D    326
     110     521       0       0       0                        01010000D    327
     110       0       0       1       0                               0D    328
     102     522       0       0       0                        01010500D    329
     102       0       0       1       0                               0D    330
     102     523       0       0       0                        01010000D    331
     102       0       0       1       0                               0D    332
     142     524       0       0       0                        00010500D    333
     142       0       0       1       0                               0D    334
     144     525       0       0       0                        00000000D    335
     144       0      -1       1       0                               0D    336
     110     526       0       0       0                        01010000D    337
     110       0       0       1       0                               0D    338
     110     527       0       0       0                        01010000D    339
     110       0       0       1       0                               0D    340
     120     528       0       0       0                        01010000D    341
     120       0       0       1       0                               0D    342
     126     529       0       0       0                        01010500D    343
     126       0       0       2       0                               0D    344
     110     531       0       0       0                        01010000D    345
     110       0       0       1       0                               0D    346
     126     532       0       0       0                        01010500D    347
     126       0       0       2       0                               0D    348
     124     534       0       0       0                        00000000D    349
     124       0       0       3       0                               0D    350
     100     537       0       0       0             349        01010000D    351
     100       0       0       1       0                               0D    352
     126     538       0       0       0                        01010500D    353
     126       0       0       2       0                               0D    354
     110     540       0       0       0                        01010000D    355
     110       0       0       1       0                               0D    356
     126     541       0       0       0                        01010500D    357
     126       0       0       2       0                               0D    358
     124     543       0       0       0                        00000000D    359
     124       0       0       3       0                               0D    360
     100     546       0       0       0             359        01010000D    361
     100       0       0       1       0                               0D    362
     102     547       0       0       0                        01010500D    363
     102       0       0       1       0                               0D    364
     102     548       0       0       0                        01010000D    365
     102       0       0       1       0                               0D    366
     142     549       0       0       0                        00010500D    367
     142       0       0       1       0                               0D    368
     144     550       0       0       0                        00000000D    369
     144       0      -1       1       0                               0D    370
     128     551       0       0       0                        01010000D    371
     128       0       0       2       0                               0D    372
     126     553       0       0       0                        01010500D    373
     126       0       0       2       0                               0D    374
     110     555       0       0       0                        01010000D    375
     110       0       0       1       0                               0D    376
     126     556       0       0       0                        01010500D    377
     126       0       0       2       0                               0D    378
     110     558       0       0       0                        01010000D    379
     110       0       0       1       0                               0D    380
     126     559       0       0       0                        01010500D    381
     126       0       0       2       0                               0D    382
     110     561       0       0       0                        01010000D    383
     110       0       0       1       0                               0D    384
     126     562       0       0       0                        01010500D    385
     126       0       0       2       0                               0D    386
     110     564       0       0       0                        01010000D    387
     110       0       0       1       0                               0D    388
     102     565       0       0       0                        01010500D    389
     102       0       0       1       0                               0D    390
     102     566       0       0       0                        01010000D    391
     102       0       0       1       0                               0D    392
     142     567       0       0       0                        00010500D    393
     142       0       0       1       0                               0D    394
     144     568       0       0       0                        00000000D    395
     144       0      -1       1       0                               0D    396
     128     569       0       0       0                        01010000D    397
     128       0       0       3       0                               0D    398
     126     572       0       0       0                        01010500D    399
     126       0       0       2       0                               0D    400
     110     574       0       0       0                        01010000D    401
     110       0       0       1       0                               0D    402
     126     575       0       0       0                        01010500D    403
     126       0       0       6       0                               0D    404
     124     581       0       0       0                        00000000D    405
     124       0       0       3       0                               0D    406
     100     584       0       0       0             405        01010000D    407
     100       0       0       1       0                               0D    408
     126     585       0       0       0                        01010500D    409
     126       0       0       2       0                               0D    410
     110     587       0       0       0                        01010000D    411
     110       0       0       1       0                               0D    412
     126     588       0       0       0                        01010500D    413
     126       0       0       6       0                               0D    414
     124     594       0       0       0                        00000000D    415
     124       0       0       3       0                               0D    416
     100     597       0       0       0             415        01010000D    417
     100       0       0       1       0                               0D    418
     126     598       0       0       0                        01010500D    419
     126       0       0       2       0                               0D    420
     110     600       0       0       0                        01010000D    421
     110       0       0       1       0                               0D    422
     126     601       0       0       0                        01010500D    423
     126       0       0       6       0                               0D    424
     124     607       0       0       0                        00000000D    425
     124       0       0       3       0                               0D    426
     100     610       0       0       0             425        01010000D    427
     100       0       0       1       0                               0D    428
     126     611       0       0       0                        01010500D    429
     126       0       0       2       0                               0D    430
     110     613       0       0       0                        01010000D    431
     110       0       0       1       0                               0D    432
     126     614       0       0       0                        01010500D    433
     126       0       0       6       0                               0D    434
     124     620       0       0       0                        00000000D    435
     124       0       0       2       0                               0D    436
     100     622       0       0       0             435        01010000D    437
     100       0       0       1       0                               0D    438
     102     623       0       0       0                        01010500D    439
     102       0       0       1       0                               0D    440
     102     624       0       0       0                        01010000D    441
     102       0       0       1       0                               0D    442
     142     625       0       0       0                        00010500D    443
     142       0       0       1       0                               0D    444
     126     626       0       0       0                        01010500D    445
     126       0       0      20       0                               0D    446
     126     646       0       0       0                        01010000D    447
     126       0       0      10       0                               0D    448
     126     656       0       0       0                        01010500D    449
     126       0       0      10       0                               0D    450
     126     666       0       0       0                        01010000D    451
     126       0       0       5       0                               0D    452
     126     671       0       0       0                        01010500D    453
     126       0       0      20       0                               0D    454
     126     691       0       0       0                        01010000D    455
     126       0       0      12       0                               0D    456
     126     703       0       0       0                        01010500D    457
     126       0       0      10       0                               0D    458
     126     713       0       0       0                        01010000D    459
     126       0       0       5       0                               0D    460
     126     718       0       0       0                        01010500D    461
     126       0       0      20       0                               0D    462
     126     738       0       0       0                        01010000D    463
     126       0       0      10       0                               0D    464
     126     748       0       0       0                        01010500D    465
     126       0       0      10       0                               0D    466
     126     758       0       0       0                        01010000D    467
     126       0       0       4       0                               0D    468
     126     762       0       0       0                        01010500D    469
     126       0       0      20       0                               0D    470
     126     782       0       0       0                        01010000D    471
     126       0       0      13       0                               0D    472
     126     795       0       0       0                        01010500D    473
     126       0       0      10       0                               0D    474
     126     805       0       0       0                        01010000D    475
     126       0       0       5       0                               0D    476
     102     810       0       0       0                        01010500D    477
     102       0       0       1       0                               0D    478
     102     811       0       0       0                        01010000D    479
     102       0       0       1       0                               0D    480
     142     812       0       0       0                        00010500D    481
     142       0       0       1       0                               0D    482
     144     813       0       0       0                        00000000D    483
     144       0      -1       1       0                               0D    484
     128     814       0       0       0                        01010000D    485
     128       0       0       3       0                               0D    486
     126     817       0       0       0                        01010500D    487
     126       0       0       2       0                               0D    488
     110     819       0       0       0                        01010000D    489
     110       0       0       1       0                               0D    490
     126     820       0       0       0                        01010500D    491
     126       0       0      11       0                               0D    492
     124     831       0       0       0                        00000000D    493
     124       0       0       2       0                               0D    494
     100     833       0       0       0             493        01010000D    495
     100       0       0       1       0                               0D    496
     126     834       0       0       0                        01010500D    497
     126       0       0       2       0                               0D    498
     110     836       0       0       0                        01010000D    499
     110       0       0       1       0                               0D    500
     126     837       0       0       0                        01010500D    501
     126       0       0      11       0                               0D    502
     124     848       0       0       0                        00000000D    503
     124       0       0       3       0                               0D    504
     100     851       0       0       0             503        01010000D    505
     100       0       0       1       0                               0D    506
     126     852       0       0       0                        01010500D    507
     126       0       0       2       0                               0D    508
     110     854       0       0       0                        01010000D    509
     110       0       0       1       0                               0D    510
     126     855       0       0       0                        01010500D    511
     126       0       0      11       0                               0D    512
     124     866       0       0       0                        00000000D    513
     124       0       0       3       0                               0D    514
     100     869       0       0       0             513        01010000D    515
     100       0       0       1       0                               0D    516
     126     870       0       0       0                        01010500D    517
     126       0       0       2       0                               0D    518
     110     872       0       0       0                        01010000D    519
     110       0       0       1       0                               0D    520
     126     873       0       0       0                        01010500D    521
     126       0       0      11       0                               0D    522
     124     884       0       0       0                        00000000D    523
     124       0       0       3       0                               0D    524
     100     887       0       0       0             523        01010000D    525
     100       0       0       1       0                               0D    526
     102     888       0       0       0                        01010500D    527
     102       0       0       1       0                               0D    528
     102     889       0       0       0                        01010000D    529
     102       0       0       1       0                               0D    530
     142     890       0       0       0                        00010500D    531
     142       0       0       1       0                               0D    532
     126     891       0       0       0                        01010500D    533
     126       0       0       2       0                               0D    534
     110     893       0       0       0                        01010000D    535
     110       0       0       1       0                               0D    536
     126     894       0       0       0                        01010500D    537
     126       0       0      11       0                               0D    538
     124     905       0       0       0                        00000000D    539
     124       0       0       2       0                               0D    540
     100     907       0       0       0             539        01010000D    541
     100       0       0       1       0                               0D    542
     126     908       0       0       0                        01010500D    543
     126       0       0       2       0                               0D    544
     110     910       0       0       0                        01010000D    545
     110       0       0       1       0                               0D    546
     126     911       0       0       0                        01010500D    547
     126       0       0      11       0                               0D    548
     124     922       0       0       0                        00000000D    549
     124       0       0       3       0                               0D    550
     100     925       0       0       0             549        01010000D    551
     100       0       0       1       0                               0D    552
     126     926       0       0       0                        01010500D    553
     126       0       0       2       0                               0D    554
     110     928       0       0       0                        01010000D    555
     110       0       0       1       0                               0D    556
     126     929       0       0       0                        01010500D    557
     126       0       0      11       0                               0D    558
     124     940       0       0       0                        00000000D    559
     124       0       0       3       0                               0D    560
     100     943       0       0       0             559        01010000D    561
     100       0       0       1       0                               0D    562
     126     944       0       0       0                        01010500D    563
     126       0       0       2       0                               0D    564
     110     946       0       0       0                        01010000D    565
     110       0       0       1       0                               0D    566
     126     947       0       0       0                        01010500D    567
     126       0       0      11       0                               0D    568
     124     958       0       0       0                        00000000D    569
     124       0       0       3       0                               0D    570
     100     961       0       0       0             569        01010000D    571
     100       0       0       1       0                               0D    572
     102     962       0       0       0                        01010500D    573
     102       0       0       1       0                               0D    574
     102     963       0       0       0                        01010000D    575
     102       0       0       1       0                               0D    576
     142     964       0       0       0                        00010500D    577
     142       0       0       1       0                               0D    578
     144     965       0       0       0                        00000000D    579
     144       0      -1       1       0                               0D    580
     128     966       0       0       0                        01010000D    581
     128       0       0       4       0                               0D    582
     126     970       0       0       0                        01010500D    583
     126       0       0      22       0                               0D    584
     124     992       0       0       0                        00000000D    585
     124       0       0       2       0                               0D    586
     100     994       0       0       0             585        01010000D    587
     100       0       0       1       0                               0D    588
     126     995       0       0       0                        01010500D    589
     126       0       0      21       0                               0D    590
     124    1016       0       0       0                        00000000D    591
     124       0       0       3       0                               0D    592
     100    1019       0       0       0             591        01010000D    593
     100       0       0       1       0                               0D    594
     102    1020       0       0       0                        01010500D    595
     102       0       0       1       0                               0D    596
     102    1021       0       0       0                        01010000D    597
     102       0       0       1       0                               0D    598
     142    1022       0       0       0                        00010500D    599
     142       0       0       1       0                               0D    600
     144    1023       0       0       0                        00000000D    601
     144       0      -1       1       0                               0D    602
     128    1024       0       0       0                        01010000D    603
     128       0       0      69       0                               0D    604
     126    1093       0       0       0                        01010500D    605
     126       0       0       4       0                               0D    606
     126    1097       0       0       0                        01010000D    607
     126       0       0      16       0                               0D    608
     126    1113       0       0       0                        01010500D    609
     126       0       0       3       0                               0D    610
     126    1116       0       0       0                        01010000D    611
     126       0       0       9       0                               0D    612
     126    1125       0       0       0                        01010500D    613
     126       0       0      12       0                               0D    614
     126    1137       0       0       0                        01010000D    615
     126       0       0       6       0                               0D    616
     126    1143       0       0       0                        01010500D    617
     126       0       0       3       0                               0D    618
     126    1146       0       0       0                        01010000D    619
     126       0       0       9       0                               0D    620
     126    1155       0       0       0                        01010500D    621
     126       0       0      11       0                               0D    622
     126    1166       0       0       0                        01010000D    623
     126       0       0      30       0                               0D    624
     126    1196       0       0       0                        01010500D    625
     126       0       0       8       0                               0D    626
     126    1204       0       0       0                        01010000D    627
     126       0       0       9       0                               0D    628
     126    1213       0       0       0                        01010500D    629
     126       0       0      12       0                               0D    630
     126    1225       0       0       0                        01010000D    631
     126       0       0       6       0                               0D    632
     126    1231       0       0       0                        01010500D    633
     126       0       0       3       0                               0D    634
     126    1234       0       0       0                        01010000D    635
     126       0       0       9       0                               0D    636
     126    1243       0       0       0                        01010500D    637
     126       0       0       6       0                               0D    638
     126    1249       0       0       0                        01010000D    639
     126       0       0      15       0                               0D    640
     126    1264       0       0       0                        01010500D    641
     126       0       0       2       0                               0D    642
     126    1266       0       0       0                        01010000D    643
     126       0       0       4       0                               0D    644
     126    1270       0       0       0                        01010500D    645
     126       0       0       2       0                               0D    646
     124    1272       0       0       0                        00000000D    647
     124       0       0       2       0                               0D    648
     100    1274       0       0       0             647        01010000D    649
     100       0       0       1       0                               0D    650
     126    1275       0       0       0                        01010500D    651
     126       0       0       2       0                               0D    652
     126    1277       0       0       0                        01010000D    653
     126       0       0       5       0                               0D    654
     102    1282       0       0       0                        01010500D    655
     102       0       0       1       0                               0D    656
     102    1283       0       0       0                        01010000D    657
     102       0       0       1       0                               0D    658
     142    1284       0       0       0                        00010500D    659
     142       0       0       1       0                               0D    660
     144    1285       0       0       0                        00000000D    661
     144       0      -1       1       0                               0D    662
     128    1286       0       0       0                        01010000D    663
     128       0       0     113       0                               0D    664
     126    1399       0       0       0                        01010500D    665
     126       0       0       2       0                               0D    666
     124    1401       0       0       0                        00000000D    667
     124       0       0       3       0                               0D    668
     100    1404       0       0       0             667        01010000D    669
     100       0       0       1       0                               0D    670
     126    1405       0       0       0                        01010500D    671
     126       0       0       2       0                               0D    672
     124    1407       0       0       0                        00000000D    673
     124       0       0       3       0                               0D    674
     100    1410       0       0       0             673        01010000D    675
     100       0       0       1       0                               0D    676
     126    1411       0       0       0                        01010500D    677
     126       0       0       2       0                               0D    678
     100    1413       0       0       0                        01010000D    679
     100       0       0       1       0                               0D    680
     126    1414       0       0       0                        01010500D    681
     126       0       0       2       0                               0D    682
     124    1416       0       0       0                        00000000D    683
     124       0       0       2       0                               0D    684
     100    1418       0       0       0             683        01010000D    685
     100       0       0       1       0                               0D    686
     102    1419       0       0       0                        01010500D    687
     102       0       0       1       0                               0D    688
     102    1420       0       0       0                        01010000D    689
     102       0       0       1       0                               0D    690
     142    1421       0       0       0                        00010500D    691
     142       0       0       1       0                               0D    692
     144    1422       0       0       0                        00000000D    693
     144       0      -1       1       0                               0D    694
     110    1423       0       0       0                        01010000D    695
     110       0       0       1       0                               0D    696
     110    1424       0       0       0                        01010000D    697
     110       0       0       1       0                               0D    698
     120    1425       0       0       0                        01010000D    699
     120       0       0       1       0                               0D    700
     126    1426       0       0       0                        01010500D    701
     126       0       0       2       0                               0D    702
     124    1428       0       0       0                        00000000D    703
     124       0       0       3       0                               0D    704
     100    1431       0       0       0             703        01010000D    705
     100       0       0       1       0                               0D    706
     126    1432       0       0       0                        01010500D    707
     126       0       0       2       0                               0D    708
     110    1434       0       0       0                        01010000D    709
     110       0       0       1       0                               0D    710
     126    1435       0       0       0                        01010500D    711
     126       0       0       2       0                               0D    712
     100    1437       0       0       0                        01010000D    713
     100       0       0       1       0                               0D    714
     126    1438       0       0       0                        01010500D    715
     126       0       0       2       0                               0D    716
     110    1440       0       0       0                        01010000D    717
     110       0       0       1       0                               0D    718
     102    1441       0       0       0                        01010500D    719
     102       0       0       1       0                               0D    720
     102    1442       0       0       0                        01010000D    721
     102       0       0       1       0                               0D    722
     142    1443       0       0       0                        00010500D    723
     142       0       0       1       0                               0D    724
     144    1444       0       0       0                        00000000D    725
     144       0      -1       1       0                               0D    726
     110    1445       0       0       0                        01010000D    727
     110       0       0       1       0                               0D    728
     110    1446       0       0       0                        01010000D    729
     110       0       0       1       0                               0D    730
     120    1447       0       0       0                        01010000D    731
     120       0       0       1       0                               0D    732
     126    1448       0       0       0                        01010500D    733
     126       0       0       2       0                               0D    734
     124    1450       0       0       0                        00000000D    735
     124       0       0       2       0                               0D    736
     100    1452       0       0       0             735        01010000D    737
     100       0       0       1       0                               0D    738
     126    1453       0       0       0                        01010500D    739
     126       0       0       2       0                               0D    740
     110    1455       0       0       0                        01010000D    741
     110       0       0       1       0                               0D    742
     126    1456       0       0       0                        01010500D    743
     126       0       0       2       0                               0D    744
     124    1458       0       0       0                        00000000D    745
     124       0       0       3       0                               0D    746
     100    1461       0       0       0             745        01010000D    747
     100       0       0       1       0                               0D    748
     126    1462       0       0       0                        01010500D    749
     126       0       0       2       0                               0D    750
     110    1464       0       0       0                        01010000D    751
     110       0       0       1       0                               0D    752
     102    1465       0       0       0                        01010500D    753
     102       0       0       1       0                               0D    754
     102    1466       0       0       0                        01010000D    755
     102       0       0       1       0                               0D    756
     142    1467       0       0       0                        00010500D    757
     142       0       0       1       0                               0D    758
     144    1468       0       0       0                        00000000D    759
     144       0      -1       1       0                               0D    760
     128    1469       0       0       0                        01010000D    761
     128       0       0     117       0                               0D    762
     126    1586       0       0       0                        01010500D    763
     126       0       0       2       0                               0D    764
     124    1588       0       0       0                        00000000D    765
     124       0       0       3       0                               0D    766
     100    1591       0       0       0             765        01010000D    767
     100       0       0       1       0                               0D    768
     126    1592       0       0       0                        01010500D    769
     126       0       0       2       0                               0D    770
     124    1594       0       0       0                        00000000D    771
     124       0       0       2       0                               0D    772
     100    1596       0       0       0             771        01010000D    773
     100       0       0       1       0                               0D    774
     126    1597       0       0       0                        01010500D    775
     126       0       0       2       0                               0D    776
     124    1599       0       0       0                        00000000D    777
     124       0       0       2       0                               0D    778
     100    1601       0       0       0             777        01010000D    779
     100       0       0       1       0                               0D    780
     126    1602       0       0       0                        01010500D    781
     126       0       0       2       0                               0D    782
     124    1604       0       0       0                        00000000D    783
     124       0       0       3       0                               0D    784
     100    1607       0       0       0             783        01010000D    785
     100       0       0       1       0                               0D    786
     102    1608       0       0       0                        01010500D    787
     102       0       0       1       0                               0D    788
     102    1609       0       0       0                        01010000D    789
     102       0       0       1       0                               0D    790
     142    1610       0       0       0                        00010500D    791
     142       0       0       1       0                               0D    792
     144    1611       0       0       0                        00000000D    793
     144       0      -1       1       0                               0D    794
     128    1612       0       0       0                        01010000D    795
     128       0       0     118       0                               0D    796
     126    1730       0       0       0                        01010500D    797
     126       0       0       2       0                               0D    798
     124    1732       0       0       0                        00000000D    799
     124       0       0       2       0                               0D    800
     100    1734       0       0       0             799        01010000D    801
     100       0       0       1       0                               0D    802
     126    1735       0       0       0                        01010500D    803
     126       0       0       2       0                               0D    804
     124    1737       0       0       0                        00000000D    805
     124       0       0       3       0                               0D    806
     100    1740       0       0       0             805        01010000D    807
     100       0       0       1       0                               0D    808
     126    1741       0       0       0                        01010500D    809
     126       0       0       2       0                               0D    810
     100    1743       0       0       0                        01010000D    811
     100       0       0       1       0                               0D    812
     126    1744       0       0       0                        01010500D    813
     126       0       0       2       0                               0D    814
     124    1746       0       0       0                        00000000D    815
     124       0       0       3       0                               0D    816
     100    1749       0       0       0             815        01010000D    817
     100       0       0       1       0                               0D    818
     102    1750       0       0       0                        01010500D    819
     102       0       0       1       0                               0D    820
     102    1751       0       0       0                        01010000D    821
     102       0       0       1       0                               0D    822
     142    1752       0       0       0                        00010500D    823
     142       0       0       1       0                               0D    824
     144    1753       0       0       0                        00000000D    825
     144       0      -1       1       0                               0D    826
     110    1754       0       0       0                        01010000D    827
     110       0       0       1       0                               0D    828
     110    1755       0       0       0                        01010000D    829
     110       0       0       1       0                               0D    830
     120    1756       0       0       0                        01010000D    831
     120       0       0       1       0                               0D    832
     126    1757       0       0       0                        01010500D    833
     126       0       0       2       0                               0D    834
     124    1759       0       0       0                        00000000D    835
     124       0       0       3       0                               0D    836
     100    1762       0       0       0             835        01010000D    837
     100       0       0       1       0                               0D    838
     126    1763       0       0       0                        01010500D    839
     126       0       0       2       0                               0D    840
     110    1765       0       0       0                        01010000D    841
     110       0       0       1       0                               0D    842
     126    1766       0       0       0                        01010500D    843
     126       0       0       2       0                               0D    844
     124    1768       0       0       0                        00000000D    845
     124       0       0       2       0                               0D    846
     100    1770       0       0       0             845        01010000D    847
     100       0       0       1       0                               0D    848
     126    1771       0       0       0                        01010500D    849
     126       0       0       2       0                               0D    850
     110    1773       0       0       0                        01010000D    851
     110       0       0       1       0                               0D    852
     102    1774       0       0       0                        01010500D    853
     102       0       0       1       0                               0D    854
     102    1775       0       0       0                        01010000D    855
     102       0       0       1       0                               0D    856
     142    1776       0       0       0                        00010500D    857
     142       0       0       1       0                               0D    858
     144    1777       0       0       0                        00000000D    859
     144       0      -1       1       0                               0D    860
     110    1778       0       0       0                        01010000D    861
     110       0       0       1       0                               0D    862
     110    1779       0       0       0                        01010000D    863
     110       0       0       1       0                               0D    864
     120    1780       0       0       0                        01010000D    865
     120       0       0       1       0                               0D    866
     126    1781       0       0       0                        01010500D    867
     126       0       0       2       0                               0D    868
     124    1783       0       0       0                        00000000D    869
     124       0       0       4       0                               0D    870
     100    1787       0       0       0             869        01010000D    871
     100       0       0       1       0                               0D    872
     126    1788       0       0       0                        01010500D    873
     126       0       0       2       0                               0D    874
     110    1790       0       0       0                        01010000D    875
     110       0       0       1       0                               0D    876
     126    1791       0       0       0                        01010500D    877
     126       0       0       2       0                               0D    878
     100    1793       0       0       0                        01010000D    879
     100       0       0       1       0                               0D    880
     126    1794       0       0       0                        01010500D    881
     126       0       0       2       0                               0D    882
     110    1796       0       0       0                        01010000D    883
     110       0       0       1       0                               0D    884
     102    1797       0       0       0                        01010500D    885
     102       0       0       1       0                               0D    886
     102    1798       0       0       0                        01010000D    887
     102       0       0       1       0                               0D    888
     142    1799       0       0       0                        00010500D    889
     142       0       0       1       0                               0D    890
     144    1800       0       0       0                        00000000D    891
     144       0      -1       1       0                               0D    892
     128    1801       0       0       0                        01010000D    893
     128       0       0     125       0                               0D    894
     126    1926       0       0       0                        01010500D    895
     126       0       0       2       0                               0D    896
     124    1928       0       0       0                        00000000D    897
     124       0       0       3       0                               0D    898
     100    1931       0       0       0             897        01010000D    899
     100       0       0       1       0                               0D    900
     126    1932       0       0       0                        01010500D    901
     126       0       0       2       0                               0D    902
     124    1934       0       0       0                        00000000D    903
     124       0       0       3       0                               0D    904
     100    1937       0       0       0             903        01010000D    905
     100       0       0       1       0                               0D    906
     126    1938       0       0       0                        01010500D    907
     126       0       0       2       0                               0D    908
     124    1940       0       0       0                        00000000D    909
     124       0       0       5       0                               0D    910
     100    1945       0       0       0             909        01010000D    911
     100       0       0       1       0                               0D    912
     126    1946       0       0       0                        01010500D    913
     126       0       0       2       0                               0D    914
     124    1948       0       0       0                        00000000D    915
     124       0       0       3       0                               0D    916
     100    1951       0       0       0             915        01010000D    917
     100       0       0       1       0                               0D    918
     102    1952       0       0       0                        01010500D    919
     102       0       0       1       0                               0D    920
     102    1953       0       0       0                        01010000D    921
     102       0       0       1       0                               0D    922
     142    1954       0       0       0                        00010500D    923
     142       0       0       1       0                               0D    924
     144    1955       0       0       0                        00000000D    925
     144       0      -1       1       0                               0D    926
     128    1956       0       0       0                        01010000D    927
     128       0       0      58       0                               0D    928
     126    2014       0       0       0                        01010500D    929
     126       0       0       2       0                               0D    930
     124    2016       0       0       0                        00000000D    931
     124       0       0       4       0                               0D    932
     100    2020       0       0       0             931        01010000D    933
     100       0       0       1       0                               0D    934
     126    2021       0       0       0                        01010500D    935
     126       0       0       2       0                               0D    936
     126    2023       0       0       0                        01010000D    937
     126       0       0       5       0                               0D    938
     126    2028       0       0       0                        01010500D    939
     126       0       0       2       0                               0D    940
     124    2030       0       0       0                        00000000D    941
     124       0       0       4       0                               0D    942
     100    2034       0       0       0             941        01010000D    943
     100       0       0       2       0                               0D    944
     126    2036       0       0       0                        01010500D    945
     126       0       0       2       0                               0D    946
     126    2038       0       0       0                        01010000D    947
     126       0       0      27       0                               0D    948
     102    2065       0       0       0                        01010500D    949
     102       0       0       1       0                               0D    950
     102    2066       0       0       0                        01010000D    951
     102       0       0       1       0                               0D    952
     142    2067       0       0       0                        00010500D    953
     142       0       0       1       0                               0D    954
     144    2068       0       0       0                        00000000D    955
     144       0      -1       1       0                               0D    956
     128    2069       0       0       0                        01010000D    957
     128       0       0     110       0                               0D    958
     126    2179       0       0       0                        01010500D    959
     126       0       0       2       0                               0D    960
     124    2181       0       0       0                        00000000D    961
     124       0       0       4       0                               0D    962
     100    2185       0       0       0             961        01010000D    963
     100       0       0       2       0                               0D    964
     126    2187       0       0       0                        01010500D    965
     126       0       0       2       0                               0D    966
     126    2189       0       0       0                        01010000D    967
     126       0       0      10       0                               0D    968
     126    2199       0       0       0                        01010500D    969
     126       0       0       2       0                               0D    970
     124    2201       0       0       0                        00000000D    971
     124       0       0       4       0                               0D    972
     100    2205       0       0       0             971        01010000D    973
     100       0       0       2       0                               0D    974
     126    2207       0       0       0                        01010500D    975
     126       0       0       2       0                               0D    976
     126    2209       0       0       0                        01010000D    977
     126       0       0       9       0                               0D    978
     126    2218       0       0       0                        01010500D    979
     126       0       0       2       0                               0D    980
     126    2220       0       0       0                        01010000D    981
     126       0       0      15       0                               0D    982
     126    2235       0       0       0                        01010500D    983
     126       0       0       2       0                               0D    984
     126    2237       0       0       0                        01010000D    985
     126       0       0      15       0                               0D    986
     126    2252       0       0       0                        01010500D    987
     126       0       0       2       0                               0D    988
     126    2254       0       0       0                        01010000D    989
     126       0       0       9       0                               0D    990
     102    2263       0       0       0                        01010500D    991
     102       0       0       1       0                               0D    992
     102    2264       0       0       0                        01010000D    993
     102       0       0       1       0                               0D    994
     142    2265       0       0       0                        00010500D    995
     142       0       0       1       0                               0D    996
     144    2266       0       0       0                        00000000D    997
     144       0      -1       1       0                               0D    998
     128    2267       0       0       0                        01010000D    999
     128       0       0     126       0                               0D   1000
     126    2393       0       0       0                        01010500D   1001
     126       0       0       2       0                               0D   1002
     126    2395       0       0       0                        01010000D   1003
     126       0       0      27       0                               0D   1004
     126    2422       0       0       0                        01010500D   1005
     126       0       0       2       0                               0D   1006
     126    2424       0       0       0                        01010000D   1007
     126       0       0       9       0                               0D   1008
     126    2433       0       0       0                        01010500D   1009
     126       0       0       2       0                               0D   1010
     124    2435       0       0       0                        00000000D   1011
     124       0       0       4       0                               0D   1012
     100    2439       0       0       0            1011        01010000D   1013
     100       0       0       1       0                               0D   1014
     126    2440       0       0       0                        01010500D   1015
     126       0       0       2       0                               0D   1016
     126    2442       0       0       0                        01010000D   1017
     126       0       0      13       0                               0D   1018
     126    2455       0       0       0                        01010500D   1019
     126       0       0       2       0                               0D   1020
     124    2457       0       0       0                        00000000D   1021
     124       0       0       4       0                               0D   1022
     100    2461       0       0       0            1021        01010000D   1023
     100       0       0       1       0                               0D   1024
     126    2462       0       0       0                        01010500D   1025
     126       0       0       2       0                               0D   1026
     126    2464       0       0       0                        01010000D   1027
     126       0       0       9       0                               0D   1028
     102    2473       0       0       0                        01010500D   1029
     102       0       0       1       0                               0D   1030
     102    2474       0       0       0                        01010000D   1031
     102       0       0       1       0                               0D   1032
     142    2475       0       0       0                        00010500D   1033
     142       0       0       1       0                               0D   1034
     144    2476       0       0       0                        00000000D   1035
     144       0      -1       1       0                               0D   1036
     128    2477       0       0       0                        01010000D   1037
     128       0       0      75       0                               0D   1038
     126    2552       0       0       0                        01010500D   1039
     126       0       0       2       0                               0D   1040
     124    2554       0       0       0                        00000000D   1041
     124       0       0       4       0                               0D   1042
     100    2558       0       0       0            1041        01010000D   1043
     100       0       0       2       0                               0D   1044
     126    2560       0       0       0                        01010500D   1045
     126       0       0       2       0                               0D   1046
     126    2562       0       0       0                        01010000D   1047
     126       0       0       5       0                               0D   1048
     126    2567       0       0       0                        01010500D   1049
     126       0       0       2       0                               0D   1050
     124    2569       0       0       0                        00000000D   1051
     124       0       0       4       0                               0D   1052
     100    2573       0       0       0            1051        01010000D   1053
     100       0       0       2       0                               0D   1054
     126    2575       0       0       0                        01010500D   1055
     126       0       0       2       0                               0D   1056
     126    2577       0       0       0                        01010000D   1057
     126       0       0       6       0                               0D   1058
     102    2583       0       0       0                        01010500D   1059
     102       0       0       1       0                               0D   1060
     102    2584       0       0       0                        01010000D   1061
     102       0       0       1       0                               0D   1062
     142    2585       0       0       0                        00010500D   1063
     142       0       0       1       0                               0D   1064
     144    2586       0       0       0                        00000000D   1065
     144       0      -1       1       0                               0D   1066
     128    2587       0       0       0                        01010000D   1067
     128       0       0      72       0                               0D   1068
     126    2659       0       0       0                        01010500D   1069
     126       0       0       2       0                               0D   1070
     124    2661       0       0       0                        00000000D   1071
     124       0       0       4       0                               0D   1072
     100    2665       0       0       0            1071        01010000D   1073
     100       0       0       1       0                               0D   1074
     126    2666       0       0       0                        01010500D   1075
     126       0       0       2       0                               0D   1076
     126    2668       0       0       0                        01010000D   1077
     126       0       0      27       0                               0D   1078
     126    2695       0       0       0                        01010500D   1079
     126       0       0       2       0                               0D   1080
     124    2697       0       0       0                        00000000D   1081
     124       0       0       4       0                               0D   1082
     100    2701       0       0       0            1081        01010000D   1083
     100       0       0       2       0                               0D   1084
     126    2703       0       0       0                        01010500D   1085
     126       0       0       2       0                               0D   1086
     126    2705       0       0       0                        01010000D   1087
     126       0       0       5       0                               0D   1088
     102    2710       0       0       0                        01010500D   1089
     102       0       0       1       0                               0D   1090
     102    2711       0       0       0                        01010000D   1091
     102       0       0       1       0                               0D   1092
     142    2712       0       0       0                        00010500D   1093
     142       0       0       1       0                               0D   1094
     144    2713       0       0       0                        00000000D   1095
     144       0      -1       1       0                               0D   1096
     128    2714       0       0       0                        01010000D   1097
     128       0       0     125       0                               0D   1098
     126    2839       0       0       0                        01010500D   1099
     126       0       0       2       0                               0D   1100
     124    2841       0       0       0                        00000000D   1101
     124       0       0       4       0                               0D   1102
     100    2845       0       0       0            1101        01010000D   1103
     100       0       0       2       0                               0D   1104
     126    2847       0       0       0                        01010500D   1105
     126       0       0       2       0                               0D   1106
     126    2849       0       0       0                        01010000D   1107
     126       0       0      12       0                               0D   1108
     126    2861       0       0       0                        01010500D   1109
     126       0       0       2       0                               0D   1110
     124    2863       0       0       0                        00000000D   1111
     124       0       0       4       0                               0D   1112
     100    2867       0       0       0            1111        01010000D   1113
     100       0       0       1       0                               0D   1114
     126    2868       0       0       0                        01010500D   1115
     126       0       0       2       0                               0D   1116
     126    2870       0       0       0                        01010000D   1117
     126       0       0       9       0                               0D   1118
     126    2879       0       0       0                        01010500D   1119
     126       0       0       2       0                               0D   1120
     126    2881       0       0       0                        01010000D   1121
     126       0       0      30       0                               0D   1122
     126    2911       0       0       0                        01010500D   1123
     126       0       0       2       0                               0D   1124
     126    2913       0       0       0                        01010000D   1125
     126       0       0       9       0                               0D   1126
     102    2922       0       0       0                        01010500D   1127
     102       0       0       1       0                               0D   1128
     102    2923       0       0       0                        01010000D   1129
     102       0       0       1       0                               0D   1130
     142    2924       0       0       0                        00010500D   1131
     142       0       0       1       0                               0D   1132
     144    2925       0       0       0                        00000000D   1133
     144       0      -1       1       0                               0D   1134
     128    2926       0       0       0                        01010000D   1135
     128       0       0     118       0                               0D   1136
     126    3044       0       0       0                        01010500D   1137
     126       0       0       2       0                               0D   1138
     126    3046       0       0       0                        01010000D   1139
     126       0       0      16       0                               0D   1140
     126    3062       0       0       0                        01010500D   1141
     126       0       0       2       0                               0D   1142
     126    3064       0       0       0                        01010000D   1143
     126       0       0       9       0                               0D   1144
     126    3073       0       0       0                        01010500D   1145
     126       0       0       2       0                               0D   1146
     124    3075       0       0       0                        00000000D   1147
     124       0       0       4       0                               0D   1148
     100    3079       0       0       0            1147        01010000D   1149
     100       0       0       2       0                               0D   1150
     126    3081       0       0       0                        01010500D   1151
     126       0       0       2       0                               0D   1152
     126    3083       0       0       0                        01010000D   1153
     126       0       0      10       0                               0D   1154
     126    3093       0       0       0                        01010500D   1155
     126       0       0       2       0                               0D   1156
     124    3095       0       0       0                        00000000D   1157
     124       0       0       4       0                               0D   1158
     100    3099       0       0       0            1157        01010000D   1159
     100       0       0       2       0                               0D   1160
     126    3101       0       0       0                        01010500D   1161
     126       0       0       2       0                               0D   1162
     126    3103       0       0       0                        01010000D   1163
     126       0       0       9       0                               0D   1164
     126    3112       0       0       0                        01010500D   1165
     126       0       0       2       0                               0D   1166
     126    3114       0       0       0                        01010000D   1167
     126       0       0      15       0                               0D   1168
     102    3129       0       0       0                        01010500D   1169
     102       0       0       1       0                               0D   1170
     102    3130       0       0       0                        01010000D   1171
     102       0       0       1       0                               0D   1172
     142    3131       0       0       0                        00010500D   1173
     142       0       0       1       0                               0D   1174
     144    3132       0       0       0                        00000000D   1175
     144       0      -1       1       0                               0D   1176
     128    3133       0       0       0                        01010000D   1177
     128       0       0      59       0                               0D   1178
     126    3192       0       0       0                        01010500D   1179
     126       0       0       2       0                               0D   1180
     124    3194       0       0       0                        00000000D   1181
     124       0       0       4       0                               0D   1182
     100    3198       0       0       0            1181        01010000D   1183
     100       0       0       1       0                               0D   1184
     126    3199       0       0       0                        01010500D   1185
     126       0       0       2       0                               0D   1186
     126    3201       0       0       0                        01010000D   1187
     126       0       0       5       0                               0D   1188
     126    3206       0       0       0                        01010500D   1189
     126       0       0       2       0                               0D   1190
     124    3208       0       0       0                        00000000D   1191
     124       0       0       4       0                               0D   1192
     100    3212       0       0       0            1191        01010000D   1193
     100       0       0       2       0                               0D   1194
     126    3214       0       0       0                        01010500D   1195
     126       0       0       2       0                               0D   1196
     126    3216       0       0       0                        01010000D   1197
     126       0       0       6       0                               0D   1198
     102    3222       0       0       0                        01010500D   1199
     102       0       0       1       0                               0D   1200
     102    3223       0       0       0                        01010000D   1201
     102       0       0       1       0                               0D   1202
     142    3224       0       0       0                        00010500D   1203
     142       0       0       1       0                               0D   1204
     144    3225       0       0       0                        00000000D   1205
     144       0      -1       1       0                               0D   1206
     128    3226       0       0       0                        01010000D   1207
     128       0       0       2       0                               0D   1208
     126    3228       0       0       0                        01010500D   1209
     126       0       0       2       0                               0D   1210
     110    3230       0       0       0                        01010000D   1211
     110       0       0       1       0                               0D   1212
     126    3231       0       0       0                        01010500D   1213
     126       0       0       2       0                               0D   1214
     110    3233       0       0       0                        01010000D   1215
     110       0       0       1       0                               0D   1216
     126    3234       0       0       0                        01010500D   1217
     126       0       0       2       0                               0D   1218
     110    3236       0       0       0                        01010000D   1219
     110       0       0       1       0                               0D   1220
     126    3237       0       0       0                        01010500D   1221
     126       0       0       2       0                               0D   1222
     110    3239       0       0       0                        01010000D   1223
     110       0       0       1       0                               0D   1224
     102    3240       0       0       0                        01010500D   1225
     102       0       0       1       0                               0D   1226
     102    3241       0       0       0                        01010000D   1227
     102       0       0       1       0                               0D   1228
     142    3242       0       0       0                        00010500D   1229
     142       0       0       1       0                               0D   1230
     144    3243       0       0       0                        00000000D   1231
     144       0      -1       1       0                               0D   1232
     110    3244       0       0       0                        01010000D   1233
     110       0       0       1       0                               0D   1234
     110    3245       0       0       0                        01010000D   1235
     110       0       0       1       0                               0D   1236
     120    3246       0       0       0                        01010000D   1237
     120       0       0       1       0                               0D   1238
     126    3247       0       0       0                        01010500D   1239
     126       0       0       2       0                               0D   1240
     124    3249       0       0       0                        00000000D   1241
     124       0       0       3       0                               0D   1242
     100    3252       0       0       0            1241        01010000D   1243
     100       0       0       1       0                               0D   1244
     126    3253       0       0       0                        01010500D   1245
     126       0       0       2       0                               0D   1246
     110    3255       0       0       0                        01010000D   1247
     110       0       0       1       0                               0D   1248
     126    3256       0       0       0                        01010500D   1249
     126       0       0       2       0                               0D   1250
     124    3258       0       0       0                        00000000D   1251
     124       0       0       2       0                               0D   1252
     100    3260       0       0       0            1251        01010000D   1253
     100       0       0       1       0                               0D   1254
     126    3261       0       0       0                        01010500D   1255
     126       0       0       2       0                               0D   1256
     110    3263       0       0       0                        01010000D   1257
     110       0       0       1       0                               0D   1258
     102    3264       0       0       0                        01010500D   1259
     102       0       0       1       0                               0D   1260
     102    3265       0       0       0                        01010000D   1261
     102       0       0       1       0                               0D   1262
     142    3266       0       0       0                        00010500D   1263
     142       0       0       1       0                               0D   1264
     144    3267       0       0       0                        00000000D   1265
     144       0      -1       1       0                               0D   1266
     128    3268       0       0       0                        01010000D   1267
     128       0       0       3       0                               0D   1268
     126    3271       0       0       0                        01010500D   1269
     126       0       0       2       0                               0D   1270
     110    3273       0       0       0                        01010000D   1271
     110       0       0       1       0                               0D   1272
     126    3274       0       0       0                        01010500D   1273
     126       0       0       2       0                               0D   1274
     110    3276       0       0       0                        01010000D   1275
     110       0       0       1       0                               0D   1276
     126    3277       0       0       0                        01010500D   1277
     126       0       0       2       0                               0D   1278
     110    3279       0       0       0                        01010000D   1279
     110       0       0       1       0                               0D   1280
     126    3280       0       0       0                        01010500D   1281
     126       0       0       2       0                               0D   1282
     110    3282       0       0       0                        01010000D   1283
     110       0       0       1       0                               0D   1284
     102    3283       0       0       0                        01010500D   1285
     102       0       0       1       0                               0D   1286
     102    3284       0       0       0                        01010000D   1287
     102       0       0       1       0                               0D   1288
     142    3285       0       0       0                        00010500D   1289
     142       0       0       1       0                               0D   1290
     144    3286       0       0       0                        00000000D   1291
     144       0      -1       1       0                               0D   1292
     110    3287       0       0       0                        01010000D   1293
     110       0       0       1       0                               0D   1294
     110    3288       0       0       0                        01010000D   1295
     110       0       0       1       0                               0D   1296
     120    3289       0       0       0                        01010000D   1297
     120       0       0       1       0                               0D   1298
     126    3290       0       0       0                        01010500D   1299
     126       0       0       2       0                               0D   1300
     124    3292       0       0       0                        00000000D   1301
     124       0       0       2       0                               0D   1302
     100    3294       0       0       0            1301        01010000D   1303
     100       0       0       1       0                               0D   1304
     126    3295       0       0       0                        01010500D   1305
     126       0       0       2       0                               0D   1306
     110    3297       0       0       0                        01010000D   1307
     110       0       0       1       0                               0D   1308
     126    3298       0       0       0                        01010500D   1309
     126       0       0       2       0                               0D   1310
     124    3300       0       0       0                        00000000D   1311
     124       0       0       4       0                               0D   1312
     100    3304       0       0       0            1311        01010000D   1313
     100       0       0       1       0                               0D   1314
     126    3305       0       0       0                        01010500D   1315
     126       0       0       2       0                               0D   1316
     110    3307       0       0       0                        01010000D   1317
     110       0       0       1       0                               0D   1318
     102    3308       0       0       0                        01010500D   1319
     102       0       0       1       0                               0D   1320
     102    3309       0       0       0                        01010000D   1321
     102       0       0       1       0                               0D   1322
     142    3310       0       0       0                        00010500D   1323
     142       0       0       1       0                               0D   1324
     144    3311       0       0       0                        00000000D   1325
     144       0      -1       1       0                               0D   1326
     128    3312       0       0       0                        01010000D   1327
     128       0       0       2       0                               0D   1328
     126    3314       0       0       0                        01010500D   1329
     126       0       0       2       0                               0D   1330
     110    3316       0       0       0                        01010000D   1331
     110       0       0       1       0                               0D   1332
     126    3317       0       0       0                        01010500D   1333
     126       0       0       2       0                               0D   1334
     110    3319       0       0       0                        01010000D   1335
     110       0       0       1       0                               0D   1336
     126    3320       0       0       0                        01010500D   1337
     126       0       0       2       0                               0D   1338
     110    3322       0       0       0                        01010000D   1339
     110       0       0       1       0                               0D   1340
     126    3323       0       0       0                        01010500D   1341
     126       0       0       2       0                               0D   1342
     110    3325       0       0       0                        01010000D   1343
     110       0       0       1       0                               0D   1344
     102    3326       0       0       0                        01010500D   1345
     102       0       0       1       0                               0D   1346
     102    3327       0       0       0                        01010000D   1347
     102       0       0       1       0                               0D   1348
     142    3328       0       0       0                        00010500D   1349
     142       0       0       1       0                               0D   1350
     144    3329       0       0       0                        00000000D   1351
     144       0      -1       1       0                               0D   1352
     110    3330       0       0       0                        01010000D   1353
     110       0       0       1       0                               0D   1354
     110    3331       0       0       0                        01010000D   1355
     110       0       0       1       0                               0D   1356
     120    3332       0       0       0                        01010000D   1357
     120       0       0       1       0                               0D   1358
     126    3333       0       0       0                        01010500D   1359
     126       0       0       2       0                               0D   1360
     124    3335       0       0       0                        00000000D   1361
     124       0       0       3       0                               0D   1362
     100    3338       0       0       0            1361        01010000D   1363
     100       0       0       1       0                               0D   1364
     126    3339       0       0       0                        01010500D   1365
     126       0       0       2       0                               0D   1366
     110    3341       0       0       0                        01010000D   1367
     110       0       0       1       0                               0D   1368
     126    3342       0       0       0                        01010500D   1369
     126       0       0       2       0                               0D   1370
     124    3344       0       0       0                        00000000D   1371
     124       0       0       3       0                               0D   1372
     100    3347       0       0       0            1371        01010000D   1373
     100       0       0       1       0                               0D   1374
     126    3348       0       0       0                        01010500D   1375
     126       0       0       2       0                               0D   1376
     110    3350       0       0       0                        01010000D   1377
     110       0       0       1       0                               0D   1378
     102    3351       0       0       0                        01010500D   1379
     102       0       0       1       0                               0D   1380
     102    3352       0       0       0                        01010000D   1381
     102       0       0       1       0                               0D   1382
     142    3353       0       0       0                        00010500D   1383
     142       0       0       1       0                               0D   1384
     144    3354       0       0       0                        00000000D   1385
     144       0      -1       1       0                               0D   1386
     128    3355       0       0       0                        01010000D   1387
     128       0       0       3       0                               0D   1388
     126    3358       0       0       0                        01010500D   1389
     126       0       0       2       0                               0D   1390
     110    3360       0       0       0                        01010000D   1391
     110       0       0       1       0                               0D   1392
     126    3361       0       0       0                        01010500D   1393
     126       0       0       2       0                               0D   1394
     110    3363       0       0       0                        01010000D   1395
     110       0       0       1       0                               0D   1396
     126    3364       0       0       0                        01010500D   1397
     126       0       0       2       0                               0D   1398
     110    3366       0       0       0                        01010000D   1399
     110       0       0       1       0                               0D   1400
     126    3367       0       0       0                        01010500D   1401
     126       0       0       2       0                               0D   1402
     110    3369       0       0       0                        01010000D   1403
     110       0       0       1       0                               0D   1404
     102    3370       0       0       0                        01010500D   1405
     102       0       0       1       0                               0D   1406
     102    3371       0       0       0                        01010000D   1407
     102       0       0       1       0                               0D   1408
     142    3372       0       0       0                        00010500D   1409
     142       0       0       1       0                               0D   1410
     144    3373       0       0       0                        00000000D   1411
     144       0      -1       1       0                               0D   1412
     110    3374       0       0       0                        01010000D   1413
     110       0       0       1       0                               0D   1414
     110    3375       0       0       0                        01010000D   1415
     110       0       0       1       0                               0D   1416
     120    3376       0       0       0                        01010000D   1417
     120       0       0       1       0                               0D   1418
     126    3377       0       0       0                        01010500D   1419
     126       0       0       2       0                               0D   1420
     124    3379       0       0       0                        00000000D   1421
     124       0       0       3       0                               0D   1422
     100    3382       0       0       0            1421        01010000D   1423
     100       0       0       1       0                               0D   1424
     126    3383       0       0       0                        01010500D   1425
     126       0       0       2       0                               0D   1426
     110    3385       0       0       0                        01010000D   1427
     110       0       0       1       0                               0D   1428
     126    3386       0       0       0                        01010500D   1429
     126       0       0       2       0                               0D   1430
     124    3388       0       0       0                        00000000D   1431
     124       0       0       3       0                               0D   1432
     100    3391       0       0       0            1431        01010000D   1433
     100       0       0       1       0                               0D   1434
     126    3392       0       0       0                        01010500D   1435
     126       0       0       2       0                               0D   1436
     110    3394       0       0       0                        01010000D   1437
     110       0       0       1       0                               0D   1438
     102    3395       0       0       0                        01010500D   1439
     102       0       0       1       0                               0D   1440
     102    3396       0       0       0                        01010000D   1441
     102       0       0       1       0                               0D   1442
     142    3397       0       0       0                        00010500D   1443
     142       0       0       1       0                               0D   1444
     144    3398       0       0       0                        00000000D   1445
     144       0      -1       1       0                               0D   1446
     128    3399       0       0       0                        01010000D   1447
     128       0       0       2       0                               0D   1448
     126    3401       0       0       0                        01010500D   1449
     126       0       0       2       0                               0D   1450
     110    3403       0       0       0                        01010000D   1451
     110       0       0       1       0                               0D   1452
     126    3404       0       0       0                        01010500D   1453
     126       0       0       2       0                               0D   1454
     110    3406       0       0       0                        01010000D   1455
     110       0       0       1       0                               0D   1456
     126    3407       0       0       0                        01010500D   1457
     126       0       0       2       0                               0D   1458
     110    3409       0       0       0                        01010000D   1459
     110       0       0       1       0                               0D   1460
     126    3410       0       0       0                        01010500D   1461
     126       0       0       2       0                               0D   1462
     110    3412       0       0       0                        01010000D   1463
     110       0       0       1       0                               0D   1464
     102    3413       0       0       0                        01010500D   1465
     102       0       0       1       0                               0D   1466
     102    3414       0       0       0                        01010000D   1467
     102       0       0       1       0                               0D   1468
     142    3415       0       0       0                        00010500D   1469
     142       0       0       1       0                               0D   1470
     144    3416       0       0       0                        00000000D   1471
     144       0      -1       1       0                               0D   1472
     110    3417       0       0       0                        01010000D   1473
     110       0       0       1       0                               0D   1474
     110    3418       0       0       0                        01010000D   1475
     110       0       0       1       0                               0D   1476
     120    3419       0       0       0                        01010000D   1477
     120       0       0       1       0                               0D   1478
     126    3420       0       0       0                        01010500D   1479
     126       0       0       2       0                               0D   1480
     124    3422       0       0       0                        00000000D   1481
     124       0       0       3       0                               0D   1482
     100    3425       0       0       0            1481        01010000D   1483
     100       0       0       1       0                               0D   1484
     126    3426       0       0       0                        01010500D   1485
     126       0       0       2       0                               0D   1486
     110    3428       0       0       0                        01010000D   1487
     110       0       0       1       0                               0D   1488
     126    3429       0       0       0                        01010500D   1489
     126       0       0       2       0                               0D   1490
     124    3431       0       0       0                        00000000D   1491
     124       0       0       3       0                               0D   1492
     100    3434       0       0       0            1491        01010000D   1493
     100       0       0       1       0                               0D   1494
     126    3435       0       0       0                        01010500D   1495
     126       0       0       2       0                               0D   1496
     110    3437       0       0       0                        01010000D   1497
     110       0       0       1       0                               0D   1498
     102    3438       0       0       0                        01010500D   1499
     102       0       0       1       0                               0D   1500
     102    3439       0       0       0                        01010000D   1501
     102       0       0       1       0                               0D   1502
     142    3440       0       0       0                        00010500D   1503
     142       0       0       1       0                               0D   1504
     144    3441       0       0       0                        00000000D   1505
     144       0      -1       1       0                               0D   1506
     110    3442       0       0       0                        01010000D   1507
     110       0       0       1       0                               0D   1508
     110    3443       0       0       0                        01010000D   1509
     110       0       0       1       0                               0D   1510
     120    3444       0       0       0                        01010000D   1511
     120       0       0       1       0                               0D   1512
     126    3445       0       0       0                        01010500D   1513
     126       0       0       2       0                               0D   1514
     124    3447       0       0       0                        00000000D   1515
     124       0       0       3       0                               0D   1516
     100    3450       0       0       0            1515        01010000D   1517
     100       0       0       1       0                               0D   1518
     126    3451       0       0       0                        01010500D   1519
     126       0       0       2       0                               0D   1520
     110    3453       0       0       0                        01010000D   1521
     110       0       0       1       0                               0D   1522
     126    3454       0       0       0                        01010500D   1523
     126       0       0       2       0                               0D   1524
     124    3456       0       0       0                        00000000D   1525
     124       0       0       2       0                               0D   1526
     100    3458       0       0       0            1525        01010000D   1527
     100       0       0       1       0                               0D   1528
     126    3459       0       0       0                        01010500D   1529
     126       0       0       2       0                               0D   1530
     110    3461       0       0       0                        01010000D   1531
     110       0       0       1       0                               0D   1532
     102    3462       0       0       0                        01010500D   1533
     102       0       0       1       0                               0D   1534
     102    3463       0       0       0                        01010000D   1535
     102       0       0       1       0                               0D   1536
     142    3464       0       0       0                        00010500D   1537
     142       0       0       1       0                               0D   1538
     144    3465       0       0       0                        00000000D   1539
     144       0      -1       1       0                               0D   1540
     128    3466       0       0       0                        01010000D   1541
     128       0       0       3       0                               0D   1542
     126    3469       0       0       0                        01010500D   1543
     126       0       0       2       0                               0D   1544
     110    3471       0       0       0                        01010000D   1545
     110       0       0       1       0                               0D   1546
     126    3472       0       0       0                        01010500D   1547
     126       0       0       2       0                               0D   1548
     110    3474       0       0       0                        01010000D   1549
     110       0       0       1       0                               0D   1550
     126    3475       0       0       0                        01010500D   1551
     126       0       0       2       0                               0D   1552
     110    3477       0       0       0                        01010000D   1553
     110       0       0       1       0                               0D   1554
     126    3478       0       0       0                        01010500D   1555
     126       0       0       2       0                               0D   1556
     110    3480       0       0       0                        01010000D   1557
     110       0       0       1       0                               0D   1558
     102    3481       0       0       0                        01010500D   1559
     102       0       0       1       0                               0D   1560
     102    3482       0       0       0                        01010000D   1561
     102       0       0       1       0                               0D   1562
     142    3483       0       0       0                        00010500D   1563
     142       0       0       1       0                               0D   1564
     144    3484       0       0       0                        00000000D   1565
     144       0      -1       1       0                               0D   1566
     128    3485       0       0       0                        01010000D   1567
     128       0       0       2       0                               0D   1568
     126    3487       0       0       0                        01010500D   1569
     126       0       0       2       0                               0D   1570
     110    3489       0       0       0                        01010000D   1571
     110       0       0       1       0                               0D   1572
     126    3490       0       0       0                        01010500D   1573
     126       0       0       2       0                               0D   1574
     110    3492       0       0       0                        01010000D   1575
     110       0       0       1       0                               0D   1576
     126    3493       0       0       0                        01010500D   1577
     126       0       0       2       0                               0D   1578
     110    3495       0       0       0                        01010000D   1579
     110       0       0       1       0                               0D   1580
     126    3496       0       0       0                        01010500D   1581
     126       0       0       2       0                               0D   1582
     110    3498       0       0       0                        01010000D   1583
     110       0       0       1       0                               0D   1584
     102    3499       0       0       0                        01010500D   1585
     102       0       0       1       0                               0D   1586
     102    3500       0       0       0                        01010000D   1587
     102       0       0       1       0                               0D   1588
     142    3501       0       0       0                        00010500D   1589
     142       0       0       1       0                               0D   1590
     144    3502       0       0       0                        00000000D   1591
     144       0      -1       1       0                               0D   1592
     110    3503       0       0       0                        01010000D   1593
     110       0       0       1       0                               0D   1594
     110    3504       0       0       0                        01010000D   1595
     110       0       0       1       0                               0D   1596
     120    3505       0       0       0                        01010000D   1597
     120       0       0       1       0                               0D   1598
     126    3506       0       0       0                        01010500D   1599
     126       0       0       2       0                               0D   1600
     124    3508       0       0       0                        00000000D   1601
     124       0       0       3       0                               0D   1602
     100    3511       0       0       0            1601        01010000D   1603
     100       0       0       1       0                               0D   1604
     126    3512       0       0       0                        01010500D   1605
     126       0       0       2       0                               0D   1606
     110    3514       0       0       0                        01010000D   1607
     110       0       0       1       0                               0D   1608
     126    3515       0       0       0                        01010500D   1609
     126       0       0       2       0                               0D   1610
     124    3517       0       0       0                        00000000D   1611
     124       0       0       3       0                               0D   1612
     100    3520       0       0       0            1611        01010000D   1613
     100       0       0       1       0                               0D   1614
     126    3521       0       0       0                        01010500D   1615
     126       0       0       2       0                               0D   1616
     110    3523       0       0       0                        01010000D   1617
     110       0       0       1       0                               0D   1618
     102    3524       0       0       0                        01010500D   1619
     102       0       0       1       0                               0D   1620
     102    3525       0       0       0                        01010000D   1621
     102       0       0       1       0                               0D   1622
     142    3526       0       0       0                        00010500D   1623
     142       0       0       1       0                               0D   1624
     144    3527       0       0       0                        00000000D   1625
     144       0      -1       1       0                               0D   1626
     110    3528       0       0       0                        01010000D   1627
     110       0       0       1       0                               0D   1628
     110    3529       0       0       0                        01010000D   1629
     110       0       0       1       0                               0D   1630
     120    3530       0       0       0                        01010000D   1631
     120       0       0       1       0                               0D   1632
     126    3531       0       0       0                        01010500D   1633
     126       0       0       2       0                               0D   1634
     124    3533       0       0       0                        00000000D   1635
     124       0       0       2       0                               0D   1636
     100    3535       0       0       0            1635        01010000D   1637
     100       0       0       1       0                               0D   1638
     126    3536       0       0       0                        01010500D   1639
     126       0       0       2       0                               0D   1640
     110    3538       0       0       0                        01010000D   1641
     110       0       0       1       0                               0D   1642
     126    3539       0       0       0                        01010500D   1643
     126       0       0       2       0                               0D   1644
     124    3541       0       0       0                        00000000D   1645
     124       0       0       3       0                               0D   1646
     100    3544       0       0       0            1645        01010000D   1647
     100       0       0       1       0                               0D   1648
     126    3545       0       0       0                        01010500D   1649
     126       0       0       2       0                               0D   1650
     110    3547       0       0       0                        01010000D   1651
     110       0       0       1       0                               0D   1652
     102    3548       0       0       0                        01010500D   1653
     102       0       0       1       0                               0D   1654
     102    3549       0       0       0                        01010000D   1655
     102       0       0       1       0                               0D   1656
     142    3550       0       0       0                        00010500D   1657
     142       0       0       1       0                               0D   1658
     144    3551       0       0       0                        00000000D   1659
     144       0      -1       1       0                               0D   1660
     128    3552       0       0       0                        01010000D   1661
     128       0       0       2       0                               0D   1662
     126    3554       0       0       0                        01010500D   1663
     126       0       0       2       0                               0D   1664
     110    3556       0       0       0                        01010000D   1665
     110       0       0       1       0                               0D   1666
     126    3557       0       0       0                        01010500D   1667
     126       0       0       2       0                               0D   1668
     110    3559       0       0       0                        01010000D   1669
     110       0       0       1       0                               0D   1670
     126    3560       0       0       0                        01010500D   1671
     126       0       0       2       0                               0D   1672
     110    3562       0       0       0                        01010000D   1673
     110       0       0       1       0                               0D   1674
     126    3563       0       0       0                        01010500D   1675
     126       0       0       2       0                               0D   1676
     110    3565       0       0       0                        01010000D   1677
     110       0       0       1       0                               0D   1678
     102    3566       0       0       0                        01010500D   1679
     102       0       0       1       0                               0D   1680
     102    3567       0       0       0                        01010000D   1681
     102       0       0       1       0                               0D   1682
     142    3568       0       0       0                        00010500D   1683
     142       0       0       1       0                               0D   1684
     144    3569       0       0       0                        00000000D   1685
     144       0      -1       1       0                               0D   1686
     128    3570       0       0       0                        01010000D   1687
     128       0       0       3       0                               0D   1688
     126    3573       0       0       0                        01010500D   1689
     126       0       0       2       0                               0D   1690
     110    3575       0       0       0                        01010000D   1691
     110       0       0       1       0                               0D   1692
     126    3576       0       0       0                        01010500D   1693
     126       0       0       2       0                               0D   1694
     110    3578       0       0       0                        01010000D   1695
     110       0       0       1       0                               0D   1696
     126    3579       0       0       0                        01010500D   1697
     126       0       0       2       0                               0D   1698
     110    3581       0       0       0                        01010000D   1699
     110       0       0       1       0                               0D   1700
     126    3582       0       0       0                        01010500D   1701
     126       0       0       2       0                               0D   1702
     110    3584       0       0       0                        01010000D   1703
     110       0       0       1       0                               0D   1704
     102    3585       0       0       0                        01010500D   1705
     102       0       0       1       0                               0D   1706
     102    3586       0       0       0                        01010000D   1707
     102       0       0       1       0                               0D   1708
     142    3587       0       0       0                        00010500D   1709
     142       0       0       1       0                               0D   1710
     144    3588       0       0       0                        00000000D   1711
     144       0      -1       1       0                               0D   1712
     128    3589       0       0       0                        01010000D   1713
     128       0       0       3       0                               0D   1714
     126    3592       0       0       0                        01010500D   1715
     126       0       0       2       0                               0D   1716
     110    3594       0       0       0                        01010000D   1717
     110       0       0       1       0                               0D   1718
     126    3595       0       0       0                        01010500D   1719
     126       0       0       2       0                               0D   1720
     110    3597       0       0       0                        01010000D   1721
     110       0       0       1       0                               0D   1722
     126    3598       0       0       0                        01010500D   1723
     126       0       0       2       0                               0D   1724
     110    3600       0       0       0                        01010000D   1725
     110       0       0       2       0                               0D   1726
     126    3602       0       0       0                        01010500D   1727
     126       0       0       2       0                               0D   1728
     110    3604       0       0       0                        01010000D   1729
     110       0       0       1       0                               0D   1730
     102    3605       0       0       0                        01010500D   1731
     102       0       0       1       0                               0D   1732
     102    3606       0       0       0                        01010000D   1733
     102       0       0       1       0                               0D   1734
     142    3607       0       0       0                        00010500D   1735
     142       0       0       1       0                               0D   1736
     144    3608       0       0       0                        00000000D   1737
     144       0      -1       1       0                               0D   1738
     128    3609       0       0       0                        01010000D   1739
     128       0       0       3       0                               0D   1740
     126    3612       0       0       0                        01010500D   1741
     126       0       0       2       0                               0D   1742
     110    3614       0       0       0                        01010000D   1743
     110       0       0       1       0                               0D   1744
     126    3615       0       0       0                        01010500D   1745
     126       0       0       2       0                               0D   1746
     110    3617       0       0       0                        01010000D   1747
     110       0       0       1       0                               0D   1748
     126    3618       0       0       0                        01010500D   1749
     126       0       0       2       0                               0D   1750
     110    3620       0       0       0                        01010000D   1751
     110       0       0       1       0                               0D   1752
     126    3621       0       0       0                        01010500D   1753
     126       0       0       2       0                               0D   1754
     110    3623       0       0       0                        01010000D   1755
     110       0       0       1       0                               0D   1756
     102    3624       0       0       0                        01010500D   1757
     102       0       0       1       0                               0D   1758
     102    3625       0       0       0                        01010000D   1759
     102       0       0       1       0                               0D   1760
     142    3626       0       0       0                        00010500D   1761
     142       0       0       1       0                               0D   1762
     144    3627       0       0       0                        00000000D   1763
     144       0      -1       1       0                               0D   1764
     128    3628       0       0       0                        01010000D   1765
     128       0       0       3       0                               0D   1766
     126    3631       0       0       0                        01010500D   1767
     126       0       0       2       0                               0D   1768
     110    3633       0       0       0                        01010000D   1769
     110       0       0       1       0                               0D   1770
     126    3634       0       0       0                        01010500D   1771
     126       0       0       2       0                               0D   1772
     110    3636       0       0       0                        01010000D   1773
     110       0       0       1       0                               0D   1774
     126    3637       0       0       0                        01010500D   1775
     126       0       0       2       0                               0D   1776
     110    3639       0       0       0                        01010000D   1777
     110       0       0       1       0                               0D   1778
     126    3640       0       0       0                        01010500D   1779
     126       0       0       2       0                               0D   1780
     110    3642       0       0       0                        01010000D   1781
     110       0       0       1       0                               0D   1782
     102    3643       0       0       0                        01010500D   1783
     102       0       0       1       0                               0D   1784
     102    3644       0       0       0                        01010000D   1785
     102       0       0       1       0                               0D   1786
     142    3645       0       0       0                        00010500D   1787
     142       0       0       1       0                               0D   1788
     144    3646       0       0       0                        00000000D   1789
     144       0      -1       1       0                               0D   1790
     128    3647       0       0       0                        01010000D   1791
     128       0       0       4       0                               0D   1792
     126    3651       0       0       0                        01010500D   1793
     126       0       0       2       0                               0D   1794
     110    3653       0       0       0                        01010000D   1795
     110       0       0       1       0                               0D   1796
     126    3654       0       0       0                        01010500D   1797
     126       0       0       2       0                               0D   1798
     110    3656       0       0       0                        01010000D   1799
     110       0       0       2       0                               0D   1800
     126    3658       0       0       0                        01010500D   1801
     126       0       0       2       0                               0D   1802
     110    3660       0       0       0                        01010000D   1803
     110       0       0       1       0                               0D   1804
     126    3661       0       0       0                        01010500D   1805
     126       0       0       2       0                               0D   1806
     110    3663       0       0       0                        01010000D   1807
     110       0       0       1       0                               0D   1808
     102    3664       0       0       0                        01010500D   1809
     102       0       0       1       0                               0D   1810
     102    3665       0       0       0                        01010000D   1811
     102       0       0       1       0                               0D   1812
     142    3666       0       0       0                        00010500D   1813
     142       0       0       1       0                               0D   1814
     144    3667       0       0       0                        00000000D   1815
     144       0      -1       1       0                               0D   1816
     128    3668       0       0       0                        01010000D   1817
     128       0       0       3       0                               0D   1818
     126    3671       0       0       0                        01010500D   1819
     126       0       0       2       0                               0D   1820
     110    3673       0       0       0                        01010000D   1821
     110       0       0       1       0                               0D   1822
     126    3674       0       0       0                        01010500D   1823
     126       0       0       2       0                               0D   1824
     110    3676       0       0       0                        01010000D   1825
     110       0       0       1       0                               0D   1826
     126    3677       0       0       0                        01010500D   1827
     126       0       0       2       0                               0D   1828
     110    3679       0       0       0                        01010000D   1829
     110       0       0       1       0                               0D   1830
     126    3680       0       0       0                        01010500D   1831
     126       0       0       2       0                               0D   1832
     110    3682       0       0       0                        01010000D   1833
     110       0       0       1       0                               0D   1834
     102    3683       0       0       0                        01010500D   1835
     102       0       0       1       0                               0D   1836
     102    3684       0       0       0                        01010000D   1837
     102       0       0       1       0                               0D   1838
     142    3685       0       0       0                        00010500D   1839
     142       0       0       1       0                               0D   1840
     144    3686       0       0       0                        00000000D   1841
     144       0      -1       1       0                               0D   1842
     128    3687       0       0       0                        01010000D   1843
     128       0       0       3       0                               0D   1844
     126    3690       0       0       0                        01010500D   1845
     126       0       0       2       0                               0D   1846
     110    3692       0       0       0                        01010000D   1847
     110       0       0       1       0                               0D   1848
     126    3693       0       0       0                        01010500D   1849
     126       0       0       2       0                               0D   1850
     110    3695       0       0       0                        01010000D   1851
     110       0       0       1       0                               0D   1852
     126    3696       0       0       0                        01010500D   1853
     126       0       0       2       0                               0D   1854
     110    3698       0       0       0                        01010000D   1855
     110       0       0       1       0                               0D   1856
     126    3699       0       0       0                        01010500D   1857
     126       0       0       2       0                               0D   1858
     110    3701       0       0       0                        01010000D   1859
     110       0       0       1       0                               0D   1860
     102    3702       0       0       0                        01010500D   1861
     102       0       0       1       0                               0D   1862
     102    3703       0       0       0                        01010000D   1863
     102       0       0       1       0                               0D   1864
     142    3704       0       0       0                        00010500D   1865
     142       0       0       1       0                               0D   1866
     144    3705       0       0       0                        00000000D   1867
     144       0      -1       1       0                               0D   1868
     128    3706       0       0       0                        01010000D   1869
     128       0       0       3       0                               0D   1870
     126    3709       0       0       0                        01010500D   1871
     126       0       0       2       0                               0D   1872
     110    3711       0       0       0                        01010000D   1873
     110       0       0       1       0                               0D   1874
     126    3712       0       0       0                        01010500D   1875
     126       0       0       2       0                               0D   1876
     110    3714       0       0       0                        01010000D   1877
     110       0       0       1       0                               0D   1878
     126    3715       0       0       0                        01010500D   1879
     126       0       0       2       0                               0D   1880
     110    3717       0       0       0                        01010000D   1881
     110       0       0       1       0                               0D   1882
     126    3718       0       0       0                        01010500D   1883
     126       0       0       2       0                               0D   1884
     110    3720       0       0       0                        01010000D   1885
     110       0       0       1       0                               0D   1886
     102    3721       0       0       0                        01010500D   1887
     102       0       0       1       0                               0D   1888
     102    3722       0       0       0                        01010000D   1889
     102       0       0       1       0                               0D   1890
     142    3723       0       0       0                        00010500D   1891
     142       0       0       1       0                               0D   1892
     144    3724       0       0       0                        00000000D   1893
     144       0      -1       1       0                               0D   1894
     128    3725       0       0       0                        01010000D   1895
     128       0       0       3       0                               0D   1896
     126    3728       0       0       0                        01010500D   1897
     126       0       0       2       0                               0D   1898
     110    3730       0       0       0                        01010000D   1899
     110       0       0       1       0                               0D   1900
     126    3731       0       0       0                        01010500D   1901
     126       0       0       2       0                               0D   1902
     110    3733       0       0       0                        01010000D   1903
     110       0       0       1       0                               0D   1904
     126    3734       0       0       0                        01010500D   1905
     126       0       0       2       0                               0D   1906
     110    3736       0       0       0                        01010000D   1907
     110       0       0       1       0                               0D   1908
     126    3737       0       0       0                        01010500D   1909
     126       0       0       2       0                               0D   1910
     110    3739       0       0       0                        01010000D   1911
     110       0       0       1       0                               0D   1912
     102    3740       0       0       0                        01010500D   1913
     102       0       0       1       0                               0D   1914
     102    3741       0       0       0                        01010000D   1915
     102       0       0       1       0                               0D   1916
     142    3742       0       0       0                        00010500D   1917
     142       0       0       1       0                               0D   1918
     144    3743       0       0       0                        00000000D   1919
     144       0      -1       1       0                               0D   1920
     128    3744       0       0       0                        01010000D   1921
     128       0       0       4       0                               0D   1922
     126    3748       0       0       0                        01010500D   1923
     126       0       0       2       0                               0D   1924
     110    3750       0       0       0                        01010000D   1925
     110       0       0       1       0                               0D   1926
     126    3751       0       0       0                        01010500D   1927
     126       0       0       2       0                               0D   1928
     110    3753       0       0       0                        01010000D   1929
     110       0       0       1       0                               0D   1930
     126    3754       0       0       0                        01010500D   1931
     126       0       0       2       0                               0D   1932
     110    3756       0       0       0                        01010000D   1933
     110       0       0       1       0                               0D   1934
     126    3757       0       0       0                        01010500D   1935
     126       0       0       2       0                               0D   1936
     110    3759       0       0       0                        01010000D   1937
     110       0       0       1       0                               0D   1938
     102    3760       0       0       0                        01010500D   1939
     102       0       0       1       0                               0D   1940
     102    3761       0       0       0                        01010000D   1941
     102       0       0       1       0                               0D   1942
     142    3762       0       0       0                        00010500D   1943
     142       0       0       1       0                               0D   1944
     144    3763       0       0       0                        00000000D   1945
     144       0      -1       1       0                               0D   1946
314,79.2156862745098,81.9607843137255,93.3333333333333,;               1P      1
128,25,3,3,3,0,0,1,0,0,0.499987534395946,0.499987534395946,            3P      2
0.499987534395946,0.499987534395946,0.5,0.539663168368636,             3P      3
0.579326336737271,0.579326336737271,0.589974210775459,                 3P      4
0.600622084813646,0.611269958851834,0.621917832890022,                 3P      5
0.621917832890022,0.683169569557904,0.744421306225786,                 3P      6
0.805673042893668,0.86692477956155,0.86692477956155,                   3P      7
0.878458081890675,0.8899913842198,0.901524686548926,                   3P      8
0.913057988878051,0.913057988878051,0.934793491658538,                 3P      9
0.956528994439026,0.978264497219513,1.,1.,1.,1.,0.,0.,0.,0.,           3P     10
0.955258750888798,0.955258750888798,0.955258750888798,                 3P     11
0.955258750888798,1.,1.,1.,1.,1.,1.,1.,1.,1.,1.,1.,1.,1.,1.,1.,        3P     12
1.,1.,1.,1.,1.,1.,1.,1.,1.,1.,1.,1.,1.,1.,1.,1.,1.,1.,1.,1.,1.,        3P     13
1.,1.,1.,1.,1.,1.,1.,1.,1.,1.,1.,1.,1.,1.,1.,1.,1.,1.,1.,1.,1.,        3P     14
1.,1.,1.,1.,1.,1.,1.,1.,1.,1.,1.,1.,1.,1.,1.,1.,1.,1.,1.,1.,1.,        3P     15
1.,1.,1.,1.,1.,1.,1.,1.,1.,1.,1.,1.,1.,1.,1.,1.,1.,1.,1.,1.,1.,        3P     16
1.,1.,1.,1.,1.,-2.000016441,3.,-0.000148788,-2.000016445,3.,           3P     17
-9.9192E-05,-2.000022367,3.,0.157754971,-1.962339134,3.,               3P     18
0.473413701,-1.853147727,3.,0.767871924,-1.764591398,3.,               3P     19
0.942301058,-1.72735872,3.,1.010120505,-1.66878187,3.,                 3P     20
1.104225372,-1.604078028,3.,1.196355343,-1.553785197,3.,               3P     21
1.260074021,-1.356632631,3.,1.492275932,-0.937578499,3.,               3P     22
1.827333927,-0.149362209,3.,2.049499815,0.665463718,3.,                3P     23
1.943773358,1.132469791,3.,1.669270092,1.365681757,3.,                 3P     24
1.461970567,1.43377584,3.,1.396625726,1.525224126,3.,                  3P     25
1.29606325,1.609472863,3.,1.189877109,1.662524628,3.,                  3P     26
1.112830063,1.737911017,3.,0.994039389,1.82687547,3.,                  3P     27
0.830113799,1.925996175,3.,0.563658229,1.986617032,3.,                 3P     28
0.283958024,2.,3.,0.094247314,2.,3.,0.,-4.459247555,3.,                3P     29
-0.000374794,-4.459247557,3.,-0.000249863,-4.459251594,3.,             3P     30
0.39738283,-4.43356744,3.,1.192523283,-4.359144715,3.,                 3P     31
1.978845047,-4.298786456,3.,2.472979198,-4.243021776,3.,               3P     32
2.687489097,-4.050766039,3.,2.976956965,-3.78224801,3.,                3P     33
3.178052884,-3.591521016,3.,3.246988653,-2.962491675,3.,               3P     34
3.405252928,-1.847193826,3.,3.633621896,-0.085357781,3.,               3P     35
3.785045814,1.691133325,3.,3.712984732,2.831863829,3.,                 3P     36
3.525888682,3.485470552,3.,3.384597385,3.695221671,3.,                 3P     37
3.310596419,3.977286006,3.,3.099217363,4.179736853,3.,                 3P     38
2.807072571,4.246250593,3.,2.589283869,4.297632479,3.,                 3P     39
2.279014112,4.358268908,3.,1.871708561,4.425827639,3.,                 3P     40
1.253765168,4.467145628,3.,0.629494828,4.476267197,3.,                 3P     41
0.210179432,4.476267197,3.,0.,-6.923271806,3.152302114,                3P     42
-0.000600801,-6.923271807,3.152302114,-0.000400534,                    3P     43
-6.923273958,3.152302114,0.637010688,-6.909588884,3.152302114,         3P     44
1.911632865,-6.869934842,3.152302114,3.189818169,-6.837774651,         3P     45
3.152302114,4.003657338,-6.76347797,3.152302114,4.364857689,           3P     46
-6.437543345,3.152302114,4.849688559,-5.96521113,3.152302114,          3P     47
5.159750426,-5.634049973,3.152302114,5.233903285,-4.573143856,         3P     48
3.152302114,5.318229925,-2.761602291,3.152302114,5.439909865,          3P     49
-0.026146491,3.152302114,5.520591814,2.712009794,3.152302114,          3P     50
5.482196106,4.526464729,3.152302114,5.382507271,5.600466209,           3P     51
3.152302114,5.307224203,5.951874365,3.152302114,5.224567112,           3P     52
6.424554748,3.152302114,4.902371476,6.745207706,3.152302114,           3P     53
4.424268033,6.82518342,3.152302114,4.065737675,6.852560804,            3P     54
3.152302114,3.563988834,6.884869209,3.152302114,2.913303323,           3P     55
6.920865966,3.152302114,1.943872106,6.942881087,3.152302114,           3P     56
0.975031632,6.947741257,3.152302114,0.326111551,6.947741257,           3P     57
3.152302114,0.,-9.401664602,3.456288575,-0.000826807,                  3P     58
-9.401664602,3.456288575,-0.000551205,-9.401664867,3.456288575,        3P     59
0.876638546,-9.399978872,3.456288575,2.630742446,-9.395093512,         3P     60
3.456288575,4.400791291,-9.391131391,3.456288575,5.534335478,          3P     61
-9.298302708,3.456288575,6.042226281,-8.838689196,3.456288575,         3P     62
6.722420152,-8.162542793,3.456288575,7.141447967,-7.690947474,         3P     63
3.456288575,7.220817917,-6.198164581,3.456288575,7.231206921,          3P     64
-3.6903793,3.456288575,7.246197834,0.018696256,3.456288575,            3P     65
7.256137813,3.718517719,3.456288575,7.25140748,6.206697086,            3P     66
3.456288575,7.239125861,7.701093322,3.456288575,7.229851021,           3P     67
8.194158515,3.456288575,7.138537805,8.857454946,3.456288575,           3P     68
6.705525588,9.296310014,3.456288575,6.041463495,9.389747703,           3P     69
3.456288575,5.542191481,9.393120584,3.456288575,4.848963556,           3P     70
9.397100965,3.456288575,3.954898085,9.401535749,3.456288575,           3P     71
2.633979044,9.404248002,3.456288575,1.320568437,9.404846773,           3P     72
3.456288575,0.44204367,9.404846773,3.456288575,0.,                     3P     73
0.499987534395946,1.,0.,0.955258750888798;                             3P     74
126,1,1,1,0,1,0,0.,0.,1.,1.,1.,1.,1.,0.,0.,1.,0.926103027,0.,          5P     75
0.,1.,0.,0.,1.;                                                        5P     76
126,3,3,1,0,1,0,0.,0.,0.,0.,0.926103027217562,                         7P     77
0.926103027217562,0.926103027217562,0.926103027217562,1.,1.,1.,        7P     78
1.,2.,3.,0.,4.400688343,3.,0.,6.796871669,3.143147079,0.,              7P     79
9.179824844,3.428878325,0.,0.,0.926103027217562,0.,0.,-1.;             7P     80
126,4,2,1,0,1,0,0.,0.,0.,0.5,0.5,1.,1.,1.,1.,1.,1.,1.,1.,1.,           9P     81
0.926103027,0.,0.978643082,0.926103027,0.,0.95613468,                  9P     82
0.92762975,0.,0.937108771,0.928920258,0.,0.913057989,                  9P     83
0.931613059,0.,0.,1.,0.,0.,1.;                                         9P     84
126,12,3,1,0,1,0,0.00519715954766487,0.00519715954766487,             11P     85
0.00519715954766487,0.00519715954766487,0.00654680794230359,          11P     86
0.00654680794230359,0.00654680794230359,0.00861675278538698,          11P     87
0.00861675278538698,0.00861675278538698,0.0103943130545857,           11P     88
0.0103943130545857,0.0103943130545857,0.0103943730545857,             11P     89
0.0103943730545857,0.0103943730545857,0.0103943730545857,1.,1.,       11P     90
1.,1.,1.,1.,1.,1.,1.,1.,1.,1.,1.,9.179824844,3.428878325,0.,          11P     91
9.179824844,3.428878325,0.449883076,9.180358274,3.429007364,          11P     92
0.899766487,9.181426078,3.429265148,1.349648222,9.183063758,          11P     93
3.429660509,2.039627737,9.185969008,3.430361603,2.729604627,          11P     94
9.189756993,3.431273991,3.419575197,9.193009919,3.432057502,          11P     95
4.012086237,9.196897079,3.432992728,4.604593628,9.201064886,          11P     96
3.433993408,5.197098612,9.201065027,3.433993442,5.197118612,          11P     97
9.201065168,3.433993475,5.197138611,9.201065308,3.433993509,          11P     98
5.197158611,0.00519715954766487,0.0103943730545857,0.,0.,0.;          11P     99
126,2,2,1,0,1,0,0.,0.,0.,1.,1.,1.,1.,1.,1.,0.913057989,               13P    100
0.931613059,0.,0.911621085,0.934780015,0.,0.910287303,                13P    101
0.937074945,0.,0.,1.,0.,0.,-1.;                                       13P    102
126,6,3,1,0,1,0,-5.83275207744596E-08,-5.83275207744596E-08,          15P    103
-5.83275207744596E-08,-5.83275207744596E-08,0.,0.,0.,                 15P    104
0.000198997087240924,0.000198997087240924,0.000198997087240924,       15P    105
0.000198997087240924,1.,1.,1.,1.,1.,1.,1.,9.201065308,                15P    106
3.433993509,5.197158611,9.201069961,3.433993454,5.197177489,          15P    107
9.201074632,3.433994619,5.197196345,9.201079293,3.433995174,          15P    108
5.197215213,9.216982219,3.43588802,5.261585209,9.228657952,           15P    109
3.437580793,5.327154379,9.235943206,3.439093886,5.393068095,          15P    110
-5.83275207744596E-08,0.000198997087240924,0.,0.,0.;                  15P    111
126,16,2,1,0,1,0,0.,0.,0.,0.125,0.125,0.25,0.25,0.375,0.375,          17P    112
0.5,0.5,0.625,0.625,0.75,0.75,0.875,0.875,1.,1.,1.,1.,1.,1.,1.,       17P    113
1.,1.,1.,1.,1.,1.,1.,1.,1.,1.,1.,1.,1.,0.910287303,0.937074945,       17P    114
0.,0.907988402,0.941030479,0.,0.905397618,0.943771527,0.,             17P    115
0.902906428,0.946407205,0.,0.900410226,0.947685851,0.,                17P    116
0.897948445,0.948946866,0.,0.895346309,0.948993945,0.,                17P    117
0.892747391,0.949040965,0.,0.890348504,0.947864849,0.,                17P    118
0.8878498,0.946639795,0.,0.885422909,0.944120044,0.,                  17P    119
0.882897894,0.941498415,0.,0.88070641,0.937695277,0.,                 17P    120
0.878450506,0.933780343,0.,0.876254498,0.927914572,0.,                17P    121
0.874086303,0.922123091,0.,0.87217174,0.914890702,0.,0.,1.,0.,        17P    122
0.,-1.;                                                               17P    123
126,24,3,1,0,1,0,0.,0.,0.,0.,0.000187806069496137,                    19P    124
0.000187806069496137,0.000187806069496137,0.000678639476621705,       19P    125
0.000678639476621705,0.000678639476621705,0.000874695413586568,       19P    126
0.000874695413586568,0.000874695413586568,0.00135361644619596,        19P    127
0.00135361644619596,0.00135361644619596,0.00152203626974454,          19P    128
0.00152203626974454,0.00152203626974454,0.00201629532080265,          19P    129
0.00201629532080265,0.00201629532080265,0.00216809220010645,          19P    130
0.00216809220010645,0.00216809220010645,0.00271014202770735,          19P    131
0.00271014202770735,0.00271014202770735,0.00271014202770735,1.,       19P    132
1.,1.,1.,1.,1.,1.,1.,1.,1.,1.,1.,1.,1.,1.,1.,1.,1.,1.,1.,1.,1.,       19P    133
1.,1.,1.,9.235943206,3.439093886,5.393068095,9.242818759,             19P    134
3.440521887,5.455275015,9.245816363,3.441795896,5.518038555,          19P    135
9.244862293,3.44292895,5.580623052,9.242398964,3.445854403,           19P    136
5.742211057,9.213181518,3.447927756,5.905968453,9.156665233,          19P    137
3.449095548,6.057394525,9.133801337,3.449567983,6.118654568,          19P    138
9.106438967,3.449895675,6.178403915,9.075155875,3.450094947,          19P    139
6.235824313,8.999646129,3.450575941,6.37442314,8.89945209,            19P    140
3.450342754,6.502308588,8.7817668,3.449267057,6.607477991,            19P    141
8.739831678,3.448883751,6.644953293,8.695444689,3.44839188,           19P    142
6.67982788,8.649263949,3.447805964,6.711922982,8.515407736,           19P    143
3.446107669,6.804951568,8.363642716,3.443579834,6.87595374,           19P    144
8.206692204,3.440034517,6.919870198,8.15787929,3.438931894,           19P    145
6.933528581,8.108295837,3.437723033,6.944679613,8.058336448,          19P    146
3.436397093,6.953210091,7.881966958,3.431716185,6.983324873,          19P    147
7.69889336,3.425707477,6.982620581,7.521707514,3.418562985,           19P    148
6.958348374,0.,0.00271014202770735,-0.033879401,0.999241607,          19P    149
-0.019193659;                                                         19P    150
126,2,2,1,0,1,0,0.,0.,0.,1.,1.,1.,1.,1.,1.,0.87217174,                21P    151
0.914890702,0.,0.869282524,0.9039765,0.,0.86692478,0.889554901,       21P    152
0.,0.,1.,0.,0.,-1.;                                                   21P    153
126,6,3,1,0,1,0,0.,0.,0.,0.,0.000493031615536509,                     23P    154
0.000493031615536509,0.000493031615536509,0.000493091615536499,       23P    155
0.000493091615536499,0.000493091615536499,0.000493091615536499,       23P    156
1.,1.,1.,1.,1.,1.,1.,7.521707514,3.418562985,6.958348374,             23P    157
7.359014043,3.412002855,6.936061437,7.19844289,3.404341779,           23P    158
6.893517529,7.044445594,3.395719047,6.836777866,7.044426853,          23P    159
3.395717997,6.836770961,7.044408112,3.395716948,6.836764055,          23P    160
7.044389372,3.395715899,6.83675715,0.,0.000493091615536499,0.,        23P    161
0.,0.;                                                                23P    162
126,18,2,1,0,1,0,0.,0.,0.,0.0357142857142857,                         25P    163
0.0357142857142857,0.0625,0.0625,0.125,0.125,0.25,0.25,0.5,0.5,       25P    164
0.625,0.625,0.75,0.75,0.875,0.875,1.,1.,1.,1.,1.,1.,1.,1.,1.,         25P    165
1.,1.,1.,1.,1.,1.,1.,1.,1.,1.,1.,1.,1.,0.86692478,0.889554901,        25P    166
0.,0.866841682,0.889502179,0.,0.858463894,0.887088225,0.,             25P    167
0.855156122,0.886135132,0.,0.852077852,0.885267851,0.,                25P    168
0.844056662,0.883007936,0.,0.837044472,0.881178138,0.,                25P    169
0.820333783,0.876817563,0.,0.806454528,0.8741694,0.,                  25P    170
0.773622438,0.867905036,0.,0.743870877,0.86913814,0.,                 25P    171
0.728763944,0.869764273,0.,0.712531598,0.872324365,0.,                25P    172
0.698106802,0.874599379,0.,0.681629734,0.878595393,0.,                25P    173
0.668594908,0.881756595,0.,0.651390697,0.886708008,0.,                25P    174
0.641716362,0.889492305,0.,0.621917833,0.895441802,0.,0.,1.,0.,       25P    175
0.,1.;                                                                25P    176
126,24,3,1,0,1,0,-5.65153678800797E-08,-5.65153678800797E-08,         27P    177
-5.65153678800797E-08,-5.65153678800797E-08,0.,0.,0.,                 27P    178
0.00164806966545069,0.00164806966545069,0.00164806966545069,          27P    179
0.0028003922556029,0.0028003922556029,0.0028003922556029,             27P    180
0.00510150567660029,0.00510150567660029,0.00510150567660029,          27P    181
0.00992735749938248,0.00992735749938248,0.00992735749938248,          27P    182
0.0111365344354699,0.0111365344354699,0.0111365344354699,             27P    183
0.0141408576613751,0.0141408576613751,0.0141408576613751,             27P    184
0.0141409176613751,0.0141409176613751,0.0141409176613751,             27P    185
0.0141409176613751,1.,1.,1.,1.,1.,1.,1.,1.,1.,1.,1.,1.,1.,1.,         27P    186
1.,1.,1.,1.,1.,1.,1.,1.,1.,1.,1.,7.044389372,3.395715899,             27P    187
6.83675715,7.044370657,3.395713821,6.836756563,7.044351699,           27P    188
3.395715734,6.836756631,7.044332862,3.395715652,6.836756372,          27P    189
6.495033679,3.393314001,6.829189042,5.945731553,3.390961655,          27P    190
6.821803262,5.396422349,3.388775618,6.814929815,5.012347946,          27P    191
3.387247151,6.810123933,4.628269821,3.385800994,6.80557146,           27P    192
4.24418697,3.384488133,6.801421788,3.477201166,3.381866445,           27P    193
6.793135192,2.710189858,3.379799863,6.786524004,1.943164907,          27P    194
3.378650433,6.78276003,0.334620965,3.37623994,6.774866521,            27P    195
-1.274030549,3.378403356,6.781106021,-2.882506097,3.383666161,        27P    196
6.797244367,-3.285540233,3.384984857,6.801288136,-3.688568543,        27P    197
3.386470418,6.805870932,-4.091592042,3.388058242,6.81078451,          27P    198
-5.092944661,3.392003354,6.822992791,-6.094270734,3.396536274,        27P    199
6.837126757,-7.095597419,3.40096716,6.851159253,-7.095617417,         27P    200
3.400967249,6.851159533,-7.095637414,3.400967337,6.851159813,         27P    201
-7.095657412,3.400967426,6.851160093,-5.65153678800797E-08,           27P    202
0.0141409176613751,0.,0.,0.;                                          27P    203
126,8,2,1,0,1,0,0.,0.,0.,0.125,0.125,0.25,0.25,0.5,0.5,1.,1.,         29P    204
1.,1.,1.,1.,1.,1.,1.,1.,1.,1.,0.621917833,0.895441802,0.,             29P    205
0.621622533,0.897000588,0.,0.621341414,0.898561994,0.,                29P    206
0.621200927,0.899342294,0.,0.620755689,0.901577579,0.,                29P    207
0.620167779,0.904529139,0.,0.61955597,0.907304452,0.,                 29P    208
0.618344876,0.91279827,0.,0.617038688,0.917608076,0.,0.,1.,0.,        29P    209
0.,1.;                                                                29P    210
126,6,3,1,0,1,0,-5.67248910287131E-08,-5.67248910287131E-08,          31P    211
-5.67248910287131E-08,-5.67248910287131E-08,0.,0.,0.,                 31P    212
0.00045296287952616,0.00045296287952616,0.00045296287952616,          31P    213
0.00045296287952616,1.,1.,1.,1.,1.,1.,1.,-7.095657412,                31P    214
3.400967426,6.851160093,-7.095675235,3.400967235,6.851166405,         31P    215
-7.095692982,3.400969313,6.851172795,-7.095710767,3.400970257,        31P    216
6.851179146,-7.237728128,3.408505987,6.901889551,-7.385326432,        31P    217
3.415231977,6.940000623,-7.534775584,3.421051456,6.960697191,         31P    218
-5.67248910287131E-08,0.00045296287952616,0.,0.,0.;                   31P    219
126,16,2,1,0,1,0,0.,0.,0.,0.125,0.125,0.25,0.25,0.375,0.375,          33P    220
0.5,0.5,0.625,0.625,0.75,0.75,0.875,0.875,1.,1.,1.,1.,1.,1.,1.,       33P    221
1.,1.,1.,1.,1.,1.,1.,1.,1.,1.,1.,1.,1.,0.617038688,0.917608076,       33P    222
0.,0.615142108,0.924591897,0.,0.613053588,0.930106739,0.,             33P    223
0.610989219,0.935557809,0.,0.608861613,0.93922661,0.,                 33P    224
0.60679104,0.942797065,0.,0.604451218,0.945243979,0.,                 33P    225
0.602192402,0.947606178,0.,0.599994028,0.948642783,0.,                33P    226
0.59781424,0.949670623,0.,0.595445059,0.949494264,0.,                 33P    227
0.593094377,0.949319282,0.,0.590930747,0.947987156,0.,                33P    228
0.58869726,0.946612021,0.,0.586405121,0.943806553,0.,                 33P    229
0.584073768,0.940953088,0.,0.582000247,0.93694378,0.,0.,1.,0.,        33P    230
0.,-1.;                                                               33P    231
126,24,3,1,0,1,0,0.,0.,0.,0.,0.000163059100816376,                    35P    232
0.000163059100816376,0.000163059100816376,0.000721132856074212,       35P    233
0.000721132856074212,0.000721132856074212,0.000923307321655463,       35P    234
0.000923307321655463,0.000923307321655463,0.00142326457259948,        35P    235
0.00142326457259948,0.00142326457259948,0.00162414957232987,          35P    236
0.00162414957232987,0.00162414957232987,0.00209678444390663,          35P    237
0.00209678444390663,0.00209678444390663,0.00222028900797338,          35P    238
0.00222028900797338,0.00222028900797338,0.00270111247446675,          35P    239
0.00270111247446675,0.00270111247446675,0.00270111247446675,1.,       35P    240
1.,1.,1.,1.,1.,1.,1.,1.,1.,1.,1.,1.,1.,1.,1.,1.,1.,1.,1.,1.,1.,       35P    241
1.,1.,1.,-7.534775584,3.421051456,6.960697191,-7.588574792,           35P    242
3.423146372,6.96814761,-7.642741849,3.425130962,6.973372066,          35P    243
-7.696991473,3.427001314,6.976152766,-7.880223462,3.43331856,         35P    244
6.985544781,-8.068378102,3.438437144,6.966090763,-8.24378343,         35P    245
3.442038423,6.912034489,-8.308250262,3.443362003,6.892167152,         35P    246
-8.371514667,3.444517872,6.867863393,-8.432709501,3.44552566,         35P    247
6.839462478,-8.582122372,3.447986266,6.770119006,-8.722453176,        35P    248
3.449654765,6.674318834,-8.838488159,3.450369301,6.557382314,         35P    249
-8.885767597,3.450660446,6.509735538,-8.929612998,3.450805993,        35P    250
6.458449176,-8.969547729,3.450823924,6.40449677,-9.06244978,          35P    251
3.45086564,6.278984738,-9.136201922,3.450255373,6.136305803,          35P    252
-9.182206685,3.448753462,5.987089956,-9.194396471,3.448355504,        35P    253
5.947552546,-9.204800914,3.447901918,5.907424194,-9.213429386,        35P    254
3.447394432,5.866961274,-9.246609318,3.445442943,5.711365143,         35P    255
-9.253779125,3.442680454,5.54831597,-9.235995595,3.438971053,         35P    256
5.390249977,0.,0.00270111247446675,0.032841851,0.998508603,           35P    257
-0.043611719;                                                         35P    258
126,2,2,1,0,1,0,0.,0.,0.,1.,1.,1.,1.,1.,1.,0.582000247,               37P    259
0.93694378,0.,0.580588654,0.934214359,0.,0.579326337,                 37P    260
0.93099626,0.,0.,1.,0.,0.,-1.;                                        37P    261
126,6,3,1,0,1,0,0.,0.,0.,0.,0.000210781158066923,                     39P    262
0.000210781158066923,0.000210781158066923,0.000210841158066887,       39P    263
0.000210841158066887,0.000210841158066887,0.000210841158066887,       39P    264
1.,1.,1.,1.,1.,1.,1.,-9.235995595,3.438971053,5.390249977,            39P    265
-9.228142504,3.437333006,5.320449063,-9.215403475,3.435493576,        39P    266
5.251028698,-9.19791015,3.433421175,5.183012445,-9.19790517,          39P    267
3.433420585,5.182993084,-9.19790019,3.433419995,5.182973723,          39P    268
-9.19789521,3.433419405,5.182954362,0.,0.000210841158066887,0.,       39P    269
0.,0.;                                                                39P    270
126,8,2,1,0,1,0,0.,0.,0.,0.125,0.125,0.25,0.25,0.5,0.5,1.,1.,         41P    271
1.,1.,1.,1.,1.,1.,1.,1.,1.,1.,0.579326337,0.93099626,0.,              41P    272
0.578647855,0.930900531,0.,0.569560265,0.930159507,0.,                41P    273
0.564559869,0.929751762,0.,0.559735965,0.92940253,0.,                 41P    274
0.549543366,0.928664624,0.,0.539941632,0.928174565,0.,                41P    275
0.519539715,0.927133279,0.,0.5,0.927133279,0.,0.,1.,0.,0.,1.;         41P    276
126,12,3,1,0,1,0,-5.81635132471429E-08,-5.81635132471429E-08,         43P    277
-5.81635132471429E-08,-5.81635132471429E-08,0.,0.,0.,                 43P    278
0.0024340324537207,0.0024340324537207,0.0024340324537207,             43P    279
0.00516659356392289,0.00516659356392289,0.00516659356392289,          43P    280
0.00518292606178298,0.00518292606178298,0.00518292606178298,          43P    281
0.00518292606178298,1.,1.,1.,1.,1.,1.,1.,1.,1.,1.,1.,1.,1.,           43P    282
-9.19789521,3.433419405,5.182954362,-9.197895076,3.433418615,         43P    283
5.182934991,-9.197895005,3.433419357,5.182915587,-9.197894902,        43P    284
3.433419332,5.182896199,-9.193595666,3.432402359,4.371564076,         43P    285
-9.189952518,3.431536463,3.560227627,-9.187339387,3.430915288,        43P    286
2.748887922,-9.184405763,3.430217926,1.838039775,-9.182808163,        43P    287
3.429836914,0.927185648,-9.18278958,3.429832487,0.016332511,          43P    288
-9.182789469,3.429832461,0.010888341,-9.182789413,3.429832448,        43P    289
0.00544417,-9.182789413,3.429832448,0.,-5.81635132471429E-08,         43P    290
0.00518292606178298,0.,0.,0.;                                         43P    291
126,1,1,1,0,1,0,0.,0.,1.,1.,1.,1.,0.5,0.927133279,0.,0.5,0.,0.,       45P    292
0.,1.,0.,0.,1.;                                                       45P    293
126,3,3,1,0,1,0,0.0728667210872242,0.0728667210872242,                47P    294
0.0728667210872242,0.0728667210872242,1.,1.,1.,1.,1.,1.,1.,1.,        47P    295
-9.182789413,3.429832448,0.,-6.778180522,3.143465747,0.,              47P    296
-4.386840961,3.,0.,-2.000016447,3.,0.,0.0728667210872242,1.,0.,       47P    297
0.,-1.;                                                               47P    298
126,1,1,1,0,1,0,0.,0.,1.,1.,1.,1.,0.5,0.,0.,1.,0.,0.,0.,1.,0.,        49P    299
0.,1.;                                                                49P    300
124,-1.,-1.22464679914735E-16,0.,3.67394039744206E-16,                51P    301
7.49879891330929E-33,-6.12323399573677E-17,1.,3.,                     51P    302
-1.22464679914735E-16,1.,6.12323399573677E-17,-3.;                    51P    303
100,0.,0.,3.,2.,2.999999995,-2.,3.;                                   53P    304
102,12,5,9,13,17,21,25,29,33,37,41,45,49;                             55P    305
102,12,7,11,15,19,23,27,31,35,39,43,47,53;                            57P    306
142,1,3,55,57,1;                                                      59P    307
144,3,1,0,59;                                                         61P    308
128,1,1,1,1,0,0,1,0,0,0.,0.,1.,1.,0.,0.,1.,1.,1.,1.,1.,1.,            63P    309
-9.25,1.5,-7.,-9.25,1.5,7.,9.25,1.5,-7.,9.25,1.5,7.,0.,1.,0.,         63P    310
1.;                                                                   63P    311
126,1,1,1,0,1,0,0.,0.,1.,1.,1.,1.,0.053571429,0.,0.,                  65P    312
0.946428571,0.,0.,0.,1.,0.,0.,1.;                                     65P    313
110,-9.25,1.5,-6.25,-9.25,1.5,6.25;                                   67P    314
126,8,2,1,0,1,0,0.,0.,0.,0.25,0.25,0.5,0.5,0.75,0.75,1.,1.,1.,        69P    315
1.,1.,1.,1.,1.,1.,1.,1.,1.,0.946428571,0.,0.,0.957084591,0.,0.,       69P    316
0.96692947,0.003085965,0.,0.976774348,0.00617193,0.,                  69P    317
0.984309292,0.011874049,0.,0.991844236,0.017576169,0.,                69P    318
0.995922118,0.025026347,0.,1.,0.032476526,0.,1.,0.040540541,0.,       69P    319
0.,1.,0.,0.,-1.;                                                      69P    320
124,-1.,6.98296267768627E-15,0.,-17.,-4.27583144589696E-31,           71P    321
-6.12323399573677E-17,1.,-4.75,6.98296267768627E-15,1.,               71P    322
6.12323399573677E-17,4.75000000000006;                                71P    323
100,6.25,-8.5,1.5,-7.75,1.5,-8.5,2.25;                                73P    324
126,1,1,1,0,1,0,0.,0.,1.,1.,1.,1.,1.,0.040540541,0.,1.,               75P    325
0.959459459,0.,0.,1.,0.,0.,1.;                                        75P    326
110,-8.5,1.5,7.,8.5,1.5,7.;                                           77P    327
126,8,2,1,0,1,0,0.,0.,0.,0.25,0.25,0.5,0.5,0.75,0.75,1.,1.,1.,        79P    328
1.,1.,1.,1.,1.,1.,1.,1.,1.,1.,0.959459459,0.,1.,0.967523474,0.,       79P    329
0.995922118,0.974973653,0.,0.991844236,0.982423831,0.,                79P    330
0.984309292,0.988125951,0.,0.976774348,0.99382807,0.,                 79P    331
0.96692947,0.996914035,0.,0.957084591,1.,0.,0.946428571,1.,0.,        79P    332
0.,1.,0.,0.,-1.;                                                      79P    333
124,1.40271576953299E-14,1.,0.,6.99999999999988,                      81P    334
-6.12323399573677E-17,8.58915688636046E-31,1.,-4.75,1.,               81P    335
-1.40271576953299E-14,6.12323399573677E-17,-2.24999999999998;         81P    336
100,6.25,8.5,1.5,9.25,1.5,8.5,2.25;                                   83P    337
126,1,1,1,0,1,0,0.,0.,1.,1.,1.,1.,0.946428571,1.,0.,                  85P    338
0.053571429,1.,0.,0.,1.,0.,0.,1.;                                     85P    339
110,9.25,1.5,6.25,9.25,1.5,-6.25;                                     87P    340
126,8,2,1,0,1,0,0.,0.,0.,0.25,0.25,0.5,0.5,0.75,0.75,1.,1.,1.,        89P    341
1.,1.,1.,1.,1.,1.,1.,1.,1.,0.053571429,1.,0.,0.042915409,1.,0.,       89P    342
0.03307053,0.996914035,0.,0.023225652,0.99382807,0.,                  89P    343
0.015690708,0.988125951,0.,0.008155764,0.982423831,0.,                89P    344
0.004077882,0.974973653,0.,0.,0.967523474,0.,0.,0.959459459,0.,       89P    345
0.,1.,0.,0.,-1.;                                                      89P    346
124,1.,0.,0.,0.,0.,6.12323399573677E-17,1.,7.75,0.,-1.,               91P    347
6.12323399573677E-17,-4.75;                                           91P    348
100,-6.25,8.5,1.5,9.25,1.5,8.5,2.25;                                  93P    349
126,1,1,1,0,1,0,0.,0.,1.,1.,1.,1.,0.,0.959459459,0.,0.,               95P    350
0.040540541,0.,0.,1.,0.,0.,1.;                                        95P    351
110,8.5,1.5,-7.,-8.5,1.5,-7.;                                         97P    352
126,8,2,1,0,1,0,0.,0.,0.,0.25,0.25,0.5,0.5,0.75,0.75,1.,1.,1.,        99P    353
1.,1.,1.,1.,1.,1.,1.,1.,1.,0.,0.040540541,0.,0.,0.032476526,0.,       99P    354
0.004077882,0.025026347,0.,0.008155764,0.017576169,0.,                99P    355
0.015690708,0.011874049,0.,0.023225652,0.00617193,0.,                 99P    356
0.03307053,0.003085965,0.,0.042915409,0.,0.,0.053571429,0.,0.,        99P    357
0.,1.,0.,0.,-1.;                                                      99P    358
124,6.12323399573677E-17,-1.,0.,-6.99999999999999,                   101P    359
6.12323399573677E-17,3.74939945665464E-33,1.,7.75000000000001,       101P    360
-1.,-6.12323399573677E-17,6.12323399573677E-17,-14.75;               101P    361
100,-6.25,-8.5,1.5,-7.75,1.5,-8.5,2.25;                              103P    362
102,8,65,69,75,79,85,89,95,99;                                       105P    363
102,8,67,73,77,83,87,93,97,103;                                      107P    364
142,1,63,105,107,1;                                                  109P    365
126,1,1,1,0,1,0,0.,0.,1.,1.,1.,1.,0.378571429,0.301351351,0.,        111P    366
0.378571429,0.390540541,0.,0.,1.,0.,0.,1.;                           111P    367
110,-3.675,1.5,-1.7,-2.025,1.5,-1.7;                                 113P    368
126,1,1,1,0,1,0,0.,0.,1.,1.,1.,1.,0.378571429,0.390540541,0.,        115P    369
0.621428571,0.390540541,0.,0.,1.,0.,0.,1.;                           115P    370
110,-2.025,1.5,-1.7,-2.025,1.5,1.7;                                  117P    371
126,1,1,1,0,1,0,0.,0.,1.,1.,1.,1.,0.621428571,0.390540541,0.,        119P    372
0.621428571,0.301351351,0.,0.,1.,0.,0.,1.;                           119P    373
110,-2.025,1.5,1.7,-3.675,1.5,1.7;                                   121P    374
126,1,1,1,0,1,0,0.,0.,1.,1.,1.,1.,0.621428571,0.301351351,0.,        123P    375
0.378571429,0.301351351,0.,0.,1.,0.,0.,1.;                           123P    376
110,-3.675,1.5,1.7,-3.675,1.5,-1.7;                                  125P    377
102,4,111,115,119,123;                                               127P    378
102,4,113,117,121,125;                                               129P    379
142,1,63,127,129,1;                                                  131P    380
126,1,1,1,0,1,0,0.,0.,1.,1.,1.,1.,0.378571429,0.609459459,0.,        133P    381
0.378571429,0.698648649,0.,0.,1.,0.,0.,1.;                           133P    382
110,2.025,1.5,-1.7,3.675,1.5,-1.7;                                   135P    383
126,1,1,1,0,1,0,0.,0.,1.,1.,1.,1.,0.378571429,0.698648649,0.,        137P    384
0.621428571,0.698648649,0.,0.,1.,0.,0.,1.;                           137P    385
110,3.675,1.5,-1.7,3.675,1.5,1.7;                                    139P    386
126,1,1,1,0,1,0,0.,0.,1.,1.,1.,1.,0.621428571,0.698648649,0.,        141P    387
0.621428571,0.609459459,0.,0.,1.,0.,0.,1.;                           141P    388
110,3.675,1.5,1.7,2.025,1.5,1.7;                                     143P    389
126,1,1,1,0,1,0,0.,0.,1.,1.,1.,1.,0.621428571,0.609459459,0.,        145P    390
0.378571429,0.609459459,0.,0.,1.,0.,0.,1.;                           145P    391
110,2.025,1.5,1.7,2.025,1.5,-1.7;                                    147P    392
102,4,133,137,141,145;                                               149P    393
102,4,135,139,143,147;                                               151P    394
142,1,63,149,151,1;                                                  153P    395
144,63,1,2,109,131,153;                                              155P    396
110,10.25,3.5,8.,10.25,-996.5,8.;                                    157P    397
110,10.25,3.,7.,10.25,0.,7.;                                         159P    398
120,157,159,0.,6.28318530717959;                                     161P    399
126,1,1,1,0,1,0,0.,0.,1.,1.,1.,1.,1.,1.570796327,0.,0.,              163P    400
1.570796327,0.,0.,1.,0.,0.,1.;                                       163P    401
110,11.25,0.,8.,11.25,3.,8.;                                         165P    402
126,1,1,1,0,1,0,0.,0.,1.,1.,1.,1.,0.,1.570796327,0.,0.,              167P    403
3.141592654,0.,0.,1.,0.,0.,1.;                                       167P    404
124,1.,0.,0.,0.,0.,6.12323399573677E-17,-1.,11.,0.,1.,               169P    405
6.12323399573677E-17,5.;                                             169P    406
100,8.,10.25,3.,11.25,3.,10.25,4.;                                   171P    407
126,1,1,1,0,1,0,0.,0.,1.,1.,1.,1.,0.,3.141592654,0.,1.,              173P    408
3.141592654,0.,0.,1.,0.,0.,1.;                                       173P    409
110,10.25,3.,9.,10.25,0.,9.;                                         175P    410
126,1,1,1,0,1,0,0.,0.,1.,1.,1.,1.,1.,3.141592654,0.,1.,              177P    411
1.570796327,0.,0.,1.,0.,0.,1.;                                       177P    412
124,1.22508008559297E-14,1.,0.,10.2499999999999,                     179P    413
-6.12323399573677E-17,7.50145202760295E-31,1.,-8.,1.,                179P    414
-1.22508008559297E-14,6.12323399573677E-17,-2.25;                    179P    415
100,8.,10.25,0.,11.25,0.,10.25,1.;                                   181P    416
102,4,163,167,173,177;                                               183P    417
102,4,165,171,175,181;                                               185P    418
142,1,161,183,185,1;                                                 187P    419
144,161,1,0,187;                                                     189P    420
128,1,1,1,1,0,0,1,0,0,0.,0.,1.,1.,0.,0.,1.,1.,1.,1.,1.,1.,           191P    421
11.25,0.,-8.,11.25,0.,8.,11.25,3.,-8.,11.25,3.,8.,0.,1.,0.,1.;       191P    422
126,1,1,1,0,1,0,0.,0.,1.,1.,1.,1.,0.,0.,0.,1.,0.,0.,0.,1.,0.,        193P    423
0.,1.;                                                               193P    424
110,11.25,0.,-8.,11.25,0.,8.;                                        195P    425
126,1,1,1,0,1,0,0.,0.,1.,1.,1.,1.,1.,0.,0.,1.,1.,0.,0.,1.,0.,        197P    426
0.,1.;                                                               197P    427
110,11.25,0.,8.,11.25,3.,8.;                                         199P    428
126,1,1,1,0,1,0,0.,0.,1.,1.,1.,1.,1.,1.,0.,0.,1.,0.,0.,1.,0.,        201P    429
0.,1.;                                                               201P    430
110,11.25,3.,8.,11.25,3.,-8.;                                        203P    431
126,1,1,1,0,1,0,0.,0.,1.,1.,1.,1.,0.,1.,0.,0.,0.,0.,0.,1.,0.,        205P    432
0.,1.;                                                               205P    433
110,11.25,3.,-8.,11.25,0.,-8.;                                       207P    434
102,4,193,197,201,205;                                               209P    435
102,4,195,199,203,207;                                               211P    436
142,1,191,209,211,1;                                                 213P    437
144,191,1,0,213;                                                     215P    438
110,10.25,3.5,-8.,10.25,-996.5,-8.;                                  217P    439
110,10.25,3.,-9.,10.25,0.,-9.;                                       219P    440
120,217,219,0.,6.28318530717959;                                     221P    441
126,1,1,1,0,1,0,0.,0.,1.,1.,1.,1.,1.,0.,0.,0.,0.,0.,0.,1.,0.,        223P    442
0.,1.;                                                               223P    443
110,10.25,0.,-9.,10.25,3.,-9.;                                       225P    444
126,1,1,1,0,1,0,0.,0.,1.,1.,1.,1.,0.,0.,0.,0.,1.570796327,0.,        227P    445
0.,1.,0.,0.,1.;                                                      227P    446
124,1.40271576953299E-14,1.,0.,7.24999999999986,                     229P    447
-6.12323399573677E-17,8.58915688636046E-31,-1.,-5.,-1.,              229P    448
1.40271576953299E-14,6.12323399573677E-17,2.24999999999996;          229P    449
100,-8.,10.25,3.,11.25,3.,10.25,4.;                                  231P    450
126,1,1,1,0,1,0,0.,0.,1.,1.,1.,1.,0.,1.570796327,0.,1.,              233P    451
1.570796327,0.,0.,1.,0.,0.,1.;                                       233P    452
110,11.25,3.,-8.,11.25,0.,-8.;                                       235P    453
126,1,1,1,0,1,0,0.,0.,1.,1.,1.,1.,1.,1.570796327,0.,1.,0.,0.,        237P    454
0.,1.,0.,0.,1.;                                                      237P    455
124,1.,0.,0.,0.,0.,6.12323399573677E-17,1.,8.,0.,-1.,                239P    456
6.12323399573677E-17,-8.;                                            239P    457
100,-8.,10.25,0.,11.25,0.,10.25,1.;                                  241P    458
102,4,223,227,233,237;                                               243P    459
102,4,225,231,235,241;                                               245P    460
142,1,221,243,245,1;                                                 247P    461
144,221,1,0,247;                                                     249P    462
128,1,1,1,1,0,0,1,0,0,0.,0.,1.,1.,0.,0.,1.,1.,1.,1.,1.,1.,           251P    463
-10.25,0.,-9.,10.25,0.,-9.,-10.25,3.,-9.,10.25,3.,-9.,0.,1.,0.,      251P    464
1.;                                                                  251P    465
126,1,1,1,0,1,0,0.,0.,1.,1.,1.,1.,0.,0.,0.,1.,0.,0.,0.,1.,0.,        253P    466
0.,1.;                                                               253P    467
110,-10.25,0.,-9.,10.25,0.,-9.;                                      255P    468
126,1,1,1,0,1,0,0.,0.,1.,1.,1.,1.,1.,0.,0.,1.,1.,0.,0.,1.,0.,        257P    469
0.,1.;                                                               257P    470
110,10.25,0.,-9.,10.25,3.,-9.;                                       259P    471
126,1,1,1,0,1,0,0.,0.,1.,1.,1.,1.,1.,1.,0.,0.,1.,0.,0.,1.,0.,        261P    472
0.,1.;                                                               261P    473
110,10.25,3.,-9.,-10.25,3.,-9.;                                      263P    474
126,1,1,1,0,1,0,0.,0.,1.,1.,1.,1.,0.,1.,0.,0.,0.,0.,0.,1.,0.,        265P    475
0.,1.;                                                               265P    476
110,-10.25,3.,-9.,-10.25,0.,-9.;                                     267P    477
102,4,253,257,261,265;                                               269P    478
102,4,255,259,263,267;                                               271P    479
142,1,251,269,271,1;                                                 273P    480
144,251,1,0,273;                                                     275P    481
110,-10.25,3.5,-8.,-10.25,-996.5,-8.;                                277P    482
110,-10.25,3.,-9.,-10.25,0.,-9.;                                     279P    483
120,277,279,0.,6.28318530717959;                                     281P    484
126,1,1,1,0,1,0,0.,0.,1.,1.,1.,1.,1.,4.71238898,0.,0.,               283P    485
4.71238898,0.,0.,1.,0.,0.,1.;                                        283P    486
110,-11.25,0.,-8.,-11.25,3.,-8.;                                     285P    487
126,1,1,1,0,1,0,0.,0.,1.,1.,1.,1.,0.,4.71238898,0.,0.,               287P    488
6.283185307,0.,0.,1.,0.,0.,1.;                                       287P    489
124,-1.,6.98296267768627E-15,0.,-20.5,-4.27583144589696E-31,         289P    490
-6.12323399573677E-17,-1.,-5.,-6.98296267768627E-15,-1.,             289P    491
6.12323399573677E-17,-5.00000000000008;                              289P    492
100,-8.,-10.25,3.,-9.25,3.,-10.25,4.;                                291P    493
126,1,1,1,0,1,0,0.,0.,1.,1.,1.,1.,0.,6.283185307,0.,1.,              293P    494
6.283185307,0.,0.,1.,0.,0.,1.;                                       293P    495
110,-10.25,3.,-9.,-10.25,0.,-9.;                                     295P    496
126,1,1,1,0,1,0,0.,0.,1.,1.,1.,1.,1.,6.283185307,0.,1.,              297P    497
4.71238898,0.,0.,1.,0.,0.,1.;                                        297P    498
124,1.83758917935762E-15,-1.,0.,-10.25,6.12323399573677E-17,         299P    499
1.12519885332406E-31,1.,8.00000000000001,-1.,                        299P    500
-1.83758917935762E-15,6.12323399573677E-17,-18.25;                   299P    501
100,-8.,-10.25,0.,-9.25,0.,-10.25,1.;                                301P    502
102,4,283,287,293,297;                                               303P    503
102,4,285,291,295,301;                                               305P    504
142,1,281,303,305,1;                                                 307P    505
144,281,1,0,307;                                                     309P    506
128,1,1,1,1,0,0,1,0,0,0.,0.,1.,1.,0.,0.,1.,1.,1.,1.,1.,1.,           311P    507
-11.25,0.,8.,-11.25,0.,-8.,-11.25,3.,8.,-11.25,3.,-8.,0.,1.,0.,      311P    508
1.;                                                                  311P    509
126,1,1,1,0,1,0,0.,0.,1.,1.,1.,1.,0.,0.,0.,1.,0.,0.,0.,1.,0.,        313P    510
0.,1.;                                                               313P    511
110,-11.25,0.,8.,-11.25,0.,-8.;                                      315P    512
126,1,1,1,0,1,0,0.,0.,1.,1.,1.,1.,1.,0.,0.,1.,1.,0.,0.,1.,0.,        317P    513
0.,1.;                                                               317P    514
110,-11.25,0.,-8.,-11.25,3.,-8.;                                     319P    515
126,1,1,1,0,1,0,0.,0.,1.,1.,1.,1.,1.,1.,0.,0.,1.,0.,0.,1.,0.,        321P    516
0.,1.;                                                               321P    517
110,-11.25,3.,-8.,-11.25,3.,8.;                                      323P    518
126,1,1,1,0,1,0,0.,0.,1.,1.,1.,1.,0.,1.,0.,0.,0.,0.,0.,1.,0.,        325P    519
0.,1.;                                                               325P    520
110,-11.25,3.,8.,-11.25,0.,8.;                                       327P    521
102,4,313,317,321,325;                                               329P    522
102,4,315,319,323,327;                                               331P    523
142,1,311,329,331,1;                                                 333P    524
144,311,1,0,333;                                                     335P    525
110,-10.25,3.5,8.,-10.25,-996.5,8.;                                  337P    526
110,-10.25,3.,7.,-10.25,0.,7.;                                       339P    527
120,337,339,0.,6.28318530717959;                                     341P    528
126,1,1,1,0,1,0,0.,0.,1.,1.,1.,1.,1.,3.141592654,0.,0.,              343P    529
3.141592654,0.,0.,1.,0.,0.,1.;                                       343P    530
110,-10.25,0.,9.,-10.25,3.,9.;                                       345P    531
126,1,1,1,0,1,0,0.,0.,1.,1.,1.,1.,0.,3.141592654,0.,0.,              347P    532
4.71238898,0.,0.,1.,0.,0.,1.;                                        347P    533
124,6.12323399573677E-17,-1.,0.,-7.24999999999999,                   349P    534
6.12323399573677E-17,3.74939945665464E-33,-1.,11.,1.,                349P    535
6.12323399573677E-17,6.12323399573677E-17,18.25;                     349P    536
100,8.,-10.25,3.,-9.25,3.,-10.25,4.;                                 351P    537
126,1,1,1,0,1,0,0.,0.,1.,1.,1.,1.,0.,4.71238898,0.,1.,               353P    538
4.71238898,0.,0.,1.,0.,0.,1.;                                        353P    539
110,-11.25,3.,8.,-11.25,0.,8.;                                       355P    540
126,1,1,1,0,1,0,0.,0.,1.,1.,1.,1.,1.,4.71238898,0.,1.,               357P    541
3.141592654,0.,0.,1.,0.,0.,1.;                                       357P    542
124,-1.,6.98296267768627E-15,0.,-20.5,-4.27583144589696E-31,         359P    543
-6.12323399573677E-17,1.,-8.,6.98296267768627E-15,1.,                359P    544
6.12323399573677E-17,8.00000000000007;                               359P    545
100,8.,-10.25,0.,-9.25,0.,-10.25,1.;                                 361P    546
102,4,343,347,353,357;                                               363P    547
102,4,345,351,355,361;                                               365P    548
142,1,341,363,365,1;                                                 367P    549
144,341,1,0,367;                                                     369P    550
128,1,1,1,1,0,0,1,0,0,0.,0.,1.,1.,0.,0.,1.,1.,1.,1.,1.,1.,           371P    551
10.25,0.,9.,-10.25,0.,9.,10.25,3.,9.,-10.25,3.,9.,0.,1.,0.,1.;       371P    552
126,1,1,1,0,1,0,0.,0.,1.,1.,1.,1.,0.,0.,0.,1.,0.,0.,0.,1.,0.,        373P    553
0.,1.;                                                               373P    554
110,10.25,0.,9.,-10.25,0.,9.;                                        375P    555
126,1,1,1,0,1,0,0.,0.,1.,1.,1.,1.,1.,0.,0.,1.,1.,0.,0.,1.,0.,        377P    556
0.,1.;                                                               377P    557
110,-10.25,0.,9.,-10.25,3.,9.;                                       379P    558
126,1,1,1,0,1,0,0.,0.,1.,1.,1.,1.,1.,1.,0.,0.,1.,0.,0.,1.,0.,        381P    559
0.,1.;                                                               381P    560
110,-10.25,3.,9.,10.25,3.,9.;                                        383P    561
126,1,1,1,0,1,0,0.,0.,1.,1.,1.,1.,0.,1.,0.,0.,0.,0.,0.,1.,0.,        385P    562
0.,1.;                                                               385P    563
110,10.25,3.,9.,10.25,0.,9.;                                         387P    564
102,4,373,377,381,385;                                               389P    565
102,4,375,379,383,387;                                               391P    566
142,1,371,389,391,1;                                                 393P    567
144,371,1,0,393;                                                     395P    568
128,1,1,1,1,0,0,1,0,0,0.,0.,1.,1.,0.,0.,1.,1.,1.,1.,1.,1.,           397P    569
-10.75,3.5,-8.5,-10.75,3.5,8.5,10.75,3.5,-8.5,10.75,3.5,8.5,0.,      397P    570
1.,0.,1.;                                                            397P    571
126,1,1,1,0,1,0,0.,0.,1.,1.,1.,1.,0.,0.976744186,0.,0.,              399P    572
0.023255814,0.,0.,1.,0.,0.,1.;                                       399P    573
110,10.25,3.5,-8.5,-10.25,3.5,-8.5;                                  401P    574
126,8,2,1,0,1,0,0.,0.,0.,0.25,0.25,0.5,0.5,0.75,0.75,1.,1.,1.,       403P    575
1.,1.,1.,1.,1.,1.,1.,1.,1.,0.,0.023255814,0.,0.,0.018629945,0.,      403P    576
0.002238837,0.014356199,0.,0.004477675,0.010082454,0.,               403P    577
0.008614506,0.00681147,0.,0.012751338,0.003540487,0.,                403P    578
0.01815637,0.001770243,0.,0.023561401,0.,0.,0.029411765,0.,0.,       403P    579
0.,1.,0.,0.,-1.;                                                     403P    580
124,3.39190141383284E-15,-1.,0.,-6.74999999999996,                   405P    581
6.12323399573677E-17,2.07694060473688E-31,1.,11.5,-1.,               405P    582
-3.39190141383284E-15,6.12323399573677E-17,-18.25;                   405P    583
100,-8.,-10.25,3.5,-9.75,3.5,-10.25,4.;                              407P    584
126,1,1,1,0,1,0,0.,0.,1.,1.,1.,1.,0.029411765,0.,0.,                 409P    585
0.970588235,0.,0.,0.,1.,0.,0.,1.;                                    409P    586
110,-10.75,3.5,-8.,-10.75,3.5,8.;                                    411P    587
126,8,2,1,0,1,0,0.,0.,0.,0.25,0.25,0.5,0.5,0.75,0.75,1.,1.,1.,       413P    588
1.,1.,1.,1.,1.,1.,1.,1.,1.,0.970588235,0.,0.,0.976438599,0.,0.,      413P    589
0.98184363,0.001770243,0.,0.987248662,0.003540487,0.,                413P    590
0.991385494,0.00681147,0.,0.995522325,0.010082454,0.,                413P    591
0.997761163,0.014356199,0.,1.,0.018629945,0.,1.,0.023255814,0.,      413P    592
0.,1.,0.,0.,-1.;                                                     413P    593
124,-1.,6.98296267768627E-15,0.,-20.5,-4.27583144589696E-31,         415P    594
-6.12323399573677E-17,1.,-4.5,6.98296267768627E-15,1.,               415P    595
6.12323399573677E-17,4.50000000000007;                               415P    596
100,8.,-10.25,3.5,-9.75,3.5,-10.25,4.;                               417P    597
126,1,1,1,0,1,0,0.,0.,1.,1.,1.,1.,1.,0.023255814,0.,1.,              419P    598
0.976744186,0.,0.,1.,0.,0.,1.;                                       419P    599
110,-10.25,3.5,8.5,10.25,3.5,8.5;                                    421P    600
126,8,2,1,0,1,0,0.,0.,0.,0.25,0.25,0.5,0.5,0.75,0.75,1.,1.,1.,       423P    601
1.,1.,1.,1.,1.,1.,1.,1.,1.,1.,0.976744186,0.,1.,0.981370055,0.,      423P    602
0.997761163,0.985643801,0.,0.995522325,0.989917546,0.,               423P    603
0.991385494,0.99318853,0.,0.987248662,0.996459513,0.,                423P    604
0.98184363,0.998229757,0.,0.976438599,1.,0.,0.970588235,1.,0.,       423P    605
0.,1.,0.,0.,-1.;                                                     423P    606
124,1.40271576953299E-14,1.,0.,6.74999999999986,                     425P    607
-6.12323399573677E-17,8.58915688636046E-31,1.,-4.5,1.,               425P    608
-1.40271576953299E-14,6.12323399573677E-17,-2.24999999999995;        425P    609
100,8.,10.25,3.5,10.75,3.5,10.25,4.;                                 427P    610
126,1,1,1,0,1,0,0.,0.,1.,1.,1.,1.,0.970588235,1.,0.,                 429P    611
0.029411765,1.,0.,0.,1.,0.,0.,1.;                                    429P    612
110,10.75,3.5,8.,10.75,3.5,-8.;                                      431P    613
126,8,2,1,0,1,0,0.,0.,0.,0.25,0.25,0.5,0.5,0.75,0.75,1.,1.,1.,       433P    614
1.,1.,1.,1.,1.,1.,1.,1.,1.,0.029411765,1.,0.,0.023561401,1.,0.,      433P    615
0.01815637,0.998229757,0.,0.012751338,0.996459513,0.,                433P    616
0.008614506,0.99318853,0.,0.004477675,0.989917546,0.,                433P    617
0.002238837,0.985643801,0.,0.,0.981370055,0.,0.,0.976744186,0.,      433P    618
0.,1.,0.,0.,-1.;                                                     433P    619
124,1.,0.,0.,0.,0.,6.12323399573677E-17,1.,11.5,0.,-1.,              435P    620
6.12323399573677E-17,-4.5;                                           435P    621
100,-8.,10.25,3.5,10.75,3.5,10.25,4.;                                437P    622
102,8,399,403,409,413,419,423,429,433;                               439P    623
102,8,401,407,411,417,421,427,431,437;                               441P    624
142,1,397,439,441,1;                                                 443P    625
126,28,2,1,0,1,0,0.,0.,0.,0.015625,0.015625,0.0234375,               445P    626
0.0234375,0.03125,0.03125,0.0625,0.0625,0.125,0.125,0.25,0.25,       445P    627
0.5,0.5,0.75,0.75,0.875,0.875,0.9375,0.9375,0.96875,0.96875,         445P    628
0.9765625,0.9765625,0.984375,0.984375,1.,1.,1.,1.,1.,1.,1.,1.,       445P    629
1.,1.,1.,1.,1.,1.,1.,1.,1.,1.,1.,1.,1.,1.,1.,1.,1.,1.,1.,1.,1.,      445P    630
1.,1.,1.,0.823529412,0.019365876,0.,0.818502211,0.018968426,0.,      445P    631
0.813425786,0.018778853,0.,0.810903545,0.018684662,0.,               445P    632
0.808372018,0.018641927,0.,0.806810015,0.018615559,0.,               445P    633
0.803317058,0.018600412,0.,0.793104029,0.018556124,0.,               445P    634
0.783096216,0.018514861,0.,0.762500254,0.018429941,0.,               445P    635
0.742654361,0.018357351,0.,0.700975997,0.018204904,0.,               445P    636
0.661769882,0.018103967,0.,0.579098663,0.017891129,0.,               445P    637
0.499999368,0.01789113,0.,0.420900053,0.017891131,0.,                445P    638
0.338228769,0.01810397,0.,0.29902255,0.018204908,0.,                 445P    639
0.257344057,0.018357356,0.,0.237498118,0.018429947,0.,               445P    640
0.216902102,0.018514868,0.,0.206894274,0.018556131,0.,               445P    641
0.196681227,0.018600419,0.,0.193189142,0.018615562,0.,               445P    642
0.191626312,0.018641955,0.,0.189094929,0.018684705,0.,               445P    643
0.186572833,0.018778904,0.,0.181497104,0.01896848,0.,                445P    644
0.176470588,0.019365876,0.,0.,1.,0.,0.,1.;                           445P    645
126,13,3,1,0,1,0,0.,0.,0.,0.,0.125,0.125,0.25,0.25,0.5,0.5,          447P    646
0.75,0.75,0.875,0.875,1.,1.,1.,1.,1.,1.,1.,1.,1.,1.,1.,1.,1.,        447P    647
1.,1.,1.,1.,1.,-10.333633668,3.5,5.5,-10.379419048,3.5,              447P    648
5.042088705,-10.353196709,3.5,4.583466516,-10.357437217,3.5,         447P    649
3.66678176,-10.359272328,3.5,3.208436557,-10.363749475,3.5,          447P    650
1.83339086,-10.36534072,3.5,0.916691347,-10.365340696,3.5,           447P    651
-0.916712823,-10.363749422,3.5,-1.833414268,-10.359272242,3.5,       447P    652
-3.208459267,-10.35743711,3.5,-3.666807247,-10.353196567,3.5,        447P    653
-4.58349482,-10.379410331,3.5,-5.042175884,-10.333633668,3.5,        447P    654
-5.5,0.,1.,0.,1.,0.;                                                 447P    655
126,14,2,1,0,1,0,0.,0.,0.,0.125,0.125,0.25,0.25,0.375,0.375,         449P    656
0.5,0.5,0.625,0.625,0.75,0.75,1.,1.,1.,1.,1.,1.,1.,1.,1.,1.,1.,      449P    657
1.,1.,1.,1.,1.,1.,1.,0.176470588,0.019365876,0.,0.161574751,         449P    658
0.020543538,0.,0.147394622,0.023511801,0.,0.132929038,               449P    659
0.026539816,0.,0.119573126,0.031362621,0.,0.106123332,               449P    660
0.036219326,0.,0.093842461,0.042841873,0.,0.081540576,               449P    661
0.049475752,0.,0.070953084,0.057590272,0.,0.060409275,               449P    662
0.065671312,0.,0.051588657,0.075251719,0.,0.042940583,               449P    663
0.084644719,0.,0.03619704,0.095197158,0.,0.023137875,                449P    664
0.115632413,0.,0.017871796,0.139534884,0.,0.,1.,0.,0.,1.;            449P    665
126,5,3,1,0,1,0,0.,0.,0.,0.,0.5,0.5,1.,1.,1.,1.,1.,1.,1.,1.,1.,      451P    666
1.,-10.333633668,3.5,-5.5,-10.266355863,3.5,-6.172862543,            451P    667
-9.982678519,3.5,-6.808015886,-9.040939794,3.5,-7.779579267,         451P    668
-8.415479468,3.5,-8.08025111,-7.75,3.5,-8.196179466,0.,1.,0.,        451P    669
1.,0.;                                                               451P    670
126,28,2,1,0,1,0,0.,0.,0.,0.03125,0.03125,0.0390625,0.0390625,       453P    671
0.046875,0.046875,0.0625,0.0625,0.125,0.125,0.25,0.25,0.5,0.5,       453P    672
0.75,0.75,0.875,0.875,0.9375,0.9375,0.953125,0.953125,               453P    673
0.9609375,0.9609375,0.96875,0.96875,1.,1.,1.,1.,1.,1.,1.,1.,1.,      453P    674
1.,1.,1.,1.,1.,1.,1.,1.,1.,1.,1.,1.,1.,1.,1.,1.,1.,1.,1.,1.,1.,      453P    675
1.,1.,0.017871796,0.139534884,0.,0.015464491,0.150461524,0.,         453P    676
0.014717887,0.16199044,0.,0.014536666,0.164788818,0.,                453P    677
0.014453674,0.167619621,0.,0.014435147,0.168251581,0.,               453P    678
0.014326621,0.173252802,0.,0.014200459,0.179066759,0.,               453P    679
0.014082962,0.184519469,0.,0.013551449,0.209185428,0.,               453P    680
0.013130558,0.229586785,0.,0.012090242,0.28001285,0.,                453P    681
0.011414229,0.319725247,0.,0.009741184,0.418008455,0.,               453P    682
0.009511079,0.500014046,0.,0.009269767,0.586014139,0.,               453P    683
0.010522918,0.680305713,0.,0.011072517,0.721659525,0.,               453P    684
0.011975185,0.770447174,0.,0.012368409,0.791700231,0.,               453P    685
0.012849066,0.815515629,0.,0.012960876,0.821055526,0.,               453P    686
0.013078367,0.826782353,0.,0.013156169,0.830574689,0.,               453P    687
0.013234749,0.83241419,0.,0.013355596,0.835243163,0.,                453P    688
0.013572473,0.838039402,0.,0.014465461,0.849552865,0.,               453P    689
0.016979933,0.860465116,0.,0.,1.,0.,0.,1.;                           453P    690
126,17,3,1,0,1,0,0.,0.,0.,0.,0.0625,0.0625,0.125,0.125,0.25,         455P    691
0.25,0.5,0.5,0.75,0.75,0.875,0.875,0.9375,0.9375,1.,1.,1.,1.,        455P    692
1.,1.,1.,1.,1.,1.,1.,1.,1.,1.,1.,1.,1.,1.,1.,1.,1.,1.,-7.75,         455P    693
3.5,-8.196179466,-7.428881992,3.5,-8.252119108,-7.105809942,         455P    694
3.5,-8.255086652,-6.459852898,3.5,-8.266092656,-6.136871282,         455P    695
3.5,-8.27151178,-5.167909791,3.5,-8.287317978,-4.521914455,3.5,      455P    696
-8.297262968,-2.583892648,3.5,-8.323348372,-1.291790386,3.5,         455P    697
-8.335444931,1.292394351,3.5,-8.341178371,2.584510322,3.5,           455P    698
-8.334688046,4.522604079,3.5,-8.314321576,5.168616416,3.5,           455P    699
-8.305872464,6.137613158,3.5,-8.291696553,6.460604614,3.5,           455P    700
-8.286720131,7.106567439,3.5,-8.276411619,7.429478714,3.5,           455P    701
-8.269739395,7.75,3.5,-8.211341131,0.,1.,0.,1.,0.;                   455P    702
126,14,2,1,0,1,0,0.,0.,0.,0.25,0.25,0.375,0.375,0.5,0.5,0.625,       457P    703
0.625,0.75,0.75,0.875,0.875,1.,1.,1.,1.,1.,1.,1.,1.,1.,1.,1.,        457P    704
1.,1.,1.,1.,1.,1.,1.,0.016979933,0.860465116,0.,0.022501276,         457P    705
0.884426513,0.,0.035624222,0.904777007,0.,0.042427774,               457P    706
0.915327659,0.,0.051141592,0.924733547,0.,0.059979111,               457P    707
0.934272961,0.,0.070508817,0.942338822,0.,0.081172393,               457P    708
0.950507229,0.,0.093523119,0.957151369,0.,0.105783729,               457P    709
0.963747031,0.,0.11925008,0.968595774,0.,0.132714061,                457P    710
0.973443664,0.,0.147257375,0.976471366,0.,0.161517923,               457P    711
0.979440201,0.,0.176470588,0.980592878,0.,0.,1.,0.,0.,1.;            457P    712
126,5,3,1,0,1,0,0.,0.,0.,0.,0.5,0.5,1.,1.,1.,1.,1.,1.,1.,1.,1.,      459P    713
1.,7.75,3.5,-8.211341131,8.415822994,3.5,-8.090029666,               459P    714
9.040885613,3.5,-7.785877321,9.979683737,3.5,-6.8168229,             459P    715
10.266947019,3.5,-6.17491107,10.332746878,3.5,-5.5,0.,1.,0.,1.,      459P    716
0.;                                                                  459P    717
126,28,2,1,0,1,0,0.,0.,0.,0.015625,0.015625,0.0234375,               461P    718
0.0234375,0.03125,0.03125,0.0625,0.0625,0.125,0.125,0.25,0.25,       461P    719
0.5,0.5,0.75,0.75,0.875,0.875,0.9375,0.9375,0.96875,0.96875,         461P    720
0.9765625,0.9765625,0.984375,0.984375,1.,1.,1.,1.,1.,1.,1.,1.,       461P    721
1.,1.,1.,1.,1.,1.,1.,1.,1.,1.,1.,1.,1.,1.,1.,1.,1.,1.,1.,1.,1.,      461P    722
1.,1.,1.,0.176470588,0.980592878,0.,0.181497766,0.980980415,0.,      461P    723
0.186573718,0.981159103,0.,0.189095861,0.98124789,0.,                461P    724
0.19162752,0.981284998,0.,0.192707783,0.981300832,0.,                461P    725
0.196682551,0.981324578,0.,0.20703596,0.981386431,0.,                461P    726
0.216903239,0.981443198,0.,0.237948129,0.981564269,0.,               461P    727
0.257344829,0.981665379,0.,0.299882805,0.981887121,0.,               461P    728
0.338229126,0.982031378,0.,0.420891581,0.982342351,0.,               461P    729
0.50000039,0.98234235,0.,0.579105837,0.982342349,0.,0.66177184,      461P    730
0.98203137,0.,0.700122087,0.981887102,0.,0.742656438,                461P    731
0.981665377,0.,0.762051864,0.981564271,0.,0.783098168,               461P    732
0.98144319,0.,0.792965026,0.981386426,0.,0.803318907,                461P    733
0.981324569,0.,0.807292955,0.981300827,0.,0.808373926,               461P    734
0.981284977,0.,0.810905473,0.981247856,0.,0.813427504,               461P    735
0.98115906,0.,0.81850284,0.980980368,0.,0.823529412,                 461P    736
0.980592878,0.,0.,1.,0.,0.,1.;                                       461P    737
126,13,3,1,0,1,0,0.,0.,0.,0.,0.125,0.125,0.25,0.25,0.5,0.5,          463P    738
0.75,0.75,0.875,0.875,1.,1.,1.,1.,1.,1.,1.,1.,1.,1.,1.,1.,1.,        463P    739
1.,1.,1.,1.,1.,10.332746878,3.5,-5.5,10.377386656,3.5,               463P    740
-5.0421285,10.352783987,3.5,-4.583477763,10.358827325,3.5,           463P    741
-3.666798043,10.361493904,3.5,-3.208454169,10.368036067,3.5,         463P    742
-1.833406252,10.370360534,3.5,-0.916702561,10.370360512,3.5,         463P    743
0.916715825,10.368035798,3.5,1.833423637,10.361493793,3.5,           463P    744
3.20847011,10.358827315,3.5,3.666817685,10.352783886,3.5,            463P    745
4.583501204,10.377378952,3.5,5.042207519,10.332746878,3.5,5.5,       463P    746
0.,1.,0.,1.,0.;                                                      463P    747
126,14,2,1,0,1,0,0.,0.,0.,0.125,0.125,0.25,0.25,0.375,0.375,         465P    748
0.5,0.5,0.625,0.625,0.75,0.75,1.,1.,1.,1.,1.,1.,1.,1.,1.,1.,1.,      465P    749
1.,1.,1.,1.,1.,1.,1.,0.823529412,0.980592878,0.,0.838448237,         465P    750
0.97944281,0.,0.852678514,0.976484703,0.,0.867163285,                465P    751
0.973473694,0.,0.880577348,0.968657821,0.,0.894089805,               465P    752
0.963806622,0.,0.906391817,0.957197101,0.,0.918709695,               465P    753
0.950579055,0.,0.929352747,0.942444746,0.,0.939938378,               465P    754
0.934354323,0.,0.948817708,0.924777462,0.,0.957534017,               465P    755
0.915376428,0.,0.964341371,0.904830337,0.,0.977491491,               465P    756
0.884457903,0.,0.983020067,0.860465116,0.,0.,1.,0.,0.,1.;            465P    757
126,5,3,1,0,1,0,0.,0.,0.,0.,0.5,0.5,1.,1.,1.,1.,1.,1.,1.,1.,1.,      467P    758
1.,10.332746878,3.5,5.5,10.26698341,3.5,6.174537815,9.9836767,       467P    759
3.5,6.811599984,9.041447376,3.5,7.786393411,8.415978143,3.5,         467P    760
8.090001398,7.75,3.5,8.211341131,0.,1.,0.,1.,0.;                     467P    761
126,28,2,1,0,1,0,0.,0.,0.,0.03125,0.03125,0.0390625,0.0390625,       469P    762
0.046875,0.046875,0.0625,0.0625,0.125,0.125,0.25,0.25,0.5,0.5,       469P    763
0.75,0.75,0.875,0.875,0.9375,0.9375,0.953125,0.953125,               469P    764
0.9609375,0.9609375,0.96875,0.96875,1.,1.,1.,1.,1.,1.,1.,1.,1.,      469P    765
1.,1.,1.,1.,1.,1.,1.,1.,1.,1.,1.,1.,1.,1.,1.,1.,1.,1.,1.,1.,1.,      469P    766
1.,1.,0.983020067,0.860465116,0.,0.985536357,0.849544977,0.,         469P    767
0.986428814,0.838022788,0.,0.986645445,0.835225947,0.,               469P    768
0.986766012,0.832396363,0.,0.986844019,0.830565611,0.,               469P    769
0.986922003,0.826764363,0.,0.987039488,0.82103764,0.,                469P    770
0.987151293,0.815497821,0.,0.987631925,0.791683065,0.,               469P    771
0.988025127,0.770430317,0.,0.988927749,0.721643192,0.,               469P    772
0.989477301,0.680289276,0.,0.990730331,0.585998349,0.,               469P    773
0.990488873,0.499997098,0.,0.990258639,0.41799338,0.,                469P    774
0.988585522,0.319710618,0.,0.987909489,0.27999886,0.,                469P    775
0.986869152,0.229572737,0.,0.986448258,0.209171599,0.,               469P    776
0.985916733,0.184505304,0.,0.985799235,0.179052626,0.,               469P    777
0.985673071,0.173238634,0.,0.985564692,0.168244211,0.,               469P    778
0.98554591,0.167605481,0.,0.985462682,0.164775046,0.,                469P    779
0.985281245,0.161977032,0.,0.984534107,0.150455157,0.,               469P    780
0.982128204,0.139534884,0.,0.,1.,0.,0.,1.;                           469P    781
126,17,3,1,0,1,0,0.,0.,0.,0.,0.0624999999999999,                     471P    782
0.0624999999999999,0.125,0.125,0.25,0.25,0.5,0.5,0.75,0.75,          471P    783
0.875,0.875,0.9375,0.9375,1.,1.,1.,1.,1.,1.,1.,1.,1.,1.,1.,1.,       471P    784
1.,1.,1.,1.,1.,1.,1.,1.,1.,1.,7.75,3.5,8.211341131,7.429098343,      471P    785
3.5,8.269808698,7.106179053,3.5,8.276417958,6.460227237,3.5,         471P    786
8.286726012,6.137244408,3.5,8.291702136,5.168266611,3.5,             471P    787
8.305877204,4.522247235,3.5,8.314325933,2.584163851,3.5,             471P    788
8.334690473,1.292023218,3.5,8.341179236,-1.292147992,3.5,            471P    789
8.335442449,-2.584215351,3.5,8.323344848,-4.522224908,3.5,           471P    790
8.297258379,-5.168210397,3.5,8.287313263,-6.13717404,3.5,            471P    791
8.271506747,-6.460157226,3.5,8.266087524,-7.106114711,3.5,           471P    792
8.255081406,-7.429200975,3.5,8.252063541,-7.75,3.5,8.196179466,      471P    793
0.,1.,0.,1.,0.;                                                      471P    794
126,14,2,1,0,1,0,0.,0.,0.,0.25,0.25,0.375,0.375,0.5,0.5,0.625,       473P    795
0.625,0.75,0.75,0.875,0.875,1.,1.,1.,1.,1.,1.,1.,1.,1.,1.,1.,        473P    796
1.,1.,1.,1.,1.,1.,1.,0.982128204,0.139534884,0.,0.976868529,         473P    797
0.115661482,0.,0.963834721,0.09524688,0.,0.957094846,                473P    798
0.084690345,0.,0.948449203,0.075292856,0.,0.939666486,               473P    799
0.065746372,0.,0.929174533,0.057688183,0.,0.918568941,               473P    800
0.049542716,0.,0.906237053,0.042884777,0.,0.8939915,0.03627345,      473P    801
0.,0.880580301,0.031418095,0.,0.867179175,0.026566387,0.,            473P    802
0.852660804,0.02352341,0.,0.838454576,0.020545857,0.,                473P    803
0.823529412,0.019365876,0.,0.,1.,0.,0.,1.;                           473P    804
126,5,3,1,0,1,0,0.,0.,0.,0.,0.5,0.5,1.,1.,1.,1.,1.,1.,1.,1.,1.,      475P    805
1.,-7.75,3.5,8.196179466,-8.415332832,3.5,8.080276654,               475P    806
-9.040437654,3.5,7.779080165,-9.978970468,3.5,6.812853959,           475P    807
-10.266320318,3.5,6.173218046,-10.333633668,3.5,5.5,0.,1.,0.,        475P    808
1.,0.;                                                               475P    809
102,8,445,449,453,457,461,465,469,473;                               477P    810
102,8,447,451,455,459,463,467,471,475;                               479P    811
142,1,397,477,479,1;                                                 481P    812
144,397,1,1,443,481;                                                 483P    813
128,1,1,1,1,0,0,1,0,0,0.,0.,1.,1.,0.,0.,1.,1.,1.,1.,1.,1.,           485P    814
-11.25,0.,-9.,-11.25,0.,9.,11.25,0.,-9.,11.25,0.,9.,0.,1.,0.,        485P    815
1.;                                                                  485P    816
126,1,1,1,0,1,0,0.,0.,1.,1.,1.,1.,0.944444444,1.,0.,                 487P    817
0.055555556,1.,0.,0.,1.,0.,0.,1.;                                    487P    818
110,11.25,0.,8.,11.25,0.,-8.;                                        489P    819
126,16,2,1,0,1,0,0.,0.,0.,0.125,0.125,0.25,0.25,0.375,0.375,         491P    820
0.5,0.5,0.625,0.625,0.75,0.75,0.875,0.875,1.,1.,1.,1.,1.,1.,1.,      491P    821
1.,1.,1.,1.,1.,1.,1.,1.,1.,1.,1.,1.,1.,0.055555556,1.,0.,            491P    822
0.050083811,1.,0.,0.044717204,0.999146012,0.,0.039350598,            491P    823
0.998292025,0.,0.034295365,0.996616868,0.,0.029240132,               491P    824
0.994941711,0.,0.024690543,0.992509761,0.,0.020140953,               491P    825
0.99007781,0.,0.016271845,0.986982524,0.,0.012402738,                491P    826
0.983887237,0.,0.009362799,0.980247566,0.,0.006322861,               491P    827
0.976607894,0.,0.004228915,0.972563708,0.,0.002134969,               491P    828
0.968519522,0.,0.001067484,0.964226237,0.,0.,0.959932951,0.,0.,      491P    829
0.955555556,0.,0.,1.,0.,0.,-1.;                                      491P    830
124,1.,0.,0.,0.,0.,6.12323399573677E-17,1.,8.,0.,-1.,                493P    831
6.12323399573677E-17,-8.;                                            493P    832
100,-8.,10.25,0.,11.25,0.,10.25,1.;                                  495P    833
126,1,1,1,0,1,0,0.,0.,1.,1.,1.,1.,0.,0.955555556,0.,0.,              497P    834
0.044444444,0.,0.,1.,0.,0.,1.;                                       497P    835
110,10.25,0.,-9.,-10.25,0.,-9.;                                      499P    836
126,16,2,1,0,1,0,0.,0.,0.,0.125,0.125,0.25,0.25,0.375,0.375,         501P    837
0.5,0.5,0.625,0.625,0.75,0.75,0.875,0.875,1.,1.,1.,1.,1.,1.,1.,      501P    838
1.,1.,1.,1.,1.,1.,1.,1.,1.,1.,1.,1.,1.,0.,0.044444444,0.,0.,         501P    839
0.040067049,0.,0.001067484,0.035773763,0.,0.002134969,               501P    840
0.031480478,0.,0.004228915,0.027436292,0.,0.006322861,               501P    841
0.023392106,0.,0.009362799,0.019752434,0.,0.012402738,               501P    842
0.016112763,0.,0.016271845,0.013017476,0.,0.020140953,               501P    843
0.00992219,0.,0.024690543,0.007490239,0.,0.029240132,                501P    844
0.005058289,0.,0.034295365,0.003383132,0.,0.039350598,               501P    845
0.001707975,0.,0.044717204,0.000853988,0.,0.050083811,0.,0.,         501P    846
0.055555556,0.,0.,0.,1.,0.,0.,-1.;                                   501P    847
124,1.83758917935762E-15,-1.,0.,-10.25,6.12323399573677E-17,         503P    848
1.12519885332406E-31,1.,8.00000000000001,-1.,                        503P    849
-1.83758917935762E-15,6.12323399573677E-17,-18.25;                   503P    850
100,-8.,-10.25,0.,-9.25,0.,-10.25,1.;                                505P    851
126,1,1,1,0,1,0,0.,0.,1.,1.,1.,1.,0.055555556,0.,0.,                 507P    852
0.944444444,0.,0.,0.,1.,0.,0.,1.;                                    507P    853
110,-11.25,0.,-8.,-11.25,0.,8.;                                      509P    854
126,16,2,1,0,1,0,0.,0.,0.,0.125,0.125,0.25,0.25,0.375,0.375,         511P    855
0.5,0.5,0.625,0.625,0.75,0.75,0.875,0.875,1.,1.,1.,1.,1.,1.,1.,      511P    856
1.,1.,1.,1.,1.,1.,1.,1.,1.,1.,1.,1.,1.,0.944444444,0.,0.,            511P    857
0.949916189,0.,0.,0.955282796,0.000853988,0.,0.960649402,            511P    858
0.001707975,0.,0.965704635,0.003383132,0.,0.970759868,               511P    859
0.005058289,0.,0.975309457,0.007490239,0.,0.979859047,               511P    860
0.00992219,0.,0.983728155,0.013017476,0.,0.987597262,                511P    861
0.016112763,0.,0.990637201,0.019752434,0.,0.993677139,               511P    862
0.023392106,0.,0.995771085,0.027436292,0.,0.997865031,               511P    863
0.031480478,0.,0.998932516,0.035773763,0.,1.,0.040067049,0.,1.,      511P    864
0.044444444,0.,0.,1.,0.,0.,-1.;                                      511P    865
124,-1.,6.98296267768627E-15,0.,-20.5,-4.27583144589696E-31,         513P    866
-6.12323399573677E-17,1.,-8.,6.98296267768627E-15,1.,                513P    867
6.12323399573677E-17,8.00000000000007;                               513P    868
100,8.,-10.25,0.,-9.25,0.,-10.25,1.;                                 515P    869
126,1,1,1,0,1,0,0.,0.,1.,1.,1.,1.,1.,0.044444444,0.,1.,              517P    870
0.955555556,0.,0.,1.,0.,0.,1.;                                       517P    871
110,-10.25,0.,9.,10.25,0.,9.;                                        519P    872
126,16,2,1,0,1,0,0.,0.,0.,0.125,0.125,0.25,0.25,0.375,0.375,         521P    873
0.5,0.5,0.625,0.625,0.75,0.75,0.875,0.875,1.,1.,1.,1.,1.,1.,1.,      521P    874
1.,1.,1.,1.,1.,1.,1.,1.,1.,1.,1.,1.,1.,1.,0.955555556,0.,1.,         521P    875
0.959932951,0.,0.998932516,0.964226237,0.,0.997865031,               521P    876
0.968519522,0.,0.995771085,0.972563708,0.,0.993677139,               521P    877
0.976607894,0.,0.990637201,0.980247566,0.,0.987597262,               521P    878
0.983887237,0.,0.983728155,0.986982524,0.,0.979859047,               521P    879
0.99007781,0.,0.975309457,0.992509761,0.,0.970759868,                521P    880
0.994941711,0.,0.965704635,0.996616868,0.,0.960649402,               521P    881
0.998292025,0.,0.955282796,0.999146012,0.,0.949916189,1.,0.,         521P    882
0.944444444,1.,0.,0.,1.,0.,0.,-1.;                                   521P    883
124,1.22508008559297E-14,1.,0.,10.2499999999999,                     523P    884
-6.12323399573677E-17,7.50145202760295E-31,1.,-8.,1.,                523P    885
-1.22508008559297E-14,6.12323399573677E-17,-2.25;                    523P    886
100,8.,10.25,0.,11.25,0.,10.25,1.;                                   525P    887
102,8,487,491,497,501,507,511,517,521;                               527P    888
102,8,489,495,499,505,509,515,519,525;                               529P    889
142,1,485,527,529,1;                                                 531P    890
126,1,1,1,0,1,0,0.,0.,1.,1.,1.,1.,0.152777778,0.92,0.,               533P    891
0.847222222,0.92,0.,0.,1.,0.,0.,1.;                                  533P    892
110,9.45,0.,-6.25,9.45,0.,6.25;                                      535P    893
126,16,2,1,0,1,0,0.,0.,0.,0.125,0.125,0.25,0.25,0.375,0.375,         537P    894
0.5,0.5,0.625,0.625,0.75,0.75,0.875,0.875,1.,1.,1.,1.,1.,1.,1.,      537P    895
1.,1.,1.,1.,1.,1.,1.,1.,1.,1.,1.,1.,1.,0.847222222,0.92,0.,          537P    896
0.85242038,0.92,0.,0.857518656,0.919188712,0.,0.862616932,           537P    897
0.918377424,0.,0.867419403,0.916786025,0.,0.872221875,               537P    898
0.915194626,0.,0.876543985,0.912884273,0.,0.880866094,               537P    899
0.910573919,0.,0.884541747,0.907633397,0.,0.888217399,               537P    900
0.904692876,0.,0.891105341,0.901235188,0.,0.893993282,               537P    901
0.8977775,0.,0.895982531,0.893935523,0.,0.89797178,0.890093546,      537P    902
0.,0.89898589,0.886014925,0.,0.9,0.881936304,0.,0.9,                 537P    903
0.877777778,0.,0.,1.,0.,0.,1.;                                       537P    904
124,1.,0.,0.,0.,0.,6.12323399573677E-17,-1.,6.25,0.,1.,              539P    905
6.12323399573677E-17,6.25;                                           539P    906
100,6.25,8.5,0.,9.45,0.,8.5,0.95;                                    541P    907
126,1,1,1,0,1,0,0.,0.,1.,1.,1.,1.,0.9,0.877777778,0.,0.9,            543P    908
0.122222222,0.,0.,1.,0.,0.,1.;                                       543P    909
110,8.5,0.,7.2,-8.5,0.,7.2;                                          545P    910
126,16,2,1,0,1,0,0.,0.,0.,0.125,0.125,0.25,0.25,0.375,0.375,         547P    911
0.5,0.5,0.625,0.625,0.75,0.75,0.875,0.875,1.,1.,1.,1.,1.,1.,1.,      547P    912
1.,1.,1.,1.,1.,1.,1.,1.,1.,1.,1.,1.,1.,0.9,0.122222222,0.,0.9,       547P    913
0.118063696,0.,0.89898589,0.113985075,0.,0.89797178,                 547P    914
0.109906454,0.,0.895982531,0.106064477,0.,0.893993282,               547P    915
0.1022225,0.,0.891105341,0.098764812,0.,0.888217399,                 547P    916
0.095307124,0.,0.884541747,0.092366603,0.,0.880866094,               547P    917
0.089426081,0.,0.876543985,0.087115727,0.,0.872221875,               547P    918
0.084805374,0.,0.867419403,0.083213975,0.,0.862616932,               547P    919
0.081622576,0.,0.857518656,0.080811288,0.,0.85242038,0.08,0.,        547P    920
0.847222222,0.08,0.,0.,1.,0.,0.,1.;                                  547P    921
124,6.12323399573677E-17,-1.,0.,-8.49999999999999,                   549P    922
6.12323399573677E-17,3.74939945665464E-33,-1.,6.25,1.,               549P    923
6.12323399573677E-17,6.12323399573677E-17,14.75;                     549P    924
100,6.25,-8.5,0.,-7.55,0.,-8.5,0.95;                                 551P    925
126,1,1,1,0,1,0,0.,0.,1.,1.,1.,1.,0.847222222,0.08,0.,               553P    926
0.152777778,0.08,0.,0.,1.,0.,0.,1.;                                  553P    927
110,-9.45,0.,6.25,-9.45,0.,-6.25;                                    555P    928
126,16,2,1,0,1,0,0.,0.,0.,0.125,0.125,0.25,0.25,0.375,0.375,         557P    929
0.5,0.5,0.625,0.625,0.75,0.75,0.875,0.875,1.,1.,1.,1.,1.,1.,1.,      557P    930
1.,1.,1.,1.,1.,1.,1.,1.,1.,1.,1.,1.,1.,0.152777778,0.08,0.,          557P    931
0.14757962,0.08,0.,0.142481344,0.080811288,0.,0.137383068,           557P    932
0.081622576,0.,0.132580597,0.083213975,0.,0.127778125,               557P    933
0.084805374,0.,0.123456015,0.087115727,0.,0.119133906,               557P    934
0.089426081,0.,0.115458253,0.092366603,0.,0.111782601,               557P    935
0.095307124,0.,0.108894659,0.098764812,0.,0.106006718,               557P    936
0.1022225,0.,0.104017469,0.106064477,0.,0.10202822,0.109906454,      557P    937
0.,0.10101411,0.113985075,0.,0.1,0.118063696,0.,0.1,                 557P    938
0.122222222,0.,0.,1.,0.,0.,1.;                                       557P    939
124,-1.,1.40883900352873E-14,0.,-17.,-8.62665088092701E-31,          559P    940
-6.12323399573677E-17,-1.,-6.25,-1.40883900352873E-14,-1.,           559P    941
6.12323399573677E-17,-6.25000000000012;                              559P    942
100,-6.25,-8.5,0.,-7.55,0.,-8.5,0.95;                                561P    943
126,1,1,1,0,1,0,0.,0.,1.,1.,1.,1.,0.1,0.122222222,0.,0.1,            563P    944
0.877777778,0.,0.,1.,0.,0.,1.;                                       563P    945
110,-8.5,0.,-7.2,8.5,0.,-7.2;                                        565P    946
126,16,2,1,0,1,0,0.,0.,0.,0.125,0.125,0.25,0.25,0.375,0.375,         567P    947
0.5,0.5,0.625,0.625,0.75,0.75,0.875,0.875,1.,1.,1.,1.,1.,1.,1.,      567P    948
1.,1.,1.,1.,1.,1.,1.,1.,1.,1.,1.,1.,1.,0.1,0.877777778,0.,0.1,       567P    949
0.881936304,0.,0.10101411,0.886014925,0.,0.10202822,                 567P    950
0.890093546,0.,0.104017469,0.893935523,0.,0.106006718,               567P    951
0.8977775,0.,0.108894659,0.901235188,0.,0.111782601,                 567P    952
0.904692876,0.,0.115458253,0.907633397,0.,0.119133906,               567P    953
0.910573919,0.,0.123456015,0.912884273,0.,0.127778125,               567P    954
0.915194626,0.,0.132580597,0.916786025,0.,0.137383068,               567P    955
0.918377424,0.,0.142481344,0.919188712,0.,0.14757962,0.92,0.,        567P    956
0.152777778,0.92,0.,0.,1.,0.,0.,1.;                                  567P    957
124,1.40271576953299E-14,1.,0.,8.49999999999988,                     569P    958
-6.12323399573677E-17,8.58915688636046E-31,-1.,-6.25,-1.,            569P    959
1.40271576953299E-14,6.12323399573677E-17,2.25;                      569P    960
100,-6.25,8.5,0.,9.45,0.,8.5,0.95;                                   571P    961
102,8,533,537,543,547,553,557,563,567;                               573P    962
102,8,535,541,545,551,555,561,565,571;                               575P    963
142,1,485,573,575,1;                                                 577P    964
144,485,1,1,531,577;                                                 579P    965
128,1,1,1,1,0,0,1,0,0,0.,0.,1.,1.,0.,0.,1.,1.,1.,1.,1.,1.,           581P    966
-2.024054505,3.,-2.024054343,-2.024054505,3.,2.024000324,            581P    967
2.024027496,3.,-2.024054343,2.024027496,3.,2.024000324,0.,1.,        581P    968
0.,1.;                                                               581P    969
126,32,2,1,0,1,0,0.,0.,0.,0.0625,0.0625,0.125,0.125,0.1875,          583P    970
0.1875,0.25,0.25,0.3125,0.3125,0.375,0.375,0.4375,0.4375,0.5,        583P    971
0.5,0.5625,0.5625,0.625,0.625,0.6875,0.6875,0.75,0.75,0.8125,        583P    972
0.8125,0.875,0.875,0.9375,0.9375,1.,1.,1.,1.,1.,1.,1.,1.,1.,1.,      583P    973
1.,1.,1.,1.,1.,1.,1.,1.,1.,1.,1.,1.,1.,1.,1.,1.,1.,1.,1.,1.,1.,      583P    974
1.,1.,1.,1.,1.,0.500006672,0.994064474,0.,0.451209705,               583P    975
0.994051055,0.,0.403619475,0.984571228,0.,0.355762746,               583P    976
0.975038315,0.,0.310936384,0.956456309,0.,0.265858999,               583P    977
0.937770247,0.,0.225519157,0.910800159,0.,0.184953417,               583P    978
0.883679042,0.,0.150650332,0.849357317,0.,0.116155155,               583P    979
0.814843395,0.,0.089207076,0.774488998,0.,0.062108091,               583P    980
0.733908621,0.,0.043550617,0.689072349,0.,0.024889224,               583P    981
0.643984998,0.,0.015435509,0.596389883,0.,0.005928854,               583P    982
0.548528241,0.,0.005942198,0.500003337,0.,0.005955617,               583P    983
0.451206699,0.,0.015435508,0.40361679,0.,0.024968486,                583P    984
0.355760384,0.,0.043550617,0.310934325,0.,0.062236805,               583P    985
0.265857245,0.,0.089207075,0.225517675,0.,0.116328375,               583P    986
0.184952209,0.,0.150650332,0.150649356,0.,0.185164487,               583P    987
0.116154411,0.,0.225519157,0.089206514,0.,0.266099807,               583P    988
0.062107712,0.,0.310936383,0.043550363,0.,0.356024037,               583P    989
0.024889096,0.,0.403619474,0.015435444,0.,0.451481439,               583P    990
0.005928854,0.,0.500006671,0.005942198,0.,0.,1.,0.,0.,-1.;           583P    991
124,1.,0.,0.,0.,0.,6.12323399573677E-17,1.,3.,0.,-1.,                585P    992
6.12323399573677E-17,3.;                                             585P    993
100,0.,0.,3.,2.,3.,-2.,3.000000005;                                  587P    994
126,30,2,1,0,1,0,0.,0.,0.,0.0625,0.0625,0.125,0.125,0.1875,          589P    995
0.1875,0.25,0.25,0.3125,0.3125,0.375,0.375,0.5,0.5,0.5625,           589P    996
0.5625,0.625,0.625,0.6875,0.6875,0.75,0.75,0.8125,0.8125,0.875,      589P    997
0.875,0.9375,0.9375,1.,1.,1.,1.,1.,1.,1.,1.,1.,1.,1.,1.,1.,1.,       589P    998
1.,1.,1.,1.,1.,1.,1.,1.,1.,1.,1.,1.,1.,1.,1.,1.,1.,1.,1.,1.,         589P    999
0.500006671,0.005942198,0.,0.548803639,0.005955617,0.,               589P   1000
0.596393869,0.015435444,0.,0.644250598,0.024968357,0.,               589P   1001
0.68907696,0.043550362,0.,0.734154344,0.062236425,0.,                589P   1002
0.774494186,0.089206513,0.,0.815059927,0.11632763,0.,                589P   1003
0.849363012,0.150649354,0.,0.883858189,0.185163277,0.,               589P   1004
0.910806268,0.225517674,0.,0.937905253,0.266098051,0.,               589P   1005
0.956462727,0.310934323,0.,0.994071146,0.401799133,0.,               589P   1006
0.994071146,0.500003335,0.,0.994071146,0.548732608,0.,               589P   1007
0.984577836,0.596389882,0.,0.975044859,0.644246288,0.,               589P   1008
0.956462728,0.689072348,0.,0.937776539,0.734149428,0.,               589P   1009
0.910806269,0.774488997,0.,0.883684969,0.815054464,0.,               589P   1010
0.849363012,0.849357317,0.,0.814848857,0.883852262,0.,               589P   1011
0.774494187,0.910800159,0.,0.733913536,0.937898961,0.,               589P   1012
0.689076961,0.956456309,0.,0.643989306,0.975117577,0.,               589P   1013
0.59639387,0.984571228,0.,0.548531904,0.994077818,0.,                589P   1014
0.500006672,0.994064474,0.,0.,1.,0.,0.,-1.;                          589P   1015
124,-1.,-1.22464679914735E-16,0.,3.67394039744206E-16,               591P   1016
7.49879891330929E-33,-6.12323399573677E-17,1.,3.,                    591P   1017
-1.22464679914735E-16,1.,6.12323399573677E-17,-3.;                   591P   1018
100,0.,0.,3.,2.,2.999999995,-2.,3.;                                  593P   1019
102,2,583,589;                                                       595P   1020
102,2,587,593;                                                       597P   1021
142,1,581,595,597,1;                                                 599P   1022
144,581,1,0,599;                                                     601P   1023
128,24,3,3,3,0,0,1,0,0,0.,0.,0.,0.,0.0217355027804872,               603P   1024
0.0434710055609745,0.0652065083414617,0.086942011121949,             603P   1025
0.086942011121949,0.0984753134510744,0.1100086157802,                603P   1026
0.121541918109325,0.13307522043845,0.13307522043845,                 603P   1027
0.194326957106332,0.255578693774214,0.316830430442096,               603P   1028
0.378082167109978,0.378082167109978,0.388730041148166,               603P   1029
0.399377915186354,0.410025789224541,0.420673663262729,               603P   1030
0.420673663262729,0.460336831631364,0.5,0.5,0.5,0.5,0.,0.,0.,        603P   1031
0.,0.955462318768821,0.955462318768821,0.955462318768821,            603P   1032
0.955462318768821,1.,1.,1.,1.,1.,1.,1.,1.,1.,1.,1.,1.,1.,1.,1.,      603P   1033
1.,1.,1.,1.,1.,1.,1.,1.,1.,1.,1.,1.,1.,1.,1.,1.,1.,1.,1.,1.,1.,      603P   1034
1.,1.,1.,1.,1.,1.,1.,1.,1.,1.,1.,1.,1.,1.,1.,1.,1.,1.,1.,1.,1.,      603P   1035
1.,1.,1.,1.,1.,1.,1.,1.,1.,1.,1.,1.,1.,1.,1.,1.,1.,1.,1.,1.,1.,      603P   1036
1.,1.,1.,1.,1.,1.,1.,1.,1.,1.,1.,1.,1.,1.,1.,1.,1.,1.,1.,1.,1.,      603P   1037
1.,2.,3.,0.,2.,3.,-0.094247314,1.98661674,3.,-0.28395583,            603P   1038
1.925999187,3.,-0.563650042,1.826872432,3.,-0.83012043,              603P   1039
1.737911017,3.,-0.994039389,1.662524628,3.,-1.112830063,             603P   1040
1.609472863,3.,-1.189877109,1.525224126,3.,-1.29606325,              603P   1041
1.43377584,3.,-1.396625726,1.365681757,3.,-1.461970567,              603P   1042
1.132469791,3.,-1.669270092,0.665463718,3.,-1.943773358,             603P   1043
-0.149362209,3.,-2.049499815,-0.937578499,3.,-1.827333927,           603P   1044
-1.356632631,3.,-1.492275932,-1.553785197,3.,-1.260074021,           603P   1045
-1.604078028,3.,-1.196355343,-1.66878187,3.,-1.104225372,            603P   1046
-1.72735872,3.,-1.010120505,-1.764591398,3.,-0.942301058,            603P   1047
-1.853147727,3.,-0.767871924,-1.962339134,3.,-0.473413701,           603P   1048
-2.000016447,3.,-0.157804567,-2.000016447,3.,0.,4.476794896,3.,      603P   1049
0.,4.476794896,3.,-0.210204138,4.467674036,3.,-0.629566968,          603P   1050
4.426362412,3.,-1.253906651,4.358806283,3.,-1.871935047,             603P   1051
4.298177962,3.,-2.279287943,4.246801191,3.,-2.589598505,             603P   1052
4.180284583,3.,-2.807417199,3.977808546,3.,-3.099601619,             603P   1053
3.69570359,3.,-3.311004291,3.485922284,3.,-3.385007101,              603P   1054
2.832225974,3.,-3.526284332,1.691351897,3.,-3.713361755,             603P   1055
-0.085344141,3.,-3.785415663,-1.847387667,3.,-3.63400682,            603P   1056
-2.962833887,3.,-3.405660588,-3.591955263,3.,-3.247412069,           603P   1057
-3.782712183,3.,-3.178475189,-4.051273645,3.,-2.977356049,           603P   1058
-4.24355787,3.,-2.687846548,-4.299326499,3.,-2.473305389,            603P   1059
-4.359678749,3.,-1.979103108,-4.434094065,3.,-1.192676527,           603P   1060
-4.459771626,3.,-0.397558842,-4.459771626,3.,0.,6.948794611,         603P   1061
3.152367033,0.,6.948794611,3.152367033,-0.326160962,                 603P   1062
6.943936151,3.152367033,-0.975178105,6.921930457,3.152367033,        603P   1063
-1.94416326,6.885944954,3.152367033,-2.913749663,6.853649726,        603P   1064
3.152367033,-3.564536496,6.826282573,3.152367033,-4.066366947,       603P   1065
6.746301122,3.152367033,-4.424957289,6.425597785,3.152367033,        603P   1066
-4.903139988,5.952836161,3.152367033,-5.225382855,5.60136763,        603P   1067
3.152367033,-5.308043635,4.527186976,3.152367033,-5.383298571,       603P   1068
2.712444896,3.152367033,-5.482950152,-0.026121255,3.152367033,       603P   1069
-5.521331512,-2.761992016,3.152367033,-5.440679714,                  603P   1070
-4.573830323,3.152367033,-5.319045244,-5.634920509,3.152367033,      603P   1071
-5.234750117,-5.966141519,3.152367033,-5.160595035,                  603P   1072
-6.438560601,3.152367033,-4.850486726,-6.764552201,3.152367033,      603P   1073
-4.365572591,-6.83885678,3.152367033,-4.00430972,-6.871004952,       603P   1074
3.152367033,-3.190334291,-6.910644176,3.152367033,-1.911939352,      603P   1075
-6.924321987,3.152367033,-0.637313117,-6.924321987,3.152367033,      603P   1076
0.,9.406417616,3.456482936,0.,9.406417616,3.456482936,               603P   1077
-0.442117786,9.405821556,3.456482936,-1.320789243,9.403121791,       603P   1078
3.456482936,-2.63441987,9.398706915,3.456482936,-3.95556428,         603P   1079
9.39474478,3.456482936,-4.849785049,9.391387245,3.456482936,         603P   1080
-5.543135388,9.29794095,3.456482936,-6.04249738,8.859010314,         603P   1081
3.456482936,-6.706678358,8.195592021,3.456482936,-7.13976142,        603P   1082
7.702436266,3.456482936,-7.23108017,6.207771268,3.456482936,         603P   1083
-7.24031281,3.719161184,3.456482936,-7.252538549,0.018724922,        603P   1084
3.456482936,-7.25724736,-3.690973075,3.456482936,-7.247352607,       603P   1085
-6.19920347,3.456482936,-7.232429901,-7.692262465,3.456482936,       603P   1086
-7.222088166,-8.163947565,3.456482936,-7.142714881,                  603P   1087
-8.840224267,3.456482936,-6.723617403,-9.299923241,3.456482936,      603P   1088
-6.043298635,-9.392763772,3.456482936,-5.535314051,                  603P   1089
-9.396707866,3.456482936,-4.401565475,-9.401570998,3.456482936,      603P   1090
-2.631202178,-9.403249058,3.456482936,-0.877067393,                  603P   1091
-9.403249058,3.456482936,0.,0.,0.5,0.,0.955462318768821;             603P   1092
126,4,2,1,0,1,0,0.,0.,0.,0.5,0.5,1.,1.,1.,1.,1.,1.,1.,1.,0.5,        605P   1093
0.927133279,0.,0.480460281,0.927133279,0.,0.460058361,               605P   1094
0.928174565,0.,0.441690393,0.929112041,0.,0.420673663,               605P   1095
0.93099626,0.,0.,1.,0.,0.,1.;                                        605P   1096
126,12,3,1,0,1,0,0.00518292606178298,0.00518292606178298,            607P   1097
0.00518292606178298,0.00518292606178298,0.00653279472308704,         607P   1098
0.00653279472308704,0.00653279472308704,0.00860423214087846,         607P   1099
0.00860423214087846,0.00860423214087846,0.0103658480731771,          607P   1100
0.0103658480731771,0.0103658480731771,0.0103659080731771,            607P   1101
0.0103659080731771,0.0103659080731771,0.0103659080731771,1.,1.,      607P   1102
1.,1.,1.,1.,1.,1.,1.,1.,1.,1.,1.,-9.182789413,3.429832448,0.,        607P   1103
-9.182789413,3.429832448,-0.449956415,-9.183170309,3.429923222,      607P   1104
-0.899912984,-9.1839119,3.430099839,-1.349868753,-9.185049906,       607P   1105
3.430370866,-2.040346958,-9.187049083,3.430846521,-2.730824013,      607P   1106
-9.18973284,3.431484094,-3.421297698,-9.192015192,3.432026305,       607P   1107
-4.008498558,-9.194783346,3.432683302,-4.595697523,                  607P   1108
-9.197894892,3.43341933,-5.182894363,-9.197894998,3.433419355,       607P   1109
-5.182914363,-9.197895104,3.43341938,-5.182934362,-9.19789521,       607P   1110
3.433419405,-5.182954362,0.00518292606178298,                        607P   1111
0.0103659080731771,0.,0.,0.;                                         607P   1112
126,2,2,1,0,1,0,0.,0.,0.,1.,1.,1.,1.,1.,1.,0.420673663,              609P   1113
0.93099626,0.,0.419296302,0.934436804,0.,0.417999753,                609P   1114
0.93694378,0.,0.,1.,0.,0.,-1.;                                       609P   1115
126,6,3,1,0,1,0,-5.81640841321649E-08,-5.81640841321649E-08,         611P   1116
-5.81640841321649E-08,-5.81640841321649E-08,0.,0.,0.,                611P   1117
0.000210782989450157,0.000210782989450157,0.000210782989450157,      611P   1118
0.000210782989450157,1.,1.,1.,1.,1.,1.,1.,-9.19789521,               611P   1119
3.433419405,-5.182954362,-9.197900028,3.43341934,-5.182973142,       611P   1120
-9.197904866,3.433420549,-5.182991899,-9.197909693,3.433421121,      611P   1121
-5.183010668,-9.215403253,3.435493544,-5.25102749,-9.228142435,      611P   1122
3.437332992,-5.320448456,-9.235995595,3.438971053,-5.390249977,      611P   1123
-5.81640841321649E-08,0.000210782989450157,0.,0.,0.;                 611P   1124
126,16,2,1,0,1,0,0.,0.,0.,0.125,0.125,0.25,0.25,0.375,0.375,         613P   1125
0.5,0.5,0.625,0.625,0.75,0.75,0.875,0.875,1.,1.,1.,1.,1.,1.,1.,      613P   1126
1.,1.,1.,1.,1.,1.,1.,1.,1.,1.,1.,1.,1.,0.417999753,0.93694378,       613P   1127
0.,0.415918386,0.94096826,0.,0.413577546,0.943827747,0.,             613P   1128
0.411305284,0.946603462,0.,0.409091611,0.947973356,0.,               613P   1129
0.406912361,0.949321948,0.,0.404542774,0.949495162,0.,               613P   1130
0.402193152,0.949666916,0.,0.400029528,0.948653851,0.,               613P   1131
0.397818273,0.947618485,0.,0.39554495,0.94523997,0.,                 613P   1132
0.393226492,0.942814233,0.,0.391171935,0.939284353,0.,               613P   1133
0.389020072,0.935587295,0.,0.386935921,0.930079024,0.,               613P   1134
0.384853115,0.924574308,0.,0.382961312,0.917608076,0.,0.,1.,0.,      613P   1135
0.,-1.;                                                              613P   1136
126,5,3,1,0,1,0,0.,0.,0.,0.,0.5,0.5,1.,1.,1.,1.,1.,1.,1.,1.,1.,      615P   1137
1.,-9.235995595,3.438971053,-5.390249977,-9.286493866,               615P   1138
3.4495043,-5.839095588,-9.122766542,3.452699867,-6.302500809,        615P   1139
-8.451573288,3.447309758,-6.910350326,-7.981460968,3.438445172,      615P   1140
-7.022556718,-7.534775584,3.421051456,-6.960697191,0.,1.,            615P   1141
0.035545821,0.999178778,0.019448992;                                 615P   1142
126,2,2,1,0,1,0,0.,0.,0.,1.,1.,1.,1.,1.,1.,0.382961312,              617P   1143
0.917608076,0.,0.380331426,0.907923986,0.,0.378082167,               617P   1144
0.895441802,0.,0.,1.,0.,0.,-1.;                                      617P   1145
126,6,3,1,0,1,0,0.,0.,0.,0.,0.000452959620453776,                    619P   1146
0.000452959620453776,0.000452959620453776,0.000453019620453763,      619P   1147
0.000453019620453763,0.000453019620453763,0.000453019620453763,      619P   1148
1.,1.,1.,1.,1.,1.,1.,-7.534775584,3.421051456,-6.960697191,          619P   1149
-7.385327507,3.415232019,-6.940000772,-7.237730254,3.408506084,      619P   1150
-6.901890101,-7.095713847,3.40097042,-6.851180246,-7.095695036,      619P   1151
3.400969422,-6.851173528,-7.095676224,3.400968424,-6.851166811,      619P   1152
-7.095657412,3.400967426,-6.851160093,0.,0.000453019620453763,       619P   1153
0.,0.,0.;                                                            619P   1154
126,16,2,1,0,1,0,0.,0.,0.,0.0625,0.0625,0.125,0.125,0.25,0.25,       621P   1155
0.375,0.375,0.5,0.5,0.75,0.75,0.875,0.875,1.,1.,1.,1.,1.,1.,1.,      621P   1156
1.,1.,1.,1.,1.,1.,1.,1.,1.,1.,1.,1.,1.,0.378082167,0.895441802,      621P   1157
0.,0.377974938,0.895380539,0.,0.363444021,0.89105811,0.,             621P   1158
0.355098339,0.888575568,0.,0.348609198,0.886707978,0.,               621P   1159
0.331404933,0.881756551,0.,0.318370067,0.878595344,0.,               621P   1160
0.301892885,0.874599311,0.,0.287467989,0.8723243,0.,0.27123547,      621P   1161
0.869764202,0.,0.256128371,0.869138109,0.,0.226377107,               621P   1162
0.867905108,0.,0.19354532,0.874169429,0.,0.179666097,                621P   1163
0.876817592,0.,0.162955446,0.88117816,0.,0.150315713,                621P   1164
0.88447644,0.,0.13307522,0.889554901,0.,0.,1.,0.,0.,1.;              621P   1165
126,27,3,1,0,1,0,-5.67244502501395E-08,-5.67244502501395E-08,        623P   1166
-5.67244502501395E-08,-5.67244502501395E-08,0.,0.,0.,                623P   1167
0.00174628336986373,0.00174628336986373,0.00174628336986373,         623P   1168
0.0029227501353272,0.0029227501353272,0.0029227501353272,            623P   1169
0.00527177747971739,0.00527177747971739,0.00527177747971739,         623P   1170
0.0100400597990608,0.0100400597990608,0.0100400597990608,            623P   1171
0.0112338246951185,0.0112338246951185,0.0112338246951185,            623P   1172
0.0130271622809722,0.0130271622809722,0.0130271622809722,            623P   1173
0.0141408197874559,0.0141408197874559,0.0141408197874559,            623P   1174
0.0141408797874559,0.0141408797874559,0.0141408797874559,            623P   1175
0.0141408797874559,1.,1.,1.,1.,1.,1.,1.,1.,1.,1.,1.,1.,1.,1.,        623P   1176
1.,1.,1.,1.,1.,1.,1.,1.,1.,1.,1.,1.,1.,1.,-7.095657412,              623P   1177
3.400967426,-6.851160093,-7.095638604,3.400965552,-6.851159575,      623P   1178
-7.0956196,3.400967258,-6.851159564,-7.095600694,3.400967175,        623P   1179
-6.851159299,-6.513569085,3.398391676,-6.843002764,                  623P   1180
-5.931537598,3.395791313,-6.834840792,-5.349501259,3.393280386,      623P   1181
-6.827008009,-4.957384852,3.39158878,-6.821731082,-4.565266095,      623P   1182
3.389938933,-6.816606859,-4.173143296,3.388380913,-6.811783257,      623P   1183
-3.390201471,3.385270052,-6.802152091,-2.607238583,3.382539303,      623P   1184
-6.793766049,-1.824255267,3.380619332,-6.787954116,                  623P   1185
-0.234925369,3.3767221,-6.776156829,1.354555031,3.376747915,         623P   1186
-6.776718699,2.943879958,3.380635537,-6.789170726,3.341788065,       623P   1187
3.381608854,-6.792288252,3.739690784,3.38279331,-6.796060758,        623P   1188
4.137587682,3.38412724,-6.800280606,4.735329651,3.38613114,          623P   1189
-6.806619886,5.333059958,3.388467863,-6.81396332,5.930782789,        623P   1190
3.390951137,-6.821768115,6.301967159,3.392493244,-6.826614872,       623P   1191
6.673148931,3.394092758,-6.831642818,7.044329378,3.395715636,        623P   1192
-6.836756324,7.044349376,3.395715724,-6.836756599,7.044369374,       623P   1193
3.395715811,-6.836756875,7.044389372,3.395715899,-6.83675715,        623P   1194
-5.67244502501395E-08,0.0141408797874559,0.,0.,0.;                   623P   1195
126,10,2,1,0,1,0,0.,0.,0.,0.0625,0.0625,0.125,0.125,0.25,0.25,       625P   1196
0.5,0.5,1.,1.,1.,1.,1.,1.,1.,1.,1.,1.,1.,1.,1.,1.,0.13307522,        625P   1197
0.889554901,0.,0.132918542,0.890460003,0.,0.132774558,               625P   1198
0.89136721,0.,0.132725652,0.891675356,0.,0.132470373,                625P   1199
0.89314748,0.,0.132164825,0.894909497,0.,0.131851372,                625P   1200
0.896613012,0.,0.131227192,0.900005227,0.,0.130570227,               625P   1201
0.903173071,0.,0.129268324,0.909450768,0.,0.12782826,                625P   1202
0.914890702,0.,0.,1.,0.,0.,1.;                                       625P   1203
126,6,3,1,0,1,0,-5.65157993930564E-08,-5.65157993930564E-08,         627P   1204
-5.65157993930564E-08,-5.65157993930564E-08,0.,0.,0.,                627P   1205
0.000493035080846874,0.000493035080846874,0.000493035080846874,      627P   1206
0.000493035080846874,1.,1.,1.,1.,1.,1.,1.,7.044389372,               627P   1207
3.395715899,-6.83675715,7.044407067,3.395715677,-6.836763609,        627P   1208
7.044424677,3.395717875,-6.836770159,7.044442329,3.395718864,        627P   1209
-6.836776663,7.198440632,3.404341671,-6.893516928,7.359012899,       627P   1210
3.412002809,-6.936061281,7.521707514,3.418562985,-6.958348373,       627P   1211
-5.65157993930564E-08,0.000493035080846874,0.,0.,0.;                 627P   1212
126,16,2,1,0,1,0,0.,0.,0.,0.125,0.125,0.25,0.25,0.375,0.375,         629P   1213
0.5,0.5,0.625,0.625,0.75,0.75,0.875,0.875,1.,1.,1.,1.,1.,1.,1.,      629P   1214
1.,1.,1.,1.,1.,1.,1.,1.,1.,1.,1.,1.,1.,0.12782826,0.914890702,       629P   1215
0.,0.12590864,0.922142194,0.,0.123734059,0.927945123,0.,             629P   1216
0.121557689,0.933752823,0.,0.119325543,0.93763973,0.,                629P   1217
0.117120391,0.94147963,0.,0.114576439,0.944120721,0.,                629P   1218
0.112172601,0.946616347,0.,0.109693813,0.947843996,0.,               629P   1219
0.107274524,0.949042178,0.,0.104650341,0.948993883,0.,               629P   1220
0.102065791,0.948946318,0.,0.099618914,0.947700731,0.,               629P   1221
0.097099055,0.946417993,0.,0.094585099,0.943753225,0.,               629P   1222
0.092003817,0.941017091,0.,0.089712697,0.937074945,0.,0.,1.,0.,      629P   1223
0.,-1.;                                                              629P   1224
126,5,3,1,0,1,0,0.,0.,0.,0.,0.5,0.5,1.,1.,1.,1.,1.,1.,1.,1.,1.,      631P   1225
1.,7.521707514,3.418562985,-6.958348374,7.968868182,                 631P   1226
3.436593409,-7.019603698,8.442413517,3.446127793,-6.908755759,       631P   1227
9.11465452,3.452346864,-6.311959146,9.285769188,3.44944237,          631P   1228
-5.843871239,9.235943206,3.439093886,-5.393068095,0.,1.,             631P   1229
-0.032803028,0.997985954,0.054295461;                                631P   1230
126,2,2,1,0,1,0,0.,0.,0.,1.,1.,1.,1.,1.,1.,0.089712697,              633P   1231
0.937074945,0.,0.088258692,0.934573156,0.,0.086942011,               633P   1232
0.931613059,0.,0.,1.,0.,0.,-1.;                                      633P   1233
126,6,3,1,0,1,0,0.,0.,0.,0.,0.000198995418517064,                    635P   1234
0.000198995418517064,0.000198995418517064,0.000199055418517034,      635P   1235
0.000199055418517034,0.000199055418517034,0.000199055418517034,      635P   1236
1.,1.,1.,1.,1.,1.,1.,9.235943206,3.439093886,-5.393068095,           635P   1237
9.228658013,3.437580806,-5.327154932,9.216982415,3.435888049,        635P   1238
-5.26158631,9.201079694,3.433995221,-5.197216836,9.201074899,        635P   1239
3.433994651,-5.197197427,9.201070104,3.43399408,-5.197178019,        635P   1240
9.201065308,3.433993509,-5.197158611,0.,0.000199055418517034,        635P   1241
0.,0.,0.;                                                            635P   1242
126,8,2,1,0,1,0,0.,0.,0.,0.125,0.125,0.25,0.25,0.5,0.5,1.,1.,        637P   1243
1.,1.,1.,1.,1.,1.,1.,1.,1.,1.,0.086942011,0.931613059,0.,            637P   1244
0.08610188,0.931481907,0.,0.07634351,0.930466826,0.,                 637P   1245
0.070797603,0.929889933,0.,0.065613563,0.929402584,0.,               637P   1246
0.054243522,0.928333694,0.,0.043865307,0.927629729,0.,               637P   1247
0.021357889,0.926103027,0.,0.,0.926103027,0.,0.,1.,0.,0.,1.;         637P   1248
126,12,3,1,0,1,0,-5.83269798580615E-08,-5.83269798580615E-08,        639P   1249
-5.83269798580615E-08,-5.83269798580615E-08,0.,0.,0.,                639P   1250
0.00244973969996685,0.00244973969996685,0.00244973969996685,         639P   1251
0.0051812013584486,0.0051812013584486,0.0051812013584486,            639P   1252
0.00519715954766487,0.00519715954766487,0.00519715954766487,         639P   1253
0.00519715954766487,1.,1.,1.,1.,1.,1.,1.,1.,1.,1.,1.,1.,1.,          639P   1254
9.201065308,3.433993509,-5.197158611,9.201065143,3.433992754,        639P   1255
-5.197139184,9.201065035,3.433993444,-5.197119727,9.201064898,       639P   1256
3.433993411,-5.197100285,9.195320903,3.432614311,-4.380541753,       639P   1257
9.190118392,3.431361348,-3.563978031,9.18635455,3.430454099,         639P   1258
-2.747407309,9.182157871,3.429442518,-1.836931758,9.179850381,       639P   1259
3.428884501,-0.926443996,9.179825066,3.428878379,-0.015958211,       639P   1260
9.179824918,3.428878343,-0.010638807,9.179824844,3.428878325,        639P   1261
-0.005319404,9.179824844,3.428878325,0.,-5.83269798580615E-08,       639P   1262
0.00519715954766487,0.,0.,0.;                                        639P   1263
126,1,1,1,0,1,0,0.,0.,1.,1.,1.,1.,0.,0.926103027,0.,0.,0.,0.,        641P   1264
0.,1.,0.,0.,1.;                                                      641P   1265
126,3,3,1,0,1,0,0.0738969727824385,0.0738969727824385,               643P   1266
0.0738969727824385,0.0738969727824385,1.,1.,1.,1.,1.,1.,1.,1.,       643P   1267
9.179824844,3.428878325,0.,6.796871669,3.143147079,0.,               643P   1268
4.400688343,3.,0.,2.,3.,0.,0.0738969727824385,1.,0.,0.,1.;           643P   1269
126,1,1,1,0,1,0,0.,0.,1.,1.,1.,1.,0.,0.,0.,0.5,0.,0.,0.,1.,0.,       645P   1270
0.,1.;                                                               645P   1271
124,1.,0.,0.,0.,0.,6.12323399573677E-17,1.,3.,0.,-1.,                647P   1272
6.12323399573677E-17,3.;                                             647P   1273
100,0.,0.,3.,2.,3.,-2.,3.000000005;                                  649P   1274
126,1,1,1,0,1,0,0.,0.,1.,1.,1.,1.,0.5,0.,0.,0.5,0.927133279,0.,      651P   1275
0.,1.,0.,0.,1.;                                                      651P   1276
126,3,3,1,0,1,0,0.,0.,0.,0.,0.927133278912776,                       653P   1277
0.927133278912776,0.927133278912776,0.927133278912776,1.,1.,1.,      653P   1278
1.,-2.000016447,3.,0.,-4.386840961,3.,0.,-6.778180522,               653P   1279
3.143465747,0.,-9.182789413,3.429832448,0.,0.,                       653P   1280
0.927133278912776,0.,0.,1.;                                          653P   1281
102,12,605,609,613,617,621,625,629,633,637,641,645,651;              655P   1282
102,12,607,611,615,619,623,627,631,635,639,643,649,653;              657P   1283
142,1,603,655,657,1;                                                 659P   1284
144,603,1,0,659;                                                     661P   1285
128,12,12,3,3,0,0,1,0,0,-1.77635683940025E-15,                       663P   1286
-1.77635683940025E-15,-1.77635683940025E-15,                         663P   1287
-1.77635683940025E-15,0.392699081698723,0.392699081698723,           663P   1288
0.392699081698723,0.785398163397447,0.785398163397447,               663P   1289
0.785398163397447,1.17809724509617,1.17809724509617,                 663P   1290
1.17809724509617,1.5707963267949,1.5707963267949,                    663P   1291
1.5707963267949,1.5707963267949,0.,0.,0.,0.,0.392699081698725,       663P   1292
0.392699081698725,0.392699081698725,0.785398163397449,               663P   1293
0.785398163397449,0.785398163397449,1.17809724509617,                663P   1294
1.17809724509617,1.17809724509617,1.5707963267949,                   663P   1295
1.5707963267949,1.5707963267949,1.5707963267949,1.,1.,1.,1.,1.,      663P   1296
1.,1.,1.,1.,1.,1.,1.,1.,1.,1.,1.,1.,1.,1.,1.,1.,1.,1.,1.,1.,1.,      663P   1297
1.,1.,1.,1.,1.,1.,1.,1.,1.,1.,1.,1.,1.,1.,1.,1.,1.,1.,1.,1.,1.,      663P   1298
1.,1.,1.,1.,1.,1.,1.,1.,1.,1.,1.,1.,1.,1.,1.,1.,1.,1.,1.,1.,1.,      663P   1299
1.,1.,1.,1.,1.,1.,1.,1.,1.,1.,1.,1.,1.,1.,1.,1.,1.,1.,1.,1.,1.,      663P   1300
1.,1.,1.,1.,1.,1.,1.,1.,1.,1.,1.,1.,1.,1.,1.,1.,1.,1.,1.,1.,1.,      663P   1301
1.,1.,1.,1.,1.,1.,1.,1.,1.,1.,1.,1.,1.,1.,1.,1.,1.,1.,1.,1.,1.,      663P   1302
1.,1.,1.,1.,1.,1.,1.,1.,1.,1.,1.,1.,1.,1.,1.,1.,1.,1.,1.,1.,1.,      663P   1303
1.,1.,1.,1.,1.,1.,1.,1.,1.,1.,1.,1.,1.,1.,1.,1.,1.,10.25,3.,9.,      663P   1304
10.380899694,3.,9.,10.511747884,3.,8.973972677,10.632683432,3.,      663P   1305
8.923879533,10.75361898,3.,8.873786388,10.86454672,3.,               663P   1306
8.799666842,10.957106781,3.,8.707106781,11.049666842,3.,             663P   1307
8.61454672,11.123786388,3.,8.50361898,11.173879533,3.,               663P   1308
8.382683432,11.223972677,3.,8.261747884,11.25,3.,8.130899694,        663P   1309
11.25,3.,8.,10.25,3.065449847,9.,10.380899694,3.065449847,9.,        663P   1310
10.511747884,3.065449847,8.973972677,10.632683432,3.065449847,       663P   1311
8.923879533,10.75361898,3.065449847,8.873786388,10.86454672,         663P   1312
3.065449847,8.799666842,10.957106781,3.065449847,8.707106781,        663P   1313
11.049666842,3.065449847,8.61454672,11.123786388,3.065449847,        663P   1314
8.50361898,11.173879533,3.065449847,8.382683432,11.223972677,        663P   1315
3.065449847,8.261747884,11.25,3.065449847,8.130899694,11.25,         663P   1316
3.065449847,8.,10.25,3.130873942,8.986986338,10.37919621,            663P   1317
3.130873942,8.986986338,10.508341586,3.130873942,8.961297726,        663P   1318
10.62770332,3.130873942,8.911856477,10.747065053,3.130873942,        663P   1319
8.862415228,10.856549217,3.130873942,8.789260249,10.947904733,       663P   1320
3.130873942,8.697904733,11.039260249,3.130873942,8.606549217,        663P   1321
11.112415228,3.130873942,8.497065053,11.161856477,3.130873942,       663P   1322
8.37770332,11.211297726,3.130873942,8.258341586,11.236986338,        663P   1323
3.130873942,8.12919621,11.236986338,3.130873942,8.,10.25,            663P   1324
3.191341716,8.961939766,10.375917621,3.191341716,8.961939766,        663P   1325
10.501785699,3.191341716,8.936903049,10.618118411,3.191341716,       663P   1326
8.888716462,10.734451124,3.191341716,8.840529874,10.841156928,       663P   1327
3.191341716,8.769231335,10.930194132,3.191341716,8.680194132,        663P   1328
11.019231335,3.191341716,8.591156928,11.090529874,3.191341716,       663P   1329
8.484451124,11.138716462,3.191341716,8.368118411,11.186903049,       663P   1330
3.191341716,8.251785699,11.211939766,3.191341716,8.125917621,        663P   1331
11.211939766,3.191341716,8.,10.25,3.25180949,8.936893194,            663P   1332
10.372639032,3.25180949,8.936893194,10.495229811,3.25180949,         663P   1333
8.912508372,10.608533503,3.25180949,8.865576446,10.721837195,        663P   1334
3.25180949,8.81864452,10.825764639,3.25180949,8.749202422,           663P   1335
10.912483531,3.25180949,8.662483531,10.999202422,3.25180949,         663P   1336
8.575764639,11.06864452,3.25180949,8.471837195,11.115576446,         663P   1337
3.25180949,8.358533503,11.162508372,3.25180949,8.245229811,          663P   1338
11.186893194,3.25180949,8.122639032,11.186893194,3.25180949,8.,      663P   1339
10.25,3.30727336,8.899833421,10.367787919,3.30727336,                663P   1340
8.899833421,10.485529494,3.30727336,8.876413166,10.594351342,        663P   1341
3.30727336,8.831337681,10.70317319,3.30727336,8.786262195,           663P   1342
10.802989678,3.30727336,8.719566951,10.886278314,3.30727336,         663P   1343
8.636278314,10.969566951,3.30727336,8.552989678,11.036262195,        663P   1344
3.30727336,8.45317319,11.081337681,3.30727336,8.344351342,           663P   1345
11.126413166,3.30727336,8.235529494,11.149833421,3.30727336,         663P   1346
8.117787919,11.149833421,3.30727336,8.,10.25,3.353553391,            663P   1347
8.853553391,10.361729878,3.353553391,8.853553391,10.473415794,       663P   1348
3.353553391,8.831337681,10.576640741,3.353553391,8.788580507,        663P   1349
10.679865688,3.353553391,8.745823334,10.774548437,3.353553391,       663P   1350
8.682558345,10.853553391,3.353553391,8.603553391,10.932558345,       663P   1351
3.353553391,8.524548437,10.995823334,3.353553391,8.429865688,        663P   1352
11.038580507,3.353553391,8.326640741,11.081337681,3.353553391,       663P   1353
8.223415794,11.103553391,3.353553391,8.111729878,11.103553391,       663P   1354
3.353553391,8.,10.25,3.399833421,8.80727336,10.355671836,            663P   1355
3.399833421,8.80727336,10.461302094,3.399833421,8.786262195,         663P   1356
10.55893014,3.399833421,8.745823334,10.656558186,3.399833421,        663P   1357
8.705384474,10.746107196,3.399833421,8.645549739,10.820828467,       663P   1358
3.399833421,8.570828467,10.895549739,3.399833421,8.496107196,        663P   1359
10.955384474,3.399833421,8.406558186,10.995823334,3.399833421,       663P   1360
8.30893014,11.036262195,3.399833421,8.211302094,11.05727336,         663P   1361
3.399833421,8.105671836,11.05727336,3.399833421,8.,10.25,            663P   1362
3.436893194,8.75180949,10.348411632,3.436893194,8.75180949,          663P   1363
10.446784543,3.436893194,8.732241902,10.537705036,3.436893194,       663P   1364
8.6945814,10.628625529,3.436893194,8.656920899,10.712022056,         663P   1365
3.436893194,8.601197121,10.781609589,3.436893194,8.531609589,        663P   1366
10.851197121,3.436893194,8.462022056,10.906920899,3.436893194,       663P   1367
8.378625529,10.9445814,3.436893194,8.287705036,10.982241902,         663P   1368
3.436893194,8.196784543,11.00180949,3.436893194,8.098411632,         663P   1369
11.00180949,3.436893194,8.,10.25,3.461939766,8.691341716,            663P   1370
10.340496419,3.461939766,8.691341716,10.430957232,3.461939766,       663P   1371
8.673347942,10.514565021,3.461939766,8.638716462,10.59817281,        663P   1372
3.461939766,8.604084981,10.674861784,3.461939766,8.552843047,        663P   1373
10.738852416,3.461939766,8.488852416,10.802843047,3.461939766,       663P   1374
8.424861784,10.854084981,3.461939766,8.34817281,10.888716462,        663P   1375
3.461939766,8.264565021,10.923347942,3.461939766,8.180957232,        663P   1376
10.941341716,3.461939766,8.090496419,10.941341716,3.461939766,       663P   1377
8.,10.25,3.486986338,8.630873942,10.332581206,3.486986338,           663P   1378
8.630873942,10.41512992,3.486986338,8.614453982,10.491425006,        663P   1379
3.486986338,8.582851523,10.567720092,3.486986338,8.551249063,        663P   1380
10.637701512,3.486986338,8.504488973,10.696095243,3.486986338,       663P   1381
8.446095243,10.754488973,3.486986338,8.387701512,10.801249063,       663P   1382
3.486986338,8.317720092,10.832851523,3.486986338,8.241425006,        663P   1383
10.864453982,3.486986338,8.16512992,10.880873942,3.486986338,        663P   1384
8.082581206,10.880873942,3.486986338,8.,10.25,3.5,8.565449847,       663P   1385
10.324017212,3.5,8.565449847,10.398005301,3.5,8.550732701,           663P   1386
10.466388288,3.5,8.52240754,10.534771275,3.5,8.49408238,             663P   1387
10.597495349,3.5,8.452171494,10.649833421,3.5,8.399833421,           663P   1388
10.702171494,3.5,8.347495349,10.74408238,3.5,8.284771275,            663P   1389
10.77240754,3.5,8.216388288,10.800732701,3.5,8.148005301,            663P   1390
10.815449847,3.5,8.074017212,10.815449847,3.5,8.,10.25,3.5,8.5,      663P   1391
10.315449847,3.5,8.5,10.380873942,3.5,8.486986338,10.441341716,      663P   1392
3.5,8.461939766,10.50180949,3.5,8.436893194,10.55727336,3.5,         663P   1393
8.399833421,10.603553391,3.5,8.353553391,10.649833421,3.5,           663P   1394
8.30727336,10.686893194,3.5,8.25180949,10.711939766,3.5,             663P   1395
8.191341716,10.736986338,3.5,8.130873942,10.75,3.5,8.065449847,      663P   1396
10.75,3.5,8.,-1.77635683940025E-15,1.5707963267949,0.,               663P   1397
1.5707963267949;                                                     663P   1398
126,1,1,1,0,1,0,0.,0.,1.,1.,1.,1.,0.,1.570796327,0.,0.,0.,0.,        665P   1399
0.,1.,0.,0.,1.;                                                      665P   1400
124,2.07694060473688E-31,-6.12323399573677E-17,1.,1.75,1.,           667P   1401
3.39190141383284E-15,0.,-7.25000000000001,                           667P   1402
-3.39190141383284E-15,1.,6.12323399573677E-17,5.50000000000003;      667P   1403
100,8.5,10.25,3.,10.75,3.,10.25,3.5;                                 669P   1404
126,1,1,1,0,1,0,0.,0.,1.,1.,1.,1.,0.,0.,0.,1.570796327,0.,0.,        671P   1405
0.,1.,0.,0.,1.;                                                      671P   1406
124,1.22508008559297E-14,1.,0.,7.24999999999988,                     673P   1407
-6.12323399573677E-17,7.50145202760295E-31,1.,-5.,1.,                673P   1408
-1.22508008559297E-14,6.12323399573677E-17,-2.24999999999997;        673P   1409
100,8.,10.25,3.,11.25,3.,10.25,4.;                                   675P   1410
126,1,1,1,0,1,0,0.,0.,1.,1.,1.,1.,1.570796327,0.,0.,                 677P   1411
1.570796327,1.570796327,0.,0.,1.,0.,0.,1.;                           677P   1412
100,8.,10.75,3.,11.25,3.,10.75,3.5;                                  679P   1413
126,1,1,1,0,1,0,0.,0.,1.,1.,1.,1.,1.570796327,1.570796327,0.,        681P   1414
0.,1.570796327,0.,0.,1.,0.,0.,1.;                                    681P   1415
124,1.,0.,0.,0.,0.,6.12323399573677E-17,-1.,11.5,0.,1.,              683P   1416
6.12323399573677E-17,4.5;                                            683P   1417
100,8.,10.25,3.5,10.75,3.5,10.25,4.;                                 685P   1418
102,4,665,671,677,681;                                               687P   1419
102,4,669,675,679,685;                                               689P   1420
142,1,663,687,689,1;                                                 691P   1421
144,663,1,0,691;                                                     693P   1422
110,10.75,3.,8.,10.75,3.,1008.;                                      695P   1423
110,11.25,3.,-8.,11.25,3.,8.;                                        697P   1424
120,695,697,0.,6.28318530717959;                                     699P   1425
126,1,1,1,0,1,0,0.,0.,1.,1.,1.,1.,1.,1.570796327,0.,1.,0.,0.,        701P   1426
0.,1.,0.,0.,1.;                                                      701P   1427
124,6.12323399573677E-17,1.,0.,7.75,1.,-6.12323399573677E-17,        703P   1428
-6.98296267768627E-15,-7.74999999999995,-6.98296267768627E-15,       703P   1429
4.27583144589696E-31,-1.,16.0000000000001;                           703P   1430
100,8.,10.75,3.,11.25,3.,10.75,3.5;                                  705P   1431
126,1,1,1,0,1,0,0.,0.,1.,1.,1.,1.,1.,0.,0.,0.,0.,0.,0.,1.,0.,        707P   1432
0.,1.;                                                               707P   1433
110,11.25,3.,8.,11.25,3.,-8.;                                        709P   1434
126,1,1,1,0,1,0,0.,0.,1.,1.,1.,1.,0.,0.,0.,0.,1.570796327,0.,        711P   1435
0.,1.,0.,0.,1.;                                                      711P   1436
100,-8.,10.75,3.,11.25,3.,10.75,3.5;                                 713P   1437
126,1,1,1,0,1,0,0.,0.,1.,1.,1.,1.,0.,1.570796327,0.,1.,              715P   1438
1.570796327,0.,0.,1.,0.,0.,1.;                                       715P   1439
110,10.75,3.5,-8.,10.75,3.5,8.;                                      717P   1440
102,4,701,707,711,715;                                               719P   1441
102,4,705,709,713,717;                                               721P   1442
142,1,699,719,721,1;                                                 723P   1443
144,699,1,0,723;                                                     725P   1444
110,10.25,3.,8.5,-989.75,3.,8.5;                                     727P   1445
110,10.25,3.,9.,-10.25,3.,9.;                                        729P   1446
120,727,729,0.,6.28318530717959;                                     731P   1447
126,1,1,1,0,1,0,0.,0.,1.,1.,1.,1.,0.,0.,0.,0.,1.570796327,0.,        733P   1448
0.,1.,0.,0.,1.;                                                      733P   1449
124,-7.04419501764363E-15,0.,-1.,18.7500000000001,0.,1.,0.,0.,       735P   1450
1.,0.,-7.04419501764363E-15,-1.74999999999995;                       735P   1451
100,8.5,10.25,3.,10.75,3.,10.25,3.5;                                 737P   1452
126,1,1,1,0,1,0,0.,0.,1.,1.,1.,1.,0.,1.570796327,0.,1.,              739P   1453
1.570796327,0.,0.,1.,0.,0.,1.;                                       739P   1454
110,10.25,3.5,8.5,-10.25,3.5,8.5;                                    741P   1455
126,1,1,1,0,1,0,0.,0.,1.,1.,1.,1.,1.,1.570796327,0.,1.,0.,0.,        743P   1456
0.,1.,0.,0.,1.;                                                      743P   1457
124,-2.13791572294848E-31,-6.12323399573677E-17,1.,-18.75,1.,        745P   1458
-3.49148133884313E-15,0.,13.25,3.49148133884313E-15,1.,              745P   1459
6.12323399573677E-17,5.50000000000003;                               745P   1460
100,8.5,-10.25,3.,-9.75,3.,-10.25,3.5;                               747P   1461
126,1,1,1,0,1,0,0.,0.,1.,1.,1.,1.,1.,0.,0.,0.,0.,0.,0.,1.,0.,        749P   1462
0.,1.;                                                               749P   1463
110,-10.25,3.,9.,10.25,3.,9.;                                        751P   1464
102,4,733,739,743,749;                                               753P   1465
102,4,737,741,747,751;                                               755P   1466
142,1,731,753,755,1;                                                 757P   1467
144,731,1,0,757;                                                     759P   1468
128,12,12,3,3,0,0,1,0,0,1.5707963267949,1.5707963267949,             761P   1469
1.5707963267949,1.5707963267949,1.96349540849362,                    761P   1470
1.96349540849362,1.96349540849362,2.35619449019234,                  761P   1471
2.35619449019234,2.35619449019234,2.74889357189107,                  761P   1472
2.74889357189107,2.74889357189107,3.14159265358979,                  761P   1473
3.14159265358979,3.14159265358979,3.14159265358979,0.,0.,0.,0.,      761P   1474
0.392699081698724,0.392699081698724,0.392699081698724,               761P   1475
0.785398163397448,0.785398163397448,0.785398163397448,               761P   1476
1.17809724509617,1.17809724509617,1.17809724509617,                  761P   1477
1.5707963267949,1.5707963267949,1.5707963267949,                     761P   1478
1.5707963267949,1.,1.,1.,1.,1.,1.,1.,1.,1.,1.,1.,1.,1.,1.,1.,        761P   1479
1.,1.,1.,1.,1.,1.,1.,1.,1.,1.,1.,1.,1.,1.,1.,1.,1.,1.,1.,1.,1.,      761P   1480
1.,1.,1.,1.,1.,1.,1.,1.,1.,1.,1.,1.,1.,1.,1.,1.,1.,1.,1.,1.,1.,      761P   1481
1.,1.,1.,1.,1.,1.,1.,1.,1.,1.,1.,1.,1.,1.,1.,1.,1.,1.,1.,1.,1.,      761P   1482
1.,1.,1.,1.,1.,1.,1.,1.,1.,1.,1.,1.,1.,1.,1.,1.,1.,1.,1.,1.,1.,      761P   1483
1.,1.,1.,1.,1.,1.,1.,1.,1.,1.,1.,1.,1.,1.,1.,1.,1.,1.,1.,1.,1.,      761P   1484
1.,1.,1.,1.,1.,1.,1.,1.,1.,1.,1.,1.,1.,1.,1.,1.,1.,1.,1.,1.,1.,      761P   1485
1.,1.,1.,1.,1.,1.,1.,1.,1.,1.,1.,1.,1.,1.,1.,1.,1.,1.,1.,1.,1.,      761P   1486
1.,1.,1.,1.,1.,1.,1.,11.25,3.,-8.,11.25,3.,-8.130899694,             761P   1487
11.223972677,3.,-8.261747884,11.173879533,3.,-8.382683432,           761P   1488
11.123786388,3.,-8.50361898,11.049666842,3.,-8.61454672,             761P   1489
10.957106781,3.,-8.707106781,10.86454672,3.,-8.799666842,            761P   1490
10.75361898,3.,-8.873786388,10.632683432,3.,-8.923879533,            761P   1491
10.511747884,3.,-8.973972677,10.380899694,3.,-9.,10.25,3.,-9.,       761P   1492
11.25,3.065449847,-8.,11.25,3.065449847,-8.130899694,                761P   1493
11.223972677,3.065449847,-8.261747884,11.173879533,3.065449847,      761P   1494
-8.382683432,11.123786388,3.065449847,-8.50361898,11.049666842,      761P   1495
3.065449847,-8.61454672,10.957106781,3.065449847,-8.707106781,       761P   1496
10.86454672,3.065449847,-8.799666842,10.75361898,3.065449847,        761P   1497
-8.873786388,10.632683432,3.065449847,-8.923879533,                  761P   1498
10.511747884,3.065449847,-8.973972677,10.380899694,3.065449847,      761P   1499
-9.,10.25,3.065449847,-9.,11.236986338,3.130873942,-8.,              761P   1500
11.236986338,3.130873942,-8.12919621,11.211297726,3.130873942,       761P   1501
-8.258341586,11.161856477,3.130873942,-8.37770332,11.112415228,      761P   1502
3.130873942,-8.497065053,11.039260249,3.130873942,-8.606549217,      761P   1503
10.947904733,3.130873942,-8.697904733,10.856549217,3.130873942,      761P   1504
-8.789260249,10.747065053,3.130873942,-8.862415228,10.62770332,      761P   1505
3.130873942,-8.911856477,10.508341586,3.130873942,-8.961297726,      761P   1506
10.37919621,3.130873942,-8.986986338,10.25,3.130873942,              761P   1507
-8.986986338,11.211939766,3.191341716,-8.,11.211939766,              761P   1508
3.191341716,-8.125917621,11.186903049,3.191341716,-8.251785699,      761P   1509
11.138716462,3.191341716,-8.368118411,11.090529874,3.191341716,      761P   1510
-8.484451124,11.019231335,3.191341716,-8.591156928,                  761P   1511
10.930194132,3.191341716,-8.680194132,10.841156928,3.191341716,      761P   1512
-8.769231335,10.734451124,3.191341716,-8.840529874,                  761P   1513
10.618118411,3.191341716,-8.888716462,10.501785699,3.191341716,      761P   1514
-8.936903049,10.375917621,3.191341716,-8.961939766,10.25,            761P   1515
3.191341716,-8.961939766,11.186893194,3.25180949,-8.,                761P   1516
11.186893194,3.25180949,-8.122639032,11.162508372,3.25180949,        761P   1517
-8.245229811,11.115576446,3.25180949,-8.358533503,11.06864452,       761P   1518
3.25180949,-8.471837195,10.999202422,3.25180949,-8.575764639,        761P   1519
10.912483531,3.25180949,-8.662483531,10.825764639,3.25180949,        761P   1520
-8.749202422,10.721837195,3.25180949,-8.81864452,10.608533503,       761P   1521
3.25180949,-8.865576446,10.495229811,3.25180949,-8.912508372,        761P   1522
10.372639032,3.25180949,-8.936893194,10.25,3.25180949,               761P   1523
-8.936893194,11.149833421,3.30727336,-8.,11.149833421,               761P   1524
3.30727336,-8.117787919,11.126413166,3.30727336,-8.235529494,        761P   1525
11.081337681,3.30727336,-8.344351342,11.036262195,3.30727336,        761P   1526
-8.45317319,10.969566951,3.30727336,-8.552989678,10.886278314,       761P   1527
3.30727336,-8.636278314,10.802989678,3.30727336,-8.719566951,        761P   1528
10.70317319,3.30727336,-8.786262195,10.594351342,3.30727336,         761P   1529
-8.831337681,10.485529494,3.30727336,-8.876413166,10.367787919,      761P   1530
3.30727336,-8.899833421,10.25,3.30727336,-8.899833421,               761P   1531
11.103553391,3.353553391,-8.,11.103553391,3.353553391,               761P   1532
-8.111729878,11.081337681,3.353553391,-8.223415794,                  761P   1533
11.038580507,3.353553391,-8.326640741,10.995823334,3.353553391,      761P   1534
-8.429865688,10.932558345,3.353553391,-8.524548437,                  761P   1535
10.853553391,3.353553391,-8.603553391,10.774548437,3.353553391,      761P   1536
-8.682558345,10.679865688,3.353553391,-8.745823334,                  761P   1537
10.576640741,3.353553391,-8.788580507,10.473415794,3.353553391,      761P   1538
-8.831337681,10.361729878,3.353553391,-8.853553391,10.25,            761P   1539
3.353553391,-8.853553391,11.05727336,3.399833421,-8.,                761P   1540
11.05727336,3.399833421,-8.105671836,11.036262195,3.399833421,       761P   1541
-8.211302094,10.995823334,3.399833421,-8.30893014,10.955384474,      761P   1542
3.399833421,-8.406558186,10.895549739,3.399833421,-8.496107196,      761P   1543
10.820828467,3.399833421,-8.570828467,10.746107196,3.399833421,      761P   1544
-8.645549739,10.656558186,3.399833421,-8.705384474,10.55893014,      761P   1545
3.399833421,-8.745823334,10.461302094,3.399833421,-8.786262195,      761P   1546
10.355671836,3.399833421,-8.80727336,10.25,3.399833421,              761P   1547
-8.80727336,11.00180949,3.436893194,-8.,11.00180949,                 761P   1548
3.436893194,-8.098411632,10.982241902,3.436893194,-8.196784543,      761P   1549
10.9445814,3.436893194,-8.287705036,10.906920899,3.436893194,        761P   1550
-8.378625529,10.851197121,3.436893194,-8.462022056,                  761P   1551
10.781609589,3.436893194,-8.531609589,10.712022056,3.436893194,      761P   1552
-8.601197121,10.628625529,3.436893194,-8.656920899,                  761P   1553
10.537705036,3.436893194,-8.6945814,10.446784543,3.436893194,        761P   1554
-8.732241902,10.348411632,3.436893194,-8.75180949,10.25,             761P   1555
3.436893194,-8.75180949,10.941341716,3.461939766,-8.,                761P   1556
10.941341716,3.461939766,-8.090496419,10.923347942,3.461939766,      761P   1557
-8.180957232,10.888716462,3.461939766,-8.264565021,                  761P   1558
10.854084981,3.461939766,-8.34817281,10.802843047,3.461939766,       761P   1559
-8.424861784,10.738852416,3.461939766,-8.488852416,                  761P   1560
10.674861784,3.461939766,-8.552843047,10.59817281,3.461939766,       761P   1561
-8.604084981,10.514565021,3.461939766,-8.638716462,                  761P   1562
10.430957232,3.461939766,-8.673347942,10.340496419,3.461939766,      761P   1563
-8.691341716,10.25,3.461939766,-8.691341716,10.880873942,            761P   1564
3.486986338,-8.,10.880873942,3.486986338,-8.082581206,               761P   1565
10.864453982,3.486986338,-8.16512992,10.832851523,3.486986338,       761P   1566
-8.241425006,10.801249063,3.486986338,-8.317720092,                  761P   1567
10.754488973,3.486986338,-8.387701512,10.696095243,3.486986338,      761P   1568
-8.446095243,10.637701512,3.486986338,-8.504488973,                  761P   1569
10.567720092,3.486986338,-8.551249063,10.491425006,3.486986338,      761P   1570
-8.582851523,10.41512992,3.486986338,-8.614453982,10.332581206,      761P   1571
3.486986338,-8.630873942,10.25,3.486986338,-8.630873942,             761P   1572
10.815449847,3.5,-8.,10.815449847,3.5,-8.074017212,                  761P   1573
10.800732701,3.5,-8.148005301,10.77240754,3.5,-8.216388288,          761P   1574
10.74408238,3.5,-8.284771275,10.702171494,3.5,-8.347495349,          761P   1575
10.649833421,3.5,-8.399833421,10.597495349,3.5,-8.452171494,         761P   1576
10.534771275,3.5,-8.49408238,10.466388288,3.5,-8.52240754,           761P   1577
10.398005301,3.5,-8.550732701,10.324017212,3.5,-8.565449847,         761P   1578
10.25,3.5,-8.565449847,10.75,3.5,-8.,10.75,3.5,-8.065449847,         761P   1579
10.736986338,3.5,-8.130873942,10.711939766,3.5,-8.191341716,         761P   1580
10.686893194,3.5,-8.25180949,10.649833421,3.5,-8.30727336,           761P   1581
10.603553391,3.5,-8.353553391,10.55727336,3.5,-8.399833421,          761P   1582
10.50180949,3.5,-8.436893194,10.441341716,3.5,-8.461939766,          761P   1583
10.380873942,3.5,-8.486986338,10.315449847,3.5,-8.5,10.25,3.5,       761P   1584
-8.5,1.5707963267949,3.14159265358979,0.,1.5707963267949;            761P   1585
126,1,1,1,0,1,0,0.,0.,1.,1.,1.,1.,1.570796327,1.570796327,0.,        763P   1586
1.570796327,0.,0.,0.,1.,0.,0.,1.;                                    763P   1587
124,6.12323399573677E-17,1.,0.,7.75,1.,-6.12323399573677E-17,        765P   1588
-6.98296267768627E-15,-7.75000000000006,-6.98296267768627E-15,       765P   1589
4.27583144589696E-31,-1.,-15.9999999999999;                          765P   1590
100,-8.,10.75,3.,11.25,3.,10.75,3.5;                                 767P   1591
126,1,1,1,0,1,0,0.,0.,1.,1.,1.,1.,1.570796327,0.,0.,                 769P   1592
3.141592654,0.,0.,0.,1.,0.,0.,1.;                                    769P   1593
124,1.,0.,0.,0.,0.,6.12323399573677E-17,1.,11.,0.,-1.,               771P   1594
6.12323399573677E-17,-5.;                                            771P   1595
100,-8.,10.25,3.,11.25,3.,10.25,4.;                                  773P   1596
126,1,1,1,0,1,0,0.,0.,1.,1.,1.,1.,3.141592654,0.,0.,                 775P   1597
3.141592654,1.570796327,0.,0.,1.,0.,0.,1.;                           775P   1598
124,6.12323399573677E-17,0.,1.,18.75,0.,1.,0.,0.,-1.,0.,             777P   1599
6.12323399573677E-17,1.75;                                           777P   1600
100,-8.5,10.25,3.,10.75,3.,10.25,3.5;                                779P   1601
126,1,1,1,0,1,0,0.,0.,1.,1.,1.,1.,3.141592654,1.570796327,0.,        781P   1602
1.570796327,1.570796327,0.,0.,1.,0.,0.,1.;                           781P   1603
124,1.40271576953299E-14,1.,0.,6.74999999999986,                     783P   1604
-6.12323399573677E-17,8.58915688636046E-31,-1.,-4.5,-1.,             783P   1605
1.40271576953299E-14,6.12323399573677E-17,2.24999999999995;          783P   1606
100,-8.,10.25,3.5,10.75,3.5,10.25,4.;                                785P   1607
102,4,763,769,775,781;                                               787P   1608
102,4,767,773,779,785;                                               789P   1609
142,1,761,787,789,1;                                                 791P   1610
144,761,1,0,791;                                                     793P   1611
128,12,12,3,3,0,0,1,0,0,4.71238898038469,4.71238898038469,           795P   1612
4.71238898038469,4.71238898038469,5.10508806208341,                  795P   1613
5.10508806208341,5.10508806208341,5.49778714378214,                  795P   1614
5.49778714378214,5.49778714378214,5.89048622548086,                  795P   1615
5.89048622548086,5.89048622548086,6.28318530717959,                  795P   1616
6.28318530717959,6.28318530717959,6.28318530717959,0.,0.,0.,0.,      795P   1617
0.392699081698724,0.392699081698724,0.392699081698724,               795P   1618
0.785398163397448,0.785398163397448,0.785398163397448,               795P   1619
1.17809724509617,1.17809724509617,1.17809724509617,                  795P   1620
1.5707963267949,1.5707963267949,1.5707963267949,                     795P   1621
1.5707963267949,1.,1.,1.,1.,1.,1.,1.,1.,1.,1.,1.,1.,1.,1.,1.,        795P   1622
1.,1.,1.,1.,1.,1.,1.,1.,1.,1.,1.,1.,1.,1.,1.,1.,1.,1.,1.,1.,1.,      795P   1623
1.,1.,1.,1.,1.,1.,1.,1.,1.,1.,1.,1.,1.,1.,1.,1.,1.,1.,1.,1.,1.,      795P   1624
1.,1.,1.,1.,1.,1.,1.,1.,1.,1.,1.,1.,1.,1.,1.,1.,1.,1.,1.,1.,1.,      795P   1625
1.,1.,1.,1.,1.,1.,1.,1.,1.,1.,1.,1.,1.,1.,1.,1.,1.,1.,1.,1.,1.,      795P   1626
1.,1.,1.,1.,1.,1.,1.,1.,1.,1.,1.,1.,1.,1.,1.,1.,1.,1.,1.,1.,1.,      795P   1627
1.,1.,1.,1.,1.,1.,1.,1.,1.,1.,1.,1.,1.,1.,1.,1.,1.,1.,1.,1.,1.,      795P   1628
1.,1.,1.,1.,1.,1.,1.,1.,1.,1.,1.,1.,1.,1.,1.,1.,1.,1.,1.,1.,1.,      795P   1629
1.,1.,1.,1.,1.,1.,1.,-11.25,3.,8.,-11.25,3.,8.130899694,             795P   1630
-11.223972677,3.,8.261747884,-11.173879533,3.,8.382683432,           795P   1631
-11.123786388,3.,8.50361898,-11.049666842,3.,8.61454672,             795P   1632
-10.957106781,3.,8.707106781,-10.86454672,3.,8.799666842,            795P   1633
-10.75361898,3.,8.873786388,-10.632683432,3.,8.923879533,            795P   1634
-10.511747884,3.,8.973972677,-10.380899694,3.,9.,-10.25,3.,9.,       795P   1635
-11.25,3.065449847,8.,-11.25,3.065449847,8.130899694,                795P   1636
-11.223972677,3.065449847,8.261747884,-11.173879533,                 795P   1637
3.065449847,8.382683432,-11.123786388,3.065449847,8.50361898,        795P   1638
-11.049666842,3.065449847,8.61454672,-10.957106781,3.065449847,      795P   1639
8.707106781,-10.86454672,3.065449847,8.799666842,-10.75361898,       795P   1640
3.065449847,8.873786388,-10.632683432,3.065449847,8.923879533,       795P   1641
-10.511747884,3.065449847,8.973972677,-10.380899694,                 795P   1642
3.065449847,9.,-10.25,3.065449847,9.,-11.236986338,3.130873942,      795P   1643
8.,-11.236986338,3.130873942,8.12919621,-11.211297726,               795P   1644
3.130873942,8.258341586,-11.161856477,3.130873942,8.37770332,        795P   1645
-11.112415228,3.130873942,8.497065053,-11.039260249,                 795P   1646
3.130873942,8.606549217,-10.947904733,3.130873942,8.697904733,       795P   1647
-10.856549217,3.130873942,8.789260249,-10.747065053,                 795P   1648
3.130873942,8.862415228,-10.62770332,3.130873942,8.911856477,        795P   1649
-10.508341586,3.130873942,8.961297726,-10.37919621,3.130873942,      795P   1650
8.986986338,-10.25,3.130873942,8.986986338,-11.211939766,            795P   1651
3.191341716,8.,-11.211939766,3.191341716,8.125917621,                795P   1652
-11.186903049,3.191341716,8.251785699,-11.138716462,                 795P   1653
3.191341716,8.368118411,-11.090529874,3.191341716,8.484451124,       795P   1654
-11.019231335,3.191341716,8.591156928,-10.930194132,                 795P   1655
3.191341716,8.680194132,-10.841156928,3.191341716,8.769231335,       795P   1656
-10.734451124,3.191341716,8.840529874,-10.618118411,                 795P   1657
3.191341716,8.888716462,-10.501785699,3.191341716,8.936903049,       795P   1658
-10.375917621,3.191341716,8.961939766,-10.25,3.191341716,            795P   1659
8.961939766,-11.186893194,3.25180949,8.,-11.186893194,               795P   1660
3.25180949,8.122639032,-11.162508372,3.25180949,8.245229811,         795P   1661
-11.115576446,3.25180949,8.358533503,-11.06864452,3.25180949,        795P   1662
8.471837195,-10.999202422,3.25180949,8.575764639,-10.912483531,      795P   1663
3.25180949,8.662483531,-10.825764639,3.25180949,8.749202422,         795P   1664
-10.721837195,3.25180949,8.81864452,-10.608533503,3.25180949,        795P   1665
8.865576446,-10.495229811,3.25180949,8.912508372,-10.372639032,      795P   1666
3.25180949,8.936893194,-10.25,3.25180949,8.936893194,                795P   1667
-11.149833421,3.30727336,8.,-11.149833421,3.30727336,                795P   1668
8.117787919,-11.126413166,3.30727336,8.235529494,-11.081337681,      795P   1669
3.30727336,8.344351342,-11.036262195,3.30727336,8.45317319,          795P   1670
-10.969566951,3.30727336,8.552989678,-10.886278314,3.30727336,       795P   1671
8.636278314,-10.802989678,3.30727336,8.719566951,-10.70317319,       795P   1672
3.30727336,8.786262195,-10.594351342,3.30727336,8.831337681,         795P   1673
-10.485529494,3.30727336,8.876413166,-10.367787919,3.30727336,       795P   1674
8.899833421,-10.25,3.30727336,8.899833421,-11.103553391,             795P   1675
3.353553391,8.,-11.103553391,3.353553391,8.111729878,                795P   1676
-11.081337681,3.353553391,8.223415794,-11.038580507,                 795P   1677
3.353553391,8.326640741,-10.995823334,3.353553391,8.429865688,       795P   1678
-10.932558345,3.353553391,8.524548437,-10.853553391,                 795P   1679
3.353553391,8.603553391,-10.774548437,3.353553391,8.682558345,       795P   1680
-10.679865688,3.353553391,8.745823334,-10.576640741,                 795P   1681
3.353553391,8.788580507,-10.473415794,3.353553391,8.831337681,       795P   1682
-10.361729878,3.353553391,8.853553391,-10.25,3.353553391,            795P   1683
8.853553391,-11.05727336,3.399833421,8.,-11.05727336,                795P   1684
3.399833421,8.105671836,-11.036262195,3.399833421,8.211302094,       795P   1685
-10.995823334,3.399833421,8.30893014,-10.955384474,3.399833421,      795P   1686
8.406558186,-10.895549739,3.399833421,8.496107196,                   795P   1687
-10.820828467,3.399833421,8.570828467,-10.746107196,                 795P   1688
3.399833421,8.645549739,-10.656558186,3.399833421,8.705384474,       795P   1689
-10.55893014,3.399833421,8.745823334,-10.461302094,3.399833421,      795P   1690
8.786262195,-10.355671836,3.399833421,8.80727336,-10.25,             795P   1691
3.399833421,8.80727336,-11.00180949,3.436893194,8.,                  795P   1692
-11.00180949,3.436893194,8.098411632,-10.982241902,3.436893194,      795P   1693
8.196784543,-10.9445814,3.436893194,8.287705036,-10.906920899,       795P   1694
3.436893194,8.378625529,-10.851197121,3.436893194,8.462022056,       795P   1695
-10.781609589,3.436893194,8.531609589,-10.712022056,                 795P   1696
3.436893194,8.601197121,-10.628625529,3.436893194,8.656920899,       795P   1697
-10.537705036,3.436893194,8.6945814,-10.446784543,3.436893194,       795P   1698
8.732241902,-10.348411632,3.436893194,8.75180949,-10.25,             795P   1699
3.436893194,8.75180949,-10.941341716,3.461939766,8.,                 795P   1700
-10.941341716,3.461939766,8.090496419,-10.923347942,                 795P   1701
3.461939766,8.180957232,-10.888716462,3.461939766,8.264565021,       795P   1702
-10.854084981,3.461939766,8.34817281,-10.802843047,3.461939766,      795P   1703
8.424861784,-10.738852416,3.461939766,8.488852416,                   795P   1704
-10.674861784,3.461939766,8.552843047,-10.59817281,3.461939766,      795P   1705
8.604084981,-10.514565021,3.461939766,8.638716462,                   795P   1706
-10.430957232,3.461939766,8.673347942,-10.340496419,                 795P   1707
3.461939766,8.691341716,-10.25,3.461939766,8.691341716,              795P   1708
-10.880873942,3.486986338,8.,-10.880873942,3.486986338,              795P   1709
8.082581206,-10.864453982,3.486986338,8.16512992,-10.832851523,      795P   1710
3.486986338,8.241425006,-10.801249063,3.486986338,8.317720092,       795P   1711
-10.754488973,3.486986338,8.387701512,-10.696095243,                 795P   1712
3.486986338,8.446095243,-10.637701512,3.486986338,8.504488973,       795P   1713
-10.567720092,3.486986338,8.551249063,-10.491425006,                 795P   1714
3.486986338,8.582851523,-10.41512992,3.486986338,8.614453982,        795P   1715
-10.332581206,3.486986338,8.630873942,-10.25,3.486986338,            795P   1716
8.630873942,-10.815449847,3.5,8.,-10.815449847,3.5,8.074017212,      795P   1717
-10.800732701,3.5,8.148005301,-10.77240754,3.5,8.216388288,          795P   1718
-10.74408238,3.5,8.284771275,-10.702171494,3.5,8.347495349,          795P   1719
-10.649833421,3.5,8.399833421,-10.597495349,3.5,8.452171494,         795P   1720
-10.534771275,3.5,8.49408238,-10.466388288,3.5,8.52240754,           795P   1721
-10.398005301,3.5,8.550732701,-10.324017212,3.5,8.565449847,         795P   1722
-10.25,3.5,8.565449847,-10.75,3.5,8.,-10.75,3.5,8.065449847,         795P   1723
-10.736986338,3.5,8.130873942,-10.711939766,3.5,8.191341716,         795P   1724
-10.686893194,3.5,8.25180949,-10.649833421,3.5,8.30727336,           795P   1725
-10.603553391,3.5,8.353553391,-10.55727336,3.5,8.399833421,          795P   1726
-10.50180949,3.5,8.436893194,-10.441341716,3.5,8.461939766,          795P   1727
-10.380873942,3.5,8.486986338,-10.315449847,3.5,8.5,-10.25,3.5,      795P   1728
8.5,4.71238898038469,6.28318530717959,0.,1.5707963267949;            795P   1729
126,1,1,1,0,1,0,0.,0.,1.,1.,1.,1.,6.283185307,0.,0.,                 797P   1730
6.283185307,1.570796327,0.,0.,1.,0.,0.,1.;                           797P   1731
124,6.12323399573677E-17,0.,-1.,-1.75,0.,1.,0.,0.,1.,0.,             799P   1732
6.12323399573677E-17,18.75;                                          799P   1733
100,8.5,-10.25,3.,-9.75,3.,-10.25,3.5;                               801P   1734
126,1,1,1,0,1,0,0.,0.,1.,1.,1.,1.,6.283185307,1.570796327,0.,        803P   1735
4.71238898,1.570796327,0.,0.,1.,0.,0.,1.;                            803P   1736
124,6.12323399573677E-17,-1.,0.,-6.74999999999999,                   805P   1737
6.12323399573677E-17,3.74939945665464E-33,-1.,11.5,1.,               805P   1738
6.12323399573677E-17,6.12323399573677E-17,18.25;                     805P   1739
100,8.,-10.25,3.5,-9.75,3.5,-10.25,4.;                               807P   1740
126,1,1,1,0,1,0,0.,0.,1.,1.,1.,1.,4.71238898,1.570796327,0.,         809P   1741
4.71238898,0.,0.,0.,1.,0.,0.,1.;                                     809P   1742
100,8.,-10.75,3.,-10.75,3.5,-11.25,3.;                               811P   1743
126,1,1,1,0,1,0,0.,0.,1.,1.,1.,1.,4.71238898,0.,0.,6.283185307,      813P   1744
0.,0.,0.,1.,0.,0.,1.;                                                813P   1745
124,-1.,6.98296267768627E-15,0.,-20.5,-4.27583144589696E-31,         815P   1746
-6.12323399573677E-17,1.,-5.,6.98296267768627E-15,1.,                815P   1747
6.12323399573677E-17,5.00000000000007;                               815P   1748
100,8.,-10.25,3.,-9.25,3.,-10.25,4.;                                 817P   1749
102,4,797,803,809,813;                                               819P   1750
102,4,801,807,811,817;                                               821P   1751
142,1,795,819,821,1;                                                 823P   1752
144,795,1,0,823;                                                     825P   1753
110,10.25,3.,-8.5,1010.25,3.,-8.5;                                   827P   1754
110,-10.25,3.,-9.,10.25,3.,-9.;                                      829P   1755
120,827,829,0.,6.28318530717959;                                     831P   1756
126,1,1,1,0,1,0,0.,0.,1.,1.,1.,1.,1.,1.570796327,0.,1.,0.,0.,        833P   1757
0.,1.,0.,0.,1.;                                                      833P   1758
124,3.74939945665464E-33,-6.12323399573677E-17,-1.,1.75,1.,          835P   1759
6.12323399573677E-17,0.,-7.25,6.12323399573677E-17,-1.,              835P   1760
6.12323399573677E-17,-5.50000000000001;                              835P   1761
100,-8.5,10.25,3.,10.75,3.,10.25,3.5;                                837P   1762
126,1,1,1,0,1,0,0.,0.,1.,1.,1.,1.,1.,0.,0.,0.,0.,0.,0.,1.,0.,        839P   1763
0.,1.;                                                               839P   1764
110,10.25,3.,-9.,-10.25,3.,-9.;                                      841P   1765
126,1,1,1,0,1,0,0.,0.,1.,1.,1.,1.,0.,0.,0.,0.,1.570796327,0.,        843P   1766
0.,1.,0.,0.,1.;                                                      843P   1767
124,6.12323399573677E-17,0.,1.,-1.74999999999999,0.,1.,0.,0.,        845P   1768
-1.,0.,6.12323399573677E-17,-18.75;                                  845P   1769
100,-8.5,-10.25,3.,-9.75,3.,-10.25,3.5;                              847P   1770
126,1,1,1,0,1,0,0.,0.,1.,1.,1.,1.,0.,1.570796327,0.,1.,              849P   1771
1.570796327,0.,0.,1.,0.,0.,1.;                                       849P   1772
110,-10.25,3.5,-8.5,10.25,3.5,-8.5;                                  851P   1773
102,4,833,839,843,849;                                               853P   1774
102,4,837,841,847,851;                                               855P   1775
142,1,831,853,855,1;                                                 857P   1776
144,831,1,0,857;                                                     859P   1777
110,-10.75,3.,8.,-10.75,3.,-992.;                                    861P   1778
110,-11.25,3.,8.,-11.25,3.,-8.;                                      863P   1779
120,861,863,0.,6.28318530717959;                                     865P   1780
126,1,1,1,0,1,0,0.,0.,1.,1.,1.,1.,0.,0.,0.,0.,1.570796327,0.,        867P   1781
0.,1.,0.,0.,1.;                                                      867P   1782
124,-1.,5.55111512312578E-17,6.98296267768627E-15,-21.5,             869P   1783
5.55111512312578E-17,1.,-2.42270185777045E-29,                       869P   1784
7.59808882478226E-16,-6.98296267768627E-15,                          869P   1785
-2.38393862804612E-29,-1.,15.9999999999999;                          869P   1786
100,8.,-10.75,3.,-10.25,3.,-10.75,3.5;                               871P   1787
126,1,1,1,0,1,0,0.,0.,1.,1.,1.,1.,0.,1.570796327,0.,1.,              873P   1788
1.570796327,0.,0.,1.,0.,0.,1.;                                       873P   1789
110,-10.75,3.5,8.,-10.75,3.5,-8.;                                    875P   1790
126,1,1,1,0,1,0,0.,0.,1.,1.,1.,1.,1.,1.570796327,0.,1.,0.,0.,        877P   1791
0.,1.,0.,0.,1.;                                                      877P   1792
100,-8.,-10.75,3.,-10.75,3.5,-11.25,3.;                              879P   1793
126,1,1,1,0,1,0,0.,0.,1.,1.,1.,1.,1.,0.,0.,0.,0.,0.,0.,1.,0.,        881P   1794
0.,1.;                                                               881P   1795
110,-11.25,3.,-8.,-11.25,3.,8.;                                      883P   1796
102,4,867,873,877,881;                                               885P   1797
102,4,871,875,879,883;                                               887P   1798
142,1,865,885,887,1;                                                 889P   1799
144,865,1,0,889;                                                     891P   1800
128,12,12,3,3,0,0,1,0,0,3.14159265358979,3.14159265358979,           893P   1801
3.14159265358979,3.14159265358979,3.53429173528852,                  893P   1802
3.53429173528852,3.53429173528852,3.92699081698724,                  893P   1803
3.92699081698724,3.92699081698724,4.31968989868597,                  893P   1804
4.31968989868597,4.31968989868597,4.71238898038469,                  893P   1805
4.71238898038469,4.71238898038469,4.71238898038469,0.,0.,0.,0.,      893P   1806
0.392699081698724,0.392699081698724,0.392699081698724,               893P   1807
0.785398163397449,0.785398163397449,0.785398163397449,               893P   1808
1.17809724509617,1.17809724509617,1.17809724509617,                  893P   1809
1.5707963267949,1.5707963267949,1.5707963267949,                     893P   1810
1.5707963267949,1.,1.,1.,1.,1.,1.,1.,1.,1.,1.,1.,1.,1.,1.,1.,        893P   1811
1.,1.,1.,1.,1.,1.,1.,1.,1.,1.,1.,1.,1.,1.,1.,1.,1.,1.,1.,1.,1.,      893P   1812
1.,1.,1.,1.,1.,1.,1.,1.,1.,1.,1.,1.,1.,1.,1.,1.,1.,1.,1.,1.,1.,      893P   1813
1.,1.,1.,1.,1.,1.,1.,1.,1.,1.,1.,1.,1.,1.,1.,1.,1.,1.,1.,1.,1.,      893P   1814
1.,1.,1.,1.,1.,1.,1.,1.,1.,1.,1.,1.,1.,1.,1.,1.,1.,1.,1.,1.,1.,      893P   1815
1.,1.,1.,1.,1.,1.,1.,1.,1.,1.,1.,1.,1.,1.,1.,1.,1.,1.,1.,1.,1.,      893P   1816
1.,1.,1.,1.,1.,1.,1.,1.,1.,1.,1.,1.,1.,1.,1.,1.,1.,1.,1.,1.,1.,      893P   1817
1.,1.,1.,1.,1.,1.,1.,1.,1.,1.,1.,1.,1.,1.,1.,1.,1.,1.,1.,1.,1.,      893P   1818
1.,1.,1.,1.,1.,1.,1.,-10.25,3.,-9.,-10.380899694,3.,-9.,             893P   1819
-10.511747884,3.,-8.973972677,-10.632683432,3.,-8.923879533,         893P   1820
-10.75361898,3.,-8.873786388,-10.86454672,3.,-8.799666842,           893P   1821
-10.957106781,3.,-8.707106781,-11.049666842,3.,-8.61454672,          893P   1822
-11.123786388,3.,-8.50361898,-11.173879533,3.,-8.382683432,          893P   1823
-11.223972677,3.,-8.261747884,-11.25,3.,-8.130899694,-11.25,3.,      893P   1824
-8.,-10.25,3.065449847,-9.,-10.380899694,3.065449847,-9.,            893P   1825
-10.511747884,3.065449847,-8.973972677,-10.632683432,                893P   1826
3.065449847,-8.923879533,-10.75361898,3.065449847,-8.873786388,      893P   1827
-10.86454672,3.065449847,-8.799666842,-10.957106781,                 893P   1828
3.065449847,-8.707106781,-11.049666842,3.065449847,-8.61454672,      893P   1829
-11.123786388,3.065449847,-8.50361898,-11.173879533,                 893P   1830
3.065449847,-8.382683432,-11.223972677,3.065449847,                  893P   1831
-8.261747884,-11.25,3.065449847,-8.130899694,-11.25,                 893P   1832
3.065449847,-8.,-10.25,3.130873942,-8.986986338,-10.37919621,        893P   1833
3.130873942,-8.986986338,-10.508341586,3.130873942,                  893P   1834
-8.961297726,-10.62770332,3.130873942,-8.911856477,                  893P   1835
-10.747065053,3.130873942,-8.862415228,-10.856549217,                893P   1836
3.130873942,-8.789260249,-10.947904733,3.130873942,                  893P   1837
-8.697904733,-11.039260249,3.130873942,-8.606549217,                 893P   1838
-11.112415228,3.130873942,-8.497065053,-11.161856477,                893P   1839
3.130873942,-8.37770332,-11.211297726,3.130873942,-8.258341586,      893P   1840
-11.236986338,3.130873942,-8.12919621,-11.236986338,                 893P   1841
3.130873942,-8.,-10.25,3.191341716,-8.961939766,-10.375917621,       893P   1842
3.191341716,-8.961939766,-10.501785699,3.191341716,                  893P   1843
-8.936903049,-10.618118411,3.191341716,-8.888716462,                 893P   1844
-10.734451124,3.191341716,-8.840529874,-10.841156928,                893P   1845
3.191341716,-8.769231335,-10.930194132,3.191341716,                  893P   1846
-8.680194132,-11.019231335,3.191341716,-8.591156928,                 893P   1847
-11.090529874,3.191341716,-8.484451124,-11.138716462,                893P   1848
3.191341716,-8.368118411,-11.186903049,3.191341716,                  893P   1849
-8.251785699,-11.211939766,3.191341716,-8.125917621,                 893P   1850
-11.211939766,3.191341716,-8.,-10.25,3.25180949,-8.936893194,        893P   1851
-10.372639032,3.25180949,-8.936893194,-10.495229811,3.25180949,      893P   1852
-8.912508372,-10.608533503,3.25180949,-8.865576446,                  893P   1853
-10.721837195,3.25180949,-8.81864452,-10.825764639,3.25180949,       893P   1854
-8.749202422,-10.912483531,3.25180949,-8.662483531,                  893P   1855
-10.999202422,3.25180949,-8.575764639,-11.06864452,3.25180949,       893P   1856
-8.471837195,-11.115576446,3.25180949,-8.358533503,                  893P   1857
-11.162508372,3.25180949,-8.245229811,-11.186893194,3.25180949,      893P   1858
-8.122639032,-11.186893194,3.25180949,-8.,-10.25,3.30727336,         893P   1859
-8.899833421,-10.367787919,3.30727336,-8.899833421,                  893P   1860
-10.485529494,3.30727336,-8.876413166,-10.594351342,3.30727336,      893P   1861
-8.831337681,-10.70317319,3.30727336,-8.786262195,                   893P   1862
-10.802989678,3.30727336,-8.719566951,-10.886278314,3.30727336,      893P   1863
-8.636278314,-10.969566951,3.30727336,-8.552989678,                  893P   1864
-11.036262195,3.30727336,-8.45317319,-11.081337681,3.30727336,       893P   1865
-8.344351342,-11.126413166,3.30727336,-8.235529494,                  893P   1866
-11.149833421,3.30727336,-8.117787919,-11.149833421,3.30727336,      893P   1867
-8.,-10.25,3.353553391,-8.853553391,-10.361729878,3.353553391,       893P   1868
-8.853553391,-10.473415794,3.353553391,-8.831337681,                 893P   1869
-10.576640741,3.353553391,-8.788580507,-10.679865688,                893P   1870
3.353553391,-8.745823334,-10.774548437,3.353553391,                  893P   1871
-8.682558345,-10.853553391,3.353553391,-8.603553391,                 893P   1872
-10.932558345,3.353553391,-8.524548437,-10.995823334,                893P   1873
3.353553391,-8.429865688,-11.038580507,3.353553391,                  893P   1874
-8.326640741,-11.081337681,3.353553391,-8.223415794,                 893P   1875
-11.103553391,3.353553391,-8.111729878,-11.103553391,                893P   1876
3.353553391,-8.,-10.25,3.399833421,-8.80727336,-10.355671836,        893P   1877
3.399833421,-8.80727336,-10.461302094,3.399833421,-8.786262195,      893P   1878
-10.55893014,3.399833421,-8.745823334,-10.656558186,                 893P   1879
3.399833421,-8.705384474,-10.746107196,3.399833421,                  893P   1880
-8.645549739,-10.820828467,3.399833421,-8.570828467,                 893P   1881
-10.895549739,3.399833421,-8.496107196,-10.955384474,                893P   1882
3.399833421,-8.406558186,-10.995823334,3.399833421,-8.30893014,      893P   1883
-11.036262195,3.399833421,-8.211302094,-11.05727336,                 893P   1884
3.399833421,-8.105671836,-11.05727336,3.399833421,-8.,-10.25,        893P   1885
3.436893194,-8.75180949,-10.348411632,3.436893194,-8.75180949,       893P   1886
-10.446784543,3.436893194,-8.732241902,-10.537705036,                893P   1887
3.436893194,-8.6945814,-10.628625529,3.436893194,-8.656920899,       893P   1888
-10.712022056,3.436893194,-8.601197121,-10.781609589,                893P   1889
3.436893194,-8.531609589,-10.851197121,3.436893194,                  893P   1890
-8.462022056,-10.906920899,3.436893194,-8.378625529,                 893P   1891
-10.9445814,3.436893194,-8.287705036,-10.982241902,3.436893194,      893P   1892
-8.196784543,-11.00180949,3.436893194,-8.098411632,                  893P   1893
-11.00180949,3.436893194,-8.,-10.25,3.461939766,-8.691341716,        893P   1894
-10.340496419,3.461939766,-8.691341716,-10.430957232,                893P   1895
3.461939766,-8.673347942,-10.514565021,3.461939766,                  893P   1896
-8.638716462,-10.59817281,3.461939766,-8.604084981,                  893P   1897
-10.674861784,3.461939766,-8.552843047,-10.738852416,                893P   1898
3.461939766,-8.488852416,-10.802843047,3.461939766,                  893P   1899
-8.424861784,-10.854084981,3.461939766,-8.34817281,                  893P   1900
-10.888716462,3.461939766,-8.264565021,-10.923347942,                893P   1901
3.461939766,-8.180957232,-10.941341716,3.461939766,                  893P   1902
-8.090496419,-10.941341716,3.461939766,-8.,-10.25,3.486986338,       893P   1903
-8.630873942,-10.332581206,3.486986338,-8.630873942,                 893P   1904
-10.41512992,3.486986338,-8.614453982,-10.491425006,                 893P   1905
3.486986338,-8.582851523,-10.567720092,3.486986338,                  893P   1906
-8.551249063,-10.637701512,3.486986338,-8.504488973,                 893P   1907
-10.696095243,3.486986338,-8.446095243,-10.754488973,                893P   1908
3.486986338,-8.387701512,-10.801249063,3.486986338,                  893P   1909
-8.317720092,-10.832851523,3.486986338,-8.241425006,                 893P   1910
-10.864453982,3.486986338,-8.16512992,-10.880873942,                 893P   1911
3.486986338,-8.082581206,-10.880873942,3.486986338,-8.,-10.25,       893P   1912
3.5,-8.565449847,-10.324017212,3.5,-8.565449847,-10.398005301,       893P   1913
3.5,-8.550732701,-10.466388288,3.5,-8.52240754,-10.534771275,        893P   1914
3.5,-8.49408238,-10.597495349,3.5,-8.452171494,-10.649833421,        893P   1915
3.5,-8.399833421,-10.702171494,3.5,-8.347495349,-10.74408238,        893P   1916
3.5,-8.284771275,-10.77240754,3.5,-8.216388288,-10.800732701,        893P   1917
3.5,-8.148005301,-10.815449847,3.5,-8.074017212,-10.815449847,       893P   1918
3.5,-8.,-10.25,3.5,-8.5,-10.315449847,3.5,-8.5,-10.380873942,        893P   1919
3.5,-8.486986338,-10.441341716,3.5,-8.461939766,-10.50180949,        893P   1920
3.5,-8.436893194,-10.55727336,3.5,-8.399833421,-10.603553391,        893P   1921
3.5,-8.353553391,-10.649833421,3.5,-8.30727336,-10.686893194,        893P   1922
3.5,-8.25180949,-10.711939766,3.5,-8.191341716,-10.736986338,        893P   1923
3.5,-8.130873942,-10.75,3.5,-8.065449847,-10.75,3.5,-8.,             893P   1924
3.14159265358979,4.71238898038469,0.,1.5707963267949;                893P   1925
126,1,1,1,0,1,0,0.,0.,1.,1.,1.,1.,3.141592654,1.570796327,0.,        895P   1926
3.141592654,0.,0.,0.,1.,0.,0.,1.;                                    895P   1927
124,3.74939945665464E-33,-6.12323399573677E-17,-1.,-18.75,1.,        897P   1928
6.12323399573677E-17,0.,13.25,6.12323399573677E-17,-1.,              897P   1929
6.12323399573677E-17,-5.5;                                           897P   1930
100,-8.5,-10.25,3.,-9.75,3.,-10.25,3.5;                              899P   1931
126,1,1,1,0,1,0,0.,0.,1.,1.,1.,1.,3.141592654,0.,0.,4.71238898,      901P   1932
0.,0.,0.,1.,0.,0.,1.;                                                901P   1933
124,1.83758917935762E-15,-1.,0.,-7.24999999999998,                   903P   1934
6.12323399573677E-17,1.12519885332406E-31,1.,11.,-1.,                903P   1935
-1.83758917935762E-15,6.12323399573677E-17,-18.25;                   903P   1936
100,-8.,-10.25,3.,-9.25,3.,-10.25,4.;                                905P   1937
126,1,1,1,0,1,0,0.,0.,1.,1.,1.,1.,4.71238898,0.,0.,4.71238898,       907P   1938
1.570796327,0.,0.,1.,0.,0.,1.;                                       907P   1939
124,-1.,5.55111512312578E-17,6.98296267768627E-15,                   909P   1940
-21.4999999999999,5.55111512312578E-17,1.,                           909P   1941
-2.42270185777045E-29,7.59808882477457E-16,                          909P   1942
-6.98296267768627E-15,-2.38393862804612E-29,-1.,                     909P   1943
-16.0000000000001;                                                   909P   1944
100,-8.,-10.75,3.,-10.25,3.,-10.75,3.5;                              911P   1945
126,1,1,1,0,1,0,0.,0.,1.,1.,1.,1.,4.71238898,1.570796327,0.,         913P   1946
3.141592654,1.570796327,0.,0.,1.,0.,0.,1.;                           913P   1947
124,-1.,6.98296267768627E-15,0.,-20.5,-4.27583144589696E-31,         915P   1948
-6.12323399573677E-17,-1.,-4.5,-6.98296267768627E-15,-1.,            915P   1949
6.12323399573677E-17,-4.50000000000008;                              915P   1950
100,-8.,-10.25,3.5,-9.75,3.5,-10.25,4.;                              917P   1951
102,4,895,901,907,913;                                               919P   1952
102,4,899,905,911,917;                                               921P   1953
142,1,893,919,921,1;                                                 923P   1954
144,893,1,0,923;                                                     925P   1955
128,23,2,3,2,0,0,0,0,0,0.,0.,0.,0.,0.00050159372558418,              927P   1956
0.00050159372558418,0.00075239058837627,0.00075239058837627,         927P   1957
0.00100318745116836,0.00100318745116836,0.00150478117675254,         927P   1958
0.00150478117675254,0.00200637490233672,0.00200637490233672,         927P   1959
0.00225717176512881,0.00225717176512881,0.0025079686279209,          927P   1960
0.0025079686279209,0.00300956235350508,0.00300956235350508,          927P   1961
0.00326035921629717,0.00326035921629717,0.00351115607908926,         927P   1962
0.00351115607908926,0.00401274980467344,0.00401274980467344,         927P   1963
0.00401274980467344,0.00401274980467344,0.,0.,0.,1.,1.,1.,1.,        927P   1964
1.,1.,1.,1.,1.,1.,1.,1.,1.,1.,1.,1.,1.,1.,1.,1.,1.,1.,1.,1.,1.,      927P   1965
1.,1.,0.998476186143744,0.998541343318385,0.998592740482116,         927P   1966
0.998654117738717,0.998671930787755,0.998702600127178,               927P   1967
0.998715490215593,0.998746224244094,0.998756167923063,               927P   1968
0.998758510385486,0.998750906865614,0.998723543727089,               927P   1969
0.998711807542784,0.998683660720206,0.998667179742824,               927P   1970
0.998610018709549,0.998561838997689,0.998468746147951,               927P   1971
0.998434563576971,0.998358838244518,0.998317651758967,               927P   1972
0.998184050152471,0.998081314449484,0.997961997902455,1.,1.,1.,      927P   1973
1.,1.,1.,1.,1.,1.,1.,1.,1.,1.,1.,1.,1.,1.,1.,1.,1.,1.,1.,1.,1.,      927P   1974
9.235943206,3.439093886,5.393068095,9.248492412,3.441700262,         927P   1975
5.506607706,9.247970195,3.443749194,5.619590936,9.228523446,         927P   1976
3.446200929,5.785444178,9.218916522,3.446912502,5.840126628,         927P   1977
9.19342443,3.448137665,5.947824553,9.177616615,3.448652606,          927P   1978
6.000690324,9.119594153,3.4498804,6.15778938,9.068233068,            927P   1979
3.450277659,6.257223965,8.944422382,3.450371241,6.441099318,         927P   1980
8.871921675,3.450067473,6.525648168,8.748627576,3.448974334,         927P   1981
6.6376371,8.705421939,3.448505486,6.672184153,8.614972614,           927P   1982
3.44738108,6.736312195,8.567783565,3.446722711,6.765800842,          927P   1983
8.42109695,3.44443936,6.846214681,8.316504449,3.442514849,           927P   1984
6.889137706,8.151890999,3.438796722,6.935207084,8.09640175,          927P   1985
3.437431526,6.947307577,7.984621499,3.43440737,6.964972938,          927P   1986
7.928093475,3.432762636,6.970773626,7.756574695,3.427427801,         927P   1987
6.979821377,7.639849406,3.423326706,6.974532311,7.521707514,         927P   1988
3.418562985,6.958348374,9.78266989,3.5,5.44637073,9.780840496,       927P   1989
3.5,5.587369154,9.765988754,3.5,5.726401168,9.724503531,3.5,         927P   1990
5.930521102,9.707459265,3.5,5.99782155,9.666792562,3.5,              927P   1991
6.13067625,9.643201957,3.5,6.196154363,9.561710625,3.5,              927P   1992
6.390398434,9.494875645,3.5,6.513197762,9.33913967,3.5,              927P   1993
6.743231363,9.250179599,3.5,6.850585191,9.100247835,3.5,             927P   1994
6.997856125,9.047988289,3.5,7.044135181,8.939445076,3.5,             927P   1995
7.13121889,8.883138628,3.5,7.172032671,8.708626771,3.5,              927P   1996
7.286296098,8.584863063,3.5,7.351620467,8.389402042,3.5,             927P   1997
7.43223606,8.323400342,3.5,7.455868779,8.189981188,3.5,              927P   1998
7.496782084,8.122441659,3.5,7.51417806,7.91740822,3.5,               927P   1999
7.557824641,7.777615153,3.5,7.57545526,7.63538707,3.5,               927P   2000
7.582283323,10.332746878,3.5,5.5,10.316306554,3.5,5.668628874,       927P   2001
10.286932978,3.5,5.833831011,10.223165196,3.5,6.076386596,           927P   2002
10.198608303,3.5,6.156360926,10.142627393,3.5,6.314484026,           927P   2003
10.111189414,3.5,6.392629083,10.006050597,3.5,6.624186561,           927P   2004
9.923649931,3.5,6.770451059,9.735825402,3.5,7.046870709,             927P   2005
9.630340705,3.5,7.17714752,9.453672704,3.5,7.359921286,              927P   2006
9.392329845,3.5,7.418009583,9.265635956,3.5,7.528212649,             927P   2007
9.200185754,3.5,7.580438057,8.997774803,3.5,7.728826983,             927P   2008
8.854794647,3.5,7.816764682,8.62838103,3.5,7.932322622,              927P   2009
8.5518349,3.5,7.967628657,8.396703509,3.5,8.032099188,               927P   2010
8.318113561,3.5,8.061257535,8.079449997,3.5,8.140039662,             927P   2011
7.916491918,3.5,8.181006677,7.75,3.5,8.211341131,0.,                 927P   2012
0.00401274980467344,0.,1.;                                           927P   2013
126,1,1,1,0,1,0,0.,0.,1.,1.,1.,1.,0.00401275,0.,0.,0.00401275,       929P   2014
1.,0.,0.,1.,0.,0.,1.;                                                929P   2015
124,-0.022829248674375,0.177787183459128,0.983804118106157,          931P   2016
1.00419215042693,0.991856298514927,0.127362015908464,0.,             931P   2017
-13.3590332105732,-0.125299275741049,0.975792311048516,              931P   2018
-0.179246916842009,16.996918120661;                                  931P   2019
100,8.211341131,7.75,-6.5,17.75,-6.5,17.668562986,-5.226379841;      933P   2020
126,1,1,1,0,1,0,0.,0.,1.,1.,1.,1.,0.00401275,1.,0.,0.,1.,0.,0.,      935P   2021
1.,0.,0.,1.;                                                         935P   2022
126,5,3,1,0,1,0,0.,0.,0.,0.,0.5,0.5,1.,1.,1.,1.,1.,1.,1.,1.,1.,      937P   2023
1.,7.75,3.5,8.211341131,8.415978143,3.5,8.090001398,                 937P   2024
9.041447376,3.5,7.786393411,9.9836767,3.5,6.811599984,               937P   2025
10.26698341,3.5,6.174537815,10.332746878,3.5,5.5,0.,1.,0.,-1.,       937P   2026
0.;                                                                  937P   2027
126,1,1,1,0,1,0,0.,0.,1.,1.,1.,1.,0.,1.,0.,0.,0.,0.,0.,1.,0.,        939P   2028
0.,1.;                                                               939P   2029
124,2.82512332088129E-14,-0.995281062542473,-0.097034048376463,      941P   2030
4.39710723780646,1.,2.45928685538694E-14,3.88978603562605E-14,       941P   2031
-16.8327468782457,-3.63279581890355E-14,-0.097034048376463,          941P   2032
0.995281062542473,-0.604767158429428;                                941P   2033
100,5.5,10.332746878,-6.5,20.332746878,-6.5,20.271840764,            943P   2034
-5.39799604;                                                         943P   2035
126,1,1,1,0,1,0,0.,0.,1.,1.,1.,1.,0.,0.,0.,0.00401275,0.,0.,0.,      945P   2036
1.,0.,0.,1.;                                                         945P   2037
126,24,3,1,0,1,0,0.,0.,0.,0.,0.000187806069496137,                   947P   2038
0.000187806069496137,0.000187806069496137,0.000678639476621705,      947P   2039
0.000678639476621705,0.000678639476621705,0.000874695413586568,      947P   2040
0.000874695413586568,0.000874695413586568,0.00135361644619596,       947P   2041
0.00135361644619596,0.00135361644619596,0.00152203626974454,         947P   2042
0.00152203626974454,0.00152203626974454,0.00201629532080265,         947P   2043
0.00201629532080265,0.00201629532080265,0.00216809220010645,         947P   2044
0.00216809220010645,0.00216809220010645,0.00271014202770735,         947P   2045
0.00271014202770735,0.00271014202770735,0.00271014202770735,1.,      947P   2046
1.,1.,1.,1.,1.,1.,1.,1.,1.,1.,1.,1.,1.,1.,1.,1.,1.,1.,1.,1.,1.,      947P   2047
1.,1.,1.,9.235943206,3.439093886,5.393068095,9.242818759,            947P   2048
3.440521887,5.455275015,9.245816363,3.441795896,5.518038555,         947P   2049
9.244862293,3.44292895,5.580623052,9.242398964,3.445854403,          947P   2050
5.742211057,9.213181518,3.447927756,5.905968453,9.156665233,         947P   2051
3.449095548,6.057394525,9.133801337,3.449567983,6.118654568,         947P   2052
9.106438967,3.449895675,6.178403915,9.075155875,3.450094947,         947P   2053
6.235824313,8.999646129,3.450575941,6.37442314,8.89945209,           947P   2054
3.450342754,6.502308588,8.7817668,3.449267057,6.607477991,           947P   2055
8.739831678,3.448883751,6.644953293,8.695444689,3.44839188,          947P   2056
6.67982788,8.649263949,3.447805964,6.711922982,8.515407736,          947P   2057
3.446107669,6.804951568,8.363642716,3.443579834,6.87595374,          947P   2058
8.206692204,3.440034517,6.919870198,8.15787929,3.438931894,          947P   2059
6.933528581,8.108295837,3.437723033,6.944679613,8.058336448,         947P   2060
3.436397093,6.953210091,7.881966958,3.431716185,6.983324873,         947P   2061
7.69889336,3.425707477,6.982620581,7.521707514,3.418562985,          947P   2062
6.958348374,0.,0.00271014202770735,-0.033879401,0.999241607,         947P   2063
-0.019193659;                                                        947P   2064
102,4,929,935,939,945;                                               949P   2065
102,4,933,937,943,947;                                               951P   2066
142,1,927,949,951,1;                                                 953P   2067
144,927,1,0,953;                                                     955P   2068
128,45,2,3,2,0,0,0,0,0,0.,0.,0.,0.,0.000171879315747281,             957P   2069
0.000171879315747281,0.000257818973620922,0.000257818973620922,      957P   2070
0.000279303888089332,0.000279303888089332,0.000290046345323537,      957P   2071
0.000290046345323537,0.00029541757394064,0.00029541757394064,        957P   2072
0.000300788802557742,0.000300788802557742,0.000343758631494563,      957P   2073
0.000343758631494563,0.000687517262989125,0.000687517262989125,      957P   2074
0.00137503452597825,0.00137503452597825,0.0027500690519565,          957P   2075
0.0027500690519565,0.005500138103913,0.005500138103913,              957P   2076
0.0082502071558695,0.0082502071558695,0.00962524168184775,           957P   2077
0.00962524168184775,0.0103127589448369,0.0103127589448369,           957P   2078
0.0106565175763314,0.0106565175763314,0.0106994874052683,            957P   2079
0.0106994874052683,0.0107048586338854,0.0107048586338854,            957P   2080
0.0107102298625025,0.0107102298625025,0.0107209723197367,            957P   2081
0.0107209723197367,0.0107424572342051,0.0107424572342051,            957P   2082
0.0108283968920787,0.0108283968920787,0.011000276207826,             957P   2083
0.011000276207826,0.011000276207826,0.011000276207826,0.,0.,0.,      957P   2084
1.,1.,1.,1.,1.,1.,1.,1.,1.,1.,1.,1.,1.,1.,1.,1.,1.,1.,1.,1.,1.,      957P   2085
1.,1.,1.,1.,1.,1.,1.,1.,1.,1.,1.,1.,1.,1.,1.,1.,1.,1.,1.,1.,1.,      957P   2086
1.,1.,1.,1.,1.,1.,1.,0.998476186143804,0.998454036124114,            957P   2087
0.998430397702186,0.998392456704957,0.998379395547434,               957P   2088
0.998362521966476,0.998359119885236,0.998353975133834,               957P   2089
0.998352253278965,0.998349660015352,0.998348501823406,               957P   2090
0.998348350507749,0.998348274865221,0.998347594220688,               957P   2091
0.998346990186067,0.99834156296705,0.99833680336796,                 957P   2092
0.998322761918926,0.998313716906447,0.998287901124946,               957P   2093
0.998272477146682,0.998234318598547,0.998220374596638,               957P   2094
0.998220374596638,0.998234320176383,0.998272477531503,               957P   2095
0.998287901150431,0.998313717535036,0.998322762798784,               957P   2096
0.998336804428222,0.998341564055325,0.998346991248486,               957P   2097
0.998347595279443,0.998348275918921,0.998348351560874,               957P   2098
0.998348502875356,0.998349672054145,0.998352265268422,               957P   2099
0.998353987085102,0.998359131706416,0.998362533680235,               957P   2100
0.99837940662546,0.998392466959267,0.998430404712667,                957P   2101
0.998454039944006,0.998476186143744,1.,1.,1.,1.,1.,1.,1.,1.,1.,      957P   2102
1.,1.,1.,1.,1.,1.,1.,1.,1.,1.,1.,1.,1.,1.,1.,1.,1.,1.,1.,1.,1.,      957P   2103
1.,1.,1.,1.,1.,1.,1.,1.,1.,1.,1.,1.,1.,1.,1.,1.,9.235943206,         957P   2104
3.439093886,-5.393068095,9.231683969,3.438209274,-5.354532426,       957P   2105
9.225939469,3.437265168,-5.316190135,9.215114221,3.435749949,        957P   2106
-5.25906532,9.211137583,3.435228345,-5.240088467,9.20570764,         957P   2107
3.434554505,-5.216458183,9.204598692,3.434418645,-5.211736664,       957P   2108
9.202900848,3.434213193,-5.204661371,9.202329163,3.434144432,        957P   2109
-5.202304105,9.201463031,3.434040873,-5.198769974,9.201069943,       957P   2110
3.433994622,-5.197817514,9.201044775,3.433988579,-5.194239414,       957P   2111
9.201032194,3.433985559,-5.192450365,9.200918987,3.433958378,        957P   2112
-5.176348948,9.200818528,3.433934256,-5.162036702,9.199915957,       957P   2113
3.433717526,-5.033227623,9.199124776,3.433527459,-4.918738729,       957P   2114
9.196791534,3.432966738,-4.5752972,9.195289691,3.432605546,          957P   2115
-4.346369816,9.191004763,3.431574665,-3.659693243,9.18844824,        957P   2116
3.430958769,-3.202044058,9.182127034,3.429435084,-1.829422022,       957P   2117
9.179824833,3.428878323,-0.914773665,9.179824854,3.428878328,        957P   2118
0.914786901,9.182127296,3.429435147,1.829439231,9.188448258,         957P   2119
3.430958785,3.202060285,9.191004761,3.431574666,3.659712945,         957P   2120
9.195289828,3.432605571,4.346392152,9.196791715,3.432966773,         957P   2121
4.575320303,9.199124974,3.433527501,4.918762855,9.199916152,         957P   2122
3.43371757,5.033252069,9.200818707,3.433934299,5.162061489,          957P   2123
9.200919165,3.43395842,5.176373772,9.201032369,3.433985601,          957P   2124
5.192475232,9.20104495,3.433988621,5.194264285,9.201070118,          957P   2125
3.433994664,5.197842394,9.20146706,3.434041354,5.198786356,          957P   2126
9.202333152,3.434144911,5.202320494,9.202904808,3.434213671,         957P   2127
5.204677758,9.204602562,3.434419117,5.21175302,9.205711442,          957P   2128
3.434554973,5.21647449,9.211141018,3.435228788,5.240104373,          957P   2129
9.215117268,3.435750358,5.259080426,9.225941228,3.437265448,         957P   2130
5.316201356,9.231684704,3.438209427,5.354539077,9.235943206,         957P   2131
3.439093886,5.393068095,9.78266989,3.5,-5.44637073,9.783290847,      957P   2132
3.5,-5.398511063,9.782398972,3.5,-5.350741725,9.778832277,3.5,       957P   2133
-5.279273288,9.777271657,3.5,-5.255480881,9.774859228,3.5,           957P   2134
-5.225784128,9.774353649,3.5,-5.219846887,9.773560699,3.5,           957P   2135
-5.21094439,9.773290617,3.5,-5.207977444,9.772876855,3.5,            957P   2136
-5.203527876,9.772685309,3.5,-5.202157842,9.772686056,3.5,           957P   2137
-5.198578425,9.772686429,3.5,-5.196788717,9.772689783,3.5,           957P   2138
-5.180681349,9.772692736,3.5,-5.166363757,9.772719066,3.5,           957P   2139
-5.037505443,9.772740679,3.5,-4.922969184,9.772800251,3.5,           957P   2140
-4.579371084,9.772832917,3.5,-4.350323428,9.772911573,3.5,           957P   2141
-3.663225541,9.772939401,3.5,-3.205232166,9.772982275,3.5,           957P   2142
-1.831383702,9.772968307,3.5,-0.915734671,9.772968307,3.5,           957P   2143
0.915747921,9.772982274,3.5,1.831400999,9.772939355,3.5,             957P   2144
3.205248251,9.772911567,3.5,3.663245213,9.772832947,3.5,             957P   2145
4.350345842,9.772800282,3.5,4.57939427,9.772740696,3.5,              957P   2146
4.922993365,9.772719076,3.5,5.037529929,9.772692734,3.5,             957P   2147
5.166388559,9.77268978,3.5,5.180706186,9.772686424,3.5,              957P   2148
5.196813593,9.772686051,3.5,5.198603305,9.772685303,3.5,             957P   2149
5.202182731,9.772878787,3.5,5.203548504,9.773292509,3.5,             957P   2150
5.207998074,9.773562563,3.5,5.210965013,9.774355428,3.5,             957P   2151
5.219867459,9.774860946,3.5,5.225804629,9.777273065,3.5,             957P   2152
5.255500839,9.778833401,3.5,5.279292212,9.782399309,3.5,             957P   2153
5.350755715,9.78329074,3.5,5.398519322,9.78266989,3.5,               957P   2154
5.44637073,10.332746878,3.5,-5.5,10.338326846,3.5,-5.442766102,      957P   2155
10.342371072,3.5,-5.385514842,10.346195549,3.5,-5.299612782,         957P   2156
10.3470965,3.5,-5.270974555,10.347760189,3.5,-5.235171566,           957P   2157
10.347869798,3.5,-5.228010708,10.347999598,3.5,-5.217269031,         957P   2158
10.348037096,3.5,-5.213688407,10.348084699,3.5,-5.208317374,         957P   2159
10.348098712,3.5,-5.206527009,10.348125896,3.5,-5.202946269,         957P   2160
10.348139485,3.5,-5.201155899,10.34826175,3.5,-5.185042569,          957P   2161
10.348370201,3.5,-5.170719606,10.349344173,3.5,-5.041812917,         957P   2162
10.350195053,3.5,-4.927229026,10.352696138,3.5,-4.583476774,         957P   2163
10.354294822,3.5,-4.354307833,10.358827325,3.5,-3.666798043,         957P   2164
10.361493904,3.5,-3.208454169,10.368036067,3.5,-1.833406252,         957P   2165
10.370360534,3.5,-0.916702561,10.370360512,3.5,0.916715825,          957P   2166
10.368035798,3.5,1.833423637,10.361493793,3.5,3.20847011,            957P   2167
10.358827315,3.5,3.666817685,10.354294743,3.5,4.354330324,           957P   2168
10.352696016,3.5,4.583500044,10.350194885,3.5,4.927253263,           957P   2169
10.349343992,3.5,5.041837443,10.348370013,3.5,5.170744424,           957P   2170
10.348261561,3.5,5.185067419,10.348139296,3.5,5.201180785,           957P   2171
10.348125707,3.5,5.202971159,10.348098523,3.5,5.206551907,           957P   2172
10.348084492,3.5,5.208342275,10.348036849,3.5,5.213713306,           957P   2173
10.347999324,3.5,5.217293917,10.347869445,3.5,5.228035523,           957P   2174
10.347759783,3.5,5.235196288,10.347095842,3.5,5.27099859,            957P   2175
10.346194717,3.5,5.299635548,10.342369963,3.5,5.385531618,           957P   2176
10.338325883,3.5,5.442775978,10.332746878,3.5,5.5,0.,                957P   2177
0.011000276207826,0.,1.;                                             957P   2178
126,1,1,1,0,1,0,0.,0.,1.,1.,1.,1.,0.011000276,0.,0.,                 959P   2179
0.011000276,1.,0.,0.,1.,0.,0.,1.;                                    959P   2180
124,-0.109680367176027,0.989219192349101,0.0970340483764563,         961P   2181
17.3622838339706,0.993909388592316,0.110200395952324,                961P   2182
-3.88978603562578E-14,-16.053511558546,-0.0106931905519809,          961P   2183
0.0964430516944766,-0.995281062542474,11.7114157116346;              961P   2184
100,5.5,10.332746878,-6.5,20.332746878,-6.5,20.271840764,            963P   2185
-5.39799604;                                                         963P   2186
126,1,1,1,0,1,0,0.,0.,1.,1.,1.,1.,0.011000276,1.,0.,0.,1.,0.,        965P   2187
0.,1.,0.,0.,1.;                                                      965P   2188
126,13,3,1,0,1,0,0.,0.,0.,0.,0.125,0.125,0.25,0.25,0.5,0.5,          967P   2189
0.75,0.75,0.875,0.875,1.,1.,1.,1.,1.,1.,1.,1.,1.,1.,1.,1.,1.,        967P   2190
1.,1.,1.,1.,1.,10.332746878,3.5,5.5,10.377378952,3.5,                967P   2191
5.042207519,10.352783886,3.5,4.583501204,10.358827315,3.5,           967P   2192
3.666817685,10.361493793,3.5,3.20847011,10.368035798,3.5,            967P   2193
1.833423637,10.370360512,3.5,0.916715825,10.370360534,3.5,           967P   2194
-0.916702561,10.368036067,3.5,-1.833406252,10.361493904,3.5,         967P   2195
-3.208454169,10.358827325,3.5,-3.666798043,10.352783987,3.5,         967P   2196
-4.583477763,10.377386656,3.5,-5.0421285,10.332746878,3.5,-5.5,      967P   2197
0.,1.,0.,-1.,0.;                                                     967P   2198
126,1,1,1,0,1,0,0.,0.,1.,1.,1.,1.,0.,1.,0.,0.,0.,0.,0.,1.,0.,        969P   2199
0.,1.;                                                               969P   2200
124,6.0943388374444E-17,-0.99528106253779,0.0970340484245008,        971P   2201
4.39710723810165,1.,6.12323399573677E-17,0.,-16.8327468782308,       971P   2202
-5.94162184056871E-18,0.0970340484245008,0.99528106253779,           971P   2203
0.604767158715556;                                                   971P   2204
100,-5.5,10.332746878,-6.5,20.332746878,-6.5,20.271840764,           973P   2205
-5.39799604;                                                         973P   2206
126,1,1,1,0,1,0,0.,0.,1.,1.,1.,1.,0.,0.,0.,0.000294163,0.,0.,        975P   2207
0.,1.,0.,0.,1.;                                                      975P   2208
126,6,3,1,0,1,0,0.,0.,0.,0.,0.000198995418517064,                    977P   2209
0.000198995418517064,0.000198995418517064,0.000199055418517034,      977P   2210
0.000199055418517034,0.000199055418517034,0.000199055418517034,      977P   2211
1.,1.,1.,1.,1.,1.,1.,9.235943206,3.439093886,-5.393068095,           977P   2212
9.228658013,3.437580806,-5.327154932,9.216982415,3.435888049,        977P   2213
-5.26158631,9.201079694,3.433995221,-5.197216836,9.201074899,        977P   2214
3.433994651,-5.197197427,9.201070104,3.43399408,-5.197178019,        977P   2215
9.201065308,3.433993509,-5.197158611,0.,0.000199055418517034,        977P   2216
0.,0.,0.;                                                            977P   2217
126,1,1,1,0,1,0,0.,0.,1.,1.,1.,1.,0.000294163,0.,0.,                 979P   2218
0.005500131,0.,0.,0.,1.,0.,0.,1.;                                    979P   2219
126,12,3,1,0,1,0,-5.83269798580615E-08,-5.83269798580615E-08,        981P   2220
-5.83269798580615E-08,-5.83269798580615E-08,0.,0.,0.,                981P   2221
0.00244973969996685,0.00244973969996685,0.00244973969996685,         981P   2222
0.0051812013584486,0.0051812013584486,0.0051812013584486,            981P   2223
0.00519715954766487,0.00519715954766487,0.00519715954766487,         981P   2224
0.00519715954766487,1.,1.,1.,1.,1.,1.,1.,1.,1.,1.,1.,1.,1.,          981P   2225
9.201065308,3.433993509,-5.197158611,9.201065143,3.433992754,        981P   2226
-5.197139184,9.201065035,3.433993444,-5.197119727,9.201064898,       981P   2227
3.433993411,-5.197100285,9.195320903,3.432614311,-4.380541753,       981P   2228
9.190118392,3.431361348,-3.563978031,9.18635455,3.430454099,         981P   2229
-2.747407309,9.182157871,3.429442518,-1.836931758,9.179850381,       981P   2230
3.428884501,-0.926443996,9.179825066,3.428878379,-0.015958211,       981P   2231
9.179824918,3.428878343,-0.010638807,9.179824844,3.428878325,        981P   2232
-0.005319404,9.179824844,3.428878325,0.,-5.83269798580615E-08,       981P   2233
0.00519715954766487,0.,0.,0.;                                        981P   2234
126,1,1,1,0,1,0,0.,0.,1.,1.,1.,1.,0.005500131,0.,0.,                 983P   2235
0.010706084,0.,0.,0.,1.,0.,0.,1.;                                    983P   2236
126,12,3,1,0,1,0,0.00519715954766487,0.00519715954766487,            985P   2237
0.00519715954766487,0.00519715954766487,0.00654680794230359,         985P   2238
0.00654680794230359,0.00654680794230359,0.00861675278538698,         985P   2239
0.00861675278538698,0.00861675278538698,0.0103943130545857,          985P   2240
0.0103943130545857,0.0103943130545857,0.0103943730545857,            985P   2241
0.0103943730545857,0.0103943730545857,0.0103943730545857,1.,1.,      985P   2242
1.,1.,1.,1.,1.,1.,1.,1.,1.,1.,1.,9.179824844,3.428878325,0.,         985P   2243
9.179824844,3.428878325,0.449883076,9.180358274,3.429007364,         985P   2244
0.899766487,9.181426078,3.429265148,1.349648222,9.183063758,         985P   2245
3.429660509,2.039627737,9.185969008,3.430361603,2.729604627,         985P   2246
9.189756993,3.431273991,3.419575197,9.193009919,3.432057502,         985P   2247
4.012086237,9.196897079,3.432992728,4.604593628,9.201064886,         985P   2248
3.433993408,5.197098612,9.201065027,3.433993442,5.197118612,         985P   2249
9.201065168,3.433993475,5.197138611,9.201065308,3.433993509,         985P   2250
5.197158611,0.00519715954766487,0.0103943730545857,0.,0.,0.;         985P   2251
126,1,1,1,0,1,0,0.,0.,1.,1.,1.,1.,0.010706084,0.,0.,                 987P   2252
0.011000276,0.,0.,0.,1.,0.,0.,1.;                                    987P   2253
126,6,3,1,0,1,0,-5.83275207744596E-08,-5.83275207744596E-08,         989P   2254
-5.83275207744596E-08,-5.83275207744596E-08,0.,0.,0.,                989P   2255
0.000198997087240924,0.000198997087240924,0.000198997087240924,      989P   2256
0.000198997087240924,1.,1.,1.,1.,1.,1.,1.,9.201065308,               989P   2257
3.433993509,5.197158611,9.201069961,3.433993454,5.197177489,         989P   2258
9.201074632,3.433994619,5.197196345,9.201079293,3.433995174,         989P   2259
5.197215213,9.216982219,3.43588802,5.261585209,9.228657952,          989P   2260
3.437580793,5.327154379,9.235943206,3.439093886,5.393068095,         989P   2261
-5.83275207744596E-08,0.000198997087240924,0.,0.,0.;                 989P   2262
102,7,959,965,969,975,979,983,987;                                   991P   2263
102,7,963,967,973,977,981,985,989;                                   993P   2264
142,1,957,991,993,1;                                                 995P   2265
144,957,1,0,995;                                                     997P   2266
128,51,2,3,2,0,0,0,0,0,-8.63241769732959E-16,                        999P   2267
-8.63241769732959E-16,-8.63241769732959E-16,                         999P   2268
-8.63241769732959E-16,0.000484398166126787,                          999P   2269
0.000484398166126787,0.0006054977076587,0.0006054977076587,          999P   2270
0.000666047478424656,0.000666047478424656,0.000681184921116145,      999P   2271
0.000681184921116145,0.000684969281789017,0.000684969281789017,      999P   2272
0.00068875364246189,0.00068875364246189,0.000696322363807634,        999P   2273
0.000696322363807634,0.000726597249190612,0.000726597249190612,      999P   2274
0.000968796332254437,0.000968796332254437,0.00193759266450974,       999P   2275
0.00193759266450974,0.00387518532902034,0.00387518532902034,         999P   2276
0.00581277799353094,0.00581277799353094,0.00775037065804154,         999P   2277
0.00775037065804154,0.0116255559870627,0.0116255559870627,           999P   2278
0.0135631486515733,0.0135631486515733,0.0145319449838286,            999P   2279
0.0145319449838286,0.0147741440668925,0.0147741440668925,            999P   2280
0.0148346938376584,0.0148346938376584,0.0148649687230414,            999P   2281
0.0148649687230414,0.0148687530837143,0.0148687530837143,            999P   2282
0.0148725374443872,0.0148725374443872,0.0148801061657329,            999P   2283
0.0148801061657329,0.0148952436084244,0.0148952436084244,            999P   2284
0.0150163431499563,0.0150163431499563,0.0155007413160839,            999P   2285
0.0155007413160839,0.0155007413160839,0.0155007413160839,0.,0.,      999P   2286
0.,1.,1.,1.,1.,1.,1.,1.,1.,1.,1.,1.,1.,1.,1.,1.,1.,1.,1.,1.,1.,      999P   2287
1.,1.,1.,1.,1.,1.,1.,1.,1.,1.,1.,1.,1.,1.,1.,1.,1.,1.,1.,1.,1.,      999P   2288
1.,1.,1.,1.,1.,1.,1.,1.,1.,1.,1.,1.,1.,1.,0.997961997902455,         999P   2289
0.9978469972937,0.997718489135144,0.997539026838809,                 999P   2290
0.99750219474634,0.997445510700358,0.997426376767266,                999P   2291
0.997402158071856,0.997397299270484,0.997391206909924,               999P   2292
0.997389682892811,0.997389133596432,0.997389132003382,               999P   2293
0.997388717673628,0.997388441482362,0.997387060670101,               999P   2294
0.997385956481213,0.997376023065692,0.997367223790857,               999P   2295
0.99732341951215,0.997288981387581,0.997189242706512,                999P   2296
0.997127433028675,0.99702513204379,0.996985142061816,                999P   2297
0.996937235374828,0.996929329983679,0.996958719000919,               999P   2298
0.99705067470289,0.997236514720991,0.997305672766658,                999P   2299
0.997411973452918,0.997447868248605,0.997492709473227,               999P   2300
0.99750167700281,0.997512877656509,0.997515117351693,                999P   2301
0.99751847610053,0.997519595551201,0.997520854771384,                999P   2302
0.9975205453651,0.997522033708795,0.997523594940448,                 999P   2303
0.997527048845525,0.997529347716145,0.997536233146307,               999P   2304
0.997540808523547,0.9975818531256,0.997617385596219,                 999P   2305
0.997790407498029,0.997913971738387,0.998024334778312,1.,1.,1.,      999P   2306
1.,1.,1.,1.,1.,1.,1.,1.,1.,1.,1.,1.,1.,1.,1.,1.,1.,1.,1.,1.,1.,      999P   2307
1.,1.,1.,1.,1.,1.,1.,1.,1.,1.,1.,1.,1.,1.,1.,1.,1.,1.,1.,1.,1.,      999P   2308
1.,1.,1.,1.,1.,1.,1.,7.521707514,3.418562985,6.958348374,            999P   2309
7.407831973,3.413971292,6.942748869,7.294705204,3.408843259,         999P   2310
6.917311732,7.154577611,3.401682176,6.874728656,7.126615067,         999P   2311
3.400212542,6.865672106,7.08476744,3.397950929,6.851304571,          999P   2312
7.07083424,3.397187534,6.846384941,7.05343775,3.396221298,           999P   2313
6.840075178,7.049959452,3.396027451,6.838805214,7.045612829,         999P   2314
3.395784392,6.837207789,7.044853618,3.395723591,6.83680245,          999P   2315
7.042431585,3.395701677,6.836691274,7.041121843,3.395701613,         999P   2316
6.836712137,7.037340712,3.395685083,6.836660054,7.034819964,         999P   2317
3.395674064,6.836625337,7.022216259,3.395618976,6.836451768,         999P   2318
7.012133398,3.395574924,6.836312981,6.921388584,3.395178626,         999P   2319
6.835064508,6.840733169,3.39482758,6.833959136,6.437490743,          999P   2320
3.393080038,6.828458613,6.11500791,3.391706226,6.824141325,          999P   2321
5.147942965,3.387727627,6.811636815,4.503759549,3.385262302,         999P   2322
6.803884436,3.216658575,3.381182226,6.790944014,2.573693797,         999P   2323
3.379587458,6.785829898,1.288249567,3.377677014,6.779570956,         999P   2324
0.645834614,3.377361778,6.778417521,-1.28147462,3.37853374,          999P   2325
6.781565193,-2.567511745,3.382200651,6.792680108,-4.500331061,       999P   2326
3.389613249,6.815588288,-5.145244487,3.392371998,6.824154694,        999P   2327
-6.113329039,3.396612871,6.837428245,-6.436139407,3.398044972,       999P   2328
6.841927646,-6.839766681,3.399834107,6.847575048,-6.920497904,       999P   2329
3.400191911,6.848705762,-7.021418736,3.400638822,6.850119775,        999P   2330
-7.041603242,3.400728187,6.850402609,-7.071880504,3.400862203,       999P   2331
6.85082689,-7.081973009,3.40090687,6.850968322,-7.09332717,          999P   2332
3.400957114,6.851127438,-7.094763671,3.40094477,6.851015695,         999P   2333
-7.096816358,3.401004153,6.851399187,-7.097524454,3.401066449,       999P   2334
6.851826157,-7.100126383,3.401204263,6.852751903,-7.101861241,       999P   2335
3.401295991,6.853366998,-7.107066529,3.401570728,6.85520606,         999P   2336
-7.110537675,3.401753293,6.856423807,-7.141786527,3.403391047,       999P   2337
6.867308595,-7.169624119,3.404808937,6.87645113,-7.30910243,         999P   2338
3.411713562,6.919418153,-7.421623742,3.416645377,6.945027277,        999P   2339
-7.534775584,3.421051456,6.960697191,7.63538707,3.5,                 999P   2340
7.582283323,7.498277408,3.5,7.588865658,7.36136613,3.5,              999P   2341
7.585296475,7.190702234,3.5,7.569792851,7.156587694,3.5,             999P   2342
7.566137687,7.105451508,3.5,7.559850663,7.088411529,3.5,             999P   2343
7.557620852,7.067119133,3.5,7.554668727,7.062860955,3.5,             999P   2344
7.554070047,7.057538705,3.5,7.553311435,7.056529579,3.5,             999P   2345
7.553115781,7.054057205,3.5,7.55307952,7.052771403,3.5,              999P   2346
7.553100206,7.048988422,3.5,7.553104037,7.046466438,3.5,             999P   2347
7.553106588,7.033856524,3.5,7.553119328,7.02376865,3.5,              999P   2348
7.553129475,6.932977524,3.5,7.553220406,6.852278077,3.5,             999P   2349
7.55329839,6.448786533,3.5,7.553673766,6.126054851,3.5,              999P   2350
7.553927216,5.158004305,3.5,7.554540518,4.512916851,3.5,             999P   2351
7.554748265,3.223351464,3.5,7.554831114,2.578874427,3.5,             999P   2352
7.554722374,1.29011337,3.5,7.554441651,0.645913431,3.5,              999P   2353
7.554264811,-1.286753232,3.5,7.553756503,-2.575653304,3.5,           999P   2354
7.553482213,-4.511177047,3.5,7.552312778,-5.156619391,3.5,           999P   2355
7.551777206,-6.125178108,3.5,7.550741966,-6.448075167,3.5,           999P   2356
7.55035936,-6.851762252,3.5,7.549839166,-6.932500278,3.5,            999P   2357
7.549733046,-7.033426789,3.5,7.549597894,-7.053612121,3.5,           999P   2358
7.549570739,-7.083890396,3.5,7.54952982,-7.093983184,3.5,            999P   2359
7.54951615,-7.105337627,3.5,7.549500736,-7.10668712,3.5,             999P   2360
7.549433403,-7.108973951,3.5,7.549606516,-7.109957463,3.5,           999P   2361
7.549812202,-7.11314794,3.5,7.550248178,-7.115275006,3.5,            999P   2362
7.550536705,-7.121656426,3.5,7.5513959,-7.12591103,3.5,              999P   2363
7.551960187,-7.164204038,3.5,7.556961729,-7.198263384,3.5,           999P   2364
7.560861087,-7.368632409,3.5,7.577538886,-7.505241156,3.5,           999P   2365
7.581903998,-7.641961317,3.5,7.575990176,7.75,3.5,8.211341131,       999P   2366
7.589551699,3.5,8.240574449,7.42869404,3.5,8.259417073,              999P   2367
7.227188914,3.5,8.27175804,7.186865974,3.5,8.273662963,              999P   2368
7.126349718,3.5,8.275701818,7.106172323,3.5,8.276244992,             999P   2369
7.080944046,3.5,8.276755996,7.075898064,3.5,8.276849799,             999P   2370
7.069590179,3.5,8.276956593,7.068328576,3.5,8.27697728,              999P   2371
7.065805357,3.5,8.277018327,7.064543747,3.5,8.277038839,             999P   2372
7.060758918,3.5,8.277100381,7.058235698,3.5,8.277141399,             999P   2373
7.045619596,3.5,8.277346443,7.035526708,3.5,8.277510322,             999P   2374
6.944690665,3.5,8.278983812,6.863947122,3.5,8.280283478,             999P   2375
6.460227237,3.5,8.286726012,6.137244408,3.5,8.291702136,             999P   2376
5.168266611,3.5,8.305877204,4.522247235,3.5,8.314325933,             999P   2377
3.230191646,3.5,8.327902293,2.584149512,3.5,8.332985828,             999P   2378
1.292031573,3.5,8.338907881,0.645980416,3.5,8.339745039,             999P   2379
-1.292147992,3.5,8.335442449,-2.584215351,3.5,8.323344848,           999P   2380
-4.522224908,3.5,8.297258379,-5.168210397,3.5,8.287313263,           999P   2381
-6.13717404,3.5,8.271506747,-6.460157226,3.5,8.266087524,            999P   2382
-6.863880654,3.5,8.2592087,-6.944625111,3.5,8.25782764,              999P   2383
-7.045555445,3.5,8.256095857,-7.0657415,3.5,8.255749228,             999P   2384
-7.096020566,3.5,8.255228895,-7.106113585,3.5,8.255055386,           999P   2385
-7.117468229,3.5,8.254860117,-7.11872986,3.5,8.254838517,            999P   2386
-7.121253105,3.5,8.254794918,-7.122514708,3.5,8.254772672,           999P   2387
-7.126299442,3.5,8.254704175,-7.128822505,3.5,8.254656353,           999P   2388
-7.136391411,3.5,8.254506398,-7.141436975,3.5,8.254397779,           999P   2389
-7.186843667,3.5,8.253342061,-7.227181135,3.5,8.251848107,           999P   2390
-7.428744525,3.5,8.241513361,-7.589602833,3.5,8.22412109,-7.75,      999P   2391
3.5,8.196179466,-8.63241769732959E-16,0.0155007413160839,0.,1.;      999P   2392
126,1,1,1,0,1,0,0.,0.,1.,1.,1.,1.,0.000684127,0.,0.,                1001P   2393
0.014868593,0.,0.,0.,1.,0.,0.,1.;                                   1001P   2394
126,24,3,1,0,1,0,-5.65153678800797E-08,-5.65153678800797E-08,       1003P   2395
-5.65153678800797E-08,-5.65153678800797E-08,0.,0.,0.,               1003P   2396
0.00164806966545069,0.00164806966545069,0.00164806966545069,        1003P   2397
0.0028003922556029,0.0028003922556029,0.0028003922556029,           1003P   2398
0.00510150567660029,0.00510150567660029,0.00510150567660029,        1003P   2399
0.00992735749938248,0.00992735749938248,0.00992735749938248,        1003P   2400
0.0111365344354699,0.0111365344354699,0.0111365344354699,           1003P   2401
0.0141408576613751,0.0141408576613751,0.0141408576613751,           1003P   2402
0.0141409176613751,0.0141409176613751,0.0141409176613751,           1003P   2403
0.0141409176613751,1.,1.,1.,1.,1.,1.,1.,1.,1.,1.,1.,1.,1.,1.,       1003P   2404
1.,1.,1.,1.,1.,1.,1.,1.,1.,1.,1.,7.044389372,3.395715899,           1003P   2405
6.83675715,7.044370657,3.395713821,6.836756563,7.044351699,         1003P   2406
3.395715734,6.836756631,7.044332862,3.395715652,6.836756372,        1003P   2407
6.495033679,3.393314001,6.829189042,5.945731553,3.390961655,        1003P   2408
6.821803262,5.396422349,3.388775618,6.814929815,5.012347946,        1003P   2409
3.387247151,6.810123933,4.628269821,3.385800994,6.80557146,         1003P   2410
4.24418697,3.384488133,6.801421788,3.477201166,3.381866445,         1003P   2411
6.793135192,2.710189858,3.379799863,6.786524004,1.943164907,        1003P   2412
3.378650433,6.78276003,0.334620965,3.37623994,6.774866521,          1003P   2413
-1.274030549,3.378403356,6.781106021,-2.882506097,3.383666161,      1003P   2414
6.797244367,-3.285540233,3.384984857,6.801288136,-3.688568543,      1003P   2415
3.386470418,6.805870932,-4.091592042,3.388058242,6.81078451,        1003P   2416
-5.092944661,3.392003354,6.822992791,-6.094270734,3.396536274,      1003P   2417
6.837126757,-7.095597419,3.40096716,6.851159253,-7.095617417,       1003P   2418
3.400967249,6.851159533,-7.095637414,3.400967337,6.851159813,       1003P   2419
-7.095657412,3.400967426,6.851160093,-5.65153678800797E-08,         1003P   2420
0.0141409176613751,0.,0.,0.;                                        1003P   2421
126,1,1,1,0,1,0,0.,0.,1.,1.,1.,1.,0.014868593,0.,0.,                1005P   2422
0.015500741,0.,0.,0.,1.,0.,0.,1.;                                   1005P   2423
126,6,3,1,0,1,0,-5.67248910287131E-08,-5.67248910287131E-08,        1007P   2424
-5.67248910287131E-08,-5.67248910287131E-08,0.,0.,0.,               1007P   2425
0.00045296287952616,0.00045296287952616,0.00045296287952616,        1007P   2426
0.00045296287952616,1.,1.,1.,1.,1.,1.,1.,-7.095657412,              1007P   2427
3.400967426,6.851160093,-7.095675235,3.400967235,6.851166405,       1007P   2428
-7.095692982,3.400969313,6.851172795,-7.095710767,3.400970257,      1007P   2429
6.851179146,-7.237728128,3.408505987,6.901889551,-7.385326432,      1007P   2430
3.415231977,6.940000623,-7.534775584,3.421051456,6.960697191,       1007P   2431
-5.67248910287131E-08,0.00045296287952616,0.,0.,0.;                 1007P   2432
126,1,1,1,0,1,0,0.,0.,1.,1.,1.,1.,0.015500741,0.,0.,                1009P   2433
0.015500741,1.,0.,0.,1.,0.,0.,1.;                                   1009P   2434
124,0.0215224416360198,-0.170263301492018,0.985163536003572,        1011P   2435
-16.7644896821434,0.992105145619382,0.125408851503969,0.,           1011P   2436
2.0039724135481,-0.123548227593797,0.97738581334573,                1011P   2437
0.17161820220751,12.1850749043302;                                  1011P   2438
100,8.196179466,-7.75,-6.5,2.25,-6.5,2.171051456,-5.245911485;      1013P   2439
126,1,1,1,0,1,0,0.,0.,1.,1.,1.,1.,0.015500741,1.,0.,0.,1.,0.,       1015P   2440
0.,1.,0.,0.,1.;                                                     1015P   2441
126,17,3,1,0,1,0,0.,0.,0.,0.,0.0624999999999999,                    1017P   2442
0.0624999999999999,0.125,0.125,0.25,0.25,0.5,0.5,0.75,0.75,         1017P   2443
0.875,0.875,0.9375,0.9375,1.,1.,1.,1.,1.,1.,1.,1.,1.,1.,1.,1.,      1017P   2444
1.,1.,1.,1.,1.,1.,1.,1.,1.,1.,-7.75,3.5,8.196179466,                1017P   2445
-7.429200975,3.5,8.252063541,-7.106114711,3.5,8.255081406,          1017P   2446
-6.460157226,3.5,8.266087524,-6.13717404,3.5,8.271506747,           1017P   2447
-5.168210397,3.5,8.287313263,-4.522224908,3.5,8.297258379,          1017P   2448
-2.584215351,3.5,8.323344848,-1.292147992,3.5,8.335442449,          1017P   2449
1.292023218,3.5,8.341179236,2.584163851,3.5,8.334690473,            1017P   2450
4.522247235,3.5,8.314325933,5.168266611,3.5,8.305877204,            1017P   2451
6.137244408,3.5,8.291702136,6.460227237,3.5,8.286726012,            1017P   2452
7.106179053,3.5,8.276417958,7.429098343,3.5,8.269808698,7.75,       1017P   2453
3.5,8.211341131,0.,1.,0.,-1.,0.;                                    1017P   2454
126,1,1,1,0,1,0,0.,0.,1.,1.,1.,1.,0.,1.,0.,0.,0.,0.,0.,1.,0.,       1019P   2455
0.,1.;                                                              1019P   2456
124,1.306564166177E-14,-0.179246916842002,-0.983804118106159,       1021P   2457
14.6632462608049,1.,7.28918627553676E-14,0.,-14.250000000491,       1021P   2458
7.17113147551596E-14,-0.983804118106159,0.179246916842002,          1021P   2459
0.344756782384884;                                                  1021P   2460
100,8.211341131,7.75,-6.5,17.75,-6.5,17.668562986,-5.226379841;     1023P   2461
126,1,1,1,0,1,0,0.,0.,1.,1.,1.,1.,0.,0.,0.,0.000684127,0.,0.,       1025P   2462
0.,1.,0.,0.,1.;                                                     1025P   2463
126,6,3,1,0,1,0,0.,0.,0.,0.,0.000493031615536509,                   1027P   2464
0.000493031615536509,0.000493031615536509,0.000493091615536499,     1027P   2465
0.000493091615536499,0.000493091615536499,0.000493091615536499,     1027P   2466
1.,1.,1.,1.,1.,1.,1.,7.521707514,3.418562985,6.958348374,           1027P   2467
7.359014043,3.412002855,6.936061437,7.19844289,3.404341779,         1027P   2468
6.893517529,7.044445594,3.395719047,6.836777866,7.044426853,        1027P   2469
3.395717997,6.836770961,7.044408112,3.395716948,6.836764055,        1027P   2470
7.044389372,3.395715899,6.83675715,0.,0.000493091615536499,0.,      1027P   2471
0.,0.;                                                              1027P   2472
102,6,1001,1005,1009,1015,1019,1025;                                1029P   2473
102,6,1003,1007,1013,1017,1023,1027;                                1031P   2474
142,1,999,1029,1031,1;                                              1033P   2475
144,999,1,0,1033;                                                   1035P   2476
128,29,2,3,2,0,0,0,0,0,-2.25514051876985E-17,                       1037P   2477
-2.25514051876985E-17,-2.25514051876985E-17,                        1037P   2478
-2.25514051876985E-17,0.000502008751369446,                         1037P   2479
0.000502008751369446,0.000753013127054181,0.000753013127054181,     1037P   2480
0.00100401750273892,0.00100401750273892,0.00112951969058128,        1037P   2481
0.00112951969058128,0.00125502187842365,0.00125502187842365,        1037P   2482
0.00150602625410838,0.00150602625410838,0.00175703062979312,        1037P   2483
0.00175703062979312,0.00200803500547785,0.00200803500547785,        1037P   2484
0.00225903938116259,0.00225903938116259,0.00251004375684732,        1037P   2485
0.00251004375684732,0.00301205250821679,0.00301205250821679,        1037P   2486
0.00326305688390152,0.00326305688390152,0.00351406125958626,        1037P   2487
0.00351406125958626,0.00401607001095573,0.00401607001095573,        1037P   2488
0.00401607001095573,0.00401607001095573,0.,0.,0.,1.,1.,1.,1.,       1037P   2489
1.,1.,1.,1.,1.,1.,1.,1.,1.,1.,1.,1.,1.,1.,1.,1.,1.,1.,1.,1.,1.,     1037P   2490
1.,1.,1.,1.,1.,1.,1.,1.,0.997961997902281,0.998081286235587,        1037P   2491
0.998183945113455,0.998317410142542,0.998358544896825,              1037P   2492
0.998434178431834,0.998468315061693,0.998514800652412,              1037P   2493
0.998529513633901,0.998557238686293,0.998570285599593,              1037P   2494
0.998607187185544,0.998628815885215,0.998666902714908,              1037P   2495
0.998683359864363,0.998711464526238,0.998723165136583,              1037P   2496
0.998741456703724,0.998748011214732,0.998756206895894,              1037P   2497
0.998757905416658,0.998756242406484,0.998746360060688,              1037P   2498
0.998716004620041,0.99870306964559,0.998672318193746,               1037P   2499
0.99865445029793,0.998592902288382,0.998541380959075,               1037P   2500
0.998476186143804,1.,1.,1.,1.,1.,1.,1.,1.,1.,1.,1.,1.,1.,1.,1.,     1037P   2501
1.,1.,1.,1.,1.,1.,1.,1.,1.,1.,1.,1.,1.,1.,1.,7.521707514,           1037P   2502
3.418562985,-6.958348373,7.639822035,3.423325602,-6.974528561,      1037P   2503
7.75646219,3.427423608,-6.979810477,7.92777215,3.432752988,         1037P   2504
-6.970798966,7.984218685,3.434395655,-6.965016642,8.095803291,      1037P   2505
3.437416144,-6.947421933,8.151179354,3.438779505,-6.935371314,      1037P   2506
8.233303133,3.440636138,-6.91243983,8.260538648,3.441223788,        1037P   2507
-6.903975979,8.31416454,3.442331175,-6.885605872,8.340614042,       1037P   2508
3.442852303,-6.875684879,8.418801571,3.444326274,-6.843797957,      1037P   2509
8.469380544,3.445190231,-6.819711535,8.567027009,3.446711644,       1037P   2510
-6.766249115,8.614095168,3.447369062,-6.736873312,8.704232338,      1037P   2511
3.448491784,-6.673087177,8.747180609,3.44895921,-6.638828268,       1037P   2512
8.829091652,3.449689945,-6.564669423,8.868251934,3.449951798,       1037P   2513
-6.524494182,8.94093379,3.450279216,-6.440292593,8.974667793,       1037P   2514
3.450347073,-6.396098631,9.06770288,3.450280635,-6.258173262,       1037P   2515
9.118914506,3.449885826,-6.15912211,9.176851083,3.448673156,        1037P   2516
-6.003009563,9.192934935,3.448156422,-5.949623901,9.218691025,      1037P   2517
3.446927978,-5.841340574,9.228381991,3.446214213,-5.786402628,      1037P   2518
9.247990381,3.443755657,-5.619909745,9.24849928,3.441701689,        1037P   2519
-5.506669847,9.235943206,3.439093886,-5.393068095,7.63538707,       1037P   2520
3.5,-7.582283323,7.777582063,3.5,-7.575456849,7.917273386,3.5,      1037P   2521
-7.557835488,8.122057761,3.5,-7.514268679,8.189499037,3.5,          1037P   2522
-7.496909595,8.322687394,3.5,-7.456107566,8.388555896,3.5,          1037P   2523
-7.432548462,8.486075393,3.5,-7.392382151,8.518388623,3.5,          1037P   2524
-7.378173826,8.581990635,3.5,-7.34840066,8.613349804,3.5,           1037P   2525
-7.332808723,8.706068002,3.5,-7.283964221,8.766073162,3.5,          1037P   2526
-7.248645403,8.882237039,3.5,-7.172659559,8.938397055,3.5,          1037P   2527
-7.131992686,9.046555882,3.5,-7.045349898,9.098493417,3.5,          1037P   2528
-6.999447767,9.19809207,3.5,-6.90187495,9.245906762,3.5,            1037P   2529
-6.849985948,9.335327982,3.5,-6.742631215,9.377191881,3.5,          1037P   2530
-6.686939849,9.49419315,3.5,-6.514374345,9.560823867,3.5,           1037P   2531
-6.392044279,9.642093822,3.5,-6.199023016,9.666044439,3.5,          1037P   2532
-6.132898854,9.707067691,3.5,-5.999316169,9.724233161,3.5,          1037P   2533
-5.931700676,9.765969685,3.5,-5.726793452,9.780839485,3.5,          1037P   2534
-5.587447111,9.78266989,3.5,-5.44637073,7.75,3.5,-8.211341131,      1037P   2535
7.916453047,3.5,-8.181013759,8.079292667,3.5,-8.140072696,          1037P   2536
8.317666837,3.5,-8.061414416,8.396141719,3.5,-8.032311702,          1037P   2537
8.551007075,3.5,-7.967993461,8.627399952,3.5,-7.932784988,          1037P   2538
8.7403585,3.5,-7.875189832,8.777764267,3.5,-7.855174573,            1037P   2539
8.851371373,3.5,-7.813879076,8.887654151,3.5,-7.792559255,          1037P   2540
8.99494672,3.5,-7.726592038,9.06440384,3.5,-7.679940881,            1037P   2541
9.199138702,3.5,-7.581244978,9.26441684,3.5,-7.529200742,           1037P   2542
9.390653839,3.5,-7.419538134,9.451609793,3.5,-7.361916012,          1037P   2543
9.568959558,3.5,-7.240784209,9.625461698,3.5,-7.177114302,          1037P   2544
9.731693438,3.5,-7.046479966,9.78172453,3.5,-6.979232476,           1037P   2545
9.922814253,3.5,-6.771855968,10.0049555,3.5,-6.626146834,           1037P   2546
10.109735956,3.5,-6.396049544,10.141618384,3.5,-6.317131768,        1037P   2547
10.198048992,3.5,-6.158137492,10.22276454,3.5,-6.077788321,         1037P   2548
10.286874056,3.5,-5.834297218,10.316297395,3.5,-5.668722827,        1037P   2549
10.332746878,3.5,-5.5,-2.25514051876985E-17,                        1037P   2550
0.00401607001095573,0.,1.;                                          1037P   2551
126,1,1,1,0,1,0,0.,0.,1.,1.,1.,1.,0.00401607,0.,0.,0.00401607,      1039P   2552
1.,0.,0.,1.,0.,0.,1.;                                               1039P   2553
124,-0.10968036717338,0.989219192344682,-0.0970340484244939,        1041P   2554
17.3622838336187,0.993909388592554,0.11020039595018,0.,             1041P   2555
-16.0535115585478,0.0106931905570281,-0.0964430517422489,           1041P   2556
-0.99528106253779,-11.7114157122812;                                1041P   2557
100,-5.5,10.332746878,-6.5,20.332746878,-6.5,20.271840764,          1043P   2558
-5.39799604;                                                        1043P   2559
126,1,1,1,0,1,0,0.,0.,1.,1.,1.,1.,0.00401607,1.,0.,0.,1.,0.,0.,     1045P   2560
1.,0.,0.,1.;                                                        1045P   2561
126,5,3,1,0,1,0,0.,0.,0.,0.,0.5,0.5,1.,1.,1.,1.,1.,1.,1.,1.,1.,     1047P   2562
1.,10.332746878,3.5,-5.5,10.266947019,3.5,-6.17491107,              1047P   2563
9.979683737,3.5,-6.8168229,9.040885613,3.5,-7.785877321,            1047P   2564
8.415822994,3.5,-8.090029666,7.75,3.5,-8.211341131,0.,1.,0.,        1047P   2565
-1.,0.;                                                             1047P   2566
126,1,1,1,0,1,0,0.,0.,1.,1.,1.,1.,0.,1.,0.,0.,0.,0.,0.,1.,0.,       1049P   2567
0.,1.;                                                              1049P   2568
124,1.09757081444974E-17,-0.179246916778603,0.98380411811771,       1051P   2569
14.6632462611134,1.,6.12323399573677E-17,0.,-14.2500000002487,      1051P   2570
-6.02406282120419E-17,0.98380411811771,0.179246916778603,           1051P   2571
-0.344756782867867;                                                 1051P   2572
100,-8.211341131,7.75,-6.5,17.75,-6.5,17.668562985,                 1053P   2573
-5.226379841;                                                       1053P   2574
126,1,1,1,0,1,0,0.,0.,1.,1.,1.,1.,0.,0.,0.,0.00401607,0.,0.,0.,     1055P   2575
1.,0.,0.,1.;                                                        1055P   2576
126,5,3,1,0,1,0,0.,0.,0.,0.,0.5,0.5,1.,1.,1.,1.,1.,1.,1.,1.,1.,     1057P   2577
1.,7.521707514,3.418562985,-6.958348374,7.968868182,                1057P   2578
3.436593409,-7.019603698,8.442413517,3.446127793,-6.908755759,      1057P   2579
9.11465452,3.452346864,-6.311959146,9.285769188,3.44944237,         1057P   2580
-5.843871239,9.235943206,3.439093886,-5.393068095,0.,1.,            1057P   2581
-0.032803028,0.997985954,0.054295461;                               1057P   2582
102,4,1039,1045,1049,1055;                                          1059P   2583
102,4,1043,1047,1053,1057;                                          1061P   2584
142,1,1037,1059,1061,1;                                             1063P   2585
144,1037,1,0,1063;                                                  1065P   2586
128,29,2,3,2,0,0,0,0,0,0.,0.,0.,0.,0.000500834069589693,            1067P   2587
0.000500834069589693,0.00075125110438454,0.00075125110438454,       1067P   2588
0.00100166813917939,0.00100166813917939,0.00112687665657681,        1067P   2589
0.00112687665657681,0.00125208517397423,0.00125208517397423,        1067P   2590
0.00150250220876908,0.00150250220876908,0.00175291924356393,        1067P   2591
0.00175291924356393,0.00200333627835877,0.00200333627835877,        1067P   2592
0.00225375331315362,0.00225375331315362,0.00250417034794847,        1067P   2593
0.00250417034794847,0.00300500441753816,0.00300500441753816,        1067P   2594
0.003255421452333,0.003255421452333,0.00350583848712785,            1067P   2595
0.00350583848712785,0.00400667255671754,0.00400667255671754,        1067P   2596
0.00400667255671754,0.00400667255671754,0.,0.,0.,1.,1.,1.,1.,       1067P   2597
1.,1.,1.,1.,1.,1.,1.,1.,1.,1.,1.,1.,1.,1.,1.,1.,1.,1.,1.,1.,1.,     1067P   2598
1.,1.,1.,1.,1.,1.,1.,1.,0.998024334778312,0.998138747759011,        1067P   2599
0.998236945968767,0.998363881685556,0.998402929496517,              1067P   2600
0.998474020958896,0.99850599151787,0.998549476602391,               1067P   2601
0.998563222004071,0.998589109347384,0.998601284581152,              1067P   2602
0.998635701317374,0.998655848343897,0.998691212611974,              1067P   2603
0.998706427795228,0.998732147941236,0.998742704922537,              1067P   2604
0.998758556068032,0.998763914285311,0.998769921928471,              1067P   2605
0.998770620677837,0.998766199427193,0.998754845370128,              1067P   2606
0.998721907133969,0.998708017450229,0.998675504144674,              1067P   2607
0.998656782817651,0.998592776687431,0.998539768169504,              1067P   2608
0.998473110628597,1.,1.,1.,1.,1.,1.,1.,1.,1.,1.,1.,1.,1.,1.,1.,     1067P   2609
1.,1.,1.,1.,1.,1.,1.,1.,1.,1.,1.,1.,1.,1.,1.,-7.534775584,          1067P   2610
3.421051456,6.960697191,-7.652099294,3.425619986,6.976944845,       1067P   2611
-7.767878315,3.429539863,6.982195623,-7.938072549,3.434608769,      1067P   2612
6.972804439,-7.994128245,3.436168167,6.966881201,-8.105346079,      1067P   2613
3.439007385,6.948595489,-8.160590062,3.440284285,6.936167349,       1067P   2614
-8.242514924,3.44202114,6.912709001,-8.26967025,3.442570163,        1067P   2615
6.90407983,-8.323121885,3.443604183,6.88540761,-8.349479138,        1067P   2616
3.444090509,6.875348495,-8.427362218,3.445465268,6.84309361,        1067P   2617
-8.477700559,3.446270062,6.818825071,-8.574744658,3.447682757,      1067P   2618
6.765127888,-8.62145126,3.448290575,6.735699015,-8.710720114,       1067P   2619
3.449318063,6.671900989,-8.75308742,3.449739812,6.637751895,        1067P   2620
-8.834298704,3.450373065,6.563203979,-8.873151065,3.450587129,      1067P   2621
6.522775858,-8.945336342,3.450827139,6.438047025,-8.978887827,      1067P   2622
3.450855055,6.393564946,-9.071448179,3.450678422,6.254860988,       1067P   2623
-9.122452292,3.450224813,6.155408449,-9.17957437,3.448908953,       1067P   2624
5.999368278,-9.195257147,3.448354077,5.946198489,-9.220350184,      1067P   2625
3.447055246,5.838226169,-9.229747595,3.446307388,5.783401829,       1067P   2626
-9.248599608,3.443750637,5.61713672,-9.248781067,3.441637928,       1067P   2627
5.503891587,-9.235995595,3.438971053,5.390249977,-7.641961317,      1067P   2628
3.5,7.575990176,-7.783700152,3.5,7.569859269,-7.922900485,3.5,      1067P   2629
7.552785751,-8.127050447,3.5,7.509736101,-8.194272824,3.5,          1067P   2630
7.492518412,-8.327243732,3.5,7.451768345,-8.393036778,3.5,          1067P   2631
7.42821075,-8.490456713,3.5,7.388059696,-8.522722621,3.5,           1067P   2632
7.373865334,-8.586224254,3.5,7.344133131,-8.617532595,3.5,          1067P   2633
7.328566857,-8.710089338,3.5,7.279817386,-8.769974466,3.5,          1067P   2634
7.244586908,-8.885841505,3.5,7.168816629,-8.941824683,3.5,          1067P   2635
7.128276664,-9.049548519,3.5,7.04189148,-9.101186856,3.5,           1067P   2636
6.996149414,-9.200416997,3.5,6.898555251,-9.248038892,3.5,          1067P   2637
6.846649032,-9.337157162,3.5,6.739259288,-9.378919881,3.5,          1067P   2638
6.683534384,-9.495711481,3.5,6.510904166,-9.562339799,3.5,          1067P   2639
6.388585379,-9.643373988,3.5,6.195843373,-9.667154748,3.5,          1067P   2640
6.129946533,-9.707891832,3.5,5.996802016,-9.724937625,3.5,          1067P   2641
5.929376396,-9.766408187,3.5,5.724962887,-9.781232352,3.5,          1067P   2642
5.585842448,-9.783134813,3.5,5.444957028,-7.75,3.5,8.196179466,     1067P   2643
-7.916330828,3.5,8.16720418,-8.079053583,3.5,8.12741216,            1067P   2644
-8.317279949,3.5,8.050198778,-8.395709479,3.5,8.021529335,          1067P   2645
-8.55050941,3.5,7.958025938,-8.626884895,3.5,7.923207206,           1067P   2646
-8.73984567,3.5,7.866181775,-8.777237749,3.5,7.846363714,           1067P   2647
-8.850819912,3.5,7.805459667,-8.887094089,3.5,7.784332756,          1067P   2648
-8.994370505,3.5,7.718933363,-9.063829969,3.5,7.672646583,          1067P   2649
-9.198577212,3.5,7.574626332,-9.263865218,3.5,7.522893158,          1067P   2650
-9.390104787,3.5,7.413765005,-9.451045761,3.5,7.3563562,            1067P   2651
-9.568362362,3.5,7.235577924,-9.624788719,3.5,7.172130043,          1067P   2652
-9.730914569,3.5,7.041959556,-9.780927437,3.5,6.97493615,           1067P   2653
-9.922077035,3.5,6.768217397,-10.004424011,3.5,6.622936589,         1067P   2654
-10.109554425,3.5,6.393329392,-10.141500979,3.5,6.314651485,        1067P   2655
-10.198027316,3.5,6.156224906,-10.222799568,3.5,6.076142982,        1067P   2656
-10.2871409,3.5,5.833415057,-10.316805868,3.5,5.668299135,          1067P   2657
-10.333633668,3.5,5.5,0.,0.00400667255671754,0.,1.;                 1067P   2658
126,1,1,1,0,1,0,0.,0.,1.,1.,1.,1.,0.,1.,0.,0.,0.,0.,0.,1.,0.,       1069P   2659
0.,1.;                                                              1069P   2660
124,-1.0508584100443E-17,0.171618202207517,-0.985163536003571,      1071P   2661
1.44009545903034,1.,6.12323399573677E-17,0.,1.25000000022386,       1071P   2662
6.03238685501731E-17,-0.985163536003571,-0.171618202207517,         1071P   2663
3.19923006745003;                                                   1071P   2664
100,8.196179466,-7.75,-6.5,2.25,-6.5,2.171051456,-5.245911485;      1073P   2665
126,1,1,1,0,1,0,0.,0.,1.,1.,1.,1.,0.,0.,0.,0.004006673,0.,0.,       1075P   2666
0.,1.,0.,0.,1.;                                                     1075P   2667
126,24,3,1,0,1,0,0.,0.,0.,0.,0.000163059100816376,                  1077P   2668
0.000163059100816376,0.000163059100816376,0.000721132856074212,     1077P   2669
0.000721132856074212,0.000721132856074212,0.000923307321655463,     1077P   2670
0.000923307321655463,0.000923307321655463,0.00142326457259948,      1077P   2671
0.00142326457259948,0.00142326457259948,0.00162414957232987,        1077P   2672
0.00162414957232987,0.00162414957232987,0.00209678444390663,        1077P   2673
0.00209678444390663,0.00209678444390663,0.00222028900797338,        1077P   2674
0.00222028900797338,0.00222028900797338,0.00270111247446675,        1077P   2675
0.00270111247446675,0.00270111247446675,0.00270111247446675,1.,     1077P   2676
1.,1.,1.,1.,1.,1.,1.,1.,1.,1.,1.,1.,1.,1.,1.,1.,1.,1.,1.,1.,1.,     1077P   2677
1.,1.,1.,-7.534775584,3.421051456,6.960697191,-7.588574792,         1077P   2678
3.423146372,6.96814761,-7.642741849,3.425130962,6.973372066,        1077P   2679
-7.696991473,3.427001314,6.976152766,-7.880223462,3.43331856,       1077P   2680
6.985544781,-8.068378102,3.438437144,6.966090763,-8.24378343,       1077P   2681
3.442038423,6.912034489,-8.308250262,3.443362003,6.892167152,       1077P   2682
-8.371514667,3.444517872,6.867863393,-8.432709501,3.44552566,       1077P   2683
6.839462478,-8.582122372,3.447986266,6.770119006,-8.722453176,      1077P   2684
3.449654765,6.674318834,-8.838488159,3.450369301,6.557382314,       1077P   2685
-8.885767597,3.450660446,6.509735538,-8.929612998,3.450805993,      1077P   2686
6.458449176,-8.969547729,3.450823924,6.40449677,-9.06244978,        1077P   2687
3.45086564,6.278984738,-9.136201922,3.450255373,6.136305803,        1077P   2688
-9.182206685,3.448753462,5.987089956,-9.194396471,3.448355504,      1077P   2689
5.947552546,-9.204800914,3.447901918,5.907424194,-9.213429386,      1077P   2690
3.447394432,5.866961274,-9.246609318,3.445442943,5.711365143,       1077P   2691
-9.253779125,3.442680454,5.54831597,-9.235995595,3.438971053,       1077P   2692
5.390249977,0.,0.00270111247446675,0.032841851,0.998508603,         1077P   2693
-0.043611719;                                                       1077P   2694
126,1,1,1,0,1,0,0.,0.,1.,1.,1.,1.,0.004006673,0.,0.,                1079P   2695
0.004006673,1.,0.,0.,1.,0.,0.,1.;                                   1079P   2696
124,0.109763807357101,-0.988965812527366,0.0994913475964613,        1081P   2697
-16.174854886323,0.993897105296695,0.110311124021336,0.,            1081P   2698
4.48759089630083,-0.0109750023837631,0.0988841623781902,            1081P   2699
0.995038427274766,0.556624051306166;                                1081P   2700
100,5.5,-10.333633668,-6.5,-0.333633668,-6.5,-0.394662615,          1083P   2701
-5.39688876;                                                        1083P   2702
126,1,1,1,0,1,0,0.,0.,1.,1.,1.,1.,0.004006673,1.,0.,0.,1.,0.,       1085P   2703
0.,1.,0.,0.,1.;                                                     1085P   2704
126,5,3,1,0,1,0,0.,0.,0.,0.,0.5,0.5,1.,1.,1.,1.,1.,1.,1.,1.,1.,     1087P   2705
1.,-10.333633668,3.5,5.5,-10.266320318,3.5,6.173218046,             1087P   2706
-9.978970468,3.5,6.812853959,-9.040437654,3.5,7.779080165,          1087P   2707
-8.415332832,3.5,8.080276654,-7.75,3.5,8.196179466,0.,1.,0.,        1087P   2708
-1.,0.;                                                             1087P   2709
102,4,1069,1075,1079,1085;                                          1089P   2710
102,4,1073,1077,1083,1087;                                          1091P   2711
142,1,1067,1089,1091,1;                                             1093P   2712
144,1067,1,0,1093;                                                  1095P   2713
128,51,2,3,2,0,0,0,0,0,0.,0.,0.,0.,0.000484442789144705,            1097P   2714
0.000484442789144705,0.000605553486430882,0.000605553486430882,     1097P   2715
0.000620692323591654,0.000620692323591654,0.00062826174217204,      1097P   2716
0.00062826174217204,0.000632046451462233,0.000632046451462233,      1097P   2717
0.000635831160752426,0.000635831160752426,0.00066610883507397,      1097P   2718
0.00066610883507397,0.000726664183717058,0.000726664183717058,      1097P   2719
0.00096888557828941,0.00096888557828941,0.00193777115657882,        1097P   2720
0.00193777115657882,0.00387554231315764,0.00387554231315764,        1097P   2721
0.00775108462631528,0.00775108462631528,0.00968885578289411,        1097P   2722
0.00968885578289411,0.0116266269394729,0.0116266269394729,          1097P   2723
0.0135643980960517,0.0135643980960517,0.0145332836743412,           1097P   2724
0.0145332836743412,0.0147755050689135,0.0147755050689135,           1097P   2725
0.0148057827432351,0.0148057827432351,0.0148133521618154,           1097P   2726
0.0148133521618154,0.0148171368711056,0.0148171368711056,           1097P   2727
0.0148209215803958,0.0148209215803958,0.0148360604175566,           1097P   2728
0.0148360604175566,0.0148966157661997,0.0148966157661997,           1097P   2729
0.0150177264634859,0.0150177264634859,0.0155021692526306,           1097P   2730
0.0155021692526306,0.0155021692526306,0.0155021692526306,0.,0.,     1097P   2731
0.,1.,1.,1.,1.,1.,1.,1.,1.,1.,1.,1.,1.,1.,1.,1.,1.,1.,1.,1.,1.,     1097P   2732
1.,1.,1.,1.,1.,1.,1.,1.,1.,1.,1.,1.,1.,1.,1.,1.,1.,1.,1.,1.,1.,     1097P   2733
1.,1.,1.,1.,1.,1.,1.,1.,1.,1.,1.,1.,1.,1.,0.998024334778464,        1097P   2734
0.997913862137957,0.9977902077062,0.997617126203351,                1097P   2735
0.997581584483231,0.997540532929307,0.997535956827625,              1097P   2736
0.997529070383981,0.997526771187728,0.997523316812653,              1097P   2737
0.997521690707057,0.9975205109181,0.997520820991813,                1097P   2738
0.997519561767973,0.99751844231421,0.997515083556585,               1097P   2739
0.997512843856192,0.997501643179791,0.997492675642752,              1097P   2740
0.997447834440648,0.997411939943953,0.997305640378325,              1097P   2741
0.997236482553777,0.997050648554419,0.996958700494197,              1097P   2742
0.996929330952078,0.996937243133377,0.996985160374483,              1097P   2743
0.997025155826665,0.997127465208103,0.997189276913557,              1097P   2744
0.997289020244019,0.997323459971601,0.997367265605423,              1097P   2745
0.997376065130744,0.997385998806103,0.997387103023555,              1097P   2746
0.997388483871144,0.997388760069456,0.997389174409752,              1097P   2747
0.997388966462799,0.997389934853212,0.997391581257746,              1097P   2748
0.99739767271008,0.997402530726269,0.997426745207354,               1097P   2749
0.997445874846006,0.997502543413975,0.997539361728981,              1097P   2750
0.99771874012826,0.997847133427382,0.997961997902281,1.,1.,1.,      1097P   2751
1.,1.,1.,1.,1.,1.,1.,1.,1.,1.,1.,1.,1.,1.,1.,1.,1.,1.,1.,1.,1.,     1097P   2752
1.,1.,1.,1.,1.,1.,1.,1.,1.,1.,1.,1.,1.,1.,1.,1.,1.,1.,1.,1.,1.,     1097P   2753
1.,1.,1.,1.,1.,1.,1.,-7.534775584,3.421051456,-6.960697191,         1097P   2754
-7.421511225,3.416640996,-6.945011695,-7.308926011,3.411705588,     1097P   2755
-6.919374612,-7.169418871,3.404798586,-6.876385189,                 1097P   2756
-7.141578071,3.403380327,-6.867238756,-7.110328362,3.401742296,     1097P   2757
-6.856350539,-7.106857159,3.401559703,-6.855132425,                 1097P   2758
-7.101651842,3.401284925,-6.853292832,-7.099916985,3.401193185,     1097P   2759
-6.852677564,-7.09731507,3.401055352,-6.851751563,-7.096632147,     1097P   2760
3.400990465,-6.851305842,-7.094459321,3.400943398,-6.851011215,     1097P   2761
-7.093022583,3.400955766,-6.851123169,-7.08166842,3.400905522,      1097P   2762
-6.850964054,-7.071575914,3.400860855,-6.850822622,-7.04129865,     1097P   2763
3.400726838,-6.85039834,-7.021114143,3.400637473,-6.850115507,      1097P   2764
-6.920193322,3.400190561,-6.848701495,-6.839462134,3.399832758,     1097P   2765
-6.847570784,-6.435835212,3.398043623,-6.841923402,                 1097P   2766
-6.113026481,3.396611534,-6.83742405,-5.144944303,3.392370706,      1097P   2767
-6.824150671,-4.500021229,3.389611966,-6.815584309,                 1097P   2768
-2.567190328,3.382199609,-6.792676912,-1.281118824,3.378533002,     1097P   2769
-6.78156298,0.646200219,3.377361816,-6.77841774,1.288610893,        1097P   2770
3.377677323,-6.779572012,2.574031936,3.379588189,-6.785832248,      1097P   2771
3.217006934,3.381183175,-6.790947045,4.504115254,3.385263585,       1097P   2772
-6.803888483,5.148291874,3.387728991,-6.811641104,6.115376035,      1097P   2773
3.391707776,-6.824146196,6.43786758,3.393081652,-6.828463687,       1097P   2774
6.841116996,3.394829248,-6.833964388,6.921773726,3.395180304,       1097P   2775
-6.835069794,7.012519939,3.395576612,-6.836318301,7.022602954,      1097P   2776
3.395620666,-6.836457092,7.03520685,3.395675755,-6.836630665,       1097P   2777
7.037727636,3.395686774,-6.836665384,7.041508824,3.395703305,       1097P   2778
-6.836717468,7.042894361,3.39569501,-6.836637944,7.04516488,        1097P   2779
3.395733641,-6.836866444,7.045879782,3.395799327,-6.837305987,      1097P   2780
7.05022651,3.39604235,-6.838902916,7.053704849,3.396236166,         1097P   2781
-6.840172467,7.071101336,3.397202234,-6.846480087,7.085033859,      1097P   2782
3.397965458,-6.851397746,7.126877376,3.400226454,-6.865758704,      1097P   2783
7.154834418,3.401695538,-6.874809984,7.294920019,3.408853276,       1097P   2784
-6.917363787,7.407966966,3.413976735,-6.942767362,7.521707514,      1097P   2785
3.418562985,-6.958348373,-7.641961317,3.5,-7.575990176,             1097P   2786
-7.505105278,3.5,-7.581909876,-7.368417892,3.5,-7.577528656,        1097P   2787
-7.198012401,3.5,-7.560833812,-7.163948856,3.5,-7.556931147,        1097P   2788
-7.12565449,3.5,-7.551926325,-7.121399782,3.5,-7.551361679,         1097P   2789
-7.115018276,3.5,-7.550501956,-7.112891192,3.5,-7.550213255,        1097P   2790
-7.109700707,3.5,-7.549777021,-7.108729839,3.5,-7.549561757,        1097P   2791
-7.106382643,3.5,-7.549433689,-7.105033032,3.5,-7.54950115,         1097P   2792
-7.093678587,3.5,-7.549516563,-7.083585797,3.5,-7.549530233,        1097P   2793
-7.053307517,3.5,-7.549571149,-7.033122184,3.5,-7.549598303,        1097P   2794
-6.932195673,3.5,-7.549733449,-6.851457677,3.5,-7.549839564,        1097P   2795
-6.447770905,3.5,-7.550359731,-6.12487545,3.5,-7.550742313,         1097P   2796
-5.156318996,3.5,-7.55177748,-4.510866907,3.5,-7.55231301,          1097P   2797
-2.575331252,3.5,-7.553482317,-1.286396554,3.5,-7.553756594,        1097P   2798
0.646280099,3.5,-7.554264909,1.290475678,3.5,-7.554441745,          1097P   2799
2.579213383,3.5,-7.554722432,3.2237006,3.5,-7.55483115,             1097P   2800
4.513273121,3.5,-7.554748184,5.158353657,3.5,-7.554540369,          1097P   2801
6.126423287,3.5,-7.553926946,6.449163639,3.5,-7.553673452,          1097P   2802
6.852662118,3.5,-7.553298023,6.933362871,3.5,-7.55322003,           1097P   2803
7.024155384,3.5,-7.553129087,7.03424341,3.5,-7.553118938,           1097P   2804
7.046853514,3.5,-7.553106196,7.049375536,3.5,-7.553103645,          1097P   2805
7.053158573,3.5,-7.553099814,7.054482476,3.5,-7.553049351,          1097P   2806
7.056878723,3.5,-7.553145165,7.057865587,3.5,-7.553358117,          1097P   2807
7.06318791,3.5,-7.554116211,7.067446096,3.5,-7.554714467,           1097P   2808
7.088738268,3.5,-7.557664438,7.10577724,3.5,-7.559892402,           1097P   2809
7.156907882,3.5,-7.566173623,7.191015359,3.5,-7.569824567,          1097P   2810
7.361626508,3.5,-7.585306975,7.498439856,3.5,-7.588857859,          1097P   2811
7.63538707,3.5,-7.582283323,-7.75,3.5,-8.196179466,-7.58944351,     1097P   2812
3.5,-8.224148844,-7.428491648,3.5,-8.241537272,-7.226884007,        1097P   2813
3.5,-8.251860593,-7.186541328,3.5,-8.253351873,-7.141132757,        1097P   2814
3.5,-8.254404492,-7.136087039,3.5,-8.254512766,-7.128517985,        1097P   2815
3.5,-8.254662201,-7.125994887,3.5,-8.254709851,-7.122210121,        1097P   2816
3.5,-8.254778087,-7.120948509,3.5,-8.254800206,-7.118425258,        1097P   2817
3.5,-8.254843715,-7.117163629,3.5,-8.254865356,-7.105808981,        1097P   2818
3.5,-8.255060623,-7.095715959,3.5,-8.255234131,-7.065436886,        1097P   2819
3.5,-8.25575446,-7.045250828,3.5,-8.256101087,-6.944320485,3.5,     1097P   2820
-8.257832856,-6.86357605,3.5,-8.259213903,-6.459852898,3.5,         1097P   2821
-8.266092656,-6.136871282,3.5,-8.27151178,-5.167909791,3.5,         1097P   2822
-8.287317978,-4.521914455,3.5,-8.297262968,-2.583892648,3.5,        1097P   2823
-8.323348372,-1.291790386,3.5,-8.335444931,0.646348167,3.5,         1097P   2824
-8.339745011,1.292394881,3.5,-8.338906977,2.584489301,3.5,          1097P   2825
-8.332983509,3.230541575,3.5,-8.327899223,4.522604079,3.5,          1097P   2826
-8.314321576,5.168616416,3.5,-8.305872464,6.137613158,3.5,          1097P   2827
-8.291696553,6.460604614,3.5,-8.286720131,6.86433138,3.5,           1097P   2828
-8.280277311,6.945076217,3.5,-8.27897759,7.035913634,3.5,           1097P   2829
-8.277504041,7.046006674,3.5,-8.277340156,7.058622963,3.5,          1097P   2830
-8.277135104,7.061146221,3.5,-8.277094084,7.064931107,3.5,          1097P   2831
-8.27703254,7.066192736,3.5,-8.27701205,7.06871599,3.5,             1097P   2832
-8.276970955,7.069977604,3.5,-8.276950125,7.076285527,3.5,          1097P   2833
-8.276842794,7.081331479,3.5,-8.276748563,7.106559298,3.5,          1097P   2834
-8.276235416,7.126735344,3.5,-8.27569054,7.187244579,3.5,           1097P   2835
-8.27364673,7.227558864,3.5,-8.271738704,7.42900029,3.5,            1097P   2836
-8.259384958,7.589741696,3.5,-8.240539832,7.75,3.5,                 1097P   2837
-8.211341131,0.,0.0155021692526306,0.,1.;                           1097P   2838
126,1,1,1,0,1,0,0.,0.,1.,1.,1.,1.,0.015502169,0.,0.,                1099P   2839
0.015502169,1.,0.,0.,1.,0.,0.,1.;                                   1099P   2840
124,-0.0228292486672807,0.177787183396119,-0.983804118117709,       1101P   2841
1.00419214957498,0.991856298514225,0.127362015913933,0.,            1101P   2842
-13.3590332102914,0.1252992757479,-0.975792311059282,               1101P   2843
-0.17924691677861,-16.9969181202861;                                1101P   2844
100,-8.211341131,7.75,-6.5,17.75,-6.5,17.668562985,                 1103P   2845
-5.226379841;                                                       1103P   2846
126,1,1,1,0,1,0,0.,0.,1.,1.,1.,1.,0.015502169,1.,0.,0.,1.,0.,       1105P   2847
0.,1.,0.,0.,1.;                                                     1105P   2848
126,17,3,1,0,1,0,0.,0.,0.,0.,0.0625,0.0625,0.125,0.125,0.25,        1107P   2849
0.25,0.5,0.5,0.75,0.75,0.875,0.875,0.9375,0.9375,1.,1.,1.,1.,       1107P   2850
1.,1.,1.,1.,1.,1.,1.,1.,1.,1.,1.,1.,1.,1.,1.,1.,1.,1.,7.75,3.5,     1107P   2851
-8.211341131,7.429478714,3.5,-8.269739395,7.106567439,3.5,          1107P   2852
-8.276411619,6.460604614,3.5,-8.286720131,6.137613158,3.5,          1107P   2853
-8.291696553,5.168616416,3.5,-8.305872464,4.522604079,3.5,          1107P   2854
-8.314321576,2.584510322,3.5,-8.334688046,1.292394351,3.5,          1107P   2855
-8.341178371,-1.291790386,3.5,-8.335444931,-2.583892648,3.5,        1107P   2856
-8.323348372,-4.521914455,3.5,-8.297262968,-5.167909791,3.5,        1107P   2857
-8.287317978,-6.136871282,3.5,-8.27151178,-6.459852898,3.5,         1107P   2858
-8.266092656,-7.105809942,3.5,-8.255086652,-7.428881992,3.5,        1107P   2859
-8.252119108,-7.75,3.5,-8.196179466,0.,1.,0.,-1.,0.;                1107P   2860
126,1,1,1,0,1,0,0.,0.,1.,1.,1.,1.,0.,1.,0.,0.,0.,0.,0.,1.,0.,       1109P   2861
0.,1.;                                                              1109P   2862
124,-1.05085841040264E-17,0.17161820226604,0.985163535993376,       1111P   2863
1.44009545906823,1.,6.12323399573677E-17,0.,1.25000000044482,       1111P   2864
-6.03238685495488E-17,0.985163535993376,-0.17161820226604,          1111P   2865
-3.19923006795077;                                                  1111P   2866
100,-8.196179466,-7.75,-6.5,2.25,-6.5,2.171051456,-5.245911485;     1113P   2867
126,1,1,1,0,1,0,0.,0.,1.,1.,1.,1.,0.,0.,0.,0.000631915,0.,0.,       1115P   2868
0.,1.,0.,0.,1.;                                                     1115P   2869
126,6,3,1,0,1,0,0.,0.,0.,0.,0.000452959620453776,                   1117P   2870
0.000452959620453776,0.000452959620453776,0.000453019620453763,     1117P   2871
0.000453019620453763,0.000453019620453763,0.000453019620453763,     1117P   2872
1.,1.,1.,1.,1.,1.,1.,-7.534775584,3.421051456,-6.960697191,         1117P   2873
-7.385327507,3.415232019,-6.940000772,-7.237730254,3.408506084,     1117P   2874
-6.901890101,-7.095713847,3.40097042,-6.851180246,-7.095695036,     1117P   2875
3.400969422,-6.851173528,-7.095676224,3.400968424,-6.851166811,     1117P   2876
-7.095657412,3.400967426,-6.851160093,0.,0.000453019620453763,      1117P   2877
0.,0.,0.;                                                           1117P   2878
126,1,1,1,0,1,0,0.,0.,1.,1.,1.,1.,0.000631915,0.,0.,                1119P   2879
0.014817554,0.,0.,0.,1.,0.,0.,1.;                                   1119P   2880
126,27,3,1,0,1,0,-5.67244502501395E-08,-5.67244502501395E-08,       1121P   2881
-5.67244502501395E-08,-5.67244502501395E-08,0.,0.,0.,               1121P   2882
0.00174628336986373,0.00174628336986373,0.00174628336986373,        1121P   2883
0.0029227501353272,0.0029227501353272,0.0029227501353272,           1121P   2884
0.00527177747971739,0.00527177747971739,0.00527177747971739,        1121P   2885
0.0100400597990608,0.0100400597990608,0.0100400597990608,           1121P   2886
0.0112338246951185,0.0112338246951185,0.0112338246951185,           1121P   2887
0.0130271622809722,0.0130271622809722,0.0130271622809722,           1121P   2888
0.0141408197874559,0.0141408197874559,0.0141408197874559,           1121P   2889
0.0141408797874559,0.0141408797874559,0.0141408797874559,           1121P   2890
0.0141408797874559,1.,1.,1.,1.,1.,1.,1.,1.,1.,1.,1.,1.,1.,1.,       1121P   2891
1.,1.,1.,1.,1.,1.,1.,1.,1.,1.,1.,1.,1.,1.,-7.095657412,             1121P   2892
3.400967426,-6.851160093,-7.095638604,3.400965552,-6.851159575,     1121P   2893
-7.0956196,3.400967258,-6.851159564,-7.095600694,3.400967175,       1121P   2894
-6.851159299,-6.513569085,3.398391676,-6.843002764,                 1121P   2895
-5.931537598,3.395791313,-6.834840792,-5.349501259,3.393280386,     1121P   2896
-6.827008009,-4.957384852,3.39158878,-6.821731082,-4.565266095,     1121P   2897
3.389938933,-6.816606859,-4.173143296,3.388380913,-6.811783257,     1121P   2898
-3.390201471,3.385270052,-6.802152091,-2.607238583,3.382539303,     1121P   2899
-6.793766049,-1.824255267,3.380619332,-6.787954116,                 1121P   2900
-0.234925369,3.3767221,-6.776156829,1.354555031,3.376747915,        1121P   2901
-6.776718699,2.943879958,3.380635537,-6.789170726,3.341788065,      1121P   2902
3.381608854,-6.792288252,3.739690784,3.38279331,-6.796060758,       1121P   2903
4.137587682,3.38412724,-6.800280606,4.735329651,3.38613114,         1121P   2904
-6.806619886,5.333059958,3.388467863,-6.81396332,5.930782789,       1121P   2905
3.390951137,-6.821768115,6.301967159,3.392493244,-6.826614872,      1121P   2906
6.673148931,3.394092758,-6.831642818,7.044329378,3.395715636,       1121P   2907
-6.836756324,7.044349376,3.395715724,-6.836756599,7.044369374,      1121P   2908
3.395715811,-6.836756875,7.044389372,3.395715899,-6.83675715,       1121P   2909
-5.67244502501395E-08,0.0141408797874559,0.,0.,0.;                  1121P   2910
126,1,1,1,0,1,0,0.,0.,1.,1.,1.,1.,0.014817554,0.,0.,                1123P   2911
0.015502169,0.,0.,0.,1.,0.,0.,1.;                                   1123P   2912
126,6,3,1,0,1,0,-5.65157993930564E-08,-5.65157993930564E-08,        1125P   2913
-5.65157993930564E-08,-5.65157993930564E-08,0.,0.,0.,               1125P   2914
0.000493035080846874,0.000493035080846874,0.000493035080846874,     1125P   2915
0.000493035080846874,1.,1.,1.,1.,1.,1.,1.,7.044389372,              1125P   2916
3.395715899,-6.83675715,7.044407067,3.395715677,-6.836763609,       1125P   2917
7.044424677,3.395717875,-6.836770159,7.044442329,3.395718864,       1125P   2918
-6.836776663,7.198440632,3.404341671,-6.893516928,7.359012899,      1125P   2919
3.412002809,-6.936061281,7.521707514,3.418562985,-6.958348373,      1125P   2920
-5.65157993930564E-08,0.000493035080846874,0.,0.,0.;                1125P   2921
102,6,1099,1105,1109,1115,1119,1123;                                1127P   2922
102,6,1103,1107,1113,1117,1121,1125;                                1129P   2923
142,1,1097,1127,1129,1;                                             1131P   2924
144,1097,1,0,1131;                                                  1133P   2925
128,47,2,3,2,0,0,0,0,0,-3.33934269125535E-17,                       1135P   2926
-3.33934269125535E-17,-3.33934269125535E-17,                        1135P   2927
-3.33934269125535E-17,0.000171877865347582,                         1135P   2928
0.000171877865347582,0.000257816798021389,0.000257816798021389,     1135P   2929
0.000300786264358293,0.000300786264358293,0.000306157447650406,     1135P   2930
0.000306157447650406,0.000311528630942519,0.000311528630942519,     1135P   2931
0.000322270997526745,0.000322270997526745,0.000343755730695197,     1135P   2932
0.000343755730695197,0.000687511461390427,0.000687511461390427,     1135P   2933
0.00137502292278089,0.00137502292278089,0.00275004584556181,        1135P   2934
0.00275004584556181,0.00550009169112365,0.00550009169112365,        1135P   2935
0.0082501375366855,0.0082501375366855,0.00962516045946642,          1135P   2936
0.00962516045946642,0.0103126719208569,0.0103126719208569,          1135P   2937
0.0106564276515521,0.0106564276515521,0.0106779123847206,           1135P   2938
0.0106779123847206,0.0106832835680127,0.0106832835680127,           1135P   2939
0.0106886547513048,0.0106886547513048,0.0106940259345969,           1135P   2940
0.0106940259345969,0.010699397117889,0.010699397117889,             1135P   2941
0.0107423665842259,0.0107423665842259,0.0108283055168997,           1135P   2942
0.0108283055168997,0.0110001833822473,0.0110001833822473,           1135P   2943
0.0110001833822473,0.0110001833822473,0.,0.,0.,1.,1.,1.,1.,1.,      1135P   2944
1.,1.,1.,1.,1.,1.,1.,1.,1.,1.,1.,1.,1.,1.,1.,1.,1.,1.,1.,1.,1.,     1135P   2945
1.,1.,1.,1.,1.,1.,1.,1.,1.,1.,1.,1.,1.,1.,1.,1.,1.,1.,1.,1.,1.,     1135P   2946
1.,1.,1.,1.,0.998473110628597,0.998450400511034,                    1135P   2947
0.998426196417119,0.998387364989046,0.998373999967085,              1135P   2948
0.998353279977983,0.998346261202281,0.998338234880401,              1135P   2949
0.998337341258626,0.99833555038316,0.9983342652387,                 1135P   2950
0.998333697698493,0.99833385153976,0.998333515093383,               1135P   2951
0.998333291091105,0.998329488099766,0.998325984813682,              1135P   2952
0.99831572264709,0.998309211444005,0.998290827851734,               1135P   2953
0.99828010765303,0.998253798431652,0.998244269893427,               1135P   2954
0.998244269893427,0.998253798749522,0.998280108152567,              1135P   2955
0.998290828473236,0.998309212211995,0.998315723460264,              1135P   2956
0.998325985687325,0.99832948899236,0.998333292002449,               1135P   2957
0.998333516005825,0.998333796379172,0.998333852472299,              1135P   2958
0.998333964695414,0.998333875504176,0.998334278443426,              1135P   2959
0.998335564999103,0.99833735583229,0.998338249431514,               1135P   2960
0.998346275537898,0.998353294032889,0.998374012937088,              1135P   2961
0.998387376912546,0.998426204410126,0.998450404831578,              1135P   2962
0.998473110628579,1.,1.,1.,1.,1.,1.,1.,1.,1.,1.,1.,1.,1.,1.,1.,     1135P   2963
1.,1.,1.,1.,1.,1.,1.,1.,1.,1.,1.,1.,1.,1.,1.,1.,1.,1.,1.,1.,1.,     1135P   2964
1.,1.,1.,1.,1.,1.,1.,1.,1.,1.,1.,1.,-9.235995595,3.438971053,       1135P   2965
5.390249977,-9.231647434,3.438064086,5.351602065,-9.225817295,      1135P   2966
3.43709738,5.313152113,-9.21485863,3.435546608,5.255888076,         1135P   2967
-9.21083666,3.435012872,5.236868545,-9.204249955,3.434185432,       1135P   2968
5.208455925,-9.201962087,3.433905144,5.199004493,-9.19928434,       1135P   2969
3.433584624,5.188394788,-9.198985369,3.433548939,5.187216253,       1135P   2970
-9.198384542,3.433477423,5.184859832,-9.197947398,3.433426102,      1135P   2971
5.18396318,-9.197779967,3.433403441,5.178885999,-9.197853686,       1135P   2972
3.433409583,5.175115065,-9.19779689,3.433396147,5.164381499,        1135P   2973
-9.197759077,3.433387202,5.157225802,-9.197117138,3.433235336,      1135P   2974
5.03557918,-9.196526143,3.433095439,4.921091722,-9.19479583,        1135P   2975
3.432685641,4.577639828,-9.193699177,3.432425632,4.348685895,       1135P   2976
-9.190605178,3.431691536,3.66186567,-9.188804082,3.431263465,       1135P   2977
3.204041349,-9.184384687,3.430212916,1.830719178,-9.182789401,      1135P   2978
3.429832445,0.915338651,-9.182789426,3.42983245,-0.915360096,       1135P   2979
-9.184384741,3.430212928,-1.830742553,-9.188804166,3.431263485,     1135P   2980
-3.204064033,-9.190605282,3.431691561,-3.661891129,                 1135P   2981
-9.193699306,3.432425663,-4.348713468,-9.194795967,3.432685673,     1135P   2982
-4.577667961,-9.19652629,3.433095474,-4.921120501,-9.197117288,     1135P   2983
3.433235372,-5.035608143,-9.197759231,3.433387238,-5.157254927,     1135P   2984
-9.197797044,3.433396184,-5.164410634,-9.197844374,3.43340738,      1135P   2985
-5.173355284,-9.197853843,3.43340962,-5.175144215,-9.197872788,     1135P   2986
3.433414101,-5.178722079,-9.197831653,3.433410541,-5.180616467,     1135P   2987
-9.197951832,3.433426629,-5.183983422,-9.198389454,3.433478007,     1135P   2988
-5.184879034,-9.198990249,3.433549521,-5.187235459,                 1135P   2989
-9.199289203,3.433585206,-5.188413994,-9.201966796,3.433905717,     1135P   2990
-5.199023679,-9.204254497,3.434185993,-5.208474969,                 1135P   2991
-9.210840633,3.43501339,-5.236886788,-9.214862132,3.435547084,      1135P   2992
-5.255905283,-9.225819277,3.4370977,-5.313164655,-9.231648262,      1135P   2993
3.438064259,-5.351609424,-9.235995595,3.438971053,-5.390249977,     1135P   2994
-9.783134813,3.5,5.444957028,-9.783781885,3.5,5.397038499,          1135P   2995
-9.782920555,3.5,5.349213717,-9.779401749,3.5,5.277674938,          1135P   2996
-9.777857408,3.5,5.253861217,-9.774986564,3.5,5.218197311,          1135P   2997
-9.773937203,3.5,5.206318656,-9.77265291,3.5,5.19296648,            1135P   2998
-9.772508769,3.5,5.191483051,-9.772217604,3.5,5.188516508,          1135P   2999
-9.772002108,3.5,5.187174479,-9.771932221,3.5,5.181950798,          1135P   3000
-9.77197919,3.5,5.178274631,-9.771979753,3.5,5.167536706,           1135P   3001
-9.771980126,3.5,5.160378096,-9.771986406,3.5,5.038681437,          1135P   3002
-9.77199154,3.5,4.924145482,-9.772004798,3.5,4.580541412,           1135P   3003
-9.772010774,3.5,4.351479695,-9.772021808,3.5,3.664309661,          1135P   3004
-9.772019946,3.5,3.206227345,-9.772002371,3.5,1.832034224,          1135P   3005
-9.771983339,3.5,0.916012618,-9.771983339,3.5,-0.916034078,         1135P   3006
-9.772002371,3.5,-1.832057616,-9.772019946,3.5,-3.206250042,        1135P   3007
-9.772021808,3.5,-3.664335134,-9.772010773,3.5,-4.351507281,        1135P   3008
-9.772004798,3.5,-4.580569558,-9.771991539,3.5,-4.924174274,        1135P   3009
-9.771986405,3.5,-5.038710412,-9.771980124,3.5,-5.160407233,        1135P   3010
-9.771979752,3.5,-5.167565852,-9.771979283,3.5,-5.176514136,        1135P   3011
-9.771979188,3.5,-5.178303792,-9.771979,3.5,-5.181883107,           1135P   3012
-9.771953355,3.5,-5.183725667,-9.772004266,3.5,-5.187199176,        1135P   3013
-9.772219992,3.5,-5.188540685,-9.772511125,3.5,-5.191507227,        1135P   3014
-9.772655251,3.5,-5.192990652,-9.773939396,3.5,-5.206342779,        1135P   3015
-9.774988613,3.5,-5.218221236,-9.777859001,3.5,-5.253884077,        1135P   3016
-9.779403012,3.5,-5.277696463,-9.782920915,3.5,-5.349229328,        1135P   3017
-9.783781762,3.5,-5.397047622,-9.783134813,3.5,-5.444957028,        1135P   3018
-10.333633668,3.5,5.5,-10.339356835,3.5,5.442761134,                1135P   3019
-10.34354992,3.5,5.385507071,-10.347607044,3.5,5.299604004,         1135P   3020
-10.348587077,3.5,5.270965972,-10.349504316,3.5,5.228003468,        1135P   3021
-10.349717914,3.5,5.213681723,-10.349854989,3.5,5.197568741,        1135P   3022
-10.349868786,3.5,5.195778395,-10.349893514,3.5,5.192197676,        1135P   3023
-10.349904138,3.5,5.190407299,-10.349933765,3.5,5.185036147,        1135P   3024
-10.34995345,3.5,5.181455378,-10.350012538,3.5,5.170713071,         1135P   3025
-10.350051872,3.5,5.163551533,-10.350719558,3.5,5.04180537,         1135P   3026
-10.351332987,3.5,4.927220599,-10.353125511,3.5,4.583465813,        1135P   3027
-10.354256836,3.5,4.354295327,-10.357437217,3.5,3.66678176,         1135P   3028
-10.359272328,3.5,3.208436557,-10.363749475,3.5,1.83339086,         1135P   3029
-10.36534072,3.5,0.916691347,-10.365340696,3.5,-0.916712823,        1135P   3030
-10.363749422,3.5,-1.833414268,-10.359272242,3.5,-3.208459267,      1135P   3031
-10.35743711,3.5,-3.666807247,-10.354256703,3.5,-4.354322927,       1135P   3032
-10.35312537,3.5,-4.583493972,-10.351332834,3.5,-4.927249403,       1135P   3033
-10.350719401,3.5,-5.041834358,-10.350051712,3.5,-5.163580682,      1135P   3034
-10.350012378,3.5,-5.17074223,-10.349963137,3.5,-5.179694164,       1135P   3035
-10.349953285,3.5,-5.18148455,-10.349933574,3.5,-5.185065324,       1135P   3036
-10.349923731,3.5,-5.186855711,-10.349903974,3.5,-5.190436483,      1135P   3037
-10.349893328,3.5,-5.192226861,-10.349868569,3.5,-5.195807574,      1135P   3038
-10.349854757,3.5,-5.197597914,-10.349717541,3.5,-5.213710816,      1135P   3039
-10.349503822,3.5,-5.228032304,-10.348586246,3.5,-5.270993478,      1135P   3040
-10.347606026,3.5,-5.299629874,-10.34354863,3.5,-5.385525768,       1135P   3041
-10.339355746,3.5,-5.44277203,-10.333633668,3.5,-5.5,               1135P   3042
-3.33934269125535E-17,0.0110001833822473,0.,1.;                     1135P   3043
126,1,1,1,0,1,0,0.,0.,1.,1.,1.,1.,0.005500081,0.,0.,                1137P   3044
0.010689396,0.,0.,0.,1.,0.,0.,1.;                                   1137P   3045
126,12,3,1,0,1,0,0.00518292606178298,0.00518292606178298,           1139P   3046
0.00518292606178298,0.00518292606178298,0.00653279472308704,        1139P   3047
0.00653279472308704,0.00653279472308704,0.00860423214087846,        1139P   3048
0.00860423214087846,0.00860423214087846,0.0103658480731771,         1139P   3049
0.0103658480731771,0.0103658480731771,0.0103659080731771,           1139P   3050
0.0103659080731771,0.0103659080731771,0.0103659080731771,1.,1.,     1139P   3051
1.,1.,1.,1.,1.,1.,1.,1.,1.,1.,1.,-9.182789413,3.429832448,0.,       1139P   3052
-9.182789413,3.429832448,-0.449956415,-9.183170309,3.429923222,     1139P   3053
-0.899912984,-9.1839119,3.430099839,-1.349868753,-9.185049906,      1139P   3054
3.430370866,-2.040346958,-9.187049083,3.430846521,-2.730824013,     1139P   3055
-9.18973284,3.431484094,-3.421297698,-9.192015192,3.432026305,      1139P   3056
-4.008498558,-9.194783346,3.432683302,-4.595697523,                 1139P   3057
-9.197894892,3.43341933,-5.182894363,-9.197894998,3.433419355,      1139P   3058
-5.182914363,-9.197895104,3.43341938,-5.182934362,-9.19789521,      1139P   3059
3.433419405,-5.182954362,0.00518292606178298,                       1139P   3060
0.0103659080731771,0.,0.,0.;                                        1139P   3061
126,1,1,1,0,1,0,0.,0.,1.,1.,1.,1.,0.010689396,0.,0.,                1141P   3062
0.011000183,0.,0.,0.,1.,0.,0.,1.;                                   1141P   3063
126,6,3,1,0,1,0,-5.81640841321649E-08,-5.81640841321649E-08,        1143P   3064
-5.81640841321649E-08,-5.81640841321649E-08,0.,0.,0.,               1143P   3065
0.000210782989450157,0.000210782989450157,0.000210782989450157,     1143P   3066
0.000210782989450157,1.,1.,1.,1.,1.,1.,1.,-9.19789521,              1143P   3067
3.433419405,-5.182954362,-9.197900028,3.43341934,-5.182973142,      1143P   3068
-9.197904866,3.433420549,-5.182991899,-9.197909693,3.433421121,     1143P   3069
-5.183010668,-9.215403253,3.435493544,-5.25102749,-9.228142435,     1143P   3070
3.437332992,-5.320448456,-9.235995595,3.438971053,-5.390249977,     1143P   3071
-5.81640841321649E-08,0.000210782989450157,0.,0.,0.;                1143P   3072
126,1,1,1,0,1,0,0.,0.,1.,1.,1.,1.,0.011000183,0.,0.,                1145P   3073
0.011000183,1.,0.,0.,1.,0.,0.,1.;                                   1145P   3074
124,0.10976380735794,-0.988965812528742,-0.099491347581857,         1147P   3075
-16.1748548862426,0.993897105296619,0.110311124022016,0.,           1147P   3076
4.48759089630924,0.0109750023822197,-0.0988841623636675,            1147P   3077
0.995038427276227,-0.556624051219399;                               1147P   3078
100,-5.5,-10.333633668,-6.5,-0.333633668,-6.5,-0.394662615,         1149P   3079
-5.39688876;                                                        1149P   3080
126,1,1,1,0,1,0,0.,0.,1.,1.,1.,1.,0.011000183,1.,0.,0.,1.,0.,       1151P   3081
0.,1.,0.,0.,1.;                                                     1151P   3082
126,13,3,1,0,1,0,0.,0.,0.,0.,0.125,0.125,0.25,0.25,0.5,0.5,         1153P   3083
0.75,0.75,0.875,0.875,1.,1.,1.,1.,1.,1.,1.,1.,1.,1.,1.,1.,1.,       1153P   3084
1.,1.,1.,1.,1.,-10.333633668,3.5,-5.5,-10.379410331,3.5,            1153P   3085
-5.042175884,-10.353196567,3.5,-4.58349482,-10.35743711,3.5,        1153P   3086
-3.666807247,-10.359272242,3.5,-3.208459267,-10.363749422,3.5,      1153P   3087
-1.833414268,-10.365340696,3.5,-0.916712823,-10.36534072,3.5,       1153P   3088
0.916691347,-10.363749475,3.5,1.83339086,-10.359272328,3.5,         1153P   3089
3.208436557,-10.357437217,3.5,3.66678176,-10.353196709,3.5,         1153P   3090
4.583466516,-10.379419048,3.5,5.042088705,-10.333633668,3.5,        1153P   3091
5.5,0.,1.,0.,-1.,0.;                                                1153P   3092
126,1,1,1,0,1,0,0.,0.,1.,1.,1.,1.,0.,1.,0.,0.,0.,0.,0.,1.,0.,       1155P   3093
0.,1.;                                                              1155P   3094
124,-6.0928531249533E-17,0.995038427274767,-0.0994913475964542,     1157P   3095
-3.31868147923323,1.,6.12323399573677E-17,0.,3.83363366834258,      1157P   3096
6.09208801884272E-18,-0.0994913475964542,-0.995038427274767,        1157P   3097
10.3260175914938;                                                   1157P   3098
100,5.5,-10.333633668,-6.5,-0.333633668,-6.5,-0.394662615,          1159P   3099
-5.39688876;                                                        1159P   3100
126,1,1,1,0,1,0,0.,0.,1.,1.,1.,1.,0.,0.,0.,0.000310756,0.,0.,       1161P   3101
0.,1.,0.,0.,1.;                                                     1161P   3102
126,6,3,1,0,1,0,0.,0.,0.,0.,0.000210781158066923,                   1163P   3103
0.000210781158066923,0.000210781158066923,0.000210841158066887,     1163P   3104
0.000210841158066887,0.000210841158066887,0.000210841158066887,     1163P   3105
1.,1.,1.,1.,1.,1.,1.,-9.235995595,3.438971053,5.390249977,          1163P   3106
-9.228142504,3.437333006,5.320449063,-9.215403475,3.435493576,      1163P   3107
5.251028698,-9.19791015,3.433421175,5.183012445,-9.19790517,        1163P   3108
3.433420585,5.182993084,-9.19790019,3.433419995,5.182973723,        1163P   3109
-9.19789521,3.433419405,5.182954362,0.,0.000210841158066887,0.,     1163P   3110
0.,0.;                                                              1163P   3111
126,1,1,1,0,1,0,0.,0.,1.,1.,1.,1.,0.000310756,0.,0.,                1165P   3112
0.005500081,0.,0.,0.,1.,0.,0.,1.;                                   1165P   3113
126,12,3,1,0,1,0,-5.81635132471429E-08,-5.81635132471429E-08,       1167P   3114
-5.81635132471429E-08,-5.81635132471429E-08,0.,0.,0.,               1167P   3115
0.0024340324537207,0.0024340324537207,0.0024340324537207,           1167P   3116
0.00516659356392289,0.00516659356392289,0.00516659356392289,        1167P   3117
0.00518292606178298,0.00518292606178298,0.00518292606178298,        1167P   3118
0.00518292606178298,1.,1.,1.,1.,1.,1.,1.,1.,1.,1.,1.,1.,1.,         1167P   3119
-9.19789521,3.433419405,5.182954362,-9.197895076,3.433418615,       1167P   3120
5.182934991,-9.197895005,3.433419357,5.182915587,-9.197894902,      1167P   3121
3.433419332,5.182896199,-9.193595666,3.432402359,4.371564076,       1167P   3122
-9.189952518,3.431536463,3.560227627,-9.187339387,3.430915288,      1167P   3123
2.748887922,-9.184405763,3.430217926,1.838039775,-9.182808163,      1167P   3124
3.429836914,0.927185648,-9.18278958,3.429832487,0.016332511,        1167P   3125
-9.182789469,3.429832461,0.010888341,-9.182789413,3.429832448,      1167P   3126
0.00544417,-9.182789413,3.429832448,0.,-5.81635132471429E-08,       1167P   3127
0.00518292606178298,0.,0.,0.;                                       1167P   3128
102,7,1137,1141,1145,1151,1155,1161,1165;                           1169P   3129
102,7,1139,1143,1149,1153,1159,1163,1167;                           1171P   3130
142,1,1135,1169,1171,1;                                             1173P   3131
144,1135,1,0,1173;                                                  1175P   3132
128,23,2,3,2,0,0,0,0,0,0.,0.,0.,0.,0.000500527905256768,            1177P   3133
0.000500527905256768,0.000750791857885151,0.000750791857885151,     1177P   3134
0.00100105581051354,0.00100105581051354,0.0015015837157703,         1177P   3135
0.0015015837157703,0.00200211162102707,0.00200211162102707,         1177P   3136
0.00225237557365545,0.00225237557365545,0.00250263952628384,        1177P   3137
0.00250263952628384,0.00300316743154061,0.00300316743154061,        1177P   3138
0.00325343138416899,0.00325343138416899,0.00350369533679737,        1177P   3139
0.00350369533679737,0.00400422324205414,0.00400422324205414,        1177P   3140
0.00400422324205414,0.00400422324205414,0.,0.,0.,1.,1.,1.,1.,       1177P   3141
1.,1.,1.,1.,1.,1.,1.,1.,1.,1.,1.,1.,1.,1.,1.,1.,1.,1.,1.,1.,1.,     1177P   3142
1.,1.,0.998473110628579,0.998539731655009,0.998592630953527,        1177P   3143
0.998656482821859,0.998675153902193,0.998707588688227,              1177P   3144
0.99872141608409,0.998754702101191,0.998766114798861,               1177P   3145
0.998772120682309,0.998766710815749,0.998743015523541,              1177P   3146
0.998732436788493,0.998706686636484,0.998691452537419,              1177P   3147
0.998638382389029,0.9985934385071,0.998506370143565,                1177P   3148
0.998474358303615,0.998403187970516,0.99836409626459,               1177P   3149
0.998237040488371,0.998138773305754,0.998024334778464,1.,1.,1.,     1177P   3150
1.,1.,1.,1.,1.,1.,1.,1.,1.,1.,1.,1.,1.,1.,1.,1.,1.,1.,1.,1.,1.,     1177P   3151
-9.235995595,3.438971053,-5.390249977,-9.248774382,3.441636533,     1177P   3152
-5.503832166,-9.248582091,3.443744816,-5.61685492,-9.229865911,     1177P   3153
3.446295405,-5.782574588,-9.220539043,3.447041255,-5.837181934,     1177P   3154
-9.195667572,3.448336949,-5.944658579,-9.180239409,3.448889337,     1177P   3155
-5.997317992,-9.123064523,3.450219089,-6.154191543,                 1177P   3156
-9.071942094,3.450675041,-6.253968275,-8.948750065,3.450914981,     1177P   3157
-6.438878203,-8.876628978,3.450698848,-6.524118596,                 1177P   3158
-8.754410819,3.44975222,-6.636648196,-8.711811432,3.449329602,      1177P   3159
-6.671063956,-8.622262713,3.448300915,-6.73517499,-8.575447149,     1177P   3160
3.447692341,-6.764707478,-8.429684384,3.445572351,-6.845456533,     1177P   3161
-8.32543357,3.443777041,-6.888901465,-8.161256157,3.440299408,      1177P   3162
-6.936008592,-8.10590335,3.439020858,-6.948485039,-7.994503339,     1177P   3163
3.43617849,-6.966838201,-7.938371259,3.434617338,-6.972779902,      1177P   3164
-7.767983104,3.429543637,-6.982205899,-7.652125037,3.425620988,     1177P   3165
-6.97694841,-7.534775584,3.421051456,-6.960697191,-9.783134813,     1177P   3166
3.5,-5.444957028,-9.781233356,3.5,-5.585768098,-9.766426037,        1177P   3167
3.5,-5.724616812,-9.725169937,3.5,-5.928359209,-9.708227245,        1177P   3168
3.5,-5.99551722,-9.667792913,3.5,-6.128044812,-9.644350956,3.5,     1177P   3169
-6.193307614,-9.563142979,3.5,-6.387088409,-9.496349755,3.5,        1177P   3170
-6.509802616,-9.340877719,3.5,-6.739921253,-9.252145329,3.5,        1177P   3171
-6.847436724,-9.102800403,3.5,-6.994680755,-9.050870921,3.5,        1177P   3172
-7.040768107,-8.942798529,3.5,-7.127557324,-8.886682163,3.5,        1177P   3173
-7.168232128,-8.712638072,3.5,-7.282150408,-8.58904797,3.5,         1177P   3174
-7.347358028,-8.393829778,3.5,-7.427917494,-8.327908556,3.5,        1177P   3175
-7.451545487,-8.194722702,3.5,-7.492399502,-8.127408508,3.5,        1177P   3176
-7.509652097,-7.9230266,3.5,-7.552776103,-7.783731358,3.5,          1177P   3177
-7.569857919,-7.641961317,3.5,-7.575990176,-10.333633668,3.5,       1177P   3178
-5.5,-10.316814811,3.5,-5.668209691,-10.287194655,3.5,              1177P   3179
-5.833004316,-10.2231471,3.5,-6.07493498,-10.198510765,3.5,         1177P   3180
-6.15469847,-10.142368895,3.5,-6.31238637,-10.110845831,3.5,        1177P   3181
-6.390306086,-10.005419296,3.5,-6.621158414,-9.922860518,3.5,       1177P   3182
-6.766906081,-9.734938964,3.5,-7.04245023,-9.629526499,3.5,         1177P   3183
-7.172352155,-9.452950485,3.5,-7.354520287,-9.391659064,3.5,        1177P   3184
-7.412353392,-9.265001975,3.5,-7.521977069,-9.199556466,3.5,        1177P   3185
-7.573876479,-8.99715117,3.5,-7.72122555,-8.854172881,3.5,          1177P   3186
-7.808395225,-8.627805221,3.5,-7.922777879,-8.55128216,3.5,         1177P   3187
-7.957689286,-8.396234427,3.5,-8.02133347,-8.317697602,3.5,         1177P   3188
-8.050054443,-8.07920118,3.5,-8.127382198,-7.916367548,3.5,         1177P   3189
-8.167197783,-7.75,3.5,-8.196179466,0.,0.00400422324205414,0.,      1177P   3190
1.;                                                                 1177P   3191
126,1,1,1,0,1,0,0.,0.,1.,1.,1.,1.,0.004004223,0.,0.,                1179P   3192
0.004004223,1.,0.,0.,1.,0.,0.,1.;                                   1179P   3193
124,0.0215224416425345,-0.170263301550184,-0.985163535993378,       1181P   3194
-16.7644896825656,0.99210514561999,0.125408851499164,0.,            1181P   3195
2.00397241374079,0.123548227587785,-0.977385813336214,              1181P   3196
0.171618202266033,-12.185074903776;                                 1181P   3197
100,-8.196179466,-7.75,-6.5,2.25,-6.5,2.171051456,-5.245911485;     1183P   3198
126,1,1,1,0,1,0,0.,0.,1.,1.,1.,1.,0.004004223,1.,0.,0.,1.,0.,       1185P   3199
0.,1.,0.,0.,1.;                                                     1185P   3200
126,5,3,1,0,1,0,0.,0.,0.,0.,0.5,0.5,1.,1.,1.,1.,1.,1.,1.,1.,1.,     1187P   3201
1.,-7.75,3.5,-8.196179466,-8.415479468,3.5,-8.08025111,             1187P   3202
-9.040939794,3.5,-7.779579267,-9.982678519,3.5,-6.808015886,        1187P   3203
-10.266355863,3.5,-6.172862543,-10.333633668,3.5,-5.5,0.,1.,0.,     1187P   3204
-1.,0.;                                                             1187P   3205
126,1,1,1,0,1,0,0.,0.,1.,1.,1.,1.,0.,1.,0.,0.,0.,0.,0.,1.,0.,       1189P   3206
0.,1.;                                                              1189P   3207
124,-6.09285312496224E-17,0.995038427276227,0.0994913475818499,     1191P   3208
-3.31868147931358,1.,6.12323399573677E-17,0.,3.83363366834737,      1191P   3209
-6.09208801794846E-18,0.0994913475818499,-0.995038427276227,        1191P   3210
-10.326017591502;                                                   1191P   3211
100,-5.5,-10.333633668,-6.5,-0.333633668,-6.5,-0.394662615,         1193P   3212
-5.39688876;                                                        1193P   3213
126,1,1,1,0,1,0,0.,0.,1.,1.,1.,1.,0.,0.,0.,0.004004223,0.,0.,       1195P   3214
0.,1.,0.,0.,1.;                                                     1195P   3215
126,5,3,1,0,1,0,0.,0.,0.,0.,0.5,0.5,1.,1.,1.,1.,1.,1.,1.,1.,1.,     1197P   3216
1.,-9.235995595,3.438971053,-5.390249977,-9.286493866,              1197P   3217
3.4495043,-5.839095588,-9.122766542,3.452699867,-6.302500809,       1197P   3218
-8.451573288,3.447309758,-6.910350326,-7.981460968,3.438445172,     1197P   3219
-7.022556718,-7.534775584,3.421051456,-6.960697191,0.,1.,           1197P   3220
0.035545821,0.999178778,0.019448992;                                1197P   3221
102,4,1179,1185,1189,1195;                                          1199P   3222
102,4,1183,1187,1193,1197;                                          1201P   3223
142,1,1177,1199,1201,1;                                             1203P   3224
144,1177,1,0,1203;                                                  1205P   3225
128,1,1,1,1,0,0,1,0,0,0.,0.,1.,1.,0.,0.,1.,1.,1.,1.,1.,1.,8.5,      1207P   3226
0.2,-7.,-8.5,0.2,-7.,8.5,1.5,-7.,-8.5,1.5,-7.,0.,1.,0.,1.;          1207P   3227
126,1,1,1,0,1,0,0.,0.,1.,1.,1.,1.,1.,1.,0.,0.,1.,0.,0.,1.,0.,       1209P   3228
0.,1.;                                                              1209P   3229
110,-8.5,1.5,-7.,8.5,1.5,-7.;                                       1211P   3230
126,1,1,1,0,1,0,0.,0.,1.,1.,1.,1.,0.,1.,0.,0.,0.,0.,0.,1.,0.,       1213P   3231
0.,1.;                                                              1213P   3232
110,8.5,1.5,-7.,8.5,0.2,-7.;                                        1215P   3233
126,1,1,1,0,1,0,0.,0.,1.,1.,1.,1.,0.,0.,0.,1.,0.,0.,0.,1.,0.,       1217P   3234
0.,1.;                                                              1217P   3235
110,8.5,0.2,-7.,-8.5,0.2,-7.;                                       1219P   3236
126,1,1,1,0,1,0,0.,0.,1.,1.,1.,1.,1.,0.,0.,1.,1.,0.,0.,1.,0.,       1221P   3237
0.,1.;                                                              1221P   3238
110,-8.5,0.2,-7.,-8.5,1.5,-7.;                                      1223P   3239
102,4,1209,1213,1217,1221;                                          1225P   3240
102,4,1211,1215,1219,1223;                                          1227P   3241
142,1,1207,1225,1227,1;                                             1229P   3242
144,1207,1,0,1229;                                                  1231P   3243
110,8.5,26.700215516,-6.25,8.5,-973.299784484,-6.25;                1233P   3244
110,8.5,1.5,-7.,8.5,0.2,-7.;                                        1235P   3245
120,1233,1235,0.,6.28318530717959;                                  1237P   3246
126,1,1,1,0,1,0,0.,0.,1.,1.,1.,1.,0.,0.,0.,0.,1.570796327,0.,       1239P   3247
0.,1.,0.,0.,1.;                                                     1239P   3248
124,1.40271576953299E-14,1.,0.,6.99999999999988,                    1241P   3249
-6.12323399573677E-17,8.58915688636046E-31,-1.,-4.75,-1.,           1241P   3250
1.40271576953299E-14,6.12323399573677E-17,2.24999999999998;         1241P   3251
100,-6.25,8.5,1.5,9.25,1.5,8.5,2.25;                                1243P   3252
126,1,1,1,0,1,0,0.,0.,1.,1.,1.,1.,0.,1.570796327,0.,1.,             1245P   3253
1.570796327,0.,0.,1.,0.,0.,1.;                                      1245P   3254
110,9.25,1.5,-6.25,9.25,0.2,-6.25;                                  1247P   3255
126,1,1,1,0,1,0,0.,0.,1.,1.,1.,1.,1.,1.570796327,0.,1.,0.,0.,       1249P   3256
0.,1.,0.,0.,1.;                                                     1249P   3257
124,1.,0.,0.,0.,0.,6.12323399573677E-17,1.,6.45000000000001,0.,     1251P   3258
-1.,6.12323399573677E-17,-6.05;                                     1251P   3259
100,-6.25,8.5,0.2,9.25,0.2,8.5,0.95;                                1253P   3260
126,1,1,1,0,1,0,0.,0.,1.,1.,1.,1.,1.,0.,0.,0.,0.,0.,0.,1.,0.,       1255P   3261
0.,1.;                                                              1255P   3262
110,8.5,0.2,-7.,8.5,1.5,-7.;                                        1257P   3263
102,4,1239,1245,1249,1255;                                          1259P   3264
102,4,1243,1247,1253,1257;                                          1261P   3265
142,1,1237,1259,1261,1;                                             1263P   3266
144,1237,1,0,1263;                                                  1265P   3267
128,1,1,1,1,0,0,1,0,0,0.,0.,1.,1.,0.,0.,1.,1.,1.,1.,1.,1.,9.25,     1267P   3268
0.2,6.25,9.25,0.2,-6.25,9.25,1.5,6.25,9.25,1.5,-6.25,0.,1.,0.,      1267P   3269
1.;                                                                 1267P   3270
126,1,1,1,0,1,0,0.,0.,1.,1.,1.,1.,1.,1.,0.,0.,1.,0.,0.,1.,0.,       1269P   3271
0.,1.;                                                              1269P   3272
110,9.25,1.5,-6.25,9.25,1.5,6.25;                                   1271P   3273
126,1,1,1,0,1,0,0.,0.,1.,1.,1.,1.,0.,1.,0.,0.,0.,0.,0.,1.,0.,       1273P   3274
0.,1.;                                                              1273P   3275
110,9.25,1.5,6.25,9.25,0.2,6.25;                                    1275P   3276
126,1,1,1,0,1,0,0.,0.,1.,1.,1.,1.,0.,0.,0.,1.,0.,0.,0.,1.,0.,       1277P   3277
0.,1.;                                                              1277P   3278
110,9.25,0.2,6.25,9.25,0.2,-6.25;                                   1279P   3279
126,1,1,1,0,1,0,0.,0.,1.,1.,1.,1.,1.,0.,0.,1.,1.,0.,0.,1.,0.,       1281P   3280
0.,1.;                                                              1281P   3281
110,9.25,0.2,-6.25,9.25,1.5,-6.25;                                  1283P   3282
102,4,1269,1273,1277,1281;                                          1285P   3283
102,4,1271,1275,1279,1283;                                          1287P   3284
142,1,1267,1285,1287,1;                                             1289P   3285
144,1267,1,0,1289;                                                  1291P   3286
110,8.5,26.700215516,6.25,8.5,-973.299784484,6.25;                  1293P   3287
110,8.5,1.5,5.5,8.5,0.2,5.5;                                        1295P   3288
120,1293,1295,0.,6.28318530717959;                                  1297P   3289
126,1,1,1,0,1,0,0.,0.,1.,1.,1.,1.,0.,1.570796327,0.,0.,             1299P   3290
3.141592654,0.,0.,1.,0.,0.,1.;                                      1299P   3291
124,1.,0.,0.,0.,0.,6.12323399573677E-17,-1.,7.75,0.,1.,             1301P   3292
6.12323399573677E-17,4.75;                                          1301P   3293
100,6.25,8.5,1.5,9.25,1.5,8.5,2.25;                                 1303P   3294
126,1,1,1,0,1,0,0.,0.,1.,1.,1.,1.,0.,3.141592654,0.,1.,             1305P   3295
3.141592654,0.,0.,1.,0.,0.,1.;                                      1305P   3296
110,8.5,1.5,7.,8.5,0.2,7.;                                          1307P   3297
126,1,1,1,0,1,0,0.,0.,1.,1.,1.,1.,1.,3.141592654,0.,1.,             1309P   3298
1.570796327,0.,0.,1.,0.,0.,1.;                                      1309P   3299
124,1.40271576953299E-14,1.,0.,8.29999999999988,                    1311P   3300
-6.12323399573677E-17,8.58915688636046E-31,1.,                      1311P   3301
-6.04999999999999,1.,-1.40271576953299E-14,                         1311P   3302
6.12323399573677E-17,-2.25;                                         1311P   3303
100,6.25,8.5,0.2,9.25,0.2,8.5,0.95;                                 1313P   3304
126,1,1,1,0,1,0,0.,0.,1.,1.,1.,1.,1.,1.570796327,0.,0.,             1315P   3305
1.570796327,0.,0.,1.,0.,0.,1.;                                      1315P   3306
110,9.25,0.2,6.25,9.25,1.5,6.25;                                    1317P   3307
102,4,1299,1305,1309,1315;                                          1319P   3308
102,4,1303,1307,1313,1317;                                          1321P   3309
142,1,1297,1319,1321,1;                                             1323P   3310
144,1297,1,0,1323;                                                  1325P   3311
128,1,1,1,1,0,0,1,0,0,0.,0.,1.,1.,0.,0.,1.,1.,1.,1.,1.,1.,-8.5,     1327P   3312
0.2,7.,8.5,0.2,7.,-8.5,1.5,7.,8.5,1.5,7.,0.,1.,0.,1.;               1327P   3313
126,1,1,1,0,1,0,0.,0.,1.,1.,1.,1.,1.,1.,0.,0.,1.,0.,0.,1.,0.,       1329P   3314
0.,1.;                                                              1329P   3315
110,8.5,1.5,7.,-8.5,1.5,7.;                                         1331P   3316
126,1,1,1,0,1,0,0.,0.,1.,1.,1.,1.,0.,1.,0.,0.,0.,0.,0.,1.,0.,       1333P   3317
0.,1.;                                                              1333P   3318
110,-8.5,1.5,7.,-8.5,0.2,7.;                                        1335P   3319
126,1,1,1,0,1,0,0.,0.,1.,1.,1.,1.,0.,0.,0.,1.,0.,0.,0.,1.,0.,       1337P   3320
0.,1.;                                                              1337P   3321
110,-8.5,0.2,7.,8.5,0.2,7.;                                         1339P   3322
126,1,1,1,0,1,0,0.,0.,1.,1.,1.,1.,1.,0.,0.,1.,1.,0.,0.,1.,0.,       1341P   3323
0.,1.;                                                              1341P   3324
110,8.5,0.2,7.,8.5,1.5,7.;                                          1343P   3325
102,4,1329,1333,1337,1341;                                          1345P   3326
102,4,1331,1335,1339,1343;                                          1347P   3327
142,1,1327,1345,1347,1;                                             1349P   3328
144,1327,1,0,1349;                                                  1351P   3329
110,-8.5,26.700215516,6.25,-8.5,-973.299784484,6.25;                1353P   3330
110,-8.5,1.5,5.5,-8.5,0.2,5.5;                                      1355P   3331
120,1353,1355,0.,6.28318530717959;                                  1357P   3332
126,1,1,1,0,1,0,0.,0.,1.,1.,1.,1.,0.,3.141592654,0.,0.,             1359P   3333
4.71238898,0.,0.,1.,0.,0.,1.;                                       1359P   3334
124,6.12323399573677E-17,-1.,0.,-6.99999999999999,                  1361P   3335
6.12323399573677E-17,3.74939945665464E-33,-1.,7.75,1.,              1361P   3336
6.12323399573677E-17,6.12323399573677E-17,14.75;                    1361P   3337
100,6.25,-8.5,1.5,-7.75,1.5,-8.5,2.25;                              1363P   3338
126,1,1,1,0,1,0,0.,0.,1.,1.,1.,1.,0.,4.71238898,0.,1.,              1365P   3339
4.71238898,0.,0.,1.,0.,0.,1.;                                       1365P   3340
110,-9.25,1.5,6.25,-9.25,0.2,6.25;                                  1367P   3341
126,1,1,1,0,1,0,0.,0.,1.,1.,1.,1.,1.,4.71238898,0.,1.,              1369P   3342
3.141592654,0.,0.,1.,0.,0.,1.;                                      1369P   3343
124,-1.,6.98296267768627E-15,0.,-17.,-4.27583144589696E-31,         1371P   3344
-6.12323399573677E-17,1.,-6.04999999999999,                         1371P   3345
6.98296267768627E-15,1.,6.12323399573677E-17,6.05000000000005;      1371P   3346
100,6.25,-8.5,0.2,-7.75,0.2,-8.5,0.95;                              1373P   3347
126,1,1,1,0,1,0,0.,0.,1.,1.,1.,1.,1.,3.141592654,0.,0.,             1375P   3348
3.141592654,0.,0.,1.,0.,0.,1.;                                      1375P   3349
110,-8.5,0.2,7.,-8.5,1.5,7.;                                        1377P   3350
102,4,1359,1365,1369,1375;                                          1379P   3351
102,4,1363,1367,1373,1377;                                          1381P   3352
142,1,1357,1379,1381,1;                                             1383P   3353
144,1357,1,0,1383;                                                  1385P   3354
128,1,1,1,1,0,0,1,0,0,0.,0.,1.,1.,0.,0.,1.,1.,1.,1.,1.,1.,          1387P   3355
-9.25,0.2,-6.25,-9.25,0.2,6.25,-9.25,1.5,-6.25,-9.25,1.5,6.25,      1387P   3356
0.,1.,0.,1.;                                                        1387P   3357
126,1,1,1,0,1,0,0.,0.,1.,1.,1.,1.,1.,1.,0.,0.,1.,0.,0.,1.,0.,       1389P   3358
0.,1.;                                                              1389P   3359
110,-9.25,1.5,6.25,-9.25,1.5,-6.25;                                 1391P   3360
126,1,1,1,0,1,0,0.,0.,1.,1.,1.,1.,0.,1.,0.,0.,0.,0.,0.,1.,0.,       1393P   3361
0.,1.;                                                              1393P   3362
110,-9.25,1.5,-6.25,-9.25,0.2,-6.25;                                1395P   3363
126,1,1,1,0,1,0,0.,0.,1.,1.,1.,1.,0.,0.,0.,1.,0.,0.,0.,1.,0.,       1397P   3364
0.,1.;                                                              1397P   3365
110,-9.25,0.2,-6.25,-9.25,0.2,6.25;                                 1399P   3366
126,1,1,1,0,1,0,0.,0.,1.,1.,1.,1.,1.,0.,0.,1.,1.,0.,0.,1.,0.,       1401P   3367
0.,1.;                                                              1401P   3368
110,-9.25,0.2,6.25,-9.25,1.5,6.25;                                  1403P   3369
102,4,1389,1393,1397,1401;                                          1405P   3370
102,4,1391,1395,1399,1403;                                          1407P   3371
142,1,1387,1405,1407,1;                                             1409P   3372
144,1387,1,0,1409;                                                  1411P   3373
110,-8.5,26.700215516,-6.25,-8.5,-973.299784484,-6.25;              1413P   3374
110,-8.5,1.5,-7.,-8.5,0.2,-7.;                                      1415P   3375
120,1413,1415,0.,6.28318530717959;                                  1417P   3376
126,1,1,1,0,1,0,0.,0.,1.,1.,1.,1.,0.,4.71238898,0.,0.,              1419P   3377
6.283185307,0.,0.,1.,0.,0.,1.;                                      1419P   3378
124,-1.,1.40883900352873E-14,0.,-17.,-8.62665088092701E-31,         1421P   3379
-6.12323399573677E-17,-1.,-4.75,-1.40883900352873E-14,-1.,          1421P   3380
6.12323399573677E-17,-4.75000000000012;                             1421P   3381
100,-6.25,-8.5,1.5,-7.75,1.5,-8.5,2.25;                             1423P   3382
126,1,1,1,0,1,0,0.,0.,1.,1.,1.,1.,0.,6.283185307,0.,1.,             1425P   3383
6.283185307,0.,0.,1.,0.,0.,1.;                                      1425P   3384
110,-8.5,1.5,-7.,-8.5,0.2,-7.;                                      1427P   3385
126,1,1,1,0,1,0,0.,0.,1.,1.,1.,1.,1.,6.283185307,0.,1.,             1429P   3386
4.71238898,0.,0.,1.,0.,0.,1.;                                       1429P   3387
124,6.12323399573677E-17,-1.,0.,-8.29999999999999,                  1431P   3388
6.12323399573677E-17,3.74939945665464E-33,1.,6.45000000000001,      1431P   3389
-1.,-6.12323399573677E-17,6.12323399573677E-17,-14.75;              1431P   3390
100,-6.25,-8.5,0.2,-7.75,0.2,-8.5,0.95;                             1433P   3391
126,1,1,1,0,1,0,0.,0.,1.,1.,1.,1.,1.,4.71238898,0.,0.,              1435P   3392
4.71238898,0.,0.,1.,0.,0.,1.;                                       1435P   3393
110,-9.25,0.2,-6.25,-9.25,1.5,-6.25;                                1437P   3394
102,4,1419,1425,1429,1435;                                          1439P   3395
102,4,1423,1427,1433,1437;                                          1441P   3396
142,1,1417,1439,1441,1;                                             1443P   3397
144,1417,1,0,1443;                                                  1445P   3398
128,1,1,1,1,0,0,1,0,0,0.,0.,1.,1.,0.,0.,1.,1.,1.,1.,1.,1.,8.5,      1447P   3399
0.2,7.,-8.5,0.2,7.,8.5,0.,7.2,-8.5,0.,7.2,0.,1.,0.,1.;              1447P   3400
126,1,1,1,0,1,0,0.,0.,1.,1.,1.,1.,0.,0.,0.,1.,0.,0.,0.,1.,0.,       1449P   3401
0.,1.;                                                              1449P   3402
110,8.5,0.2,7.,-8.5,0.2,7.;                                         1451P   3403
126,1,1,1,0,1,0,0.,0.,1.,1.,1.,1.,1.,0.,0.,1.,1.,0.,0.,1.,0.,       1453P   3404
0.,1.;                                                              1453P   3405
110,-8.5,0.2,7.,-8.5,0.,7.2;                                        1455P   3406
126,1,1,1,0,1,0,0.,0.,1.,1.,1.,1.,1.,1.,0.,0.,1.,0.,0.,1.,0.,       1457P   3407
0.,1.;                                                              1457P   3408
110,-8.5,0.,7.2,8.5,0.,7.2;                                         1459P   3409
126,1,1,1,0,1,0,0.,0.,1.,1.,1.,1.,0.,1.,0.,0.,0.,0.,0.,1.,0.,       1461P   3410
0.,1.;                                                              1461P   3411
110,8.5,0.,7.2,8.5,0.2,7.;                                          1463P   3412
102,4,1449,1453,1457,1461;                                          1465P   3413
102,4,1451,1455,1459,1463;                                          1467P   3414
142,1,1447,1465,1467,1;                                             1469P   3415
144,1447,1,0,1469;                                                  1471P   3416
110,-8.5,1000.2,6.25,-8.5,0.2,6.25;                                 1473P   3417
110,-8.5,0.2,5.5,-8.5,0.,5.3;                                       1475P   3418
120,1473,1475,0.,6.28318530717959;                                  1477P   3419
126,1,1,1,0,1,0,0.,0.,1.,1.,1.,1.,0.,3.141592654,0.,0.,             1479P   3420
4.71238898,0.,0.,1.,0.,0.,1.;                                       1479P   3421
124,6.12323399573677E-17,-1.,0.,-8.29999999999999,                  1481P   3422
6.12323399573677E-17,3.74939945665464E-33,-1.,6.45000000000001,     1481P   3423
1.,6.12323399573677E-17,6.12323399573677E-17,14.75;                 1481P   3424
100,6.25,-8.5,0.2,-7.75,0.2,-8.5,0.95;                              1483P   3425
126,1,1,1,0,1,0,0.,0.,1.,1.,1.,1.,0.,4.71238898,0.,1.,              1485P   3426
4.71238898,0.,0.,1.,0.,0.,1.;                                       1485P   3427
110,-9.25,0.2,6.25,-9.45,0.,6.25;                                   1487P   3428
126,1,1,1,0,1,0,0.,0.,1.,1.,1.,1.,1.,4.71238898,0.,1.,              1489P   3429
3.141592654,0.,0.,1.,0.,0.,1.;                                      1489P   3430
124,-1.,6.98296267768627E-15,0.,-17.,-4.27583144589696E-31,         1491P   3431
-6.12323399573677E-17,1.,-6.25,6.98296267768627E-15,1.,             1491P   3432
6.12323399573677E-17,6.25000000000006;                              1491P   3433
100,6.25,-8.5,0.,-7.55,0.,-8.5,0.95;                                1493P   3434
126,1,1,1,0,1,0,0.,0.,1.,1.,1.,1.,1.,3.141592654,0.,0.,             1495P   3435
3.141592654,0.,0.,1.,0.,0.,1.;                                      1495P   3436
110,-8.5,0.,7.2,-8.5,0.2,7.;                                        1497P   3437
102,4,1479,1485,1489,1495;                                          1499P   3438
102,4,1483,1487,1493,1497;                                          1501P   3439
142,1,1477,1499,1501,1;                                             1503P   3440
144,1477,1,0,1503;                                                  1505P   3441
110,8.5,1000.2,6.25,8.5,0.2,6.25;                                   1507P   3442
110,8.5,0.2,5.5,8.5,0.,5.3;                                         1509P   3443
120,1507,1509,0.,6.28318530717959;                                  1511P   3444
126,1,1,1,0,1,0,0.,0.,1.,1.,1.,1.,1.,3.141592654,0.,1.,             1513P   3445
1.570796327,0.,0.,1.,0.,0.,1.;                                      1513P   3446
124,1.40271576953299E-14,1.,0.,8.49999999999989,                    1515P   3447
-6.12323399573677E-17,8.58915688636046E-31,1.,-6.25,1.,             1515P   3448
-1.40271576953299E-14,6.12323399573677E-17,-2.25000000000001;       1515P   3449
100,6.25,8.5,0.,9.45,0.,8.5,0.95;                                   1517P   3450
126,1,1,1,0,1,0,0.,0.,1.,1.,1.,1.,1.,1.570796327,0.,0.,             1519P   3451
1.570796327,0.,0.,1.,0.,0.,1.;                                      1519P   3452
110,9.45,0.,6.25,9.25,0.2,6.25;                                     1521P   3453
126,1,1,1,0,1,0,0.,0.,1.,1.,1.,1.,0.,1.570796327,0.,0.,             1523P   3454
3.141592654,0.,0.,1.,0.,0.,1.;                                      1523P   3455
124,1.,0.,0.,0.,0.,6.12323399573677E-17,-1.,6.45000000000001,       1525P   3456
0.,1.,6.12323399573677E-17,6.04999999999999;                        1525P   3457
100,6.25,8.5,0.2,9.25,0.2,8.5,0.95;                                 1527P   3458
126,1,1,1,0,1,0,0.,0.,1.,1.,1.,1.,0.,3.141592654,0.,1.,             1529P   3459
3.141592654,0.,0.,1.,0.,0.,1.;                                      1529P   3460
110,8.5,0.2,7.,8.5,0.,7.2;                                          1531P   3461
102,4,1513,1519,1523,1529;                                          1533P   3462
102,4,1517,1521,1527,1531;                                          1535P   3463
142,1,1511,1533,1535,1;                                             1537P   3464
144,1511,1,0,1537;                                                  1539P   3465
128,1,1,1,1,0,0,1,0,0,0.,0.,1.,1.,0.,0.,1.,1.,1.,1.,1.,1.,          1541P   3466
-9.25,0.2,6.25,-9.25,0.2,-6.25,-9.45,0.,6.25,-9.45,0.,-6.25,0.,     1541P   3467
1.,0.,1.;                                                           1541P   3468
126,1,1,1,0,1,0,0.,0.,1.,1.,1.,1.,0.,0.,0.,1.,0.,0.,0.,1.,0.,       1543P   3469
0.,1.;                                                              1543P   3470
110,-9.25,0.2,6.25,-9.25,0.2,-6.25;                                 1545P   3471
126,1,1,1,0,1,0,0.,0.,1.,1.,1.,1.,1.,0.,0.,1.,1.,0.,0.,1.,0.,       1547P   3472
0.,1.;                                                              1547P   3473
110,-9.25,0.2,-6.25,-9.45,0.,-6.25;                                 1549P   3474
126,1,1,1,0,1,0,0.,0.,1.,1.,1.,1.,1.,1.,0.,0.,1.,0.,0.,1.,0.,       1551P   3475
0.,1.;                                                              1551P   3476
110,-9.45,0.,-6.25,-9.45,0.,6.25;                                   1553P   3477
126,1,1,1,0,1,0,0.,0.,1.,1.,1.,1.,0.,1.,0.,0.,0.,0.,0.,1.,0.,       1555P   3478
0.,1.;                                                              1555P   3479
110,-9.45,0.,6.25,-9.25,0.2,6.25;                                   1557P   3480
102,4,1543,1547,1551,1555;                                          1559P   3481
102,4,1545,1549,1553,1557;                                          1561P   3482
142,1,1541,1559,1561,1;                                             1563P   3483
144,1541,1,0,1563;                                                  1565P   3484
128,1,1,1,1,0,0,1,0,0,0.,0.,1.,1.,0.,0.,1.,1.,1.,1.,1.,1.,9.25,     1567P   3485
0.2,-6.25,9.25,0.2,6.25,9.45,0.,-6.25,9.45,0.,6.25,0.,1.,0.,1.;     1567P   3486
126,1,1,1,0,1,0,0.,0.,1.,1.,1.,1.,1.,1.,0.,0.,1.,0.,0.,1.,0.,       1569P   3487
0.,1.;                                                              1569P   3488
110,9.45,0.,6.25,9.45,0.,-6.25;                                     1571P   3489
126,1,1,1,0,1,0,0.,0.,1.,1.,1.,1.,0.,1.,0.,0.,0.,0.,0.,1.,0.,       1573P   3490
0.,1.;                                                              1573P   3491
110,9.45,0.,-6.25,9.25,0.2,-6.25;                                   1575P   3492
126,1,1,1,0,1,0,0.,0.,1.,1.,1.,1.,0.,0.,0.,1.,0.,0.,0.,1.,0.,       1577P   3493
0.,1.;                                                              1577P   3494
110,9.25,0.2,-6.25,9.25,0.2,6.25;                                   1579P   3495
126,1,1,1,0,1,0,0.,0.,1.,1.,1.,1.,1.,0.,0.,1.,1.,0.,0.,1.,0.,       1581P   3496
0.,1.;                                                              1581P   3497
110,9.25,0.2,6.25,9.45,0.,6.25;                                     1583P   3498
102,4,1569,1573,1577,1581;                                          1585P   3499
102,4,1571,1575,1579,1583;                                          1587P   3500
142,1,1567,1585,1587,1;                                             1589P   3501
144,1567,1,0,1589;                                                  1591P   3502
110,-8.5,1000.2,-6.25,-8.5,0.2,-6.25;                               1593P   3503
110,-8.5,0.2,-7.,-8.5,0.,-7.2;                                      1595P   3504
120,1593,1595,0.,6.28318530717959;                                  1597P   3505
126,1,1,1,0,1,0,0.,0.,1.,1.,1.,1.,0.,4.71238898,0.,0.,              1599P   3506
6.283185307,0.,0.,1.,0.,0.,1.;                                      1599P   3507
124,-1.,1.40883900352873E-14,0.,-17.,-8.62665088092701E-31,         1601P   3508
-6.12323399573677E-17,-1.,-6.05,-1.40883900352873E-14,-1.,          1601P   3509
6.12323399573677E-17,-6.05000000000012;                             1601P   3510
100,-6.25,-8.5,0.2,-7.75,0.2,-8.5,0.95;                             1603P   3511
126,1,1,1,0,1,0,0.,0.,1.,1.,1.,1.,0.,6.283185307,0.,1.,             1605P   3512
6.283185307,0.,0.,1.,0.,0.,1.;                                      1605P   3513
110,-8.5,0.2,-7.,-8.5,0.,-7.2;                                      1607P   3514
126,1,1,1,0,1,0,0.,0.,1.,1.,1.,1.,1.,6.283185307,0.,1.,             1609P   3515
4.71238898,0.,0.,1.,0.,0.,1.;                                       1609P   3516
124,6.12323399573677E-17,-1.,0.,-8.49999999999999,                  1611P   3517
6.12323399573677E-17,3.74939945665464E-33,1.,6.25,-1.,              1611P   3518
-6.12323399573677E-17,6.12323399573677E-17,-14.75;                  1611P   3519
100,-6.25,-8.5,0.,-7.55,0.,-8.5,0.95;                               1613P   3520
126,1,1,1,0,1,0,0.,0.,1.,1.,1.,1.,1.,4.71238898,0.,0.,              1615P   3521
4.71238898,0.,0.,1.,0.,0.,1.;                                       1615P   3522
110,-9.45,0.,-6.25,-9.25,0.2,-6.25;                                 1617P   3523
102,4,1599,1605,1609,1615;                                          1619P   3524
102,4,1603,1607,1613,1617;                                          1621P   3525
142,1,1597,1619,1621,1;                                             1623P   3526
144,1597,1,0,1623;                                                  1625P   3527
110,8.5,1000.2,-6.25,8.5,0.2,-6.25;                                 1627P   3528
110,8.5,0.2,-7.,8.5,0.,-7.2;                                        1629P   3529
120,1627,1629,0.,6.28318530717959;                                  1631P   3530
126,1,1,1,0,1,0,0.,0.,1.,1.,1.,1.,1.,1.570796327,0.,1.,0.,0.,       1633P   3531
0.,1.,0.,0.,1.;                                                     1633P   3532
124,1.,0.,0.,0.,0.,6.12323399573677E-17,1.,6.25,0.,-1.,             1635P   3533
6.12323399573677E-17,-6.25;                                         1635P   3534
100,-6.25,8.5,0.,9.45,0.,8.5,0.95;                                  1637P   3535
126,1,1,1,0,1,0,0.,0.,1.,1.,1.,1.,1.,0.,0.,0.,0.,0.,0.,1.,0.,       1639P   3536
0.,1.;                                                              1639P   3537
110,8.5,0.,-7.2,8.5,0.2,-7.;                                        1641P   3538
126,1,1,1,0,1,0,0.,0.,1.,1.,1.,1.,0.,0.,0.,0.,1.570796327,0.,       1643P   3539
0.,1.,0.,0.,1.;                                                     1643P   3540
124,1.40271576953299E-14,1.,0.,8.29999999999988,                    1645P   3541
-6.12323399573677E-17,8.58915688636046E-31,-1.,-6.05,-1.,           1645P   3542
1.40271576953299E-14,6.12323399573677E-17,2.25;                     1645P   3543
100,-6.25,8.5,0.2,9.25,0.2,8.5,0.95;                                1647P   3544
126,1,1,1,0,1,0,0.,0.,1.,1.,1.,1.,0.,1.570796327,0.,1.,             1649P   3545
1.570796327,0.,0.,1.,0.,0.,1.;                                      1649P   3546
110,9.25,0.2,-6.25,9.45,0.,-6.25;                                   1651P   3547
102,4,1633,1639,1643,1649;                                          1653P   3548
102,4,1637,1641,1647,1651;                                          1655P   3549
142,1,1631,1653,1655,1;                                             1657P   3550
144,1631,1,0,1657;                                                  1659P   3551
128,1,1,1,1,0,0,1,0,0,0.,0.,1.,1.,0.,0.,1.,1.,1.,1.,1.,1.,-8.5,     1661P   3552
0.2,-7.,8.5,0.2,-7.,-8.5,0.,-7.2,8.5,0.,-7.2,0.,1.,0.,1.;           1661P   3553
126,1,1,1,0,1,0,0.,0.,1.,1.,1.,1.,0.,0.,0.,1.,0.,0.,0.,1.,0.,       1663P   3554
0.,1.;                                                              1663P   3555
110,-8.5,0.2,-7.,8.5,0.2,-7.;                                       1665P   3556
126,1,1,1,0,1,0,0.,0.,1.,1.,1.,1.,1.,0.,0.,1.,1.,0.,0.,1.,0.,       1667P   3557
0.,1.;                                                              1667P   3558
110,8.5,0.2,-7.,8.5,0.,-7.2;                                        1669P   3559
126,1,1,1,0,1,0,0.,0.,1.,1.,1.,1.,1.,1.,0.,0.,1.,0.,0.,1.,0.,       1671P   3560
0.,1.;                                                              1671P   3561
110,8.5,0.,-7.2,-8.5,0.,-7.2;                                       1673P   3562
126,1,1,1,0,1,0,0.,0.,1.,1.,1.,1.,0.,1.,0.,0.,0.,0.,0.,1.,0.,       1675P   3563
0.,1.;                                                              1675P   3564
110,-8.5,0.,-7.2,-8.5,0.2,-7.;                                      1677P   3565
102,4,1663,1667,1671,1675;                                          1679P   3566
102,4,1665,1669,1673,1677;                                          1681P   3567
142,1,1661,1679,1681,1;                                             1683P   3568
144,1661,1,0,1683;                                                  1685P   3569
128,1,1,1,1,0,0,1,0,0,0.,0.,1.,1.,0.,0.,1.,1.,1.,1.,1.,1.,          1687P   3570
-3.675,1.5,-1.7204,-3.456278341,-1.,-1.7204,-3.675,1.5,1.7204,      1687P   3571
-3.456278341,-1.,1.7204,0.,1.,0.,1.;                                1687P   3572
126,1,1,1,0,1,0,0.,0.,1.,1.,1.,1.,0.,0.994071146,0.,0.,             1689P   3573
0.005928854,0.,0.,1.,0.,0.,1.;                                      1689P   3574
110,-3.675,1.5,1.7,-3.675,1.5,-1.7;                                 1691P   3575
126,1,1,1,0,1,0,0.,0.,1.,1.,1.,1.,0.,0.005928854,0.,1.,             1693P   3576
0.069495948,0.,0.,1.,0.,0.,1.;                                      1693P   3577
110,-3.675,1.5,-1.7,-3.456278341,-1.,-1.481278341;                  1695P   3578
126,1,1,1,0,1,0,0.,0.,1.,1.,1.,1.,1.,0.069495948,0.,1.,             1697P   3579
0.930504052,0.,0.,1.,0.,0.,1.;                                      1697P   3580
110,-3.456278341,-1.,-1.481278341,-3.456278341,-1.,1.481278341;     1699P   3581
126,1,1,1,0,1,0,0.,0.,1.,1.,1.,1.,1.,0.930504052,0.,0.,             1701P   3582
0.994071146,0.,0.,1.,0.,0.,1.;                                      1701P   3583
110,-3.456278341,-1.,1.481278341,-3.675,1.5,1.7;                    1703P   3584
102,4,1689,1693,1697,1701;                                          1705P   3585
102,4,1691,1695,1699,1703;                                          1707P   3586
142,1,1687,1705,1707,1;                                             1709P   3587
144,1687,1,0,1709;                                                  1711P   3588
128,1,1,1,1,0,0,1,0,0,0.,0.,1.,1.,0.,0.,1.,1.,1.,1.,1.,1.,          1713P   3589
-3.6849,-1.,-1.481278341,-3.6849,1.5,-1.7,-2.0151,-1.,              1713P   3590
-1.481278341,-2.0151,1.5,-1.7,0.,1.,0.,1.;                          1713P   3591
126,1,1,1,0,1,0,0.,0.,1.,1.,1.,1.,1.,0.005928854,0.,1.,             1715P   3592
0.994071146,0.,0.,1.,0.,0.,1.;                                      1715P   3593
110,-3.675,1.5,-1.7,-2.025,1.5,-1.7;                                1717P   3594
126,1,1,1,0,1,0,0.,0.,1.,1.,1.,1.,1.,0.994071146,0.,0.,             1719P   3595
0.863084406,0.,0.,1.,0.,0.,1.;                                      1719P   3596
110,-2.025,1.5,-1.7,-2.243721659,-1.,-1.481278341;                  1721P   3597
126,1,1,1,0,1,0,0.,0.,1.,1.,1.,1.,0.,0.863084406,0.,0.,             1723P   3598
0.136915594,0.,0.,1.,0.,0.,1.;                                      1723P   3599
110,-2.243721659,-1.,-1.481278341,-3.456278341,-1.,                 1725P   3600
-1.481278341;                                                       1725P   3601
126,1,1,1,0,1,0,0.,0.,1.,1.,1.,1.,0.,0.136915594,0.,1.,             1727P   3602
0.005928854,0.,0.,1.,0.,0.,1.;                                      1727P   3603
110,-3.456278341,-1.,-1.481278341,-3.675,1.5,-1.7;                  1729P   3604
102,4,1715,1719,1723,1727;                                          1731P   3605
102,4,1717,1721,1725,1729;                                          1733P   3606
142,1,1713,1731,1733,1;                                             1735P   3607
144,1713,1,0,1735;                                                  1737P   3608
128,1,1,1,1,0,0,1,0,0,0.,0.,1.,1.,0.,0.,1.,1.,1.,1.,1.,1.,          1739P   3609
-2.243721659,-1.,-1.7204,-2.025,1.5,-1.7204,-2.243721659,-1.,       1739P   3610
1.7204,-2.025,1.5,1.7204,0.,1.,0.,1.;                               1739P   3611
126,1,1,1,0,1,0,0.,0.,1.,1.,1.,1.,1.,0.005928854,0.,1.,             1741P   3612
0.994071146,0.,0.,1.,0.,0.,1.;                                      1741P   3613
110,-2.025,1.5,-1.7,-2.025,1.5,1.7;                                 1743P   3614
126,1,1,1,0,1,0,0.,0.,1.,1.,1.,1.,1.,0.994071146,0.,0.,             1745P   3615
0.930504052,0.,0.,1.,0.,0.,1.;                                      1745P   3616
110,-2.025,1.5,1.7,-2.243721659,-1.,1.481278341;                    1747P   3617
126,1,1,1,0,1,0,0.,0.,1.,1.,1.,1.,0.,0.930504052,0.,0.,             1749P   3618
0.069495948,0.,0.,1.,0.,0.,1.;                                      1749P   3619
110,-2.243721659,-1.,1.481278341,-2.243721659,-1.,-1.481278341;     1751P   3620
126,1,1,1,0,1,0,0.,0.,1.,1.,1.,1.,0.,0.069495948,0.,1.,             1753P   3621
0.005928854,0.,0.,1.,0.,0.,1.;                                      1753P   3622
110,-2.243721659,-1.,-1.481278341,-2.025,1.5,-1.7;                  1755P   3623
102,4,1741,1745,1749,1753;                                          1757P   3624
102,4,1743,1747,1751,1755;                                          1759P   3625
142,1,1739,1757,1759,1;                                             1761P   3626
144,1739,1,0,1761;                                                  1763P   3627
128,1,1,1,1,0,0,1,0,0,0.,0.,1.,1.,0.,0.,1.,1.,1.,1.,1.,1.,          1765P   3628
-3.6849,1.5,1.7,-3.6849,-1.,1.481278341,-2.0151,1.5,1.7,            1765P   3629
-2.0151,-1.,1.481278341,0.,1.,0.,1.;                                1765P   3630
126,1,1,1,0,1,0,0.,0.,1.,1.,1.,1.,0.,0.994071146,0.,0.,             1767P   3631
0.005928854,0.,0.,1.,0.,0.,1.;                                      1767P   3632
110,-2.025,1.5,1.7,-3.675,1.5,1.7;                                  1769P   3633
126,1,1,1,0,1,0,0.,0.,1.,1.,1.,1.,0.,0.005928854,0.,1.,             1771P   3634
0.136915594,0.,0.,1.,0.,0.,1.;                                      1771P   3635
110,-3.675,1.5,1.7,-3.456278341,-1.,1.481278341;                    1773P   3636
126,1,1,1,0,1,0,0.,0.,1.,1.,1.,1.,1.,0.136915594,0.,1.,             1775P   3637
0.863084406,0.,0.,1.,0.,0.,1.;                                      1775P   3638
110,-3.456278341,-1.,1.481278341,-2.243721659,-1.,1.481278341;      1777P   3639
126,1,1,1,0,1,0,0.,0.,1.,1.,1.,1.,1.,0.863084406,0.,0.,             1779P   3640
0.994071146,0.,0.,1.,0.,0.,1.;                                      1779P   3641
110,-2.243721659,-1.,1.481278341,-2.025,1.5,1.7;                    1781P   3642
102,4,1767,1771,1775,1779;                                          1783P   3643
102,4,1769,1773,1777,1781;                                          1785P   3644
142,1,1765,1783,1785,1;                                             1787P   3645
144,1765,1,0,1787;                                                  1789P   3646
128,1,1,1,1,0,0,1,0,0,0.,0.,1.,1.,0.,0.,1.,1.,1.,1.,1.,1.,          1791P   3647
-3.456278341,-1.,1.481278341,-3.456278341,-1.,-1.481278341,         1791P   3648
-2.243721659,-1.,1.481278341,-2.243721659,-1.,-1.481278341,0.,      1791P   3649
1.,0.,1.;                                                           1791P   3650
126,1,1,1,0,1,0,0.,0.,1.,1.,1.,1.,0.,0.,0.,1.,0.,0.,0.,1.,0.,       1793P   3651
0.,1.;                                                              1793P   3652
110,-3.456278341,-1.,1.481278341,-3.456278341,-1.,-1.481278341;     1795P   3653
126,1,1,1,0,1,0,0.,0.,1.,1.,1.,1.,1.,0.,0.,1.,1.,0.,0.,1.,0.,       1797P   3654
0.,1.;                                                              1797P   3655
110,-3.456278341,-1.,-1.481278341,-2.243721659,-1.,                 1799P   3656
-1.481278341;                                                       1799P   3657
126,1,1,1,0,1,0,0.,0.,1.,1.,1.,1.,1.,1.,0.,0.,1.,0.,0.,1.,0.,       1801P   3658
0.,1.;                                                              1801P   3659
110,-2.243721659,-1.,-1.481278341,-2.243721659,-1.,1.481278341;     1803P   3660
126,1,1,1,0,1,0,0.,0.,1.,1.,1.,1.,0.,1.,0.,0.,0.,0.,0.,1.,0.,       1805P   3661
0.,1.;                                                              1805P   3662
110,-2.243721659,-1.,1.481278341,-3.456278341,-1.,1.481278341;      1807P   3663
102,4,1793,1797,1801,1805;                                          1809P   3664
102,4,1795,1799,1803,1807;                                          1811P   3665
142,1,1791,1809,1811,1;                                             1813P   3666
144,1791,1,0,1813;                                                  1815P   3667
128,1,1,1,1,0,0,1,0,0,0.,0.,1.,1.,0.,0.,1.,1.,1.,1.,1.,1.,          1817P   3668
2.025,1.5,-1.7204,2.243721659,-1.,-1.7204,2.025,1.5,1.7204,         1817P   3669
2.243721659,-1.,1.7204,0.,1.,0.,1.;                                 1817P   3670
126,1,1,1,0,1,0,0.,0.,1.,1.,1.,1.,0.,0.994071146,0.,0.,             1819P   3671
0.005928854,0.,0.,1.,0.,0.,1.;                                      1819P   3672
110,2.025,1.5,1.7,2.025,1.5,-1.7;                                   1821P   3673
126,1,1,1,0,1,0,0.,0.,1.,1.,1.,1.,0.,0.005928854,0.,1.,             1823P   3674
0.069495948,0.,0.,1.,0.,0.,1.;                                      1823P   3675
110,2.025,1.5,-1.7,2.243721659,-1.,-1.481278341;                    1825P   3676
126,1,1,1,0,1,0,0.,0.,1.,1.,1.,1.,1.,0.069495948,0.,1.,             1827P   3677
0.930504052,0.,0.,1.,0.,0.,1.;                                      1827P   3678
110,2.243721659,-1.,-1.481278341,2.243721659,-1.,1.481278341;       1829P   3679
126,1,1,1,0,1,0,0.,0.,1.,1.,1.,1.,1.,0.930504052,0.,0.,             1831P   3680
0.994071146,0.,0.,1.,0.,0.,1.;                                      1831P   3681
110,2.243721659,-1.,1.481278341,2.025,1.5,1.7;                      1833P   3682
102,4,1819,1823,1827,1831;                                          1835P   3683
102,4,1821,1825,1829,1833;                                          1837P   3684
142,1,1817,1835,1837,1;                                             1839P   3685
144,1817,1,0,1839;                                                  1841P   3686
128,1,1,1,1,0,0,1,0,0,0.,0.,1.,1.,0.,0.,1.,1.,1.,1.,1.,1.,          1843P   3687
2.0151,-1.,-1.481278341,2.0151,1.5,-1.7,3.6849,-1.,                 1843P   3688
-1.481278341,3.6849,1.5,-1.7,0.,1.,0.,1.;                           1843P   3689
126,1,1,1,0,1,0,0.,0.,1.,1.,1.,1.,1.,0.005928854,0.,1.,             1845P   3690
0.994071146,0.,0.,1.,0.,0.,1.;                                      1845P   3691
110,2.025,1.5,-1.7,3.675,1.5,-1.7;                                  1847P   3692
126,1,1,1,0,1,0,0.,0.,1.,1.,1.,1.,1.,0.994071146,0.,0.,             1849P   3693
0.863084406,0.,0.,1.,0.,0.,1.;                                      1849P   3694
110,3.675,1.5,-1.7,3.456278341,-1.,-1.481278341;                    1851P   3695
126,1,1,1,0,1,0,0.,0.,1.,1.,1.,1.,0.,0.863084406,0.,0.,             1853P   3696
0.136915594,0.,0.,1.,0.,0.,1.;                                      1853P   3697
110,3.456278341,-1.,-1.481278341,2.243721659,-1.,-1.481278341;      1855P   3698
126,1,1,1,0,1,0,0.,0.,1.,1.,1.,1.,0.,0.136915594,0.,1.,             1857P   3699
0.005928854,0.,0.,1.,0.,0.,1.;                                      1857P   3700
110,2.243721659,-1.,-1.481278341,2.025,1.5,-1.7;                    1859P   3701
102,4,1845,1849,1853,1857;                                          1861P   3702
102,4,1847,1851,1855,1859;                                          1863P   3703
142,1,1843,1861,1863,1;                                             1865P   3704
144,1843,1,0,1865;                                                  1867P   3705
128,1,1,1,1,0,0,1,0,0,0.,0.,1.,1.,0.,0.,1.,1.,1.,1.,1.,1.,          1869P   3706
3.456278341,-1.,-1.7204,3.675,1.5,-1.7204,3.456278341,-1.,          1869P   3707
1.7204,3.675,1.5,1.7204,0.,1.,0.,1.;                                1869P   3708
126,1,1,1,0,1,0,0.,0.,1.,1.,1.,1.,1.,0.005928854,0.,1.,             1871P   3709
0.994071146,0.,0.,1.,0.,0.,1.;                                      1871P   3710
110,3.675,1.5,-1.7,3.675,1.5,1.7;                                   1873P   3711
126,1,1,1,0,1,0,0.,0.,1.,1.,1.,1.,1.,0.994071146,0.,0.,             1875P   3712
0.930504052,0.,0.,1.,0.,0.,1.;                                      1875P   3713
110,3.675,1.5,1.7,3.456278341,-1.,1.481278341;                      1877P   3714
126,1,1,1,0,1,0,0.,0.,1.,1.,1.,1.,0.,0.930504052,0.,0.,             1879P   3715
0.069495948,0.,0.,1.,0.,0.,1.;                                      1879P   3716
110,3.456278341,-1.,1.481278341,3.456278341,-1.,-1.481278341;       1881P   3717
126,1,1,1,0,1,0,0.,0.,1.,1.,1.,1.,0.,0.069495948,0.,1.,             1883P   3718
0.005928854,0.,0.,1.,0.,0.,1.;                                      1883P   3719
110,3.456278341,-1.,-1.481278341,3.675,1.5,-1.7;                    1885P   3720
102,4,1871,1875,1879,1883;                                          1887P   3721
102,4,1873,1877,1881,1885;                                          1889P   3722
142,1,1869,1887,1889,1;                                             1891P   3723
144,1869,1,0,1891;                                                  1893P   3724
128,1,1,1,1,0,0,1,0,0,0.,0.,1.,1.,0.,0.,1.,1.,1.,1.,1.,1.,          1895P   3725
2.0151,1.5,1.7,2.0151,-1.,1.481278341,3.6849,1.5,1.7,3.6849,        1895P   3726
-1.,1.481278341,0.,1.,0.,1.;                                        1895P   3727
126,1,1,1,0,1,0,0.,0.,1.,1.,1.,1.,0.,0.994071146,0.,0.,             1897P   3728
0.005928854,0.,0.,1.,0.,0.,1.;                                      1897P   3729
110,3.675,1.5,1.7,2.025,1.5,1.7;                                    1899P   3730
126,1,1,1,0,1,0,0.,0.,1.,1.,1.,1.,0.,0.005928854,0.,1.,             1901P   3731
0.136915594,0.,0.,1.,0.,0.,1.;                                      1901P   3732
110,2.025,1.5,1.7,2.243721659,-1.,1.481278341;                      1903P   3733
126,1,1,1,0,1,0,0.,0.,1.,1.,1.,1.,1.,0.136915594,0.,1.,             1905P   3734
0.863084406,0.,0.,1.,0.,0.,1.;                                      1905P   3735
110,2.243721659,-1.,1.481278341,3.456278341,-1.,1.481278341;        1907P   3736
126,1,1,1,0,1,0,0.,0.,1.,1.,1.,1.,1.,0.863084406,0.,0.,             1909P   3737
0.994071146,0.,0.,1.,0.,0.,1.;                                      1909P   3738
110,3.456278341,-1.,1.481278341,3.675,1.5,1.7;                      1911P   3739
102,4,1897,1901,1905,1909;                                          1913P   3740
102,4,1899,1903,1907,1911;                                          1915P   3741
142,1,1895,1913,1915,1;                                             1917P   3742
144,1895,1,0,1917;                                                  1919P   3743
128,1,1,1,1,0,0,1,0,0,0.,0.,1.,1.,0.,0.,1.,1.,1.,1.,1.,1.,          1921P   3744
2.243721659,-1.,1.481278341,2.243721659,-1.,-1.481278341,           1921P   3745
3.456278341,-1.,1.481278341,3.456278341,-1.,-1.481278341,0.,1.,     1921P   3746
0.,1.;                                                              1921P   3747
126,1,1,1,0,1,0,0.,0.,1.,1.,1.,1.,0.,0.,0.,1.,0.,0.,0.,1.,0.,       1923P   3748
0.,1.;                                                              1923P   3749
110,2.243721659,-1.,1.481278341,2.243721659,-1.,-1.481278341;       1925P   3750
126,1,1,1,0,1,0,0.,0.,1.,1.,1.,1.,1.,0.,0.,1.,1.,0.,0.,1.,0.,       1927P   3751
0.,1.;                                                              1927P   3752
110,2.243721659,-1.,-1.481278341,3.456278341,-1.,-1.481278341;      1929P   3753
126,1,1,1,0,1,0,0.,0.,1.,1.,1.,1.,1.,1.,0.,0.,1.,0.,0.,1.,0.,       1931P   3754
0.,1.;                                                              1931P   3755
110,3.456278341,-1.,-1.481278341,3.456278341,-1.,1.481278341;       1933P   3756
126,1,1,1,0,1,0,0.,0.,1.,1.,1.,1.,0.,1.,0.,0.,0.,0.,0.,1.,0.,       1935P   3757
0.,1.;                                                              1935P   3758
110,3.456278341,-1.,1.481278341,2.243721659,-1.,1.481278341;        1937P   3759
102,4,1923,1927,1931,1935;                                          1939P   3760
102,4,1925,1929,1933,1937;                                          1941P   3761
142,1,1921,1939,1941,1;                                             1943P   3762
144,1921,1,0,1943;                                                  1945P   3763
S      1G      4D   1946P   3763                                        T      1
