SolidWorks IGES file using analytic representation for surfaces         S      1
1H,,1H;,22HKailh LP Keycap.SLDPRT,38HG:\byScottua\Keyboards\Kailh\1.5x1.G      1
IGS,15HSolidWorks 2018,15HSolidWorks 2018,32,308,15,308,15,22HKailh LP KG      2
eycap.SLDPRT,1.,2,2HMM,50,0.125,13H200324.122139,1E-08,499990.,6HPHFHXE,G      3
,11,0,13H200324.122139;                                                 G      4
     314       1       0       0       0                        00000200D      1
     314       0       8       1       0                               0D      2
     128       2       0       0       0                        01010000D      3
     128       0       0      73       0                               0D      4
     126      75       0       0       0                        01010500D      5
     126       0       0       2       0                               0D      6
     126      77       0       0       0                        01010000D      7
     126       0       0       4       0                               0D      8
     126      81       0       0       0                        01010500D      9
     126       0       0       3       0                               0D     10
     126      84       0       0       0                        01010000D     11
     126       0       0      13       0                               0D     12
     126      97       0       0       0                        01010500D     13
     126       0       0       3       0                               0D     14
     126     100       0       0       0                        01010000D     15
     126       0       0       9       0                               0D     16
     126     109       0       0       0                        01010500D     17
     126       0       0      12       0                               0D     18
     126     121       0       0       0                        01010000D     19
     126       0       0      27       0                               0D     20
     126     148       0       0       0                        01010500D     21
     126       0       0       3       0                               0D     22
     126     151       0       0       0                        01010000D     23
     126       0       0       9       0                               0D     24
     126     160       0       0       0                        01010500D     25
     126       0       0      13       0                               0D     26
     126     173       0       0       0                        01010000D     27
     126       0       0      21       0                               0D     28
     126     194       0       0       0                        01010500D     29
     126       0       0       8       0                               0D     30
     126     202       0       0       0                        01010000D     31
     126       0       0       9       0                               0D     32
     126     211       0       0       0                        01010500D     33
     126       0       0      13       0                               0D     34
     126     224       0       0       0                        01010000D     35
     126       0       0       6       0                               0D     36
     126     230       0       0       0                        01010500D     37
     126       0       0       3       0                               0D     38
     126     233       0       0       0                        01010000D     39
     126       0       0       9       0                               0D     40
     126     242       0       0       0                        01010500D     41
     126       0       0       5       0                               0D     42
     126     247       0       0       0                        01010000D     43
     126       0       0      13       0                               0D     44
     126     260       0       0       0                        01010500D     45
     126       0       0       2       0                               0D     46
     126     262       0       0       0                        01010000D     47
     126       0       0       5       0                               0D     48
     126     267       0       0       0                        01010500D     49
     126       0       0       2       0                               0D     50
     124     269       0       0       0                        00000000D     51
     124       0       0       4       0                               0D     52
     100     273       0       0       0              51        01010000D     53
     100       0       0       1       0                               0D     54
     102     274       0       0       0                        01010500D     55
     102       0       0       1       0                               0D     56
     102     275       0       0       0                        01010000D     57
     102       0       0       1       0                               0D     58
     142     276       0       0       0                        00010500D     59
     142       0       0       1       0                               0D     60
     144     277       0       0       0                        00000000D     61
     144       0      -1       1       0                               0D     62
     128     278       0       0       0                        01010000D     63
     128       0       0       3       0                               0D     64
     126     281       0       0       0                        01010500D     65
     126       0       0       2       0                               0D     66
     110     283       0       0       0                        01010000D     67
     110       0       0       1       0                               0D     68
     126     284       0       0       0                        01010500D     69
     126       0       0       6       0                               0D     70
     124     290       0       0       0                        00000000D     71
     124       0       0       3       0                               0D     72
     100     293       0       0       0              71        01010000D     73
     100       0       0       1       0                               0D     74
     126     294       0       0       0                        01010500D     75
     126       0       0       2       0                               0D     76
     110     296       0       0       0                        01010000D     77
     110       0       0       1       0                               0D     78
     126     297       0       0       0                        01010500D     79
     126       0       0       6       0                               0D     80
     124     303       0       0       0                        00000000D     81
     124       0       0       3       0                               0D     82
     100     306       0       0       0              81        01010000D     83
     100       0       0       1       0                               0D     84
     126     307       0       0       0                        01010500D     85
     126       0       0       2       0                               0D     86
     110     309       0       0       0                        01010000D     87
     110       0       0       1       0                               0D     88
     126     310       0       0       0                        01010500D     89
     126       0       0       6       0                               0D     90
     124     316       0       0       0                        00000000D     91
     124       0       0       2       0                               0D     92
     100     318       0       0       0              91        01010000D     93
     100       0       0       1       0                               0D     94
     126     319       0       0       0                        01010500D     95
     126       0       0       2       0                               0D     96
     110     321       0       0       0                        01010000D     97
     110       0       0       1       0                               0D     98
     126     322       0       0       0                        01010500D     99
     126       0       0       6       0                               0D    100
     124     328       0       0       0                        00000000D    101
     124       0       0       3       0                               0D    102
     100     331       0       0       0             101        01010000D    103
     100       0       0       1       0                               0D    104
     102     332       0       0       0                        01010500D    105
     102       0       0       1       0                               0D    106
     102     333       0       0       0                        01010000D    107
     102       0       0       1       0                               0D    108
     142     334       0       0       0                        00010500D    109
     142       0       0       1       0                               0D    110
     126     335       0       0       0                        01010500D    111
     126       0       0       2       0                               0D    112
     110     337       0       0       0                        01010000D    113
     110       0       0       1       0                               0D    114
     126     338       0       0       0                        01010500D    115
     126       0       0       2       0                               0D    116
     110     340       0       0       0                        01010000D    117
     110       0       0       1       0                               0D    118
     126     341       0       0       0                        01010500D    119
     126       0       0       2       0                               0D    120
     110     343       0       0       0                        01010000D    121
     110       0       0       1       0                               0D    122
     126     344       0       0       0                        01010500D    123
     126       0       0       2       0                               0D    124
     110     346       0       0       0                        01010000D    125
     110       0       0       1       0                               0D    126
     102     347       0       0       0                        01010500D    127
     102       0       0       1       0                               0D    128
     102     348       0       0       0                        01010000D    129
     102       0       0       1       0                               0D    130
     142     349       0       0       0                        00010500D    131
     142       0       0       1       0                               0D    132
     126     350       0       0       0                        01010500D    133
     126       0       0       2       0                               0D    134
     110     352       0       0       0                        01010000D    135
     110       0       0       1       0                               0D    136
     126     353       0       0       0                        01010500D    137
     126       0       0       2       0                               0D    138
     110     355       0       0       0                        01010000D    139
     110       0       0       1       0                               0D    140
     126     356       0       0       0                        01010500D    141
     126       0       0       2       0                               0D    142
     110     358       0       0       0                        01010000D    143
     110       0       0       1       0                               0D    144
     126     359       0       0       0                        01010500D    145
     126       0       0       2       0                               0D    146
     110     361       0       0       0                        01010000D    147
     110       0       0       1       0                               0D    148
     102     362       0       0       0                        01010500D    149
     102       0       0       1       0                               0D    150
     102     363       0       0       0                        01010000D    151
     102       0       0       1       0                               0D    152
     142     364       0       0       0                        00010500D    153
     142       0       0       1       0                               0D    154
     144     365       0       0       0                        00000000D    155
     144       0      -1       1       0                               0D    156
     110     366       0       0       0                        01010000D    157
     110       0       0       1       0                               0D    158
     110     367       0       0       0                        01010000D    159
     110       0       0       1       0                               0D    160
     120     368       0       0       0                        01010000D    161
     120       0       0       1       0                               0D    162
     126     369       0       0       0                        01010500D    163
     126       0       0       2       0                               0D    164
     110     371       0       0       0                        01010000D    165
     110       0       0       1       0                               0D    166
     126     372       0       0       0                        01010500D    167
     126       0       0       2       0                               0D    168
     124     374       0       0       0                        00000000D    169
     124       0       0       2       0                               0D    170
     100     376       0       0       0             169        01010000D    171
     100       0       0       1       0                               0D    172
     126     377       0       0       0                        01010500D    173
     126       0       0       2       0                               0D    174
     110     379       0       0       0                        01010000D    175
     110       0       0       1       0                               0D    176
     126     380       0       0       0                        01010500D    177
     126       0       0       2       0                               0D    178
     124     382       0       0       0                        00000000D    179
     124       0       0       3       0                               0D    180
     100     385       0       0       0             179        01010000D    181
     100       0       0       1       0                               0D    182
     102     386       0       0       0                        01010500D    183
     102       0       0       1       0                               0D    184
     102     387       0       0       0                        01010000D    185
     102       0       0       1       0                               0D    186
     142     388       0       0       0                        00010500D    187
     142       0       0       1       0                               0D    188
     144     389       0       0       0                        00000000D    189
     144       0      -1       1       0                               0D    190
     128     390       0       0       0                        01010000D    191
     128       0       0       2       0                               0D    192
     126     392       0       0       0                        01010500D    193
     126       0       0       2       0                               0D    194
     110     394       0       0       0                        01010000D    195
     110       0       0       1       0                               0D    196
     126     395       0       0       0                        01010500D    197
     126       0       0       2       0                               0D    198
     110     397       0       0       0                        01010000D    199
     110       0       0       1       0                               0D    200
     126     398       0       0       0                        01010500D    201
     126       0       0       2       0                               0D    202
     110     400       0       0       0                        01010000D    203
     110       0       0       1       0                               0D    204
     126     401       0       0       0                        01010500D    205
     126       0       0       2       0                               0D    206
     110     403       0       0       0                        01010000D    207
     110       0       0       1       0                               0D    208
     102     404       0       0       0                        01010500D    209
     102       0       0       1       0                               0D    210
     102     405       0       0       0                        01010000D    211
     102       0       0       1       0                               0D    212
     142     406       0       0       0                        00010500D    213
     142       0       0       1       0                               0D    214
     144     407       0       0       0                        00000000D    215
     144       0      -1       1       0                               0D    216
     110     408       0       0       0                        01010000D    217
     110       0       0       1       0                               0D    218
     110     409       0       0       0                        01010000D    219
     110       0       0       1       0                               0D    220
     120     410       0       0       0                        01010000D    221
     120       0       0       1       0                               0D    222
     126     411       0       0       0                        01010500D    223
     126       0       0       2       0                               0D    224
     110     413       0       0       0                        01010000D    225
     110       0       0       1       0                               0D    226
     126     414       0       0       0                        01010500D    227
     126       0       0       2       0                               0D    228
     124     416       0       0       0                        00000000D    229
     124       0       0       3       0                               0D    230
     100     419       0       0       0             229        01010000D    231
     100       0       0       1       0                               0D    232
     126     420       0       0       0                        01010500D    233
     126       0       0       2       0                               0D    234
     110     422       0       0       0                        01010000D    235
     110       0       0       1       0                               0D    236
     126     423       0       0       0                        01010500D    237
     126       0       0       2       0                               0D    238
     124     425       0       0       0                        00000000D    239
     124       0       0       2       0                               0D    240
     100     427       0       0       0             239        01010000D    241
     100       0       0       1       0                               0D    242
     102     428       0       0       0                        01010500D    243
     102       0       0       1       0                               0D    244
     102     429       0       0       0                        01010000D    245
     102       0       0       1       0                               0D    246
     142     430       0       0       0                        00010500D    247
     142       0       0       1       0                               0D    248
     144     431       0       0       0                        00000000D    249
     144       0      -1       1       0                               0D    250
     128     432       0       0       0                        01010000D    251
     128       0       0       2       0                               0D    252
     126     434       0       0       0                        01010500D    253
     126       0       0       2       0                               0D    254
     110     436       0       0       0                        01010000D    255
     110       0       0       1       0                               0D    256
     126     437       0       0       0                        01010500D    257
     126       0       0       2       0                               0D    258
     110     439       0       0       0                        01010000D    259
     110       0       0       1       0                               0D    260
     126     440       0       0       0                        01010500D    261
     126       0       0       2       0                               0D    262
     110     442       0       0       0                        01010000D    263
     110       0       0       1       0                               0D    264
     126     443       0       0       0                        01010500D    265
     126       0       0       2       0                               0D    266
     110     445       0       0       0                        01010000D    267
     110       0       0       1       0                               0D    268
     102     446       0       0       0                        01010500D    269
     102       0       0       1       0                               0D    270
     102     447       0       0       0                        01010000D    271
     102       0       0       1       0                               0D    272
     142     448       0       0       0                        00010500D    273
     142       0       0       1       0                               0D    274
     144     449       0       0       0                        00000000D    275
     144       0      -1       1       0                               0D    276
     110     450       0       0       0                        01010000D    277
     110       0       0       1       0                               0D    278
     110     451       0       0       0                        01010000D    279
     110       0       0       1       0                               0D    280
     120     452       0       0       0                        01010000D    281
     120       0       0       1       0                               0D    282
     126     453       0       0       0                        01010500D    283
     126       0       0       2       0                               0D    284
     110     455       0       0       0                        01010000D    285
     110       0       0       1       0                               0D    286
     126     456       0       0       0                        01010500D    287
     126       0       0       2       0                               0D    288
     124     458       0       0       0                        00000000D    289
     124       0       0       3       0                               0D    290
     100     461       0       0       0             289        01010000D    291
     100       0       0       1       0                               0D    292
     126     462       0       0       0                        01010500D    293
     126       0       0       2       0                               0D    294
     110     464       0       0       0                        01010000D    295
     110       0       0       1       0                               0D    296
     126     465       0       0       0                        01010500D    297
     126       0       0       2       0                               0D    298
     124     467       0       0       0                        00000000D    299
     124       0       0       3       0                               0D    300
     100     470       0       0       0             299        01010000D    301
     100       0       0       1       0                               0D    302
     102     471       0       0       0                        01010500D    303
     102       0       0       1       0                               0D    304
     102     472       0       0       0                        01010000D    305
     102       0       0       1       0                               0D    306
     142     473       0       0       0                        00010500D    307
     142       0       0       1       0                               0D    308
     144     474       0       0       0                        00000000D    309
     144       0      -1       1       0                               0D    310
     128     475       0       0       0                        01010000D    311
     128       0       0       2       0                               0D    312
     126     477       0       0       0                        01010500D    313
     126       0       0       2       0                               0D    314
     110     479       0       0       0                        01010000D    315
     110       0       0       1       0                               0D    316
     126     480       0       0       0                        01010500D    317
     126       0       0       2       0                               0D    318
     110     482       0       0       0                        01010000D    319
     110       0       0       1       0                               0D    320
     126     483       0       0       0                        01010500D    321
     126       0       0       2       0                               0D    322
     110     485       0       0       0                        01010000D    323
     110       0       0       1       0                               0D    324
     126     486       0       0       0                        01010500D    325
     126       0       0       2       0                               0D    326
     110     488       0       0       0                        01010000D    327
     110       0       0       1       0                               0D    328
     102     489       0       0       0                        01010500D    329
     102       0       0       1       0                               0D    330
     102     490       0       0       0                        01010000D    331
     102       0       0       1       0                               0D    332
     142     491       0       0       0                        00010500D    333
     142       0       0       1       0                               0D    334
     144     492       0       0       0                        00000000D    335
     144       0      -1       1       0                               0D    336
     110     493       0       0       0                        01010000D    337
     110       0       0       1       0                               0D    338
     110     494       0       0       0                        01010000D    339
     110       0       0       1       0                               0D    340
     120     495       0       0       0                        01010000D    341
     120       0       0       1       0                               0D    342
     126     496       0       0       0                        01010500D    343
     126       0       0       2       0                               0D    344
     110     498       0       0       0                        01010000D    345
     110       0       0       1       0                               0D    346
     126     499       0       0       0                        01010500D    347
     126       0       0       2       0                               0D    348
     124     501       0       0       0                        00000000D    349
     124       0       0       3       0                               0D    350
     100     504       0       0       0             349        01010000D    351
     100       0       0       1       0                               0D    352
     126     505       0       0       0                        01010500D    353
     126       0       0       2       0                               0D    354
     110     507       0       0       0                        01010000D    355
     110       0       0       1       0                               0D    356
     126     508       0       0       0                        01010500D    357
     126       0       0       2       0                               0D    358
     124     510       0       0       0                        00000000D    359
     124       0       0       3       0                               0D    360
     100     513       0       0       0             359        01010000D    361
     100       0       0       1       0                               0D    362
     102     514       0       0       0                        01010500D    363
     102       0       0       1       0                               0D    364
     102     515       0       0       0                        01010000D    365
     102       0       0       1       0                               0D    366
     142     516       0       0       0                        00010500D    367
     142       0       0       1       0                               0D    368
     144     517       0       0       0                        00000000D    369
     144       0      -1       1       0                               0D    370
     128     518       0       0       0                        01010000D    371
     128       0       0       2       0                               0D    372
     126     520       0       0       0                        01010500D    373
     126       0       0       2       0                               0D    374
     110     522       0       0       0                        01010000D    375
     110       0       0       1       0                               0D    376
     126     523       0       0       0                        01010500D    377
     126       0       0       2       0                               0D    378
     110     525       0       0       0                        01010000D    379
     110       0       0       1       0                               0D    380
     126     526       0       0       0                        01010500D    381
     126       0       0       2       0                               0D    382
     110     528       0       0       0                        01010000D    383
     110       0       0       1       0                               0D    384
     126     529       0       0       0                        01010500D    385
     126       0       0       2       0                               0D    386
     110     531       0       0       0                        01010000D    387
     110       0       0       1       0                               0D    388
     102     532       0       0       0                        01010500D    389
     102       0       0       1       0                               0D    390
     102     533       0       0       0                        01010000D    391
     102       0       0       1       0                               0D    392
     142     534       0       0       0                        00010500D    393
     142       0       0       1       0                               0D    394
     144     535       0       0       0                        00000000D    395
     144       0      -1       1       0                               0D    396
     128     536       0       0       0                        01010000D    397
     128       0       0       3       0                               0D    398
     126     539       0       0       0                        01010500D    399
     126       0       0       2       0                               0D    400
     110     541       0       0       0                        01010000D    401
     110       0       0       1       0                               0D    402
     126     542       0       0       0                        01010500D    403
     126       0       0       6       0                               0D    404
     124     548       0       0       0                        00000000D    405
     124       0       0       3       0                               0D    406
     100     551       0       0       0             405        01010000D    407
     100       0       0       1       0                               0D    408
     126     552       0       0       0                        01010500D    409
     126       0       0       2       0                               0D    410
     110     554       0       0       0                        01010000D    411
     110       0       0       1       0                               0D    412
     126     555       0       0       0                        01010500D    413
     126       0       0       6       0                               0D    414
     124     561       0       0       0                        00000000D    415
     124       0       0       3       0                               0D    416
     100     564       0       0       0             415        01010000D    417
     100       0       0       1       0                               0D    418
     126     565       0       0       0                        01010500D    419
     126       0       0       2       0                               0D    420
     110     567       0       0       0                        01010000D    421
     110       0       0       1       0                               0D    422
     126     568       0       0       0                        01010500D    423
     126       0       0       6       0                               0D    424
     124     574       0       0       0                        00000000D    425
     124       0       0       3       0                               0D    426
     100     577       0       0       0             425        01010000D    427
     100       0       0       1       0                               0D    428
     126     578       0       0       0                        01010500D    429
     126       0       0       2       0                               0D    430
     110     580       0       0       0                        01010000D    431
     110       0       0       1       0                               0D    432
     126     581       0       0       0                        01010500D    433
     126       0       0       6       0                               0D    434
     124     587       0       0       0                        00000000D    435
     124       0       0       2       0                               0D    436
     100     589       0       0       0             435        01010000D    437
     100       0       0       1       0                               0D    438
     102     590       0       0       0                        01010500D    439
     102       0       0       1       0                               0D    440
     102     591       0       0       0                        01010000D    441
     102       0       0       1       0                               0D    442
     142     592       0       0       0                        00010500D    443
     142       0       0       1       0                               0D    444
     126     593       0       0       0                        01010500D    445
     126       0       0      10       0                               0D    446
     126     603       0       0       0                        01010000D    447
     126       0       0       5       0                               0D    448
     126     608       0       0       0                        01010500D    449
     126       0       0      17       0                               0D    450
     126     625       0       0       0                        01010000D    451
     126       0       0      10       0                               0D    452
     126     635       0       0       0                        01010500D    453
     126       0       0      10       0                               0D    454
     126     645       0       0       0                        01010000D    455
     126       0       0       5       0                               0D    456
     126     650       0       0       0                        01010500D    457
     126       0       0      21       0                               0D    458
     126     671       0       0       0                        01010000D    459
     126       0       0      13       0                               0D    460
     126     684       0       0       0                        01010500D    461
     126       0       0      10       0                               0D    462
     126     694       0       0       0                        01010000D    463
     126       0       0       5       0                               0D    464
     126     699       0       0       0                        01010500D    465
     126       0       0      17       0                               0D    466
     126     716       0       0       0                        01010000D    467
     126       0       0      10       0                               0D    468
     126     726       0       0       0                        01010500D    469
     126       0       0      10       0                               0D    470
     126     736       0       0       0                        01010000D    471
     126       0       0       4       0                               0D    472
     126     740       0       0       0                        01010500D    473
     126       0       0      21       0                               0D    474
     126     761       0       0       0                        01010000D    475
     126       0       0      12       0                               0D    476
     102     773       0       0       0                        01010500D    477
     102       0       0       1       0                               0D    478
     102     774       0       0       0                        01010000D    479
     102       0       0       1       0                               0D    480
     142     775       0       0       0                        00010500D    481
     142       0       0       1       0                               0D    482
     144     776       0       0       0                        00000000D    483
     144       0      -1       1       0                               0D    484
     128     777       0       0       0                        01010000D    485
     128       0       0       2       0                               0D    486
     126     779       0       0       0                        01010500D    487
     126       0       0       2       0                               0D    488
     110     781       0       0       0                        01010000D    489
     110       0       0       1       0                               0D    490
     126     782       0       0       0                        01010500D    491
     126       0       0      11       0                               0D    492
     124     793       0       0       0                        00000000D    493
     124       0       0       2       0                               0D    494
     100     795       0       0       0             493        01010000D    495
     100       0       0       1       0                               0D    496
     126     796       0       0       0                        01010500D    497
     126       0       0       2       0                               0D    498
     110     798       0       0       0                        01010000D    499
     110       0       0       1       0                               0D    500
     126     799       0       0       0                        01010500D    501
     126       0       0      11       0                               0D    502
     124     810       0       0       0                        00000000D    503
     124       0       0       3       0                               0D    504
     100     813       0       0       0             503        01010000D    505
     100       0       0       1       0                               0D    506
     126     814       0       0       0                        01010500D    507
     126       0       0       2       0                               0D    508
     110     816       0       0       0                        01010000D    509
     110       0       0       1       0                               0D    510
     126     817       0       0       0                        01010500D    511
     126       0       0      11       0                               0D    512
     124     828       0       0       0                        00000000D    513
     124       0       0       3       0                               0D    514
     100     831       0       0       0             513        01010000D    515
     100       0       0       1       0                               0D    516
     126     832       0       0       0                        01010500D    517
     126       0       0       2       0                               0D    518
     110     834       0       0       0                        01010000D    519
     110       0       0       1       0                               0D    520
     126     835       0       0       0                        01010500D    521
     126       0       0      11       0                               0D    522
     124     846       0       0       0                        00000000D    523
     124       0       0       3       0                               0D    524
     100     849       0       0       0             523        01010000D    525
     100       0       0       1       0                               0D    526
     102     850       0       0       0                        01010500D    527
     102       0       0       1       0                               0D    528
     102     851       0       0       0                        01010000D    529
     102       0       0       1       0                               0D    530
     142     852       0       0       0                        00010500D    531
     142       0       0       1       0                               0D    532
     126     853       0       0       0                        01010500D    533
     126       0       0       2       0                               0D    534
     110     855       0       0       0                        01010000D    535
     110       0       0       1       0                               0D    536
     126     856       0       0       0                        01010500D    537
     126       0       0      11       0                               0D    538
     124     867       0       0       0                        00000000D    539
     124       0       0       2       0                               0D    540
     100     869       0       0       0             539        01010000D    541
     100       0       0       1       0                               0D    542
     126     870       0       0       0                        01010500D    543
     126       0       0       2       0                               0D    544
     110     872       0       0       0                        01010000D    545
     110       0       0       1       0                               0D    546
     126     873       0       0       0                        01010500D    547
     126       0       0      11       0                               0D    548
     124     884       0       0       0                        00000000D    549
     124       0       0       3       0                               0D    550
     100     887       0       0       0             549        01010000D    551
     100       0       0       1       0                               0D    552
     126     888       0       0       0                        01010500D    553
     126       0       0       2       0                               0D    554
     110     890       0       0       0                        01010000D    555
     110       0       0       1       0                               0D    556
     126     891       0       0       0                        01010500D    557
     126       0       0      11       0                               0D    558
     124     902       0       0       0                        00000000D    559
     124       0       0       3       0                               0D    560
     100     905       0       0       0             559        01010000D    561
     100       0       0       1       0                               0D    562
     126     906       0       0       0                        01010500D    563
     126       0       0       2       0                               0D    564
     110     908       0       0       0                        01010000D    565
     110       0       0       1       0                               0D    566
     126     909       0       0       0                        01010500D    567
     126       0       0      11       0                               0D    568
     124     920       0       0       0                        00000000D    569
     124       0       0       3       0                               0D    570
     100     923       0       0       0             569        01010000D    571
     100       0       0       1       0                               0D    572
     102     924       0       0       0                        01010500D    573
     102       0       0       1       0                               0D    574
     102     925       0       0       0                        01010000D    575
     102       0       0       1       0                               0D    576
     142     926       0       0       0                        00010500D    577
     142       0       0       1       0                               0D    578
     144     927       0       0       0                        00000000D    579
     144       0      -1       1       0                               0D    580
     128     928       0       0       0                        01010000D    581
     128       0       0       4       0                               0D    582
     126     932       0       0       0                        01010500D    583
     126       0       0      12       0                               0D    584
     124     944       0       0       0                        00000000D    585
     124       0       0       2       0                               0D    586
     100     946       0       0       0             585        01010000D    587
     100       0       0       1       0                               0D    588
     126     947       0       0       0                        01010500D    589
     126       0       0      12       0                               0D    590
     124     959       0       0       0                        00000000D    591
     124       0       0       4       0                               0D    592
     100     963       0       0       0             591        01010000D    593
     100       0       0       1       0                               0D    594
     102     964       0       0       0                        01010500D    595
     102       0       0       1       0                               0D    596
     102     965       0       0       0                        01010000D    597
     102       0       0       1       0                               0D    598
     142     966       0       0       0                        00010500D    599
     142       0       0       1       0                               0D    600
     144     967       0       0       0                        00000000D    601
     144       0      -1       1       0                               0D    602
     128     968       0       0       0                        01010000D    603
     128       0       0      74       0                               0D    604
     126    1042       0       0       0                        01010500D    605
     126       0       0       3       0                               0D    606
     126    1045       0       0       0                        01010000D    607
     126       0       0      14       0                               0D    608
     126    1059       0       0       0                        01010500D    609
     126       0       0       3       0                               0D    610
     126    1062       0       0       0                        01010000D    611
     126       0       0      10       0                               0D    612
     126    1072       0       0       0                        01010500D    613
     126       0       0      12       0                               0D    614
     126    1084       0       0       0                        01010000D    615
     126       0       0      25       0                               0D    616
     126    1109       0       0       0                        01010500D    617
     126       0       0       3       0                               0D    618
     126    1112       0       0       0                        01010000D    619
     126       0       0       9       0                               0D    620
     126    1121       0       0       0                        01010500D    621
     126       0       0      37       0                               0D    622
     126    1158       0       0       0                        01010000D    623
     126       0       0      21       0                               0D    624
     126    1179       0       0       0                        01010500D    625
     126       0       0       8       0                               0D    626
     126    1187       0       0       0                        01010000D    627
     126       0       0       9       0                               0D    628
     126    1196       0       0       0                        01010500D    629
     126       0       0      12       0                               0D    630
     126    1208       0       0       0                        01010000D    631
     126       0       0       6       0                               0D    632
     126    1214       0       0       0                        01010500D    633
     126       0       0       3       0                               0D    634
     126    1217       0       0       0                        01010000D    635
     126       0       0       9       0                               0D    636
     126    1226       0       0       0                        01010500D    637
     126       0       0       7       0                               0D    638
     126    1233       0       0       0                        01010000D    639
     126       0       0      12       0                               0D    640
     126    1245       0       0       0                        01010500D    641
     126       0       0       2       0                               0D    642
     126    1247       0       0       0                        01010000D    643
     126       0       0       4       0                               0D    644
     126    1251       0       0       0                        01010500D    645
     126       0       0       2       0                               0D    646
     124    1253       0       0       0                        00000000D    647
     124       0       0       2       0                               0D    648
     100    1255       0       0       0             647        01010000D    649
     100       0       0       1       0                               0D    650
     126    1256       0       0       0                        01010500D    651
     126       0       0       2       0                               0D    652
     126    1258       0       0       0                        01010000D    653
     126       0       0       5       0                               0D    654
     102    1263       0       0       0                        01010500D    655
     102       0       0       1       0                               0D    656
     102    1264       0       0       0                        01010000D    657
     102       0       0       1       0                               0D    658
     142    1265       0       0       0                        00010500D    659
     142       0       0       1       0                               0D    660
     144    1266       0       0       0                        00000000D    661
     144       0      -1       1       0                               0D    662
     128    1267       0       0       0                        01010000D    663
     128       0       0     111       0                               0D    664
     126    1378       0       0       0                        01010500D    665
     126       0       0       2       0                               0D    666
     124    1380       0       0       0                        00000000D    667
     124       0       0       3       0                               0D    668
     100    1383       0       0       0             667        01010000D    669
     100       0       0       1       0                               0D    670
     126    1384       0       0       0                        01010500D    671
     126       0       0       2       0                               0D    672
     124    1386       0       0       0                        00000000D    673
     124       0       0       3       0                               0D    674
     100    1389       0       0       0             673        01010000D    675
     100       0       0       1       0                               0D    676
     126    1390       0       0       0                        01010500D    677
     126       0       0       2       0                               0D    678
     100    1392       0       0       0                        01010000D    679
     100       0       0       1       0                               0D    680
     126    1393       0       0       0                        01010500D    681
     126       0       0       2       0                               0D    682
     124    1395       0       0       0                        00000000D    683
     124       0       0       2       0                               0D    684
     100    1397       0       0       0             683        01010000D    685
     100       0       0       1       0                               0D    686
     102    1398       0       0       0                        01010500D    687
     102       0       0       1       0                               0D    688
     102    1399       0       0       0                        01010000D    689
     102       0       0       1       0                               0D    690
     142    1400       0       0       0                        00010500D    691
     142       0       0       1       0                               0D    692
     144    1401       0       0       0                        00000000D    693
     144       0      -1       1       0                               0D    694
     110    1402       0       0       0                        01010000D    695
     110       0       0       1       0                               0D    696
     110    1403       0       0       0                        01010000D    697
     110       0       0       1       0                               0D    698
     120    1404       0       0       0                        01010000D    699
     120       0       0       1       0                               0D    700
     126    1405       0       0       0                        01010500D    701
     126       0       0       2       0                               0D    702
     124    1407       0       0       0                        00000000D    703
     124       0       0       4       0                               0D    704
     100    1411       0       0       0             703        01010000D    705
     100       0       0       1       0                               0D    706
     126    1412       0       0       0                        01010500D    707
     126       0       0       2       0                               0D    708
     110    1414       0       0       0                        01010000D    709
     110       0       0       1       0                               0D    710
     126    1415       0       0       0                        01010500D    711
     126       0       0       2       0                               0D    712
     100    1417       0       0       0                        01010000D    713
     100       0       0       1       0                               0D    714
     126    1418       0       0       0                        01010500D    715
     126       0       0       2       0                               0D    716
     110    1420       0       0       0                        01010000D    717
     110       0       0       1       0                               0D    718
     102    1421       0       0       0                        01010500D    719
     102       0       0       1       0                               0D    720
     102    1422       0       0       0                        01010000D    721
     102       0       0       1       0                               0D    722
     142    1423       0       0       0                        00010500D    723
     142       0       0       1       0                               0D    724
     144    1424       0       0       0                        00000000D    725
     144       0      -1       1       0                               0D    726
     110    1425       0       0       0                        01010000D    727
     110       0       0       1       0                               0D    728
     110    1426       0       0       0                        01010000D    729
     110       0       0       1       0                               0D    730
     120    1427       0       0       0                        01010000D    731
     120       0       0       1       0                               0D    732
     126    1428       0       0       0                        01010500D    733
     126       0       0       2       0                               0D    734
     124    1430       0       0       0                        00000000D    735
     124       0       0       2       0                               0D    736
     100    1432       0       0       0             735        01010000D    737
     100       0       0       1       0                               0D    738
     126    1433       0       0       0                        01010500D    739
     126       0       0       2       0                               0D    740
     110    1435       0       0       0                        01010000D    741
     110       0       0       1       0                               0D    742
     126    1436       0       0       0                        01010500D    743
     126       0       0       2       0                               0D    744
     124    1438       0       0       0                        00000000D    745
     124       0       0       3       0                               0D    746
     100    1441       0       0       0             745        01010000D    747
     100       0       0       1       0                               0D    748
     126    1442       0       0       0                        01010500D    749
     126       0       0       2       0                               0D    750
     110    1444       0       0       0                        01010000D    751
     110       0       0       1       0                               0D    752
     102    1445       0       0       0                        01010500D    753
     102       0       0       1       0                               0D    754
     102    1446       0       0       0                        01010000D    755
     102       0       0       1       0                               0D    756
     142    1447       0       0       0                        00010500D    757
     142       0       0       1       0                               0D    758
     144    1448       0       0       0                        00000000D    759
     144       0      -1       1       0                               0D    760
     128    1449       0       0       0                        01010000D    761
     128       0       0     117       0                               0D    762
     126    1566       0       0       0                        01010500D    763
     126       0       0       2       0                               0D    764
     124    1568       0       0       0                        00000000D    765
     124       0       0       4       0                               0D    766
     100    1572       0       0       0             765        01010000D    767
     100       0       0       1       0                               0D    768
     126    1573       0       0       0                        01010500D    769
     126       0       0       2       0                               0D    770
     124    1575       0       0       0                        00000000D    771
     124       0       0       2       0                               0D    772
     100    1577       0       0       0             771        01010000D    773
     100       0       0       1       0                               0D    774
     126    1578       0       0       0                        01010500D    775
     126       0       0       2       0                               0D    776
     124    1580       0       0       0                        00000000D    777
     124       0       0       2       0                               0D    778
     100    1582       0       0       0             777        01010000D    779
     100       0       0       1       0                               0D    780
     126    1583       0       0       0                        01010500D    781
     126       0       0       2       0                               0D    782
     124    1585       0       0       0                        00000000D    783
     124       0       0       3       0                               0D    784
     100    1588       0       0       0             783        01010000D    785
     100       0       0       1       0                               0D    786
     102    1589       0       0       0                        01010500D    787
     102       0       0       1       0                               0D    788
     102    1590       0       0       0                        01010000D    789
     102       0       0       1       0                               0D    790
     142    1591       0       0       0                        00010500D    791
     142       0       0       1       0                               0D    792
     144    1592       0       0       0                        00000000D    793
     144       0      -1       1       0                               0D    794
     128    1593       0       0       0                        01010000D    795
     128       0       0     118       0                               0D    796
     126    1711       0       0       0                        01010500D    797
     126       0       0       2       0                               0D    798
     124    1713       0       0       0                        00000000D    799
     124       0       0       2       0                               0D    800
     100    1715       0       0       0             799        01010000D    801
     100       0       0       1       0                               0D    802
     126    1716       0       0       0                        01010500D    803
     126       0       0       2       0                               0D    804
     124    1718       0       0       0                        00000000D    805
     124       0       0       3       0                               0D    806
     100    1721       0       0       0             805        01010000D    807
     100       0       0       1       0                               0D    808
     126    1722       0       0       0                        01010500D    809
     126       0       0       2       0                               0D    810
     100    1724       0       0       0                        01010000D    811
     100       0       0       1       0                               0D    812
     126    1725       0       0       0                        01010500D    813
     126       0       0       2       0                               0D    814
     124    1727       0       0       0                        00000000D    815
     124       0       0       3       0                               0D    816
     100    1730       0       0       0             815        01010000D    817
     100       0       0       1       0                               0D    818
     102    1731       0       0       0                        01010500D    819
     102       0       0       1       0                               0D    820
     102    1732       0       0       0                        01010000D    821
     102       0       0       1       0                               0D    822
     142    1733       0       0       0                        00010500D    823
     142       0       0       1       0                               0D    824
     144    1734       0       0       0                        00000000D    825
     144       0      -1       1       0                               0D    826
     110    1735       0       0       0                        01010000D    827
     110       0       0       1       0                               0D    828
     110    1736       0       0       0                        01010000D    829
     110       0       0       1       0                               0D    830
     120    1737       0       0       0                        01010000D    831
     120       0       0       1       0                               0D    832
     126    1738       0       0       0                        01010500D    833
     126       0       0       2       0                               0D    834
     124    1740       0       0       0                        00000000D    835
     124       0       0       3       0                               0D    836
     100    1743       0       0       0             835        01010000D    837
     100       0       0       1       0                               0D    838
     126    1744       0       0       0                        01010500D    839
     126       0       0       2       0                               0D    840
     110    1746       0       0       0                        01010000D    841
     110       0       0       1       0                               0D    842
     126    1747       0       0       0                        01010500D    843
     126       0       0       2       0                               0D    844
     124    1749       0       0       0                        00000000D    845
     124       0       0       2       0                               0D    846
     100    1751       0       0       0             845        01010000D    847
     100       0       0       1       0                               0D    848
     126    1752       0       0       0                        01010500D    849
     126       0       0       2       0                               0D    850
     110    1754       0       0       0                        01010000D    851
     110       0       0       1       0                               0D    852
     102    1755       0       0       0                        01010500D    853
     102       0       0       1       0                               0D    854
     102    1756       0       0       0                        01010000D    855
     102       0       0       1       0                               0D    856
     142    1757       0       0       0                        00010500D    857
     142       0       0       1       0                               0D    858
     144    1758       0       0       0                        00000000D    859
     144       0      -1       1       0                               0D    860
     110    1759       0       0       0                        01010000D    861
     110       0       0       1       0                               0D    862
     110    1760       0       0       0                        01010000D    863
     110       0       0       1       0                               0D    864
     120    1761       0       0       0                        01010000D    865
     120       0       0       1       0                               0D    866
     126    1762       0       0       0                        01010500D    867
     126       0       0       2       0                               0D    868
     124    1764       0       0       0                        00000000D    869
     124       0       0       5       0                               0D    870
     100    1769       0       0       0             869        01010000D    871
     100       0       0       1       0                               0D    872
     126    1770       0       0       0                        01010500D    873
     126       0       0       2       0                               0D    874
     110    1772       0       0       0                        01010000D    875
     110       0       0       1       0                               0D    876
     126    1773       0       0       0                        01010500D    877
     126       0       0       2       0                               0D    878
     100    1775       0       0       0                        01010000D    879
     100       0       0       1       0                               0D    880
     126    1776       0       0       0                        01010500D    881
     126       0       0       2       0                               0D    882
     110    1778       0       0       0                        01010000D    883
     110       0       0       1       0                               0D    884
     102    1779       0       0       0                        01010500D    885
     102       0       0       1       0                               0D    886
     102    1780       0       0       0                        01010000D    887
     102       0       0       1       0                               0D    888
     142    1781       0       0       0                        00010500D    889
     142       0       0       1       0                               0D    890
     144    1782       0       0       0                        00000000D    891
     144       0      -1       1       0                               0D    892
     128    1783       0       0       0                        01010000D    893
     128       0       0     125       0                               0D    894
     126    1908       0       0       0                        01010500D    895
     126       0       0       2       0                               0D    896
     124    1910       0       0       0                        00000000D    897
     124       0       0       3       0                               0D    898
     100    1913       0       0       0             897        01010000D    899
     100       0       0       1       0                               0D    900
     126    1914       0       0       0                        01010500D    901
     126       0       0       2       0                               0D    902
     124    1916       0       0       0                        00000000D    903
     124       0       0       3       0                               0D    904
     100    1919       0       0       0             903        01010000D    905
     100       0       0       1       0                               0D    906
     126    1920       0       0       0                        01010500D    907
     126       0       0       2       0                               0D    908
     124    1922       0       0       0                        00000000D    909
     124       0       0       4       0                               0D    910
     100    1926       0       0       0             909        01010000D    911
     100       0       0       1       0                               0D    912
     126    1927       0       0       0                        01010500D    913
     126       0       0       2       0                               0D    914
     124    1929       0       0       0                        00000000D    915
     124       0       0       3       0                               0D    916
     100    1932       0       0       0             915        01010000D    917
     100       0       0       1       0                               0D    918
     102    1933       0       0       0                        01010500D    919
     102       0       0       1       0                               0D    920
     102    1934       0       0       0                        01010000D    921
     102       0       0       1       0                               0D    922
     142    1935       0       0       0                        00010500D    923
     142       0       0       1       0                               0D    924
     144    1936       0       0       0                        00000000D    925
     144       0      -1       1       0                               0D    926
     128    1937       0       0       0                        01010000D    927
     128       0       0     123       0                               0D    928
     126    2060       0       0       0                        01010500D    929
     126       0       0       2       0                               0D    930
     124    2062       0       0       0                        00000000D    931
     124       0       0       4       0                               0D    932
     100    2066       0       0       0             931        01010000D    933
     100       0       0       2       0                               0D    934
     126    2068       0       0       0                        01010500D    935
     126       0       0       2       0                               0D    936
     126    2070       0       0       0                        01010000D    937
     126       0       0      10       0                               0D    938
     126    2080       0       0       0                        01010500D    939
     126       0       0       2       0                               0D    940
     124    2082       0       0       0                        00000000D    941
     124       0       0       4       0                               0D    942
     100    2086       0       0       0             941        01010000D    943
     100       0       0       2       0                               0D    944
     126    2088       0       0       0                        01010500D    945
     126       0       0       2       0                               0D    946
     126    2090       0       0       0                        01010000D    947
     126       0       0       9       0                               0D    948
     126    2099       0       0       0                        01010500D    949
     126       0       0       2       0                               0D    950
     126    2101       0       0       0                        01010000D    951
     126       0       0      12       0                               0D    952
     126    2113       0       0       0                        01010500D    953
     126       0       0       2       0                               0D    954
     126    2115       0       0       0                        01010000D    955
     126       0       0      13       0                               0D    956
     126    2128       0       0       0                        01010500D    957
     126       0       0       2       0                               0D    958
     126    2130       0       0       0                        01010000D    959
     126       0       0       9       0                               0D    960
     102    2139       0       0       0                        01010500D    961
     102       0       0       1       0                               0D    962
     102    2140       0       0       0                        01010000D    963
     102       0       0       1       0                               0D    964
     142    2141       0       0       0                        00010500D    965
     142       0       0       1       0                               0D    966
     144    2142       0       0       0                        00000000D    967
     144       0      -1       1       0                               0D    968
     128    2143       0       0       0                        01010000D    969
     128       0       0      68       0                               0D    970
     126    2211       0       0       0                        01010500D    971
     126       0       0       2       0                               0D    972
     124    2213       0       0       0                        00000000D    973
     124       0       0       4       0                               0D    974
     100    2217       0       0       0             973        01010000D    975
     100       0       0       2       0                               0D    976
     126    2219       0       0       0                        01010500D    977
     126       0       0       2       0                               0D    978
     126    2221       0       0       0                        01010000D    979
     126       0       0       5       0                               0D    980
     126    2226       0       0       0                        01010500D    981
     126       0       0       2       0                               0D    982
     124    2228       0       0       0                        00000000D    983
     124       0       0       4       0                               0D    984
     100    2232       0       0       0             983        01010000D    985
     100       0       0       1       0                               0D    986
     126    2233       0       0       0                        01010500D    987
     126       0       0       2       0                               0D    988
     126    2235       0       0       0                        01010000D    989
     126       0       0       6       0                               0D    990
     102    2241       0       0       0                        01010500D    991
     102       0       0       1       0                               0D    992
     102    2242       0       0       0                        01010000D    993
     102       0       0       1       0                               0D    994
     142    2243       0       0       0                        00010500D    995
     142       0       0       1       0                               0D    996
     144    2244       0       0       0                        00000000D    997
     144       0      -1       1       0                               0D    998
     128    2245       0       0       0                        01010000D    999
     128       0       0      72       0                               0D   1000
     126    2317       0       0       0                        01010500D   1001
     126       0       0       2       0                               0D   1002
     124    2319       0       0       0                        00000000D   1003
     124       0       0       4       0                               0D   1004
     100    2323       0       0       0            1003        01010000D   1005
     100       0       0       2       0                               0D   1006
     126    2325       0       0       0                        01010500D   1007
     126       0       0       2       0                               0D   1008
     126    2327       0       0       0                        01010000D   1009
     126       0       0      27       0                               0D   1010
     126    2354       0       0       0                        01010500D   1011
     126       0       0       2       0                               0D   1012
     124    2356       0       0       0                        00000000D   1013
     124       0       0       4       0                               0D   1014
     100    2360       0       0       0            1013        01010000D   1015
     100       0       0       1       0                               0D   1016
     126    2361       0       0       0                        01010500D   1017
     126       0       0       2       0                               0D   1018
     126    2363       0       0       0                        01010000D   1019
     126       0       0       5       0                               0D   1020
     102    2368       0       0       0                        01010500D   1021
     102       0       0       1       0                               0D   1022
     102    2369       0       0       0                        01010000D   1023
     102       0       0       1       0                               0D   1024
     142    2370       0       0       0                        00010500D   1025
     142       0       0       1       0                               0D   1026
     144    2371       0       0       0                        00000000D   1027
     144       0      -1       1       0                               0D   1028
     128    2372       0       0       0                        01010000D   1029
     128       0       0     127       0                               0D   1030
     126    2499       0       0       0                        01010500D   1031
     126       0       0       2       0                               0D   1032
     124    2501       0       0       0                        00000000D   1033
     124       0       0       4       0                               0D   1034
     100    2505       0       0       0            1033        01010000D   1035
     100       0       0       1       0                               0D   1036
     126    2506       0       0       0                        01010500D   1037
     126       0       0       2       0                               0D   1038
     126    2508       0       0       0                        01010000D   1039
     126       0       0      12       0                               0D   1040
     126    2520       0       0       0                        01010500D   1041
     126       0       0       2       0                               0D   1042
     124    2522       0       0       0                        00000000D   1043
     124       0       0       4       0                               0D   1044
     100    2526       0       0       0            1043        01010000D   1045
     100       0       0       1       0                               0D   1046
     126    2527       0       0       0                        01010500D   1047
     126       0       0       2       0                               0D   1048
     126    2529       0       0       0                        01010000D   1049
     126       0       0       9       0                               0D   1050
     126    2538       0       0       0                        01010500D   1051
     126       0       0       2       0                               0D   1052
     126    2540       0       0       0                        01010000D   1053
     126       0       0      21       0                               0D   1054
     126    2561       0       0       0                        01010500D   1055
     126       0       0       2       0                               0D   1056
     126    2563       0       0       0                        01010000D   1057
     126       0       0       9       0                               0D   1058
     102    2572       0       0       0                        01010500D   1059
     102       0       0       1       0                               0D   1060
     102    2573       0       0       0                        01010000D   1061
     102       0       0       1       0                               0D   1062
     142    2574       0       0       0                        00010500D   1063
     142       0       0       1       0                               0D   1064
     144    2575       0       0       0                        00000000D   1065
     144       0      -1       1       0                               0D   1066
     128    2576       0       0       0                        01010000D   1067
     128       0       0     135       0                               0D   1068
     126    2711       0       0       0                        01010500D   1069
     126       0       0       2       0                               0D   1070
     126    2713       0       0       0                        01010000D   1071
     126       0       0      21       0                               0D   1072
     126    2734       0       0       0                        01010500D   1073
     126       0       0       2       0                               0D   1074
     126    2736       0       0       0                        01010000D   1075
     126       0       0       9       0                               0D   1076
     126    2745       0       0       0                        01010500D   1077
     126       0       0       2       0                               0D   1078
     124    2747       0       0       0                        00000000D   1079
     124       0       0       4       0                               0D   1080
     100    2751       0       0       0            1079        01010000D   1081
     100       0       0       1       0                               0D   1082
     126    2752       0       0       0                        01010500D   1083
     126       0       0       2       0                               0D   1084
     126    2754       0       0       0                        01010000D   1085
     126       0       0      12       0                               0D   1086
     126    2766       0       0       0                        01010500D   1087
     126       0       0       2       0                               0D   1088
     124    2768       0       0       0                        00000000D   1089
     124       0       0       4       0                               0D   1090
     100    2772       0       0       0            1089        01010000D   1091
     100       0       0       1       0                               0D   1092
     126    2773       0       0       0                        01010500D   1093
     126       0       0       2       0                               0D   1094
     126    2775       0       0       0                        01010000D   1095
     126       0       0       9       0                               0D   1096
     102    2784       0       0       0                        01010500D   1097
     102       0       0       1       0                               0D   1098
     102    2785       0       0       0                        01010000D   1099
     102       0       0       1       0                               0D   1100
     142    2786       0       0       0                        00010500D   1101
     142       0       0       1       0                               0D   1102
     144    2787       0       0       0                        00000000D   1103
     144       0      -1       1       0                               0D   1104
     128    2788       0       0       0                        01010000D   1105
     128       0       0      71       0                               0D   1106
     126    2859       0       0       0                        01010500D   1107
     126       0       0       2       0                               0D   1108
     124    2861       0       0       0                        00000000D   1109
     124       0       0       4       0                               0D   1110
     100    2865       0       0       0            1109        01010000D   1111
     100       0       0       1       0                               0D   1112
     126    2866       0       0       0                        01010500D   1113
     126       0       0       2       0                               0D   1114
     126    2868       0       0       0                        01010000D   1115
     126       0       0       5       0                               0D   1116
     126    2873       0       0       0                        01010500D   1117
     126       0       0       2       0                               0D   1118
     124    2875       0       0       0                        00000000D   1119
     124       0       0       4       0                               0D   1120
     100    2879       0       0       0            1119        01010000D   1121
     100       0       0       2       0                               0D   1122
     126    2881       0       0       0                        01010500D   1123
     126       0       0       2       0                               0D   1124
     126    2883       0       0       0                        01010000D   1125
     126       0       0      25       0                               0D   1126
     102    2908       0       0       0                        01010500D   1127
     102       0       0       1       0                               0D   1128
     102    2909       0       0       0                        01010000D   1129
     102       0       0       1       0                               0D   1130
     142    2910       0       0       0                        00010500D   1131
     142       0       0       1       0                               0D   1132
     144    2911       0       0       0                        00000000D   1133
     144       0      -1       1       0                               0D   1134
     128    2912       0       0       0                        01010000D   1135
     128       0       0      69       0                               0D   1136
     126    2981       0       0       0                        01010500D   1137
     126       0       0       2       0                               0D   1138
     124    2983       0       0       0                        00000000D   1139
     124       0       0       4       0                               0D   1140
     100    2987       0       0       0            1139        01010000D   1141
     100       0       0       1       0                               0D   1142
     126    2988       0       0       0                        01010500D   1143
     126       0       0       2       0                               0D   1144
     126    2990       0       0       0                        01010000D   1145
     126       0       0       6       0                               0D   1146
     126    2996       0       0       0                        01010500D   1147
     126       0       0       2       0                               0D   1148
     124    2998       0       0       0                        00000000D   1149
     124       0       0       4       0                               0D   1150
     100    3002       0       0       0            1149        01010000D   1151
     100       0       0       2       0                               0D   1152
     126    3004       0       0       0                        01010500D   1153
     126       0       0       2       0                               0D   1154
     126    3006       0       0       0                        01010000D   1155
     126       0       0       5       0                               0D   1156
     102    3011       0       0       0                        01010500D   1157
     102       0       0       1       0                               0D   1158
     102    3012       0       0       0                        01010000D   1159
     102       0       0       1       0                               0D   1160
     142    3013       0       0       0                        00010500D   1161
     142       0       0       1       0                               0D   1162
     144    3014       0       0       0                        00000000D   1163
     144       0      -1       1       0                               0D   1164
     128    3015       0       0       0                        01010000D   1165
     128       0       0     134       0                               0D   1166
     126    3149       0       0       0                        01010500D   1167
     126       0       0       2       0                               0D   1168
     124    3151       0       0       0                        00000000D   1169
     124       0       0       4       0                               0D   1170
     100    3155       0       0       0            1169        01010000D   1171
     100       0       0       2       0                               0D   1172
     126    3157       0       0       0                        01010500D   1173
     126       0       0       2       0                               0D   1174
     126    3159       0       0       0                        01010000D   1175
     126       0       0      10       0                               0D   1176
     126    3169       0       0       0                        01010500D   1177
     126       0       0       2       0                               0D   1178
     124    3171       0       0       0                        00000000D   1179
     124       0       0       4       0                               0D   1180
     100    3175       0       0       0            1179        01010000D   1181
     100       0       0       2       0                               0D   1182
     126    3177       0       0       0                        01010500D   1183
     126       0       0       2       0                               0D   1184
     126    3179       0       0       0                        01010000D   1185
     126       0       0       9       0                               0D   1186
     126    3188       0       0       0                        01010500D   1187
     126       0       0       2       0                               0D   1188
     126    3190       0       0       0                        01010000D   1189
     126       0       0      13       0                               0D   1190
     126    3203       0       0       0                        01010500D   1191
     126       0       0       2       0                               0D   1192
     126    3205       0       0       0                        01010000D   1193
     126       0       0      14       0                               0D   1194
     126    3219       0       0       0                        01010500D   1195
     126       0       0       2       0                               0D   1196
     126    3221       0       0       0                        01010000D   1197
     126       0       0      10       0                               0D   1198
     102    3231       0       0       0                        01010500D   1199
     102       0       0       1       0                               0D   1200
     102    3232       0       0       0                        01010000D   1201
     102       0       0       1       0                               0D   1202
     142    3233       0       0       0                        00010500D   1203
     142       0       0       1       0                               0D   1204
     144    3234       0       0       0                        00000000D   1205
     144       0      -1       1       0                               0D   1206
     128    3235       0       0       0                        01010000D   1207
     128       0       0       3       0                               0D   1208
     126    3238       0       0       0                        01010500D   1209
     126       0       0       2       0                               0D   1210
     110    3240       0       0       0                        01010000D   1211
     110       0       0       1       0                               0D   1212
     126    3241       0       0       0                        01010500D   1213
     126       0       0       2       0                               0D   1214
     110    3243       0       0       0                        01010000D   1215
     110       0       0       1       0                               0D   1216
     126    3244       0       0       0                        01010500D   1217
     126       0       0       2       0                               0D   1218
     110    3246       0       0       0                        01010000D   1219
     110       0       0       1       0                               0D   1220
     126    3247       0       0       0                        01010500D   1221
     126       0       0       2       0                               0D   1222
     110    3249       0       0       0                        01010000D   1223
     110       0       0       1       0                               0D   1224
     102    3250       0       0       0                        01010500D   1225
     102       0       0       1       0                               0D   1226
     102    3251       0       0       0                        01010000D   1227
     102       0       0       1       0                               0D   1228
     142    3252       0       0       0                        00010500D   1229
     142       0       0       1       0                               0D   1230
     144    3253       0       0       0                        00000000D   1231
     144       0      -1       1       0                               0D   1232
     110    3254       0       0       0                        01010000D   1233
     110       0       0       1       0                               0D   1234
     110    3255       0       0       0                        01010000D   1235
     110       0       0       1       0                               0D   1236
     120    3256       0       0       0                        01010000D   1237
     120       0       0       1       0                               0D   1238
     126    3257       0       0       0                        01010500D   1239
     126       0       0       2       0                               0D   1240
     124    3259       0       0       0                        00000000D   1241
     124       0       0       3       0                               0D   1242
     100    3262       0       0       0            1241        01010000D   1243
     100       0       0       1       0                               0D   1244
     126    3263       0       0       0                        01010500D   1245
     126       0       0       2       0                               0D   1246
     110    3265       0       0       0                        01010000D   1247
     110       0       0       1       0                               0D   1248
     126    3266       0       0       0                        01010500D   1249
     126       0       0       2       0                               0D   1250
     124    3268       0       0       0                        00000000D   1251
     124       0       0       2       0                               0D   1252
     100    3270       0       0       0            1251        01010000D   1253
     100       0       0       1       0                               0D   1254
     126    3271       0       0       0                        01010500D   1255
     126       0       0       2       0                               0D   1256
     110    3273       0       0       0                        01010000D   1257
     110       0       0       1       0                               0D   1258
     102    3274       0       0       0                        01010500D   1259
     102       0       0       1       0                               0D   1260
     102    3275       0       0       0                        01010000D   1261
     102       0       0       1       0                               0D   1262
     142    3276       0       0       0                        00010500D   1263
     142       0       0       1       0                               0D   1264
     144    3277       0       0       0                        00000000D   1265
     144       0      -1       1       0                               0D   1266
     128    3278       0       0       0                        01010000D   1267
     128       0       0       3       0                               0D   1268
     126    3281       0       0       0                        01010500D   1269
     126       0       0       2       0                               0D   1270
     110    3283       0       0       0                        01010000D   1271
     110       0       0       1       0                               0D   1272
     126    3284       0       0       0                        01010500D   1273
     126       0       0       2       0                               0D   1274
     110    3286       0       0       0                        01010000D   1275
     110       0       0       1       0                               0D   1276
     126    3287       0       0       0                        01010500D   1277
     126       0       0       2       0                               0D   1278
     110    3289       0       0       0                        01010000D   1279
     110       0       0       1       0                               0D   1280
     126    3290       0       0       0                        01010500D   1281
     126       0       0       2       0                               0D   1282
     110    3292       0       0       0                        01010000D   1283
     110       0       0       1       0                               0D   1284
     102    3293       0       0       0                        01010500D   1285
     102       0       0       1       0                               0D   1286
     102    3294       0       0       0                        01010000D   1287
     102       0       0       1       0                               0D   1288
     142    3295       0       0       0                        00010500D   1289
     142       0       0       1       0                               0D   1290
     144    3296       0       0       0                        00000000D   1291
     144       0      -1       1       0                               0D   1292
     110    3297       0       0       0                        01010000D   1293
     110       0       0       1       0                               0D   1294
     110    3298       0       0       0                        01010000D   1295
     110       0       0       1       0                               0D   1296
     120    3299       0       0       0                        01010000D   1297
     120       0       0       1       0                               0D   1298
     126    3300       0       0       0                        01010500D   1299
     126       0       0       2       0                               0D   1300
     124    3302       0       0       0                        00000000D   1301
     124       0       0       2       0                               0D   1302
     100    3304       0       0       0            1301        01010000D   1303
     100       0       0       1       0                               0D   1304
     126    3305       0       0       0                        01010500D   1305
     126       0       0       2       0                               0D   1306
     110    3307       0       0       0                        01010000D   1307
     110       0       0       1       0                               0D   1308
     126    3308       0       0       0                        01010500D   1309
     126       0       0       2       0                               0D   1310
     124    3310       0       0       0                        00000000D   1311
     124       0       0       4       0                               0D   1312
     100    3314       0       0       0            1311        01010000D   1313
     100       0       0       1       0                               0D   1314
     126    3315       0       0       0                        01010500D   1315
     126       0       0       2       0                               0D   1316
     110    3317       0       0       0                        01010000D   1317
     110       0       0       1       0                               0D   1318
     102    3318       0       0       0                        01010500D   1319
     102       0       0       1       0                               0D   1320
     102    3319       0       0       0                        01010000D   1321
     102       0       0       1       0                               0D   1322
     142    3320       0       0       0                        00010500D   1323
     142       0       0       1       0                               0D   1324
     144    3321       0       0       0                        00000000D   1325
     144       0      -1       1       0                               0D   1326
     128    3322       0       0       0                        01010000D   1327
     128       0       0       3       0                               0D   1328
     126    3325       0       0       0                        01010500D   1329
     126       0       0       2       0                               0D   1330
     110    3327       0       0       0                        01010000D   1331
     110       0       0       1       0                               0D   1332
     126    3328       0       0       0                        01010500D   1333
     126       0       0       2       0                               0D   1334
     110    3330       0       0       0                        01010000D   1335
     110       0       0       1       0                               0D   1336
     126    3331       0       0       0                        01010500D   1337
     126       0       0       2       0                               0D   1338
     110    3333       0       0       0                        01010000D   1339
     110       0       0       1       0                               0D   1340
     126    3334       0       0       0                        01010500D   1341
     126       0       0       2       0                               0D   1342
     110    3336       0       0       0                        01010000D   1343
     110       0       0       1       0                               0D   1344
     102    3337       0       0       0                        01010500D   1345
     102       0       0       1       0                               0D   1346
     102    3338       0       0       0                        01010000D   1347
     102       0       0       1       0                               0D   1348
     142    3339       0       0       0                        00010500D   1349
     142       0       0       1       0                               0D   1350
     144    3340       0       0       0                        00000000D   1351
     144       0      -1       1       0                               0D   1352
     110    3341       0       0       0                        01010000D   1353
     110       0       0       1       0                               0D   1354
     110    3342       0       0       0                        01010000D   1355
     110       0       0       1       0                               0D   1356
     120    3343       0       0       0                        01010000D   1357
     120       0       0       1       0                               0D   1358
     126    3344       0       0       0                        01010500D   1359
     126       0       0       2       0                               0D   1360
     124    3346       0       0       0                        00000000D   1361
     124       0       0       3       0                               0D   1362
     100    3349       0       0       0            1361        01010000D   1363
     100       0       0       1       0                               0D   1364
     126    3350       0       0       0                        01010500D   1365
     126       0       0       2       0                               0D   1366
     110    3352       0       0       0                        01010000D   1367
     110       0       0       1       0                               0D   1368
     126    3353       0       0       0                        01010500D   1369
     126       0       0       2       0                               0D   1370
     124    3355       0       0       0                        00000000D   1371
     124       0       0       3       0                               0D   1372
     100    3358       0       0       0            1371        01010000D   1373
     100       0       0       1       0                               0D   1374
     126    3359       0       0       0                        01010500D   1375
     126       0       0       2       0                               0D   1376
     110    3361       0       0       0                        01010000D   1377
     110       0       0       1       0                               0D   1378
     102    3362       0       0       0                        01010500D   1379
     102       0       0       1       0                               0D   1380
     102    3363       0       0       0                        01010000D   1381
     102       0       0       1       0                               0D   1382
     142    3364       0       0       0                        00010500D   1383
     142       0       0       1       0                               0D   1384
     144    3365       0       0       0                        00000000D   1385
     144       0      -1       1       0                               0D   1386
     128    3366       0       0       0                        01010000D   1387
     128       0       0       3       0                               0D   1388
     126    3369       0       0       0                        01010500D   1389
     126       0       0       2       0                               0D   1390
     110    3371       0       0       0                        01010000D   1391
     110       0       0       1       0                               0D   1392
     126    3372       0       0       0                        01010500D   1393
     126       0       0       2       0                               0D   1394
     110    3374       0       0       0                        01010000D   1395
     110       0       0       1       0                               0D   1396
     126    3375       0       0       0                        01010500D   1397
     126       0       0       2       0                               0D   1398
     110    3377       0       0       0                        01010000D   1399
     110       0       0       1       0                               0D   1400
     126    3378       0       0       0                        01010500D   1401
     126       0       0       2       0                               0D   1402
     110    3380       0       0       0                        01010000D   1403
     110       0       0       1       0                               0D   1404
     102    3381       0       0       0                        01010500D   1405
     102       0       0       1       0                               0D   1406
     102    3382       0       0       0                        01010000D   1407
     102       0       0       1       0                               0D   1408
     142    3383       0       0       0                        00010500D   1409
     142       0       0       1       0                               0D   1410
     144    3384       0       0       0                        00000000D   1411
     144       0      -1       1       0                               0D   1412
     110    3385       0       0       0                        01010000D   1413
     110       0       0       1       0                               0D   1414
     110    3386       0       0       0                        01010000D   1415
     110       0       0       1       0                               0D   1416
     120    3387       0       0       0                        01010000D   1417
     120       0       0       1       0                               0D   1418
     126    3388       0       0       0                        01010500D   1419
     126       0       0       2       0                               0D   1420
     124    3390       0       0       0                        00000000D   1421
     124       0       0       3       0                               0D   1422
     100    3393       0       0       0            1421        01010000D   1423
     100       0       0       1       0                               0D   1424
     126    3394       0       0       0                        01010500D   1425
     126       0       0       2       0                               0D   1426
     110    3396       0       0       0                        01010000D   1427
     110       0       0       1       0                               0D   1428
     126    3397       0       0       0                        01010500D   1429
     126       0       0       2       0                               0D   1430
     124    3399       0       0       0                        00000000D   1431
     124       0       0       3       0                               0D   1432
     100    3402       0       0       0            1431        01010000D   1433
     100       0       0       1       0                               0D   1434
     126    3403       0       0       0                        01010500D   1435
     126       0       0       2       0                               0D   1436
     110    3405       0       0       0                        01010000D   1437
     110       0       0       1       0                               0D   1438
     102    3406       0       0       0                        01010500D   1439
     102       0       0       1       0                               0D   1440
     102    3407       0       0       0                        01010000D   1441
     102       0       0       1       0                               0D   1442
     142    3408       0       0       0                        00010500D   1443
     142       0       0       1       0                               0D   1444
     144    3409       0       0       0                        00000000D   1445
     144       0      -1       1       0                               0D   1446
     128    3410       0       0       0                        01010000D   1447
     128       0       0       3       0                               0D   1448
     126    3413       0       0       0                        01010500D   1449
     126       0       0       2       0                               0D   1450
     110    3415       0       0       0                        01010000D   1451
     110       0       0       1       0                               0D   1452
     126    3416       0       0       0                        01010500D   1453
     126       0       0       2       0                               0D   1454
     110    3418       0       0       0                        01010000D   1455
     110       0       0       1       0                               0D   1456
     126    3419       0       0       0                        01010500D   1457
     126       0       0       2       0                               0D   1458
     110    3421       0       0       0                        01010000D   1459
     110       0       0       1       0                               0D   1460
     126    3422       0       0       0                        01010500D   1461
     126       0       0       2       0                               0D   1462
     110    3424       0       0       0                        01010000D   1463
     110       0       0       1       0                               0D   1464
     102    3425       0       0       0                        01010500D   1465
     102       0       0       1       0                               0D   1466
     102    3426       0       0       0                        01010000D   1467
     102       0       0       1       0                               0D   1468
     142    3427       0       0       0                        00010500D   1469
     142       0       0       1       0                               0D   1470
     144    3428       0       0       0                        00000000D   1471
     144       0      -1       1       0                               0D   1472
     110    3429       0       0       0                        01010000D   1473
     110       0       0       1       0                               0D   1474
     110    3430       0       0       0                        01010000D   1475
     110       0       0       1       0                               0D   1476
     120    3431       0       0       0                        01010000D   1477
     120       0       0       1       0                               0D   1478
     126    3432       0       0       0                        01010500D   1479
     126       0       0       2       0                               0D   1480
     124    3434       0       0       0                        00000000D   1481
     124       0       0       3       0                               0D   1482
     100    3437       0       0       0            1481        01010000D   1483
     100       0       0       1       0                               0D   1484
     126    3438       0       0       0                        01010500D   1485
     126       0       0       2       0                               0D   1486
     110    3440       0       0       0                        01010000D   1487
     110       0       0       1       0                               0D   1488
     126    3441       0       0       0                        01010500D   1489
     126       0       0       2       0                               0D   1490
     124    3443       0       0       0                        00000000D   1491
     124       0       0       3       0                               0D   1492
     100    3446       0       0       0            1491        01010000D   1493
     100       0       0       1       0                               0D   1494
     126    3447       0       0       0                        01010500D   1495
     126       0       0       2       0                               0D   1496
     110    3449       0       0       0                        01010000D   1497
     110       0       0       1       0                               0D   1498
     102    3450       0       0       0                        01010500D   1499
     102       0       0       1       0                               0D   1500
     102    3451       0       0       0                        01010000D   1501
     102       0       0       1       0                               0D   1502
     142    3452       0       0       0                        00010500D   1503
     142       0       0       1       0                               0D   1504
     144    3453       0       0       0                        00000000D   1505
     144       0      -1       1       0                               0D   1506
     110    3454       0       0       0                        01010000D   1507
     110       0       0       1       0                               0D   1508
     110    3455       0       0       0                        01010000D   1509
     110       0       0       1       0                               0D   1510
     120    3456       0       0       0                        01010000D   1511
     120       0       0       1       0                               0D   1512
     126    3457       0       0       0                        01010500D   1513
     126       0       0       2       0                               0D   1514
     124    3459       0       0       0                        00000000D   1515
     124       0       0       4       0                               0D   1516
     100    3463       0       0       0            1515        01010000D   1517
     100       0       0       1       0                               0D   1518
     126    3464       0       0       0                        01010500D   1519
     126       0       0       2       0                               0D   1520
     110    3466       0       0       0                        01010000D   1521
     110       0       0       1       0                               0D   1522
     126    3467       0       0       0                        01010500D   1523
     126       0       0       2       0                               0D   1524
     124    3469       0       0       0                        00000000D   1525
     124       0       0       2       0                               0D   1526
     100    3471       0       0       0            1525        01010000D   1527
     100       0       0       1       0                               0D   1528
     126    3472       0       0       0                        01010500D   1529
     126       0       0       2       0                               0D   1530
     110    3474       0       0       0                        01010000D   1531
     110       0       0       1       0                               0D   1532
     102    3475       0       0       0                        01010500D   1533
     102       0       0       1       0                               0D   1534
     102    3476       0       0       0                        01010000D   1535
     102       0       0       1       0                               0D   1536
     142    3477       0       0       0                        00010500D   1537
     142       0       0       1       0                               0D   1538
     144    3478       0       0       0                        00000000D   1539
     144       0      -1       1       0                               0D   1540
     128    3479       0       0       0                        01010000D   1541
     128       0       0       3       0                               0D   1542
     126    3482       0       0       0                        01010500D   1543
     126       0       0       2       0                               0D   1544
     110    3484       0       0       0                        01010000D   1545
     110       0       0       1       0                               0D   1546
     126    3485       0       0       0                        01010500D   1547
     126       0       0       2       0                               0D   1548
     110    3487       0       0       0                        01010000D   1549
     110       0       0       1       0                               0D   1550
     126    3488       0       0       0                        01010500D   1551
     126       0       0       2       0                               0D   1552
     110    3490       0       0       0                        01010000D   1553
     110       0       0       1       0                               0D   1554
     126    3491       0       0       0                        01010500D   1555
     126       0       0       2       0                               0D   1556
     110    3493       0       0       0                        01010000D   1557
     110       0       0       1       0                               0D   1558
     102    3494       0       0       0                        01010500D   1559
     102       0       0       1       0                               0D   1560
     102    3495       0       0       0                        01010000D   1561
     102       0       0       1       0                               0D   1562
     142    3496       0       0       0                        00010500D   1563
     142       0       0       1       0                               0D   1564
     144    3497       0       0       0                        00000000D   1565
     144       0      -1       1       0                               0D   1566
     128    3498       0       0       0                        01010000D   1567
     128       0       0       2       0                               0D   1568
     126    3500       0       0       0                        01010500D   1569
     126       0       0       2       0                               0D   1570
     110    3502       0       0       0                        01010000D   1571
     110       0       0       1       0                               0D   1572
     126    3503       0       0       0                        01010500D   1573
     126       0       0       2       0                               0D   1574
     110    3505       0       0       0                        01010000D   1575
     110       0       0       1       0                               0D   1576
     126    3506       0       0       0                        01010500D   1577
     126       0       0       2       0                               0D   1578
     110    3508       0       0       0                        01010000D   1579
     110       0       0       1       0                               0D   1580
     126    3509       0       0       0                        01010500D   1581
     126       0       0       2       0                               0D   1582
     110    3511       0       0       0                        01010000D   1583
     110       0       0       1       0                               0D   1584
     102    3512       0       0       0                        01010500D   1585
     102       0       0       1       0                               0D   1586
     102    3513       0       0       0                        01010000D   1587
     102       0       0       1       0                               0D   1588
     142    3514       0       0       0                        00010500D   1589
     142       0       0       1       0                               0D   1590
     144    3515       0       0       0                        00000000D   1591
     144       0      -1       1       0                               0D   1592
     110    3516       0       0       0                        01010000D   1593
     110       0       0       1       0                               0D   1594
     110    3517       0       0       0                        01010000D   1595
     110       0       0       1       0                               0D   1596
     120    3518       0       0       0                        01010000D   1597
     120       0       0       1       0                               0D   1598
     126    3519       0       0       0                        01010500D   1599
     126       0       0       2       0                               0D   1600
     124    3521       0       0       0                        00000000D   1601
     124       0       0       3       0                               0D   1602
     100    3524       0       0       0            1601        01010000D   1603
     100       0       0       1       0                               0D   1604
     126    3525       0       0       0                        01010500D   1605
     126       0       0       2       0                               0D   1606
     110    3527       0       0       0                        01010000D   1607
     110       0       0       1       0                               0D   1608
     126    3528       0       0       0                        01010500D   1609
     126       0       0       2       0                               0D   1610
     124    3530       0       0       0                        00000000D   1611
     124       0       0       3       0                               0D   1612
     100    3533       0       0       0            1611        01010000D   1613
     100       0       0       1       0                               0D   1614
     126    3534       0       0       0                        01010500D   1615
     126       0       0       2       0                               0D   1616
     110    3536       0       0       0                        01010000D   1617
     110       0       0       1       0                               0D   1618
     102    3537       0       0       0                        01010500D   1619
     102       0       0       1       0                               0D   1620
     102    3538       0       0       0                        01010000D   1621
     102       0       0       1       0                               0D   1622
     142    3539       0       0       0                        00010500D   1623
     142       0       0       1       0                               0D   1624
     144    3540       0       0       0                        00000000D   1625
     144       0      -1       1       0                               0D   1626
     110    3541       0       0       0                        01010000D   1627
     110       0       0       1       0                               0D   1628
     110    3542       0       0       0                        01010000D   1629
     110       0       0       1       0                               0D   1630
     120    3543       0       0       0                        01010000D   1631
     120       0       0       1       0                               0D   1632
     126    3544       0       0       0                        01010500D   1633
     126       0       0       2       0                               0D   1634
     124    3546       0       0       0                        00000000D   1635
     124       0       0       2       0                               0D   1636
     100    3548       0       0       0            1635        01010000D   1637
     100       0       0       1       0                               0D   1638
     126    3549       0       0       0                        01010500D   1639
     126       0       0       2       0                               0D   1640
     110    3551       0       0       0                        01010000D   1641
     110       0       0       1       0                               0D   1642
     126    3552       0       0       0                        01010500D   1643
     126       0       0       2       0                               0D   1644
     124    3554       0       0       0                        00000000D   1645
     124       0       0       3       0                               0D   1646
     100    3557       0       0       0            1645        01010000D   1647
     100       0       0       1       0                               0D   1648
     126    3558       0       0       0                        01010500D   1649
     126       0       0       2       0                               0D   1650
     110    3560       0       0       0                        01010000D   1651
     110       0       0       1       0                               0D   1652
     102    3561       0       0       0                        01010500D   1653
     102       0       0       1       0                               0D   1654
     102    3562       0       0       0                        01010000D   1655
     102       0       0       1       0                               0D   1656
     142    3563       0       0       0                        00010500D   1657
     142       0       0       1       0                               0D   1658
     144    3564       0       0       0                        00000000D   1659
     144       0      -1       1       0                               0D   1660
     128    3565       0       0       0                        01010000D   1661
     128       0       0       3       0                               0D   1662
     126    3568       0       0       0                        01010500D   1663
     126       0       0       2       0                               0D   1664
     110    3570       0       0       0                        01010000D   1665
     110       0       0       1       0                               0D   1666
     126    3571       0       0       0                        01010500D   1667
     126       0       0       2       0                               0D   1668
     110    3573       0       0       0                        01010000D   1669
     110       0       0       1       0                               0D   1670
     126    3574       0       0       0                        01010500D   1671
     126       0       0       2       0                               0D   1672
     110    3576       0       0       0                        01010000D   1673
     110       0       0       1       0                               0D   1674
     126    3577       0       0       0                        01010500D   1675
     126       0       0       2       0                               0D   1676
     110    3579       0       0       0                        01010000D   1677
     110       0       0       1       0                               0D   1678
     102    3580       0       0       0                        01010500D   1679
     102       0       0       1       0                               0D   1680
     102    3581       0       0       0                        01010000D   1681
     102       0       0       1       0                               0D   1682
     142    3582       0       0       0                        00010500D   1683
     142       0       0       1       0                               0D   1684
     144    3583       0       0       0                        00000000D   1685
     144       0      -1       1       0                               0D   1686
     128    3584       0       0       0                        01010000D   1687
     128       0       0       3       0                               0D   1688
     126    3587       0       0       0                        01010500D   1689
     126       0       0       2       0                               0D   1690
     110    3589       0       0       0                        01010000D   1691
     110       0       0       1       0                               0D   1692
     126    3590       0       0       0                        01010500D   1693
     126       0       0       2       0                               0D   1694
     110    3592       0       0       0                        01010000D   1695
     110       0       0       1       0                               0D   1696
     126    3593       0       0       0                        01010500D   1697
     126       0       0       2       0                               0D   1698
     110    3595       0       0       0                        01010000D   1699
     110       0       0       1       0                               0D   1700
     126    3596       0       0       0                        01010500D   1701
     126       0       0       2       0                               0D   1702
     110    3598       0       0       0                        01010000D   1703
     110       0       0       1       0                               0D   1704
     102    3599       0       0       0                        01010500D   1705
     102       0       0       1       0                               0D   1706
     102    3600       0       0       0                        01010000D   1707
     102       0       0       1       0                               0D   1708
     142    3601       0       0       0                        00010500D   1709
     142       0       0       1       0                               0D   1710
     144    3602       0       0       0                        00000000D   1711
     144       0      -1       1       0                               0D   1712
     128    3603       0       0       0                        01010000D   1713
     128       0       0       3       0                               0D   1714
     126    3606       0       0       0                        01010500D   1715
     126       0       0       2       0                               0D   1716
     110    3608       0       0       0                        01010000D   1717
     110       0       0       1       0                               0D   1718
     126    3609       0       0       0                        01010500D   1719
     126       0       0       2       0                               0D   1720
     110    3611       0       0       0                        01010000D   1721
     110       0       0       1       0                               0D   1722
     126    3612       0       0       0                        01010500D   1723
     126       0       0       2       0                               0D   1724
     110    3614       0       0       0                        01010000D   1725
     110       0       0       2       0                               0D   1726
     126    3616       0       0       0                        01010500D   1727
     126       0       0       2       0                               0D   1728
     110    3618       0       0       0                        01010000D   1729
     110       0       0       1       0                               0D   1730
     102    3619       0       0       0                        01010500D   1731
     102       0       0       1       0                               0D   1732
     102    3620       0       0       0                        01010000D   1733
     102       0       0       1       0                               0D   1734
     142    3621       0       0       0                        00010500D   1735
     142       0       0       1       0                               0D   1736
     144    3622       0       0       0                        00000000D   1737
     144       0      -1       1       0                               0D   1738
     128    3623       0       0       0                        01010000D   1739
     128       0       0       3       0                               0D   1740
     126    3626       0       0       0                        01010500D   1741
     126       0       0       2       0                               0D   1742
     110    3628       0       0       0                        01010000D   1743
     110       0       0       1       0                               0D   1744
     126    3629       0       0       0                        01010500D   1745
     126       0       0       2       0                               0D   1746
     110    3631       0       0       0                        01010000D   1747
     110       0       0       1       0                               0D   1748
     126    3632       0       0       0                        01010500D   1749
     126       0       0       2       0                               0D   1750
     110    3634       0       0       0                        01010000D   1751
     110       0       0       1       0                               0D   1752
     126    3635       0       0       0                        01010500D   1753
     126       0       0       2       0                               0D   1754
     110    3637       0       0       0                        01010000D   1755
     110       0       0       1       0                               0D   1756
     102    3638       0       0       0                        01010500D   1757
     102       0       0       1       0                               0D   1758
     102    3639       0       0       0                        01010000D   1759
     102       0       0       1       0                               0D   1760
     142    3640       0       0       0                        00010500D   1761
     142       0       0       1       0                               0D   1762
     144    3641       0       0       0                        00000000D   1763
     144       0      -1       1       0                               0D   1764
     128    3642       0       0       0                        01010000D   1765
     128       0       0       3       0                               0D   1766
     126    3645       0       0       0                        01010500D   1767
     126       0       0       2       0                               0D   1768
     110    3647       0       0       0                        01010000D   1769
     110       0       0       1       0                               0D   1770
     126    3648       0       0       0                        01010500D   1771
     126       0       0       2       0                               0D   1772
     110    3650       0       0       0                        01010000D   1773
     110       0       0       1       0                               0D   1774
     126    3651       0       0       0                        01010500D   1775
     126       0       0       2       0                               0D   1776
     110    3653       0       0       0                        01010000D   1777
     110       0       0       1       0                               0D   1778
     126    3654       0       0       0                        01010500D   1779
     126       0       0       2       0                               0D   1780
     110    3656       0       0       0                        01010000D   1781
     110       0       0       1       0                               0D   1782
     102    3657       0       0       0                        01010500D   1783
     102       0       0       1       0                               0D   1784
     102    3658       0       0       0                        01010000D   1785
     102       0       0       1       0                               0D   1786
     142    3659       0       0       0                        00010500D   1787
     142       0       0       1       0                               0D   1788
     144    3660       0       0       0                        00000000D   1789
     144       0      -1       1       0                               0D   1790
     128    3661       0       0       0                        01010000D   1791
     128       0       0       4       0                               0D   1792
     126    3665       0       0       0                        01010500D   1793
     126       0       0       2       0                               0D   1794
     110    3667       0       0       0                        01010000D   1795
     110       0       0       1       0                               0D   1796
     126    3668       0       0       0                        01010500D   1797
     126       0       0       2       0                               0D   1798
     110    3670       0       0       0                        01010000D   1799
     110       0       0       2       0                               0D   1800
     126    3672       0       0       0                        01010500D   1801
     126       0       0       2       0                               0D   1802
     110    3674       0       0       0                        01010000D   1803
     110       0       0       1       0                               0D   1804
     126    3675       0       0       0                        01010500D   1805
     126       0       0       2       0                               0D   1806
     110    3677       0       0       0                        01010000D   1807
     110       0       0       1       0                               0D   1808
     102    3678       0       0       0                        01010500D   1809
     102       0       0       1       0                               0D   1810
     102    3679       0       0       0                        01010000D   1811
     102       0       0       1       0                               0D   1812
     142    3680       0       0       0                        00010500D   1813
     142       0       0       1       0                               0D   1814
     144    3681       0       0       0                        00000000D   1815
     144       0      -1       1       0                               0D   1816
     128    3682       0       0       0                        01010000D   1817
     128       0       0       3       0                               0D   1818
     126    3685       0       0       0                        01010500D   1819
     126       0       0       2       0                               0D   1820
     110    3687       0       0       0                        01010000D   1821
     110       0       0       1       0                               0D   1822
     126    3688       0       0       0                        01010500D   1823
     126       0       0       2       0                               0D   1824
     110    3690       0       0       0                        01010000D   1825
     110       0       0       1       0                               0D   1826
     126    3691       0       0       0                        01010500D   1827
     126       0       0       2       0                               0D   1828
     110    3693       0       0       0                        01010000D   1829
     110       0       0       1       0                               0D   1830
     126    3694       0       0       0                        01010500D   1831
     126       0       0       2       0                               0D   1832
     110    3696       0       0       0                        01010000D   1833
     110       0       0       1       0                               0D   1834
     102    3697       0       0       0                        01010500D   1835
     102       0       0       1       0                               0D   1836
     102    3698       0       0       0                        01010000D   1837
     102       0       0       1       0                               0D   1838
     142    3699       0       0       0                        00010500D   1839
     142       0       0       1       0                               0D   1840
     144    3700       0       0       0                        00000000D   1841
     144       0      -1       1       0                               0D   1842
     128    3701       0       0       0                        01010000D   1843
     128       0       0       3       0                               0D   1844
     126    3704       0       0       0                        01010500D   1845
     126       0       0       2       0                               0D   1846
     110    3706       0       0       0                        01010000D   1847
     110       0       0       1       0                               0D   1848
     126    3707       0       0       0                        01010500D   1849
     126       0       0       2       0                               0D   1850
     110    3709       0       0       0                        01010000D   1851
     110       0       0       1       0                               0D   1852
     126    3710       0       0       0                        01010500D   1853
     126       0       0       2       0                               0D   1854
     110    3712       0       0       0                        01010000D   1855
     110       0       0       1       0                               0D   1856
     126    3713       0       0       0                        01010500D   1857
     126       0       0       2       0                               0D   1858
     110    3715       0       0       0                        01010000D   1859
     110       0       0       1       0                               0D   1860
     102    3716       0       0       0                        01010500D   1861
     102       0       0       1       0                               0D   1862
     102    3717       0       0       0                        01010000D   1863
     102       0       0       1       0                               0D   1864
     142    3718       0       0       0                        00010500D   1865
     142       0       0       1       0                               0D   1866
     144    3719       0       0       0                        00000000D   1867
     144       0      -1       1       0                               0D   1868
     128    3720       0       0       0                        01010000D   1869
     128       0       0       3       0                               0D   1870
     126    3723       0       0       0                        01010500D   1871
     126       0       0       2       0                               0D   1872
     110    3725       0       0       0                        01010000D   1873
     110       0       0       1       0                               0D   1874
     126    3726       0       0       0                        01010500D   1875
     126       0       0       2       0                               0D   1876
     110    3728       0       0       0                        01010000D   1877
     110       0       0       1       0                               0D   1878
     126    3729       0       0       0                        01010500D   1879
     126       0       0       2       0                               0D   1880
     110    3731       0       0       0                        01010000D   1881
     110       0       0       1       0                               0D   1882
     126    3732       0       0       0                        01010500D   1883
     126       0       0       2       0                               0D   1884
     110    3734       0       0       0                        01010000D   1885
     110       0       0       1       0                               0D   1886
     102    3735       0       0       0                        01010500D   1887
     102       0       0       1       0                               0D   1888
     102    3736       0       0       0                        01010000D   1889
     102       0       0       1       0                               0D   1890
     142    3737       0       0       0                        00010500D   1891
     142       0       0       1       0                               0D   1892
     144    3738       0       0       0                        00000000D   1893
     144       0      -1       1       0                               0D   1894
     128    3739       0       0       0                        01010000D   1895
     128       0       0       3       0                               0D   1896
     126    3742       0       0       0                        01010500D   1897
     126       0       0       2       0                               0D   1898
     110    3744       0       0       0                        01010000D   1899
     110       0       0       1       0                               0D   1900
     126    3745       0       0       0                        01010500D   1901
     126       0       0       2       0                               0D   1902
     110    3747       0       0       0                        01010000D   1903
     110       0       0       1       0                               0D   1904
     126    3748       0       0       0                        01010500D   1905
     126       0       0       2       0                               0D   1906
     110    3750       0       0       0                        01010000D   1907
     110       0       0       1       0                               0D   1908
     126    3751       0       0       0                        01010500D   1909
     126       0       0       2       0                               0D   1910
     110    3753       0       0       0                        01010000D   1911
     110       0       0       1       0                               0D   1912
     102    3754       0       0       0                        01010500D   1913
     102       0       0       1       0                               0D   1914
     102    3755       0       0       0                        01010000D   1915
     102       0       0       1       0                               0D   1916
     142    3756       0       0       0                        00010500D   1917
     142       0       0       1       0                               0D   1918
     144    3757       0       0       0                        00000000D   1919
     144       0      -1       1       0                               0D   1920
     128    3758       0       0       0                        01010000D   1921
     128       0       0       4       0                               0D   1922
     126    3762       0       0       0                        01010500D   1923
     126       0       0       2       0                               0D   1924
     110    3764       0       0       0                        01010000D   1925
     110       0       0       1       0                               0D   1926
     126    3765       0       0       0                        01010500D   1927
     126       0       0       2       0                               0D   1928
     110    3767       0       0       0                        01010000D   1929
     110       0       0       1       0                               0D   1930
     126    3768       0       0       0                        01010500D   1931
     126       0       0       2       0                               0D   1932
     110    3770       0       0       0                        01010000D   1933
     110       0       0       1       0                               0D   1934
     126    3771       0       0       0                        01010500D   1935
     126       0       0       2       0                               0D   1936
     110    3773       0       0       0                        01010000D   1937
     110       0       0       1       0                               0D   1938
     102    3774       0       0       0                        01010500D   1939
     102       0       0       1       0                               0D   1940
     102    3775       0       0       0                        01010000D   1941
     102       0       0       1       0                               0D   1942
     142    3776       0       0       0                        00010500D   1943
     142       0       0       1       0                               0D   1944
     144    3777       0       0       0                        00000000D   1945
     144       0      -1       1       0                               0D   1946
314,79.2156862745098,81.9607843137255,93.3333333333333,;               1P      1
128,25,3,3,3,0,0,1,0,0,0.499989538725585,0.499989538725585,            3P      2
0.499989538725585,0.499989538725585,0.5,0.534006717127435,             3P      3
0.56801343425487,0.56801343425487,0.577126759015897,                   3P      4
0.586240083776923,0.59535340853795,0.604466733298977,                  3P      5
0.604466733298977,0.674671830669021,0.744876928039064,                 3P      6
0.815082025409108,0.885287122779152,0.885287122779152,                 3P      7
0.895274269665171,0.90526141655119,0.915248563437208,                  3P      8
0.925235710323227,0.925235710323227,0.94392678274242,                  3P      9
0.962617855161614,0.981308927580807,1.,1.,1.,1.,0.,0.,0.,0.,           3P     10
0.969944212846239,0.969944212846239,0.969944212846239,                 3P     11
0.969944212846239,1.,1.,1.,1.,1.,1.,1.,1.,1.,1.,1.,1.,1.,1.,1.,        3P     12
1.,1.,1.,1.,1.,1.,1.,1.,1.,1.,1.,1.,1.,1.,1.,1.,1.,1.,1.,1.,1.,        3P     13
1.,1.,1.,1.,1.,1.,1.,1.,1.,1.,1.,1.,1.,1.,1.,1.,1.,1.,1.,1.,1.,        3P     14
1.,1.,1.,1.,1.,1.,1.,1.,1.,1.,1.,1.,1.,1.,1.,1.,1.,1.,1.,1.,1.,        3P     15
1.,1.,1.,1.,1.,1.,1.,1.,1.,1.,1.,1.,1.,1.,1.,1.,1.,1.,1.,1.,1.,        3P     16
1.,1.,1.,1.,1.,-2.00000968,3.,-0.000107512,-2.000009683,3.,            3P     17
-6.7057E-05,-2.000013594,3.,0.131478961,-1.97387371,3.,                3P     18
0.394509234,-1.897788987,3.,0.644087822,-1.835769528,3.,               3P     19
0.794438027,-1.810033662,3.,0.852335992,-1.769776727,3.,               3P     20
0.933104673,-1.724897421,3.,1.013711509,-1.689391073,3.,               3P     21
1.071204624,-1.502032356,3.,1.354324463,-1.050287949,3.,               3P     22
1.786605758,-0.138992552,3.,2.069246222,0.804745003,3.,                3P     23
1.910738691,1.313650711,3.,1.538346956,1.540601877,3.,                 3P     24
1.276092275,1.59162605,3.,1.212963298,1.658885107,3.,                  3P     25
1.11913762,1.720181096,3.,1.022443635,1.758631187,3.,                  3P     26
0.953378552,1.813118564,3.,0.847706065,1.876931373,3.,                 3P     27
0.704233032,1.947529966,3.,0.475761205,1.990520562,3.,                 3P     28
0.238999256,2.,3.,0.079344886,2.,3.,0.,-5.224370815,3.,                3P     29
-0.000344403,-5.224370816,3.,-0.000226478,-5.224373463,3.,             3P     30
0.38323446,-5.206684988,3.,1.150023991,-5.155199578,3.,                3P     31
1.913587115,-5.113231924,3.,2.396342326,-5.065037771,3.,               3P     32
2.608169219,-4.87847062,3.,2.895084631,-4.617870013,3.,                3P     33
3.086997463,-4.439187782,3.,3.149728914,-3.688903403,3.,               3P     34
3.341311937,-2.296654625,3.,3.633830318,-0.075975157,3.,               3P     35
3.825088955,2.162578077,3.,3.717829245,3.585007982,3.,                 3P     36
3.465837246,4.362083987,3.,3.288373368,4.559825241,3.,                 3P     37
3.217242394,4.829858817,3.,3.010720809,5.021422743,3.,                 3P     38
2.72055456,5.07859977,3.,2.504450804,5.115470575,3.,                   3P     39
2.200114268,5.158651762,3.,1.803242722,5.206424789,3.,                 3P     40
1.205453682,5.235515892,3.,0.604556545,5.241930488,3.,                 3P     41
0.201877437,5.241930488,3.,0.,-8.458606085,3.156730879,                3P     42
-0.000581295,-8.458606086,3.156730879,-0.000385899,                    3P     43
-8.458607468,3.156730879,0.63498996,-8.449370403,3.156730879,          3P     44
1.905538749,-8.422484305,3.156730879,3.183086409,-8.400568456,         3P     45
3.156730879,3.998246625,-8.329916016,3.156730879,4.364002447,          3P     46
-7.997038649,3.156730879,4.857064588,-7.52071674,3.156730879,          3P     47
5.160283418,-7.198858627,3.156730879,5.228253204,-5.885648587,         3P     48
3.156730879,5.32829941,-3.552895438,3.156730879,5.481054879,           3P     49
-0.022831899,3.156730879,5.580931688,3.510537015,3.156730879,          3P     50
5.524919798,5.846491116,3.156730879,5.393327535,7.17369196,            3P     51
3.156730879,5.300654461,7.518150295,3.156730879,5.221521489,           3P     52
7.99095839,3.156730879,4.902303998,8.312790253,3.156730879,            3P     53
4.418665485,8.388694217,3.156730879,4.055523056,8.407948449,           3P     54
3.156730879,3.552522471,8.430498015,3.156730879,2.902252413,           3P     55
8.455445477,3.156730879,1.93514616,8.470637086,3.156730879,            3P     56
0.970113834,8.473986841,3.156730879,0.324409987,8.473986841,           3P     57
3.156730879,0.,-11.698772647,3.470389779,-0.000818187,                 3P     58
-11.698772647,3.470389779,-0.000545319,-11.698772764,                  3P     59
3.470389779,0.886745459,-11.69798711,3.470389779,2.661053507,          3P     60
-11.695700323,3.470389779,4.452585702,-11.69383628,3.470389779,        3P     61
5.600150924,-11.600725552,3.470389779,6.119835674,-11.12153797,        3P     62
3.470389779,6.819044546,-10.429494759,3.470389779,7.233569372,         3P     63
-9.964460763,3.470389779,7.306777495,-8.088325062,3.470389779,         3P     64
7.315286884,-4.815067543,3.470389779,7.328279439,0.024380069,          3P     65
3.470389779,7.33677442,4.852564662,3.470389779,7.332010352,            3P     66
8.102042959,3.470389779,7.320817825,9.979368642,3.470389779,           3P     67
7.312935554,10.470544058,3.470389779,7.225800585,11.146126672,         3P     68
3.470389779,6.793887187,11.598226471,3.470389779,6.116776409,          3P     69
11.692857371,3.470389779,5.606595308,11.694495032,3.470389779,         3P     70
4.904930674,11.696412977,3.470389779,4.001262103,11.698534873,         3P     71
3.470389779,2.664838638,11.699826989,3.470389779,1.335671123,          3P     72
11.700111901,3.470389779,0.446942537,11.700111901,3.470389779,         3P     73
0.,0.499989538725585,1.,0.,0.969944212846239;                          3P     74
126,1,1,1,0,1,0,0.,0.,1.,1.,1.,1.,1.,0.,0.,1.,0.953567706,0.,          5P     75
0.,1.,0.,0.,1.;                                                        5P     76
126,3,3,1,0,1,0,0.,0.,0.,0.,0.953567706428428,                         7P     77
0.953567706428428,0.953567706428428,0.953567706428428,1.,1.,1.,        7P     78
1.,2.,3.,0.,5.18719384,3.,0.,8.364844158,3.15148308,0.,                7P     79
11.536697439,3.454636564,0.,0.,0.953567706428428,0.,0.,-1.;            7P     80
126,2,2,1,0,1,0,0.,0.,0.,1.,1.,1.,1.,1.,1.,1.,0.953567706,0.,          9P     81
0.965857172,0.953567706,0.,0.92523571,0.955555697,0.,0.,1.,0.,         9P     82
0.,1.;                                                                 9P     83
126,9,3,1,0,1,0,0.00529624366462233,0.00529624366462233,              11P     84
0.00529624366462233,0.00529624366462233,0.00804366906426044,          11P     85
0.00804366906426044,0.00804366906426044,0.0105924811207096,           11P     86
0.0105924811207096,0.0105924811207096,0.0105925411207096,             11P     87
0.0105925411207096,0.0105925411207096,0.0105925411207096,1.,1.,       11P     88
1.,1.,1.,1.,1.,1.,1.,1.,11.536697439,3.454636564,0.,                  11P     89
11.536697439,3.454636564,0.915809627,11.53768215,3.454825056,         11P     90
1.831619701,11.539556357,3.455182763,2.74742734,11.541295076,         11P     91
3.455514611,3.597030799,11.543777143,3.455987932,4.44663275,          11P     92
11.546650996,3.456534539,5.296233016,11.546651064,3.456534552,        11P     93
5.296253016,11.546651132,3.456534565,5.296273016,11.546651199,        11P     94
3.456534578,5.296293016,0.00529624366462233,0.0105925411207096,       11P     95
0.,0.,0.;                                                             11P     96
126,2,2,1,0,1,0,0.,0.,0.,1.,1.,1.,1.,1.,1.,0.92523571,                13P     97
0.955555697,0.,0.924333814,0.956845763,0.,0.923468235,                13P     98
0.957850839,0.,0.,1.,0.,0.,-1.;                                       13P     99
126,6,3,1,0,1,0,-5.90449572618667E-08,-5.90449572618667E-08,          15P    100
-5.90449572618667E-08,-5.90449572618667E-08,0.,0.,0.,                 15P    101
0.000140927393594873,0.000140927393594873,0.000140927393594873,       15P    102
0.000140927393594873,1.,1.,1.,1.,1.,1.,1.,11.546651199,               15P    103
3.456534578,5.296293016,11.546654745,3.456534558,5.296312375,         15P    104
11.546658296,3.456535254,5.296331728,11.546661844,3.456535593,        15P    105
5.296351084,11.555130014,3.457342933,5.34255026,11.56132918,          15P    106
3.458071401,5.389221507,11.565274892,3.45873076,5.436026658,          15P    107
-5.90449572618667E-08,0.000140927393594873,0.,0.,0.;                  15P    108
126,16,2,1,0,1,0,0.,0.,0.,0.125,0.125,0.25,0.25,0.375,0.375,          17P    109
0.5,0.5,0.625,0.625,0.75,0.75,0.875,0.875,1.,1.,1.,1.,1.,1.,1.,       17P    110
1.,1.,1.,1.,1.,1.,1.,1.,1.,1.,1.,1.,1.,0.923468235,0.957850839,       17P    111
0.,0.92138454,0.960270341,0.,0.919043894,0.961754837,0.,              17P    112
0.916817219,0.963167051,0.,0.914611173,0.963587384,0.,                17P    113
0.912424524,0.964004021,0.,0.910191374,0.963481061,0.,                17P    114
0.907893451,0.962942933,0.,0.905864876,0.961470292,0.,                17P    115
0.903730291,0.959920694,0.,0.901659862,0.957246314,0.,                17P    116
0.899496828,0.954452315,0.,0.897658989,0.950679847,0.,                17P    117
0.895740944,0.946742742,0.,0.893955703,0.941094884,0.,                17P    118
0.89218202,0.935483591,0.,0.89062369,0.928495576,0.,0.,1.,0.,         17P    119
0.,-1.;                                                               17P    120
126,24,3,1,0,1,0,0.,0.,0.,0.,0.000175988916161805,                    19P    121
0.000175988916161805,0.000175988916161805,0.000674056742216897,       19P    122
0.000674056742216897,0.000674056742216897,0.0008535921237786,         19P    123
0.0008535921237786,0.0008535921237786,0.00134831738307022,            19P    124
0.00134831738307022,0.00134831738307022,0.0015018835459841,           19P    125
0.0015018835459841,0.0015018835459841,0.00201850272815477,            19P    126
0.00201850272815477,0.00201850272815477,0.00218940096147166,          19P    127
0.00218940096147166,0.00218940096147166,0.00278412362057105,          19P    128
0.00278412362057105,0.00278412362057105,0.00278412362057105,1.,       19P    129
1.,1.,1.,1.,1.,1.,1.,1.,1.,1.,1.,1.,1.,1.,1.,1.,1.,1.,1.,1.,1.,       19P    130
1.,1.,1.,11.565274892,3.45873076,5.436026658,11.570202262,            19P    131
3.459554162,5.494476528,11.571630864,3.460272635,5.553324442,         19P    132
11.569602594,3.460899408,5.611948989,11.563932566,3.462651549,        19P    133
5.775833894,11.530799174,3.463741676,5.941235271,11.470983985,        19P    134
3.464187221,6.093929168,11.449145427,3.464349889,6.149677793,         19P    135
11.423660883,3.464423675,6.204118257,11.395007106,3.464418644,        19P    136
6.256690297,11.316996174,3.464404946,6.399819553,11.213791291,        19P    137
3.463833179,6.53190017,11.092875507,3.462564347,6.641213722,          19P    138
11.054853039,3.462165357,6.675587821,11.014821871,3.461685619,        19P    139
6.707843831,10.973278028,3.461141062,6.737864799,10.835274124,        19P    140
3.459332106,6.837591026,10.678116343,3.456795536,6.914382367,         19P    141
10.515216468,3.453351157,6.963833729,10.46067891,3.452198007,         19P    142
6.980389644,10.405170304,3.450934474,6.994022324,10.349174526,        19P    143
3.449547609,7.004620567,10.156682005,3.444780086,7.041053361,         19P    144
9.956061878,3.438470173,7.041503487,9.761704449,3.4310387,            19P    145
7.017557481,0.,0.00278412362057105,-0.025143588,0.999612277,          19P    146
-0.011962234;                                                         19P    147
126,2,2,1,0,1,0,0.,0.,0.,1.,1.,1.,1.,1.,1.,0.89062369,                21P    148
0.928495576,0.,0.887616094,0.91500863,0.,0.885287123,                 21P    149
0.89569474,0.,0.,1.,0.,0.,-1.;                                        21P    150
126,6,3,1,0,1,0,0.,0.,0.,0.,0.000665813952436231,                     23P    151
0.000665813952436231,0.000665813952436231,0.000665873952436224,       23P    152
0.000665873952436224,0.000665873952436224,0.000665873952436224,       23P    153
1.,1.,1.,1.,1.,1.,1.,9.761704449,3.4310387,7.017557481,               23P    154
9.541590446,3.422622395,6.990438109,9.324750308,3.412494038,          23P    155
6.931284246,9.11692474,3.40111953,6.854241253,9.116906012,            23P    156
3.401118505,6.85423431,9.116887284,3.40111748,6.854227367,            23P    157
9.116868556,3.401116455,6.854220424,0.,0.000665873952436224,          23P    158
-0.030427818,0.99757332,-0.062622837;                                 23P    159
126,18,2,1,0,1,0,0.,0.,0.,0.0625,0.0625,0.125,0.125,0.25,0.25,        25P    160
0.375,0.375,0.5,0.5,0.625,0.625,0.75,0.75,0.875,0.875,1.,1.,1.,       25P    161
1.,1.,1.,1.,1.,1.,1.,1.,1.,1.,1.,1.,1.,1.,1.,1.,1.,1.,1.,             25P    162
0.885287123,0.89569474,0.,0.885193925,0.895616004,0.,                 25P    163
0.86838376,0.890552169,0.,0.858774249,0.887657433,0.,                 25P    164
0.851246296,0.885493197,0.,0.831371132,0.87977922,0.,                 25P    165
0.816276286,0.876400736,0.,0.797385107,0.872172568,0.,                25P    166
0.7805019,0.870357298,0.,0.762059811,0.868374418,0.,                  25P    167
0.744286593,0.869069396,0.,0.727039322,0.869743808,0.,                25P    168
0.708182007,0.873033824,0.,0.691989017,0.875858998,0.,                25P    169
0.672693562,0.88096978,0.,0.659005913,0.884595223,0.,                 25P    170
0.638098172,0.890923411,0.,0.621272456,0.896016085,0.,                25P    171
0.604466733,0.901174351,0.,0.,1.,0.,0.,1.;                            25P    172
126,18,3,1,0,1,0,-5.64580585081424E-08,-5.64580585081424E-08,         27P    173
-5.64580585081424E-08,-5.64580585081424E-08,0.,0.,0.,                 27P    174
0.00368484047259593,0.00368484047259593,0.00368484047259593,          27P    175
0.00815292210926374,0.00815292210926374,0.00815292210926374,          27P    176
0.0136159403024572,0.0136159403024572,0.0136159403024572,             27P    177
0.0182923203850673,0.0182923203850673,0.0182923203850673,             27P    178
0.0182923803850673,0.0182923803850673,0.0182923803850673,             27P    179
0.0182923803850673,1.,1.,1.,1.,1.,1.,1.,1.,1.,1.,1.,1.,1.,1.,         27P    180
1.,1.,1.,1.,1.,9.116868556,3.401116455,6.854220424,9.116849907,       27P    181
3.40111405,6.854219657,9.116830921,3.401116304,6.854219943,           27P    182
9.116812103,3.401116228,6.854219703,7.88864228,3.396173468,           27P    183
6.838516193,6.660472682,3.391133127,6.822692014,5.432272563,          27P    184
3.386905642,6.809322618,3.943021819,3.381779618,6.793111593,          27P    185
2.453686812,3.378081057,6.781239291,0.964340505,3.377535369,          27P    186
6.779206408,-0.856628167,3.376868177,6.776720877,-2.677626531,        27P    187
3.381216223,6.789888088,-4.498475045,3.38766599,6.809953425,          27P    188
-6.057156833,3.393187116,6.827129745,-7.615789984,3.399884154,        27P    189
6.848118911,-9.174438716,3.40604003,6.867884082,-9.174458714,         27P    190
3.406040109,6.867884336,-9.174478712,3.406040188,6.867884589,         27P    191
-9.17449871,3.406040267,6.867884843,-5.64580585081424E-08,            27P    192
0.0182923803850673,0.,0.,0.;                                          27P    193
126,10,2,1,0,1,0,0.,0.,0.,0.0625,0.0625,0.125,0.125,0.25,0.25,        29P    194
0.5,0.5,1.,1.,1.,1.,1.,1.,1.,1.,1.,1.,1.,1.,1.,1.,0.604466733,        29P    195
0.901174351,0.,0.604318587,0.902224095,0.,0.604182838,                29P    196
0.903275513,0.,0.604136729,0.903632647,0.,0.603895338,                29P    197
0.905340694,0.,0.603605499,0.907391559,0.,0.603309347,                29P    198
0.909362913,0.,0.602714094,0.913325243,0.,0.602092013,                29P    199
0.916974909,0.,0.600836632,0.924340053,0.,0.59946235,                 29P    200
0.930485323,0.,0.,1.,0.,0.,1.;                                        29P    201
126,6,3,1,0,1,0,-5.65832130286871E-08,-5.65832130286871E-08,          31P    202
-5.65832130286871E-08,-5.65832130286871E-08,0.,0.,0.,                 31P    203
0.000617825067101804,0.000617825067101804,0.000617825067101804,       31P    204
0.000617825067101804,1.,1.,1.,1.,1.,1.,1.,-9.17449871,                31P    205
3.406040267,6.867884843,-9.17451645,3.406040068,6.867891246,          31P    206
-9.174534117,3.406042122,6.867897723,-9.17455182,3.40604305,          31P    207
6.867904164,-9.367851272,3.416175124,6.938222312,-9.569000894,        31P    208
3.425261116,6.992468041,-9.773156506,3.432888466,7.018435113,         31P    209
-5.65832130286871E-08,0.000617825067101804,0.,0.,0.;                  31P    210
126,18,2,1,0,1,0,0.,0.,0.,0.1,0.1,0.175,0.175,0.25,0.25,0.375,        33P    211
0.375,0.5,0.5,0.625,0.625,0.75,0.75,0.875,0.875,1.,1.,1.,1.,1.,       33P    212
1.,1.,1.,1.,1.,1.,1.,1.,1.,1.,1.,1.,1.,1.,1.,1.,1.,0.59946235,        33P    213
0.930485323,0.,0.598235118,0.935973041,0.,0.59690489,                 33P    214
0.940525599,0.,0.595896096,0.943978084,0.,0.594894049,                33P    215
0.946707721,0.,0.593905013,0.949401914,0.,0.592790136,                33P    216
0.951739163,0.,0.591078029,0.955328458,0.,0.589113258,                33P    217
0.958002151,0.,0.587196991,0.960609838,0.,0.585370758,                33P    218
0.961983647,0.,0.583570842,0.96333766,0.,0.58150892,                  33P    219
0.963788361,0.,0.579517298,0.964223695,0.,0.577626964,                33P    220
0.963753308,0.,0.575679494,0.963268704,0.,0.573657644,                33P    221
0.961758947,0.,0.571570451,0.960200397,0.,0.569697421,                33P    222
0.957750451,0.,0.,1.,0.,0.,-1.;                                       33P    223
126,5,3,1,0,1,0,0.,0.,0.,0.,0.5,0.5,1.,1.,1.,1.,1.,1.,1.,1.,1.,       35P    224
1.,-9.773156506,3.432888466,7.018435113,-10.231498885,                35P    225
3.450012352,7.076732848,-10.714899989,3.459026205,6.969226049,        35P    226
-11.412851482,3.466371131,6.37012742,-11.604875936,3.465302424,       35P    227
5.897672433,-11.565147105,3.45863459,5.434385764,0.,1.,               35P    228
0.030493905,0.998105925,-0.053429244;                                 35P    229
126,2,2,1,0,1,0,0.,0.,0.,1.,1.,1.,1.,1.,1.,0.569697421,               37P    230
0.957750451,0.,0.568821037,0.956604131,0.,0.568013434,                37P    231
0.955285247,0.,0.,1.,0.,0.,-1.;                                       37P    232
126,6,3,1,0,1,0,0.,0.,0.,0.,0.000147540007209322,                     39P    233
0.000147540007209322,0.000147540007209322,0.00014760000720928,        39P    234
0.00014760000720928,0.00014760000720928,0.00014760000720928,1.,       39P    235
1.,1.,1.,1.,1.,1.,-11.565147105,3.45863459,5.434385764,               39P    236
-11.560945562,3.45792943,5.385390638,-11.55428833,3.457148397,        39P    237
5.336540435,-11.545122154,3.456277199,5.288230033,                    39P    238
-11.545118426,3.456276845,5.288210387,-11.545114698,3.45627649,       39P    239
5.288190741,-11.54511097,3.456276136,5.288171094,0.,                  39P    240
0.00014760000720928,0.,0.,0.;                                         39P    241
126,6,2,1,0,1,0,0.,0.,0.,0.25,0.25,0.5,0.5,1.,1.,1.,1.,1.,1.,         41P    242
1.,1.,1.,1.,0.568013434,0.955285247,0.,0.565415124,0.955139449,       41P    243
0.,0.551183143,0.954715881,0.,0.542523879,0.954458166,0.,             41P    244
0.534204947,0.954286706,0.,0.51685602,0.95392913,0.,0.5,              41P    245
0.953929129,0.,0.,1.,0.,0.,1.;                                        41P    246
126,9,3,1,0,1,0,-5.89659082678978E-08,-5.89659082678978E-08,          43P    247
-5.89659082678978E-08,-5.89659082678978E-08,0.,0.,0.,                 43P    248
0.00528705352011805,0.00528705352011805,0.00528705352011805,          43P    249
0.0052881160569735,0.0052881160569735,0.0052881160569735,             43P    250
0.0052881160569735,1.,1.,1.,1.,1.,1.,1.,1.,1.,1.,-11.54511097,        43P    251
3.456276136,5.288171094,-11.545110915,3.456275712,5.288151444,        43P    252
-11.545110875,3.456276118,5.288131784,-11.545110828,                  43P    253
3.456276109,5.288112129,-11.540857139,3.455472139,3.525766272,        43P    254
-11.53827998,3.454981523,1.763414355,-11.538278984,3.454981334,       43P    255
0.001063181,-11.538278984,3.454981334,0.000709002,                    43P    256
-11.538278984,3.454981334,0.000354823,-11.538278984,                  43P    257
3.454981334,6.43E-07,-5.89659082678978E-08,0.0052881160569735,        43P    258
0.,0.,0.;                                                             43P    259
126,1,1,1,0,1,0,0.,0.,1.,1.,1.,1.,0.5,0.953929129,0.,0.5,0.,0.,       45P    260
0.,1.,0.,0.,1.;                                                       45P    261
126,3,3,1,0,1,0,0.0460708714755919,0.0460708714755919,                47P    262
0.0460708714755919,0.0460708714755919,1.,1.,1.,1.,1.,1.,1.,1.,        47P    263
-11.538278984,3.454981334,6.38E-07,-8.351805624,3.151597932,          47P    264
5.042E-06,-5.171132275,3.,9.447E-06,-2.000009684,3.,1.3851E-05,       47P    265
0.0460708714755919,1.,1.387E-06,5.3E-08,-1.;                          47P    266
126,1,1,1,0,1,0,0.,0.,1.,1.,1.,1.,0.5,0.,0.,1.,0.,0.,0.,1.,0.,        49P    267
0.,1.;                                                                49P    268
124,-0.999999999976028,6.92416733842889E-06,0.,                       51P    269
-2.07725020152867E-05,-4.23982968388379E-22,                          51P    270
-6.12323399558998E-17,1.,3.,6.92416733842889E-06,                     51P    271
0.999999999976028,6.12323399573677E-17,-2.99999999992808;             51P    272
100,0.,0.,3.,2.,3.,-2.,3.000013848;                                   53P    273
102,12,5,9,13,17,21,25,29,33,37,41,45,49;                             55P    274
102,12,7,11,15,19,23,27,31,35,39,43,47,53;                            57P    275
142,1,3,55,57,1;                                                      59P    276
144,3,1,0,59;                                                         61P    277
128,1,1,1,1,0,0,1,0,0,0.,0.,1.,1.,0.,0.,1.,1.,1.,1.,1.,1.,            63P    278
-11.5,1.5,-7.,-11.5,1.5,7.,11.5,1.5,-7.,11.5,1.5,7.,0.,1.,0.,         63P    279
1.;                                                                   63P    280
126,1,1,1,0,1,0,0.,0.,1.,1.,1.,1.,0.053571429,0.,0.,                  65P    281
0.946428571,0.,0.,0.,1.,0.,0.,1.;                                     65P    282
110,-11.5,1.5,-6.25,-11.5,1.5,6.25;                                   67P    283
126,8,2,1,0,1,0,0.,0.,0.,0.25,0.25,0.5,0.5,0.75,0.75,1.,1.,1.,        69P    284
1.,1.,1.,1.,1.,1.,1.,1.,1.,0.946428571,0.,0.,0.957084591,0.,0.,       69P    285
0.96692947,0.002482189,0.,0.976774348,0.004964378,0.,                 69P    286
0.984309292,0.009550866,0.,0.991844236,0.014137353,0.,                69P    287
0.995922118,0.020129888,0.,1.,0.026122423,0.,1.,0.032608696,0.,       69P    288
0.,1.,0.,0.,-1.;                                                      69P    289
124,-1.,6.98296267768627E-15,0.,-21.5,-4.27583144589696E-31,          71P    290
-6.12323399573677E-17,1.,-4.75,6.98296267768627E-15,1.,               71P    291
6.12323399573677E-17,4.75000000000008;                                71P    292
100,6.25,-10.75,1.5,-10.,1.5,-10.75,2.25;                             73P    293
126,1,1,1,0,1,0,0.,0.,1.,1.,1.,1.,1.,0.032608696,0.,1.,               75P    294
0.967391304,0.,0.,1.,0.,0.,1.;                                        75P    295
110,-10.75,1.5,7.,10.75,1.5,7.;                                       77P    296
126,8,2,1,0,1,0,0.,0.,0.,0.25,0.25,0.5,0.5,0.75,0.75,1.,1.,1.,        79P    297
1.,1.,1.,1.,1.,1.,1.,1.,1.,1.,0.967391304,0.,1.,0.973877577,0.,       79P    298
0.995922118,0.979870112,0.,0.991844236,0.985862647,0.,                79P    299
0.984309292,0.990449134,0.,0.976774348,0.995035622,0.,                79P    300
0.96692947,0.997517811,0.,0.957084591,1.,0.,0.946428571,1.,0.,        79P    301
0.,1.,0.,0.,-1.;                                                      79P    302
124,1.40271576953299E-14,1.,0.,9.24999999999984,                      81P    303
-6.12323399573677E-17,8.58915688636046E-31,1.,-4.75,1.,               81P    304
-1.40271576953299E-14,6.12323399573677E-17,-4.49999999999997;         81P    305
100,6.25,10.75,1.5,11.5,1.5,10.75,2.25;                               83P    306
126,1,1,1,0,1,0,0.,0.,1.,1.,1.,1.,0.946428571,1.,0.,                  85P    307
0.053571429,1.,0.,0.,1.,0.,0.,1.;                                     85P    308
110,11.5,1.5,6.25,11.5,1.5,-6.25;                                     87P    309
126,8,2,1,0,1,0,0.,0.,0.,0.25,0.25,0.5,0.5,0.75,0.75,1.,1.,1.,        89P    310
1.,1.,1.,1.,1.,1.,1.,1.,1.,0.053571429,1.,0.,0.042915409,1.,0.,       89P    311
0.03307053,0.997517811,0.,0.023225652,0.995035622,0.,                 89P    312
0.015690708,0.990449134,0.,0.008155764,0.985862647,0.,                89P    313
0.004077882,0.979870112,0.,0.,0.973877577,0.,0.,0.967391304,0.,       89P    314
0.,1.,0.,0.,-1.;                                                      89P    315
124,1.,0.,0.,0.,0.,6.12323399573677E-17,1.,7.75,0.,-1.,               91P    316
6.12323399573677E-17,-4.75;                                           91P    317
100,-6.25,10.75,1.5,11.5,1.5,10.75,2.25;                              93P    318
126,1,1,1,0,1,0,0.,0.,1.,1.,1.,1.,0.,0.967391304,0.,0.,               95P    319
0.032608696,0.,0.,1.,0.,0.,1.;                                        95P    320
110,10.75,1.5,-7.,-10.75,1.5,-7.;                                     97P    321
126,8,2,1,0,1,0,0.,0.,0.,0.25,0.25,0.5,0.5,0.75,0.75,1.,1.,1.,        99P    322
1.,1.,1.,1.,1.,1.,1.,1.,1.,0.,0.032608696,0.,0.,0.026122423,0.,       99P    323
0.004077882,0.020129888,0.,0.008155764,0.014137353,0.,                99P    324
0.015690708,0.009550866,0.,0.023225652,0.004964378,0.,                99P    325
0.03307053,0.002482189,0.,0.042915409,0.,0.,0.053571429,0.,0.,        99P    326
0.,1.,0.,0.,-1.;                                                      99P    327
124,6.12323399573677E-17,-1.,0.,-9.25,6.12323399573677E-17,          101P    328
3.74939945665464E-33,1.,7.75,-1.,-6.12323399573677E-17,              101P    329
6.12323399573677E-17,-17.;                                           101P    330
100,-6.25,-10.75,1.5,-10.,1.5,-10.75,2.25;                           103P    331
102,8,65,69,75,79,85,89,95,99;                                       105P    332
102,8,67,73,77,83,87,93,97,103;                                      107P    333
142,1,63,105,107,1;                                                  109P    334
126,1,1,1,0,1,0,0.,0.,1.,1.,1.,1.,0.378571429,0.340217391,0.,        111P    335
0.378571429,0.411956522,0.,0.,1.,0.,0.,1.;                           111P    336
110,-3.675,1.5,-1.7,-2.025,1.5,-1.7;                                 113P    337
126,1,1,1,0,1,0,0.,0.,1.,1.,1.,1.,0.378571429,0.411956522,0.,        115P    338
0.621428571,0.411956522,0.,0.,1.,0.,0.,1.;                           115P    339
110,-2.025,1.5,-1.7,-2.025,1.5,1.7;                                  117P    340
126,1,1,1,0,1,0,0.,0.,1.,1.,1.,1.,0.621428571,0.411956522,0.,        119P    341
0.621428571,0.340217391,0.,0.,1.,0.,0.,1.;                           119P    342
110,-2.025,1.5,1.7,-3.675,1.5,1.7;                                   121P    343
126,1,1,1,0,1,0,0.,0.,1.,1.,1.,1.,0.621428571,0.340217391,0.,        123P    344
0.378571429,0.340217391,0.,0.,1.,0.,0.,1.;                           123P    345
110,-3.675,1.5,1.7,-3.675,1.5,-1.7;                                  125P    346
102,4,111,115,119,123;                                               127P    347
102,4,113,117,121,125;                                               129P    348
142,1,63,127,129,1;                                                  131P    349
126,1,1,1,0,1,0,0.,0.,1.,1.,1.,1.,0.378571429,0.588043478,0.,        133P    350
0.378571429,0.659782609,0.,0.,1.,0.,0.,1.;                           133P    351
110,2.025,1.5,-1.7,3.675,1.5,-1.7;                                   135P    352
126,1,1,1,0,1,0,0.,0.,1.,1.,1.,1.,0.378571429,0.659782609,0.,        137P    353
0.621428571,0.659782609,0.,0.,1.,0.,0.,1.;                           137P    354
110,3.675,1.5,-1.7,3.675,1.5,1.7;                                    139P    355
126,1,1,1,0,1,0,0.,0.,1.,1.,1.,1.,0.621428571,0.659782609,0.,        141P    356
0.621428571,0.588043478,0.,0.,1.,0.,0.,1.;                           141P    357
110,3.675,1.5,1.7,2.025,1.5,1.7;                                     143P    358
126,1,1,1,0,1,0,0.,0.,1.,1.,1.,1.,0.621428571,0.588043478,0.,        145P    359
0.378571429,0.588043478,0.,0.,1.,0.,0.,1.;                           145P    360
110,2.025,1.5,1.7,2.025,1.5,-1.7;                                    147P    361
102,4,133,137,141,145;                                               149P    362
102,4,135,139,143,147;                                               151P    363
142,1,63,149,151,1;                                                  153P    364
144,63,1,2,109,131,153;                                              155P    365
110,12.5,3.5,8.,12.5,-996.5,8.;                                      157P    366
110,12.5,3.,7.,12.5,0.,7.;                                           159P    367
120,157,159,0.,6.28318530717959;                                     161P    368
126,1,1,1,0,1,0,0.,0.,1.,1.,1.,1.,1.,1.570796327,0.,0.,              163P    369
1.570796327,0.,0.,1.,0.,0.,1.;                                       163P    370
110,13.5,0.,8.,13.5,3.,8.;                                           165P    371
126,1,1,1,0,1,0,0.,0.,1.,1.,1.,1.,0.,1.570796327,0.,0.,              167P    372
3.141592654,0.,0.,1.,0.,0.,1.;                                       167P    373
124,1.,0.,0.,0.,0.,6.12323399573677E-17,-1.,11.,0.,1.,               169P    374
6.12323399573677E-17,5.;                                             169P    375
100,8.,12.5,3.,13.5,3.,12.5,4.;                                      171P    376
126,1,1,1,0,1,0,0.,0.,1.,1.,1.,1.,0.,3.141592654,0.,1.,              173P    377
3.141592654,0.,0.,1.,0.,0.,1.;                                       173P    378
110,12.5,3.,9.,12.5,0.,9.;                                           175P    379
126,1,1,1,0,1,0,0.,0.,1.,1.,1.,1.,1.,3.141592654,0.,1.,              177P    380
1.570796327,0.,0.,1.,0.,0.,1.;                                       177P    381
124,1.40271576953299E-14,1.,0.,12.4999999999998,                     179P    382
-6.12323399573677E-17,8.58915688636046E-31,1.,-8.,1.,                179P    383
-1.40271576953299E-14,6.12323399573677E-17,-4.49999999999999;        179P    384
100,8.,12.5,0.,13.5,0.,12.5,1.;                                      181P    385
102,4,163,167,173,177;                                               183P    386
102,4,165,171,175,181;                                               185P    387
142,1,161,183,185,1;                                                 187P    388
144,161,1,0,187;                                                     189P    389
128,1,1,1,1,0,0,1,0,0,0.,0.,1.,1.,0.,0.,1.,1.,1.,1.,1.,1.,13.5,      191P    390
0.,-8.,13.5,0.,8.,13.5,3.,-8.,13.5,3.,8.,0.,1.,0.,1.;                191P    391
126,1,1,1,0,1,0,0.,0.,1.,1.,1.,1.,0.,0.,0.,1.,0.,0.,0.,1.,0.,        193P    392
0.,1.;                                                               193P    393
110,13.5,0.,-8.,13.5,0.,8.;                                          195P    394
126,1,1,1,0,1,0,0.,0.,1.,1.,1.,1.,1.,0.,0.,1.,1.,0.,0.,1.,0.,        197P    395
0.,1.;                                                               197P    396
110,13.5,0.,8.,13.5,3.,8.;                                           199P    397
126,1,1,1,0,1,0,0.,0.,1.,1.,1.,1.,1.,1.,0.,0.,1.,0.,0.,1.,0.,        201P    398
0.,1.;                                                               201P    399
110,13.5,3.,8.,13.5,3.,-8.;                                          203P    400
126,1,1,1,0,1,0,0.,0.,1.,1.,1.,1.,0.,1.,0.,0.,0.,0.,0.,1.,0.,        205P    401
0.,1.;                                                               205P    402
110,13.5,3.,-8.,13.5,0.,-8.;                                         207P    403
102,4,193,197,201,205;                                               209P    404
102,4,195,199,203,207;                                               211P    405
142,1,191,209,211,1;                                                 213P    406
144,191,1,0,213;                                                     215P    407
110,12.5,3.5,-8.,12.5,-996.5,-8.;                                    217P    408
110,12.5,3.,-9.,12.5,0.,-9.;                                         219P    409
120,217,219,0.,6.28318530717959;                                     221P    410
126,1,1,1,0,1,0,0.,0.,1.,1.,1.,1.,1.,0.,0.,0.,0.,0.,0.,1.,0.,        223P    411
0.,1.;                                                               223P    412
110,12.5,0.,-9.,12.5,3.,-9.;                                         225P    413
126,1,1,1,0,1,0,0.,0.,1.,1.,1.,1.,0.,0.,0.,0.,1.570796327,0.,        227P    414
0.,1.,0.,0.,1.;                                                      227P    415
124,1.40271576953299E-14,1.,0.,9.49999999999982,                     229P    416
-6.12323399573677E-17,8.58915688636046E-31,-1.,-5.,-1.,              229P    417
1.40271576953299E-14,6.12323399573677E-17,4.49999999999996;          229P    418
100,-8.,12.5,3.,13.5,3.,12.5,4.;                                     231P    419
126,1,1,1,0,1,0,0.,0.,1.,1.,1.,1.,0.,1.570796327,0.,1.,              233P    420
1.570796327,0.,0.,1.,0.,0.,1.;                                       233P    421
110,13.5,3.,-8.,13.5,0.,-8.;                                         235P    422
126,1,1,1,0,1,0,0.,0.,1.,1.,1.,1.,1.,1.570796327,0.,1.,0.,0.,        237P    423
0.,1.,0.,0.,1.;                                                      237P    424
124,1.,0.,0.,0.,0.,6.12323399573677E-17,1.,8.,0.,-1.,                239P    425
6.12323399573677E-17,-8.;                                            239P    426
100,-8.,12.5,0.,13.5,0.,12.5,1.;                                     241P    427
102,4,223,227,233,237;                                               243P    428
102,4,225,231,235,241;                                               245P    429
142,1,221,243,245,1;                                                 247P    430
144,221,1,0,247;                                                     249P    431
128,1,1,1,1,0,0,1,0,0,0.,0.,1.,1.,0.,0.,1.,1.,1.,1.,1.,1.,           251P    432
-12.5,0.,-9.,12.5,0.,-9.,-12.5,3.,-9.,12.5,3.,-9.,0.,1.,0.,1.;       251P    433
126,1,1,1,0,1,0,0.,0.,1.,1.,1.,1.,0.,0.,0.,1.,0.,0.,0.,1.,0.,        253P    434
0.,1.;                                                               253P    435
110,-12.5,0.,-9.,12.5,0.,-9.;                                        255P    436
126,1,1,1,0,1,0,0.,0.,1.,1.,1.,1.,1.,0.,0.,1.,1.,0.,0.,1.,0.,        257P    437
0.,1.;                                                               257P    438
110,12.5,0.,-9.,12.5,3.,-9.;                                         259P    439
126,1,1,1,0,1,0,0.,0.,1.,1.,1.,1.,1.,1.,0.,0.,1.,0.,0.,1.,0.,        261P    440
0.,1.;                                                               261P    441
110,12.5,3.,-9.,-12.5,3.,-9.;                                        263P    442
126,1,1,1,0,1,0,0.,0.,1.,1.,1.,1.,0.,1.,0.,0.,0.,0.,0.,1.,0.,        265P    443
0.,1.;                                                               265P    444
110,-12.5,3.,-9.,-12.5,0.,-9.;                                       267P    445
102,4,253,257,261,265;                                               269P    446
102,4,255,259,263,267;                                               271P    447
142,1,251,269,271,1;                                                 273P    448
144,251,1,0,273;                                                     275P    449
110,-12.5,3.5,-8.,-12.5,-996.5,-8.;                                  277P    450
110,-12.5,3.,-9.,-12.5,0.,-9.;                                       279P    451
120,277,279,0.,6.28318530717959;                                     281P    452
126,1,1,1,0,1,0,0.,0.,1.,1.,1.,1.,1.,4.71238898,0.,0.,               283P    453
4.71238898,0.,0.,1.,0.,0.,1.;                                        283P    454
110,-13.5,0.,-8.,-13.5,3.,-8.;                                       285P    455
126,1,1,1,0,1,0,0.,0.,1.,1.,1.,1.,0.,4.71238898,0.,0.,               287P    456
6.283185307,0.,0.,1.,0.,0.,1.;                                       287P    457
124,-1.,6.98296267768627E-15,0.,-25.,-4.27583144589696E-31,          289P    458
-6.12323399573677E-17,-1.,-5.,-6.98296267768627E-15,-1.,             289P    459
6.12323399573677E-17,-5.00000000000008;                              289P    460
100,-8.,-12.5,3.,-11.5,3.,-12.5,4.;                                  291P    461
126,1,1,1,0,1,0,0.,0.,1.,1.,1.,1.,0.,6.283185307,0.,1.,              293P    462
6.283185307,0.,0.,1.,0.,0.,1.;                                       293P    463
110,-12.5,3.,-9.,-12.5,0.,-9.;                                       295P    464
126,1,1,1,0,1,0,0.,0.,1.,1.,1.,1.,1.,6.283185307,0.,1.,              297P    465
4.71238898,0.,0.,1.,0.,0.,1.;                                        297P    466
124,6.12323399573677E-17,-1.,0.,-12.5,6.12323399573677E-17,          299P    467
3.74939945665464E-33,1.,8.,-1.,-6.12323399573677E-17,                299P    468
6.12323399573677E-17,-20.5;                                          299P    469
100,-8.,-12.5,0.,-11.5,0.,-12.5,1.;                                  301P    470
102,4,283,287,293,297;                                               303P    471
102,4,285,291,295,301;                                               305P    472
142,1,281,303,305,1;                                                 307P    473
144,281,1,0,307;                                                     309P    474
128,1,1,1,1,0,0,1,0,0,0.,0.,1.,1.,0.,0.,1.,1.,1.,1.,1.,1.,           311P    475
-13.5,0.,8.,-13.5,0.,-8.,-13.5,3.,8.,-13.5,3.,-8.,0.,1.,0.,1.;       311P    476
126,1,1,1,0,1,0,0.,0.,1.,1.,1.,1.,0.,0.,0.,1.,0.,0.,0.,1.,0.,        313P    477
0.,1.;                                                               313P    478
110,-13.5,0.,8.,-13.5,0.,-8.;                                        315P    479
126,1,1,1,0,1,0,0.,0.,1.,1.,1.,1.,1.,0.,0.,1.,1.,0.,0.,1.,0.,        317P    480
0.,1.;                                                               317P    481
110,-13.5,0.,-8.,-13.5,3.,-8.;                                       319P    482
126,1,1,1,0,1,0,0.,0.,1.,1.,1.,1.,1.,1.,0.,0.,1.,0.,0.,1.,0.,        321P    483
0.,1.;                                                               321P    484
110,-13.5,3.,-8.,-13.5,3.,8.;                                        323P    485
126,1,1,1,0,1,0,0.,0.,1.,1.,1.,1.,0.,1.,0.,0.,0.,0.,0.,1.,0.,        325P    486
0.,1.;                                                               325P    487
110,-13.5,3.,8.,-13.5,0.,8.;                                         327P    488
102,4,313,317,321,325;                                               329P    489
102,4,315,319,323,327;                                               331P    490
142,1,311,329,331,1;                                                 333P    491
144,311,1,0,333;                                                     335P    492
110,-12.5,3.5,8.,-12.5,-996.5,8.;                                    337P    493
110,-12.5,3.,7.,-12.5,0.,7.;                                         339P    494
120,337,339,0.,6.28318530717959;                                     341P    495
126,1,1,1,0,1,0,0.,0.,1.,1.,1.,1.,1.,3.141592654,0.,0.,              343P    496
3.141592654,0.,0.,1.,0.,0.,1.;                                       343P    497
110,-12.5,0.,9.,-12.5,3.,9.;                                         345P    498
126,1,1,1,0,1,0,0.,0.,1.,1.,1.,1.,0.,3.141592654,0.,0.,              347P    499
4.71238898,0.,0.,1.,0.,0.,1.;                                        347P    500
124,6.12323399573677E-17,-1.,0.,-9.5,6.12323399573677E-17,           349P    501
3.74939945665464E-33,-1.,11.,1.,6.12323399573677E-17,                349P    502
6.12323399573677E-17,20.5;                                           349P    503
100,8.,-12.5,3.,-11.5,3.,-12.5,4.;                                   351P    504
126,1,1,1,0,1,0,0.,0.,1.,1.,1.,1.,0.,4.71238898,0.,1.,               353P    505
4.71238898,0.,0.,1.,0.,0.,1.;                                        353P    506
110,-13.5,3.,8.,-13.5,0.,8.;                                         355P    507
126,1,1,1,0,1,0,0.,0.,1.,1.,1.,1.,1.,4.71238898,0.,1.,               357P    508
3.141592654,0.,0.,1.,0.,0.,1.;                                       357P    509
124,-1.,6.98296267768627E-15,0.,-25.,-4.27583144589696E-31,          359P    510
-6.12323399573677E-17,1.,-8.,6.98296267768627E-15,1.,                359P    511
6.12323399573677E-17,8.00000000000009;                               359P    512
100,8.,-12.5,0.,-11.5,0.,-12.5,1.;                                   361P    513
102,4,343,347,353,357;                                               363P    514
102,4,345,351,355,361;                                               365P    515
142,1,341,363,365,1;                                                 367P    516
144,341,1,0,367;                                                     369P    517
128,1,1,1,1,0,0,1,0,0,0.,0.,1.,1.,0.,0.,1.,1.,1.,1.,1.,1.,12.5,      371P    518
0.,9.,-12.5,0.,9.,12.5,3.,9.,-12.5,3.,9.,0.,1.,0.,1.;                371P    519
126,1,1,1,0,1,0,0.,0.,1.,1.,1.,1.,0.,0.,0.,1.,0.,0.,0.,1.,0.,        373P    520
0.,1.;                                                               373P    521
110,12.5,0.,9.,-12.5,0.,9.;                                          375P    522
126,1,1,1,0,1,0,0.,0.,1.,1.,1.,1.,1.,0.,0.,1.,1.,0.,0.,1.,0.,        377P    523
0.,1.;                                                               377P    524
110,-12.5,0.,9.,-12.5,3.,9.;                                         379P    525
126,1,1,1,0,1,0,0.,0.,1.,1.,1.,1.,1.,1.,0.,0.,1.,0.,0.,1.,0.,        381P    526
0.,1.;                                                               381P    527
110,-12.5,3.,9.,12.5,3.,9.;                                          383P    528
126,1,1,1,0,1,0,0.,0.,1.,1.,1.,1.,0.,1.,0.,0.,0.,0.,0.,1.,0.,        385P    529
0.,1.;                                                               385P    530
110,12.5,3.,9.,12.5,0.,9.;                                           387P    531
102,4,373,377,381,385;                                               389P    532
102,4,375,379,383,387;                                               391P    533
142,1,371,389,391,1;                                                 393P    534
144,371,1,0,393;                                                     395P    535
128,1,1,1,1,0,0,1,0,0,0.,0.,1.,1.,0.,0.,1.,1.,1.,1.,1.,1.,-13.,      397P    536
3.5,-8.776383076,-13.,3.5,8.614274481,13.,3.5,-8.776383076,13.,      397P    537
3.5,8.614274481,0.,1.,0.,1.;                                         397P    538
126,1,1,1,0,1,0,0.,0.,1.,1.,1.,1.,0.015892618,0.980769231,0.,        399P    539
0.015892618,0.019230769,0.,0.,1.,0.,0.,1.;                           399P    540
110,12.5,3.5,-8.5,-12.5,3.5,-8.5;                                    401P    541
126,8,2,1,0,1,0,0.,0.,0.,0.25,0.25,0.5,0.5,0.75,0.75,1.,1.,1.,       403P    542
1.,1.,1.,1.,1.,1.,1.,1.,1.,0.015892618,0.019230769,0.,               403P    543
0.015892618,0.015405531,0.,0.018081163,0.011871472,0.,               403P    544
0.020269708,0.008337414,0.,0.024313611,0.005632562,0.,               403P    545
0.028357515,0.00292771,0.,0.033641129,0.001463855,0.,                403P    546
0.038924744,0.,0.,0.044643687,0.,0.,0.,1.,0.,0.,-1.;                 403P    547
124,6.12323399573677E-17,-1.,0.,-9.,6.12323399573677E-17,            405P    548
3.74939945665464E-33,1.,11.5,-1.,-6.12323399573677E-17,              405P    549
6.12323399573677E-17,-20.5;                                          405P    550
100,-8.,-12.5,3.5,-12.,3.5,-12.5,4.;                                 407P    551
126,1,1,1,0,1,0,0.,0.,1.,1.,1.,1.,0.044643687,0.,0.,                 409P    552
0.964677904,0.,0.,0.,1.,0.,0.,1.;                                    409P    553
110,-13.,3.5,-8.,-13.,3.5,8.;                                        411P    554
126,8,2,1,0,1,0,0.,0.,0.,0.25,0.25,0.5,0.5,0.75,0.75,1.,1.,1.,       413P    555
1.,1.,1.,1.,1.,1.,1.,1.,1.,0.964677904,0.,0.,0.970396847,0.,0.,      413P    556
0.975680462,0.001463855,0.,0.980964076,0.00292771,0.,                413P    557
0.98500798,0.005632562,0.,0.989051883,0.008337414,0.,                413P    558
0.991240428,0.011871472,0.,0.993428973,0.015405531,0.,               413P    559
0.993428973,0.019230769,0.,0.,1.,0.,0.,-1.;                          413P    560
124,-1.,6.98296267768627E-15,0.,-25.,-4.27583144589696E-31,          415P    561
-6.12323399573677E-17,1.,-4.5,6.98296267768627E-15,1.,               415P    562
6.12323399573677E-17,4.50000000000009;                               415P    563
100,8.,-12.5,3.5,-12.,3.5,-12.5,4.;                                  417P    564
126,1,1,1,0,1,0,0.,0.,1.,1.,1.,1.,0.993428973,0.019230769,0.,        419P    565
0.993428973,0.980769231,0.,0.,1.,0.,0.,1.;                           419P    566
110,-12.5,3.5,8.5,12.5,3.5,8.5;                                      421P    567
126,8,2,1,0,1,0,0.,0.,0.,0.25,0.25,0.5,0.5,0.75,0.75,1.,1.,1.,       423P    568
1.,1.,1.,1.,1.,1.,1.,1.,1.,0.993428973,0.980769231,0.,               423P    569
0.993428973,0.984594469,0.,0.991240428,0.988128528,0.,               423P    570
0.989051883,0.991662586,0.,0.98500798,0.994367438,0.,                423P    571
0.980964076,0.99707229,0.,0.975680462,0.998536145,0.,                423P    572
0.970396847,1.,0.,0.964677904,1.,0.,0.,1.,0.,0.,-1.;                 423P    573
124,1.40271576953299E-14,1.,0.,8.99999999999982,                     425P    574
-6.12323399573677E-17,8.58915688636046E-31,1.,-4.5,1.,               425P    575
-1.40271576953299E-14,6.12323399573677E-17,-4.49999999999994;        425P    576
100,8.,12.5,3.5,13.,3.5,12.5,4.;                                     427P    577
126,1,1,1,0,1,0,0.,0.,1.,1.,1.,1.,0.964677904,1.,0.,                 429P    578
0.044643687,1.,0.,0.,1.,0.,0.,1.;                                    429P    579
110,13.,3.5,8.,13.,3.5,-8.;                                          431P    580
126,8,2,1,0,1,0,0.,0.,0.,0.25,0.25,0.5,0.5,0.75,0.75,1.,1.,1.,       433P    581
1.,1.,1.,1.,1.,1.,1.,1.,1.,0.044643687,1.,0.,0.038924744,1.,0.,      433P    582
0.033641129,0.998536145,0.,0.028357515,0.99707229,0.,                433P    583
0.024313611,0.994367438,0.,0.020269708,0.991662586,0.,               433P    584
0.018081163,0.988128528,0.,0.015892618,0.984594469,0.,               433P    585
0.015892618,0.980769231,0.,0.,1.,0.,0.,-1.;                          433P    586
124,1.,0.,0.,0.,0.,6.12323399573677E-17,1.,11.5,0.,-1.,              435P    587
6.12323399573677E-17,-4.5;                                           435P    588
100,-8.,12.5,3.5,13.,3.5,12.5,4.;                                    437P    589
102,8,399,403,409,413,419,423,429,433;                               439P    590
102,8,401,407,411,417,421,427,431,437;                               441P    591
142,1,397,439,441,1;                                                 443P    592
126,14,2,1,0,1,0,0.,0.,0.,0.25,0.25,0.375,0.375,0.5,0.5,0.625,       445P    593
0.625,0.75,0.75,0.875,0.875,1.,1.,1.,1.,1.,1.,1.,1.,1.,1.,1.,        445P    594
1.,1.,1.,1.,1.,1.,1.,0.973451178,0.115384615,0.,0.967720268,         445P    595
0.096219752,0.,0.955132631,0.080005393,0.,0.948560757,               445P    596
0.071540046,0.,0.940291764,0.064075149,0.,0.931850774,               445P    597
0.056454981,0.,0.921810466,0.050052421,0.,0.911632727,               445P    598
0.043562223,0.,0.899863393,0.038300095,0.,0.888108663,               445P    599
0.033044495,0.,0.875365526,0.029280815,0.,0.862556957,               445P    600
0.02549781,0.,0.84869374,0.023236062,0.,0.835092333,                 445P    601
0.021017028,0.,0.820922557,0.020330821,0.,0.,1.,0.,0.,1.;            445P    602
126,5,3,1,0,1,0,0.,0.,0.,0.,0.5,0.5,1.,1.,1.,1.,1.,1.,1.,1.,1.,      447P    603
1.,-10.,3.5,8.152573006,-10.642937169,3.5,8.02397655,                447P    604
-11.247561167,3.5,7.727642669,-12.149712955,3.5,6.781371474,         447P    605
-12.423913801,3.5,6.155851882,-12.471398652,3.5,5.5,0.,1.,0.,        447P    606
1.,0.;                                                               447P    607
126,24,2,1,0,1,0,0.,0.,0.,0.015625,0.015625,0.03125,0.03125,         449P    608
0.0625,0.0625,0.125,0.125,0.25,0.25,0.5,0.5,0.75,0.75,0.875,         449P    609
0.875,0.9375,0.9375,0.96875,0.96875,0.984375,0.984375,1.,1.,1.,      449P    610
1.,1.,1.,1.,1.,1.,1.,1.,1.,1.,1.,1.,1.,1.,1.,1.,1.,1.,1.,1.,1.,      449P    611
1.,1.,1.,1.,0.820922557,0.020330821,0.,0.815994071,0.020092147,      449P    612
0.,0.811040457,0.020042598,0.,0.809938038,0.020031571,0.,            449P    613
0.801157306,0.020017475,0.,0.791202507,0.020001494,0.,               449P    614
0.781390927,0.019986587,0.,0.761359914,0.019956153,0.,               449P    615
0.741858148,0.019930094,0.,0.701433873,0.019876078,0.,               449P    616
0.662792496,0.019840248,0.,0.582448514,0.019765751,0.,               449P    617
0.504660773,0.019765751,0.,0.426872627,0.01976575,0.,                449P    618
0.346528876,0.019840248,0.,0.307887647,0.019876077,0.,               449P    619
0.267463155,0.019930094,0.,0.247961434,0.019956153,0.,               449P    620
0.227930354,0.019986587,0.,0.218118786,0.020001494,0.,               449P    621
0.208163967,0.020017475,0.,0.199383393,0.020031571,0.,               449P    622
0.198280823,0.020042601,0.,0.193327365,0.020092154,0.,               449P    623
0.188399034,0.020330821,0.,0.,1.,0.,0.,1.;                           449P    624
126,13,3,1,0,1,0,0.,0.,0.,0.,0.125,0.125,0.25,0.25,0.5,0.5,          451P    625
0.75,0.75,0.875,0.875,1.,1.,1.,1.,1.,1.,1.,1.,1.,1.,1.,1.,1.,        451P    626
1.,1.,1.,1.,1.,-12.471398652,3.5,5.5,-12.504576628,3.5,              451P    627
5.041752007,-12.480901923,3.5,4.583352117,-12.482733186,3.5,         451P    628
3.666683735,-12.483518168,3.5,3.208349196,-12.485424289,3.5,         451P    629
1.833344377,-12.486090481,3.5,0.916672882,-12.486090491,3.5,         451P    630
-0.916673663,-12.485424307,3.5,-1.833347161,-12.483518177,3.5,       451P    631
-3.208353519,-12.482733188,3.5,-3.666688456,-12.480901914,3.5,       451P    632
-4.583357432,-12.504574851,3.5,-5.041776556,-12.471398652,3.5,       451P    633
-5.5,0.,1.,0.,1.,0.;                                                 451P    634
126,14,2,1,0,1,0,0.,0.,0.,0.125,0.125,0.25,0.25,0.375,0.375,         453P    635
0.5,0.5,0.625,0.625,0.75,0.75,1.,1.,1.,1.,1.,1.,1.,1.,1.,1.,1.,      453P    636
1.,1.,1.,1.,1.,1.,1.,0.188399034,0.020330821,0.,0.174283298,         453P    637
0.021014411,0.,0.160730658,0.023219312,0.,0.146986046,               453P    638
0.025455446,0.,0.134278141,0.029185978,0.,0.121462236,               453P    639
0.032948215,0.,0.109638234,0.038219714,0.,0.097959181,               453P    640
0.04342659,0.,0.087838682,0.049844128,0.,0.077688474,                453P    641
0.056280505,0.,0.069167469,0.063951068,0.,0.060895117,               453P    642
0.071397796,0.,0.054313816,0.079844852,0.,0.04162971,                453P    643
0.096124819,0.,0.035870413,0.115384615,0.,0.,1.,0.,0.,1.;            453P    644
126,5,3,1,0,1,0,0.,0.,0.,0.,0.5,0.5,1.,1.,1.,1.,1.,1.,1.,1.,1.,      455P    645
1.,-12.471398652,3.5,-5.5,-12.423940815,3.5,-6.155478765,            455P    646
-12.151661814,3.5,-6.776665938,-11.256443508,3.5,-7.720955347,       455P    647
-10.64397402,3.5,-8.023769165,-10.,3.5,-8.152573006,0.,1.,0.,        455P    648
1.,0.;                                                               455P    649
126,30,2,1,0,1,0,0.,0.,0.,0.03125,0.03125,0.0390625,0.0390625,       457P    650
0.046875,0.046875,0.0625,0.0625,0.125,0.125,0.25,0.25,0.375,         457P    651
0.375,0.5,0.5,0.75,0.75,0.875,0.875,0.9375,0.9375,0.953125,          457P    652
0.953125,0.9609375,0.9609375,0.96875,0.96875,1.,1.,1.,1.,1.,1.,      457P    653
1.,1.,1.,1.,1.,1.,1.,1.,1.,1.,1.,1.,1.,1.,1.,1.,1.,1.,1.,1.,1.,      457P    654
1.,1.,1.,1.,1.,1.,1.,0.035870413,0.115384615,0.,0.032439906,         457P    655
0.12685665,0.,0.031462921,0.139368506,0.,0.031230648,                457P    656
0.142343133,0.,0.031137166,0.14537601,0.,0.031122807,                457P    657
0.14584187,0.,0.030990837,0.15138618,0.,0.030833057,                 457P    658
0.158014796,0.,0.030705017,0.163406621,0.,0.030032801,               457P    659
0.191714009,0.,0.029575091,0.211488585,0.,0.028279435,               457P    660
0.267465152,0.,0.027489302,0.307655098,0.,0.026471842,               457P    661
0.359407995,0.,0.025910406,0.403829142,0.,0.025278221,               457P    662
0.453847925,0.,0.025150478,0.500011128,0.,0.024901735,               457P    663
0.589900805,0.,0.026586245,0.692374521,0.,0.027285729,               457P    664
0.734926225,0.,0.028449118,0.788549166,0.,0.028924333,               457P    665
0.810452799,0.,0.029528384,0.836633495,0.,0.029663035,               457P    666
0.842469566,0.,0.029807183,0.848654374,0.,0.029910312,               457P    667
0.853079207,0.,0.029984665,0.854663951,0.,0.030126854,               457P    668
0.857694567,0.,0.030404815,0.86066803,0.,0.031571977,                457P    669
0.873153668,0.,0.035129249,0.884615385,0.,0.,1.,0.,0.,1.;            457P    670
126,17,3,1,0,1,0,0.,0.,0.,0.,0.0624999999999999,                     459P    671
0.0624999999999999,0.125,0.125,0.25,0.25,0.5,0.5,0.75,0.75,          459P    672
0.875,0.875,0.9375,0.9375,1.,1.,1.,1.,1.,1.,1.,1.,1.,1.,1.,1.,       459P    673
1.,1.,1.,1.,1.,1.,1.,1.,1.,1.,-10.,3.5,-8.152573006,                 459P    674
-9.584988009,3.5,-8.235581228,-9.168136663,3.5,-8.23578375,          459P    675
-8.334719021,3.5,-8.249021515,-7.918009331,3.5,-8.25560127,          459P    676
-6.667871717,3.5,-8.274955853,-5.83443569,3.5,-8.287365935,          459P    677
-3.334030985,3.5,-8.320246235,-1.66688009,3.5,-8.335913958,          459P    678
1.667458734,3.5,-8.342085491,3.334655488,3.5,-8.332360721,           459P    679
5.835278589,3.5,-8.304865842,6.668802477,3.5,-8.293729326,           459P    680
7.91901625,3.5,-8.275586652,8.335745946,3.5,-8.269296152,            459P    681
9.169195814,3.5,-8.256433989,9.585968471,3.5,-8.251411863,10.,       459P    682
3.5,-8.165462343,0.,1.,0.,1.,0.;                                     459P    683
126,14,2,1,0,1,0,0.,0.,0.,0.25,0.25,0.375,0.375,0.5,0.5,0.625,       461P    684
0.625,0.75,0.75,0.875,0.875,1.,1.,1.,1.,1.,1.,1.,1.,1.,1.,1.,        461P    685
1.,1.,1.,1.,1.,1.,1.,0.035129249,0.884615385,0.,0.041103185,         461P    686
0.903863721,0.,0.053754931,0.920000997,0.,0.060380254,               461P    687
0.928451582,0.,0.068715376,0.935928449,0.,0.077215597,               461P    688
0.943553415,0.,0.087266908,0.949955509,0.,0.097490529,               461P    689
0.956467355,0.,0.109271022,0.961716997,0.,0.121017624,               461P    690
0.966951536,0.,0.133823719,0.970714888,0.,0.146693218,               461P    691
0.974496874,0.,0.160563393,0.97675017,0.,0.174211252,                461P    692
0.97896735,0.,0.188399034,0.979637941,0.,0.,1.,0.,0.,1.;             461P    693
126,5,3,1,0,1,0,0.,0.,0.,0.,0.5,0.5,1.,1.,1.,1.,1.,1.,1.,1.,1.,      463P    694
1.,10.,3.5,-8.165462343,10.643115498,3.5,-8.031956887,               463P    695
11.247424103,3.5,-7.732803187,12.150262384,3.5,-6.784705137,         463P    696
12.424147787,3.5,-6.157171817,12.47058647,3.5,-5.5,0.,1.,0.,1.,      463P    697
0.;                                                                  463P    698
126,24,2,1,0,1,0,0.,0.,0.,0.015625,0.015625,0.03125,0.03125,         465P    699
0.0625,0.0625,0.125,0.125,0.25,0.25,0.5,0.5,0.75,0.75,0.875,         465P    700
0.875,0.9375,0.9375,0.96875,0.96875,0.984375,0.984375,1.,1.,1.,      465P    701
1.,1.,1.,1.,1.,1.,1.,1.,1.,1.,1.,1.,1.,1.,1.,1.,1.,1.,1.,1.,1.,      465P    702
1.,1.,1.,1.,0.188399034,0.979637941,0.,0.193326485,0.979870839,      465P    703
0.,0.198280999,0.979913959,0.,0.199133885,0.979921382,0.,            465P    704
0.208164146,0.979942135,0.,0.218208488,0.979965218,0.,               465P    705
0.227930497,0.979986563,0.,0.248260945,0.9800312,0.,0.26746323,      465P    706
0.980068839,0.,0.308444062,0.980149169,0.,0.346528847,               465P    707
0.98020179,0.,0.426604866,0.980312429,0.,0.504660822,                465P    708
0.980312429,0.,0.58271466,0.980312429,0.,0.66279315,                 465P    709
0.980201788,0.,0.700880687,0.980149164,0.,0.741859041,               465P    710
0.980068839,0.,0.761060571,0.980031201,0.,0.78139186,                465P    711
0.979986562,0.,0.791113643,0.979965217,0.,0.801158244,               465P    712
0.979942133,0.,0.810188129,0.979921381,0.,0.811041388,               465P    713
0.979913952,0.,0.815995502,0.979870821,0.,0.820922557,               465P    714
0.979637941,0.,0.,1.,0.,0.,1.;                                       465P    715
126,13,3,1,0,1,0,0.,0.,0.,0.,0.125,0.125,0.25,0.25,0.5,0.5,          467P    716
0.75,0.75,0.875,0.875,1.,1.,1.,1.,1.,1.,1.,1.,1.,1.,1.,1.,1.,        467P    717
1.,1.,1.,1.,1.,12.47058647,3.5,-5.5,12.502967376,3.5,                467P    718
-5.041765238,12.480446645,3.5,-4.583355383,12.483132997,3.5,         467P    719
-3.666687887,12.484299753,3.5,-3.208353576,12.48714008,3.5,          467P    720
-1.833348539,12.488123148,3.5,-0.916675607,12.488123148,3.5,         467P    721
0.916676513,12.487140014,3.5,1.833351547,12.48429972,3.5,            467P    722
3.208362665,12.483133002,3.5,3.666698532,12.480446629,3.5,           467P    723
4.583368385,12.502962766,3.5,5.041830487,12.47058647,3.5,5.5,        467P    724
0.,1.,0.,1.,0.;                                                      467P    725
126,14,2,1,0,1,0,0.,0.,0.,0.125,0.125,0.25,0.25,0.375,0.375,         469P    726
0.5,0.5,0.625,0.625,0.75,0.75,1.,1.,1.,1.,1.,1.,1.,1.,1.,1.,1.,      469P    727
1.,1.,1.,1.,1.,1.,1.,0.820922557,0.979637941,0.,0.835077274,         469P    728
0.978968912,0.,0.848695117,0.976760409,0.,0.862516923,               469P    729
0.974518827,0.,0.875345447,0.970759618,0.,0.88819785,                469P    730
0.966993412,0.,0.899986205,0.961745664,0.,0.911755554,               469P    731
0.956506378,0.,0.921973355,0.950007275,0.,0.932064052,               469P    732
0.943589017,0.,0.940593185,0.935940136,0.,0.948940996,               469P    733
0.928453863,0.,0.955574353,0.919991183,0.,0.968220216,               469P    734
0.90385789,0.,0.974192342,0.884615385,0.,0.,1.,0.,0.,1.;             469P    735
126,5,3,1,0,1,0,0.,0.,0.,0.,0.5,0.5,1.,1.,1.,1.,1.,1.,1.,1.,1.,      471P    736
1.,12.47058647,3.5,5.5,12.424175491,3.5,6.156779766,                 471P    737
12.153156816,3.5,6.781003289,11.247221464,3.5,7.733676337,           471P    738
10.643139376,3.5,8.03195193,10.,3.5,8.165462343,0.,1.,0.,1.,0.;      471P    739
126,30,2,1,0,1,0,0.,0.,0.,0.03125,0.03125,0.0390625,0.0390625,       473P    740
0.046875,0.046875,0.0625,0.0625,0.125,0.125,0.25,0.25,0.5,0.5,       473P    741
0.625,0.625,0.75,0.75,0.875,0.875,0.9375,0.9375,0.953125,            473P    742
0.953125,0.9609375,0.9609375,0.96875,0.96875,1.,1.,1.,1.,1.,1.,      473P    743
1.,1.,1.,1.,1.,1.,1.,1.,1.,1.,1.,1.,1.,1.,1.,1.,1.,1.,1.,1.,1.,      473P    744
1.,1.,1.,1.,1.,1.,1.,0.974192342,0.884615385,0.,0.977750515,         473P    745
0.873150766,0.,0.978917367,0.860661712,0.,0.979195196,               473P    746
0.857688054,0.,0.979337241,0.854657237,0.,0.979411359,               473P    747
0.853075788,0.,0.979514564,0.848647648,0.,0.97965871,                473P    748
0.842462905,0.,0.97979336,0.836626869,0.,0.980397398,                473P    749
0.810446543,0.,0.980872607,0.788542996,0.,0.982035969,               473P    750
0.734920728,0.,0.982735434,0.692369187,0.,0.984419894,               473P    751
0.589895985,0.,0.984171099,0.500006033,0.,0.984043331,               473P    752
0.453843478,0.,0.983411137,0.403825293,0.,0.982849671,               473P    753
0.35940302,0.,0.981832153,0.307648191,0.,0.981041986,                473P    754
0.267457284,0.,0.979746241,0.211477393,0.,0.979288534,               473P    755
0.191703128,0.,0.978616264,0.163393608,0.,0.978488229,               473P    756
0.158001984,0.,0.978330433,0.151372723,0.,0.978198617,               473P    757
0.145834907,0.,0.978184003,0.145362346,0.,0.978090212,               473P    758
0.142329702,0.,0.977857639,0.139355304,0.,0.976879874,               473P    759
0.126850594,0.,0.973451178,0.115384615,0.,0.,1.,0.,0.,1.;            473P    760
126,17,3,1,0,1,0,0.,0.,0.,0.,0.0625,0.0625,0.125,0.125,0.25,         475P    761
0.25,0.5,0.5,0.75,0.75,0.875,0.875,0.9375,0.9375,1.,1.,1.,1.,        475P    762
1.,1.,1.,1.,1.,1.,1.,1.,1.,1.,1.,1.,1.,1.,1.,1.,1.,1.,10.,3.5,       475P    763
8.165462343,9.58578689,3.5,8.251449557,9.169019982,3.5,              475P    764
8.256436742,8.335577208,3.5,8.269298717,7.918851388,3.5,             475P    765
8.275589107,6.668650948,3.5,8.2937314,5.835141436,3.5,               475P    766
8.30486757,3.334513677,3.5,8.332361839,1.667326126,3.5,              475P    767
8.342085891,-1.667012424,3.5,8.335913068,-3.334123872,3.5,           475P    768
8.320245437,-5.834658622,3.5,8.287362792,-6.668130024,3.5,           475P    769
8.274951975,-7.918316642,3.5,8.255596452,-8.335041961,3.5,           475P    770
8.249016407,-9.168490433,3.5,8.235778108,-9.585390411,3.5,           475P    771
8.235500742,-10.,3.5,8.152573006,0.,1.,0.,1.,0.;                     475P    772
102,8,445,449,453,457,461,465,469,473;                               477P    773
102,8,447,451,455,459,463,467,471,475;                               479P    774
142,1,397,477,479,1;                                                 481P    775
144,397,1,1,443,481;                                                 483P    776
128,1,1,1,1,0,0,1,0,0,0.,0.,1.,1.,0.,0.,1.,1.,1.,1.,1.,1.,           485P    777
-13.5,0.,-9.,-13.5,0.,9.,13.5,0.,-9.,13.5,0.,9.,0.,1.,0.,1.;         485P    778
126,1,1,1,0,1,0,0.,0.,1.,1.,1.,1.,0.944444444,1.,0.,                 487P    779
0.055555556,1.,0.,0.,1.,0.,0.,1.;                                    487P    780
110,13.5,0.,8.,13.5,0.,-8.;                                          489P    781
126,16,2,1,0,1,0,0.,0.,0.,0.125,0.125,0.25,0.25,0.375,0.375,         491P    782
0.5,0.5,0.625,0.625,0.75,0.75,0.875,0.875,1.,1.,1.,1.,1.,1.,1.,      491P    783
1.,1.,1.,1.,1.,1.,1.,1.,1.,1.,1.,1.,1.,0.055555556,1.,0.,            491P    784
0.050083811,1.,0.,0.044717204,0.999288344,0.,0.039350598,            491P    785
0.998576687,0.,0.034295365,0.997180723,0.,0.029240132,               491P    786
0.995784759,0.,0.024690543,0.993758134,0.,0.020140953,               491P    787
0.991731508,0.,0.016271845,0.989152103,0.,0.012402738,               491P    788
0.986572698,0.,0.009362799,0.983539638,0.,0.006322861,               491P    789
0.980506579,0.,0.004228915,0.977136423,0.,0.002134969,               491P    790
0.973766268,0.,0.001067484,0.97018853,0.,0.,0.966610793,0.,0.,       491P    791
0.962962963,0.,0.,1.,0.,0.,-1.;                                      491P    792
124,1.,0.,0.,0.,0.,6.12323399573677E-17,1.,8.,0.,-1.,                493P    793
6.12323399573677E-17,-8.;                                            493P    794
100,-8.,12.5,0.,13.5,0.,12.5,1.;                                     495P    795
126,1,1,1,0,1,0,0.,0.,1.,1.,1.,1.,0.,0.962962963,0.,0.,              497P    796
0.037037037,0.,0.,1.,0.,0.,1.;                                       497P    797
110,12.5,0.,-9.,-12.5,0.,-9.;                                        499P    798
126,16,2,1,0,1,0,0.,0.,0.,0.125,0.125,0.25,0.25,0.375,0.375,         501P    799
0.5,0.5,0.625,0.625,0.75,0.75,0.875,0.875,1.,1.,1.,1.,1.,1.,1.,      501P    800
1.,1.,1.,1.,1.,1.,1.,1.,1.,1.,1.,1.,1.,0.,0.037037037,0.,0.,         501P    801
0.033389207,0.,0.001067484,0.02981147,0.,0.002134969,                501P    802
0.026233732,0.,0.004228915,0.022863577,0.,0.006322861,               501P    803
0.019493421,0.,0.009362799,0.016460362,0.,0.012402738,               501P    804
0.013427302,0.,0.016271845,0.010847897,0.,0.020140953,               501P    805
0.008268492,0.,0.024690543,0.006241866,0.,0.029240132,               501P    806
0.004215241,0.,0.034295365,0.002819277,0.,0.039350598,               501P    807
0.001423313,0.,0.044717204,0.000711656,0.,0.050083811,0.,0.,         501P    808
0.055555556,0.,0.,0.,1.,0.,0.,-1.;                                   501P    809
124,6.12323399573677E-17,-1.,0.,-12.5,6.12323399573677E-17,          503P    810
3.74939945665464E-33,1.,8.,-1.,-6.12323399573677E-17,                503P    811
6.12323399573677E-17,-20.5;                                          503P    812
100,-8.,-12.5,0.,-11.5,0.,-12.5,1.;                                  505P    813
126,1,1,1,0,1,0,0.,0.,1.,1.,1.,1.,0.055555556,0.,0.,                 507P    814
0.944444444,0.,0.,0.,1.,0.,0.,1.;                                    507P    815
110,-13.5,0.,-8.,-13.5,0.,8.;                                        509P    816
126,16,2,1,0,1,0,0.,0.,0.,0.125,0.125,0.25,0.25,0.375,0.375,         511P    817
0.5,0.5,0.625,0.625,0.75,0.75,0.875,0.875,1.,1.,1.,1.,1.,1.,1.,      511P    818
1.,1.,1.,1.,1.,1.,1.,1.,1.,1.,1.,1.,1.,0.944444444,0.,0.,            511P    819
0.949916189,0.,0.,0.955282796,0.000711656,0.,0.960649402,            511P    820
0.001423313,0.,0.965704635,0.002819277,0.,0.970759868,               511P    821
0.004215241,0.,0.975309457,0.006241866,0.,0.979859047,               511P    822
0.008268492,0.,0.983728155,0.010847897,0.,0.987597262,               511P    823
0.013427302,0.,0.990637201,0.016460362,0.,0.993677139,               511P    824
0.019493421,0.,0.995771085,0.022863577,0.,0.997865031,               511P    825
0.026233732,0.,0.998932516,0.02981147,0.,1.,0.033389207,0.,1.,       511P    826
0.037037037,0.,0.,1.,0.,0.,-1.;                                      511P    827
124,-1.,6.98296267768627E-15,0.,-25.,-4.27583144589696E-31,          513P    828
-6.12323399573677E-17,1.,-8.,6.98296267768627E-15,1.,                513P    829
6.12323399573677E-17,8.00000000000009;                               513P    830
100,8.,-12.5,0.,-11.5,0.,-12.5,1.;                                   515P    831
126,1,1,1,0,1,0,0.,0.,1.,1.,1.,1.,1.,0.037037037,0.,1.,              517P    832
0.962962963,0.,0.,1.,0.,0.,1.;                                       517P    833
110,-12.5,0.,9.,12.5,0.,9.;                                          519P    834
126,16,2,1,0,1,0,0.,0.,0.,0.125,0.125,0.25,0.25,0.375,0.375,         521P    835
0.5,0.5,0.625,0.625,0.75,0.75,0.875,0.875,1.,1.,1.,1.,1.,1.,1.,      521P    836
1.,1.,1.,1.,1.,1.,1.,1.,1.,1.,1.,1.,1.,1.,0.962962963,0.,1.,         521P    837
0.966610793,0.,0.998932516,0.97018853,0.,0.997865031,                521P    838
0.973766268,0.,0.995771085,0.977136423,0.,0.993677139,               521P    839
0.980506579,0.,0.990637201,0.983539638,0.,0.987597262,               521P    840
0.986572698,0.,0.983728155,0.989152103,0.,0.979859047,               521P    841
0.991731508,0.,0.975309457,0.993758134,0.,0.970759868,               521P    842
0.995784759,0.,0.965704635,0.997180723,0.,0.960649402,               521P    843
0.998576687,0.,0.955282796,0.999288344,0.,0.949916189,1.,0.,         521P    844
0.944444444,1.,0.,0.,1.,0.,0.,-1.;                                   521P    845
124,1.40271576953299E-14,1.,0.,12.4999999999998,                     523P    846
-6.12323399573677E-17,8.58915688636046E-31,1.,-8.,1.,                523P    847
-1.40271576953299E-14,6.12323399573677E-17,-4.49999999999999;        523P    848
100,8.,12.5,0.,13.5,0.,12.5,1.;                                      525P    849
102,8,487,491,497,501,507,511,517,521;                               527P    850
102,8,489,495,499,505,509,515,519,525;                               529P    851
142,1,485,527,529,1;                                                 531P    852
126,1,1,1,0,1,0,0.,0.,1.,1.,1.,1.,0.152777778,0.933333333,0.,        533P    853
0.847222222,0.933333333,0.,0.,1.,0.,0.,1.;                           533P    854
110,11.7,0.,-6.25,11.7,0.,6.25;                                      535P    855
126,16,2,1,0,1,0,0.,0.,0.,0.125,0.125,0.25,0.25,0.375,0.375,         537P    856
0.5,0.5,0.625,0.625,0.75,0.75,0.875,0.875,1.,1.,1.,1.,1.,1.,1.,      537P    857
1.,1.,1.,1.,1.,1.,1.,1.,1.,1.,1.,1.,1.,0.847222222,0.933333333,      537P    858
0.,0.85242038,0.933333333,0.,0.857518656,0.93265726,0.,              537P    859
0.862616932,0.931981186,0.,0.867419403,0.930655021,0.,               537P    860
0.872221875,0.929328855,0.,0.876543985,0.92740356,0.,                537P    861
0.880866094,0.925478266,0.,0.884541747,0.923027831,0.,               537P    862
0.888217399,0.920577396,0.,0.891105341,0.91769599,0.,                537P    863
0.893993282,0.914814583,0.,0.895982531,0.911612936,0.,               537P    864
0.89797178,0.908411288,0.,0.89898589,0.905012437,0.,0.9,             537P    865
0.901613586,0.,0.9,0.898148148,0.,0.,1.,0.,0.,1.;                    537P    866
124,1.,0.,0.,0.,0.,6.12323399573677E-17,-1.,6.25000000000001,        539P    867
0.,1.,6.12323399573677E-17,6.25000000000001;                         539P    868
100,6.25,10.75,0.,11.7,0.,10.75,0.95;                                541P    869
126,1,1,1,0,1,0,0.,0.,1.,1.,1.,1.,0.9,0.898148148,0.,0.9,            543P    870
0.101851852,0.,0.,1.,0.,0.,1.;                                       543P    871
110,10.75,0.,7.2,-10.75,0.,7.2;                                      545P    872
126,16,2,1,0,1,0,0.,0.,0.,0.125,0.125,0.25,0.25,0.375,0.375,         547P    873
0.5,0.5,0.625,0.625,0.75,0.75,0.875,0.875,1.,1.,1.,1.,1.,1.,1.,      547P    874
1.,1.,1.,1.,1.,1.,1.,1.,1.,1.,1.,1.,1.,0.9,0.101851852,0.,0.9,       547P    875
0.098386414,0.,0.89898589,0.094987563,0.,0.89797178,                 547P    876
0.091588712,0.,0.895982531,0.088387064,0.,0.893993282,               547P    877
0.085185417,0.,0.891105341,0.08230401,0.,0.888217399,                547P    878
0.079422604,0.,0.884541747,0.076972169,0.,0.880866094,               547P    879
0.074521734,0.,0.876543985,0.07259644,0.,0.872221875,                547P    880
0.070671145,0.,0.867419403,0.069344979,0.,0.862616932,               547P    881
0.068018814,0.,0.857518656,0.06734274,0.,0.85242038,                 547P    882
0.066666667,0.,0.847222222,0.066666667,0.,0.,1.,0.,0.,1.;            547P    883
124,6.12323399573677E-17,-1.,0.,-10.75,6.12323399573677E-17,         549P    884
3.74939945665464E-33,-1.,6.25000000000001,1.,                        549P    885
6.12323399573677E-17,6.12323399573677E-17,17.;                       549P    886
100,6.25,-10.75,0.,-9.8,0.,-10.75,0.95;                              551P    887
126,1,1,1,0,1,0,0.,0.,1.,1.,1.,1.,0.847222222,0.066666667,0.,        553P    888
0.152777778,0.066666667,0.,0.,1.,0.,0.,1.;                           553P    889
110,-11.7,0.,6.25,-11.7,0.,-6.25;                                    555P    890
126,16,2,1,0,1,0,0.,0.,0.,0.125,0.125,0.25,0.25,0.375,0.375,         557P    891
0.5,0.5,0.625,0.625,0.75,0.75,0.875,0.875,1.,1.,1.,1.,1.,1.,1.,      557P    892
1.,1.,1.,1.,1.,1.,1.,1.,1.,1.,1.,1.,1.,0.152777778,0.066666667,      557P    893
0.,0.14757962,0.066666667,0.,0.142481344,0.06734274,0.,              557P    894
0.137383068,0.068018814,0.,0.132580597,0.069344979,0.,               557P    895
0.127778125,0.070671145,0.,0.123456015,0.07259644,0.,                557P    896
0.119133906,0.074521734,0.,0.115458253,0.076972169,0.,               557P    897
0.111782601,0.079422604,0.,0.108894659,0.08230401,0.,                557P    898
0.106006718,0.085185417,0.,0.104017469,0.088387064,0.,               557P    899
0.10202822,0.091588712,0.,0.10101411,0.094987563,0.,0.1,             557P    900
0.098386414,0.,0.1,0.101851852,0.,0.,1.,0.,0.,1.;                    557P    901
124,-1.,6.98296267768627E-15,0.,-21.5,-4.27583144589696E-31,         559P    902
-6.12323399573677E-17,-1.,-6.25,-6.98296267768627E-15,-1.,           559P    903
6.12323399573677E-17,-6.25000000000007;                              559P    904
100,-6.25,-10.75,0.,-9.8,0.,-10.75,0.95;                             561P    905
126,1,1,1,0,1,0,0.,0.,1.,1.,1.,1.,0.1,0.101851852,0.,0.1,            563P    906
0.898148148,0.,0.,1.,0.,0.,1.;                                       563P    907
110,-10.75,0.,-7.2,10.75,0.,-7.2;                                    565P    908
126,16,2,1,0,1,0,0.,0.,0.,0.125,0.125,0.25,0.25,0.375,0.375,         567P    909
0.5,0.5,0.625,0.625,0.75,0.75,0.875,0.875,1.,1.,1.,1.,1.,1.,1.,      567P    910
1.,1.,1.,1.,1.,1.,1.,1.,1.,1.,1.,1.,1.,0.1,0.898148148,0.,0.1,       567P    911
0.901613586,0.,0.10101411,0.905012437,0.,0.10202822,                 567P    912
0.908411288,0.,0.104017469,0.911612936,0.,0.106006718,               567P    913
0.914814583,0.,0.108894659,0.91769599,0.,0.111782601,                567P    914
0.920577396,0.,0.115458253,0.923027831,0.,0.119133906,               567P    915
0.925478266,0.,0.123456015,0.92740356,0.,0.127778125,                567P    916
0.929328855,0.,0.132580597,0.930655021,0.,0.137383068,               567P    917
0.931981186,0.,0.142481344,0.93265726,0.,0.14757962,                 567P    918
0.933333333,0.,0.152777778,0.933333333,0.,0.,1.,0.,0.,1.;            567P    919
124,1.40271576953299E-14,1.,0.,10.7499999999998,                     569P    920
-6.12323399573677E-17,8.58915688636046E-31,-1.,-6.25,-1.,            569P    921
1.40271576953299E-14,6.12323399573677E-17,4.49999999999999;          569P    922
100,-6.25,10.75,0.,11.7,0.,10.75,0.95;                               571P    923
102,8,533,537,543,547,553,557,563,567;                               573P    924
102,8,535,541,545,551,555,561,565,571;                               575P    925
142,1,485,573,575,1;                                                 577P    926
144,485,1,1,531,577;                                                 579P    927
128,1,1,1,1,0,0,1,0,0,0.,0.,1.,1.,0.,0.,1.,1.,1.,1.,1.,1.,           581P    928
-2.024110234,3.,-2.024109906,-2.024110234,3.,2.024000656,            581P    929
2.024055609,3.,-2.024109906,2.024055609,3.,2.024000656,0.,1.,        581P    930
0.,1.;                                                               581P    931
126,16,2,1,0,1,0,0.,0.,0.,0.125,0.125,0.25,0.25,0.375,0.375,         583P    932
0.5,0.5,0.625,0.625,0.75,0.75,0.875,0.875,1.,1.,1.,1.,1.,1.,1.,      583P    933
1.,1.,1.,1.,1.,1.,1.,1.,1.,1.,1.,1.,1.,0.500013494,0.994057652,      583P    934
0.,0.401603246,0.99403059,0.,0.310945421,0.956450103,0.,             583P    935
0.220036611,0.918765575,0.,0.150661373,0.849352888,0.,               583P    936
0.081094097,0.779748058,0.,0.043563251,0.689070658,0.,               583P    937
0.005928529,0.598142285,0.,0.005955842,0.500005036,0.,               583P    938
0.005983231,0.401596204,0.,0.04356456,0.310939676,0.,                583P    939
0.081249877,0.220032299,0.,0.150663793,0.150658188,0.,               583P    940
0.220269752,0.081092143,0.,0.310948582,0.043562083,0.,               583P    941
0.401878254,0.005928204,0.,0.500016915,0.005955842,0.,0.,1.,0.,      583P    942
0.,-1.;                                                              583P    943
124,1.,0.,0.,0.,0.,6.12323399573677E-17,1.,3.,0.,-1.,                585P    944
6.12323399573677E-17,3.;                                             585P    945
100,0.,0.,3.,2.,3.,-2.,2.999986152;                                  587P    946
126,16,2,1,0,1,0,0.,0.,0.,0.125,0.125,0.25,0.25,0.375,0.375,         589P    947
0.5,0.5,0.625,0.625,0.75,0.75,0.875,0.875,1.,1.,1.,1.,1.,1.,1.,      589P    948
1.,1.,1.,1.,1.,1.,1.,1.,1.,1.,1.,1.,1.,0.500016915,0.005955842,      589P    949
0.,0.598426594,0.005983557,0.,0.689083937,0.043564374,0.,            589P    950
0.779992067,0.08124915,0.,0.849366824,0.150661816,0.,                589P    951
0.918933519,0.220266525,0.,0.956464064,0.310943625,0.,               589P    952
0.994071473,0.401806434,0.,0.994071146,0.500008456,0.,               589P    953
0.994070819,0.598351581,0.,0.956462756,0.689073028,0.,               589P    954
0.918777739,0.779980108,0.,0.849364405,0.849354097,0.,               589P    955
0.779758926,0.918920123,0.,0.689080777,0.95645043,0.,                589P    956
0.598151585,0.99408464,0.,0.500013494,0.994057652,0.,0.,1.,0.,       589P    957
0.,-1.;                                                              589P    958
124,-0.999999999976028,6.92416733842889E-06,0.,                      591P    959
-2.07725020152867E-05,-4.23982968388379E-22,                         591P    960
-6.12323399558998E-17,1.,3.,6.92416733842889E-06,                    591P    961
0.999999999976028,6.12323399573677E-17,-2.99999999992808;            591P    962
100,0.,0.,3.,2.,3.,-2.,3.000013848;                                  593P    963
102,2,583,589;                                                       595P    964
102,2,587,593;                                                       597P    965
142,1,581,595,597,1;                                                 599P    966
144,581,1,0,599;                                                     601P    967
128,25,3,3,3,0,0,1,0,0,0.,0.,0.,0.,0.0186910724191932,               603P    968
0.0373821448383864,0.0560732172575796,0.0747642896767728,            603P    969
0.0747642896767728,0.0847514365627916,0.0947385834488104,            603P    970
0.104725730334829,0.114712877220848,0.114712877220848,               603P    971
0.184917974590892,0.255123071960936,0.325328169330979,               603P    972
0.395533266701023,0.395533266701023,0.40464659146205,                603P    973
0.413759916223076,0.422873240984103,0.43198656574513,                603P    974
0.43198656574513,0.465993282872565,0.5,0.500010461274415,            603P    975
0.500010461274415,0.500010461274415,0.500010461274415,0.,0.,0.,      603P    976
0.,0.969835165310771,0.969835165310771,0.969835165310771,            603P    977
0.969835165310771,1.,1.,1.,1.,1.,1.,1.,1.,1.,1.,1.,1.,1.,1.,1.,      603P    978
1.,1.,1.,1.,1.,1.,1.,1.,1.,1.,1.,1.,1.,1.,1.,1.,1.,1.,1.,1.,1.,      603P    979
1.,1.,1.,1.,1.,1.,1.,1.,1.,1.,1.,1.,1.,1.,1.,1.,1.,1.,1.,1.,1.,      603P    980
1.,1.,1.,1.,1.,1.,1.,1.,1.,1.,1.,1.,1.,1.,1.,1.,1.,1.,1.,1.,1.,      603P    981
1.,1.,1.,1.,1.,1.,1.,1.,1.,1.,1.,1.,1.,1.,1.,1.,1.,1.,1.,1.,1.,      603P    982
1.,1.,1.,1.,1.,2.,3.,0.,2.,3.,-0.079344886,1.990520432,3.,           603P    983
-0.238997987,1.947531468,3.,-0.475756236,1.876929829,3.,             603P    984
-0.704237094,1.813118564,3.,-0.847706065,1.758631187,3.,             603P    985
-0.953378552,1.720181096,3.,-1.022443635,1.658885107,3.,             603P    986
-1.11913762,1.59162605,3.,-1.212963298,1.540601877,3.,               603P    987
-1.276092275,1.313650711,3.,-1.538346956,0.804745003,3.,             603P    988
-1.910738691,-0.138992552,3.,-2.069246222,-1.050287949,3.,           603P    989
-1.786605758,-1.502032356,3.,-1.354324463,-1.689391073,3.,           603P    990
-1.071204624,-1.724897421,3.,-1.013711509,-1.769776727,3.,           603P    991
-0.933104673,-1.810033662,3.,-0.852335992,-1.835769528,3.,           603P    992
-0.794438027,-1.897788987,3.,-0.644087822,-1.973874371,3.,           603P    993
-0.394524132,-2.000013814,3.,-0.131451252,-2.000009683,3.,           603P    994
9.476E-05,-2.00000968,3.,0.000135214,5.241566009,3.,0.,              603P    995
5.241566009,3.,-0.201863661,5.235150981,3.,-0.604514588,             603P    996
5.20605942,3.,-1.205368284,5.158281764,3.,-1.803121913,              603P    997
5.115099302,3.,-2.199962221,5.078226517,3.,-2.504276422,             603P    998
5.021051595,3.,-2.720363647,4.829502315,3.,-3.010508145,             603P    999
4.559491536,3.,-3.217017059,4.361766777,3.,-3.288147134,             603P   1000
3.584752621,3.,-3.465620544,2.162425421,3.,-3.71762608,              603P   1001
-0.075982242,3.,-3.824891552,-2.296514501,3.,-3.633622641,           603P   1002
-3.688657541,3.,-3.341088546,-4.438878632,3.,-3.149495233,           603P   1003
-4.617544766,3.,-3.086764371,-4.87812112,3.,-2.894864052,            603P   1004
-5.064671822,3.,-2.607971817,-5.11286345,3.,-2.396162229,            603P   1005
-5.154833358,3.,-1.91344439,-5.206321982,3.,-1.149949133,            603P   1006
-5.224011108,3.,-0.383187405,-5.224008312,3.,0.000245207,            603P   1007
-5.22400831,3.,0.000363123,8.473260102,3.15669564,0.,                603P   1008
8.473260102,3.15669564,-0.324382435,8.469909613,3.15669564,          603P   1009
-0.970031189,8.454715455,3.15669564,-1.934980331,8.429761784,        603P   1010
3.15669564,-2.902006732,8.407208125,3.15669564,-3.552218378,         603P   1011
8.387949931,3.15669564,-4.055174292,8.312050178,3.15669564,          603P   1012
-4.418283659,7.990247607,3.15669564,-4.901878669,7.517485106,        603P   1013
3.15669564,-5.221070821,7.173059761,3.15669564,-5.300201993,         603P   1014
5.845982614,3.15669564,-5.392894133,3.510233922,3.15669564,          603P   1015
-5.524513468,-0.022843848,3.15669564,-5.580536881,-3.552612968,      603P   1016
3.15669564,-5.480639524,-5.885154642,3.15669564,-5.32785263,         603P   1017
-7.198238106,3.15669564,-5.227785841,-7.520064026,3.15669564,        603P   1018
-5.159817233,-7.996337429,3.15669564,-4.856623431,-8.329181898,      603P   1019
3.15669564,-4.363607642,-8.399829288,3.15669564,-3.997886432,        603P   1020
-8.421749645,3.15669564,-3.182800958,-8.448641509,3.15669564,        603P   1021
-1.905374135,-8.457880318,3.15669564,-0.634923558,-8.457878858,      603P   1022
3.15669564,0.000395654,-8.457878857,3.15669564,0.000591033,          603P   1023
11.699023794,3.470283994,0.,11.699023794,3.470283994,                603P   1024
-0.446901209,11.698737844,3.470283994,-1.33554779,11.697441089,      603P   1025
3.470283994,-2.664592378,11.695311403,3.470283994,-4.000891552,      603P   1026
11.693386546,3.470283994,-4.904474534,11.691742944,3.470283994,      603P   1027
-5.606072162,11.59711836,3.470283994,-6.116203671,11.145062497,      603P   1028
3.470283994,-6.793249194,10.469548275,3.470283994,-7.225124582,      603P   1029
9.978422344,3.470283994,-7.312256852,8.101282206,3.470283994,        603P   1030
-7.320167721,4.852112023,3.470283994,-7.331400857,0.024364145,       603P   1031
3.470283994,-7.33618221,-4.814641838,3.470283994,-7.327656407,       603P   1032
-8.087582144,3.470283994,-7.314616713,-9.963527982,3.470283994,      603P   1033
-7.30607645,-10.428513687,3.470283994,-7.232870094,                  603P   1034
-11.12048414,3.470283994,-6.818382809,-11.599622375,                 603P   1035
3.470283994,-6.119243467,-11.692725527,3.470283994,                  603P   1036
-5.599610634,-11.694596334,3.470283994,-4.452157526,                 603P   1037
-11.696891437,3.470283994,-2.660799136,-11.697679929,                603P   1038
3.470283994,-0.886659711,-11.697679804,3.470283994,0.000546101,      603P   1039
-11.697679804,3.470283994,0.000818943,0.,0.500010461274415,0.,       603P   1040
0.969835165310771;                                                   603P   1041
126,2,2,1,0,1,0,0.,0.,0.,1.,1.,1.,1.,1.,1.,0.5,0.953929129,0.,       605P   1042
0.467953232,0.953929126,0.,0.431986566,0.955285247,0.,0.,1.,0.,      605P   1043
0.,1.;                                                               605P   1044
126,9,3,1,0,1,0,0.0052881160569735,0.0052881160569735,               607P   1045
0.0052881160569735,0.0052881160569735,0.00666164611259865,           607P   1046
0.00666164611259865,0.00666164611259865,0.0105762304045666,          607P   1047
0.0105762304045666,0.0105762304045666,0.0105762904045666,            607P   1048
0.0105762904045666,0.0105762904045666,0.0105762904045666,1.,1.,      607P   1049
1.,1.,1.,1.,1.,1.,1.,1.,-11.538278984,3.454981334,6.43E-07,          607P   1050
-11.538278982,3.454981333,-0.457843074,-11.538445138,                607P   1051
3.45501291,-0.91568682,-11.538770939,3.455074794,-1.373530416,       607P   1052
-11.539699478,3.455251163,-2.678392073,-11.54196136,                 607P   1053
3.455680842,-3.983253032,-11.545110825,3.456276109,                  607P   1054
-5.288111095,-11.545110873,3.456276118,-5.288131095,                 607P   1055
-11.545110922,3.456276127,-5.288151094,-11.54511097,                 607P   1056
3.456276136,-5.288171094,0.0052881160569735,0.0105762904045666,      607P   1057
0.,0.,0.;                                                            607P   1058
126,2,2,1,0,1,0,0.,0.,0.,1.,1.,1.,1.,1.,1.,0.431986566,              609P   1059
0.955285247,0.,0.431130497,0.956667525,0.,0.430302579,               609P   1060
0.957750451,0.,0.,1.,0.,0.,-1.;                                      609P   1061
126,6,3,1,0,1,0,-5.89663700918232E-08,-5.89663700918232E-08,         611P   1062
-5.89663700918232E-08,-5.89663700918232E-08,0.,0.,0.,                611P   1063
0.000147541039351316,0.000147541039351316,0.000147541039351316,      611P   1064
0.000147541039351316,1.,1.,1.,1.,1.,1.,1.,-11.54511097,              611P   1065
3.456276136,-5.288171094,-11.545114631,3.456276111,                  611P   1066
-5.288190406,-11.545118298,3.456276833,-5.28820971,                  611P   1067
-11.545121961,3.456277181,-5.288229018,-11.554288236,                611P   1068
3.457148386,-5.33653975,-11.560945532,3.457929425,-5.385390295,      611P   1069
-11.565147105,3.45863459,-5.434385764,-5.89663700918232E-08,         611P   1070
0.000147541039351316,0.,0.,0.;                                       611P   1071
126,16,2,1,0,1,0,0.,0.,0.,0.125,0.125,0.25,0.25,0.375,0.375,         613P   1072
0.5,0.5,0.625,0.625,0.75,0.75,0.892857142857143,                     613P   1073
0.892857142857143,1.,1.,1.,1.,1.,1.,1.,1.,1.,1.,1.,1.,1.,1.,1.,      613P   1074
1.,1.,1.,1.,1.,0.430302579,0.957750451,0.,0.428422467,               613P   1075
0.96020966,0.,0.42632702,0.961770384,0.,0.424327963,                 613P   1076
0.963259315,0.,0.422401478,0.963746175,0.,0.420498784,               613P   1077
0.964227024,0.,0.418491872,0.963788534,0.,0.416452171,               613P   1078
0.96334288,0.,0.414667844,0.962012557,0.,0.41281911,                 613P   1079
0.960634215,0.,0.410879068,0.957991703,0.,0.40892906,                613P   1080
0.955335615,0.,0.407227924,0.951776984,0.,0.405149007,               613P   1081
0.947428068,0.,0.403274135,0.941132502,0.,0.40184712,                613P   1082
0.936340779,0.,0.40053765,0.930485323,0.,0.,1.,0.,0.,-1.;            613P   1083
126,21,3,1,0,1,0,0.,0.,0.,0.,0.000260063613567506,                   615P   1084
0.000260063613567506,0.000260063613567506,0.000754634572431344,      615P   1085
0.000754634572431344,0.000754634572431344,0.00101901764760578,       615P   1086
0.00101901764760578,0.00101901764760578,0.00151071585137759,         615P   1087
0.00151071585137759,0.00151071585137759,0.00166215997905187,         615P   1088
0.00166215997905187,0.00166215997905187,0.00218332778648494,         615P   1089
0.00218332778648494,0.00218332778648494,0.00277013315592282,         615P   1090
0.00277013315592282,0.00277013315592282,0.00277013315592282,1.,      615P   1091
1.,1.,1.,1.,1.,1.,1.,1.,1.,1.,1.,1.,1.,1.,1.,1.,1.,1.,1.,1.,1.,      615P   1092
-11.565147105,3.45863459,-5.434385764,-11.572553019,                 615P   1093
3.459877552,-5.520747761,-11.572370792,3.4608942,-5.608082666,       615P   1094
-11.564747608,3.461726302,-5.694430693,-11.55040114,                 615P   1095
3.463292276,-5.856933557,-11.508799915,3.46425127,-6.01961139,       615P   1096
-11.440741115,3.464535925,-6.1678793,-11.403950919,3.4646898,        615P   1097
-6.248027722,-11.359568844,3.464664195,-6.325051671,                 615P   1098
-11.309094721,3.464480914,-6.397367928,-11.216166714,                615P   1099
3.464143473,-6.530509532,-11.09993094,3.463256266,-6.650553681,      615P   1100
-10.96777771,3.461571794,-6.744867526,-10.926500954,                 615P   1101
3.461045666,-6.774325523,-10.8836241,3.460455036,-6.80164795,        615P   1102
-10.839557495,3.459800825,-6.826738331,-10.689768001,                615P   1103
3.457577057,-6.91202458,-10.523585672,3.454605577,-6.972809896,      615P   1104
-10.354380576,3.450612145,-7.005509583,-10.16407446,                 615P   1105
3.446120706,-7.042287142,-9.965354335,3.440069067,-7.042881245,      615P   1106
-9.773156506,3.432888466,-7.018435113,0.,0.00277013315592282,        615P   1107
0.024845157,0.999616176,0.012256353;                                 615P   1108
126,2,2,1,0,1,0,0.,0.,0.,1.,1.,1.,1.,1.,1.,0.40053765,               617P   1109
0.930485323,0.,0.397814065,0.918306481,0.,0.395533267,               617P   1110
0.901174351,0.,0.,1.,0.,0.,-1.;                                      617P   1111
126,6,3,1,0,1,0,0.,0.,0.,0.,0.00061782166843476,                     619P   1112
0.00061782166843476,0.00061782166843476,0.000617881668434751,        619P   1113
0.000617881668434751,0.000617881668434751,0.000617881668434751,      619P   1114
1.,1.,1.,1.,1.,1.,1.,-9.773156506,3.432888466,-7.018435113,          619P   1115
-9.569002017,3.425261158,-6.992468184,-9.367853484,3.416175224,      619P   1116
-6.938222907,-9.174555027,3.406043218,-6.86790533,-9.174536255,      619P   1117
3.406042234,-6.867898501,-9.174517482,3.406041251,-6.867891672,      619P   1118
-9.17449871,3.406040267,-6.867884843,0.,0.000617881668434751,        619P   1119
0.029631924,0.997752302,0.060102348;                                 619P   1120
126,48,2,1,0,1,0,0.,0.,0.,1.9073486328125E-06,                       621P   1121
1.9073486328125E-06,3.814697265625E-06,3.814697265625E-06,           621P   1122
7.62939453125E-06,7.62939453125E-06,1.52587890625E-05,               621P   1123
1.52587890625E-05,3.0517578125E-05,3.0517578125E-05,                 621P   1124
6.103515625E-05,6.103515625E-05,0.0001220703125,                     621P   1125
0.0001220703125,0.000244140625,0.000244140625,0.00048828125,         621P   1126
0.00048828125,0.0009765625,0.0009765625,0.001953125,                 621P   1127
0.001953125,0.00390625,0.00390625,0.0078125,0.0078125,0.015625,      621P   1128
0.015625,0.03125,0.03125,0.0625,0.0625,0.125,0.125,0.25,0.25,        621P   1129
0.375,0.375,0.5,0.5,0.625,0.625,0.75,0.75,0.875,0.875,1.,1.,1.,      621P   1130
1.,1.,1.,1.,1.,1.,1.,1.,1.,1.,1.,1.,1.,1.,1.,1.,1.,1.,1.,1.,1.,      621P   1131
1.,1.,1.,1.,1.,1.,1.,1.,1.,1.,1.,1.,1.,1.,1.,1.,1.,1.,1.,1.,1.,      621P   1132
1.,1.,1.,1.,1.,1.,1.,0.395533267,0.901174351,0.,0.39553304,          621P   1133
0.901174186,0.,0.395532774,0.901174154,0.,0.395532508,               621P   1134
0.901174122,0.,0.395532255,0.901174045,0.,0.395531749,               621P   1135
0.901173893,0.,0.395531243,0.90117374,0.,0.395530231,                621P   1136
0.901173434,0.,0.395529219,0.901173128,0.,0.395527191,               621P   1137
0.901172515,0.,0.395525172,0.901171905,0.,0.395521125,               621P   1138
0.901170682,0.,0.395517077,0.901169459,0.,0.395508983,               621P   1139
0.901167014,0.,0.395500886,0.901164567,0.,0.3954847,                 621P   1140
0.901159676,0.,0.395468505,0.901154782,0.,0.395436138,               621P   1141
0.901145002,0.,0.395403739,0.901135211,0.,0.395339034,               621P   1142
0.901115656,0.,0.395274197,0.901096059,0.,0.395144903,               621P   1143
0.901056979,0.,0.395015071,0.901017723,0.,0.394756962,               621P   1144
0.900939681,0.,0.394496649,0.90086092,0.,0.393982542,                621P   1145
0.90070537,0.,0.393459121,0.900546799,0.,0.392441161,                621P   1146
0.900238406,0.,0.391381329,0.899916571,0.,0.389407593,               621P   1147
0.899317213,0.,0.387214745,0.898648764,0.,0.384021828,               621P   1148
0.897675463,0.,0.378837186,0.896089009,0.,0.366864855,               621P   1149
0.892425581,0.,0.361901951,0.890923449,0.,0.340994303,               621P   1150
0.884595288,0.,0.32730672,0.880969855,0.,0.308011172,                621P   1151
0.875859038,0.,0.291818133,0.873033848,0.,0.272960604,               621P   1152
0.869743786,0.,0.255713152,0.869069386,0.,0.237940013,               621P   1153
0.86837443,0.,0.219498001,0.870357309,0.,0.202614774,                621P   1154
0.872172587,0.,0.183723558,0.876400771,0.,0.16862875,                621P   1155
0.879779253,0.,0.148753639,0.885493216,0.,0.137242097,               621P   1156
0.888802708,0.,0.114712877,0.89569474,0.,0.,1.,0.,0.,1.;             621P   1157
126,18,3,1,0,1,0,-5.65828983346519E-08,-5.65828983346519E-08,        623P   1158
-5.65828983346519E-08,-5.65828983346519E-08,0.,0.,0.,                623P   1159
0.00714901299419635,0.00714901299419635,0.00714901299419635,         623P   1160
0.0110536058376265,0.0110536058376265,0.0110536058376265,            623P   1161
0.0150986010430823,0.0150986010430823,0.0150986010430823,            623P   1162
0.0182921486356114,0.0182921486356114,0.0182921486356114,            623P   1163
0.0182922086356114,0.0182922086356114,0.0182922086356114,            623P   1164
0.0182922086356114,1.,1.,1.,1.,1.,1.,1.,1.,1.,1.,1.,1.,1.,1.,        623P   1165
1.,1.,1.,1.,1.,-9.17449871,3.406040267,-6.867884843,                 623P   1166
-9.174479987,3.406038085,-6.867884192,-9.174460992,3.406040118,      623P   1167
-6.867884365,-9.174442132,3.406040043,-6.867884126,                  623P   1168
-6.791647961,3.39662921,-6.837667996,-4.40887185,3.385624694,        623P   1169
-6.803458901,-2.025926138,3.380410342,-6.787578514,                  623P   1170
-0.724431233,3.377562417,-6.778905113,0.577133044,3.376724053,       623P   1171
-6.776594496,1.878649449,3.378238915,-6.781602565,3.226973464,       623P   1172
3.379808258,-6.786790745,4.575266161,3.383768174,-6.799423112,       623P   1173
5.92350456,3.388640029,-6.814802131,6.987952245,3.392486406,         623P   1174
-6.82694402,8.052380305,3.39683243,-6.840609765,9.116808561,         623P   1175
3.401116214,-6.854219657,9.116828559,3.401116294,-6.854219913,       623P   1176
9.116848558,3.401116375,-6.854220169,9.116868556,3.401116455,        623P   1177
-6.854220424,-5.65828983346519E-08,0.0182922086356114,0.,0.,0.;      623P   1178
126,10,2,1,0,1,0,0.,0.,0.,0.0625,0.0625,0.125,0.125,0.25,0.25,       625P   1179
0.5,0.5,1.,1.,1.,1.,1.,1.,1.,1.,1.,1.,1.,1.,1.,1.,0.114712877,       625P   1180
0.89569474,0.,0.114559968,0.896880394,0.,0.114421515,                625P   1181
0.898067823,0.,0.114372715,0.898486352,0.,0.114124878,               625P   1182
0.900397658,0.,0.113824924,0.902710892,0.,0.113515505,               625P   1183
0.904927149,0.,0.112893369,0.909383285,0.,0.112230356,               625P   1184
0.913465411,0.,0.110896066,0.921680542,0.,0.10937631,                625P   1185
0.928495576,0.,0.,1.,0.,0.,1.;                                       625P   1186
126,6,3,1,0,1,0,-5.64583641760784E-08,-5.64583641760784E-08,         627P   1187
-5.64583641760784E-08,-5.64583641760784E-08,0.,0.,0.,                627P   1188
0.000665817473746031,0.000665817473746031,0.000665817473746031,      627P   1189
0.000665817473746031,1.,1.,1.,1.,1.,1.,1.,9.116868556,               627P   1190
3.401116455,-6.854220424,9.116886219,3.401116231,-6.854226915,       627P   1191
9.116903801,3.401118384,-6.854233491,9.116921424,3.401119349,        627P   1192
-6.854240024,9.324748017,3.41249393,-6.931283621,9.541589282,        627P   1193
3.422622351,-6.990437966,9.761704449,3.4310387,-7.017557481,         627P   1194
-5.64583641760784E-08,0.000665817473746031,0.,0.,0.;                 627P   1195
126,16,2,1,0,1,0,0.,0.,0.,0.125,0.125,0.25,0.25,0.375,0.375,         629P   1196
0.5,0.5,0.625,0.625,0.75,0.75,0.875,0.875,1.,1.,1.,1.,1.,1.,1.,      629P   1197
1.,1.,1.,1.,1.,1.,1.,1.,1.,1.,1.,1.,1.,0.10937631,0.928495576,       629P   1198
0.,0.107813853,0.935502098,0.,0.106034884,0.941124649,0.,            629P   1199
0.104262828,0.946725353,0.,0.102361619,0.950637493,0.,               629P   1200
0.100515494,0.954436289,0.,0.098340475,0.957245879,0.,               629P   1201
0.096285762,0.959900063,0.,0.094165108,0.961448462,0.,               629P   1202
0.092123035,0.962939486,0.,0.089806782,0.963481493,0.,               629P   1203
0.087584746,0.964001453,0.,0.085408066,0.96359103,0.,                629P   1204
0.083184707,0.963171807,0.,0.080940693,0.96174505,0.,                629P   1205
0.078608441,0.960262191,0.,0.076531765,0.957850839,0.,0.,1.,0.,      629P   1206
0.,-1.;                                                              629P   1207
126,5,3,1,0,1,0,0.,0.,0.,0.,0.5,0.5,1.,1.,1.,1.,1.,1.,1.,1.,1.,      631P   1208
1.,9.761704449,3.4310387,-7.017557481,10.221301218,3.448611895,      631P   1209
-7.074182572,10.705951543,3.458186828,-6.969222697,                  631P   1210
11.410137511,3.46618092,-6.374105023,11.604421841,3.465272521,       631P   1211
-5.900398893,11.565274892,3.45873076,-5.436026658,0.,1.,             631P   1212
-0.031473013,0.998029563,0.054281123;                                631P   1213
126,2,2,1,0,1,0,0.,0.,0.,1.,1.,1.,1.,1.,1.,0.076531765,              633P   1214
0.957850839,0.,0.075615678,0.956787116,0.,0.07476429,                633P   1215
0.955555697,0.,0.,1.,0.,0.,-1.;                                      633P   1216
126,6,3,1,0,1,0,0.,0.,0.,0.,0.000140926439651322,                    635P   1217
0.000140926439651322,0.000140926439651322,0.00014098643965128,       635P   1218
0.00014098643965128,0.00014098643965128,0.00014098643965128,1.,      635P   1219
1.,1.,1.,1.,1.,1.,11.565274892,3.45873076,-5.436026658,              635P   1220
11.561329207,3.458071406,-5.389221824,11.555130098,3.457342943,      635P   1221
-5.342550893,11.546662017,3.456535609,-5.296352023,                  635P   1222
11.546658411,3.456535265,-5.296332354,11.546654805,3.456534922,      635P   1223
-5.296312685,11.546651199,3.456534578,-5.296293016,0.,               635P   1224
0.00014098643965128,0.,0.,0.;                                        635P   1225
126,8,2,1,0,1,0,0.,0.,0.,0.142857142857143,0.142857142857143,        637P   1226
0.25,0.25,0.5,0.5,1.,1.,1.,1.,1.,1.,1.,1.,1.,1.,1.,1.,               637P   1227
0.07476429,0.955555697,0.,0.073491093,0.955473048,0.,                637P   1228
0.064286959,0.955068146,0.,0.060244412,0.954890309,0.,               637P   1229
0.056348449,0.95473567,0.,0.046714447,0.954353274,0.,                637P   1230
0.037636651,0.954100251,0.,0.018530332,0.953567706,0.,0.,            637P   1231
0.953567706,0.,0.,1.,0.,0.,1.;                                       637P   1232
126,9,3,1,0,1,0,-5.90445178906559E-08,-5.90445178906559E-08,         639P   1233
-5.90445178906559E-08,-5.90445178906559E-08,0.,0.,0.,                639P   1234
0.00529500533723701,0.00529500533723701,0.00529500533723701,         639P   1235
0.00529624366462233,0.00529624366462233,0.00529624366462233,         639P   1236
0.00529624366462233,1.,1.,1.,1.,1.,1.,1.,1.,1.,1.,11.546651199,      639P   1237
3.456534578,-5.296293016,11.546651126,3.456534169,-5.296273338,      639P   1238
11.546651066,3.456534553,-5.296253653,11.546651,3.45653454,          639P   1239
-5.296233971,11.540680675,3.455398992,-3.531242655,                  639P   1240
11.536699087,3.454636879,-1.766240109,11.53669744,3.454636564,       639P   1241
-0.00123833,11.536697439,3.454636564,-0.000825553,11.536697439,      639P   1242
3.454636564,-0.000412777,11.536697439,3.454636564,0.,                639P   1243
-5.90445178906559E-08,0.00529624366462233,0.,0.,0.;                  639P   1244
126,1,1,1,0,1,0,0.,0.,1.,1.,1.,1.,0.,0.953567706,0.,0.,0.,0.,        641P   1245
0.,1.,0.,0.,1.;                                                      641P   1246
126,3,3,1,0,1,0,0.0464322935715721,0.0464322935715721,               643P   1247
0.0464322935715721,0.0464322935715721,1.,1.,1.,1.,1.,1.,1.,1.,       643P   1248
11.536697439,3.454636564,0.,8.364844158,3.15148308,0.,               643P   1249
5.18719384,3.,0.,2.,3.,0.,0.0464322935715721,1.,0.,0.,1.;            643P   1250
126,1,1,1,0,1,0,0.,0.,1.,1.,1.,1.,0.,0.,0.,0.5,0.,0.,0.,1.,0.,       645P   1251
0.,1.;                                                               645P   1252
124,1.,0.,0.,0.,0.,6.12323399573677E-17,1.,3.,0.,-1.,                647P   1253
6.12323399573677E-17,3.;                                             647P   1254
100,0.,0.,3.,2.,3.,-2.,2.999986152;                                  649P   1255
126,1,1,1,0,1,0,0.,0.,1.,1.,1.,1.,0.5,0.,0.,0.5,0.953929129,0.,      651P   1256
0.,1.,0.,0.,1.;                                                      651P   1257
126,3,3,1,0,1,0,0.,0.,0.,0.,0.953929128524408,                       653P   1258
0.953929128524408,0.953929128524408,0.953929128524408,1.,1.,1.,      653P   1259
1.,-2.000009684,3.,1.3851E-05,-5.171132275,3.,9.447E-06,             653P   1260
-8.351805624,3.151597932,5.042E-06,-11.538278984,3.454981334,        653P   1261
6.38E-07,0.,0.953929128524408,-1.389E-06,-8.8E-08,1.;                653P   1262
102,12,605,609,613,617,621,625,629,633,637,641,645,651;              655P   1263
102,12,607,611,615,619,623,627,631,635,639,643,649,653;              657P   1264
142,1,603,655,657,1;                                                 659P   1265
144,603,1,0,659;                                                     661P   1266
128,12,12,3,3,0,0,1,0,0,0.,0.,0.,0.,0.392699081698724,               663P   1267
0.392699081698724,0.392699081698724,0.785398163397448,               663P   1268
0.785398163397448,0.785398163397448,1.17809724509617,                663P   1269
1.17809724509617,1.17809724509617,1.5707963267949,                   663P   1270
1.5707963267949,1.5707963267949,1.5707963267949,0.,0.,0.,0.,         663P   1271
0.392699081698724,0.392699081698724,0.392699081698724,               663P   1272
0.785398163397448,0.785398163397448,0.785398163397448,               663P   1273
1.17809724509617,1.17809724509617,1.17809724509617,                  663P   1274
1.5707963267949,1.5707963267949,1.5707963267949,                     663P   1275
1.5707963267949,1.,1.,1.,1.,1.,1.,1.,1.,1.,1.,1.,1.,1.,1.,1.,        663P   1276
1.,1.,1.,1.,1.,1.,1.,1.,1.,1.,1.,1.,1.,1.,1.,1.,1.,1.,1.,1.,1.,      663P   1277
1.,1.,1.,1.,1.,1.,1.,1.,1.,1.,1.,1.,1.,1.,1.,1.,1.,1.,1.,1.,1.,      663P   1278
1.,1.,1.,1.,1.,1.,1.,1.,1.,1.,1.,1.,1.,1.,1.,1.,1.,1.,1.,1.,1.,      663P   1279
1.,1.,1.,1.,1.,1.,1.,1.,1.,1.,1.,1.,1.,1.,1.,1.,1.,1.,1.,1.,1.,      663P   1280
1.,1.,1.,1.,1.,1.,1.,1.,1.,1.,1.,1.,1.,1.,1.,1.,1.,1.,1.,1.,1.,      663P   1281
1.,1.,1.,1.,1.,1.,1.,1.,1.,1.,1.,1.,1.,1.,1.,1.,1.,1.,1.,1.,1.,      663P   1282
1.,1.,1.,1.,1.,1.,1.,1.,1.,1.,1.,1.,1.,1.,1.,1.,1.,1.,1.,1.,1.,      663P   1283
1.,1.,1.,1.,1.,1.,1.,12.5,3.,9.,12.630899694,3.,9.,                  663P   1284
12.761747884,3.,8.973972677,12.882683432,3.,8.923879533,             663P   1285
13.00361898,3.,8.873786388,13.11454672,3.,8.799666842,               663P   1286
13.207106781,3.,8.707106781,13.299666842,3.,8.61454672,              663P   1287
13.373786388,3.,8.50361898,13.423879533,3.,8.382683432,              663P   1288
13.473972677,3.,8.261747884,13.5,3.,8.130899694,13.5,3.,8.,          663P   1289
12.5,3.065449847,9.,12.630899694,3.065449847,9.,12.761747884,        663P   1290
3.065449847,8.973972677,12.882683432,3.065449847,8.923879533,        663P   1291
13.00361898,3.065449847,8.873786388,13.11454672,3.065449847,         663P   1292
8.799666842,13.207106781,3.065449847,8.707106781,13.299666842,       663P   1293
3.065449847,8.61454672,13.373786388,3.065449847,8.50361898,          663P   1294
13.423879533,3.065449847,8.382683432,13.473972677,3.065449847,       663P   1295
8.261747884,13.5,3.065449847,8.130899694,13.5,3.065449847,8.,        663P   1296
12.5,3.130873942,8.986986338,12.62919621,3.130873942,                663P   1297
8.986986338,12.758341586,3.130873942,8.961297726,12.87770332,        663P   1298
3.130873942,8.911856477,12.997065053,3.130873942,8.862415228,        663P   1299
13.106549217,3.130873942,8.789260249,13.197904733,3.130873942,       663P   1300
8.697904733,13.289260249,3.130873942,8.606549217,13.362415228,       663P   1301
3.130873942,8.497065053,13.411856477,3.130873942,8.37770332,         663P   1302
13.461297726,3.130873942,8.258341586,13.486986338,3.130873942,       663P   1303
8.12919621,13.486986338,3.130873942,8.,12.5,3.191341716,             663P   1304
8.961939766,12.625917621,3.191341716,8.961939766,12.751785699,       663P   1305
3.191341716,8.936903049,12.868118411,3.191341716,8.888716462,        663P   1306
12.984451124,3.191341716,8.840529874,13.091156928,3.191341716,       663P   1307
8.769231335,13.180194132,3.191341716,8.680194132,13.269231335,       663P   1308
3.191341716,8.591156928,13.340529874,3.191341716,8.484451124,        663P   1309
13.388716462,3.191341716,8.368118411,13.436903049,3.191341716,       663P   1310
8.251785699,13.461939766,3.191341716,8.125917621,13.461939766,       663P   1311
3.191341716,8.,12.5,3.25180949,8.936893194,12.622639032,             663P   1312
3.25180949,8.936893194,12.745229811,3.25180949,8.912508372,          663P   1313
12.858533503,3.25180949,8.865576446,12.971837195,3.25180949,         663P   1314
8.81864452,13.075764639,3.25180949,8.749202422,13.162483531,         663P   1315
3.25180949,8.662483531,13.249202422,3.25180949,8.575764639,          663P   1316
13.31864452,3.25180949,8.471837195,13.365576446,3.25180949,          663P   1317
8.358533503,13.412508372,3.25180949,8.245229811,13.436893194,        663P   1318
3.25180949,8.122639032,13.436893194,3.25180949,8.,12.5,              663P   1319
3.30727336,8.899833421,12.617787919,3.30727336,8.899833421,          663P   1320
12.735529494,3.30727336,8.876413166,12.844351342,3.30727336,         663P   1321
8.831337681,12.95317319,3.30727336,8.786262195,13.052989678,         663P   1322
3.30727336,8.719566951,13.136278314,3.30727336,8.636278314,          663P   1323
13.219566951,3.30727336,8.552989678,13.286262195,3.30727336,         663P   1324
8.45317319,13.331337681,3.30727336,8.344351342,13.376413166,         663P   1325
3.30727336,8.235529494,13.399833421,3.30727336,8.117787919,          663P   1326
13.399833421,3.30727336,8.,12.5,3.353553391,8.853553391,             663P   1327
12.611729878,3.353553391,8.853553391,12.723415794,3.353553391,       663P   1328
8.831337681,12.826640741,3.353553391,8.788580507,12.929865688,       663P   1329
3.353553391,8.745823334,13.024548437,3.353553391,8.682558345,        663P   1330
13.103553391,3.353553391,8.603553391,13.182558345,3.353553391,       663P   1331
8.524548437,13.245823334,3.353553391,8.429865688,13.288580507,       663P   1332
3.353553391,8.326640741,13.331337681,3.353553391,8.223415794,        663P   1333
13.353553391,3.353553391,8.111729878,13.353553391,3.353553391,       663P   1334
8.,12.5,3.399833421,8.80727336,12.605671836,3.399833421,             663P   1335
8.80727336,12.711302094,3.399833421,8.786262195,12.80893014,         663P   1336
3.399833421,8.745823334,12.906558186,3.399833421,8.705384474,        663P   1337
12.996107196,3.399833421,8.645549739,13.070828467,3.399833421,       663P   1338
8.570828467,13.145549739,3.399833421,8.496107196,13.205384474,       663P   1339
3.399833421,8.406558186,13.245823334,3.399833421,8.30893014,         663P   1340
13.286262195,3.399833421,8.211302094,13.30727336,3.399833421,        663P   1341
8.105671836,13.30727336,3.399833421,8.,12.5,3.436893194,             663P   1342
8.75180949,12.598411632,3.436893194,8.75180949,12.696784543,         663P   1343
3.436893194,8.732241902,12.787705036,3.436893194,8.6945814,          663P   1344
12.878625529,3.436893194,8.656920899,12.962022056,3.436893194,       663P   1345
8.601197121,13.031609589,3.436893194,8.531609589,13.101197121,       663P   1346
3.436893194,8.462022056,13.156920899,3.436893194,8.378625529,        663P   1347
13.1945814,3.436893194,8.287705036,13.232241902,3.436893194,         663P   1348
8.196784543,13.25180949,3.436893194,8.098411632,13.25180949,         663P   1349
3.436893194,8.,12.5,3.461939766,8.691341716,12.590496419,            663P   1350
3.461939766,8.691341716,12.680957232,3.461939766,8.673347942,        663P   1351
12.764565021,3.461939766,8.638716462,12.84817281,3.461939766,        663P   1352
8.604084981,12.924861784,3.461939766,8.552843047,12.988852416,       663P   1353
3.461939766,8.488852416,13.052843047,3.461939766,8.424861784,        663P   1354
13.104084981,3.461939766,8.34817281,13.138716462,3.461939766,        663P   1355
8.264565021,13.173347942,3.461939766,8.180957232,13.191341716,       663P   1356
3.461939766,8.090496419,13.191341716,3.461939766,8.,12.5,            663P   1357
3.486986338,8.630873942,12.582581206,3.486986338,8.630873942,        663P   1358
12.66512992,3.486986338,8.614453982,12.741425006,3.486986338,        663P   1359
8.582851523,12.817720092,3.486986338,8.551249063,12.887701512,       663P   1360
3.486986338,8.504488973,12.946095243,3.486986338,8.446095243,        663P   1361
13.004488973,3.486986338,8.387701512,13.051249063,3.486986338,       663P   1362
8.317720092,13.082851523,3.486986338,8.241425006,13.114453982,       663P   1363
3.486986338,8.16512992,13.130873942,3.486986338,8.082581206,         663P   1364
13.130873942,3.486986338,8.,12.5,3.5,8.565449847,12.574017212,       663P   1365
3.5,8.565449847,12.648005301,3.5,8.550732701,12.716388288,3.5,       663P   1366
8.52240754,12.784771275,3.5,8.49408238,12.847495349,3.5,             663P   1367
8.452171494,12.899833421,3.5,8.399833421,12.952171494,3.5,           663P   1368
8.347495349,12.99408238,3.5,8.284771275,13.02240754,3.5,             663P   1369
8.216388288,13.050732701,3.5,8.148005301,13.065449847,3.5,           663P   1370
8.074017212,13.065449847,3.5,8.,12.5,3.5,8.5,12.565449847,3.5,       663P   1371
8.5,12.630873942,3.5,8.486986338,12.691341716,3.5,8.461939766,       663P   1372
12.75180949,3.5,8.436893194,12.80727336,3.5,8.399833421,             663P   1373
12.853553391,3.5,8.353553391,12.899833421,3.5,8.30727336,            663P   1374
12.936893194,3.5,8.25180949,12.961939766,3.5,8.191341716,            663P   1375
12.986986338,3.5,8.130873942,13.,3.5,8.065449847,13.,3.5,8.,0.,      663P   1376
1.5707963267949,0.,1.5707963267949;                                  663P   1377
126,1,1,1,0,1,0,0.,0.,1.,1.,1.,1.,0.,1.570796327,0.,0.,0.,0.,        665P   1378
0.,1.,0.,0.,1.;                                                      665P   1379
124,3.74939945665464E-33,-6.12323399573677E-17,1.,                   667P   1380
3.99999999999999,1.,6.12323399573677E-17,0.,-9.49999999999999,       667P   1381
-6.12323399573677E-17,1.,6.12323399573677E-17,5.50000000000001;      667P   1382
100,8.5,12.5,3.,13.,3.,12.5,3.5;                                     669P   1383
126,1,1,1,0,1,0,0.,0.,1.,1.,1.,1.,0.,0.,0.,1.570796327,0.,0.,        671P   1384
0.,1.,0.,0.,1.;                                                      671P   1385
124,1.40271576953299E-14,1.,0.,9.49999999999982,                     673P   1386
-6.12323399573677E-17,8.58915688636046E-31,1.,-5.,1.,                673P   1387
-1.40271576953299E-14,6.12323399573677E-17,-4.49999999999995;        673P   1388
100,8.,12.5,3.,13.5,3.,12.5,4.;                                      675P   1389
126,1,1,1,0,1,0,0.,0.,1.,1.,1.,1.,1.570796327,0.,0.,                 677P   1390
1.570796327,1.570796327,0.,0.,1.,0.,0.,1.;                           677P   1391
100,8.,13.,3.,13.5,3.,13.,3.5;                                       679P   1392
126,1,1,1,0,1,0,0.,0.,1.,1.,1.,1.,1.570796327,1.570796327,0.,        681P   1393
0.,1.570796327,0.,0.,1.,0.,0.,1.;                                    681P   1394
124,1.,0.,0.,0.,0.,6.12323399573677E-17,-1.,11.5,0.,1.,              683P   1395
6.12323399573677E-17,4.5;                                            683P   1396
100,8.,12.5,3.5,13.,3.5,12.5,4.;                                     685P   1397
102,4,665,671,677,681;                                               687P   1398
102,4,669,675,679,685;                                               689P   1399
142,1,663,687,689,1;                                                 691P   1400
144,663,1,0,691;                                                     693P   1401
110,13.,3.,8.,13.,3.,1008.;                                          695P   1402
110,13.5,3.,-8.,13.5,3.,8.;                                          697P   1403
120,695,697,0.,6.28318530717959;                                     699P   1404
126,1,1,1,0,1,0,0.,0.,1.,1.,1.,1.,1.,1.570796327,0.,1.,0.,0.,        701P   1405
0.,1.,0.,0.,1.;                                                      701P   1406
124,6.12323399573677E-17,1.,0.,9.99999999999999,1.,                  703P   1407
-6.12323399573677E-17,-6.98296267768627E-15,-9.99999999999994,       703P   1408
-6.98296267768627E-15,4.27583144589696E-31,-1.,                      703P   1409
16.0000000000001;                                                    703P   1410
100,8.,13.,3.,13.5,3.,13.,3.5;                                       705P   1411
126,1,1,1,0,1,0,0.,0.,1.,1.,1.,1.,1.,0.,0.,0.,0.,0.,0.,1.,0.,        707P   1412
0.,1.;                                                               707P   1413
110,13.5,3.,8.,13.5,3.,-8.;                                          709P   1414
126,1,1,1,0,1,0,0.,0.,1.,1.,1.,1.,0.,0.,0.,0.,1.570796327,0.,        711P   1415
0.,1.,0.,0.,1.;                                                      711P   1416
100,-8.,13.,3.,13.5,3.,13.,3.5;                                      713P   1417
126,1,1,1,0,1,0,0.,0.,1.,1.,1.,1.,0.,1.570796327,0.,1.,              715P   1418
1.570796327,0.,0.,1.,0.,0.,1.;                                       715P   1419
110,13.,3.5,-8.,13.,3.5,8.;                                          717P   1420
102,4,701,707,711,715;                                               719P   1421
102,4,705,709,713,717;                                               721P   1422
142,1,699,719,721,1;                                                 723P   1423
144,699,1,0,723;                                                     725P   1424
110,12.5,3.,8.5,-987.5,3.,8.5;                                       727P   1425
110,12.5,3.,9.,-12.5,3.,9.;                                          729P   1426
120,727,729,0.,6.28318530717959;                                     731P   1427
126,1,1,1,0,1,0,0.,0.,1.,1.,1.,1.,0.,0.,0.,0.,1.570796327,0.,        733P   1428
0.,1.,0.,0.,1.;                                                      733P   1429
124,6.12323399573677E-17,0.,-1.,21.,0.,1.,0.,0.,1.,0.,               735P   1430
6.12323399573677E-17,-3.99999999999999;                              735P   1431
100,8.5,12.5,3.,13.,3.,12.5,3.5;                                     737P   1432
126,1,1,1,0,1,0,0.,0.,1.,1.,1.,1.,0.,1.570796327,0.,1.,              739P   1433
1.570796327,0.,0.,1.,0.,0.,1.;                                       739P   1434
110,12.5,3.5,8.5,-12.5,3.5,8.5;                                      741P   1435
126,1,1,1,0,1,0,0.,0.,1.,1.,1.,1.,1.,1.570796327,0.,1.,0.,0.,        743P   1436
0.,1.,0.,0.,1.;                                                      743P   1437
124,3.74939945665464E-33,-6.12323399573677E-17,1.,-21.,1.,           745P   1438
6.12323399573677E-17,0.,15.5,-6.12323399573677E-17,1.,               745P   1439
6.12323399573677E-17,5.5;                                            745P   1440
100,8.5,-12.5,3.,-12.,3.,-12.5,3.5;                                  747P   1441
126,1,1,1,0,1,0,0.,0.,1.,1.,1.,1.,1.,0.,0.,0.,0.,0.,0.,1.,0.,        749P   1442
0.,1.;                                                               749P   1443
110,-12.5,3.,9.,12.5,3.,9.;                                          751P   1444
102,4,733,739,743,749;                                               753P   1445
102,4,737,741,747,751;                                               755P   1446
142,1,731,753,755,1;                                                 757P   1447
144,731,1,0,757;                                                     759P   1448
128,12,12,3,3,0,0,1,0,0,1.5707963267949,1.5707963267949,             761P   1449
1.5707963267949,1.5707963267949,1.96349540849362,                    761P   1450
1.96349540849362,1.96349540849362,2.35619449019234,                  761P   1451
2.35619449019234,2.35619449019234,2.74889357189107,                  761P   1452
2.74889357189107,2.74889357189107,3.14159265358979,                  761P   1453
3.14159265358979,3.14159265358979,3.14159265358979,0.,0.,0.,0.,      761P   1454
0.392699081698725,0.392699081698725,0.392699081698725,               761P   1455
0.785398163397449,0.785398163397449,0.785398163397449,               761P   1456
1.17809724509617,1.17809724509617,1.17809724509617,                  761P   1457
1.5707963267949,1.5707963267949,1.5707963267949,                     761P   1458
1.5707963267949,1.,1.,1.,1.,1.,1.,1.,1.,1.,1.,1.,1.,1.,1.,1.,        761P   1459
1.,1.,1.,1.,1.,1.,1.,1.,1.,1.,1.,1.,1.,1.,1.,1.,1.,1.,1.,1.,1.,      761P   1460
1.,1.,1.,1.,1.,1.,1.,1.,1.,1.,1.,1.,1.,1.,1.,1.,1.,1.,1.,1.,1.,      761P   1461
1.,1.,1.,1.,1.,1.,1.,1.,1.,1.,1.,1.,1.,1.,1.,1.,1.,1.,1.,1.,1.,      761P   1462
1.,1.,1.,1.,1.,1.,1.,1.,1.,1.,1.,1.,1.,1.,1.,1.,1.,1.,1.,1.,1.,      761P   1463
1.,1.,1.,1.,1.,1.,1.,1.,1.,1.,1.,1.,1.,1.,1.,1.,1.,1.,1.,1.,1.,      761P   1464
1.,1.,1.,1.,1.,1.,1.,1.,1.,1.,1.,1.,1.,1.,1.,1.,1.,1.,1.,1.,1.,      761P   1465
1.,1.,1.,1.,1.,1.,1.,1.,1.,1.,1.,1.,1.,1.,1.,1.,1.,1.,1.,1.,1.,      761P   1466
1.,1.,1.,1.,1.,1.,1.,13.5,3.,-8.,13.5,3.,-8.130899694,               761P   1467
13.473972677,3.,-8.261747884,13.423879533,3.,-8.382683432,           761P   1468
13.373786388,3.,-8.50361898,13.299666842,3.,-8.61454672,             761P   1469
13.207106781,3.,-8.707106781,13.11454672,3.,-8.799666842,            761P   1470
13.00361898,3.,-8.873786388,12.882683432,3.,-8.923879533,            761P   1471
12.761747884,3.,-8.973972677,12.630899694,3.,-9.,12.5,3.,-9.,        761P   1472
13.5,3.065449847,-8.,13.5,3.065449847,-8.130899694,                  761P   1473
13.473972677,3.065449847,-8.261747884,13.423879533,3.065449847,      761P   1474
-8.382683432,13.373786388,3.065449847,-8.50361898,13.299666842,      761P   1475
3.065449847,-8.61454672,13.207106781,3.065449847,-8.707106781,       761P   1476
13.11454672,3.065449847,-8.799666842,13.00361898,3.065449847,        761P   1477
-8.873786388,12.882683432,3.065449847,-8.923879533,                  761P   1478
12.761747884,3.065449847,-8.973972677,12.630899694,3.065449847,      761P   1479
-9.,12.5,3.065449847,-9.,13.486986338,3.130873942,-8.,               761P   1480
13.486986338,3.130873942,-8.12919621,13.461297726,3.130873942,       761P   1481
-8.258341586,13.411856477,3.130873942,-8.37770332,13.362415228,      761P   1482
3.130873942,-8.497065053,13.289260249,3.130873942,-8.606549217,      761P   1483
13.197904733,3.130873942,-8.697904733,13.106549217,3.130873942,      761P   1484
-8.789260249,12.997065053,3.130873942,-8.862415228,12.87770332,      761P   1485
3.130873942,-8.911856477,12.758341586,3.130873942,-8.961297726,      761P   1486
12.62919621,3.130873942,-8.986986338,12.5,3.130873942,               761P   1487
-8.986986338,13.461939766,3.191341716,-8.,13.461939766,              761P   1488
3.191341716,-8.125917621,13.436903049,3.191341716,-8.251785699,      761P   1489
13.388716462,3.191341716,-8.368118411,13.340529874,3.191341716,      761P   1490
-8.484451124,13.269231335,3.191341716,-8.591156928,                  761P   1491
13.180194132,3.191341716,-8.680194132,13.091156928,3.191341716,      761P   1492
-8.769231335,12.984451124,3.191341716,-8.840529874,                  761P   1493
12.868118411,3.191341716,-8.888716462,12.751785699,3.191341716,      761P   1494
-8.936903049,12.625917621,3.191341716,-8.961939766,12.5,             761P   1495
3.191341716,-8.961939766,13.436893194,3.25180949,-8.,                761P   1496
13.436893194,3.25180949,-8.122639032,13.412508372,3.25180949,        761P   1497
-8.245229811,13.365576446,3.25180949,-8.358533503,13.31864452,       761P   1498
3.25180949,-8.471837195,13.249202422,3.25180949,-8.575764639,        761P   1499
13.162483531,3.25180949,-8.662483531,13.075764639,3.25180949,        761P   1500
-8.749202422,12.971837195,3.25180949,-8.81864452,12.858533503,       761P   1501
3.25180949,-8.865576446,12.745229811,3.25180949,-8.912508372,        761P   1502
12.622639032,3.25180949,-8.936893194,12.5,3.25180949,                761P   1503
-8.936893194,13.399833421,3.30727336,-8.,13.399833421,               761P   1504
3.30727336,-8.117787919,13.376413166,3.30727336,-8.235529494,        761P   1505
13.331337681,3.30727336,-8.344351342,13.286262195,3.30727336,        761P   1506
-8.45317319,13.219566951,3.30727336,-8.552989678,13.136278314,       761P   1507
3.30727336,-8.636278314,13.052989678,3.30727336,-8.719566951,        761P   1508
12.95317319,3.30727336,-8.786262195,12.844351342,3.30727336,         761P   1509
-8.831337681,12.735529494,3.30727336,-8.876413166,12.617787919,      761P   1510
3.30727336,-8.899833421,12.5,3.30727336,-8.899833421,                761P   1511
13.353553391,3.353553391,-8.,13.353553391,3.353553391,               761P   1512
-8.111729878,13.331337681,3.353553391,-8.223415794,                  761P   1513
13.288580507,3.353553391,-8.326640741,13.245823334,3.353553391,      761P   1514
-8.429865688,13.182558345,3.353553391,-8.524548437,                  761P   1515
13.103553391,3.353553391,-8.603553391,13.024548437,3.353553391,      761P   1516
-8.682558345,12.929865688,3.353553391,-8.745823334,                  761P   1517
12.826640741,3.353553391,-8.788580507,12.723415794,3.353553391,      761P   1518
-8.831337681,12.611729878,3.353553391,-8.853553391,12.5,             761P   1519
3.353553391,-8.853553391,13.30727336,3.399833421,-8.,                761P   1520
13.30727336,3.399833421,-8.105671836,13.286262195,3.399833421,       761P   1521
-8.211302094,13.245823334,3.399833421,-8.30893014,13.205384474,      761P   1522
3.399833421,-8.406558186,13.145549739,3.399833421,-8.496107196,      761P   1523
13.070828467,3.399833421,-8.570828467,12.996107196,3.399833421,      761P   1524
-8.645549739,12.906558186,3.399833421,-8.705384474,12.80893014,      761P   1525
3.399833421,-8.745823334,12.711302094,3.399833421,-8.786262195,      761P   1526
12.605671836,3.399833421,-8.80727336,12.5,3.399833421,               761P   1527
-8.80727336,13.25180949,3.436893194,-8.,13.25180949,                 761P   1528
3.436893194,-8.098411632,13.232241902,3.436893194,-8.196784543,      761P   1529
13.1945814,3.436893194,-8.287705036,13.156920899,3.436893194,        761P   1530
-8.378625529,13.101197121,3.436893194,-8.462022056,                  761P   1531
13.031609589,3.436893194,-8.531609589,12.962022056,3.436893194,      761P   1532
-8.601197121,12.878625529,3.436893194,-8.656920899,                  761P   1533
12.787705036,3.436893194,-8.6945814,12.696784543,3.436893194,        761P   1534
-8.732241902,12.598411632,3.436893194,-8.75180949,12.5,              761P   1535
3.436893194,-8.75180949,13.191341716,3.461939766,-8.,                761P   1536
13.191341716,3.461939766,-8.090496419,13.173347942,3.461939766,      761P   1537
-8.180957232,13.138716462,3.461939766,-8.264565021,                  761P   1538
13.104084981,3.461939766,-8.34817281,13.052843047,3.461939766,       761P   1539
-8.424861784,12.988852416,3.461939766,-8.488852416,                  761P   1540
12.924861784,3.461939766,-8.552843047,12.84817281,3.461939766,       761P   1541
-8.604084981,12.764565021,3.461939766,-8.638716462,                  761P   1542
12.680957232,3.461939766,-8.673347942,12.590496419,3.461939766,      761P   1543
-8.691341716,12.5,3.461939766,-8.691341716,13.130873942,             761P   1544
3.486986338,-8.,13.130873942,3.486986338,-8.082581206,               761P   1545
13.114453982,3.486986338,-8.16512992,13.082851523,3.486986338,       761P   1546
-8.241425006,13.051249063,3.486986338,-8.317720092,                  761P   1547
13.004488973,3.486986338,-8.387701512,12.946095243,3.486986338,      761P   1548
-8.446095243,12.887701512,3.486986338,-8.504488973,                  761P   1549
12.817720092,3.486986338,-8.551249063,12.741425006,3.486986338,      761P   1550
-8.582851523,12.66512992,3.486986338,-8.614453982,12.582581206,      761P   1551
3.486986338,-8.630873942,12.5,3.486986338,-8.630873942,              761P   1552
13.065449847,3.5,-8.,13.065449847,3.5,-8.074017212,                  761P   1553
13.050732701,3.5,-8.148005301,13.02240754,3.5,-8.216388288,          761P   1554
12.99408238,3.5,-8.284771275,12.952171494,3.5,-8.347495349,          761P   1555
12.899833421,3.5,-8.399833421,12.847495349,3.5,-8.452171494,         761P   1556
12.784771275,3.5,-8.49408238,12.716388288,3.5,-8.52240754,           761P   1557
12.648005301,3.5,-8.550732701,12.574017212,3.5,-8.565449847,         761P   1558
12.5,3.5,-8.565449847,13.,3.5,-8.,13.,3.5,-8.065449847,              761P   1559
12.986986338,3.5,-8.130873942,12.961939766,3.5,-8.191341716,         761P   1560
12.936893194,3.5,-8.25180949,12.899833421,3.5,-8.30727336,           761P   1561
12.853553391,3.5,-8.353553391,12.80727336,3.5,-8.399833421,          761P   1562
12.75180949,3.5,-8.436893194,12.691341716,3.5,-8.461939766,          761P   1563
12.630873942,3.5,-8.486986338,12.565449847,3.5,-8.5,12.5,3.5,        761P   1564
-8.5,1.5707963267949,3.14159265358979,0.,1.5707963267949;            761P   1565
126,1,1,1,0,1,0,0.,0.,1.,1.,1.,1.,1.570796327,1.570796327,0.,        763P   1566
1.570796327,0.,0.,0.,1.,0.,0.,1.;                                    763P   1567
124,6.12323399573677E-17,1.,0.,9.99999999999999,1.,                  765P   1568
-6.12323399573677E-17,-6.98296267768627E-15,-10.,                    765P   1569
-6.98296267768627E-15,4.27583144589696E-31,-1.,                      765P   1570
-15.9999999999999;                                                   765P   1571
100,-8.,13.,3.,13.5,3.,13.,3.5;                                      767P   1572
126,1,1,1,0,1,0,0.,0.,1.,1.,1.,1.,1.570796327,0.,0.,                 769P   1573
3.141592654,0.,0.,0.,1.,0.,0.,1.;                                    769P   1574
124,1.,0.,0.,0.,0.,6.12323399573677E-17,1.,11.,0.,-1.,               771P   1575
6.12323399573677E-17,-5.;                                            771P   1576
100,-8.,12.5,3.,13.5,3.,12.5,4.;                                     773P   1577
126,1,1,1,0,1,0,0.,0.,1.,1.,1.,1.,3.141592654,0.,0.,                 775P   1578
3.141592654,1.570796327,0.,0.,1.,0.,0.,1.;                           775P   1579
124,6.12323399573677E-17,0.,1.,21.,0.,1.,0.,0.,-1.,0.,               777P   1580
6.12323399573677E-17,4.;                                             777P   1581
100,-8.5,12.5,3.,13.,3.,12.5,3.5;                                    779P   1582
126,1,1,1,0,1,0,0.,0.,1.,1.,1.,1.,3.141592654,1.570796327,0.,        781P   1583
1.570796327,1.570796327,0.,0.,1.,0.,0.,1.;                           781P   1584
124,1.40271576953299E-14,1.,0.,8.99999999999982,                     783P   1585
-6.12323399573677E-17,8.58915688636046E-31,-1.,-4.5,-1.,             783P   1586
1.40271576953299E-14,6.12323399573677E-17,4.49999999999995;          783P   1587
100,-8.,12.5,3.5,13.,3.5,12.5,4.;                                    785P   1588
102,4,763,769,775,781;                                               787P   1589
102,4,767,773,779,785;                                               789P   1590
142,1,761,787,789,1;                                                 791P   1591
144,761,1,0,791;                                                     793P   1592
128,12,12,3,3,0,0,1,0,0,4.71238898038469,4.71238898038469,           795P   1593
4.71238898038469,4.71238898038469,5.10508806208341,                  795P   1594
5.10508806208341,5.10508806208341,5.49778714378214,                  795P   1595
5.49778714378214,5.49778714378214,5.89048622548086,                  795P   1596
5.89048622548086,5.89048622548086,6.28318530717959,                  795P   1597
6.28318530717959,6.28318530717959,6.28318530717959,0.,0.,0.,0.,      795P   1598
0.392699081698724,0.392699081698724,0.392699081698724,               795P   1599
0.785398163397448,0.785398163397448,0.785398163397448,               795P   1600
1.17809724509617,1.17809724509617,1.17809724509617,                  795P   1601
1.5707963267949,1.5707963267949,1.5707963267949,                     795P   1602
1.5707963267949,1.,1.,1.,1.,1.,1.,1.,1.,1.,1.,1.,1.,1.,1.,1.,        795P   1603
1.,1.,1.,1.,1.,1.,1.,1.,1.,1.,1.,1.,1.,1.,1.,1.,1.,1.,1.,1.,1.,      795P   1604
1.,1.,1.,1.,1.,1.,1.,1.,1.,1.,1.,1.,1.,1.,1.,1.,1.,1.,1.,1.,1.,      795P   1605
1.,1.,1.,1.,1.,1.,1.,1.,1.,1.,1.,1.,1.,1.,1.,1.,1.,1.,1.,1.,1.,      795P   1606
1.,1.,1.,1.,1.,1.,1.,1.,1.,1.,1.,1.,1.,1.,1.,1.,1.,1.,1.,1.,1.,      795P   1607
1.,1.,1.,1.,1.,1.,1.,1.,1.,1.,1.,1.,1.,1.,1.,1.,1.,1.,1.,1.,1.,      795P   1608
1.,1.,1.,1.,1.,1.,1.,1.,1.,1.,1.,1.,1.,1.,1.,1.,1.,1.,1.,1.,1.,      795P   1609
1.,1.,1.,1.,1.,1.,1.,1.,1.,1.,1.,1.,1.,1.,1.,1.,1.,1.,1.,1.,1.,      795P   1610
1.,1.,1.,1.,1.,1.,1.,-13.5,3.,8.,-13.5,3.,8.130899694,               795P   1611
-13.473972677,3.,8.261747884,-13.423879533,3.,8.382683432,           795P   1612
-13.373786388,3.,8.50361898,-13.299666842,3.,8.61454672,             795P   1613
-13.207106781,3.,8.707106781,-13.11454672,3.,8.799666842,            795P   1614
-13.00361898,3.,8.873786388,-12.882683432,3.,8.923879533,            795P   1615
-12.761747884,3.,8.973972677,-12.630899694,3.,9.,-12.5,3.,9.,        795P   1616
-13.5,3.065449847,8.,-13.5,3.065449847,8.130899694,                  795P   1617
-13.473972677,3.065449847,8.261747884,-13.423879533,                 795P   1618
3.065449847,8.382683432,-13.373786388,3.065449847,8.50361898,        795P   1619
-13.299666842,3.065449847,8.61454672,-13.207106781,3.065449847,      795P   1620
8.707106781,-13.11454672,3.065449847,8.799666842,-13.00361898,       795P   1621
3.065449847,8.873786388,-12.882683432,3.065449847,8.923879533,       795P   1622
-12.761747884,3.065449847,8.973972677,-12.630899694,                 795P   1623
3.065449847,9.,-12.5,3.065449847,9.,-13.486986338,3.130873942,       795P   1624
8.,-13.486986338,3.130873942,8.12919621,-13.461297726,               795P   1625
3.130873942,8.258341586,-13.411856477,3.130873942,8.37770332,        795P   1626
-13.362415228,3.130873942,8.497065053,-13.289260249,                 795P   1627
3.130873942,8.606549217,-13.197904733,3.130873942,8.697904733,       795P   1628
-13.106549217,3.130873942,8.789260249,-12.997065053,                 795P   1629
3.130873942,8.862415228,-12.87770332,3.130873942,8.911856477,        795P   1630
-12.758341586,3.130873942,8.961297726,-12.62919621,3.130873942,      795P   1631
8.986986338,-12.5,3.130873942,8.986986338,-13.461939766,             795P   1632
3.191341716,8.,-13.461939766,3.191341716,8.125917621,                795P   1633
-13.436903049,3.191341716,8.251785699,-13.388716462,                 795P   1634
3.191341716,8.368118411,-13.340529874,3.191341716,8.484451124,       795P   1635
-13.269231335,3.191341716,8.591156928,-13.180194132,                 795P   1636
3.191341716,8.680194132,-13.091156928,3.191341716,8.769231335,       795P   1637
-12.984451124,3.191341716,8.840529874,-12.868118411,                 795P   1638
3.191341716,8.888716462,-12.751785699,3.191341716,8.936903049,       795P   1639
-12.625917621,3.191341716,8.961939766,-12.5,3.191341716,             795P   1640
8.961939766,-13.436893194,3.25180949,8.,-13.436893194,               795P   1641
3.25180949,8.122639032,-13.412508372,3.25180949,8.245229811,         795P   1642
-13.365576446,3.25180949,8.358533503,-13.31864452,3.25180949,        795P   1643
8.471837195,-13.249202422,3.25180949,8.575764639,-13.162483531,      795P   1644
3.25180949,8.662483531,-13.075764639,3.25180949,8.749202422,         795P   1645
-12.971837195,3.25180949,8.81864452,-12.858533503,3.25180949,        795P   1646
8.865576446,-12.745229811,3.25180949,8.912508372,-12.622639032,      795P   1647
3.25180949,8.936893194,-12.5,3.25180949,8.936893194,                 795P   1648
-13.399833421,3.30727336,8.,-13.399833421,3.30727336,                795P   1649
8.117787919,-13.376413166,3.30727336,8.235529494,-13.331337681,      795P   1650
3.30727336,8.344351342,-13.286262195,3.30727336,8.45317319,          795P   1651
-13.219566951,3.30727336,8.552989678,-13.136278314,3.30727336,       795P   1652
8.636278314,-13.052989678,3.30727336,8.719566951,-12.95317319,       795P   1653
3.30727336,8.786262195,-12.844351342,3.30727336,8.831337681,         795P   1654
-12.735529494,3.30727336,8.876413166,-12.617787919,3.30727336,       795P   1655
8.899833421,-12.5,3.30727336,8.899833421,-13.353553391,              795P   1656
3.353553391,8.,-13.353553391,3.353553391,8.111729878,                795P   1657
-13.331337681,3.353553391,8.223415794,-13.288580507,                 795P   1658
3.353553391,8.326640741,-13.245823334,3.353553391,8.429865688,       795P   1659
-13.182558345,3.353553391,8.524548437,-13.103553391,                 795P   1660
3.353553391,8.603553391,-13.024548437,3.353553391,8.682558345,       795P   1661
-12.929865688,3.353553391,8.745823334,-12.826640741,                 795P   1662
3.353553391,8.788580507,-12.723415794,3.353553391,8.831337681,       795P   1663
-12.611729878,3.353553391,8.853553391,-12.5,3.353553391,             795P   1664
8.853553391,-13.30727336,3.399833421,8.,-13.30727336,                795P   1665
3.399833421,8.105671836,-13.286262195,3.399833421,8.211302094,       795P   1666
-13.245823334,3.399833421,8.30893014,-13.205384474,3.399833421,      795P   1667
8.406558186,-13.145549739,3.399833421,8.496107196,                   795P   1668
-13.070828467,3.399833421,8.570828467,-12.996107196,                 795P   1669
3.399833421,8.645549739,-12.906558186,3.399833421,8.705384474,       795P   1670
-12.80893014,3.399833421,8.745823334,-12.711302094,3.399833421,      795P   1671
8.786262195,-12.605671836,3.399833421,8.80727336,-12.5,              795P   1672
3.399833421,8.80727336,-13.25180949,3.436893194,8.,                  795P   1673
-13.25180949,3.436893194,8.098411632,-13.232241902,3.436893194,      795P   1674
8.196784543,-13.1945814,3.436893194,8.287705036,-13.156920899,       795P   1675
3.436893194,8.378625529,-13.101197121,3.436893194,8.462022056,       795P   1676
-13.031609589,3.436893194,8.531609589,-12.962022056,                 795P   1677
3.436893194,8.601197121,-12.878625529,3.436893194,8.656920899,       795P   1678
-12.787705036,3.436893194,8.6945814,-12.696784543,3.436893194,       795P   1679
8.732241902,-12.598411632,3.436893194,8.75180949,-12.5,              795P   1680
3.436893194,8.75180949,-13.191341716,3.461939766,8.,                 795P   1681
-13.191341716,3.461939766,8.090496419,-13.173347942,                 795P   1682
3.461939766,8.180957232,-13.138716462,3.461939766,8.264565021,       795P   1683
-13.104084981,3.461939766,8.34817281,-13.052843047,3.461939766,      795P   1684
8.424861784,-12.988852416,3.461939766,8.488852416,                   795P   1685
-12.924861784,3.461939766,8.552843047,-12.84817281,3.461939766,      795P   1686
8.604084981,-12.764565021,3.461939766,8.638716462,                   795P   1687
-12.680957232,3.461939766,8.673347942,-12.590496419,                 795P   1688
3.461939766,8.691341716,-12.5,3.461939766,8.691341716,               795P   1689
-13.130873942,3.486986338,8.,-13.130873942,3.486986338,              795P   1690
8.082581206,-13.114453982,3.486986338,8.16512992,-13.082851523,      795P   1691
3.486986338,8.241425006,-13.051249063,3.486986338,8.317720092,       795P   1692
-13.004488973,3.486986338,8.387701512,-12.946095243,                 795P   1693
3.486986338,8.446095243,-12.887701512,3.486986338,8.504488973,       795P   1694
-12.817720092,3.486986338,8.551249063,-12.741425006,                 795P   1695
3.486986338,8.582851523,-12.66512992,3.486986338,8.614453982,        795P   1696
-12.582581206,3.486986338,8.630873942,-12.5,3.486986338,             795P   1697
8.630873942,-13.065449847,3.5,8.,-13.065449847,3.5,8.074017212,      795P   1698
-13.050732701,3.5,8.148005301,-13.02240754,3.5,8.216388288,          795P   1699
-12.99408238,3.5,8.284771275,-12.952171494,3.5,8.347495349,          795P   1700
-12.899833421,3.5,8.399833421,-12.847495349,3.5,8.452171494,         795P   1701
-12.784771275,3.5,8.49408238,-12.716388288,3.5,8.52240754,           795P   1702
-12.648005301,3.5,8.550732701,-12.574017212,3.5,8.565449847,         795P   1703
-12.5,3.5,8.565449847,-13.,3.5,8.,-13.,3.5,8.065449847,              795P   1704
-12.986986338,3.5,8.130873942,-12.961939766,3.5,8.191341716,         795P   1705
-12.936893194,3.5,8.25180949,-12.899833421,3.5,8.30727336,           795P   1706
-12.853553391,3.5,8.353553391,-12.80727336,3.5,8.399833421,          795P   1707
-12.75180949,3.5,8.436893194,-12.691341716,3.5,8.461939766,          795P   1708
-12.630873942,3.5,8.486986338,-12.565449847,3.5,8.5,-12.5,3.5,       795P   1709
8.5,4.71238898038469,6.28318530717959,0.,1.5707963267949;            795P   1710
126,1,1,1,0,1,0,0.,0.,1.,1.,1.,1.,6.283185307,0.,0.,                 797P   1711
6.283185307,1.570796327,0.,0.,1.,0.,0.,1.;                           797P   1712
124,6.12323399573677E-17,0.,-1.,-4.,0.,1.,0.,0.,1.,0.,               799P   1713
6.12323399573677E-17,21.;                                            799P   1714
100,8.5,-12.5,3.,-12.,3.,-12.5,3.5;                                  801P   1715
126,1,1,1,0,1,0,0.,0.,1.,1.,1.,1.,6.283185307,1.570796327,0.,        803P   1716
4.71238898,1.570796327,0.,0.,1.,0.,0.,1.;                            803P   1717
124,6.12323399573677E-17,-1.,0.,-9.,6.12323399573677E-17,            805P   1718
3.74939945665464E-33,-1.,11.5,1.,6.12323399573677E-17,               805P   1719
6.12323399573677E-17,20.5;                                           805P   1720
100,8.,-12.5,3.5,-12.,3.5,-12.5,4.;                                  807P   1721
126,1,1,1,0,1,0,0.,0.,1.,1.,1.,1.,4.71238898,1.570796327,0.,         809P   1722
4.71238898,0.,0.,0.,1.,0.,0.,1.;                                     809P   1723
100,8.,-13.,3.,-13.,3.5,-13.5,3.;                                    811P   1724
126,1,1,1,0,1,0,0.,0.,1.,1.,1.,1.,4.71238898,0.,0.,6.283185307,      813P   1725
0.,0.,0.,1.,0.,0.,1.;                                                813P   1726
124,-1.,6.98296267768627E-15,0.,-25.,-4.27583144589696E-31,          815P   1727
-6.12323399573677E-17,1.,-5.,6.98296267768627E-15,1.,                815P   1728
6.12323399573677E-17,5.00000000000009;                               815P   1729
100,8.,-12.5,3.,-11.5,3.,-12.5,4.;                                   817P   1730
102,4,797,803,809,813;                                               819P   1731
102,4,801,807,811,817;                                               821P   1732
142,1,795,819,821,1;                                                 823P   1733
144,795,1,0,823;                                                     825P   1734
110,12.5,3.,-8.5,1012.5,3.,-8.5;                                     827P   1735
110,-12.5,3.,-9.,12.5,3.,-9.;                                        829P   1736
120,827,829,0.,6.28318530717959;                                     831P   1737
126,1,1,1,0,1,0,0.,0.,1.,1.,1.,1.,1.,1.570796327,0.,1.,0.,0.,        833P   1738
0.,1.,0.,0.,1.;                                                      833P   1739
124,3.74939945665464E-33,-6.12323399573677E-17,-1.,                  835P   1740
3.99999999999999,1.,6.12323399573677E-17,0.,-9.49999999999999,       835P   1741
6.12323399573677E-17,-1.,6.12323399573677E-17,-5.5;                  835P   1742
100,-8.5,12.5,3.,13.,3.,12.5,3.5;                                    837P   1743
126,1,1,1,0,1,0,0.,0.,1.,1.,1.,1.,1.,0.,0.,0.,0.,0.,0.,1.,0.,        839P   1744
0.,1.;                                                               839P   1745
110,12.5,3.,-9.,-12.5,3.,-9.;                                        841P   1746
126,1,1,1,0,1,0,0.,0.,1.,1.,1.,1.,0.,0.,0.,0.,1.570796327,0.,        843P   1747
0.,1.,0.,0.,1.;                                                      843P   1748
124,6.12323399573677E-17,0.,1.,-4.00000000000001,0.,1.,0.,0.,        845P   1749
-1.,0.,6.12323399573677E-17,-21.;                                    845P   1750
100,-8.5,-12.5,3.,-12.,3.,-12.5,3.5;                                 847P   1751
126,1,1,1,0,1,0,0.,0.,1.,1.,1.,1.,0.,1.570796327,0.,1.,              849P   1752
1.570796327,0.,0.,1.,0.,0.,1.;                                       849P   1753
110,-12.5,3.5,-8.5,12.5,3.5,-8.5;                                    851P   1754
102,4,833,839,843,849;                                               853P   1755
102,4,837,841,847,851;                                               855P   1756
142,1,831,853,855,1;                                                 857P   1757
144,831,1,0,857;                                                     859P   1758
110,-13.,3.,8.,-13.,3.,-992.;                                        861P   1759
110,-13.5,3.,8.,-13.5,3.,-8.;                                        863P   1760
120,861,863,0.,6.28318530717959;                                     865P   1761
126,1,1,1,0,1,0,0.,0.,1.,1.,1.,1.,0.,0.,0.,0.,1.570796327,0.,        867P   1762
0.,1.,0.,0.,1.;                                                      867P   1763
124,-1.,5.55111512312578E-17,6.98296267768627E-15,                   869P   1764
-26.0000000000001,5.55111512312578E-17,1.,                           869P   1765
-2.42270185777045E-29,5.75928194024685E-16,                          869P   1766
-6.98296267768627E-15,-2.38393862804612E-29,-1.,                     869P   1767
15.9999999999999;                                                    869P   1768
100,8.,-13.,3.,-12.5,3.,-13.,3.5;                                    871P   1769
126,1,1,1,0,1,0,0.,0.,1.,1.,1.,1.,0.,1.570796327,0.,1.,              873P   1770
1.570796327,0.,0.,1.,0.,0.,1.;                                       873P   1771
110,-13.,3.5,8.,-13.,3.5,-8.;                                        875P   1772
126,1,1,1,0,1,0,0.,0.,1.,1.,1.,1.,1.,1.570796327,0.,1.,0.,0.,        877P   1773
0.,1.,0.,0.,1.;                                                      877P   1774
100,-8.,-13.,3.,-13.,3.5,-13.5,3.;                                   879P   1775
126,1,1,1,0,1,0,0.,0.,1.,1.,1.,1.,1.,0.,0.,0.,0.,0.,0.,1.,0.,        881P   1776
0.,1.;                                                               881P   1777
110,-13.5,3.,-8.,-13.5,3.,8.;                                        883P   1778
102,4,867,873,877,881;                                               885P   1779
102,4,871,875,879,883;                                               887P   1780
142,1,865,885,887,1;                                                 889P   1781
144,865,1,0,889;                                                     891P   1782
128,12,12,3,3,0,0,1,0,0,3.14159265358979,3.14159265358979,           893P   1783
3.14159265358979,3.14159265358979,3.53429173528852,                  893P   1784
3.53429173528852,3.53429173528852,3.92699081698724,                  893P   1785
3.92699081698724,3.92699081698724,4.31968989868597,                  893P   1786
4.31968989868597,4.31968989868597,4.71238898038469,                  893P   1787
4.71238898038469,4.71238898038469,4.71238898038469,0.,0.,0.,0.,      893P   1788
0.392699081698724,0.392699081698724,0.392699081698724,               893P   1789
0.785398163397448,0.785398163397448,0.785398163397448,               893P   1790
1.17809724509617,1.17809724509617,1.17809724509617,                  893P   1791
1.5707963267949,1.5707963267949,1.5707963267949,                     893P   1792
1.5707963267949,1.,1.,1.,1.,1.,1.,1.,1.,1.,1.,1.,1.,1.,1.,1.,        893P   1793
1.,1.,1.,1.,1.,1.,1.,1.,1.,1.,1.,1.,1.,1.,1.,1.,1.,1.,1.,1.,1.,      893P   1794
1.,1.,1.,1.,1.,1.,1.,1.,1.,1.,1.,1.,1.,1.,1.,1.,1.,1.,1.,1.,1.,      893P   1795
1.,1.,1.,1.,1.,1.,1.,1.,1.,1.,1.,1.,1.,1.,1.,1.,1.,1.,1.,1.,1.,      893P   1796
1.,1.,1.,1.,1.,1.,1.,1.,1.,1.,1.,1.,1.,1.,1.,1.,1.,1.,1.,1.,1.,      893P   1797
1.,1.,1.,1.,1.,1.,1.,1.,1.,1.,1.,1.,1.,1.,1.,1.,1.,1.,1.,1.,1.,      893P   1798
1.,1.,1.,1.,1.,1.,1.,1.,1.,1.,1.,1.,1.,1.,1.,1.,1.,1.,1.,1.,1.,      893P   1799
1.,1.,1.,1.,1.,1.,1.,1.,1.,1.,1.,1.,1.,1.,1.,1.,1.,1.,1.,1.,1.,      893P   1800
1.,1.,1.,1.,1.,1.,1.,-12.5,3.,-9.,-12.630899694,3.,-9.,              893P   1801
-12.761747884,3.,-8.973972677,-12.882683432,3.,-8.923879533,         893P   1802
-13.00361898,3.,-8.873786388,-13.11454672,3.,-8.799666842,           893P   1803
-13.207106781,3.,-8.707106781,-13.299666842,3.,-8.61454672,          893P   1804
-13.373786388,3.,-8.50361898,-13.423879533,3.,-8.382683432,          893P   1805
-13.473972677,3.,-8.261747884,-13.5,3.,-8.130899694,-13.5,3.,        893P   1806
-8.,-12.5,3.065449847,-9.,-12.630899694,3.065449847,-9.,             893P   1807
-12.761747884,3.065449847,-8.973972677,-12.882683432,                893P   1808
3.065449847,-8.923879533,-13.00361898,3.065449847,-8.873786388,      893P   1809
-13.11454672,3.065449847,-8.799666842,-13.207106781,                 893P   1810
3.065449847,-8.707106781,-13.299666842,3.065449847,-8.61454672,      893P   1811
-13.373786388,3.065449847,-8.50361898,-13.423879533,                 893P   1812
3.065449847,-8.382683432,-13.473972677,3.065449847,                  893P   1813
-8.261747884,-13.5,3.065449847,-8.130899694,-13.5,3.065449847,       893P   1814
-8.,-12.5,3.130873942,-8.986986338,-12.62919621,3.130873942,         893P   1815
-8.986986338,-12.758341586,3.130873942,-8.961297726,                 893P   1816
-12.87770332,3.130873942,-8.911856477,-12.997065053,                 893P   1817
3.130873942,-8.862415228,-13.106549217,3.130873942,                  893P   1818
-8.789260249,-13.197904733,3.130873942,-8.697904733,                 893P   1819
-13.289260249,3.130873942,-8.606549217,-13.362415228,                893P   1820
3.130873942,-8.497065053,-13.411856477,3.130873942,-8.37770332,      893P   1821
-13.461297726,3.130873942,-8.258341586,-13.486986338,                893P   1822
3.130873942,-8.12919621,-13.486986338,3.130873942,-8.,-12.5,         893P   1823
3.191341716,-8.961939766,-12.625917621,3.191341716,                  893P   1824
-8.961939766,-12.751785699,3.191341716,-8.936903049,                 893P   1825
-12.868118411,3.191341716,-8.888716462,-12.984451124,                893P   1826
3.191341716,-8.840529874,-13.091156928,3.191341716,                  893P   1827
-8.769231335,-13.180194132,3.191341716,-8.680194132,                 893P   1828
-13.269231335,3.191341716,-8.591156928,-13.340529874,                893P   1829
3.191341716,-8.484451124,-13.388716462,3.191341716,                  893P   1830
-8.368118411,-13.436903049,3.191341716,-8.251785699,                 893P   1831
-13.461939766,3.191341716,-8.125917621,-13.461939766,                893P   1832
3.191341716,-8.,-12.5,3.25180949,-8.936893194,-12.622639032,         893P   1833
3.25180949,-8.936893194,-12.745229811,3.25180949,-8.912508372,       893P   1834
-12.858533503,3.25180949,-8.865576446,-12.971837195,3.25180949,      893P   1835
-8.81864452,-13.075764639,3.25180949,-8.749202422,                   893P   1836
-13.162483531,3.25180949,-8.662483531,-13.249202422,3.25180949,      893P   1837
-8.575764639,-13.31864452,3.25180949,-8.471837195,                   893P   1838
-13.365576446,3.25180949,-8.358533503,-13.412508372,3.25180949,      893P   1839
-8.245229811,-13.436893194,3.25180949,-8.122639032,                  893P   1840
-13.436893194,3.25180949,-8.,-12.5,3.30727336,-8.899833421,          893P   1841
-12.617787919,3.30727336,-8.899833421,-12.735529494,3.30727336,      893P   1842
-8.876413166,-12.844351342,3.30727336,-8.831337681,                  893P   1843
-12.95317319,3.30727336,-8.786262195,-13.052989678,3.30727336,       893P   1844
-8.719566951,-13.136278314,3.30727336,-8.636278314,                  893P   1845
-13.219566951,3.30727336,-8.552989678,-13.286262195,3.30727336,      893P   1846
-8.45317319,-13.331337681,3.30727336,-8.344351342,                   893P   1847
-13.376413166,3.30727336,-8.235529494,-13.399833421,3.30727336,      893P   1848
-8.117787919,-13.399833421,3.30727336,-8.,-12.5,3.353553391,         893P   1849
-8.853553391,-12.611729878,3.353553391,-8.853553391,                 893P   1850
-12.723415794,3.353553391,-8.831337681,-12.826640741,                893P   1851
3.353553391,-8.788580507,-12.929865688,3.353553391,                  893P   1852
-8.745823334,-13.024548437,3.353553391,-8.682558345,                 893P   1853
-13.103553391,3.353553391,-8.603553391,-13.182558345,                893P   1854
3.353553391,-8.524548437,-13.245823334,3.353553391,                  893P   1855
-8.429865688,-13.288580507,3.353553391,-8.326640741,                 893P   1856
-13.331337681,3.353553391,-8.223415794,-13.353553391,                893P   1857
3.353553391,-8.111729878,-13.353553391,3.353553391,-8.,-12.5,        893P   1858
3.399833421,-8.80727336,-12.605671836,3.399833421,-8.80727336,       893P   1859
-12.711302094,3.399833421,-8.786262195,-12.80893014,                 893P   1860
3.399833421,-8.745823334,-12.906558186,3.399833421,                  893P   1861
-8.705384474,-12.996107196,3.399833421,-8.645549739,                 893P   1862
-13.070828467,3.399833421,-8.570828467,-13.145549739,                893P   1863
3.399833421,-8.496107196,-13.205384474,3.399833421,                  893P   1864
-8.406558186,-13.245823334,3.399833421,-8.30893014,                  893P   1865
-13.286262195,3.399833421,-8.211302094,-13.30727336,                 893P   1866
3.399833421,-8.105671836,-13.30727336,3.399833421,-8.,-12.5,         893P   1867
3.436893194,-8.75180949,-12.598411632,3.436893194,-8.75180949,       893P   1868
-12.696784543,3.436893194,-8.732241902,-12.787705036,                893P   1869
3.436893194,-8.6945814,-12.878625529,3.436893194,-8.656920899,       893P   1870
-12.962022056,3.436893194,-8.601197121,-13.031609589,                893P   1871
3.436893194,-8.531609589,-13.101197121,3.436893194,                  893P   1872
-8.462022056,-13.156920899,3.436893194,-8.378625529,                 893P   1873
-13.1945814,3.436893194,-8.287705036,-13.232241902,3.436893194,      893P   1874
-8.196784543,-13.25180949,3.436893194,-8.098411632,                  893P   1875
-13.25180949,3.436893194,-8.,-12.5,3.461939766,-8.691341716,         893P   1876
-12.590496419,3.461939766,-8.691341716,-12.680957232,                893P   1877
3.461939766,-8.673347942,-12.764565021,3.461939766,                  893P   1878
-8.638716462,-12.84817281,3.461939766,-8.604084981,                  893P   1879
-12.924861784,3.461939766,-8.552843047,-12.988852416,                893P   1880
3.461939766,-8.488852416,-13.052843047,3.461939766,                  893P   1881
-8.424861784,-13.104084981,3.461939766,-8.34817281,                  893P   1882
-13.138716462,3.461939766,-8.264565021,-13.173347942,                893P   1883
3.461939766,-8.180957232,-13.191341716,3.461939766,                  893P   1884
-8.090496419,-13.191341716,3.461939766,-8.,-12.5,3.486986338,        893P   1885
-8.630873942,-12.582581206,3.486986338,-8.630873942,                 893P   1886
-12.66512992,3.486986338,-8.614453982,-12.741425006,                 893P   1887
3.486986338,-8.582851523,-12.817720092,3.486986338,                  893P   1888
-8.551249063,-12.887701512,3.486986338,-8.504488973,                 893P   1889
-12.946095243,3.486986338,-8.446095243,-13.004488973,                893P   1890
3.486986338,-8.387701512,-13.051249063,3.486986338,                  893P   1891
-8.317720092,-13.082851523,3.486986338,-8.241425006,                 893P   1892
-13.114453982,3.486986338,-8.16512992,-13.130873942,                 893P   1893
3.486986338,-8.082581206,-13.130873942,3.486986338,-8.,-12.5,        893P   1894
3.5,-8.565449847,-12.574017212,3.5,-8.565449847,-12.648005301,       893P   1895
3.5,-8.550732701,-12.716388288,3.5,-8.52240754,-12.784771275,        893P   1896
3.5,-8.49408238,-12.847495349,3.5,-8.452171494,-12.899833421,        893P   1897
3.5,-8.399833421,-12.952171494,3.5,-8.347495349,-12.99408238,        893P   1898
3.5,-8.284771275,-13.02240754,3.5,-8.216388288,-13.050732701,        893P   1899
3.5,-8.148005301,-13.065449847,3.5,-8.074017212,-13.065449847,       893P   1900
3.5,-8.,-12.5,3.5,-8.5,-12.565449847,3.5,-8.5,-12.630873942,         893P   1901
3.5,-8.486986338,-12.691341716,3.5,-8.461939766,-12.75180949,        893P   1902
3.5,-8.436893194,-12.80727336,3.5,-8.399833421,-12.853553391,        893P   1903
3.5,-8.353553391,-12.899833421,3.5,-8.30727336,-12.936893194,        893P   1904
3.5,-8.25180949,-12.961939766,3.5,-8.191341716,-12.986986338,        893P   1905
3.5,-8.130873942,-13.,3.5,-8.065449847,-13.,3.5,-8.,                 893P   1906
3.14159265358979,4.71238898038469,0.,1.5707963267949;                893P   1907
126,1,1,1,0,1,0,0.,0.,1.,1.,1.,1.,3.141592654,1.570796327,0.,        895P   1908
3.141592654,0.,0.,0.,1.,0.,0.,1.;                                    895P   1909
124,3.74939945665464E-33,-6.12323399573677E-17,-1.,-21.,1.,          897P   1910
6.12323399573677E-17,0.,15.5,6.12323399573677E-17,-1.,               897P   1911
6.12323399573677E-17,-5.5;                                           897P   1912
100,-8.5,-12.5,3.,-12.,3.,-12.5,3.5;                                 899P   1913
126,1,1,1,0,1,0,0.,0.,1.,1.,1.,1.,3.141592654,0.,0.,4.71238898,      901P   1914
0.,0.,0.,1.,0.,0.,1.;                                                901P   1915
124,6.12323399573677E-17,-1.,0.,-9.5,6.12323399573677E-17,           903P   1916
3.74939945665464E-33,1.,11.,-1.,-6.12323399573677E-17,               903P   1917
6.12323399573677E-17,-20.5;                                          903P   1918
100,-8.,-12.5,3.,-11.5,3.,-12.5,4.;                                  905P   1919
126,1,1,1,0,1,0,0.,0.,1.,1.,1.,1.,4.71238898,0.,0.,4.71238898,       907P   1920
1.570796327,0.,0.,1.,0.,0.,1.;                                       907P   1921
124,-1.,5.55111512312578E-17,6.98296267768627E-15,-26.,              909P   1922
5.55111512312578E-17,1.,-2.42270185777045E-29,                       909P   1923
5.75928194023916E-16,-6.98296267768627E-15,                          909P   1924
-2.38393862804612E-29,-1.,-16.0000000000001;                         909P   1925
100,-8.,-13.,3.,-12.5,3.,-13.,3.5;                                   911P   1926
126,1,1,1,0,1,0,0.,0.,1.,1.,1.,1.,4.71238898,1.570796327,0.,         913P   1927
3.141592654,1.570796327,0.,0.,1.,0.,0.,1.;                           913P   1928
124,-1.,6.98296267768627E-15,0.,-25.,-4.27583144589696E-31,          915P   1929
-6.12323399573677E-17,-1.,-4.5,-6.98296267768627E-15,-1.,            915P   1930
6.12323399573677E-17,-4.50000000000008;                              915P   1931
100,-8.,-12.5,3.5,-12.,3.5,-12.5,4.;                                 917P   1932
102,4,895,901,907,913;                                               919P   1933
102,4,899,905,911,917;                                               921P   1934
142,1,893,919,921,1;                                                 923P   1935
144,893,1,0,923;                                                     925P   1936
128,49,2,3,2,0,0,0,0,0,-1.28488799461257E-15,                        927P   1937
-1.28488799461257E-15,-1.28488799461257E-15,                         927P   1938
-1.28488799461257E-15,0.000171875887847401,                          927P   1939
0.000171875887847401,0.000193360373828487,0.000193360373828487,      927P   1940
0.000198731495323758,0.000198731495323758,0.000201417056071394,      927P   1941
0.000201417056071394,0.00020410261681903,0.00020410261681903,        927P   1942
0.000214844859809573,0.000214844859809573,0.000257813831771744,      927P   1943
0.000257813831771744,0.000343751775696087,0.000343751775696087,      927P   1944
0.000687503551393459,0.000687503551393459,0.0013750071027882,        927P   1945
0.0013750071027882,0.00275001420557769,0.00275001420557769,          927P   1946
0.00550002841115667,0.00550002841115667,0.00825004261673565,         927P   1947
0.00825004261673565,0.00962504971952513,0.00962504971952513,         927P   1948
0.0103125532709199,0.0103125532709199,0.0106563050466173,            927P   1949
0.0106563050466173,0.0107422429905416,0.0107422429905416,            927P   1950
0.0107852119625038,0.0107852119625038,0.0107959542054943,            927P   1951
0.0107959542054943,0.0107986397662419,0.0107986397662419,            927P   1952
0.0108013253269896,0.0108013253269896,0.0108066964484849,            927P   1953
0.0108066964484849,0.0108281809344659,0.0108281809344659,            927P   1954
0.0110000568223146,0.0110000568223146,0.0110000568223146,            927P   1955
0.0110000568223146,0.,0.,0.,1.,1.,1.,1.,1.,1.,1.,1.,1.,1.,1.,        927P   1956
1.,1.,1.,1.,1.,1.,1.,1.,1.,1.,1.,1.,1.,1.,1.,1.,1.,1.,1.,1.,1.,      927P   1957
1.,1.,1.,1.,1.,1.,1.,1.,1.,1.,1.,1.,1.,1.,1.,1.,1.,1.,1.,1.,1.,      927P   1958
0.998967736224059,0.998953545189292,0.998938127229324,               927P   1959
0.998919190397816,0.998917064159378,0.998914378158238,               927P   1960
0.998913839548078,0.998913029507345,0.998912779968153,               927P   1961
0.998912736513546,0.998912729427574,0.998912657409437,               927P   1962
0.998912599827044,0.998912312076334,0.998912082391761,               927P   1963
0.998911394911451,0.99891093868907,0.998908668406731,                927P   1964
0.998906886828259,0.998901659285512,0.998898330494126,               927P   1965
0.998888920843614,0.998883425509932,0.998869989425142,               927P   1966
0.998865270292956,0.998865270292956,0.998869989743486,               927P   1967
0.998883425618946,0.99888892080413,0.998898330573595,                927P   1968
0.998901659430115,0.998906887036021,0.998908668629908,               927P   1969
0.998910938917711,0.998911395140494,0.998912082620258,               927P   1970
0.998912312304457,0.998912600054446,0.998912657636683,               927P   1971
0.998912729654608,0.998912734935977,0.998912781999617,               927P   1972
0.998913033763344,0.99891384379301,0.998914382394778,                927P   1973
0.998917068348956,0.998919194533833,0.998938130748268,               927P   1974
0.998953547206019,0.998967736224073,1.,1.,1.,1.,1.,1.,1.,1.,1.,      927P   1975
1.,1.,1.,1.,1.,1.,1.,1.,1.,1.,1.,1.,1.,1.,1.,1.,1.,1.,1.,1.,1.,      927P   1976
1.,1.,1.,1.,1.,1.,1.,1.,1.,1.,1.,1.,1.,1.,1.,1.,1.,1.,1.,1.,         927P   1977
11.565274892,3.45873076,-5.436026658,11.561881925,3.458163769,       927P   1978
-5.395778319,11.556837941,3.457547635,-5.355763543,                  927P   1979
11.549297177,3.456790979,-5.311115176,11.548433374,3.456706021,      927P   1980
-5.306159362,11.547321155,3.456598698,-5.299971219,                  927P   1981
11.547097088,3.456577177,-5.298733921,11.546758552,3.45654481,       927P   1982
-5.296878477,11.546654192,3.45653484,-5.296237488,11.546641831,      927P   1983
3.456533103,-5.294463567,11.546641958,3.45653282,-5.293560799,       927P   1984
11.546626829,3.456529943,-5.28908648,11.546614733,3.456527642,       927P   1985
-5.285507027,11.546554284,3.456516144,-5.267609774,                  927P   1986
11.546506036,3.456506967,-5.25329201,11.546361628,3.456479498,       927P   1987
-5.210338832,11.546265805,3.456461269,-5.181703533,                  927P   1988
11.545789001,3.456370556,-5.038527806,11.545414959,3.456299371,      927P   1989
-4.923989687,11.544317733,3.456090498,-4.580382814,                  927P   1990
11.543619447,3.455957493,-4.351321571,11.541646207,3.455581523,      927P   1991
-3.664167874,11.540495243,3.455361955,-3.206102358,                  927P   1992
11.537682448,3.454825114,-1.831990489,11.536697439,3.454636564,      927P   1993
-0.916017322,11.536697439,3.454636564,0.916018228,11.537682516,      927P   1994
3.454825127,1.831993446,11.540495256,3.455361959,3.206111521,        927P   1995
11.541646196,3.455581521,3.66417855,11.543619471,3.455957496,        927P   1996
4.351333949,11.544317771,3.456090504,4.58039568,11.545415008,        927P   1997
3.456299379,4.924003186,11.545789053,3.456370565,5.0385415,          927P   1998
11.546265855,3.456461278,5.181717452,11.546361678,3.456479507,       927P   1999
5.210352795,11.546506085,3.456506976,5.253306038,11.546554333,       927P   2000
3.456516153,5.267623824,11.546614781,3.456527651,5.285521103,        927P   2001
11.546626877,3.456529952,5.289100561,11.546642006,3.456532829,       927P   2002
5.293574887,11.546641101,3.45653304,5.294479605,11.546655017,        927P   2003
3.456534921,5.296249631,11.546760334,3.45654498,5.296888216,         927P   2004
11.547098857,3.456577346,5.298743664,11.547322915,3.456598867,       927P   2005
5.299980961,11.548435087,3.456706189,5.306169089,11.549298846,       927P   2006
3.456791144,5.311124854,11.556839166,3.457547776,5.355772431,        927P   2007
11.561882408,3.45816385,5.395784051,11.565274892,3.45873076,         927P   2008
5.436026658,12.016994712,3.5,-5.467947189,12.017301461,3.5,          927P   2009
-5.419199378,12.015949124,3.5,-5.3705671,12.012571424,3.5,           927P   2010
-5.316039331,12.012170312,3.5,-5.309983137,12.011636665,3.5,         927P   2011
-5.302416193,12.011528322,3.5,-5.300902966,12.011363388,3.5,         927P   2012
-5.298633375,12.011312416,3.5,-5.297865566,12.011309303,3.5,         927P   2013
-5.296083442,12.011310921,3.5,-5.295184459,12.011311074,3.5,         927P   2014
-5.290709347,12.011311197,3.5,-5.287129259,12.011311807,3.5,         927P   2015
-5.26922882,12.011312289,3.5,-5.254908491,12.011313712,3.5,          927P   2016
-5.211947549,12.011314634,3.5,-5.183307004,12.011319107,3.5,         927P   2017
-5.040104464,12.011322252,3.5,-4.925543817,12.01133047,3.5,          927P   2018
-4.581864959,12.011334321,3.5,-4.352751157,12.011341807,3.5,         927P   2019
-3.665422197,12.011341911,3.5,-3.207223394,12.01133658,3.5,          927P   2020
-1.832659754,12.011328842,3.5,-0.916345716,12.011328842,3.5,         927P   2021
0.916346622,12.011336581,3.5,1.832662737,12.011341901,3.5,           927P   2022
3.20723252,12.011341804,3.5,3.665432857,12.011334328,3.5,            927P   2023
4.352763552,12.011330478,3.5,4.581877846,12.011322257,3.5,           927P   2024
4.925557333,12.011319111,3.5,5.040118172,12.011314635,3.5,           927P   2025
5.183320931,12.011313713,3.5,5.211961519,12.011312289,3.5,           927P   2026
5.254922523,12.011311807,3.5,5.269242873,12.011311197,3.5,           927P   2027
5.287143338,12.011311074,3.5,5.290723431,12.01131092,3.5,            927P   2028
5.295198549,12.011308911,3.5,5.29609851,12.011312806,3.5,            927P   2029
5.297878684,12.011364258,3.5,5.298645289,12.011529179,3.5,           927P   2030
5.300914882,12.011637513,3.5,5.302428107,12.012171117,3.5,           927P   2031
5.309995027,12.01257219,3.5,5.316051156,12.015949526,3.5,            927P   2032
5.370577916,12.017301417,3.5,5.419206319,12.016994712,3.5,           927P   2033
5.467947189,12.47058647,3.5,-5.5,12.47463408,3.5,-5.442720696,       927P   2034
12.4770175,3.5,-5.385436002,12.477856119,3.5,-5.320984891,           927P   2035
12.47792368,3.5,-5.313823575,12.477976148,3.5,-5.304871827,          927P   2036
12.477985042,3.5,-5.303081473,12.477995985,3.5,-5.300395933,         927P   2037
12.4779991,3.5,-5.299500752,12.478005358,3.5,-5.297710389,           927P   2038
12.478008486,3.5,-5.296815207,12.478024124,3.5,-5.2923393,           927P   2039
12.478036627,3.5,-5.288758574,12.478099101,3.5,-5.270854944,         927P   2040
12.478148955,3.5,-5.256532039,12.478298136,3.5,-5.213563325,         927P   2041
12.47839708,3.5,-5.184917513,12.478889191,3.5,-5.041688448,          927P   2042
12.479274523,3.5,-4.927105169,12.480402871,3.5,-4.583355243,         927P   2043
12.481118233,3.5,-4.354188509,12.483132997,3.5,-3.666687887,         927P   2044
12.484299753,3.5,-3.208353576,12.48714008,3.5,-1.833348539,          927P   2045
12.488123148,3.5,-0.916675607,12.488123148,3.5,0.916676513,          927P   2046
12.487140014,3.5,1.833351547,12.48429972,3.5,3.208362665,            927P   2047
12.483133002,3.5,3.666698532,12.481118223,3.5,4.354200922,           927P   2048
12.480402847,3.5,4.583368152,12.479274484,3.5,4.927118702,           927P   2049
12.478889147,3.5,5.041702169,12.478397033,3.5,5.184931448,           927P   2050
12.478298088,3.5,5.213577301,12.478148906,3.5,5.256546077,           927P   2051
12.478099052,3.5,5.270869001,12.478036578,3.5,5.288772656,           927P   2052
12.478024075,3.5,5.292353387,12.478008437,3.5,5.2968293,             927P   2053
12.478005309,3.5,5.297724483,12.477999051,3.5,5.299514848,           927P   2054
12.477995932,3.5,5.300410031,12.477984976,3.5,5.303095571,           927P   2055
12.477976073,3.5,5.304885922,12.477923564,3.5,5.313837636,           927P   2056
12.47785597,3.5,5.320998871,12.47701707,3.5,5.385448755,             927P   2057
12.474633504,3.5,5.442728851,12.47058647,3.5,5.5,                    927P   2058
-1.28488799461257E-15,0.0110000568223146,0.,1.;                      927P   2059
126,1,1,1,0,1,0,0.,0.,1.,1.,1.,1.,0.011000057,0.,0.,                 929P   2060
0.011000057,1.,0.,0.,1.,0.,0.,1.;                                    929P   2061
124,-0.0905311578786789,0.993395921149427,0.0704886749543954,        931P   2062
19.6689488780943,0.995873076033299,0.0907569084531551,0.,            931P   2063
-18.3292014031842,-0.00639733421982026,0.0701977735523451,           931P   2064
-0.997512579721767,11.5223832268151;                                 931P   2065
100,5.5,12.47058647,-6.5,22.47058647,-6.5,22.429317231,              933P   2066
-5.592430915;                                                        933P   2067
126,1,1,1,0,1,0,0.,0.,1.,1.,1.,1.,0.011000057,1.,0.,0.,1.,0.,        935P   2068
0.,1.,0.,0.,1.;                                                      935P   2069
126,13,3,1,0,1,0,0.,0.,0.,0.,0.125,0.125,0.25,0.25,0.5,0.5,          937P   2070
0.75,0.75,0.875,0.875,1.,1.,1.,1.,1.,1.,1.,1.,1.,1.,1.,1.,1.,        937P   2071
1.,1.,1.,1.,1.,12.47058647,3.5,5.5,12.502962766,3.5,                 937P   2072
5.041830487,12.480446629,3.5,4.583368385,12.483133002,3.5,           937P   2073
3.666698532,12.48429972,3.5,3.208362665,12.487140014,3.5,            937P   2074
1.833351547,12.488123148,3.5,0.916676513,12.488123148,3.5,           937P   2075
-0.916675607,12.48714008,3.5,-1.833348539,12.484299753,3.5,          937P   2076
-3.208353576,12.483132997,3.5,-3.666687887,12.480446645,3.5,         937P   2077
-4.583355383,12.502967376,3.5,-5.041765238,12.47058647,3.5,          937P   2078
-5.5,0.,1.,0.,-1.,0.;                                                937P   2079
126,1,1,1,0,1,0,0.,0.,1.,1.,1.,1.,0.,1.,0.,0.,0.,0.,0.,1.,0.,        939P   2080
0.,1.;                                                               939P   2081
124,6.10800293933492E-17,-0.997512579722995,0.0704886749370115,      941P   2082
6.37444241429056,1.,6.12323399573677E-17,0.,-18.9705864703161,       941P   2083
-4.31618650688747E-18,0.0704886749370115,0.997512579722995,          941P   2084
0.444495575566329;                                                   941P   2085
100,-5.5,12.47058647,-6.5,22.47058647,-6.5,22.429317231,             943P   2086
-5.592430915;                                                        943P   2087
126,1,1,1,0,1,0,0.,0.,1.,1.,1.,1.,0.,0.,0.,0.000200365,0.,0.,        945P   2088
0.,1.,0.,0.,1.;                                                      945P   2089
126,6,3,1,0,1,0,0.,0.,0.,0.,0.000140926439651322,                    947P   2090
0.000140926439651322,0.000140926439651322,0.00014098643965128,       947P   2091
0.00014098643965128,0.00014098643965128,0.00014098643965128,1.,      947P   2092
1.,1.,1.,1.,1.,1.,11.565274892,3.45873076,-5.436026658,              947P   2093
11.561329207,3.458071406,-5.389221824,11.555130098,3.457342943,      947P   2094
-5.342550893,11.546662017,3.456535609,-5.296352023,                  947P   2095
11.546658411,3.456535265,-5.296332354,11.546654805,3.456534922,      947P   2096
-5.296312685,11.546651199,3.456534578,-5.296293016,0.,               947P   2097
0.00014098643965128,0.,0.,0.;                                        947P   2098
126,1,1,1,0,1,0,0.,0.,1.,1.,1.,1.,0.000200365,0.,0.,                 949P   2099
0.005500028,0.,0.,0.,1.,0.,0.,1.;                                    949P   2100
126,9,3,1,0,1,0,-5.90445178906559E-08,-5.90445178906559E-08,         951P   2101
-5.90445178906559E-08,-5.90445178906559E-08,0.,0.,0.,                951P   2102
0.00529500533723701,0.00529500533723701,0.00529500533723701,         951P   2103
0.00529624366462233,0.00529624366462233,0.00529624366462233,         951P   2104
0.00529624366462233,1.,1.,1.,1.,1.,1.,1.,1.,1.,1.,11.546651199,      951P   2105
3.456534578,-5.296293016,11.546651126,3.456534169,-5.296273338,      951P   2106
11.546651066,3.456534553,-5.296253653,11.546651,3.45653454,          951P   2107
-5.296233971,11.540680675,3.455398992,-3.531242655,                  951P   2108
11.536699087,3.454636879,-1.766240109,11.53669744,3.454636564,       951P   2109
-0.00123833,11.536697439,3.454636564,-0.000825553,11.536697439,      951P   2110
3.454636564,-0.000412777,11.536697439,3.454636564,0.,                951P   2111
-5.90445178906559E-08,0.00529624366462233,0.,0.,0.;                  951P   2112
126,1,1,1,0,1,0,0.,0.,1.,1.,1.,1.,0.005500028,0.,0.,                 953P   2113
0.010799677,0.,0.,0.,1.,0.,0.,1.;                                    953P   2114
126,9,3,1,0,1,0,0.00529624366462233,0.00529624366462233,             955P   2115
0.00529624366462233,0.00529624366462233,0.00804366906426044,         955P   2116
0.00804366906426044,0.00804366906426044,0.0105924811207096,          955P   2117
0.0105924811207096,0.0105924811207096,0.0105925411207096,            955P   2118
0.0105925411207096,0.0105925411207096,0.0105925411207096,1.,1.,      955P   2119
1.,1.,1.,1.,1.,1.,1.,1.,11.536697439,3.454636564,0.,                 955P   2120
11.536697439,3.454636564,0.915809627,11.53768215,3.454825056,        955P   2121
1.831619701,11.539556357,3.455182763,2.74742734,11.541295076,        955P   2122
3.455514611,3.597030799,11.543777143,3.455987932,4.44663275,         955P   2123
11.546650996,3.456534539,5.296233016,11.546651064,3.456534552,       955P   2124
5.296253016,11.546651132,3.456534565,5.296273016,11.546651199,       955P   2125
3.456534578,5.296293016,0.00529624366462233,0.0105925411207096,      955P   2126
0.,0.,0.;                                                            955P   2127
126,1,1,1,0,1,0,0.,0.,1.,1.,1.,1.,0.010799677,0.,0.,                 957P   2128
0.011000057,0.,0.,0.,1.,0.,0.,1.;                                    957P   2129
126,6,3,1,0,1,0,-5.90449572618667E-08,-5.90449572618667E-08,         959P   2130
-5.90449572618667E-08,-5.90449572618667E-08,0.,0.,0.,                959P   2131
0.000140927393594873,0.000140927393594873,0.000140927393594873,      959P   2132
0.000140927393594873,1.,1.,1.,1.,1.,1.,1.,11.546651199,              959P   2133
3.456534578,5.296293016,11.546654745,3.456534558,5.296312375,        959P   2134
11.546658296,3.456535254,5.296331728,11.546661844,3.456535593,       959P   2135
5.296351084,11.555130014,3.457342933,5.34255026,11.56132918,         959P   2136
3.458071401,5.389221507,11.565274892,3.45873076,5.436026658,         959P   2137
-5.90449572618667E-08,0.000140927393594873,0.,0.,0.;                 959P   2138
102,7,929,935,939,945,949,953,957;                                   961P   2139
102,7,933,937,943,947,951,955,959;                                   963P   2140
142,1,927,961,963,1;                                                 965P   2141
144,927,1,0,965;                                                     967P   2142
128,27,2,3,2,0,0,0,0,0,0.,0.,0.,0.,0.000487674751268407,             969P   2143
0.000487674751268407,0.000731512126902611,0.000731512126902611,      969P   2144
0.000975349502536814,0.000975349502536814,0.00121918687817102,       969P   2145
0.00121918687817102,0.00146302425380522,0.00146302425380522,         969P   2146
0.00170686162943942,0.00170686162943942,0.00195069900507363,         969P   2147
0.00195069900507363,0.00219453638070783,0.00219453638070783,         969P   2148
0.00243837375634203,0.00243837375634203,0.00292604850761044,         969P   2149
0.00292604850761044,0.00316988588324465,0.00316988588324465,         969P   2150
0.00341372325887885,0.00341372325887885,0.00390139801014726,         969P   2151
0.00390139801014726,0.00390139801014726,0.00390139801014726,0.,      969P   2152
0.,0.,1.,1.,1.,1.,1.,1.,1.,1.,1.,1.,1.,1.,1.,1.,1.,1.,1.,1.,1.,      969P   2153
1.,1.,1.,1.,1.,1.,1.,1.,1.,1.,1.,1.,0.998274478783615,               969P   2154
0.998391129908246,0.998492531707034,0.998625153133457,               969P   2155
0.998666265957492,0.998741484064938,0.998775676497503,               969P   2156
0.998838288559383,0.998866584121618,0.998917531805663,               969P   2157
0.998940302940862,0.998981262036194,0.998999448860325,               969P   2158
0.999031706325076,0.999045859446642,0.999069604112178,               969P   2159
0.999079283618853,0.999094500707724,0.999100104440221,               969P   2160
0.999111564725295,0.999112281140876,0.999101868506754,               969P   2161
0.999096350224842,0.999081562741387,0.999072285901854,               969P   2162
0.999038560146442,0.999008326802604,0.99896773622406,1.,1.,1.,       969P   2163
1.,1.,1.,1.,1.,1.,1.,1.,1.,1.,1.,1.,1.,1.,1.,1.,1.,1.,1.,1.,1.,      969P   2164
1.,1.,1.,1.,9.761704449,3.4310387,-7.017557481,9.88351985,           969P   2165
3.435696448,-7.032565874,10.003560966,3.439746561,-7.037476294,      969P   2166
10.179950957,3.44504389,-7.028371913,10.238052106,3.446686187,       969P   2167
-7.022688186,10.353333015,3.449691011,-7.004914878,                  969P   2168
10.410494221,3.45105702,-6.992863995,10.52349348,3.453558514,        969P   2169
-6.962424718,10.579131239,3.454689045,-6.944062995,10.68688595,      969P   2170
3.456724694,-6.901839781,10.73921485,3.457634568,-6.877926094,       969P   2171
10.840398045,3.45927123,-6.824805358,10.889253056,3.459997971,       969P   2172
-6.795598753,10.98304098,3.461287,-6.73208613,11.027847668,          969P   2173
3.461852583,-6.697957938,11.113816114,3.462801474,-6.623486982,      969P   2174
11.155076128,3.463188298,-6.583039273,11.231934344,3.463796426,      969P   2175
-6.498156046,11.267738807,3.464020374,-6.453573785,                  969P   2176
11.366957404,3.464478374,-6.314380434,11.42227133,3.464507006,       969P   2177
-6.214350923,11.486223063,3.464090873,-6.056594413,                  969P   2178
11.504411315,3.463870339,-6.002377742,11.534236703,3.463279379,      969P   2179
-5.892185571,11.5458791,3.462908647,-5.836259833,11.571083995,       969P   2180
3.461560883,-5.666768618,11.575007234,3.460357111,-5.551474522,      969P   2181
11.565274892,3.45873076,-5.436026658,9.880439974,3.5,                969P   2182
-7.589524039,10.021679625,3.5,-7.580560443,10.160346118,3.5,         969P   2183
-7.561739367,10.363637259,3.5,-7.517246337,10.430569611,3.5,         969P   2184
-7.49974817,10.562950363,3.5,-7.458697605,10.628392803,3.5,          969P   2185
-7.435171452,10.757540034,3.5,-7.381959045,10.821017326,3.5,         969P   2186
-7.352337688,10.943933024,3.5,-7.287949445,11.003614669,3.5,         969P   2187
-7.253087566,11.119195954,3.5,-7.178137551,11.175096926,3.5,         969P   2188
-7.138049842,11.282804511,3.5,-7.052635845,11.334543784,3.5,         969P   2189
-7.007392485,11.433944984,3.5,-6.910956676,11.481741468,3.5,         969P   2190
-6.85960191,11.571183842,3.5,-6.753302126,11.613067672,3.5,          969P   2191
-6.69816036,11.730149554,3.5,-6.527314569,11.796877953,3.5,          969P   2192
-6.406230381,11.878141327,3.5,-6.215137754,11.902135763,3.5,         969P   2193
-6.149496501,11.943182824,3.5,-6.016742005,11.960301291,3.5,         969P   2194
-5.949563047,12.001703115,3.5,-5.746057259,12.016114916,3.5,         969P   2195
-5.607761506,12.016994712,3.5,-5.467947189,10.,3.5,                  969P   2196
-8.165462343,10.160776918,3.5,-8.132086388,10.318112138,3.5,         969P   2197
-8.089166693,10.548346218,3.5,-8.008818832,10.624125293,3.5,         969P   2198
-7.979361846,10.773633899,3.5,-7.914771484,10.847368165,3.5,         969P   2199
-7.879651223,10.99268368,3.5,-7.803447727,11.064008328,3.5,          969P   2200
-7.762467944,11.202101229,3.5,-7.675734486,11.269142363,3.5,         969P   2201
-7.629842745,11.399136983,3.5,-7.532912265,11.462091015,3.5,         969P   2202
-7.481874213,11.58373522,3.5,-7.374429233,11.642415852,3.5,          969P   2203
-7.318010291,11.755270636,3.5,-7.199498034,11.809614636,3.5,         969P   2204
-7.137185244,11.911666883,3.5,-7.009374142,11.959643894,3.5,         969P   2205
-6.943629527,12.094637982,3.5,-6.741005382,12.172817826,3.5,         969P   2206
-6.598795697,12.271471738,3.5,-6.37425306,12.301301916,3.5,          969P   2207
-6.297150042,12.353635683,3.5,-6.141758824,12.376265797,3.5,         969P   2208
-6.063290126,12.433981658,3.5,-5.825660026,12.458977245,3.5,         969P   2209
-5.664286633,12.47058647,3.5,-5.5,0.,0.00390139801014726,0.,1.;      969P   2210
126,1,1,1,0,1,0,0.,0.,1.,1.,1.,1.,0.003901398,0.,0.,                 971P   2211
0.003901398,1.,0.,0.,1.,0.,0.,1.;                                    971P   2212
124,-0.0905311578793333,0.993395921150602,-0.0704886749370047,       973P   2213
19.6689488782132,0.99587307603325,0.0907569084536993,0.,             973P   2214
-18.3292014031833,0.0063973342182803,-0.0701977735350227,            973P   2215
-0.997512579722995,-11.5223832265816;                                973P   2216
100,-5.5,12.47058647,-6.5,22.47058647,-6.5,22.429317231,             975P   2217
-5.592430915;                                                        975P   2218
126,1,1,1,0,1,0,0.,0.,1.,1.,1.,1.,0.003901398,1.,0.,0.,1.,0.,        977P   2219
0.,1.,0.,0.,1.;                                                      977P   2220
126,5,3,1,0,1,0,0.,0.,0.,0.,0.5,0.5,1.,1.,1.,1.,1.,1.,1.,1.,1.,      979P   2221
1.,12.47058647,3.5,-5.5,12.424147787,3.5,-6.157171817,               979P   2222
12.150262384,3.5,-6.784705137,11.247424103,3.5,-7.732803187,         979P   2223
10.643115498,3.5,-8.031956887,10.,3.5,-8.165462343,0.,1.,0.,         979P   2224
-1.,0.;                                                              979P   2225
126,1,1,1,0,1,0,0.,0.,1.,1.,1.,1.,0.,1.,0.,0.,0.,0.,0.,1.,0.,        981P   2226
0.,1.;                                                               981P   2227
124,1.24459801621208E-17,-0.203258281012716,0.979125156044801,       983P   2228
16.6738307644593,1.,6.12323399573677E-17,0.,-16.5000000003647,       983P   2229
-5.99541244157459E-17,0.979125156044801,0.203258281012716,           983P   2230
-0.141450989122914;                                                  983P   2231
100,-8.165462343,10.,-6.5,20.,-6.5,19.9310387,-5.327621928;          985P   2232
126,1,1,1,0,1,0,0.,0.,1.,1.,1.,1.,0.,0.,0.,0.003901398,0.,0.,        987P   2233
0.,1.,0.,0.,1.;                                                      987P   2234
126,5,3,1,0,1,0,0.,0.,0.,0.,0.5,0.5,1.,1.,1.,1.,1.,1.,1.,1.,1.,      989P   2235
1.,9.761704449,3.4310387,-7.017557481,10.221301218,3.448611895,      989P   2236
-7.074182572,10.705951543,3.458186828,-6.969222697,                  989P   2237
11.410137511,3.46618092,-6.374105023,11.604421841,3.465272521,       989P   2238
-5.900398893,11.565274892,3.45873076,-5.436026658,0.,1.,             989P   2239
-0.031473013,0.998029563,0.054281123;                                989P   2240
102,4,971,977,981,987;                                               991P   2241
102,4,975,979,985,989;                                               993P   2242
142,1,969,991,993,1;                                                 995P   2243
144,969,1,0,995;                                                     997P   2244
128,29,2,3,2,0,0,0,0,0,0.,0.,0.,0.,0.000487106662291103,             999P   2245
0.000487106662291103,0.000730659993436654,0.000730659993436654,      999P   2246
0.000974213324582206,0.000974213324582206,0.00146131998687331,       999P   2247
0.00146131998687331,0.00170487331801886,0.00170487331801886,         999P   2248
0.00182664998359164,0.00182664998359164,0.00194842664916441,         999P   2249
0.00194842664916441,0.00219197998030996,0.00219197998030996,         999P   2250
0.00243553331145551,0.00243553331145551,0.00267908664260107,         999P   2251
0.00267908664260107,0.00292263997374662,0.00292263997374662,         999P   2252
0.00316619330489217,0.00316619330489217,0.00340974663603772,         999P   2253
0.00340974663603772,0.00389685329832882,0.00389685329832882,         999P   2254
0.00389685329832882,0.00389685329832882,0.,0.,0.,1.,1.,1.,1.,        999P   2255
1.,1.,1.,1.,1.,1.,1.,1.,1.,1.,1.,1.,1.,1.,1.,1.,1.,1.,1.,1.,1.,      999P   2256
1.,1.,1.,1.,1.,1.,1.,1.,0.998967736224073,0.999008301357485,         999P   2257
0.999038458261774,0.99907210312139,0.999081358213186,                999P   2258
0.9990961321002,0.999101676266829,0.999112294467406,                 999P   2259
0.999111589747329,0.999100186629636,0.999094606878329,               999P   2260
0.999083265440164,0.999078986467636,0.999069340093809,               999P   2261
0.999063957230391,0.99904612941468,0.999031949159942,                999P   2262
0.998999624810374,0.998981398888997,0.998940357544716,               999P   2263
0.998917543165961,0.99886651177985,0.998838165093396,                999P   2264
0.998775580051726,0.998741401354401,0.998666209582779,               999P   2265
0.998625109837298,0.998492521602149,0.998391134144758,               999P   2266
0.998274478783685,1.,1.,1.,1.,1.,1.,1.,1.,1.,1.,1.,1.,1.,1.,1.,      999P   2267
1.,1.,1.,1.,1.,1.,1.,1.,1.,1.,1.,1.,1.,1.,1.,11.565274892,           999P   2268
3.45873076,5.436026658,11.575001485,3.46035615,5.551406326,          999P   2269
11.571072894,3.461556812,5.666429657,11.54605887,3.462901342,        999P   2270
5.835255621,11.534513055,3.463271206,5.890916576,11.504983576,       999P   2271
3.463861622,6.000504458,11.487030917,3.46408319,6.054379326,         999P   2272
11.422915816,3.464507538,6.213194103,11.367459256,3.464479374,       999P   2273
6.313550782,11.268309525,3.464023658,6.452835154,11.232573662,       999P   2274
3.463800669,6.497381312,11.175137462,3.463347425,6.560916568,        999P   2275
11.155352174,3.463176424,6.581546885,11.114521397,3.462790926,       999P   2276
6.621623931,11.093421872,3.462575812,6.641115729,11.028727609,       999P   2277
3.461863371,6.697268943,10.983782503,3.461296704,6.73155,            999P   2278
10.889729599,3.460005002,6.795309579,10.840748513,3.459276698,       999P   2279
6.8246102,10.739337403,3.45763675,6.877872865,10.686906624,          999P   2280
3.456725148,6.901834407,10.578981593,3.454686154,6.944118902,        999P   2281
10.523260003,3.453553581,6.962495433,10.410330849,3.451053167,       999P   2282
6.992900153,10.353200384,3.449687707,7.004939314,10.237971583,       999P   2283
3.446683935,7.022696606,10.179891571,3.445042161,7.028376329,        999P   2284
10.00355113,3.439746158,7.037474099,9.883524412,3.435696622,         999P   2285
7.032566436,9.761704449,3.4310387,7.017557481,12.016994712,3.5,      999P   2286
5.467947189,12.01611544,3.5,5.607678053,12.001721963,3.5,            999P   2287
5.745650833,11.960578227,3.5,5.948357058,11.943584202,3.5,           999P   2288
6.015216952,11.902902877,3.5,6.147235993,11.879189592,3.5,           999P   2289
6.212453945,11.797654599,3.5,6.404830307,11.730749925,3.5,           999P   2290
6.526305598,11.613737115,3.5,6.697249142,11.571930794,3.5,           999P   2291
6.752341293,11.50508631,3.5,6.831892661,11.482114161,3.5,            999P   2292
6.857894681,11.434784886,3.5,6.90881534,11.410365261,3.5,            999P   2293
6.933792748,11.335559822,3.5,7.006484374,11.283657881,3.5,           999P   2294
7.051921932,11.175642417,3.5,7.137653957,11.119596582,3.5,           999P   2295
7.177865715,11.003754365,3.5,7.253008967,10.94395661,3.5,            999P   2296
7.287939969,10.820846611,3.5,7.352424232,10.757273454,3.5,           999P   2297
7.382076923,10.628205827,3.5,7.435240423,10.562798303,3.5,           999P   2298
7.458748742,10.430476902,3.5,7.499772927,10.363568859,3.5,           999P   2299
7.517262711,10.160334712,3.5,7.561739055,10.02168488,3.5,            999P   2300
7.580560109,9.880439974,3.5,7.589524039,12.47058647,3.5,5.5,         999P   2301
12.458984228,3.5,5.664187796,12.434030765,3.5,5.825185854,           999P   2302
12.376640569,3.5,6.061881677,12.354162889,3.5,6.139976863,           999P   2303
12.302264943,3.5,6.294501027,12.272761577,3.5,6.371098978,           999P   2304
12.173727057,3.5,6.597151556,12.095337179,3.5,6.739816443,           999P   2305
11.960412302,3.5,6.942545022,11.912521706,3.5,7.008226435,           999P   2306
11.836249171,3.5,7.103865323,11.810084142,3.5,7.135263497,           999P   2307
11.756244788,3.5,7.197079002,11.728499619,3.5,7.22756878,            999P   2308
11.643568181,3.5,7.316881879,11.584700588,3.5,7.373536521,           999P   2309
11.462705541,3.5,7.481370933,11.399587834,3.5,7.532563232,           999P   2310
11.269299228,3.5,7.629738574,11.20212774,3.5,7.675720863,            999P   2311
11.063816532,3.5,7.762585376,10.992383953,3.5,7.8036132,             999P   2312
10.847157548,3.5,7.879753345,10.773462376,3.5,7.914849612,           999P   2313
10.624020373,3.5,7.979403139,10.548268783,3.5,8.008847317,           999P   2314
10.318099143,3.5,8.089168304,10.160782871,3.5,8.132085152,10.,       999P   2315
3.5,8.165462343,0.,0.00389685329832882,0.,1.;                        999P   2316
126,1,1,1,0,1,0,0.,0.,1.,1.,1.,1.,0.,1.,0.,0.,0.,0.,0.,1.,0.,       1001P   2317
0.,1.;                                                              1001P   2318
124,4.49092576283464E-15,-0.997512579721766,                        1003P   2319
-0.0704886749544023,6.37444241439481,1.,4.50212443845799E-15,       1003P   2320
0.,-18.9705864703128,3.17348786146737E-16,-0.0704886749544023,      1003P   2321
0.997512579721766,-0.444495575672475;                               1003P   2322
100,5.5,12.47058647,-6.5,22.47058647,-6.5,22.429317231,             1005P   2323
-5.592430915;                                                       1005P   2324
126,1,1,1,0,1,0,0.,0.,1.,1.,1.,1.,0.,0.,0.,0.003896853,0.,0.,       1007P   2325
0.,1.,0.,0.,1.;                                                     1007P   2326
126,24,3,1,0,1,0,0.,0.,0.,0.,0.000175988916161805,                  1009P   2327
0.000175988916161805,0.000175988916161805,0.000674056742216897,     1009P   2328
0.000674056742216897,0.000674056742216897,0.0008535921237786,       1009P   2329
0.0008535921237786,0.0008535921237786,0.00134831738307022,          1009P   2330
0.00134831738307022,0.00134831738307022,0.0015018835459841,         1009P   2331
0.0015018835459841,0.0015018835459841,0.00201850272815477,          1009P   2332
0.00201850272815477,0.00201850272815477,0.00218940096147166,        1009P   2333
0.00218940096147166,0.00218940096147166,0.00278412362057105,        1009P   2334
0.00278412362057105,0.00278412362057105,0.00278412362057105,1.,     1009P   2335
1.,1.,1.,1.,1.,1.,1.,1.,1.,1.,1.,1.,1.,1.,1.,1.,1.,1.,1.,1.,1.,     1009P   2336
1.,1.,1.,11.565274892,3.45873076,5.436026658,11.570202262,          1009P   2337
3.459554162,5.494476528,11.571630864,3.460272635,5.553324442,       1009P   2338
11.569602594,3.460899408,5.611948989,11.563932566,3.462651549,      1009P   2339
5.775833894,11.530799174,3.463741676,5.941235271,11.470983985,      1009P   2340
3.464187221,6.093929168,11.449145427,3.464349889,6.149677793,       1009P   2341
11.423660883,3.464423675,6.204118257,11.395007106,3.464418644,      1009P   2342
6.256690297,11.316996174,3.464404946,6.399819553,11.213791291,      1009P   2343
3.463833179,6.53190017,11.092875507,3.462564347,6.641213722,        1009P   2344
11.054853039,3.462165357,6.675587821,11.014821871,3.461685619,      1009P   2345
6.707843831,10.973278028,3.461141062,6.737864799,10.835274124,      1009P   2346
3.459332106,6.837591026,10.678116343,3.456795536,6.914382367,       1009P   2347
10.515216468,3.453351157,6.963833729,10.46067891,3.452198007,       1009P   2348
6.980389644,10.405170304,3.450934474,6.994022324,10.349174526,      1009P   2349
3.449547609,7.004620567,10.156682005,3.444780086,7.041053361,       1009P   2350
9.956061878,3.438470173,7.041503487,9.761704449,3.4310387,          1009P   2351
7.017557481,0.,0.00278412362057105,-0.025143588,0.999612277,        1009P   2352
-0.011962234;                                                       1009P   2353
126,1,1,1,0,1,0,0.,0.,1.,1.,1.,1.,0.003896853,0.,0.,                1011P   2354
0.003896853,1.,0.,0.,1.,0.,0.,1.;                                   1011P   2355
124,-0.0238295551561229,0.201856585508812,0.979125156038688,        1013P   2356
3.55535376724668,0.993103869981757,0.117237807158173,0.,            1013P   2357
-15.6689929537531,-0.11479048622738,0.972372981658513,              1013P   2358
-0.203258281042163,17.2934894257154;                                1013P   2359
100,8.165462343,10.,-6.5,20.,-6.5,19.9310387,-5.327621928;          1015P   2360
126,1,1,1,0,1,0,0.,0.,1.,1.,1.,1.,0.003896853,1.,0.,0.,1.,0.,       1017P   2361
0.,1.,0.,0.,1.;                                                     1017P   2362
126,5,3,1,0,1,0,0.,0.,0.,0.,0.5,0.5,1.,1.,1.,1.,1.,1.,1.,1.,1.,     1019P   2363
1.,10.,3.5,8.165462343,10.643139376,3.5,8.03195193,                 1019P   2364
11.247221464,3.5,7.733676337,12.153156816,3.5,6.781003289,          1019P   2365
12.424175491,3.5,6.156779766,12.47058647,3.5,5.5,0.,1.,0.,-1.,      1019P   2366
0.;                                                                 1019P   2367
102,4,1001,1007,1011,1017;                                          1021P   2368
102,4,1005,1009,1015,1019;                                          1023P   2369
142,1,999,1021,1023,1;                                              1025P   2370
144,999,1,0,1025;                                                   1027P   2371
128,51,2,3,2,0,0,0,0,0,-3.79335235098366E-16,                       1029P   2372
-3.79335235098366E-16,-3.79335235098366E-16,                        1029P   2373
-3.79335235098366E-16,0.000625129563405455,                         1029P   2374
0.000625129563405455,0.000781411954256913,0.000781411954256913,     1029P   2375
0.000800947253113346,0.000800947253113346,0.000805831077827454,     1029P   2376
0.000805831077827454,0.000810714902541562,0.000810714902541562,     1029P   2377
0.000820482551969778,0.000820482551969778,0.000859553149682642,     1029P   2378
0.000859553149682642,0.000937694345108372,0.000937694345108372,     1029P   2379
0.00125025912681129,0.00125025912681129,0.00250051825362296,        1029P   2380
0.00250051825362296,0.00500103650724629,0.00500103650724629,        1029P   2381
0.010002073014493,0.010002073014493,0.0125025912681163,             1029P   2382
0.0125025912681163,0.0150031095217396,0.0150031095217396,           1029P   2383
0.017503627775363,0.017503627775363,0.0187538869021746,             1029P   2384
0.0187538869021746,0.0190664516838776,0.0190664516838776,           1029P   2385
0.0191055222815904,0.0191055222815904,0.0191250575804469,           1029P   2386
0.0191250575804469,0.0191348252298751,0.0191348252298751,           1029P   2387
0.0191397090545892,0.0191397090545892,0.0191445928793033,           1029P   2388
0.0191445928793033,0.019222734074729,0.019222734074729,             1029P   2389
0.0193790164655805,0.0193790164655805,0.0200041460289863,           1029P   2390
0.0200041460289863,0.0200041460289863,0.0200041460289863,0.,0.,     1029P   2391
0.,1.,1.,1.,1.,1.,1.,1.,1.,1.,1.,1.,1.,1.,1.,1.,1.,1.,1.,1.,1.,     1029P   2392
1.,1.,1.,1.,1.,1.,1.,1.,1.,1.,1.,1.,1.,1.,1.,1.,1.,1.,1.,1.,1.,     1029P   2393
1.,1.,1.,1.,1.,1.,1.,1.,1.,1.,1.,1.,1.,1.,0.998320801785409,        1029P   2394
0.998174766521667,0.998007088185523,0.997770183538915,              1029P   2395
0.997721442979563,0.997665097218563,0.997658815582276,              1029P   2396
0.997650937342504,0.997648728388043,0.997647660387858,              1029P   2397
0.997647872049772,0.997647388495433,0.99764706608406,               1029P   2398
0.997645453819127,0.997644163341305,0.997640289948053,              1029P   2399
0.997637705072615,0.997624768143208,0.997614378375989,              1029P   2400
0.997562263537298,0.997520023937464,0.99739338855128,               1029P   2401
0.997308804833854,0.997077160340651,0.996956574808728,              1029P   2402
0.996924767204604,0.996938504774086,0.997007803752405,              1029P   2403
0.997063237477597,0.997198901728685,0.997278320360277,              1029P   2404
0.997401866984907,0.997443842901106,0.997496386053774,              1029P   2405
0.997506899425453,0.997518721733328,0.997520035251403,              1029P   2406
0.99752200539471,0.997522662086857,0.997523647088373,               1029P   2407
0.997523975416099,0.997524467898105,0.997524271325881,              1029P   2408
0.997525321103361,0.997527630534304,0.997555696413473,              1029P   2409
0.997581768418536,0.997658945165062,0.997709009744218,              1029P   2410
0.99795231466791,0.998124360695974,0.998274478783615,1.,1.,1.,      1029P   2411
1.,1.,1.,1.,1.,1.,1.,1.,1.,1.,1.,1.,1.,1.,1.,1.,1.,1.,1.,1.,1.,     1029P   2412
1.,1.,1.,1.,1.,1.,1.,1.,1.,1.,1.,1.,1.,1.,1.,1.,1.,1.,1.,1.,1.,     1029P   2413
1.,1.,1.,1.,1.,1.,1.,-9.773156506,3.432888466,-7.018435113,         1029P   2414
-9.61699089,3.427054044,-6.998572003,-9.461911936,3.420362243,      1029P   2415
-6.962202174,-9.269132861,3.410906738,-6.90104409,-9.230629684,     1029P   2416
3.408961505,-6.888022068,-9.187365463,3.406712923,-6.872541683,     1029P   2417
-9.182559045,3.406462245,-6.8708101,-9.176551904,3.406147856,       1029P   2418
-6.86863132,-9.175540937,3.406059704,-6.868009048,-9.172508922,     1029P   2419
3.406017087,-6.867748622,-9.170768149,3.406025532,-6.867837535,     1029P   2420
-9.165882984,3.406006235,-6.867775581,-9.162626212,3.405993369,     1029P   2421
-6.867734275,-9.146342377,3.40592903,-6.867527729,-9.133315387,     1029P   2422
3.405877533,-6.867362439,-9.09423465,3.405722962,-6.866866421,      1029P   2423
-9.06818114,3.405619812,-6.866535539,-8.937915189,3.405103558,      1029P   2424
-6.864880181,-8.833707551,3.404688957,-6.863552845,                 1029P   2425
-8.312697155,3.402609358,-6.856905063,-7.895977474,3.400923927,     1029P   2426
-6.851549442,-6.646175986,3.395871288,-6.835571617,                 1029P   2427
-5.813455245,3.392496925,-6.825005241,-3.317490697,3.383256796,     1029P   2428
-6.796205861,-1.656401051,3.378448232,-6.781488697,0.832965046,     1029P   2429
3.377179827,-6.778063926,1.662763839,3.377727622,-6.779964765,      1029P   2430
3.323210471,3.380491191,-6.788933605,4.153804001,3.382701899,       1029P   2431
-6.796001269,5.816477625,3.3881129,-6.813156495,6.648594734,        1029P   2432
3.39128083,-6.823126992,7.897597764,3.396209651,-6.838678585,       1029P   2433
8.314071191,3.397884359,-6.843969435,8.834802089,3.399980802,       1029P   2434
-6.850615068,8.938955224,3.400400286,-6.851945925,9.056134846,      1029P   2435
3.400872004,-6.853443925,9.069154906,3.400924415,-6.853610381,      1029P   2436
9.088685148,3.401003025,-6.853860078,9.095195254,3.401029228,       1029P   2437
-6.853943313,9.104960451,3.40106853,-6.854068168,9.108215522,       1029P   2438
3.401081631,-6.854109787,9.11309814,3.401101281,-6.854172216,       1029P   2439
9.114827969,3.401093439,-6.854089832,9.117878476,3.401135324,       1029P   2440
-6.854337838,9.118897559,3.401227474,-6.854972201,9.139389179,      1029P   2441
3.402347335,-6.862547478,9.158687094,3.40338768,-6.869499958,       1029P   2442
9.216619018,3.406467364,-6.889806645,9.255291357,3.408465315,       1029P   2443
-6.9026102,9.448941438,3.418175689,-6.962695545,9.604817803,        1029P   2444
3.425039963,-6.998228094,9.761704449,3.4310387,-7.017557481,        1029P   2445
-9.886196377,3.5,-7.58359481,-9.704391599,3.5,-7.594148308,         1029P   2446
-9.522968654,3.5,-7.58777243,-9.296626168,3.5,-7.563515183,         1029P   2447
-9.251370024,3.5,-7.557841245,-9.200477619,3.5,-7.550589162,        1029P   2448
-9.194822913,3.5,-7.549771261,-9.187754875,3.5,-7.548733907,        1029P   2449
-9.18643692,3.5,-7.548431401,-9.18329365,3.5,-7.548324933,          1029P   2450
-9.181609118,3.5,-7.548382784,-9.176724869,3.5,-7.548389706,        1029P   2451
-9.173468706,3.5,-7.548394318,-9.157187887,3.5,-7.548417369,        1029P   2452
-9.144163283,3.5,-7.548435774,-9.105089538,3.5,-7.548490881,        1029P   2453
-9.079040565,3.5,-7.548527475,-8.948795487,3.5,-7.548709712,        1029P   2454
-8.844602784,3.5,-7.548853151,-8.323636794,3.5,-7.549557755,        1029P   2455
-7.906920924,3.5,-7.55008087,-6.656896523,3.5,-7.551499198,         1029P   2456
-5.823824189,3.5,-7.552235799,-3.325453874,3.5,-7.553758532,        1029P   2457
-1.66157299,3.5,-7.553948989,0.833425614,3.5,-7.554476056,          1029P   2458
1.665075454,3.5,-7.554683719,3.328860916,3.5,-7.554991334,          1029P   2459
4.160901024,3.5,-7.555094907,5.825768447,3.5,-7.554816356,          1029P   2460
6.658574512,3.5,-7.554411187,7.908233926,3.5,-7.553385224,          1029P   2461
8.324835387,3.5,-7.552975938,8.845671093,3.5,-7.552391206,          1029P   2462
8.949838289,3.5,-7.55227063,9.067031015,3.5,-7.55213109,            1029P   2463
9.080052358,3.5,-7.552115532,9.09958446,3.5,-7.552092114,           1029P   2464
9.106095168,3.5,-7.552084295,9.115861252,3.5,-7.552072546,          1029P   2465
9.119116615,3.5,-7.552068626,9.123999666,3.5,-7.552062741,          1029P   2466
9.12567874,3.5,-7.552008425,9.128831328,3.5,-7.552109206,           1029P   2467
9.130153311,3.5,-7.552418355,9.154217463,3.5,-7.556037902,          1029P   2468
9.176869827,3.5,-7.559259109,9.244835868,3.5,-7.568348664,          1029P   2469
9.290162268,3.5,-7.573643731,9.516844445,3.5,-7.596051776,          1029P   2470
9.6985149,3.5,-7.60106968,9.880439974,3.5,-7.589524039,-10.,        1029P   2471
3.5,-8.152573006,-9.792503225,3.5,-8.194075265,-9.584605229,        1029P   2472
3.5,-8.218348892,-9.324372235,3.5,-8.231940523,-9.272306859,        1029P   2473
3.5,-8.233813512,-9.213713339,3.5,-8.235021497,-9.20720267,3.5,     1029P   2474
-8.235143224,-9.19906399,3.5,-8.235279874,-9.197436233,3.5,         1029P   2475
-8.235306278,-9.1941807,3.5,-8.235358182,-9.192552932,3.5,          1029P   2476
-8.235384091,-9.187669631,3.5,-8.23546188,-9.184414096,3.5,         1029P   2477
-8.235513739,-9.168136424,3.5,-8.23577303,-9.155114287,3.5,         1029P   2478
-8.235980448,-9.116047872,3.5,-8.236602651,-9.090003594,3.5,        1029P   2479
-8.237017388,-8.959782196,3.5,-8.239090647,-8.855605047,3.5,        1029P   2480
-8.240747912,-8.334719021,3.5,-8.249021515,-7.918009331,3.5,        1029P   2481
-8.25560127,-6.667871717,3.5,-8.274955853,-5.83443569,3.5,          1029P   2482
-8.287365935,-3.334030985,3.5,-8.320246235,-1.66688009,3.5,         1029P   2483
-8.335913958,0.833874028,3.5,-8.340542608,1.667474104,3.5,          1029P   2484
-8.338991987,3.334638114,3.5,-8.330314245,4.168196522,3.5,          1029P   2485
-8.323195761,5.835278589,3.5,-8.304865842,6.668802477,3.5,          1029P   2486
-8.293729326,7.91901625,3.5,-8.275586652,8.335745946,3.5,           1029P   2487
-8.269296152,8.856652113,3.5,-8.2612573,8.960833046,3.5,            1029P   2488
-8.259640655,9.078036312,3.5,-8.257813543,9.091058893,3.5,          1029P   2489
-8.257610414,9.110592759,3.5,-8.25730555,9.117104046,3.5,           1029P   2490
-8.2572039,9.126870976,3.5,-8.257051383,9.130126619,3.5,            1029P   2491
-8.257000537,9.135010084,3.5,-8.256924257,9.136637906,3.5,          1029P   2492
-8.256898847,9.139893547,3.5,-8.256847951,9.141521354,3.5,          1029P   2493
-8.256822081,9.169193545,3.5,-8.256367001,9.195231466,3.5,          1029P   2494
-8.255746951,9.273325224,3.5,-8.253296221,9.325361066,3.5,          1029P   2495
-8.250875212,9.585399569,3.5,-8.234615948,9.792992971,3.5,          1029P   2496
-8.208435282,10.,3.5,-8.165462343,-3.79335235098366E-16,            1029P   2497
0.0200041460289863,0.,1.;                                           1029P   2498
126,1,1,1,0,1,0,0.,0.,1.,1.,1.,1.,0.020004146,0.,0.,                1031P   2499
0.020004146,1.,0.,0.,1.,0.,0.,1.;                                   1031P   2500
124,-0.0238295551532946,0.201856585479501,-0.9791251560448,         1033P   2501
3.55535376684573,0.993103869981395,0.117237807161239,0.,            1033P   2502
-15.6689929536281,0.114790486231099,-0.972372981664228,             1033P   2503
-0.203258281012723,-17.2934894255715;                               1033P   2504
100,-8.165462343,10.,-6.5,20.,-6.5,19.9310387,-5.327621928;         1035P   2505
126,1,1,1,0,1,0,0.,0.,1.,1.,1.,1.,0.020004146,1.,0.,0.,1.,0.,       1037P   2506
0.,1.,0.,0.,1.;                                                     1037P   2507
126,17,3,1,0,1,0,0.,0.,0.,0.,0.0625,0.0625,0.125,0.125,0.25,        1039P   2508
0.25,0.5,0.5,0.75,0.75,0.875,0.875,0.9375,0.9375,1.,1.,1.,1.,       1039P   2509
1.,1.,1.,1.,1.,1.,1.,1.,1.,1.,1.,1.,1.,1.,1.,1.,1.,1.,10.,3.5,      1039P   2510
-8.165462343,9.585968471,3.5,-8.251411863,9.169195814,3.5,          1039P   2511
-8.256433989,8.335745946,3.5,-8.269296152,7.91901625,3.5,           1039P   2512
-8.275586652,6.668802477,3.5,-8.293729326,5.835278589,3.5,          1039P   2513
-8.304865842,3.334655488,3.5,-8.332360721,1.667458734,3.5,          1039P   2514
-8.342085491,-1.66688009,3.5,-8.335913958,-3.334030985,3.5,         1039P   2515
-8.320246235,-5.83443569,3.5,-8.287365935,-6.667871717,3.5,         1039P   2516
-8.274955853,-7.918009331,3.5,-8.25560127,-8.334719021,3.5,         1039P   2517
-8.249021515,-9.168136663,3.5,-8.23578375,-9.584988009,3.5,         1039P   2518
-8.235581228,-10.,3.5,-8.152573006,0.,1.,0.,-1.,0.;                 1039P   2519
126,1,1,1,0,1,0,0.,0.,1.,1.,1.,1.,0.,1.,0.,0.,0.,0.,0.,1.,0.,       1041P   2520
0.,1.;                                                              1041P   2521
124,-1.20094600463953E-17,0.196129366520319,0.980578029321654,      1043P   2522
-0.730925145734529,1.,6.12323399573677E-17,0.,3.50000000041664,     1043P   2523
-6.00430872461491E-17,0.980578029321654,-0.196129366520319,         1043P   2524
-3.37777479480094;                                                  1043P   2525
100,-8.152573006,-10.,-6.5,0.,-6.5,-0.067111535,-5.343398629;       1045P   2526
126,1,1,1,0,1,0,0.,0.,1.,1.,1.,1.,0.,0.,0.,0.000805303,0.,0.,       1047P   2527
0.,1.,0.,0.,1.;                                                     1047P   2528
126,6,3,1,0,1,0,0.,0.,0.,0.,0.00061782166843476,                    1049P   2529
0.00061782166843476,0.00061782166843476,0.000617881668434751,       1049P   2530
0.000617881668434751,0.000617881668434751,0.000617881668434751,     1049P   2531
1.,1.,1.,1.,1.,1.,1.,-9.773156506,3.432888466,-7.018435113,         1049P   2532
-9.569002017,3.425261158,-6.992468184,-9.367853484,3.416175224,     1049P   2533
-6.938222907,-9.174555027,3.406043218,-6.86790533,-9.174536255,     1049P   2534
3.406042234,-6.867898501,-9.174517482,3.406041251,-6.867891672,     1049P   2535
-9.17449871,3.406040267,-6.867884843,0.,0.000617881668434751,       1049P   2536
0.029631924,0.997752302,0.060102348;                                1049P   2537
126,1,1,1,0,1,0,0.,0.,1.,1.,1.,1.,0.000805303,0.,0.,                1051P   2538
0.019140281,0.,0.,0.,1.,0.,0.,1.;                                   1051P   2539
126,18,3,1,0,1,0,-5.65828983346519E-08,-5.65828983346519E-08,       1053P   2540
-5.65828983346519E-08,-5.65828983346519E-08,0.,0.,0.,               1053P   2541
0.00714901299419635,0.00714901299419635,0.00714901299419635,        1053P   2542
0.0110536058376265,0.0110536058376265,0.0110536058376265,           1053P   2543
0.0150986010430823,0.0150986010430823,0.0150986010430823,           1053P   2544
0.0182921486356114,0.0182921486356114,0.0182921486356114,           1053P   2545
0.0182922086356114,0.0182922086356114,0.0182922086356114,           1053P   2546
0.0182922086356114,1.,1.,1.,1.,1.,1.,1.,1.,1.,1.,1.,1.,1.,1.,       1053P   2547
1.,1.,1.,1.,1.,-9.17449871,3.406040267,-6.867884843,                1053P   2548
-9.174479987,3.406038085,-6.867884192,-9.174460992,3.406040118,     1053P   2549
-6.867884365,-9.174442132,3.406040043,-6.867884126,                 1053P   2550
-6.791647961,3.39662921,-6.837667996,-4.40887185,3.385624694,       1053P   2551
-6.803458901,-2.025926138,3.380410342,-6.787578514,                 1053P   2552
-0.724431233,3.377562417,-6.778905113,0.577133044,3.376724053,      1053P   2553
-6.776594496,1.878649449,3.378238915,-6.781602565,3.226973464,      1053P   2554
3.379808258,-6.786790745,4.575266161,3.383768174,-6.799423112,      1053P   2555
5.92350456,3.388640029,-6.814802131,6.987952245,3.392486406,        1053P   2556
-6.82694402,8.052380305,3.39683243,-6.840609765,9.116808561,        1053P   2557
3.401116214,-6.854219657,9.116828559,3.401116294,-6.854219913,      1053P   2558
9.116848558,3.401116375,-6.854220169,9.116868556,3.401116455,       1053P   2559
-6.854220424,-5.65828983346519E-08,0.0182922086356114,0.,0.,0.;     1053P   2560
126,1,1,1,0,1,0,0.,0.,1.,1.,1.,1.,0.019140281,0.,0.,                1055P   2561
0.020004146,0.,0.,0.,1.,0.,0.,1.;                                   1055P   2562
126,6,3,1,0,1,0,-5.64583641760784E-08,-5.64583641760784E-08,        1057P   2563
-5.64583641760784E-08,-5.64583641760784E-08,0.,0.,0.,               1057P   2564
0.000665817473746031,0.000665817473746031,0.000665817473746031,     1057P   2565
0.000665817473746031,1.,1.,1.,1.,1.,1.,1.,9.116868556,              1057P   2566
3.401116455,-6.854220424,9.116886219,3.401116231,-6.854226915,      1057P   2567
9.116903801,3.401118384,-6.854233491,9.116921424,3.401119349,       1057P   2568
-6.854240024,9.324748017,3.41249393,-6.931283621,9.541589282,       1057P   2569
3.422622351,-6.990437966,9.761704449,3.4310387,-7.017557481,        1057P   2570
-5.64583641760784E-08,0.000665817473746031,0.,0.,0.;                1057P   2571
102,6,1031,1037,1041,1047,1051,1055;                                1059P   2572
102,6,1035,1039,1045,1049,1053,1057;                                1061P   2573
142,1,1029,1059,1061,1;                                             1063P   2574
144,1029,1,0,1063;                                                  1065P   2575
128,55,2,3,2,0,0,0,0,0,-6.1884904752757E-15,                        1067P   2576
-6.1884904752757E-15,-6.1884904752757E-15,-6.1884904752757E-15,     1067P   2577
0.000625075621366847,0.000625075621366847,0.000781344526710106,     1067P   2578
0.000781344526710106,0.000859478979381736,0.000859478979381736,     1067P   2579
0.000864362382673713,0.000864362382673713,0.000869245785965689,     1067P   2580
0.000869245785965689,0.000879012592549643,0.000879012592549643,     1067P   2581
0.00089854620571755,0.00089854620571755,0.000937613432053365,       1067P   2582
0.000937613432053365,0.00125015124273988,0.00125015124273988,       1067P   2583
0.00250030248548596,0.00250030248548596,0.0050006049709781,         1067P   2584
0.0050006049709781,0.00750090745647024,0.00750090745647024,         1067P   2585
0.0100012099419624,0.0100012099419624,0.0150018149129467,           1067P   2586
0.0150018149129467,0.0175021173984388,0.0175021173984388,           1067P   2587
0.0187522686411849,0.0187522686411849,0.0190648064518714,           1067P   2588
0.0190648064518714,0.019142940904543,0.019142940904543,             1067P   2589
0.0191820081308788,0.0191820081308788,0.0191917749374628,           1067P   2590
0.0191917749374628,0.0191942166391088,0.0191942166391088,           1067P   2591
0.0191966583407548,0.0191966583407548,0.0191991000424008,           1067P   2592
0.0191991000424008,0.0192015417440468,0.0192015417440468,           1067P   2593
0.0192210753572147,0.0192210753572147,0.0193773442625579,           1067P   2594
0.0193773442625579,0.020002419883931,0.020002419883931,             1067P   2595
0.020002419883931,0.020002419883931,0.,0.,0.,1.,1.,1.,1.,1.,1.,     1067P   2596
1.,1.,1.,1.,1.,1.,1.,1.,1.,1.,1.,1.,1.,1.,1.,1.,1.,1.,1.,1.,1.,     1067P   2597
1.,1.,1.,1.,1.,1.,1.,1.,1.,1.,1.,1.,1.,1.,1.,1.,1.,1.,1.,1.,1.,     1067P   2598
1.,1.,1.,1.,1.,1.,1.,1.,1.,1.,1.,0.998274478783685,                 1067P   2599
0.998124294854321,0.997952192538402,0.997708848159046,              1067P   2600
0.997658777234881,0.99758159362678,0.997555519777069,               1067P   2601
0.997527452435888,0.997525172747519,0.997524384289268,              1067P   2602
0.997524450204294,0.997523957725921,0.997523629400624,              1067P   2603
0.997522644406413,0.997521987719163,0.997520017590626,              1067P   2604
0.997518704082505,0.997506881865173,0.997496368580856,              1067P   2605
0.997443825902069,0.997401850484486,0.997278305803552,              1067P   2606
0.997198889250554,0.997063227380647,0.997007795851659,              1067P   2607
0.99693850171954,0.996924766370867,0.996956581531563,               1067P   2608
0.997077166728128,0.997308826595922,0.997393414674031,              1067P   2609
0.997520055088672,0.997562296134489,0.997614412542265,              1067P   2610
0.997624802611456,0.997637739904373,0.997640324851817,              1067P   2611
0.99764419835205,0.99764548886536,0.99764710117444,                 1067P   2612
0.997647423594632,0.997647826567591,0.99764790715957,               1067P   2613
0.997648068338292,0.99764783686348,0.997648622154844,               1067P   2614
0.997649703845033,0.997651280666265,0.99765206874848,               1067P   2615
0.997659158531871,0.997665439537918,0.997721779022071,              1067P   2616
0.997770509698534,0.998007345885197,0.998174908290503,              1067P   2617
0.998320801785263,1.,1.,1.,1.,1.,1.,1.,1.,1.,1.,1.,1.,1.,1.,1.,     1067P   2618
1.,1.,1.,1.,1.,1.,1.,1.,1.,1.,1.,1.,1.,1.,1.,1.,1.,1.,1.,1.,1.,     1067P   2619
1.,1.,1.,1.,1.,1.,1.,1.,1.,1.,1.,1.,1.,1.,1.,1.,1.,1.,1.,1.,        1067P   2620
9.761704449,3.4310387,7.017557481,9.604749036,3.425037334,          1067P   2621
6.998219621,9.448834352,3.418170814,6.962669091,9.255165224,        1067P   2622
3.408458867,6.902569367,9.216490529,3.406460663,6.889763284,        1067P   2623
9.158557111,3.403380706,6.869453552,9.139259039,3.402340287,        1067P   2624
6.862500181,9.118767603,3.401220367,6.854924105,9.117740065,        1067P   2625
3.401129405,6.854298219,9.114615481,3.401097945,6.854124965,        1067P   2626
9.112922717,3.401100575,6.854169973,9.108040139,3.401080925,        1067P   2627
6.854107544,9.104785094,3.401067824,6.854065926,9.095019977,        1067P   2628
3.401028522,6.853941072,9.088509924,3.40100232,6.853857838,         1067P   2629
9.068979842,3.40092371,6.853608143,9.055959888,3.4008713,           1067P   2630
6.853441689,8.938781229,3.400399585,6.851943701,8.834628967,        1067P   2631
3.399980104,6.850612857,8.313902542,3.397883681,6.84396729,         1067P   2632
7.897433024,3.396208993,6.838676506,6.648443427,3.391280249,        1067P   2633
6.823125163,5.816340748,3.388112402,6.813154925,4.1536642,          1067P   2634
3.382701496,6.795999984,3.323072621,3.380490876,6.788932595,        1067P   2635
1.662639185,3.3777275,6.779964357,0.832833142,3.377179794,          1067P   2636
6.778063791,-1.656532844,3.3784485,6.781489509,-3.317583201,        1067P   2637
3.383257051,6.796206641,-5.81367789,3.392497793,6.825007953,        1067P   2638
-6.64643411,3.39587233,6.835574889,-7.896284759,3.40092517,         1067P   2639
6.851553384,-8.313020124,3.402610659,6.856909204,-8.834049854,      1067P   2640
3.40469032,6.863557208,-8.938261345,3.405104934,6.864884587,        1067P   2641
-9.068532102,3.405621201,6.866539997,-9.094586574,3.405724355,      1067P   2642
6.866870889,-9.133668751,3.40587893,6.867366924,-9.146696221,       1067P   2643
3.405930429,6.867532218,-9.162980657,3.40599477,6.86773877,         1067P   2644
-9.166237549,3.406007636,6.867780078,-9.170308669,3.406023717,      1067P   2645
6.867831707,-9.171122894,3.406026933,6.867842033,-9.172751343,      1067P   2646
3.406033365,6.867862684,-9.173659639,3.40602413,6.867781311,        1067P   2647
-9.175099949,3.406055464,6.867985359,-9.175612381,3.406098632,      1067P   2648
6.868289844,-9.176813813,3.406161556,6.868726226,-9.177414539,      1067P   2649
3.406193006,6.868944238,-9.182821166,3.406475931,6.870904734,       1067P   2650
-9.187627711,3.406726584,6.872635936,-9.230892627,3.408974916,      1067P   2651
6.888112706,-9.269393196,3.410919756,6.901130217,-9.462142021,      1067P   2652
3.42037253,6.962260958,-9.617142183,3.427059696,6.998591246,        1067P   2653
-9.773156506,3.432888466,7.018435113,9.880439974,3.5,               1067P   2654
7.589524039,9.698435223,3.5,7.601074737,9.51671949,3.5,             1067P   2655
7.596046281,9.290014491,3.5,7.573627405,9.244685221,3.5,            1067P   2656
7.568330228,9.176717276,3.5,7.559237847,9.154064678,3.5,            1067P   2657
7.556015754,9.130000691,3.5,7.552395344,9.128674465,3.5,            1067P   2658
7.552090458,9.125484673,3.5,7.552027597,9.123824227,3.5,            1067P   2659
7.552062953,9.118941216,3.5,7.552068837,9.11568588,3.5,             1067P   2660
7.552072757,9.105919875,3.5,7.552084505,9.099409219,3.5,            1067P   2661
7.552092325,9.079877277,3.5,7.552115741,9.06685604,3.5,             1067P   2662
7.552131299,8.949664273,3.5,7.552270833,8.845497947,3.5,            1067P   2663
7.552391404,8.324666693,3.5,7.552976112,7.908069125,3.5,            1067P   2664
7.553385377,6.658423096,3.5,7.554411277,5.825631433,3.5,            1067P   2665
7.554816407,4.160760997,3.5,7.555094902,3.328722814,3.5,            1067P   2666
7.554991315,1.66495053,3.5,7.554683689,0.833293397,3.5,             1067P   2667
7.554476026,-1.661705044,3.5,7.553948966,-3.325546538,3.5,          1067P   2668
7.553758538,-5.824046969,3.5,7.552235632,-6.657154734,3.5,          1067P   2669
7.551498952,-7.907228221,3.5,7.550080498,-8.323959748,3.5,          1067P   2670
7.54955734,-8.844945041,3.5,7.548852682,-8.94914159,3.5,            1067P   2671
7.548709233,-9.079391467,3.5,7.548526983,-9.1054414,3.5,            1067P   2672
7.548490386,-9.144516583,3.5,7.548435275,-9.157541666,3.5,          1067P   2673
7.548416869,-9.173823085,3.5,7.548393816,-9.177079367,3.5,          1067P   2674
7.548389203,-9.181149725,3.5,7.548383435,-9.181963797,3.5,          1067P   2675
7.548382281,-9.18359194,3.5,7.548379973,-9.184453262,3.5,           1067P   2676
7.548332339,-9.185986905,3.5,7.54842299,-9.186649388,3.5,           1067P   2677
7.548570925,-9.188063037,3.5,7.548779044,-9.188769865,3.5,          1067P   2678
7.548882916,-9.195131306,3.5,7.549816074,-9.20078614,3.5,           1067P   2679
7.550633555,-9.25167917,3.5,7.557881759,-9.29693206,3.5,            1067P   2680
7.563551576,-9.523238097,3.5,7.587786806,-9.70456759,3.5,           1067P   2681
7.594138092,-9.886196376,3.5,7.58359481,10.,3.5,8.165462343,        1067P   2682
9.792902375,3.5,8.208454089,9.585256657,3.5,8.234631896,            1067P   2683
9.32519147,3.5,8.250884059,9.27315223,3.5,8.253303409,              1067P   2684
9.195056139,3.5,8.255751569,9.169017902,3.5,8.256370749,            1067P   2685
9.141345852,3.5,8.256824911,9.139718055,3.5,8.256850703,            1067P   2686
9.136462439,3.5,8.256901577,9.13483463,3.5,8.256926998,             1067P   2687
9.129951206,3.5,8.257003276,9.126695589,3.5,8.257054122,            1067P   2688
9.116928738,3.5,8.257206637,9.110417503,3.5,8.257308285,            1067P   2689
9.090883795,3.5,8.257613146,9.07786132,3.5,8.257816272,             1067P   2690
8.960659009,3.5,8.25964336,8.856478942,3.5,8.261259983,             1067P   2691
8.335577208,3.5,8.269298717,7.918851388,3.5,8.275589107,            1067P   2692
6.668650948,3.5,8.2937314,5.835141436,3.5,8.30486757,               1067P   2693
4.168056263,3.5,8.323197083,3.334499752,3.5,8.330315254,            1067P   2694
1.667348901,3.5,8.338992349,0.833741489,3.5,8.340542685,            1067P   2695
-1.667012424,3.5,8.335913068,-3.334123872,3.5,8.320245437,          1067P   2696
-5.834658622,3.5,8.287362792,-6.668130024,3.5,8.274951975,          1067P   2697
-7.918316642,3.5,8.255596452,-8.335041961,3.5,8.249016407,          1067P   2698
-8.855947256,3.5,8.24074247,-8.960128245,3.5,8.239085141,           1067P   2699
-9.090354434,3.5,8.237011801,-9.116399669,3.5,8.236597049,          1067P   2700
-9.15546752,3.5,8.235974821,-9.168490136,3.5,8.235767396,           1067P   2701
-9.184768406,3.5,8.235508095,-9.18802406,3.5,8.235456234,           1067P   2702
-9.192093628,3.5,8.235391407,-9.192907541,3.5,8.235378442,          1067P   2703
-9.194535368,3.5,8.235352511,-9.195349282,3.5,8.235339576,          1067P   2704
-9.196977108,3.5,8.235313583,-9.197791018,3.5,8.235300491,          1067P   2705
-9.199418824,3.5,8.235273823,-9.200232722,3.5,8.235260295,          1067P   2706
-9.207557755,3.5,8.235136799,-9.214068551,3.5,8.235014617,          1067P   2707
-9.272662602,3.5,8.233802528,-9.324724055,3.5,8.231925858,          1067P   2708
-9.584914243,3.5,8.218317851,-9.792703955,3.5,8.194035116,-10.,     1067P   2709
3.5,8.152573006,-6.1884904752757E-15,0.020002419883931,0.,1.;       1067P   2710
126,1,1,1,0,1,0,0.,0.,1.,1.,1.,1.,0.000863604,0.,0.,                1069P   2711
0.019196795,0.,0.,0.,1.,0.,0.,1.;                                   1069P   2712
126,18,3,1,0,1,0,-5.64580585081424E-08,-5.64580585081424E-08,       1071P   2713
-5.64580585081424E-08,-5.64580585081424E-08,0.,0.,0.,               1071P   2714
0.00368484047259593,0.00368484047259593,0.00368484047259593,        1071P   2715
0.00815292210926374,0.00815292210926374,0.00815292210926374,        1071P   2716
0.0136159403024572,0.0136159403024572,0.0136159403024572,           1071P   2717
0.0182923203850673,0.0182923203850673,0.0182923203850673,           1071P   2718
0.0182923803850673,0.0182923803850673,0.0182923803850673,           1071P   2719
0.0182923803850673,1.,1.,1.,1.,1.,1.,1.,1.,1.,1.,1.,1.,1.,1.,       1071P   2720
1.,1.,1.,1.,1.,9.116868556,3.401116455,6.854220424,9.116849907,     1071P   2721
3.40111405,6.854219657,9.116830921,3.401116304,6.854219943,         1071P   2722
9.116812103,3.401116228,6.854219703,7.88864228,3.396173468,         1071P   2723
6.838516193,6.660472682,3.391133127,6.822692014,5.432272563,        1071P   2724
3.386905642,6.809322618,3.943021819,3.381779618,6.793111593,        1071P   2725
2.453686812,3.378081057,6.781239291,0.964340505,3.377535369,        1071P   2726
6.779206408,-0.856628167,3.376868177,6.776720877,-2.677626531,      1071P   2727
3.381216223,6.789888088,-4.498475045,3.38766599,6.809953425,        1071P   2728
-6.057156833,3.393187116,6.827129745,-7.615789984,3.399884154,      1071P   2729
6.848118911,-9.174438716,3.40604003,6.867884082,-9.174458714,       1071P   2730
3.406040109,6.867884336,-9.174478712,3.406040188,6.867884589,       1071P   2731
-9.17449871,3.406040267,6.867884843,-5.64580585081424E-08,          1071P   2732
0.0182923803850673,0.,0.,0.;                                        1071P   2733
126,1,1,1,0,1,0,0.,0.,1.,1.,1.,1.,0.019196795,0.,0.,0.02000242,     1073P   2734
0.,0.,0.,1.,0.,0.,1.;                                               1073P   2735
126,6,3,1,0,1,0,-5.65832130286871E-08,-5.65832130286871E-08,        1075P   2736
-5.65832130286871E-08,-5.65832130286871E-08,0.,0.,0.,               1075P   2737
0.000617825067101804,0.000617825067101804,0.000617825067101804,     1075P   2738
0.000617825067101804,1.,1.,1.,1.,1.,1.,1.,-9.17449871,              1075P   2739
3.406040267,6.867884843,-9.17451645,3.406040068,6.867891246,        1075P   2740
-9.174534117,3.406042122,6.867897723,-9.17455182,3.40604305,        1075P   2741
6.867904164,-9.367851272,3.416175124,6.938222312,-9.569000894,      1075P   2742
3.425261116,6.992468041,-9.773156506,3.432888466,7.018435113,       1075P   2743
-5.65832130286871E-08,0.000617825067101804,0.,0.,0.;                1075P   2744
126,1,1,1,0,1,0,0.,0.,1.,1.,1.,1.,0.02000242,0.,0.,0.02000242,      1077P   2745
1.,0.,0.,1.,0.,0.,1.;                                               1077P   2746
124,0.0226843494121983,-0.194813112193835,0.980578029332239,        1079P   2747
-19.033675707769,0.993288846554345,0.115660137085944,0.,            1079P   2748
4.18467935680947,-0.113413789296031,0.973997219711952,              1079P   2749
0.196129366467397,11.750458062575;                                  1079P   2750
100,8.152573006,-10.,-6.5,0.,-6.5,-0.067111535,-5.343398629;        1081P   2751
126,1,1,1,0,1,0,0.,0.,1.,1.,1.,1.,0.02000242,1.,0.,0.,1.,0.,0.,     1083P   2752
1.,0.,0.,1.;                                                        1083P   2753
126,17,3,1,0,1,0,0.,0.,0.,0.,0.0625,0.0625,0.125,0.125,0.25,        1085P   2754
0.25,0.5,0.5,0.75,0.75,0.875,0.875,0.9375,0.9375,1.,1.,1.,1.,       1085P   2755
1.,1.,1.,1.,1.,1.,1.,1.,1.,1.,1.,1.,1.,1.,1.,1.,1.,1.,-10.,3.5,     1085P   2756
8.152573006,-9.585390411,3.5,8.235500742,-9.168490433,3.5,          1085P   2757
8.235778108,-8.335041961,3.5,8.249016407,-7.918316642,3.5,          1085P   2758
8.255596452,-6.668130024,3.5,8.274951975,-5.834658622,3.5,          1085P   2759
8.287362792,-3.334123872,3.5,8.320245437,-1.667012424,3.5,          1085P   2760
8.335913068,1.667326126,3.5,8.342085891,3.334513677,3.5,            1085P   2761
8.332361839,5.835141436,3.5,8.30486757,6.668650948,3.5,             1085P   2762
8.2937314,7.918851388,3.5,8.275589107,8.335577208,3.5,              1085P   2763
8.269298717,9.169019982,3.5,8.256436742,9.58578689,3.5,             1085P   2764
8.251449557,10.,3.5,8.165462343,0.,1.,0.,-1.,0.;                    1085P   2765
126,1,1,1,0,1,0,0.,0.,1.,1.,1.,1.,0.,1.,0.,0.,0.,0.,0.,1.,0.,       1087P   2766
0.,1.;                                                              1087P   2767
124,1.38659193254649E-13,-0.203258281042156,-0.979125156038689,     1089P   2768
16.6738307642914,1.,6.82182258669654E-13,0.,-16.5000000004625,      1089P   2769
6.6794181046675E-13,-0.979125156038689,0.203258281042156,           1089P   2770
0.141450988893154;                                                  1089P   2771
100,8.165462343,10.,-6.5,20.,-6.5,19.9310387,-5.327621928;          1091P   2772
126,1,1,1,0,1,0,0.,0.,1.,1.,1.,1.,0.,0.,0.,0.000863604,0.,0.,       1093P   2773
0.,1.,0.,0.,1.;                                                     1093P   2774
126,6,3,1,0,1,0,0.,0.,0.,0.,0.000665813952436231,                   1095P   2775
0.000665813952436231,0.000665813952436231,0.000665873952436224,     1095P   2776
0.000665873952436224,0.000665873952436224,0.000665873952436224,     1095P   2777
1.,1.,1.,1.,1.,1.,1.,9.761704449,3.4310387,7.017557481,             1095P   2778
9.541590446,3.422622395,6.990438109,9.324750308,3.412494038,        1095P   2779
6.931284246,9.11692474,3.40111953,6.854241253,9.116906012,          1095P   2780
3.401118505,6.85423431,9.116887284,3.40111748,6.854227367,          1095P   2781
9.116868556,3.401116455,6.854220424,0.,0.000665873952436224,        1095P   2782
-0.030427818,0.99757332,-0.062622837;                               1095P   2783
102,6,1069,1073,1077,1083,1087,1093;                                1097P   2784
102,6,1071,1075,1081,1085,1091,1095;                                1099P   2785
142,1,1067,1097,1099,1;                                             1101P   2786
144,1067,1,0,1101;                                                  1103P   2787
128,27,2,3,2,0,0,0,0,0,0.,0.,0.,0.,0.00048439233352792,             1105P   2788
0.00048439233352792,0.000726588500291881,0.000726588500291881,      1105P   2789
0.000968784667055841,0.000968784667055841,0.0012109808338198,       1105P   2790
0.0012109808338198,0.00145317700058376,0.00145317700058376,         1105P   2791
0.00193756933411168,0.00193756933411168,0.00205866741749366,        1105P   2792
0.00205866741749366,0.00217976550087564,0.00217976550087564,        1105P   2793
0.0024219616676396,0.0024219616676396,0.00290635400116752,          1105P   2794
0.00290635400116752,0.00314855016793148,0.00314855016793148,        1105P   2795
0.00339074633469544,0.00339074633469544,0.00387513866822336,        1105P   2796
0.00387513866822336,0.00387513866822336,0.00387513866822336,0.,     1105P   2797
0.,0.,1.,1.,1.,1.,1.,1.,1.,1.,1.,1.,1.,1.,1.,1.,1.,1.,1.,1.,1.,     1105P   2798
1.,1.,1.,1.,1.,1.,1.,1.,1.,1.,1.,1.,0.99896532948904,               1105P   2799
0.999006753031538,0.999037761651278,0.999072903744383,              1105P   2800
0.999082689273792,0.999098577041308,0.999104710484944,              1105P   2801
0.999112984262533,0.999115113210191,0.999115797864216,              1105P   2802
0.999114383984437,0.99910510532343,0.999092454666634,               1105P   2803
0.999065607074311,0.999059665438716,0.999046475289769,              1105P   2804
0.999039244478139,0.999016108250694,0.998998674493266,              1105P   2805
0.998939980404583,0.998892535271462,0.998804085904117,              1105P   2806
0.998771548862794,0.998699791803822,0.998660430900666,              1105P   2807
0.998532548563313,0.998434149479274,0.998320801785409,1.,1.,1.,     1105P   2808
1.,1.,1.,1.,1.,1.,1.,1.,1.,1.,1.,1.,1.,1.,1.,1.,1.,1.,1.,1.,1.,     1105P   2809
1.,1.,1.,1.,-11.565147105,3.45863459,-5.434385764,                  1105P   2810
-11.575041418,3.460295189,-5.5497656,-11.571359068,3.461528973,     1105P   2811
-5.664593444,-11.547131374,3.462933337,-5.832588514,                1105P   2812
-11.535912179,3.463324399,-5.887886001,-11.507178618,               1105P   2813
3.463959332,-5.996575302,-11.489768711,3.46420445,-6.049757133,     1105P   2814
-11.447962443,3.464535106,-6.154732474,-11.423354737,               1105P   2815
3.464620189,-6.206900065,-11.368569239,3.464647551,                 1105P   2816
-6.307349646,-11.338294901,3.464591045,-6.355926639,                1105P   2817
-11.239762379,3.464220229,-6.495843375,-11.163866202,               1105P   2818
3.46371465,-6.581440472,-11.057961181,3.462641744,-6.675107845,     1105P   2819
-11.036222518,3.462404301,-6.693169391,-10.991650598,               1105P   2820
3.461877195,-6.727831526,-10.968700677,3.461588239,-6.74454959,     1105P   2821
-10.898294502,3.460663686,-6.79281377,-10.849450408,                1105P   2822
3.459967025,-6.822281661,-10.698004855,3.457621659,                 1105P   2823
-6.902568847,-10.590507625,3.455725871,-6.945345572,                1105P   2824
-10.422130767,3.452192023,-6.991972796,-10.364618755,               1105P   2825
3.45089211,-7.004598489,-10.248640304,3.448025457,-7.023377539,     1105P   2826
-10.190339591,3.446453088,-7.029427864,-10.013893721,               1105P   2827
3.441344866,-7.038985086,-9.894298018,3.43741437,-7.033843414,      1105P   2828
-9.773156506,3.432888466,-7.018435113,-12.01733375,3.5,             1105P   2829
-5.467124888,-12.016408355,3.5,-5.606692964,-12.002082012,3.5,      1105P   2830
-5.744264155,-11.961402226,3.5,-5.945898103,-11.94462,3.5,          1105P   2831
-6.012323365,-11.904486347,3.5,-6.143317297,-11.88118382,3.5,       1105P   2832
-6.207780431,-11.827468227,3.5,-6.335056825,-11.796897582,3.5,      1105P   2833
-6.398144007,-11.730272501,3.5,-6.519820566,-11.694088704,3.5,      1105P   2834
-6.578767573,-11.577558104,3.5,-6.749620264,-11.489315272,3.5,      1105P   2835
-6.855611247,-11.366440592,3.5,-6.976149525,-11.341229571,3.5,      1105P   2836
-6.999654557,-11.289524746,3.5,-7.045383227,-11.262930275,3.5,      1105P   2837
-7.067699333,-11.18161168,3.5,-7.132561945,-11.125458459,3.5,       1105P   2838
-7.172932604,-10.951786281,3.5,-7.285756032,-10.829087391,3.5,      1105P   2839
-7.349986384,-10.636386966,3.5,-7.429705253,-10.570477225,3.5,      1105P   2840
-7.453553443,-10.437149793,3.5,-7.495096486,-10.369865097,3.5,      1105P   2841
-7.512726196,-10.165910461,3.5,-7.557128151,-10.027205929,3.5,      1105P   2842
-7.575409411,-9.886196377,3.5,-7.58359481,-12.471398652,3.5,        1105P   2843
-5.5,-12.459534828,3.5,-5.663860894,-12.434466078,3.5,              1105P   2844
-5.824250982,-12.377213776,3.5,-6.059631362,-12.354831795,3.5,      1105P   2845
-6.13722019,-12.303230677,3.5,-6.290591472,-12.274004731,3.5,       1105P   2846
-6.366372127,-12.208324392,3.5,-6.516023685,-12.171766676,3.5,      1105P   2847
-6.590067026,-12.093258979,3.5,-6.733045345,-12.051147127,3.5,      1105P   2848
-6.802399886,-11.916568056,3.5,-7.004306494,-11.815954951,3.5,      1105P   2849
-7.130774468,-11.676077088,3.5,-7.278319686,-11.647388083,3.5,      1105P   2850
-7.307295873,-11.588539256,3.5,-7.364149706,-11.558294951,3.5,      1105P   2851
-7.392094631,-11.466049853,3.5,-7.473649815,-11.402578747,3.5,      1105P   2852
-7.524990617,-11.206659186,3.5,-7.670564678,-11.068747191,3.5,      1105P   2853
-7.756415117,-10.851677164,3.5,-7.869537583,-10.777357666,3.5,      1105P   2854
-7.904720846,-10.626650225,3.5,-7.969276826,-10.550364474,3.5,      1105P   2855
-7.998623092,-10.318853699,3.5,-8.078315194,-10.160992284,3.5,      1105P   2856
-8.120372293,-10.,3.5,-8.152573006,0.,0.00387513866822336,0.,       1105P   2857
1.;                                                                 1105P   2858
126,1,1,1,0,1,0,0.,0.,1.,1.,1.,1.,0.003875139,0.,0.,                1107P   2859
0.003875139,1.,0.,0.,1.,0.,0.,1.;                                   1107P   2860
124,0.0226843494173356,-0.19481311224651,-0.980578029321655,        1109P   2861
-19.0336757081363,0.993288846554928,0.115660137080931,0.,           1109P   2862
4.18467935698918,0.113413789289892,-0.973997219702012,              1109P   2863
0.196129366520312,-11.7504580620836;                                1109P   2864
100,-8.152573006,-10.,-6.5,0.,-6.5,-0.067111535,-5.343398629;       1111P   2865
126,1,1,1,0,1,0,0.,0.,1.,1.,1.,1.,0.003875139,1.,0.,0.,1.,0.,       1113P   2866
0.,1.,0.,0.,1.;                                                     1113P   2867
126,5,3,1,0,1,0,0.,0.,0.,0.,0.5,0.5,1.,1.,1.,1.,1.,1.,1.,1.,1.,     1115P   2868
1.,-10.,3.5,-8.152573006,-10.64397402,3.5,-8.023769165,             1115P   2869
-11.256443508,3.5,-7.720955347,-12.151661814,3.5,-6.776665938,      1115P   2870
-12.423940815,3.5,-6.155478765,-12.471398652,3.5,-5.5,0.,1.,0.,     1115P   2871
-1.,0.;                                                             1115P   2872
126,1,1,1,0,1,0,0.,0.,1.,1.,1.,1.,0.,1.,0.,0.,0.,0.,0.,1.,0.,       1117P   2873
0.,1.;                                                              1117P   2874
124,-6.10724776259836E-17,0.997389250002607,0.0722127688102127,     1119P   2875
-5.59119829883705,1.,6.12323399573677E-17,0.,5.97139865232126,      1119P   2876
-4.42175680904974E-18,0.0722127688102127,-0.997389250002607,        1119P   2877
-10.5162578780549;                                                  1119P   2878
100,-5.5,-12.471398652,-6.5,-2.471398652,-6.5,-2.512764062,         1121P   2879
-5.591376264;                                                       1121P   2880
126,1,1,1,0,1,0,0.,0.,1.,1.,1.,1.,0.,0.,0.,0.003875139,0.,0.,       1123P   2881
0.,1.,0.,0.,1.;                                                     1123P   2882
126,21,3,1,0,1,0,0.,0.,0.,0.,0.000260063613567506,                  1125P   2883
0.000260063613567506,0.000260063613567506,0.000754634572431344,     1125P   2884
0.000754634572431344,0.000754634572431344,0.00101901764760578,      1125P   2885
0.00101901764760578,0.00101901764760578,0.00151071585137759,        1125P   2886
0.00151071585137759,0.00151071585137759,0.00166215997905187,        1125P   2887
0.00166215997905187,0.00166215997905187,0.00218332778648494,        1125P   2888
0.00218332778648494,0.00218332778648494,0.00277013315592282,        1125P   2889
0.00277013315592282,0.00277013315592282,0.00277013315592282,1.,     1125P   2890
1.,1.,1.,1.,1.,1.,1.,1.,1.,1.,1.,1.,1.,1.,1.,1.,1.,1.,1.,1.,1.,     1125P   2891
-11.565147105,3.45863459,-5.434385764,-11.572553019,                1125P   2892
3.459877552,-5.520747761,-11.572370792,3.4608942,-5.608082666,      1125P   2893
-11.564747608,3.461726302,-5.694430693,-11.55040114,                1125P   2894
3.463292276,-5.856933557,-11.508799915,3.46425127,-6.01961139,      1125P   2895
-11.440741115,3.464535925,-6.1678793,-11.403950919,3.4646898,       1125P   2896
-6.248027722,-11.359568844,3.464664195,-6.325051671,                1125P   2897
-11.309094721,3.464480914,-6.397367928,-11.216166714,               1125P   2898
3.464143473,-6.530509532,-11.09993094,3.463256266,-6.650553681,     1125P   2899
-10.96777771,3.461571794,-6.744867526,-10.926500954,                1125P   2900
3.461045666,-6.774325523,-10.8836241,3.460455036,-6.80164795,       1125P   2901
-10.839557495,3.459800825,-6.826738331,-10.689768001,               1125P   2902
3.457577057,-6.91202458,-10.523585672,3.454605577,-6.972809896,     1125P   2903
-10.354380576,3.450612145,-7.005509583,-10.16407446,                1125P   2904
3.446120706,-7.042287142,-9.965354335,3.440069067,-7.042881245,     1125P   2905
-9.773156506,3.432888466,-7.018435113,0.,0.00277013315592282,       1125P   2906
0.024845157,0.999616176,0.012256353;                                1125P   2907
102,4,1107,1113,1117,1123;                                          1127P   2908
102,4,1111,1115,1121,1125;                                          1129P   2909
142,1,1105,1127,1129,1;                                             1131P   2910
144,1105,1,0,1131;                                                  1133P   2911
128,27,2,3,2,0,0,0,0,0,0.,0.,0.,0.,0.000486718673751673,            1135P   2912
0.000486718673751673,0.00073007801062751,0.00073007801062751,       1135P   2913
0.000973437347503347,0.000973437347503347,0.00121679668437918,      1135P   2914
0.00121679668437918,0.00146015602125502,0.00146015602125502,        1135P   2915
0.00170351535813086,0.00170351535813086,0.00194687469500669,        1135P   2916
0.00194687469500669,0.00219023403188253,0.00219023403188253,        1135P   2917
0.00243359336875837,0.00243359336875837,0.00292031204251004,        1135P   2918
0.00292031204251004,0.00316367137938588,0.00316367137938588,        1135P   2919
0.00340703071626171,0.00340703071626171,0.00389374939001339,        1135P   2920
0.00389374939001339,0.00389374939001339,0.00389374939001339,0.,     1135P   2921
0.,0.,1.,1.,1.,1.,1.,1.,1.,1.,1.,1.,1.,1.,1.,1.,1.,1.,1.,1.,1.,     1135P   2922
1.,1.,1.,1.,1.,1.,1.,1.,1.,1.,1.,1.,0.998320801785262,              1135P   2923
0.998433966061301,0.998531997431652,0.998659260089644,              1135P   2924
0.998698410268071,0.998769758685761,0.998802161035621,              1135P   2925
0.998861570413777,0.998888437124689,0.998936906831766,              1135P   2926
0.998958614255036,0.998997669774953,0.999015015642235,              1135P   2927
0.999045671359708,0.999058995858886,0.999080867517977,              1135P   2928
0.999089612782591,0.999103144998479,0.99910799447513,               1135P   2929
0.999117448802218,0.999117222094338,0.999105119034618,              1135P   2930
0.999098985473701,0.9990830548142,0.999073223106647,                1135P   2931
0.999037922777673,0.999006779132954,0.998965329489085,1.,1.,1.,     1135P   2932
1.,1.,1.,1.,1.,1.,1.,1.,1.,1.,1.,1.,1.,1.,1.,1.,1.,1.,1.,1.,1.,     1135P   2933
1.,1.,1.,1.,-9.773156506,3.432888466,7.018435113,-9.894103443,      1135P   2934
3.4374071,7.033818665,-10.013255065,3.441322854,7.038932005,        1135P   2935
-10.188664311,3.446406319,7.029561699,-10.246554267,                1135P   2936
3.447970268,7.023617131,-10.361584853,3.450820592,7.005183634,      1135P   2937
-10.418642524,3.45211512,6.992808597,-10.53139508,3.454488719,      1135P   2938
6.961838026,-10.586846597,3.455562185,6.943284474,                  1135P   2939
-10.694156661,3.457498865,6.900836395,-10.746215745,                1135P   2940
3.458366252,6.8768902,-10.846733461,3.459926877,6.823836374,        1135P   2941
-10.89519295,3.460620025,6.794728665,-10.988051755,3.461845064,     1135P   2942
6.731479643,-11.032347294,3.462377542,6.697445295,                  1135P   2943
-11.117736084,3.463251594,6.622527732,-11.158755533,                1135P   2944
3.463601086,6.58177789,-11.235244585,3.464141886,6.496297885,       1135P   2945
-11.270935435,3.464335692,6.451399223,-11.36988973,3.464713529,     1135P   2946
6.311406139,-11.425152303,3.464704468,6.211043733,                  1135P   2947
-11.488364295,3.464220777,6.053739451,-11.506220279,                1135P   2948
3.463975654,5.999765508,-11.535460383,3.463339007,5.890009314,      1135P   2949
-11.546841729,3.4629461,5.834248041,-11.571384591,3.461535412,      1135P   2950
5.665102498,-11.575046942,3.460296116,5.54983001,-11.565147105,     1135P   2951
3.45863459,5.434385764,-9.886196376,3.5,7.58359481,                 1135P   2952
-10.026979073,3.5,7.575422579,-10.165168901,3.5,7.557199652,        1135P   2953
-10.367930461,3.5,7.513191577,-10.434745613,3.5,7.495747467,        1135P   2954
-10.566995386,3.5,7.454732186,-10.632391193,3.5,7.43122348,         1135P   2955
-10.761442457,3.5,7.3780979,-10.824821112,3.5,7.348568186,          1135P   2956
-10.947524697,3.5,7.28441697,-11.007079789,3.5,7.249704607,         1135P   2957
-11.122338351,3.5,7.175084047,-11.178043101,3.5,7.135175908,        1135P   2958
-11.285267214,3.5,7.05009763,-11.336724508,3.5,7.004967255,         1135P   2959
-11.435791565,3.5,6.908419953,-11.483424268,3.5,6.856990069,        1135P   2960
-11.572619164,3.5,6.750571724,-11.614437598,3.5,6.695360848,        1135P   2961
-11.731430854,3.5,6.524381366,-11.798265347,3.5,6.403313917,        1135P   2962
-11.879329797,3.5,6.212616421,-11.903185385,3.5,6.147169598,        1135P   2963
-11.943953134,3.5,6.014875331,-11.960947778,3.5,5.947890741,        1135P   2964
-12.002062196,3.5,5.744873436,-12.016407828,3.5,5.606772571,        1135P   2965
-12.01733375,3.5,5.467124888,-10.,3.5,8.152573006,-10.16073296,     1135P   2966
3.5,8.120424161,-10.318008652,3.5,8.078513322,-10.548169855,        1135P   2967
3.5,7.99942413,-10.623927206,3.5,7.970344028,-10.773427079,3.5,     1135P   2968
7.906499415,-10.84717314,3.5,7.871744891,-10.992546416,3.5,         1135P   2969
7.796257972,-11.063861587,3.5,7.755658306,-11.201977904,3.5,        1135P   2970
7.669632141,-11.269037284,3.5,7.624075358,-11.399054954,3.5,        1135P   2971
7.527742629,-11.46201361,3.5,7.476967149,-11.58362313,3.5,          1135P   2972
7.369933976,-11.642252575,3.5,7.313649022,-11.755021548,3.5,        1135P   2973
7.195365122,-11.809279857,3.5,7.133206642,-11.911208636,3.5,        1135P   2974
7.005759614,-11.959169544,3.5,6.940195168,-12.094253538,3.5,        1135P   2975
6.738108804,-12.172698717,3.5,6.596267913,-12.27169885,3.5,         1135P   2976
6.372064576,-12.301585192,3.5,6.295108039,-12.35394846,3.5,         1135P   2977
6.140202222,-12.376593372,3.5,6.06195823,-12.434400436,3.5,         1135P   2978
5.824960922,-12.459527951,3.5,5.663955884,-12.471398652,3.5,        1135P   2979
5.5,0.,0.00389374939001339,0.,1.;                                   1135P   2980
126,1,1,1,0,1,0,0.,0.,1.,1.,1.,1.,0.,1.,0.,0.,0.,0.,0.,1.,0.,       1137P   2981
0.,1.;                                                              1137P   2982
124,-1.20094600431552E-17,0.196129366467403,-0.980578029332238,     1139P   2983
-0.730925145743677,1.,6.12323399573677E-17,0.,3.50000000020879,     1139P   2984
6.00430872467972E-17,-0.980578029332238,-0.196129366467403,         1139P   2985
3.37777479435035;                                                   1139P   2986
100,8.152573006,-10.,-6.5,0.,-6.5,-0.067111535,-5.343398629;        1141P   2987
126,1,1,1,0,1,0,0.,0.,1.,1.,1.,1.,0.,0.,0.,0.003893749,0.,0.,       1143P   2988
0.,1.,0.,0.,1.;                                                     1143P   2989
126,5,3,1,0,1,0,0.,0.,0.,0.,0.5,0.5,1.,1.,1.,1.,1.,1.,1.,1.,1.,     1145P   2990
1.,-9.773156506,3.432888466,7.018435113,-10.231498885,              1145P   2991
3.450012352,7.076732848,-10.714899989,3.459026205,6.969226049,      1145P   2992
-11.412851482,3.466371131,6.37012742,-11.604875936,3.465302424,     1145P   2993
5.897672433,-11.565147105,3.45863459,5.434385764,0.,1.,             1145P   2994
0.030493905,0.998105925,-0.053429244;                               1145P   2995
126,1,1,1,0,1,0,0.,0.,1.,1.,1.,1.,0.003893749,0.,0.,                1147P   2996
0.003893749,1.,0.,0.,1.,0.,0.,1.;                                   1147P   2997
124,0.0906251547004408,-0.993263508515117,0.072212768869233,        1149P   2998
-18.1945592542651,0.995863459042472,0.0908623736425796,0.,          1149P   2999
6.51041562966232,-0.00656142358676149,0.0719140577931489,           1149P   3000
0.997389249998334,0.399970371388332;                                1149P   3001
100,5.5,-12.471398652,-6.5,-2.471398652,-6.5,-2.512764062,          1151P   3002
-5.591376264;                                                       1151P   3003
126,1,1,1,0,1,0,0.,0.,1.,1.,1.,1.,0.003893749,1.,0.,0.,1.,0.,       1153P   3004
0.,1.,0.,0.,1.;                                                     1153P   3005
126,5,3,1,0,1,0,0.,0.,0.,0.,0.5,0.5,1.,1.,1.,1.,1.,1.,1.,1.,1.,     1155P   3006
1.,-12.471398652,3.5,5.5,-12.423913801,3.5,6.155851882,             1155P   3007
-12.149712955,3.5,6.781371474,-11.247561167,3.5,7.727642669,        1155P   3008
-10.642937169,3.5,8.02397655,-10.,3.5,8.152573006,0.,1.,0.,-1.,     1155P   3009
0.;                                                                 1155P   3010
102,4,1137,1143,1147,1153;                                          1157P   3011
102,4,1141,1145,1151,1155;                                          1159P   3012
142,1,1135,1157,1159,1;                                             1161P   3013
144,1135,1,0,1161;                                                  1163P   3014
128,53,2,3,2,0,0,0,0,0,0.,0.,0.,0.,0.000171875625428167,            1165P   3015
0.000171875625428167,0.000193360078606688,0.000193360078606688,     1165P   3016
0.000204102305195949,0.000204102305195949,0.000206787861843264,     1165P   3017
0.000206787861843264,0.000209473418490579,0.000209473418490579,     1165P   3018
0.000212158975137894,0.000212158975137894,0.000214844531785209,     1165P   3019
0.000214844531785209,0.000257813438142251,0.000257813438142251,     1165P   3020
0.000343751250856335,0.000343751250856335,0.00068750250171267,      1165P   3021
0.00068750250171267,0.00137500500342534,0.00137500500342534,        1165P   3022
0.00275001000685068,0.00275001000685068,0.00550002001370136,        1165P   3023
0.00550002001370136,0.00825003002055204,0.00825003002055204,        1165P   3024
0.00962503502397738,0.00962503502397738,0.01031253752569,           1165P   3025
0.01031253752569,0.0106562887765464,0.0106562887765464,             1165P   3026
0.0107422265892605,0.0107422265892605,0.0107851954956175,           1165P   3027
0.0107851954956175,0.0107878810522648,0.0107878810522648,           1165P   3028
0.0107905666089121,0.0107905666089121,0.0107932521655595,           1165P   3029
0.0107932521655595,0.0107959377222068,0.0107959377222068,           1165P   3030
0.010806679948796,0.010806679948796,0.0108281644019745,             1165P   3031
0.0108281644019745,0.0110000400274027,0.0110000400274027,           1165P   3032
0.0110000400274027,0.0110000400274027,0.,0.,0.,1.,1.,1.,1.,1.,      1165P   3033
1.,1.,1.,1.,1.,1.,1.,1.,1.,1.,1.,1.,1.,1.,1.,1.,1.,1.,1.,1.,1.,     1165P   3034
1.,1.,1.,1.,1.,1.,1.,1.,1.,1.,1.,1.,1.,1.,1.,1.,1.,1.,1.,1.,1.,     1165P   3035
1.,1.,1.,1.,1.,1.,1.,1.,1.,1.,0.998965329489085,                    1165P   3036
0.998950802569497,0.998935044994027,0.998915685968397,              1165P   3037
0.998913512247926,0.998910216846078,0.998909112575811,              1165P   3038
0.99890772490353,0.998907447002519,0.998906890464827,               1165P   3039
0.998906489225691,0.998906176420667,0.998906285892481,              1165P   3040
0.998906265465112,0.99890625525333,0.998906081685417,               1165P   3041
0.998905918814827,0.99890543167568,0.998905108879736,               1165P   3042
0.998903504854488,0.998902253489064,0.998898600207515,              1165P   3043
0.998896299126609,0.998889840716588,0.998886128978556,              1165P   3044
0.998877088858187,0.99887389929456,0.99887389929456,                1165P   3045
0.998877088775486,0.998886128945514,0.998889840715257,              1165P   3046
0.998896299163738,0.998898600255942,0.998902253548192,              1165P   3047
0.998903504916136,0.998905108942841,0.99890543173899,               1165P   3048
0.998905918878312,0.998906081748938,0.998906255316864,              1165P   3049
0.998906265528646,0.998906285956017,0.998906177408274,              1165P   3050
0.998906491708093,0.998906892196835,0.998907448731251,              1165P   3051
0.99890772663053,0.998909114293694,0.99891021855519,                1165P   3052
0.998913513926432,0.998915687620776,0.998935046363002,              1165P   3053
0.99895080334605,0.99896532948904,1.,1.,1.,1.,1.,1.,1.,1.,1.,       1165P   3054
1.,1.,1.,1.,1.,1.,1.,1.,1.,1.,1.,1.,1.,1.,1.,1.,1.,1.,1.,1.,1.,     1165P   3055
1.,1.,1.,1.,1.,1.,1.,1.,1.,1.,1.,1.,1.,1.,1.,1.,1.,1.,1.,1.,1.,     1165P   3056
1.,1.,1.,-11.565147105,3.45863459,5.434385764,-11.561688996,        1165P   3057
3.458054203,5.394059981,-11.556582835,3.457424476,5.353976264,      1165P   3058
-11.548961549,3.456650953,5.309284079,-11.548088646,                1165P   3059
3.456564099,5.30432387,-11.546740055,3.456432426,5.296892289,       1165P   3060
-11.546283986,3.456388304,5.294416551,-11.545705716,                1165P   3061
3.456332857,5.291323734,-11.545589652,3.456321754,5.290705263,      1165P   3062
-11.545356707,3.456299516,5.289468508,-11.545187264,                1165P   3063
3.456283481,5.288976384,-11.545057803,3.456270989,5.287487684,      1165P   3064
-11.545106863,3.45627536,5.286469525,-11.545102545,3.456274544,     1165P   3065
5.284679739,-11.545100386,3.456274136,5.283784847,                  1165P   3066
-11.545063694,3.456267201,5.268571671,-11.545029265,                1165P   3067
3.456260693,5.254253402,-11.544926293,3.456241229,5.211298643,      1165P   3068
-11.544858068,3.456228331,5.182662196,-11.544519075,3.45616424,     1165P   3069
5.039480263,-11.544254715,3.45611424,4.924935673,-11.543483192,     1165P   3070
3.45596827,4.581304755,-11.542997586,3.455876328,4.352221281,       1165P   3071
-11.541635314,3.455618277,3.664981947,-11.54085333,3.455469973,     1165P   3072
3.206837248,-11.538949145,3.455108772,1.832442643,                  1165P   3073
-11.538278988,3.454981335,0.916217163,-11.53827898,3.454981333,     1165P   3074
-0.916217954,-11.538949129,3.455108769,-1.83244543,                 1165P   3075
-11.540853325,3.455469972,-3.206841561,-11.541635315,               1165P   3076
3.455618277,-3.664986657,-11.542997595,3.45587633,-4.352226438,     1165P   3077
-11.543483203,3.455968272,-4.581310037,-11.544254729,               1165P   3078
3.456114243,-4.924941108,-11.544519088,3.456164243,                 1165P   3079
-5.039485743,-11.544858081,3.456228333,-5.182667727,                1165P   3080
-11.544926307,3.456241231,-5.211304183,-11.545029278,               1165P   3081
3.456260695,-5.254258957,-11.545063707,3.456267203,                 1165P   3082
-5.268577229,-11.5451004,3.456274138,-5.28379041,-11.545102558,     1165P   3083
3.456274546,-5.284685303,-11.545106877,3.456275362,                 1165P   3084
-5.286475089,-11.545058213,3.456271028,-5.287492298,                1165P   3085
-11.545188313,3.45628358,-5.288979458,-11.545357433,                1165P   3086
3.456299586,-5.289472354,-11.545590375,3.456321823,                 1165P   3087
-5.290709109,-11.545706436,3.456332926,-5.291327579,                1165P   3088
-11.546284698,3.456388372,-5.294420395,-11.546740759,               1165P   3089
3.456432495,-5.296896129,-11.548089324,3.456564166,                 1165P   3090
-5.304327685,-11.548962208,3.456651019,-5.309287865,                1165P   3091
-11.556583305,3.457424531,-5.353979658,-11.561689181,               1165P   3092
3.458054234,-5.394062142,-11.565147105,3.45863459,-5.434385764,     1165P   3093
-12.01733375,3.5,5.467124888,-12.017657229,3.5,5.418337437,         1165P   3094
-12.016326482,3.5,5.369670226,-12.012970453,3.5,5.315120596,        1165P   3095
-12.012571707,3.5,5.309062215,-12.011934785,3.5,5.299979,           1165P   3096
-12.011716011,3.5,5.296951983,-12.011434455,3.5,5.293169138,        1165P   3097
-12.011377739,3.5,5.292412615,-12.011263499,3.5,5.290899661,        1165P   3098
-12.011179491,3.5,5.290206448,-12.011116601,3.5,5.288567245,        1165P   3099
-12.011142337,3.5,5.28761044,-12.01114234,3.5,5.285820365,          1165P   3100
-12.011142342,3.5,5.284925327,-12.01114237,3.5,5.269709687,         1165P   3101
-12.011142395,3.5,5.255389095,-12.011142461,3.5,5.212427332,        1165P   3102
-12.011142496,3.5,5.183786191,-12.011142627,3.5,5.040580494,        1165P   3103
-12.011142589,3.5,4.926016525,-12.011142101,3.5,4.582325575,        1165P   3104
-12.011141276,3.5,4.353200486,-12.011137747,3.5,3.665828973,        1165P   3105
-12.011133989,3.5,3.207590152,-12.011122132,3.5,1.832886964,        1165P   3106
-12.011115598,3.5,0.916444508,-12.011115598,3.5,-0.916445294,       1165P   3107
-12.011122133,3.5,-1.832889749,-12.011133991,3.5,-3.20759447,       1165P   3108
-12.011137749,3.5,-3.665833688,-12.011141278,3.5,-4.353205648,      1165P   3109
-12.011142102,3.5,-4.582330861,-12.011142589,3.5,-4.926021963,      1165P   3110
-12.011142627,3.5,-5.040585977,-12.011142496,3.5,-5.183791723,      1165P   3111
-12.011142461,3.5,-5.212432873,-12.011142395,3.5,-5.25539465,       1165P   3112
-12.011142371,3.5,-5.269715247,-12.011142342,3.5,-5.284930892,      1165P   3113
-12.01114234,3.5,-5.28582593,-12.011142337,3.5,-5.287616005,        1165P   3114
-12.011116801,3.5,-5.288572334,-12.011180011,3.5,-5.290210766,      1165P   3115
-12.011263856,3.5,-5.290904365,-12.011378093,3.5,-5.292417319,      1165P   3116
-12.011434807,3.5,-5.293173842,-12.011716354,3.5,-5.296956683,      1165P   3117
-12.011935121,3.5,-5.299983694,-12.01257202,3.5,-5.309066876,       1165P   3118
-12.01297075,3.5,-5.315125218,-12.016326631,3.5,-5.369674352,       1165P   3119
-12.017657212,3.5,-5.418340051,-12.01733375,3.5,-5.467124888,       1165P   3120
-12.471398652,3.5,5.5,-12.475545895,3.5,5.442719052,                1165P   3121
-12.478035719,3.5,5.385433574,-12.478999546,3.5,5.320982559,        1165P   3122
-12.479081091,3.5,5.313821267,-12.479165124,3.5,5.303079227,        1165P   3123
-12.479186754,3.5,5.29949853,-12.479205818,3.5,5.295022637,         1165P   3124
-12.479209232,3.5,5.294127457,-12.479215263,3.5,5.292337096,        1165P   3125
-12.479217818,3.5,5.291441914,-12.479222378,3.5,5.289651549,        1165P   3126
-12.479224483,3.5,5.288756365,-12.479228866,3.5,5.286966,           1165P   3127
-12.479231057,3.5,5.286070817,-12.479268293,3.5,5.270852708,        1165P   3128
-12.479303228,3.5,5.256529781,-12.4794077,3.5,5.213561,             1165P   3129
-12.479476902,3.5,5.184915146,-12.479820663,3.5,5.041685865,        1165P   3130
-12.480088465,3.5,4.927102421,-12.480869295,3.5,4.58335203,         1165P   3131
-12.481359739,3.5,4.354185021,-12.482733186,3.5,3.666683735,        1165P   3132
-12.483518168,3.5,3.208349196,-12.485424289,3.5,1.833344377,        1165P   3133
-12.486090481,3.5,0.916672882,-12.486090491,3.5,-0.916673663,       1165P   3134
-12.485424307,3.5,-1.833347161,-12.483518177,3.5,-3.208353519,      1165P   3135
-12.482733188,3.5,-3.666688456,-12.481359733,3.5,-4.354190188,      1165P   3136
-12.480869286,3.5,-4.58335732,-12.480088453,3.5,-4.927107862,       1165P   3137
-12.47982065,3.5,-5.04169135,-12.479476889,3.5,-5.184920679,        1165P   3138
-12.479407686,3.5,-5.213566543,-12.479303215,3.5,-5.256535337,      1165P   3139
-12.479268279,3.5,-5.270858268,-12.479231043,3.5,-5.286076382,      1165P   3140
-12.479228852,3.5,-5.286971565,-12.47922447,3.5,-5.288761932,       1165P   3141
-12.479222365,3.5,-5.289657115,-12.479217804,3.5,-5.291447481,      1165P   3142
-12.479215246,3.5,-5.292342663,-12.479209212,3.5,-5.294133023,      1165P   3143
-12.479205796,3.5,-5.295028202,-12.479186724,3.5,-5.29950409,       1165P   3144
-12.479165087,3.5,-5.303084778,-12.479081035,3.5,-5.313826778,      1165P   3145
-12.478999477,3.5,-5.320988022,-12.478035543,3.5,-5.385438435,      1165P   3146
-12.475545673,3.5,-5.44272212,-12.471398652,3.5,-5.5,0.,            1165P   3147
0.0110000400274027,0.,1.;                                           1165P   3148
126,1,1,1,0,1,0,0.,0.,1.,1.,1.,1.,0.01100004,0.,0.,0.01100004,      1167P   3149
1.,0.,0.,1.,0.,0.,1.;                                               1167P   3150
124,0.0906251547027827,-0.993263508519194,-0.0722127688102199,      1169P   3151
-18.1945592539366,0.995863459042293,0.0908623736445383,0.,          1169P   3152
6.51041562968553,0.00656142358154086,-0.0719140577343669,           1169P   3153
0.997389250002606,-0.399970371047314;                               1169P   3154
100,-5.5,-12.471398652,-6.5,-2.471398652,-6.5,-2.512764062,         1171P   3155
-5.591376264;                                                       1171P   3156
126,1,1,1,0,1,0,0.,0.,1.,1.,1.,1.,0.01100004,1.,0.,0.,1.,0.,0.,     1173P   3157
1.,0.,0.,1.;                                                        1173P   3158
126,13,3,1,0,1,0,0.,0.,0.,0.,0.125,0.125,0.25,0.25,0.5,0.5,         1175P   3159
0.75,0.75,0.875,0.875,1.,1.,1.,1.,1.,1.,1.,1.,1.,1.,1.,1.,1.,       1175P   3160
1.,1.,1.,1.,1.,-12.471398652,3.5,-5.5,-12.504574851,3.5,            1175P   3161
-5.041776556,-12.480901914,3.5,-4.583357432,-12.482733188,3.5,      1175P   3162
-3.666688456,-12.483518177,3.5,-3.208353519,-12.485424307,3.5,      1175P   3163
-1.833347161,-12.486090491,3.5,-0.916673663,-12.486090481,3.5,      1175P   3164
0.916672882,-12.485424289,3.5,1.833344377,-12.483518168,3.5,        1175P   3165
3.208349196,-12.482733186,3.5,3.666683735,-12.480901923,3.5,        1175P   3166
4.583352117,-12.504576628,3.5,5.041752007,-12.471398652,3.5,        1175P   3167
5.5,0.,1.,0.,-1.,0.;                                                1175P   3168
126,1,1,1,0,1,0,0.,0.,1.,1.,1.,1.,0.,1.,0.,0.,0.,0.,0.,1.,0.,       1177P   3169
0.,1.;                                                              1177P   3170
124,-6.1072477625722E-17,0.997389249998334,-0.072212768869226,      1179P   3171
-5.59119829851473,1.,6.12323399573677E-17,0.,5.97139865230849,      1179P   3172
4.42175681266326E-18,-0.072212768869226,-0.997389249998334,         1179P   3173
10.5162578780004;                                                   1179P   3174
100,5.5,-12.471398652,-6.5,-2.471398652,-6.5,-2.512764062,          1181P   3175
-5.591376264;                                                       1181P   3176
126,1,1,1,0,1,0,0.,0.,1.,1.,1.,1.,0.,0.,0.,0.000209546,0.,0.,       1183P   3177
0.,1.,0.,0.,1.;                                                     1183P   3178
126,6,3,1,0,1,0,0.,0.,0.,0.,0.000147540007209322,                   1185P   3179
0.000147540007209322,0.000147540007209322,0.00014760000720928,      1185P   3180
0.00014760000720928,0.00014760000720928,0.00014760000720928,1.,     1185P   3181
1.,1.,1.,1.,1.,1.,-11.565147105,3.45863459,5.434385764,             1185P   3182
-11.560945562,3.45792943,5.385390638,-11.55428833,3.457148397,      1185P   3183
5.336540435,-11.545122154,3.456277199,5.288230033,                  1185P   3184
-11.545118426,3.456276845,5.288210387,-11.545114698,3.45627649,     1185P   3185
5.288190741,-11.54511097,3.456276136,5.288171094,0.,                1185P   3186
0.00014760000720928,0.,0.,0.;                                       1185P   3187
126,1,1,1,0,1,0,0.,0.,1.,1.,1.,1.,0.000209546,0.,0.,                1187P   3188
0.005500019,0.,0.,0.,1.,0.,0.,1.;                                   1187P   3189
126,9,3,1,0,1,0,-5.89659082678978E-08,-5.89659082678978E-08,        1189P   3190
-5.89659082678978E-08,-5.89659082678978E-08,0.,0.,0.,               1189P   3191
0.00528705352011805,0.00528705352011805,0.00528705352011805,        1189P   3192
0.0052881160569735,0.0052881160569735,0.0052881160569735,           1189P   3193
0.0052881160569735,1.,1.,1.,1.,1.,1.,1.,1.,1.,1.,-11.54511097,      1189P   3194
3.456276136,5.288171094,-11.545110915,3.456275712,5.288151444,      1189P   3195
-11.545110875,3.456276118,5.288131784,-11.545110828,                1189P   3196
3.456276109,5.288112129,-11.540857139,3.455472139,3.525766272,      1189P   3197
-11.53827998,3.454981523,1.763414355,-11.538278984,3.454981334,     1189P   3198
0.001063181,-11.538278984,3.454981334,0.000709002,                  1189P   3199
-11.538278984,3.454981334,0.000354823,-11.538278984,                1189P   3200
3.454981334,6.43E-07,-5.89659082678978E-08,0.0052881160569735,      1189P   3201
0.,0.,0.;                                                           1189P   3202
126,1,1,1,0,1,0,0.,0.,1.,1.,1.,1.,0.005500019,0.,0.,                1191P   3203
0.010790489,0.,0.,0.,1.,0.,0.,1.;                                   1191P   3204
126,9,3,1,0,1,0,0.0052881160569735,0.0052881160569735,              1193P   3205
0.0052881160569735,0.0052881160569735,0.00666164611259865,          1193P   3206
0.00666164611259865,0.00666164611259865,0.0105762304045666,         1193P   3207
0.0105762304045666,0.0105762304045666,0.0105762904045666,           1193P   3208
0.0105762904045666,0.0105762904045666,0.0105762904045666,1.,1.,     1193P   3209
1.,1.,1.,1.,1.,1.,1.,1.,-11.538278984,3.454981334,6.43E-07,         1193P   3210
-11.538278982,3.454981333,-0.457843074,-11.538445138,               1193P   3211
3.45501291,-0.91568682,-11.538770939,3.455074794,-1.373530416,      1193P   3212
-11.539699478,3.455251163,-2.678392073,-11.54196136,                1193P   3213
3.455680842,-3.983253032,-11.545110825,3.456276109,                 1193P   3214
-5.288111095,-11.545110873,3.456276118,-5.288131095,                1193P   3215
-11.545110922,3.456276127,-5.288151094,-11.54511097,                1193P   3216
3.456276136,-5.288171094,0.0052881160569735,0.0105762904045666,     1193P   3217
0.,0.,0.;                                                           1193P   3218
126,1,1,1,0,1,0,0.,0.,1.,1.,1.,1.,0.010790489,0.,0.,0.01100004,     1195P   3219
0.,0.,0.,1.,0.,0.,1.;                                               1195P   3220
126,6,3,1,0,1,0,-5.89663700918232E-08,-5.89663700918232E-08,        1197P   3221
-5.89663700918232E-08,-5.89663700918232E-08,0.,0.,0.,               1197P   3222
0.000147541039351316,0.000147541039351316,0.000147541039351316,     1197P   3223
0.000147541039351316,1.,1.,1.,1.,1.,1.,1.,-11.54511097,             1197P   3224
3.456276136,-5.288171094,-11.545114631,3.456276111,                 1197P   3225
-5.288190406,-11.545118298,3.456276833,-5.28820971,                 1197P   3226
-11.545121961,3.456277181,-5.288229018,-11.554288236,               1197P   3227
3.457148386,-5.33653975,-11.560945532,3.457929425,-5.385390295,     1197P   3228
-11.565147105,3.45863459,-5.434385764,-5.89663700918232E-08,        1197P   3229
0.000147541039351316,0.,0.,0.;                                      1197P   3230
102,7,1167,1173,1177,1183,1187,1191,1195;                           1199P   3231
102,7,1171,1175,1181,1185,1189,1193,1197;                           1201P   3232
142,1,1165,1199,1201,1;                                             1203P   3233
144,1165,1,0,1203;                                                  1205P   3234
128,1,1,1,1,0,0,1,0,0,0.,0.,1.,1.,0.,0.,1.,1.,1.,1.,1.,1.,          1207P   3235
10.75,0.2,-7.,-10.75,0.2,-7.,10.75,1.5,-7.,-10.75,1.5,-7.,0.,       1207P   3236
1.,0.,1.;                                                           1207P   3237
126,1,1,1,0,1,0,0.,0.,1.,1.,1.,1.,1.,1.,0.,0.,1.,0.,0.,1.,0.,       1209P   3238
0.,1.;                                                              1209P   3239
110,-10.75,1.5,-7.,10.75,1.5,-7.;                                   1211P   3240
126,1,1,1,0,1,0,0.,0.,1.,1.,1.,1.,0.,1.,0.,0.,0.,0.,0.,1.,0.,       1213P   3241
0.,1.;                                                              1213P   3242
110,10.75,1.5,-7.,10.75,0.2,-7.;                                    1215P   3243
126,1,1,1,0,1,0,0.,0.,1.,1.,1.,1.,0.,0.,0.,1.,0.,0.,0.,1.,0.,       1217P   3244
0.,1.;                                                              1217P   3245
110,10.75,0.2,-7.,-10.75,0.2,-7.;                                   1219P   3246
126,1,1,1,0,1,0,0.,0.,1.,1.,1.,1.,1.,0.,0.,1.,1.,0.,0.,1.,0.,       1221P   3247
0.,1.;                                                              1221P   3248
110,-10.75,0.2,-7.,-10.75,1.5,-7.;                                  1223P   3249
102,4,1209,1213,1217,1221;                                          1225P   3250
102,4,1211,1215,1219,1223;                                          1227P   3251
142,1,1207,1225,1227,1;                                             1229P   3252
144,1207,1,0,1229;                                                  1231P   3253
110,10.75,30.425824036,-6.25,10.75,-969.574175964,-6.25;            1233P   3254
110,10.75,1.5,-7.,10.75,0.2,-7.;                                    1235P   3255
120,1233,1235,0.,6.28318530717959;                                  1237P   3256
126,1,1,1,0,1,0,0.,0.,1.,1.,1.,1.,0.,0.,0.,0.,1.570796327,0.,       1239P   3257
0.,1.,0.,0.,1.;                                                     1239P   3258
124,1.40271576953299E-14,1.,0.,9.24999999999984,                    1241P   3259
-6.12323399573677E-17,8.58915688636046E-31,-1.,-4.75,-1.,           1241P   3260
1.40271576953299E-14,6.12323399573677E-17,4.49999999999997;         1241P   3261
100,-6.25,10.75,1.5,11.5,1.5,10.75,2.25;                            1243P   3262
126,1,1,1,0,1,0,0.,0.,1.,1.,1.,1.,0.,1.570796327,0.,1.,             1245P   3263
1.570796327,0.,0.,1.,0.,0.,1.;                                      1245P   3264
110,11.5,1.5,-6.25,11.5,0.2,-6.25;                                  1247P   3265
126,1,1,1,0,1,0,0.,0.,1.,1.,1.,1.,1.,1.570796327,0.,1.,0.,0.,       1249P   3266
0.,1.,0.,0.,1.;                                                     1249P   3267
124,1.,0.,0.,0.,0.,6.12323399573677E-17,1.,6.44999999999999,0.,     1251P   3268
-1.,6.12323399573677E-17,-6.05;                                     1251P   3269
100,-6.25,10.75,0.2,11.5,0.2,10.75,0.95;                            1253P   3270
126,1,1,1,0,1,0,0.,0.,1.,1.,1.,1.,1.,0.,0.,0.,0.,0.,0.,1.,0.,       1255P   3271
0.,1.;                                                              1255P   3272
110,10.75,0.2,-7.,10.75,1.5,-7.;                                    1257P   3273
102,4,1239,1245,1249,1255;                                          1259P   3274
102,4,1243,1247,1253,1257;                                          1261P   3275
142,1,1237,1259,1261,1;                                             1263P   3276
144,1237,1,0,1263;                                                  1265P   3277
128,1,1,1,1,0,0,1,0,0,0.,0.,1.,1.,0.,0.,1.,1.,1.,1.,1.,1.,11.5,     1267P   3278
0.2,6.25,11.5,0.2,-6.25,11.5,1.5,6.25,11.5,1.5,-6.25,0.,1.,0.,      1267P   3279
1.;                                                                 1267P   3280
126,1,1,1,0,1,0,0.,0.,1.,1.,1.,1.,1.,1.,0.,0.,1.,0.,0.,1.,0.,       1269P   3281
0.,1.;                                                              1269P   3282
110,11.5,1.5,-6.25,11.5,1.5,6.25;                                   1271P   3283
126,1,1,1,0,1,0,0.,0.,1.,1.,1.,1.,0.,1.,0.,0.,0.,0.,0.,1.,0.,       1273P   3284
0.,1.;                                                              1273P   3285
110,11.5,1.5,6.25,11.5,0.2,6.25;                                    1275P   3286
126,1,1,1,0,1,0,0.,0.,1.,1.,1.,1.,0.,0.,0.,1.,0.,0.,0.,1.,0.,       1277P   3287
0.,1.;                                                              1277P   3288
110,11.5,0.2,6.25,11.5,0.2,-6.25;                                   1279P   3289
126,1,1,1,0,1,0,0.,0.,1.,1.,1.,1.,1.,0.,0.,1.,1.,0.,0.,1.,0.,       1281P   3290
0.,1.;                                                              1281P   3291
110,11.5,0.2,-6.25,11.5,1.5,-6.25;                                  1283P   3292
102,4,1269,1273,1277,1281;                                          1285P   3293
102,4,1271,1275,1279,1283;                                          1287P   3294
142,1,1267,1285,1287,1;                                             1289P   3295
144,1267,1,0,1289;                                                  1291P   3296
110,10.75,30.425824036,6.25,10.75,-969.574175964,6.25;              1293P   3297
110,10.75,1.5,5.5,10.75,0.2,5.5;                                    1295P   3298
120,1293,1295,0.,6.28318530717959;                                  1297P   3299
126,1,1,1,0,1,0,0.,0.,1.,1.,1.,1.,0.,1.570796327,0.,0.,             1299P   3300
3.141592654,0.,0.,1.,0.,0.,1.;                                      1299P   3301
124,1.,0.,0.,0.,0.,6.12323399573677E-17,-1.,7.75000000000001,       1301P   3302
0.,1.,6.12323399573677E-17,4.75;                                    1301P   3303
100,6.25,10.75,1.5,11.5,1.5,10.75,2.25;                             1303P   3304
126,1,1,1,0,1,0,0.,0.,1.,1.,1.,1.,0.,3.141592654,0.,1.,             1305P   3305
3.141592654,0.,0.,1.,0.,0.,1.;                                      1305P   3306
110,10.75,1.5,7.,10.75,0.2,7.;                                      1307P   3307
126,1,1,1,0,1,0,0.,0.,1.,1.,1.,1.,1.,3.141592654,0.,1.,             1309P   3308
1.570796327,0.,0.,1.,0.,0.,1.;                                      1309P   3309
124,1.40271576953299E-14,1.,0.,10.5499999999998,                    1311P   3310
-6.12323399573677E-17,8.58915688636046E-31,1.,                      1311P   3311
-6.05000000000001,1.,-1.40271576953299E-14,                         1311P   3312
6.12323399573677E-17,-4.49999999999999;                             1311P   3313
100,6.25,10.75,0.2,11.5,0.2,10.75,0.95;                             1313P   3314
126,1,1,1,0,1,0,0.,0.,1.,1.,1.,1.,1.,1.570796327,0.,0.,             1315P   3315
1.570796327,0.,0.,1.,0.,0.,1.;                                      1315P   3316
110,11.5,0.2,6.25,11.5,1.5,6.25;                                    1317P   3317
102,4,1299,1305,1309,1315;                                          1319P   3318
102,4,1303,1307,1313,1317;                                          1321P   3319
142,1,1297,1319,1321,1;                                             1323P   3320
144,1297,1,0,1323;                                                  1325P   3321
128,1,1,1,1,0,0,1,0,0,0.,0.,1.,1.,0.,0.,1.,1.,1.,1.,1.,1.,          1327P   3322
-10.75,0.2,7.,10.75,0.2,7.,-10.75,1.5,7.,10.75,1.5,7.,0.,1.,0.,     1327P   3323
1.;                                                                 1327P   3324
126,1,1,1,0,1,0,0.,0.,1.,1.,1.,1.,1.,1.,0.,0.,1.,0.,0.,1.,0.,       1329P   3325
0.,1.;                                                              1329P   3326
110,10.75,1.5,7.,-10.75,1.5,7.;                                     1331P   3327
126,1,1,1,0,1,0,0.,0.,1.,1.,1.,1.,0.,1.,0.,0.,0.,0.,0.,1.,0.,       1333P   3328
0.,1.;                                                              1333P   3329
110,-10.75,1.5,7.,-10.75,0.2,7.;                                    1335P   3330
126,1,1,1,0,1,0,0.,0.,1.,1.,1.,1.,0.,0.,0.,1.,0.,0.,0.,1.,0.,       1337P   3331
0.,1.;                                                              1337P   3332
110,-10.75,0.2,7.,10.75,0.2,7.;                                     1339P   3333
126,1,1,1,0,1,0,0.,0.,1.,1.,1.,1.,1.,0.,0.,1.,1.,0.,0.,1.,0.,       1341P   3334
0.,1.;                                                              1341P   3335
110,10.75,0.2,7.,10.75,1.5,7.;                                      1343P   3336
102,4,1329,1333,1337,1341;                                          1345P   3337
102,4,1331,1335,1339,1343;                                          1347P   3338
142,1,1327,1345,1347,1;                                             1349P   3339
144,1327,1,0,1349;                                                  1351P   3340
110,-10.75,30.425824036,6.25,-10.75,-969.574175964,6.25;            1353P   3341
110,-10.75,1.5,5.5,-10.75,0.2,5.5;                                  1355P   3342
120,1353,1355,0.,6.28318530717959;                                  1357P   3343
126,1,1,1,0,1,0,0.,0.,1.,1.,1.,1.,0.,3.141592654,0.,0.,             1359P   3344
4.71238898,0.,0.,1.,0.,0.,1.;                                       1359P   3345
124,6.12323399573677E-17,-1.,0.,-9.25,6.12323399573677E-17,         1361P   3346
3.74939945665464E-33,-1.,7.75000000000001,1.,                       1361P   3347
6.12323399573677E-17,6.12323399573677E-17,17.;                      1361P   3348
100,6.25,-10.75,1.5,-10.,1.5,-10.75,2.25;                           1363P   3349
126,1,1,1,0,1,0,0.,0.,1.,1.,1.,1.,0.,4.71238898,0.,1.,              1365P   3350
4.71238898,0.,0.,1.,0.,0.,1.;                                       1365P   3351
110,-11.5,1.5,6.25,-11.5,0.2,6.25;                                  1367P   3352
126,1,1,1,0,1,0,0.,0.,1.,1.,1.,1.,1.,4.71238898,0.,1.,              1369P   3353
3.141592654,0.,0.,1.,0.,0.,1.;                                      1369P   3354
124,-1.,6.98296267768627E-15,0.,-21.5,-4.27583144589696E-31,        1371P   3355
-6.12323399573677E-17,1.,-6.05000000000001,                         1371P   3356
6.98296267768627E-15,1.,6.12323399573677E-17,6.05000000000008;      1371P   3357
100,6.25,-10.75,0.2,-10.,0.2,-10.75,0.95;                           1373P   3358
126,1,1,1,0,1,0,0.,0.,1.,1.,1.,1.,1.,3.141592654,0.,0.,             1375P   3359
3.141592654,0.,0.,1.,0.,0.,1.;                                      1375P   3360
110,-10.75,0.2,7.,-10.75,1.5,7.;                                    1377P   3361
102,4,1359,1365,1369,1375;                                          1379P   3362
102,4,1363,1367,1373,1377;                                          1381P   3363
142,1,1357,1379,1381,1;                                             1383P   3364
144,1357,1,0,1383;                                                  1385P   3365
128,1,1,1,1,0,0,1,0,0,0.,0.,1.,1.,0.,0.,1.,1.,1.,1.,1.,1.,          1387P   3366
-11.5,0.2,-6.25,-11.5,0.2,6.25,-11.5,1.5,-6.25,-11.5,1.5,6.25,      1387P   3367
0.,1.,0.,1.;                                                        1387P   3368
126,1,1,1,0,1,0,0.,0.,1.,1.,1.,1.,1.,1.,0.,0.,1.,0.,0.,1.,0.,       1389P   3369
0.,1.;                                                              1389P   3370
110,-11.5,1.5,6.25,-11.5,1.5,-6.25;                                 1391P   3371
126,1,1,1,0,1,0,0.,0.,1.,1.,1.,1.,0.,1.,0.,0.,0.,0.,0.,1.,0.,       1393P   3372
0.,1.;                                                              1393P   3373
110,-11.5,1.5,-6.25,-11.5,0.2,-6.25;                                1395P   3374
126,1,1,1,0,1,0,0.,0.,1.,1.,1.,1.,0.,0.,0.,1.,0.,0.,0.,1.,0.,       1397P   3375
0.,1.;                                                              1397P   3376
110,-11.5,0.2,-6.25,-11.5,0.2,6.25;                                 1399P   3377
126,1,1,1,0,1,0,0.,0.,1.,1.,1.,1.,1.,0.,0.,1.,1.,0.,0.,1.,0.,       1401P   3378
0.,1.;                                                              1401P   3379
110,-11.5,0.2,6.25,-11.5,1.5,6.25;                                  1403P   3380
102,4,1389,1393,1397,1401;                                          1405P   3381
102,4,1391,1395,1399,1403;                                          1407P   3382
142,1,1387,1405,1407,1;                                             1409P   3383
144,1387,1,0,1409;                                                  1411P   3384
110,-10.75,30.425824036,-6.25,-10.75,-969.574175964,-6.25;          1413P   3385
110,-10.75,1.5,-7.,-10.75,0.2,-7.;                                  1415P   3386
120,1413,1415,0.,6.28318530717959;                                  1417P   3387
126,1,1,1,0,1,0,0.,0.,1.,1.,1.,1.,0.,4.71238898,0.,0.,              1419P   3388
6.283185307,0.,0.,1.,0.,0.,1.;                                      1419P   3389
124,-1.,6.98296267768627E-15,0.,-21.5,-4.27583144589696E-31,        1421P   3390
-6.12323399573677E-17,-1.,-4.75,-6.98296267768627E-15,-1.,          1421P   3391
6.12323399573677E-17,-4.75000000000007;                             1421P   3392
100,-6.25,-10.75,1.5,-10.,1.5,-10.75,2.25;                          1423P   3393
126,1,1,1,0,1,0,0.,0.,1.,1.,1.,1.,0.,6.283185307,0.,1.,             1425P   3394
6.283185307,0.,0.,1.,0.,0.,1.;                                      1425P   3395
110,-10.75,1.5,-7.,-10.75,0.2,-7.;                                  1427P   3396
126,1,1,1,0,1,0,0.,0.,1.,1.,1.,1.,1.,6.283185307,0.,1.,             1429P   3397
4.71238898,0.,0.,1.,0.,0.,1.;                                       1429P   3398
124,6.12323399573677E-17,-1.,0.,-10.55,6.12323399573677E-17,        1431P   3399
3.74939945665464E-33,1.,6.44999999999999,-1.,                       1431P   3400
-6.12323399573677E-17,6.12323399573677E-17,-17.;                    1431P   3401
100,-6.25,-10.75,0.2,-10.,0.2,-10.75,0.95;                          1433P   3402
126,1,1,1,0,1,0,0.,0.,1.,1.,1.,1.,1.,4.71238898,0.,0.,              1435P   3403
4.71238898,0.,0.,1.,0.,0.,1.;                                       1435P   3404
110,-11.5,0.2,-6.25,-11.5,1.5,-6.25;                                1437P   3405
102,4,1419,1425,1429,1435;                                          1439P   3406
102,4,1423,1427,1433,1437;                                          1441P   3407
142,1,1417,1439,1441,1;                                             1443P   3408
144,1417,1,0,1443;                                                  1445P   3409
128,1,1,1,1,0,0,1,0,0,0.,0.,1.,1.,0.,0.,1.,1.,1.,1.,1.,1.,          1447P   3410
10.75,0.2,7.,-10.75,0.2,7.,10.75,0.,7.2,-10.75,0.,7.2,0.,1.,0.,     1447P   3411
1.;                                                                 1447P   3412
126,1,1,1,0,1,0,0.,0.,1.,1.,1.,1.,0.,0.,0.,1.,0.,0.,0.,1.,0.,       1449P   3413
0.,1.;                                                              1449P   3414
110,10.75,0.2,7.,-10.75,0.2,7.;                                     1451P   3415
126,1,1,1,0,1,0,0.,0.,1.,1.,1.,1.,1.,0.,0.,1.,1.,0.,0.,1.,0.,       1453P   3416
0.,1.;                                                              1453P   3417
110,-10.75,0.2,7.,-10.75,0.,7.2;                                    1455P   3418
126,1,1,1,0,1,0,0.,0.,1.,1.,1.,1.,1.,1.,0.,0.,1.,0.,0.,1.,0.,       1457P   3419
0.,1.;                                                              1457P   3420
110,-10.75,0.,7.2,10.75,0.,7.2;                                     1459P   3421
126,1,1,1,0,1,0,0.,0.,1.,1.,1.,1.,0.,1.,0.,0.,0.,0.,0.,1.,0.,       1461P   3422
0.,1.;                                                              1461P   3423
110,10.75,0.,7.2,10.75,0.2,7.;                                      1463P   3424
102,4,1449,1453,1457,1461;                                          1465P   3425
102,4,1451,1455,1459,1463;                                          1467P   3426
142,1,1447,1465,1467,1;                                             1469P   3427
144,1447,1,0,1469;                                                  1471P   3428
110,-10.75,1000.2,6.25,-10.75,0.2,6.25;                             1473P   3429
110,-10.75,0.2,5.5,-10.75,0.,5.3;                                   1475P   3430
120,1473,1475,0.,6.28318530717959;                                  1477P   3431
126,1,1,1,0,1,0,0.,0.,1.,1.,1.,1.,0.,3.141592654,0.,0.,             1479P   3432
4.71238898,0.,0.,1.,0.,0.,1.;                                       1479P   3433
124,6.12323399573677E-17,-1.,0.,-10.55,6.12323399573677E-17,        1481P   3434
3.74939945665464E-33,-1.,6.45,1.,6.12323399573677E-17,              1481P   3435
6.12323399573677E-17,17.;                                           1481P   3436
100,6.25,-10.75,0.2,-10.,0.2,-10.75,0.95;                           1483P   3437
126,1,1,1,0,1,0,0.,0.,1.,1.,1.,1.,0.,4.71238898,0.,1.,              1485P   3438
4.71238898,0.,0.,1.,0.,0.,1.;                                       1485P   3439
110,-11.5,0.2,6.25,-11.7,0.,6.25;                                   1487P   3440
126,1,1,1,0,1,0,0.,0.,1.,1.,1.,1.,1.,4.71238898,0.,1.,              1489P   3441
3.141592654,0.,0.,1.,0.,0.,1.;                                      1489P   3442
124,-1.,6.98296267768627E-15,0.,-21.5,-4.27583144589696E-31,        1491P   3443
-6.12323399573677E-17,1.,-6.25,6.98296267768627E-15,1.,             1491P   3444
6.12323399573677E-17,6.25000000000008;                              1491P   3445
100,6.25,-10.75,0.,-9.8,0.,-10.75,0.95;                             1493P   3446
126,1,1,1,0,1,0,0.,0.,1.,1.,1.,1.,1.,3.141592654,0.,0.,             1495P   3447
3.141592654,0.,0.,1.,0.,0.,1.;                                      1495P   3448
110,-10.75,0.,7.2,-10.75,0.2,7.;                                    1497P   3449
102,4,1479,1485,1489,1495;                                          1499P   3450
102,4,1483,1487,1493,1497;                                          1501P   3451
142,1,1477,1499,1501,1;                                             1503P   3452
144,1477,1,0,1503;                                                  1505P   3453
110,10.75,1000.2,6.25,10.75,0.2,6.25;                               1507P   3454
110,10.75,0.2,5.5,10.75,0.,5.3;                                     1509P   3455
120,1507,1509,0.,6.28318530717959;                                  1511P   3456
126,1,1,1,0,1,0,0.,0.,1.,1.,1.,1.,1.,3.141592654,0.,1.,             1513P   3457
1.570796327,0.,0.,1.,0.,0.,1.;                                      1513P   3458
124,1.40271576953299E-14,1.,0.,10.7499999999998,                    1515P   3459
-6.12323399573677E-17,8.58915688636046E-31,1.,                      1515P   3460
-6.25000000000001,1.,-1.40271576953299E-14,                         1515P   3461
6.12323399573677E-17,-4.49999999999999;                             1515P   3462
100,6.25,10.75,0.,11.7,0.,10.75,0.95;                               1517P   3463
126,1,1,1,0,1,0,0.,0.,1.,1.,1.,1.,1.,1.570796327,0.,0.,             1519P   3464
1.570796327,0.,0.,1.,0.,0.,1.;                                      1519P   3465
110,11.7,0.,6.25,11.5,0.2,6.25;                                     1521P   3466
126,1,1,1,0,1,0,0.,0.,1.,1.,1.,1.,0.,1.570796327,0.,0.,             1523P   3467
3.141592654,0.,0.,1.,0.,0.,1.;                                      1523P   3468
124,1.,0.,0.,0.,0.,6.12323399573677E-17,-1.,6.45,0.,1.,             1525P   3469
6.12323399573677E-17,6.05000000000001;                              1525P   3470
100,6.25,10.75,0.2,11.5,0.2,10.75,0.95;                             1527P   3471
126,1,1,1,0,1,0,0.,0.,1.,1.,1.,1.,0.,3.141592654,0.,1.,             1529P   3472
3.141592654,0.,0.,1.,0.,0.,1.;                                      1529P   3473
110,10.75,0.2,7.,10.75,0.,7.2;                                      1531P   3474
102,4,1513,1519,1523,1529;                                          1533P   3475
102,4,1517,1521,1527,1531;                                          1535P   3476
142,1,1511,1533,1535,1;                                             1537P   3477
144,1511,1,0,1537;                                                  1539P   3478
128,1,1,1,1,0,0,1,0,0,0.,0.,1.,1.,0.,0.,1.,1.,1.,1.,1.,1.,          1541P   3479
-11.5,0.2,6.25,-11.5,0.2,-6.25,-11.7,0.,6.25,-11.7,0.,-6.25,0.,     1541P   3480
1.,0.,1.;                                                           1541P   3481
126,1,1,1,0,1,0,0.,0.,1.,1.,1.,1.,0.,0.,0.,1.,0.,0.,0.,1.,0.,       1543P   3482
0.,1.;                                                              1543P   3483
110,-11.5,0.2,6.25,-11.5,0.2,-6.25;                                 1545P   3484
126,1,1,1,0,1,0,0.,0.,1.,1.,1.,1.,1.,0.,0.,1.,1.,0.,0.,1.,0.,       1547P   3485
0.,1.;                                                              1547P   3486
110,-11.5,0.2,-6.25,-11.7,0.,-6.25;                                 1549P   3487
126,1,1,1,0,1,0,0.,0.,1.,1.,1.,1.,1.,1.,0.,0.,1.,0.,0.,1.,0.,       1551P   3488
0.,1.;                                                              1551P   3489
110,-11.7,0.,-6.25,-11.7,0.,6.25;                                   1553P   3490
126,1,1,1,0,1,0,0.,0.,1.,1.,1.,1.,0.,1.,0.,0.,0.,0.,0.,1.,0.,       1555P   3491
0.,1.;                                                              1555P   3492
110,-11.7,0.,6.25,-11.5,0.2,6.25;                                   1557P   3493
102,4,1543,1547,1551,1555;                                          1559P   3494
102,4,1545,1549,1553,1557;                                          1561P   3495
142,1,1541,1559,1561,1;                                             1563P   3496
144,1541,1,0,1563;                                                  1565P   3497
128,1,1,1,1,0,0,1,0,0,0.,0.,1.,1.,0.,0.,1.,1.,1.,1.,1.,1.,11.5,     1567P   3498
0.2,-6.25,11.5,0.2,6.25,11.7,0.,-6.25,11.7,0.,6.25,0.,1.,0.,1.;     1567P   3499
126,1,1,1,0,1,0,0.,0.,1.,1.,1.,1.,1.,1.,0.,0.,1.,0.,0.,1.,0.,       1569P   3500
0.,1.;                                                              1569P   3501
110,11.7,0.,6.25,11.7,0.,-6.25;                                     1571P   3502
126,1,1,1,0,1,0,0.,0.,1.,1.,1.,1.,0.,1.,0.,0.,0.,0.,0.,1.,0.,       1573P   3503
0.,1.;                                                              1573P   3504
110,11.7,0.,-6.25,11.5,0.2,-6.25;                                   1575P   3505
126,1,1,1,0,1,0,0.,0.,1.,1.,1.,1.,0.,0.,0.,1.,0.,0.,0.,1.,0.,       1577P   3506
0.,1.;                                                              1577P   3507
110,11.5,0.2,-6.25,11.5,0.2,6.25;                                   1579P   3508
126,1,1,1,0,1,0,0.,0.,1.,1.,1.,1.,1.,0.,0.,1.,1.,0.,0.,1.,0.,       1581P   3509
0.,1.;                                                              1581P   3510
110,11.5,0.2,6.25,11.7,0.,6.25;                                     1583P   3511
102,4,1569,1573,1577,1581;                                          1585P   3512
102,4,1571,1575,1579,1583;                                          1587P   3513
142,1,1567,1585,1587,1;                                             1589P   3514
144,1567,1,0,1589;                                                  1591P   3515
110,-10.75,1000.2,-6.25,-10.75,0.2,-6.25;                           1593P   3516
110,-10.75,0.2,-7.,-10.75,0.,-7.2;                                  1595P   3517
120,1593,1595,0.,6.28318530717959;                                  1597P   3518
126,1,1,1,0,1,0,0.,0.,1.,1.,1.,1.,0.,4.71238898,0.,0.,              1599P   3519
6.283185307,0.,0.,1.,0.,0.,1.;                                      1599P   3520
124,-1.,6.98296267768627E-15,0.,-21.5,-4.27583144589696E-31,        1601P   3521
-6.12323399573677E-17,-1.,-6.05,-6.98296267768627E-15,-1.,          1601P   3522
6.12323399573677E-17,-6.05000000000008;                             1601P   3523
100,-6.25,-10.75,0.2,-10.,0.2,-10.75,0.95;                          1603P   3524
126,1,1,1,0,1,0,0.,0.,1.,1.,1.,1.,0.,6.283185307,0.,1.,             1605P   3525
6.283185307,0.,0.,1.,0.,0.,1.;                                      1605P   3526
110,-10.75,0.2,-7.,-10.75,0.,-7.2;                                  1607P   3527
126,1,1,1,0,1,0,0.,0.,1.,1.,1.,1.,1.,6.283185307,0.,1.,             1609P   3528
4.71238898,0.,0.,1.,0.,0.,1.;                                       1609P   3529
124,6.12323399573677E-17,-1.,0.,-10.75,6.12323399573677E-17,        1611P   3530
3.74939945665464E-33,1.,6.25,-1.,-6.12323399573677E-17,             1611P   3531
6.12323399573677E-17,-17.;                                          1611P   3532
100,-6.25,-10.75,0.,-9.8,0.,-10.75,0.95;                            1613P   3533
126,1,1,1,0,1,0,0.,0.,1.,1.,1.,1.,1.,4.71238898,0.,0.,              1615P   3534
4.71238898,0.,0.,1.,0.,0.,1.;                                       1615P   3535
110,-11.7,0.,-6.25,-11.5,0.2,-6.25;                                 1617P   3536
102,4,1599,1605,1609,1615;                                          1619P   3537
102,4,1603,1607,1613,1617;                                          1621P   3538
142,1,1597,1619,1621,1;                                             1623P   3539
144,1597,1,0,1623;                                                  1625P   3540
110,10.75,1000.2,-6.25,10.75,0.2,-6.25;                             1627P   3541
110,10.75,0.2,-7.,10.75,0.,-7.2;                                    1629P   3542
120,1627,1629,0.,6.28318530717959;                                  1631P   3543
126,1,1,1,0,1,0,0.,0.,1.,1.,1.,1.,1.,1.570796327,0.,1.,0.,0.,       1633P   3544
0.,1.,0.,0.,1.;                                                     1633P   3545
124,1.,0.,0.,0.,0.,6.12323399573677E-17,1.,6.25,0.,-1.,             1635P   3546
6.12323399573677E-17,-6.25;                                         1635P   3547
100,-6.25,10.75,0.,11.7,0.,10.75,0.95;                              1637P   3548
126,1,1,1,0,1,0,0.,0.,1.,1.,1.,1.,1.,0.,0.,0.,0.,0.,0.,1.,0.,       1639P   3549
0.,1.;                                                              1639P   3550
110,10.75,0.,-7.2,10.75,0.2,-7.;                                    1641P   3551
126,1,1,1,0,1,0,0.,0.,1.,1.,1.,1.,0.,0.,0.,0.,1.570796327,0.,       1643P   3552
0.,1.,0.,0.,1.;                                                     1643P   3553
124,1.40271576953299E-14,1.,0.,10.5499999999998,                    1645P   3554
-6.12323399573677E-17,8.58915688636046E-31,-1.,-6.05,-1.,           1645P   3555
1.40271576953299E-14,6.12323399573677E-17,4.49999999999999;         1645P   3556
100,-6.25,10.75,0.2,11.5,0.2,10.75,0.95;                            1647P   3557
126,1,1,1,0,1,0,0.,0.,1.,1.,1.,1.,0.,1.570796327,0.,1.,             1649P   3558
1.570796327,0.,0.,1.,0.,0.,1.;                                      1649P   3559
110,11.5,0.2,-6.25,11.7,0.,-6.25;                                   1651P   3560
102,4,1633,1639,1643,1649;                                          1653P   3561
102,4,1637,1641,1647,1651;                                          1655P   3562
142,1,1631,1653,1655,1;                                             1657P   3563
144,1631,1,0,1657;                                                  1659P   3564
128,1,1,1,1,0,0,1,0,0,0.,0.,1.,1.,0.,0.,1.,1.,1.,1.,1.,1.,          1661P   3565
-10.75,0.2,-7.,10.75,0.2,-7.,-10.75,0.,-7.2,10.75,0.,-7.2,0.,       1661P   3566
1.,0.,1.;                                                           1661P   3567
126,1,1,1,0,1,0,0.,0.,1.,1.,1.,1.,0.,0.,0.,1.,0.,0.,0.,1.,0.,       1663P   3568
0.,1.;                                                              1663P   3569
110,-10.75,0.2,-7.,10.75,0.2,-7.;                                   1665P   3570
126,1,1,1,0,1,0,0.,0.,1.,1.,1.,1.,1.,0.,0.,1.,1.,0.,0.,1.,0.,       1667P   3571
0.,1.;                                                              1667P   3572
110,10.75,0.2,-7.,10.75,0.,-7.2;                                    1669P   3573
126,1,1,1,0,1,0,0.,0.,1.,1.,1.,1.,1.,1.,0.,0.,1.,0.,0.,1.,0.,       1671P   3574
0.,1.;                                                              1671P   3575
110,10.75,0.,-7.2,-10.75,0.,-7.2;                                   1673P   3576
126,1,1,1,0,1,0,0.,0.,1.,1.,1.,1.,0.,1.,0.,0.,0.,0.,0.,1.,0.,       1675P   3577
0.,1.;                                                              1675P   3578
110,-10.75,0.,-7.2,-10.75,0.2,-7.;                                  1677P   3579
102,4,1663,1667,1671,1675;                                          1679P   3580
102,4,1665,1669,1673,1677;                                          1681P   3581
142,1,1661,1679,1681,1;                                             1683P   3582
144,1661,1,0,1683;                                                  1685P   3583
128,1,1,1,1,0,0,1,0,0,0.,0.,1.,1.,0.,0.,1.,1.,1.,1.,1.,1.,          1687P   3584
-3.675,1.5,-1.7204,-3.456278341,-1.,-1.7204,-3.675,1.5,1.7204,      1687P   3585
-3.456278341,-1.,1.7204,0.,1.,0.,1.;                                1687P   3586
126,1,1,1,0,1,0,0.,0.,1.,1.,1.,1.,0.,0.994071146,0.,0.,             1689P   3587
0.005928854,0.,0.,1.,0.,0.,1.;                                      1689P   3588
110,-3.675,1.5,1.7,-3.675,1.5,-1.7;                                 1691P   3589
126,1,1,1,0,1,0,0.,0.,1.,1.,1.,1.,0.,0.005928854,0.,1.,             1693P   3590
0.069495948,0.,0.,1.,0.,0.,1.;                                      1693P   3591
110,-3.675,1.5,-1.7,-3.456278341,-1.,-1.481278341;                  1695P   3592
126,1,1,1,0,1,0,0.,0.,1.,1.,1.,1.,1.,0.069495948,0.,1.,             1697P   3593
0.930504052,0.,0.,1.,0.,0.,1.;                                      1697P   3594
110,-3.456278341,-1.,-1.481278341,-3.456278341,-1.,1.481278341;     1699P   3595
126,1,1,1,0,1,0,0.,0.,1.,1.,1.,1.,1.,0.930504052,0.,0.,             1701P   3596
0.994071146,0.,0.,1.,0.,0.,1.;                                      1701P   3597
110,-3.456278341,-1.,1.481278341,-3.675,1.5,1.7;                    1703P   3598
102,4,1689,1693,1697,1701;                                          1705P   3599
102,4,1691,1695,1699,1703;                                          1707P   3600
142,1,1687,1705,1707,1;                                             1709P   3601
144,1687,1,0,1709;                                                  1711P   3602
128,1,1,1,1,0,0,1,0,0,0.,0.,1.,1.,0.,0.,1.,1.,1.,1.,1.,1.,          1713P   3603
-3.6849,-1.,-1.481278341,-3.6849,1.5,-1.7,-2.0151,-1.,              1713P   3604
-1.481278341,-2.0151,1.5,-1.7,0.,1.,0.,1.;                          1713P   3605
126,1,1,1,0,1,0,0.,0.,1.,1.,1.,1.,1.,0.005928854,0.,1.,             1715P   3606
0.994071146,0.,0.,1.,0.,0.,1.;                                      1715P   3607
110,-3.675,1.5,-1.7,-2.025,1.5,-1.7;                                1717P   3608
126,1,1,1,0,1,0,0.,0.,1.,1.,1.,1.,1.,0.994071146,0.,0.,             1719P   3609
0.863084406,0.,0.,1.,0.,0.,1.;                                      1719P   3610
110,-2.025,1.5,-1.7,-2.243721659,-1.,-1.481278341;                  1721P   3611
126,1,1,1,0,1,0,0.,0.,1.,1.,1.,1.,0.,0.863084406,0.,0.,             1723P   3612
0.136915594,0.,0.,1.,0.,0.,1.;                                      1723P   3613
110,-2.243721659,-1.,-1.481278341,-3.456278341,-1.,                 1725P   3614
-1.481278341;                                                       1725P   3615
126,1,1,1,0,1,0,0.,0.,1.,1.,1.,1.,0.,0.136915594,0.,1.,             1727P   3616
0.005928854,0.,0.,1.,0.,0.,1.;                                      1727P   3617
110,-3.456278341,-1.,-1.481278341,-3.675,1.5,-1.7;                  1729P   3618
102,4,1715,1719,1723,1727;                                          1731P   3619
102,4,1717,1721,1725,1729;                                          1733P   3620
142,1,1713,1731,1733,1;                                             1735P   3621
144,1713,1,0,1735;                                                  1737P   3622
128,1,1,1,1,0,0,1,0,0,0.,0.,1.,1.,0.,0.,1.,1.,1.,1.,1.,1.,          1739P   3623
-2.243721659,-1.,-1.7204,-2.025,1.5,-1.7204,-2.243721659,-1.,       1739P   3624
1.7204,-2.025,1.5,1.7204,0.,1.,0.,1.;                               1739P   3625
126,1,1,1,0,1,0,0.,0.,1.,1.,1.,1.,1.,0.005928854,0.,1.,             1741P   3626
0.994071146,0.,0.,1.,0.,0.,1.;                                      1741P   3627
110,-2.025,1.5,-1.7,-2.025,1.5,1.7;                                 1743P   3628
126,1,1,1,0,1,0,0.,0.,1.,1.,1.,1.,1.,0.994071146,0.,0.,             1745P   3629
0.930504052,0.,0.,1.,0.,0.,1.;                                      1745P   3630
110,-2.025,1.5,1.7,-2.243721659,-1.,1.481278341;                    1747P   3631
126,1,1,1,0,1,0,0.,0.,1.,1.,1.,1.,0.,0.930504052,0.,0.,             1749P   3632
0.069495948,0.,0.,1.,0.,0.,1.;                                      1749P   3633
110,-2.243721659,-1.,1.481278341,-2.243721659,-1.,-1.481278341;     1751P   3634
126,1,1,1,0,1,0,0.,0.,1.,1.,1.,1.,0.,0.069495948,0.,1.,             1753P   3635
0.005928854,0.,0.,1.,0.,0.,1.;                                      1753P   3636
110,-2.243721659,-1.,-1.481278341,-2.025,1.5,-1.7;                  1755P   3637
102,4,1741,1745,1749,1753;                                          1757P   3638
102,4,1743,1747,1751,1755;                                          1759P   3639
142,1,1739,1757,1759,1;                                             1761P   3640
144,1739,1,0,1761;                                                  1763P   3641
128,1,1,1,1,0,0,1,0,0,0.,0.,1.,1.,0.,0.,1.,1.,1.,1.,1.,1.,          1765P   3642
-3.6849,1.5,1.7,-3.6849,-1.,1.481278341,-2.0151,1.5,1.7,            1765P   3643
-2.0151,-1.,1.481278341,0.,1.,0.,1.;                                1765P   3644
126,1,1,1,0,1,0,0.,0.,1.,1.,1.,1.,0.,0.994071146,0.,0.,             1767P   3645
0.005928854,0.,0.,1.,0.,0.,1.;                                      1767P   3646
110,-2.025,1.5,1.7,-3.675,1.5,1.7;                                  1769P   3647
126,1,1,1,0,1,0,0.,0.,1.,1.,1.,1.,0.,0.005928854,0.,1.,             1771P   3648
0.136915594,0.,0.,1.,0.,0.,1.;                                      1771P   3649
110,-3.675,1.5,1.7,-3.456278341,-1.,1.481278341;                    1773P   3650
126,1,1,1,0,1,0,0.,0.,1.,1.,1.,1.,1.,0.136915594,0.,1.,             1775P   3651
0.863084406,0.,0.,1.,0.,0.,1.;                                      1775P   3652
110,-3.456278341,-1.,1.481278341,-2.243721659,-1.,1.481278341;      1777P   3653
126,1,1,1,0,1,0,0.,0.,1.,1.,1.,1.,1.,0.863084406,0.,0.,             1779P   3654
0.994071146,0.,0.,1.,0.,0.,1.;                                      1779P   3655
110,-2.243721659,-1.,1.481278341,-2.025,1.5,1.7;                    1781P   3656
102,4,1767,1771,1775,1779;                                          1783P   3657
102,4,1769,1773,1777,1781;                                          1785P   3658
142,1,1765,1783,1785,1;                                             1787P   3659
144,1765,1,0,1787;                                                  1789P   3660
128,1,1,1,1,0,0,1,0,0,0.,0.,1.,1.,0.,0.,1.,1.,1.,1.,1.,1.,          1791P   3661
-3.456278341,-1.,1.481278341,-3.456278341,-1.,-1.481278341,         1791P   3662
-2.243721659,-1.,1.481278341,-2.243721659,-1.,-1.481278341,0.,      1791P   3663
1.,0.,1.;                                                           1791P   3664
126,1,1,1,0,1,0,0.,0.,1.,1.,1.,1.,0.,0.,0.,1.,0.,0.,0.,1.,0.,       1793P   3665
0.,1.;                                                              1793P   3666
110,-3.456278341,-1.,1.481278341,-3.456278341,-1.,-1.481278341;     1795P   3667
126,1,1,1,0,1,0,0.,0.,1.,1.,1.,1.,1.,0.,0.,1.,1.,0.,0.,1.,0.,       1797P   3668
0.,1.;                                                              1797P   3669
110,-3.456278341,-1.,-1.481278341,-2.243721659,-1.,                 1799P   3670
-1.481278341;                                                       1799P   3671
126,1,1,1,0,1,0,0.,0.,1.,1.,1.,1.,1.,1.,0.,0.,1.,0.,0.,1.,0.,       1801P   3672
0.,1.;                                                              1801P   3673
110,-2.243721659,-1.,-1.481278341,-2.243721659,-1.,1.481278341;     1803P   3674
126,1,1,1,0,1,0,0.,0.,1.,1.,1.,1.,0.,1.,0.,0.,0.,0.,0.,1.,0.,       1805P   3675
0.,1.;                                                              1805P   3676
110,-2.243721659,-1.,1.481278341,-3.456278341,-1.,1.481278341;      1807P   3677
102,4,1793,1797,1801,1805;                                          1809P   3678
102,4,1795,1799,1803,1807;                                          1811P   3679
142,1,1791,1809,1811,1;                                             1813P   3680
144,1791,1,0,1813;                                                  1815P   3681
128,1,1,1,1,0,0,1,0,0,0.,0.,1.,1.,0.,0.,1.,1.,1.,1.,1.,1.,          1817P   3682
2.025,1.5,-1.7204,2.243721659,-1.,-1.7204,2.025,1.5,1.7204,         1817P   3683
2.243721659,-1.,1.7204,0.,1.,0.,1.;                                 1817P   3684
126,1,1,1,0,1,0,0.,0.,1.,1.,1.,1.,0.,0.994071146,0.,0.,             1819P   3685
0.005928854,0.,0.,1.,0.,0.,1.;                                      1819P   3686
110,2.025,1.5,1.7,2.025,1.5,-1.7;                                   1821P   3687
126,1,1,1,0,1,0,0.,0.,1.,1.,1.,1.,0.,0.005928854,0.,1.,             1823P   3688
0.069495948,0.,0.,1.,0.,0.,1.;                                      1823P   3689
110,2.025,1.5,-1.7,2.243721659,-1.,-1.481278341;                    1825P   3690
126,1,1,1,0,1,0,0.,0.,1.,1.,1.,1.,1.,0.069495948,0.,1.,             1827P   3691
0.930504052,0.,0.,1.,0.,0.,1.;                                      1827P   3692
110,2.243721659,-1.,-1.481278341,2.243721659,-1.,1.481278341;       1829P   3693
126,1,1,1,0,1,0,0.,0.,1.,1.,1.,1.,1.,0.930504052,0.,0.,             1831P   3694
0.994071146,0.,0.,1.,0.,0.,1.;                                      1831P   3695
110,2.243721659,-1.,1.481278341,2.025,1.5,1.7;                      1833P   3696
102,4,1819,1823,1827,1831;                                          1835P   3697
102,4,1821,1825,1829,1833;                                          1837P   3698
142,1,1817,1835,1837,1;                                             1839P   3699
144,1817,1,0,1839;                                                  1841P   3700
128,1,1,1,1,0,0,1,0,0,0.,0.,1.,1.,0.,0.,1.,1.,1.,1.,1.,1.,          1843P   3701
2.0151,-1.,-1.481278341,2.0151,1.5,-1.7,3.6849,-1.,                 1843P   3702
-1.481278341,3.6849,1.5,-1.7,0.,1.,0.,1.;                           1843P   3703
126,1,1,1,0,1,0,0.,0.,1.,1.,1.,1.,1.,0.005928854,0.,1.,             1845P   3704
0.994071146,0.,0.,1.,0.,0.,1.;                                      1845P   3705
110,2.025,1.5,-1.7,3.675,1.5,-1.7;                                  1847P   3706
126,1,1,1,0,1,0,0.,0.,1.,1.,1.,1.,1.,0.994071146,0.,0.,             1849P   3707
0.863084406,0.,0.,1.,0.,0.,1.;                                      1849P   3708
110,3.675,1.5,-1.7,3.456278341,-1.,-1.481278341;                    1851P   3709
126,1,1,1,0,1,0,0.,0.,1.,1.,1.,1.,0.,0.863084406,0.,0.,             1853P   3710
0.136915594,0.,0.,1.,0.,0.,1.;                                      1853P   3711
110,3.456278341,-1.,-1.481278341,2.243721659,-1.,-1.481278341;      1855P   3712
126,1,1,1,0,1,0,0.,0.,1.,1.,1.,1.,0.,0.136915594,0.,1.,             1857P   3713
0.005928854,0.,0.,1.,0.,0.,1.;                                      1857P   3714
110,2.243721659,-1.,-1.481278341,2.025,1.5,-1.7;                    1859P   3715
102,4,1845,1849,1853,1857;                                          1861P   3716
102,4,1847,1851,1855,1859;                                          1863P   3717
142,1,1843,1861,1863,1;                                             1865P   3718
144,1843,1,0,1865;                                                  1867P   3719
128,1,1,1,1,0,0,1,0,0,0.,0.,1.,1.,0.,0.,1.,1.,1.,1.,1.,1.,          1869P   3720
3.456278341,-1.,-1.7204,3.675,1.5,-1.7204,3.456278341,-1.,          1869P   3721
1.7204,3.675,1.5,1.7204,0.,1.,0.,1.;                                1869P   3722
126,1,1,1,0,1,0,0.,0.,1.,1.,1.,1.,1.,0.005928854,0.,1.,             1871P   3723
0.994071146,0.,0.,1.,0.,0.,1.;                                      1871P   3724
110,3.675,1.5,-1.7,3.675,1.5,1.7;                                   1873P   3725
126,1,1,1,0,1,0,0.,0.,1.,1.,1.,1.,1.,0.994071146,0.,0.,             1875P   3726
0.930504052,0.,0.,1.,0.,0.,1.;                                      1875P   3727
110,3.675,1.5,1.7,3.456278341,-1.,1.481278341;                      1877P   3728
126,1,1,1,0,1,0,0.,0.,1.,1.,1.,1.,0.,0.930504052,0.,0.,             1879P   3729
0.069495948,0.,0.,1.,0.,0.,1.;                                      1879P   3730
110,3.456278341,-1.,1.481278341,3.456278341,-1.,-1.481278341;       1881P   3731
126,1,1,1,0,1,0,0.,0.,1.,1.,1.,1.,0.,0.069495948,0.,1.,             1883P   3732
0.005928854,0.,0.,1.,0.,0.,1.;                                      1883P   3733
110,3.456278341,-1.,-1.481278341,3.675,1.5,-1.7;                    1885P   3734
102,4,1871,1875,1879,1883;                                          1887P   3735
102,4,1873,1877,1881,1885;                                          1889P   3736
142,1,1869,1887,1889,1;                                             1891P   3737
144,1869,1,0,1891;                                                  1893P   3738
128,1,1,1,1,0,0,1,0,0,0.,0.,1.,1.,0.,0.,1.,1.,1.,1.,1.,1.,          1895P   3739
2.0151,1.5,1.7,2.0151,-1.,1.481278341,3.6849,1.5,1.7,3.6849,        1895P   3740
-1.,1.481278341,0.,1.,0.,1.;                                        1895P   3741
126,1,1,1,0,1,0,0.,0.,1.,1.,1.,1.,0.,0.994071146,0.,0.,             1897P   3742
0.005928854,0.,0.,1.,0.,0.,1.;                                      1897P   3743
110,3.675,1.5,1.7,2.025,1.5,1.7;                                    1899P   3744
126,1,1,1,0,1,0,0.,0.,1.,1.,1.,1.,0.,0.005928854,0.,1.,             1901P   3745
0.136915594,0.,0.,1.,0.,0.,1.;                                      1901P   3746
110,2.025,1.5,1.7,2.243721659,-1.,1.481278341;                      1903P   3747
126,1,1,1,0,1,0,0.,0.,1.,1.,1.,1.,1.,0.136915594,0.,1.,             1905P   3748
0.863084406,0.,0.,1.,0.,0.,1.;                                      1905P   3749
110,2.243721659,-1.,1.481278341,3.456278341,-1.,1.481278341;        1907P   3750
126,1,1,1,0,1,0,0.,0.,1.,1.,1.,1.,1.,0.863084406,0.,0.,             1909P   3751
0.994071146,0.,0.,1.,0.,0.,1.;                                      1909P   3752
110,3.456278341,-1.,1.481278341,3.675,1.5,1.7;                      1911P   3753
102,4,1897,1901,1905,1909;                                          1913P   3754
102,4,1899,1903,1907,1911;                                          1915P   3755
142,1,1895,1913,1915,1;                                             1917P   3756
144,1895,1,0,1917;                                                  1919P   3757
128,1,1,1,1,0,0,1,0,0,0.,0.,1.,1.,0.,0.,1.,1.,1.,1.,1.,1.,          1921P   3758
2.243721659,-1.,1.481278341,2.243721659,-1.,-1.481278341,           1921P   3759
3.456278341,-1.,1.481278341,3.456278341,-1.,-1.481278341,0.,1.,     1921P   3760
0.,1.;                                                              1921P   3761
126,1,1,1,0,1,0,0.,0.,1.,1.,1.,1.,0.,0.,0.,1.,0.,0.,0.,1.,0.,       1923P   3762
0.,1.;                                                              1923P   3763
110,2.243721659,-1.,1.481278341,2.243721659,-1.,-1.481278341;       1925P   3764
126,1,1,1,0,1,0,0.,0.,1.,1.,1.,1.,1.,0.,0.,1.,1.,0.,0.,1.,0.,       1927P   3765
0.,1.;                                                              1927P   3766
110,2.243721659,-1.,-1.481278341,3.456278341,-1.,-1.481278341;      1929P   3767
126,1,1,1,0,1,0,0.,0.,1.,1.,1.,1.,1.,1.,0.,0.,1.,0.,0.,1.,0.,       1931P   3768
0.,1.;                                                              1931P   3769
110,3.456278341,-1.,-1.481278341,3.456278341,-1.,1.481278341;       1933P   3770
126,1,1,1,0,1,0,0.,0.,1.,1.,1.,1.,0.,1.,0.,0.,0.,0.,0.,1.,0.,       1935P   3771
0.,1.;                                                              1935P   3772
110,3.456278341,-1.,1.481278341,2.243721659,-1.,1.481278341;        1937P   3773
102,4,1923,1927,1931,1935;                                          1939P   3774
102,4,1925,1929,1933,1937;                                          1941P   3775
142,1,1921,1939,1941,1;                                             1943P   3776
144,1921,1,0,1943;                                                  1945P   3777
S      1G      4D   1946P   3777                                        T      1
