SolidWorks IGES file using analytic representation for surfaces         S      1
1H,,1H;,22HKailh LP Keycap.SLDPRT,39HG:\byScottua\Keyboards\Kailh\1x1.75G      1
.IGS,15HSolidWorks 2018,15HSolidWorks 2018,32,308,15,308,15,22HKailh LP G      2
Keycap.SLDPRT,1.,2,2HMM,50,0.125,13H200324.122153,1E-08,499990.,6HPHFHXEG      3
,,11,0,13H200324.122153;                                                G      4
     314       1       0       0       0                        00000200D      1
     314       0       8       1       0                               0D      2
     128       2       0       0       0                        01010000D      3
     128       0       0      73       0                               0D      4
     126      75       0       0       0                        01010500D      5
     126       0       0       2       0                               0D      6
     126      77       0       0       0                        01010000D      7
     126       0       0       4       0                               0D      8
     126      81       0       0       0                        01010500D      9
     126       0       0       6       0                               0D     10
     126      87       0       0       0                        01010000D     11
     126       0       0      16       0                               0D     12
     126     103       0       0       0                        01010500D     13
     126       0       0       8       0                               0D     14
     126     111       0       0       0                        01010000D     15
     126       0       0       5       0                               0D     16
     126     116       0       0       0                        01010500D     17
     126       0       0      13       0                               0D     18
     126     129       0       0       0                        01010000D     19
     126       0       0       6       0                               0D     20
     126     135       0       0       0                        01010500D     21
     126       0       0       3       0                               0D     22
     126     138       0       0       0                        01010000D     23
     126       0       0       9       0                               0D     24
     126     147       0       0       0                        01010500D     25
     126       0       0       7       0                               0D     26
     126     154       0       0       0                        01010000D     27
     126       0       0      18       0                               0D     28
     126     172       0       0       0                        01010500D     29
     126       0       0       3       0                               0D     30
     126     175       0       0       0                        01010000D     31
     126       0       0      10       0                               0D     32
     126     185       0       0       0                        01010500D     33
     126       0       0      14       0                               0D     34
     126     199       0       0       0                        01010000D     35
     126       0       0       6       0                               0D     36
     126     205       0       0       0                        01010500D     37
     126       0       0       3       0                               0D     38
     126     208       0       0       0                        01010000D     39
     126       0       0       5       0                               0D     40
     126     213       0       0       0                        01010500D     41
     126       0       0      32       0                               0D     42
     126     245       0       0       0                        01010000D     43
     126       0       0      15       0                               0D     44
     126     260       0       0       0                        01010500D     45
     126       0       0       2       0                               0D     46
     126     262       0       0       0                        01010000D     47
     126       0       0       5       0                               0D     48
     126     267       0       0       0                        01010500D     49
     126       0       0       2       0                               0D     50
     124     269       0       0       0                        00000000D     51
     124       0       0       3       0                               0D     52
     100     272       0       0       0              51        01010000D     53
     100       0       0       1       0                               0D     54
     102     273       0       0       0                        01010500D     55
     102       0       0       1       0                               0D     56
     102     274       0       0       0                        01010000D     57
     102       0       0       1       0                               0D     58
     142     275       0       0       0                        00010500D     59
     142       0       0       1       0                               0D     60
     144     276       0       0       0                        00000000D     61
     144       0      -1       1       0                               0D     62
     128     277       0       0       0                        01010000D     63
     128       0       0       3       0                               0D     64
     126     280       0       0       0                        01010500D     65
     126       0       0       2       0                               0D     66
     110     282       0       0       0                        01010000D     67
     110       0       0       1       0                               0D     68
     126     283       0       0       0                        01010500D     69
     126       0       0       6       0                               0D     70
     124     289       0       0       0                        00000000D     71
     124       0       0       3       0                               0D     72
     100     292       0       0       0              71        01010000D     73
     100       0       0       1       0                               0D     74
     126     293       0       0       0                        01010500D     75
     126       0       0       2       0                               0D     76
     110     295       0       0       0                        01010000D     77
     110       0       0       1       0                               0D     78
     126     296       0       0       0                        01010500D     79
     126       0       0       6       0                               0D     80
     124     302       0       0       0                        00000000D     81
     124       0       0       3       0                               0D     82
     100     305       0       0       0              81        01010000D     83
     100       0       0       1       0                               0D     84
     126     306       0       0       0                        01010500D     85
     126       0       0       2       0                               0D     86
     110     308       0       0       0                        01010000D     87
     110       0       0       1       0                               0D     88
     126     309       0       0       0                        01010500D     89
     126       0       0       6       0                               0D     90
     124     315       0       0       0                        00000000D     91
     124       0       0       2       0                               0D     92
     100     317       0       0       0              91        01010000D     93
     100       0       0       1       0                               0D     94
     126     318       0       0       0                        01010500D     95
     126       0       0       2       0                               0D     96
     110     320       0       0       0                        01010000D     97
     110       0       0       1       0                               0D     98
     126     321       0       0       0                        01010500D     99
     126       0       0       6       0                               0D    100
     124     327       0       0       0                        00000000D    101
     124       0       0       3       0                               0D    102
     100     330       0       0       0             101        01010000D    103
     100       0       0       1       0                               0D    104
     102     331       0       0       0                        01010500D    105
     102       0       0       1       0                               0D    106
     102     332       0       0       0                        01010000D    107
     102       0       0       1       0                               0D    108
     142     333       0       0       0                        00010500D    109
     142       0       0       1       0                               0D    110
     126     334       0       0       0                        01010500D    111
     126       0       0       2       0                               0D    112
     110     336       0       0       0                        01010000D    113
     110       0       0       1       0                               0D    114
     126     337       0       0       0                        01010500D    115
     126       0       0       2       0                               0D    116
     110     339       0       0       0                        01010000D    117
     110       0       0       1       0                               0D    118
     126     340       0       0       0                        01010500D    119
     126       0       0       2       0                               0D    120
     110     342       0       0       0                        01010000D    121
     110       0       0       1       0                               0D    122
     126     343       0       0       0                        01010500D    123
     126       0       0       2       0                               0D    124
     110     345       0       0       0                        01010000D    125
     110       0       0       1       0                               0D    126
     102     346       0       0       0                        01010500D    127
     102       0       0       1       0                               0D    128
     102     347       0       0       0                        01010000D    129
     102       0       0       1       0                               0D    130
     142     348       0       0       0                        00010500D    131
     142       0       0       1       0                               0D    132
     126     349       0       0       0                        01010500D    133
     126       0       0       2       0                               0D    134
     110     351       0       0       0                        01010000D    135
     110       0       0       1       0                               0D    136
     126     352       0       0       0                        01010500D    137
     126       0       0       2       0                               0D    138
     110     354       0       0       0                        01010000D    139
     110       0       0       1       0                               0D    140
     126     355       0       0       0                        01010500D    141
     126       0       0       2       0                               0D    142
     110     357       0       0       0                        01010000D    143
     110       0       0       1       0                               0D    144
     126     358       0       0       0                        01010500D    145
     126       0       0       2       0                               0D    146
     110     360       0       0       0                        01010000D    147
     110       0       0       1       0                               0D    148
     102     361       0       0       0                        01010500D    149
     102       0       0       1       0                               0D    150
     102     362       0       0       0                        01010000D    151
     102       0       0       1       0                               0D    152
     142     363       0       0       0                        00010500D    153
     142       0       0       1       0                               0D    154
     144     364       0       0       0                        00000000D    155
     144       0      -1       1       0                               0D    156
     110     365       0       0       0                        01010000D    157
     110       0       0       1       0                               0D    158
     110     366       0       0       0                        01010000D    159
     110       0       0       1       0                               0D    160
     120     367       0       0       0                        01010000D    161
     120       0       0       1       0                               0D    162
     126     368       0       0       0                        01010500D    163
     126       0       0       2       0                               0D    164
     110     370       0       0       0                        01010000D    165
     110       0       0       1       0                               0D    166
     126     371       0       0       0                        01010500D    167
     126       0       0       2       0                               0D    168
     124     373       0       0       0                        00000000D    169
     124       0       0       2       0                               0D    170
     100     375       0       0       0             169        01010000D    171
     100       0       0       1       0                               0D    172
     126     376       0       0       0                        01010500D    173
     126       0       0       2       0                               0D    174
     110     378       0       0       0                        01010000D    175
     110       0       0       1       0                               0D    176
     126     379       0       0       0                        01010500D    177
     126       0       0       2       0                               0D    178
     124     381       0       0       0                        00000000D    179
     124       0       0       3       0                               0D    180
     100     384       0       0       0             179        01010000D    181
     100       0       0       1       0                               0D    182
     102     385       0       0       0                        01010500D    183
     102       0       0       1       0                               0D    184
     102     386       0       0       0                        01010000D    185
     102       0       0       1       0                               0D    186
     142     387       0       0       0                        00010500D    187
     142       0       0       1       0                               0D    188
     144     388       0       0       0                        00000000D    189
     144       0      -1       1       0                               0D    190
     128     389       0       0       0                        01010000D    191
     128       0       0       2       0                               0D    192
     126     391       0       0       0                        01010500D    193
     126       0       0       2       0                               0D    194
     110     393       0       0       0                        01010000D    195
     110       0       0       1       0                               0D    196
     126     394       0       0       0                        01010500D    197
     126       0       0       2       0                               0D    198
     110     396       0       0       0                        01010000D    199
     110       0       0       1       0                               0D    200
     126     397       0       0       0                        01010500D    201
     126       0       0       2       0                               0D    202
     110     399       0       0       0                        01010000D    203
     110       0       0       1       0                               0D    204
     126     400       0       0       0                        01010500D    205
     126       0       0       2       0                               0D    206
     110     402       0       0       0                        01010000D    207
     110       0       0       1       0                               0D    208
     102     403       0       0       0                        01010500D    209
     102       0       0       1       0                               0D    210
     102     404       0       0       0                        01010000D    211
     102       0       0       1       0                               0D    212
     142     405       0       0       0                        00010500D    213
     142       0       0       1       0                               0D    214
     144     406       0       0       0                        00000000D    215
     144       0      -1       1       0                               0D    216
     110     407       0       0       0                        01010000D    217
     110       0       0       1       0                               0D    218
     110     408       0       0       0                        01010000D    219
     110       0       0       1       0                               0D    220
     120     409       0       0       0                        01010000D    221
     120       0       0       1       0                               0D    222
     126     410       0       0       0                        01010500D    223
     126       0       0       2       0                               0D    224
     110     412       0       0       0                        01010000D    225
     110       0       0       1       0                               0D    226
     126     413       0       0       0                        01010500D    227
     126       0       0       2       0                               0D    228
     124     415       0       0       0                        00000000D    229
     124       0       0       3       0                               0D    230
     100     418       0       0       0             229        01010000D    231
     100       0       0       1       0                               0D    232
     126     419       0       0       0                        01010500D    233
     126       0       0       2       0                               0D    234
     110     421       0       0       0                        01010000D    235
     110       0       0       1       0                               0D    236
     126     422       0       0       0                        01010500D    237
     126       0       0       2       0                               0D    238
     124     424       0       0       0                        00000000D    239
     124       0       0       2       0                               0D    240
     100     426       0       0       0             239        01010000D    241
     100       0       0       1       0                               0D    242
     102     427       0       0       0                        01010500D    243
     102       0       0       1       0                               0D    244
     102     428       0       0       0                        01010000D    245
     102       0       0       1       0                               0D    246
     142     429       0       0       0                        00010500D    247
     142       0       0       1       0                               0D    248
     144     430       0       0       0                        00000000D    249
     144       0      -1       1       0                               0D    250
     128     431       0       0       0                        01010000D    251
     128       0       0       2       0                               0D    252
     126     433       0       0       0                        01010500D    253
     126       0       0       2       0                               0D    254
     110     435       0       0       0                        01010000D    255
     110       0       0       1       0                               0D    256
     126     436       0       0       0                        01010500D    257
     126       0       0       2       0                               0D    258
     110     438       0       0       0                        01010000D    259
     110       0       0       1       0                               0D    260
     126     439       0       0       0                        01010500D    261
     126       0       0       2       0                               0D    262
     110     441       0       0       0                        01010000D    263
     110       0       0       1       0                               0D    264
     126     442       0       0       0                        01010500D    265
     126       0       0       2       0                               0D    266
     110     444       0       0       0                        01010000D    267
     110       0       0       1       0                               0D    268
     102     445       0       0       0                        01010500D    269
     102       0       0       1       0                               0D    270
     102     446       0       0       0                        01010000D    271
     102       0       0       1       0                               0D    272
     142     447       0       0       0                        00010500D    273
     142       0       0       1       0                               0D    274
     144     448       0       0       0                        00000000D    275
     144       0      -1       1       0                               0D    276
     110     449       0       0       0                        01010000D    277
     110       0       0       1       0                               0D    278
     110     450       0       0       0                        01010000D    279
     110       0       0       1       0                               0D    280
     120     451       0       0       0                        01010000D    281
     120       0       0       1       0                               0D    282
     126     452       0       0       0                        01010500D    283
     126       0       0       2       0                               0D    284
     110     454       0       0       0                        01010000D    285
     110       0       0       1       0                               0D    286
     126     455       0       0       0                        01010500D    287
     126       0       0       2       0                               0D    288
     124     457       0       0       0                        00000000D    289
     124       0       0       3       0                               0D    290
     100     460       0       0       0             289        01010000D    291
     100       0       0       1       0                               0D    292
     126     461       0       0       0                        01010500D    293
     126       0       0       2       0                               0D    294
     110     463       0       0       0                        01010000D    295
     110       0       0       1       0                               0D    296
     126     464       0       0       0                        01010500D    297
     126       0       0       2       0                               0D    298
     124     466       0       0       0                        00000000D    299
     124       0       0       3       0                               0D    300
     100     469       0       0       0             299        01010000D    301
     100       0       0       1       0                               0D    302
     102     470       0       0       0                        01010500D    303
     102       0       0       1       0                               0D    304
     102     471       0       0       0                        01010000D    305
     102       0       0       1       0                               0D    306
     142     472       0       0       0                        00010500D    307
     142       0       0       1       0                               0D    308
     144     473       0       0       0                        00000000D    309
     144       0      -1       1       0                               0D    310
     128     474       0       0       0                        01010000D    311
     128       0       0       2       0                               0D    312
     126     476       0       0       0                        01010500D    313
     126       0       0       2       0                               0D    314
     110     478       0       0       0                        01010000D    315
     110       0       0       1       0                               0D    316
     126     479       0       0       0                        01010500D    317
     126       0       0       2       0                               0D    318
     110     481       0       0       0                        01010000D    319
     110       0       0       1       0                               0D    320
     126     482       0       0       0                        01010500D    321
     126       0       0       2       0                               0D    322
     110     484       0       0       0                        01010000D    323
     110       0       0       1       0                               0D    324
     126     485       0       0       0                        01010500D    325
     126       0       0       2       0                               0D    326
     110     487       0       0       0                        01010000D    327
     110       0       0       1       0                               0D    328
     102     488       0       0       0                        01010500D    329
     102       0       0       1       0                               0D    330
     102     489       0       0       0                        01010000D    331
     102       0       0       1       0                               0D    332
     142     490       0       0       0                        00010500D    333
     142       0       0       1       0                               0D    334
     144     491       0       0       0                        00000000D    335
     144       0      -1       1       0                               0D    336
     110     492       0       0       0                        01010000D    337
     110       0       0       1       0                               0D    338
     110     493       0       0       0                        01010000D    339
     110       0       0       1       0                               0D    340
     120     494       0       0       0                        01010000D    341
     120       0       0       1       0                               0D    342
     126     495       0       0       0                        01010500D    343
     126       0       0       2       0                               0D    344
     110     497       0       0       0                        01010000D    345
     110       0       0       1       0                               0D    346
     126     498       0       0       0                        01010500D    347
     126       0       0       2       0                               0D    348
     124     500       0       0       0                        00000000D    349
     124       0       0       3       0                               0D    350
     100     503       0       0       0             349        01010000D    351
     100       0       0       1       0                               0D    352
     126     504       0       0       0                        01010500D    353
     126       0       0       2       0                               0D    354
     110     506       0       0       0                        01010000D    355
     110       0       0       1       0                               0D    356
     126     507       0       0       0                        01010500D    357
     126       0       0       2       0                               0D    358
     124     509       0       0       0                        00000000D    359
     124       0       0       3       0                               0D    360
     100     512       0       0       0             359        01010000D    361
     100       0       0       1       0                               0D    362
     102     513       0       0       0                        01010500D    363
     102       0       0       1       0                               0D    364
     102     514       0       0       0                        01010000D    365
     102       0       0       1       0                               0D    366
     142     515       0       0       0                        00010500D    367
     142       0       0       1       0                               0D    368
     144     516       0       0       0                        00000000D    369
     144       0      -1       1       0                               0D    370
     128     517       0       0       0                        01010000D    371
     128       0       0       2       0                               0D    372
     126     519       0       0       0                        01010500D    373
     126       0       0       2       0                               0D    374
     110     521       0       0       0                        01010000D    375
     110       0       0       1       0                               0D    376
     126     522       0       0       0                        01010500D    377
     126       0       0       2       0                               0D    378
     110     524       0       0       0                        01010000D    379
     110       0       0       1       0                               0D    380
     126     525       0       0       0                        01010500D    381
     126       0       0       2       0                               0D    382
     110     527       0       0       0                        01010000D    383
     110       0       0       1       0                               0D    384
     126     528       0       0       0                        01010500D    385
     126       0       0       2       0                               0D    386
     110     530       0       0       0                        01010000D    387
     110       0       0       1       0                               0D    388
     102     531       0       0       0                        01010500D    389
     102       0       0       1       0                               0D    390
     102     532       0       0       0                        01010000D    391
     102       0       0       1       0                               0D    392
     142     533       0       0       0                        00010500D    393
     142       0       0       1       0                               0D    394
     144     534       0       0       0                        00000000D    395
     144       0      -1       1       0                               0D    396
     128     535       0       0       0                        01010000D    397
     128       0       0       3       0                               0D    398
     126     538       0       0       0                        01010500D    399
     126       0       0       2       0                               0D    400
     110     540       0       0       0                        01010000D    401
     110       0       0       1       0                               0D    402
     126     541       0       0       0                        01010500D    403
     126       0       0       6       0                               0D    404
     124     547       0       0       0                        00000000D    405
     124       0       0       3       0                               0D    406
     100     550       0       0       0             405        01010000D    407
     100       0       0       1       0                               0D    408
     126     551       0       0       0                        01010500D    409
     126       0       0       2       0                               0D    410
     110     553       0       0       0                        01010000D    411
     110       0       0       1       0                               0D    412
     126     554       0       0       0                        01010500D    413
     126       0       0       6       0                               0D    414
     124     560       0       0       0                        00000000D    415
     124       0       0       3       0                               0D    416
     100     563       0       0       0             415        01010000D    417
     100       0       0       1       0                               0D    418
     126     564       0       0       0                        01010500D    419
     126       0       0       2       0                               0D    420
     110     566       0       0       0                        01010000D    421
     110       0       0       1       0                               0D    422
     126     567       0       0       0                        01010500D    423
     126       0       0       6       0                               0D    424
     124     573       0       0       0                        00000000D    425
     124       0       0       3       0                               0D    426
     100     576       0       0       0             425        01010000D    427
     100       0       0       1       0                               0D    428
     126     577       0       0       0                        01010500D    429
     126       0       0       2       0                               0D    430
     110     579       0       0       0                        01010000D    431
     110       0       0       1       0                               0D    432
     126     580       0       0       0                        01010500D    433
     126       0       0       6       0                               0D    434
     124     586       0       0       0                        00000000D    435
     124       0       0       2       0                               0D    436
     100     588       0       0       0             435        01010000D    437
     100       0       0       1       0                               0D    438
     102     589       0       0       0                        01010500D    439
     102       0       0       1       0                               0D    440
     102     590       0       0       0                        01010000D    441
     102       0       0       1       0                               0D    442
     142     591       0       0       0                        00010500D    443
     142       0       0       1       0                               0D    444
     126     592       0       0       0                        01010500D    445
     126       0       0      10       0                               0D    446
     126     602       0       0       0                        01010000D    447
     126       0       0       5       0                               0D    448
     126     607       0       0       0                        01010500D    449
     126       0       0      22       0                               0D    450
     126     629       0       0       0                        01010000D    451
     126       0       0      13       0                               0D    452
     126     642       0       0       0                        01010500D    453
     126       0       0      10       0                               0D    454
     126     652       0       0       0                        01010000D    455
     126       0       0       5       0                               0D    456
     126     657       0       0       0                        01010500D    457
     126       0       0      20       0                               0D    458
     126     677       0       0       0                        01010000D    459
     126       0       0       9       0                               0D    460
     126     686       0       0       0                        01010500D    461
     126       0       0      10       0                               0D    462
     126     696       0       0       0                        01010000D    463
     126       0       0       5       0                               0D    464
     126     701       0       0       0                        01010500D    465
     126       0       0      23       0                               0D    466
     126     724       0       0       0                        01010000D    467
     126       0       0      13       0                               0D    468
     126     737       0       0       0                        01010500D    469
     126       0       0      10       0                               0D    470
     126     747       0       0       0                        01010000D    471
     126       0       0       5       0                               0D    472
     126     752       0       0       0                        01010500D    473
     126       0       0      21       0                               0D    474
     126     773       0       0       0                        01010000D    475
     126       0       0       8       0                               0D    476
     102     781       0       0       0                        01010500D    477
     102       0       0       1       0                               0D    478
     102     782       0       0       0                        01010000D    479
     102       0       0       1       0                               0D    480
     142     783       0       0       0                        00010500D    481
     142       0       0       1       0                               0D    482
     144     784       0       0       0                        00000000D    483
     144       0      -1       1       0                               0D    484
     128     785       0       0       0                        01010000D    485
     128       0       0       2       0                               0D    486
     126     787       0       0       0                        01010500D    487
     126       0       0       2       0                               0D    488
     110     789       0       0       0                        01010000D    489
     110       0       0       1       0                               0D    490
     126     790       0       0       0                        01010500D    491
     126       0       0      11       0                               0D    492
     124     801       0       0       0                        00000000D    493
     124       0       0       2       0                               0D    494
     100     803       0       0       0             493        01010000D    495
     100       0       0       1       0                               0D    496
     126     804       0       0       0                        01010500D    497
     126       0       0       2       0                               0D    498
     110     806       0       0       0                        01010000D    499
     110       0       0       1       0                               0D    500
     126     807       0       0       0                        01010500D    501
     126       0       0      11       0                               0D    502
     124     818       0       0       0                        00000000D    503
     124       0       0       3       0                               0D    504
     100     821       0       0       0             503        01010000D    505
     100       0       0       1       0                               0D    506
     126     822       0       0       0                        01010500D    507
     126       0       0       2       0                               0D    508
     110     824       0       0       0                        01010000D    509
     110       0       0       1       0                               0D    510
     126     825       0       0       0                        01010500D    511
     126       0       0      11       0                               0D    512
     124     836       0       0       0                        00000000D    513
     124       0       0       3       0                               0D    514
     100     839       0       0       0             513        01010000D    515
     100       0       0       1       0                               0D    516
     126     840       0       0       0                        01010500D    517
     126       0       0       2       0                               0D    518
     110     842       0       0       0                        01010000D    519
     110       0       0       1       0                               0D    520
     126     843       0       0       0                        01010500D    521
     126       0       0      11       0                               0D    522
     124     854       0       0       0                        00000000D    523
     124       0       0       3       0                               0D    524
     100     857       0       0       0             523        01010000D    525
     100       0       0       1       0                               0D    526
     102     858       0       0       0                        01010500D    527
     102       0       0       1       0                               0D    528
     102     859       0       0       0                        01010000D    529
     102       0       0       1       0                               0D    530
     142     860       0       0       0                        00010500D    531
     142       0       0       1       0                               0D    532
     126     861       0       0       0                        01010500D    533
     126       0       0       2       0                               0D    534
     110     863       0       0       0                        01010000D    535
     110       0       0       1       0                               0D    536
     126     864       0       0       0                        01010500D    537
     126       0       0      11       0                               0D    538
     124     875       0       0       0                        00000000D    539
     124       0       0       2       0                               0D    540
     100     877       0       0       0             539        01010000D    541
     100       0       0       1       0                               0D    542
     126     878       0       0       0                        01010500D    543
     126       0       0       2       0                               0D    544
     110     880       0       0       0                        01010000D    545
     110       0       0       1       0                               0D    546
     126     881       0       0       0                        01010500D    547
     126       0       0      11       0                               0D    548
     124     892       0       0       0                        00000000D    549
     124       0       0       3       0                               0D    550
     100     895       0       0       0             549        01010000D    551
     100       0       0       1       0                               0D    552
     126     896       0       0       0                        01010500D    553
     126       0       0       2       0                               0D    554
     110     898       0       0       0                        01010000D    555
     110       0       0       1       0                               0D    556
     126     899       0       0       0                        01010500D    557
     126       0       0      11       0                               0D    558
     124     910       0       0       0                        00000000D    559
     124       0       0       3       0                               0D    560
     100     913       0       0       0             559        01010000D    561
     100       0       0       1       0                               0D    562
     126     914       0       0       0                        01010500D    563
     126       0       0       2       0                               0D    564
     110     916       0       0       0                        01010000D    565
     110       0       0       1       0                               0D    566
     126     917       0       0       0                        01010500D    567
     126       0       0      11       0                               0D    568
     124     928       0       0       0                        00000000D    569
     124       0       0       3       0                               0D    570
     100     931       0       0       0             569        01010000D    571
     100       0       0       1       0                               0D    572
     102     932       0       0       0                        01010500D    573
     102       0       0       1       0                               0D    574
     102     933       0       0       0                        01010000D    575
     102       0       0       1       0                               0D    576
     142     934       0       0       0                        00010500D    577
     142       0       0       1       0                               0D    578
     144     935       0       0       0                        00000000D    579
     144       0      -1       1       0                               0D    580
     128     936       0       0       0                        01010000D    581
     128       0       0       4       0                               0D    582
     126     940       0       0       0                        01010500D    583
     126       0       0      12       0                               0D    584
     124     952       0       0       0                        00000000D    585
     124       0       0       2       0                               0D    586
     100     954       0       0       0             585        01010000D    587
     100       0       0       1       0                               0D    588
     126     955       0       0       0                        01010500D    589
     126       0       0      12       0                               0D    590
     124     967       0       0       0                        00000000D    591
     124       0       0       3       0                               0D    592
     100     970       0       0       0             591        01010000D    593
     100       0       0       1       0                               0D    594
     102     971       0       0       0                        01010500D    595
     102       0       0       1       0                               0D    596
     102     972       0       0       0                        01010000D    597
     102       0       0       1       0                               0D    598
     142     973       0       0       0                        00010500D    599
     142       0       0       1       0                               0D    600
     144     974       0       0       0                        00000000D    601
     144       0      -1       1       0                               0D    602
     128     975       0       0       0                        01010000D    603
     128       0       0      71       0                               0D    604
     126    1046       0       0       0                        01010500D    605
     126       0       0       8       0                               0D    606
     126    1054       0       0       0                        01010000D    607
     126       0       0      17       0                               0D    608
     126    1071       0       0       0                        01010500D    609
     126       0       0       8       0                               0D    610
     126    1079       0       0       0                        01010000D    611
     126       0       0       5       0                               0D    612
     126    1084       0       0       0                        01010500D    613
     126       0       0      13       0                               0D    614
     126    1097       0       0       0                        01010000D    615
     126       0       0       7       0                               0D    616
     126    1104       0       0       0                        01010500D    617
     126       0       0       3       0                               0D    618
     126    1107       0       0       0                        01010000D    619
     126       0       0       9       0                               0D    620
     126    1116       0       0       0                        01010500D    621
     126       0       0       7       0                               0D    622
     126    1123       0       0       0                        01010000D    623
     126       0       0      19       0                               0D    624
     126    1142       0       0       0                        01010500D    625
     126       0       0       3       0                               0D    626
     126    1145       0       0       0                        01010000D    627
     126       0       0      10       0                               0D    628
     126    1155       0       0       0                        01010500D    629
     126       0       0      14       0                               0D    630
     126    1169       0       0       0                        01010000D    631
     126       0       0       6       0                               0D    632
     126    1175       0       0       0                        01010500D    633
     126       0       0       3       0                               0D    634
     126    1178       0       0       0                        01010000D    635
     126       0       0       5       0                               0D    636
     126    1183       0       0       0                        01010500D    637
     126       0       0      32       0                               0D    638
     126    1215       0       0       0                        01010000D    639
     126       0       0      15       0                               0D    640
     126    1230       0       0       0                        01010500D    641
     126       0       0       2       0                               0D    642
     126    1232       0       0       0                        01010000D    643
     126       0       0       4       0                               0D    644
     126    1236       0       0       0                        01010500D    645
     126       0       0       2       0                               0D    646
     124    1238       0       0       0                        00000000D    647
     124       0       0       2       0                               0D    648
     100    1240       0       0       0             647        01010000D    649
     100       0       0       1       0                               0D    650
     126    1241       0       0       0                        01010500D    651
     126       0       0       2       0                               0D    652
     126    1243       0       0       0                        01010000D    653
     126       0       0       5       0                               0D    654
     102    1248       0       0       0                        01010500D    655
     102       0       0       1       0                               0D    656
     102    1249       0       0       0                        01010000D    657
     102       0       0       1       0                               0D    658
     142    1250       0       0       0                        00010500D    659
     142       0       0       1       0                               0D    660
     144    1251       0       0       0                        00000000D    661
     144       0      -1       1       0                               0D    662
     128    1252       0       0       0                        01010000D    663
     128       0       0     111       0                               0D    664
     126    1363       0       0       0                        01010500D    665
     126       0       0       2       0                               0D    666
     124    1365       0       0       0                        00000000D    667
     124       0       0       3       0                               0D    668
     100    1368       0       0       0             667        01010000D    669
     100       0       0       1       0                               0D    670
     126    1369       0       0       0                        01010500D    671
     126       0       0       2       0                               0D    672
     124    1371       0       0       0                        00000000D    673
     124       0       0       3       0                               0D    674
     100    1374       0       0       0             673        01010000D    675
     100       0       0       1       0                               0D    676
     126    1375       0       0       0                        01010500D    677
     126       0       0       2       0                               0D    678
     100    1377       0       0       0                        01010000D    679
     100       0       0       1       0                               0D    680
     126    1378       0       0       0                        01010500D    681
     126       0       0       2       0                               0D    682
     124    1380       0       0       0                        00000000D    683
     124       0       0       2       0                               0D    684
     100    1382       0       0       0             683        01010000D    685
     100       0       0       1       0                               0D    686
     102    1383       0       0       0                        01010500D    687
     102       0       0       1       0                               0D    688
     102    1384       0       0       0                        01010000D    689
     102       0       0       1       0                               0D    690
     142    1385       0       0       0                        00010500D    691
     142       0       0       1       0                               0D    692
     144    1386       0       0       0                        00000000D    693
     144       0      -1       1       0                               0D    694
     110    1387       0       0       0                        01010000D    695
     110       0       0       1       0                               0D    696
     110    1388       0       0       0                        01010000D    697
     110       0       0       1       0                               0D    698
     120    1389       0       0       0                        01010000D    699
     120       0       0       1       0                               0D    700
     126    1390       0       0       0                        01010500D    701
     126       0       0       2       0                               0D    702
     124    1392       0       0       0                        00000000D    703
     124       0       0       3       0                               0D    704
     100    1395       0       0       0             703        01010000D    705
     100       0       0       1       0                               0D    706
     126    1396       0       0       0                        01010500D    707
     126       0       0       2       0                               0D    708
     110    1398       0       0       0                        01010000D    709
     110       0       0       1       0                               0D    710
     126    1399       0       0       0                        01010500D    711
     126       0       0       2       0                               0D    712
     100    1401       0       0       0                        01010000D    713
     100       0       0       1       0                               0D    714
     126    1402       0       0       0                        01010500D    715
     126       0       0       2       0                               0D    716
     110    1404       0       0       0                        01010000D    717
     110       0       0       1       0                               0D    718
     102    1405       0       0       0                        01010500D    719
     102       0       0       1       0                               0D    720
     102    1406       0       0       0                        01010000D    721
     102       0       0       1       0                               0D    722
     142    1407       0       0       0                        00010500D    723
     142       0       0       1       0                               0D    724
     144    1408       0       0       0                        00000000D    725
     144       0      -1       1       0                               0D    726
     110    1409       0       0       0                        01010000D    727
     110       0       0       1       0                               0D    728
     110    1410       0       0       0                        01010000D    729
     110       0       0       1       0                               0D    730
     120    1411       0       0       0                        01010000D    731
     120       0       0       1       0                               0D    732
     126    1412       0       0       0                        01010500D    733
     126       0       0       2       0                               0D    734
     124    1414       0       0       0                        00000000D    735
     124       0       0       2       0                               0D    736
     100    1416       0       0       0             735        01010000D    737
     100       0       0       1       0                               0D    738
     126    1417       0       0       0                        01010500D    739
     126       0       0       2       0                               0D    740
     110    1419       0       0       0                        01010000D    741
     110       0       0       1       0                               0D    742
     126    1420       0       0       0                        01010500D    743
     126       0       0       2       0                               0D    744
     124    1422       0       0       0                        00000000D    745
     124       0       0       3       0                               0D    746
     100    1425       0       0       0             745        01010000D    747
     100       0       0       1       0                               0D    748
     126    1426       0       0       0                        01010500D    749
     126       0       0       2       0                               0D    750
     110    1428       0       0       0                        01010000D    751
     110       0       0       1       0                               0D    752
     102    1429       0       0       0                        01010500D    753
     102       0       0       1       0                               0D    754
     102    1430       0       0       0                        01010000D    755
     102       0       0       1       0                               0D    756
     142    1431       0       0       0                        00010500D    757
     142       0       0       1       0                               0D    758
     144    1432       0       0       0                        00000000D    759
     144       0      -1       1       0                               0D    760
     128    1433       0       0       0                        01010000D    761
     128       0       0     118       0                               0D    762
     126    1551       0       0       0                        01010500D    763
     126       0       0       2       0                               0D    764
     124    1553       0       0       0                        00000000D    765
     124       0       0       3       0                               0D    766
     100    1556       0       0       0             765        01010000D    767
     100       0       0       1       0                               0D    768
     126    1557       0       0       0                        01010500D    769
     126       0       0       2       0                               0D    770
     124    1559       0       0       0                        00000000D    771
     124       0       0       2       0                               0D    772
     100    1561       0       0       0             771        01010000D    773
     100       0       0       1       0                               0D    774
     126    1562       0       0       0                        01010500D    775
     126       0       0       2       0                               0D    776
     124    1564       0       0       0                        00000000D    777
     124       0       0       2       0                               0D    778
     100    1566       0       0       0             777        01010000D    779
     100       0       0       1       0                               0D    780
     126    1567       0       0       0                        01010500D    781
     126       0       0       2       0                               0D    782
     124    1569       0       0       0                        00000000D    783
     124       0       0       3       0                               0D    784
     100    1572       0       0       0             783        01010000D    785
     100       0       0       1       0                               0D    786
     102    1573       0       0       0                        01010500D    787
     102       0       0       1       0                               0D    788
     102    1574       0       0       0                        01010000D    789
     102       0       0       1       0                               0D    790
     142    1575       0       0       0                        00010500D    791
     142       0       0       1       0                               0D    792
     144    1576       0       0       0                        00000000D    793
     144       0      -1       1       0                               0D    794
     128    1577       0       0       0                        01010000D    795
     128       0       0     117       0                               0D    796
     126    1694       0       0       0                        01010500D    797
     126       0       0       2       0                               0D    798
     124    1696       0       0       0                        00000000D    799
     124       0       0       2       0                               0D    800
     100    1698       0       0       0             799        01010000D    801
     100       0       0       1       0                               0D    802
     126    1699       0       0       0                        01010500D    803
     126       0       0       2       0                               0D    804
     124    1701       0       0       0                        00000000D    805
     124       0       0       3       0                               0D    806
     100    1704       0       0       0             805        01010000D    807
     100       0       0       1       0                               0D    808
     126    1705       0       0       0                        01010500D    809
     126       0       0       2       0                               0D    810
     100    1707       0       0       0                        01010000D    811
     100       0       0       1       0                               0D    812
     126    1708       0       0       0                        01010500D    813
     126       0       0       2       0                               0D    814
     124    1710       0       0       0                        00000000D    815
     124       0       0       3       0                               0D    816
     100    1713       0       0       0             815        01010000D    817
     100       0       0       1       0                               0D    818
     102    1714       0       0       0                        01010500D    819
     102       0       0       1       0                               0D    820
     102    1715       0       0       0                        01010000D    821
     102       0       0       1       0                               0D    822
     142    1716       0       0       0                        00010500D    823
     142       0       0       1       0                               0D    824
     144    1717       0       0       0                        00000000D    825
     144       0      -1       1       0                               0D    826
     110    1718       0       0       0                        01010000D    827
     110       0       0       1       0                               0D    828
     110    1719       0       0       0                        01010000D    829
     110       0       0       1       0                               0D    830
     120    1720       0       0       0                        01010000D    831
     120       0       0       1       0                               0D    832
     126    1721       0       0       0                        01010500D    833
     126       0       0       2       0                               0D    834
     124    1723       0       0       0                        00000000D    835
     124       0       0       3       0                               0D    836
     100    1726       0       0       0             835        01010000D    837
     100       0       0       1       0                               0D    838
     126    1727       0       0       0                        01010500D    839
     126       0       0       2       0                               0D    840
     110    1729       0       0       0                        01010000D    841
     110       0       0       1       0                               0D    842
     126    1730       0       0       0                        01010500D    843
     126       0       0       2       0                               0D    844
     124    1732       0       0       0                        00000000D    845
     124       0       0       2       0                               0D    846
     100    1734       0       0       0             845        01010000D    847
     100       0       0       1       0                               0D    848
     126    1735       0       0       0                        01010500D    849
     126       0       0       2       0                               0D    850
     110    1737       0       0       0                        01010000D    851
     110       0       0       1       0                               0D    852
     102    1738       0       0       0                        01010500D    853
     102       0       0       1       0                               0D    854
     102    1739       0       0       0                        01010000D    855
     102       0       0       1       0                               0D    856
     142    1740       0       0       0                        00010500D    857
     142       0       0       1       0                               0D    858
     144    1741       0       0       0                        00000000D    859
     144       0      -1       1       0                               0D    860
     110    1742       0       0       0                        01010000D    861
     110       0       0       1       0                               0D    862
     110    1743       0       0       0                        01010000D    863
     110       0       0       1       0                               0D    864
     120    1744       0       0       0                        01010000D    865
     120       0       0       1       0                               0D    866
     126    1745       0       0       0                        01010500D    867
     126       0       0       2       0                               0D    868
     124    1747       0       0       0                        00000000D    869
     124       0       0       2       0                               0D    870
     100    1749       0       0       0             869        01010000D    871
     100       0       0       1       0                               0D    872
     126    1750       0       0       0                        01010500D    873
     126       0       0       2       0                               0D    874
     110    1752       0       0       0                        01010000D    875
     110       0       0       1       0                               0D    876
     126    1753       0       0       0                        01010500D    877
     126       0       0       2       0                               0D    878
     100    1755       0       0       0                        01010000D    879
     100       0       0       1       0                               0D    880
     126    1756       0       0       0                        01010500D    881
     126       0       0       2       0                               0D    882
     110    1758       0       0       0                        01010000D    883
     110       0       0       1       0                               0D    884
     102    1759       0       0       0                        01010500D    885
     102       0       0       1       0                               0D    886
     102    1760       0       0       0                        01010000D    887
     102       0       0       1       0                               0D    888
     142    1761       0       0       0                        00010500D    889
     142       0       0       1       0                               0D    890
     144    1762       0       0       0                        00000000D    891
     144       0      -1       1       0                               0D    892
     128    1763       0       0       0                        01010000D    893
     128       0       0     126       0                               0D    894
     126    1889       0       0       0                        01010500D    895
     126       0       0       2       0                               0D    896
     124    1891       0       0       0                        00000000D    897
     124       0       0       3       0                               0D    898
     100    1894       0       0       0             897        01010000D    899
     100       0       0       1       0                               0D    900
     126    1895       0       0       0                        01010500D    901
     126       0       0       2       0                               0D    902
     124    1897       0       0       0                        00000000D    903
     124       0       0       3       0                               0D    904
     100    1900       0       0       0             903        01010000D    905
     100       0       0       1       0                               0D    906
     126    1901       0       0       0                        01010500D    907
     126       0       0       2       0                               0D    908
     124    1903       0       0       0                        00000000D    909
     124       0       0       2       0                               0D    910
     100    1905       0       0       0             909        01010000D    911
     100       0       0       1       0                               0D    912
     126    1906       0       0       0                        01010500D    913
     126       0       0       2       0                               0D    914
     124    1908       0       0       0                        00000000D    915
     124       0       0       3       0                               0D    916
     100    1911       0       0       0             915        01010000D    917
     100       0       0       1       0                               0D    918
     102    1912       0       0       0                        01010500D    919
     102       0       0       1       0                               0D    920
     102    1913       0       0       0                        01010000D    921
     102       0       0       1       0                               0D    922
     142    1914       0       0       0                        00010500D    923
     142       0       0       1       0                               0D    924
     144    1915       0       0       0                        00000000D    925
     144       0      -1       1       0                               0D    926
     128    1916       0       0       0                        01010000D    927
     128       0       0     140       0                               0D    928
     126    2056       0       0       0                        01010500D    929
     126       0       0       2       0                               0D    930
     124    2058       0       0       0                        00000000D    931
     124       0       0       4       0                               0D    932
     100    2062       0       0       0             931        01010000D    933
     100       0       0       2       0                               0D    934
     126    2064       0       0       0                        01010500D    935
     126       0       0       2       0                               0D    936
     126    2066       0       0       0                        01010000D    937
     126       0       0      12       0                               0D    938
     126    2078       0       0       0                        01010500D    939
     126       0       0       2       0                               0D    940
     124    2080       0       0       0                        00000000D    941
     124       0       0       4       0                               0D    942
     100    2084       0       0       0             941        01010000D    943
     100       0       0       2       0                               0D    944
     126    2086       0       0       0                        01010500D    945
     126       0       0       2       0                               0D    946
     126    2088       0       0       0                        01010000D    947
     126       0       0       5       0                               0D    948
     126    2093       0       0       0                        01010500D    949
     126       0       0       2       0                               0D    950
     126    2095       0       0       0                        01010000D    951
     126       0       0      15       0                               0D    952
     126    2110       0       0       0                        01010500D    953
     126       0       0       2       0                               0D    954
     126    2112       0       0       0                        01010000D    955
     126       0       0      16       0                               0D    956
     126    2128       0       0       0                        01010500D    957
     126       0       0       2       0                               0D    958
     126    2130       0       0       0                        01010000D    959
     126       0       0       5       0                               0D    960
     102    2135       0       0       0                        01010500D    961
     102       0       0       1       0                               0D    962
     102    2136       0       0       0                        01010000D    963
     102       0       0       1       0                               0D    964
     142    2137       0       0       0                        00010500D    965
     142       0       0       1       0                               0D    966
     144    2138       0       0       0                        00000000D    967
     144       0      -1       1       0                               0D    968
     128    2139       0       0       0                        01010000D    969
     128       0       0      74       0                               0D    970
     126    2213       0       0       0                        01010500D    971
     126       0       0       2       0                               0D    972
     124    2215       0       0       0                        00000000D    973
     124       0       0       4       0                               0D    974
     100    2219       0       0       0             973        01010000D    975
     100       0       0       2       0                               0D    976
     126    2221       0       0       0                        01010500D    977
     126       0       0       2       0                               0D    978
     126    2223       0       0       0                        01010000D    979
     126       0       0       5       0                               0D    980
     126    2228       0       0       0                        01010500D    981
     126       0       0       2       0                               0D    982
     124    2230       0       0       0                        00000000D    983
     124       0       0       4       0                               0D    984
     100    2234       0       0       0             983        01010000D    985
     100       0       0       1       0                               0D    986
     126    2235       0       0       0                        01010500D    987
     126       0       0       2       0                               0D    988
     126    2237       0       0       0                        01010000D    989
     126       0       0       6       0                               0D    990
     102    2243       0       0       0                        01010500D    991
     102       0       0       1       0                               0D    992
     102    2244       0       0       0                        01010000D    993
     102       0       0       1       0                               0D    994
     142    2245       0       0       0                        00010500D    995
     142       0       0       1       0                               0D    996
     144    2246       0       0       0                        00000000D    997
     144       0      -1       1       0                               0D    998
     128    2247       0       0       0                        01010000D    999
     128       0       0      74       0                               0D   1000
     126    2321       0       0       0                        01010500D   1001
     126       0       0       2       0                               0D   1002
     124    2323       0       0       0                        00000000D   1003
     124       0       0       4       0                               0D   1004
     100    2327       0       0       0            1003        01010000D   1005
     100       0       0       2       0                               0D   1006
     126    2329       0       0       0                        01010500D   1007
     126       0       0       2       0                               0D   1008
     126    2331       0       0       0                        01010000D   1009
     126       0       0       6       0                               0D   1010
     126    2337       0       0       0                        01010500D   1011
     126       0       0       2       0                               0D   1012
     124    2339       0       0       0                        00000000D   1013
     124       0       0       4       0                               0D   1014
     100    2343       0       0       0            1013        01010000D   1015
     100       0       0       1       0                               0D   1016
     126    2344       0       0       0                        01010500D   1017
     126       0       0       2       0                               0D   1018
     126    2346       0       0       0                        01010000D   1019
     126       0       0       5       0                               0D   1020
     102    2351       0       0       0                        01010500D   1021
     102       0       0       1       0                               0D   1022
     102    2352       0       0       0                        01010000D   1023
     102       0       0       1       0                               0D   1024
     142    2353       0       0       0                        00010500D   1025
     142       0       0       1       0                               0D   1026
     144    2354       0       0       0                        00000000D   1027
     144       0      -1       1       0                               0D   1028
     128    2355       0       0       0                        01010000D   1029
     128       0       0     121       0                               0D   1030
     126    2476       0       0       0                        01010500D   1031
     126       0       0       2       0                               0D   1032
     124    2478       0       0       0                        00000000D   1033
     124       0       0       4       0                               0D   1034
     100    2482       0       0       0            1033        01010000D   1035
     100       0       0       1       0                               0D   1036
     126    2483       0       0       0                        01010500D   1037
     126       0       0       2       0                               0D   1038
     126    2485       0       0       0                        01010000D   1039
     126       0       0       9       0                               0D   1040
     126    2494       0       0       0                        01010500D   1041
     126       0       0       2       0                               0D   1042
     124    2496       0       0       0                        00000000D   1043
     124       0       0       4       0                               0D   1044
     100    2500       0       0       0            1043        01010000D   1045
     100       0       0       1       0                               0D   1046
     126    2501       0       0       0                        01010500D   1047
     126       0       0       2       0                               0D   1048
     126    2503       0       0       0                        01010000D   1049
     126       0       0       9       0                               0D   1050
     126    2512       0       0       0                        01010500D   1051
     126       0       0       2       0                               0D   1052
     126    2514       0       0       0                        01010000D   1053
     126       0       0      19       0                               0D   1054
     126    2533       0       0       0                        01010500D   1055
     126       0       0       2       0                               0D   1056
     126    2535       0       0       0                        01010000D   1057
     126       0       0      10       0                               0D   1058
     102    2545       0       0       0                        01010500D   1059
     102       0       0       1       0                               0D   1060
     102    2546       0       0       0                        01010000D   1061
     102       0       0       1       0                               0D   1062
     142    2547       0       0       0                        00010500D   1063
     142       0       0       1       0                               0D   1064
     144    2548       0       0       0                        00000000D   1065
     144       0      -1       1       0                               0D   1066
     128    2549       0       0       0                        01010000D   1067
     128       0       0     118       0                               0D   1068
     126    2667       0       0       0                        01010500D   1069
     126       0       0       2       0                               0D   1070
     126    2669       0       0       0                        01010000D   1071
     126       0       0      18       0                               0D   1072
     126    2687       0       0       0                        01010500D   1073
     126       0       0       2       0                               0D   1074
     126    2689       0       0       0                        01010000D   1075
     126       0       0      10       0                               0D   1076
     126    2699       0       0       0                        01010500D   1077
     126       0       0       2       0                               0D   1078
     124    2701       0       0       0                        00000000D   1079
     124       0       0       4       0                               0D   1080
     100    2705       0       0       0            1079        01010000D   1081
     100       0       0       1       0                               0D   1082
     126    2706       0       0       0                        01010500D   1083
     126       0       0       2       0                               0D   1084
     126    2708       0       0       0                        01010000D   1085
     126       0       0       9       0                               0D   1086
     126    2717       0       0       0                        01010500D   1087
     126       0       0       2       0                               0D   1088
     124    2719       0       0       0                        00000000D   1089
     124       0       0       4       0                               0D   1090
     100    2723       0       0       0            1089        01010000D   1091
     100       0       0       1       0                               0D   1092
     126    2724       0       0       0                        01010500D   1093
     126       0       0       2       0                               0D   1094
     126    2726       0       0       0                        01010000D   1095
     126       0       0       9       0                               0D   1096
     102    2735       0       0       0                        01010500D   1097
     102       0       0       1       0                               0D   1098
     102    2736       0       0       0                        01010000D   1099
     102       0       0       1       0                               0D   1100
     142    2737       0       0       0                        00010500D   1101
     142       0       0       1       0                               0D   1102
     144    2738       0       0       0                        00000000D   1103
     144       0      -1       1       0                               0D   1104
     128    2739       0       0       0                        01010000D   1105
     128       0       0      76       0                               0D   1106
     126    2815       0       0       0                        01010500D   1107
     126       0       0       2       0                               0D   1108
     124    2817       0       0       0                        00000000D   1109
     124       0       0       4       0                               0D   1110
     100    2821       0       0       0            1109        01010000D   1111
     100       0       0       1       0                               0D   1112
     126    2822       0       0       0                        01010500D   1113
     126       0       0       2       0                               0D   1114
     126    2824       0       0       0                        01010000D   1115
     126       0       0       5       0                               0D   1116
     126    2829       0       0       0                        01010500D   1117
     126       0       0       2       0                               0D   1118
     124    2831       0       0       0                        00000000D   1119
     124       0       0       4       0                               0D   1120
     100    2835       0       0       0            1119        01010000D   1121
     100       0       0       2       0                               0D   1122
     126    2837       0       0       0                        01010500D   1123
     126       0       0       2       0                               0D   1124
     126    2839       0       0       0                        01010000D   1125
     126       0       0       7       0                               0D   1126
     102    2846       0       0       0                        01010500D   1127
     102       0       0       1       0                               0D   1128
     102    2847       0       0       0                        01010000D   1129
     102       0       0       1       0                               0D   1130
     142    2848       0       0       0                        00010500D   1131
     142       0       0       1       0                               0D   1132
     144    2849       0       0       0                        00000000D   1133
     144       0      -1       1       0                               0D   1134
     128    2850       0       0       0                        01010000D   1135
     128       0       0      76       0                               0D   1136
     126    2926       0       0       0                        01010500D   1137
     126       0       0       2       0                               0D   1138
     124    2928       0       0       0                        00000000D   1139
     124       0       0       4       0                               0D   1140
     100    2932       0       0       0            1139        01010000D   1141
     100       0       0       1       0                               0D   1142
     126    2933       0       0       0                        01010500D   1143
     126       0       0       2       0                               0D   1144
     126    2935       0       0       0                        01010000D   1145
     126       0       0       6       0                               0D   1146
     126    2941       0       0       0                        01010500D   1147
     126       0       0       2       0                               0D   1148
     124    2943       0       0       0                        00000000D   1149
     124       0       0       4       0                               0D   1150
     100    2947       0       0       0            1149        01010000D   1151
     100       0       0       2       0                               0D   1152
     126    2949       0       0       0                        01010500D   1153
     126       0       0       2       0                               0D   1154
     126    2951       0       0       0                        01010000D   1155
     126       0       0       5       0                               0D   1156
     102    2956       0       0       0                        01010500D   1157
     102       0       0       1       0                               0D   1158
     102    2957       0       0       0                        01010000D   1159
     102       0       0       1       0                               0D   1160
     142    2958       0       0       0                        00010500D   1161
     142       0       0       1       0                               0D   1162
     144    2959       0       0       0                        00000000D   1163
     144       0      -1       1       0                               0D   1164
     128    2960       0       0       0                        01010000D   1165
     128       0       0     148       0                               0D   1166
     126    3108       0       0       0                        01010500D   1167
     126       0       0       2       0                               0D   1168
     124    3110       0       0       0                        00000000D   1169
     124       0       0       4       0                               0D   1170
     100    3114       0       0       0            1169        01010000D   1171
     100       0       0       2       0                               0D   1172
     126    3116       0       0       0                        01010500D   1173
     126       0       0       2       0                               0D   1174
     126    3118       0       0       0                        01010000D   1175
     126       0       0      13       0                               0D   1176
     126    3131       0       0       0                        01010500D   1177
     126       0       0       2       0                               0D   1178
     124    3133       0       0       0                        00000000D   1179
     124       0       0       4       0                               0D   1180
     100    3137       0       0       0            1179        01010000D   1181
     100       0       0       2       0                               0D   1182
     126    3139       0       0       0                        01010500D   1183
     126       0       0       2       0                               0D   1184
     126    3141       0       0       0                        01010000D   1185
     126       0       0       5       0                               0D   1186
     126    3146       0       0       0                        01010500D   1187
     126       0       0       2       0                               0D   1188
     126    3148       0       0       0                        01010000D   1189
     126       0       0      15       0                               0D   1190
     126    3163       0       0       0                        01010500D   1191
     126       0       0       2       0                               0D   1192
     126    3165       0       0       0                        01010000D   1193
     126       0       0      17       0                               0D   1194
     126    3182       0       0       0                        01010500D   1195
     126       0       0       2       0                               0D   1196
     126    3184       0       0       0                        01010000D   1197
     126       0       0       5       0                               0D   1198
     102    3189       0       0       0                        01010500D   1199
     102       0       0       1       0                               0D   1200
     102    3190       0       0       0                        01010000D   1201
     102       0       0       1       0                               0D   1202
     142    3191       0       0       0                        00010500D   1203
     142       0       0       1       0                               0D   1204
     144    3192       0       0       0                        00000000D   1205
     144       0      -1       1       0                               0D   1206
     128    3193       0       0       0                        01010000D   1207
     128       0       0       3       0                               0D   1208
     126    3196       0       0       0                        01010500D   1209
     126       0       0       2       0                               0D   1210
     110    3198       0       0       0                        01010000D   1211
     110       0       0       1       0                               0D   1212
     126    3199       0       0       0                        01010500D   1213
     126       0       0       2       0                               0D   1214
     110    3201       0       0       0                        01010000D   1215
     110       0       0       1       0                               0D   1216
     126    3202       0       0       0                        01010500D   1217
     126       0       0       2       0                               0D   1218
     110    3204       0       0       0                        01010000D   1219
     110       0       0       1       0                               0D   1220
     126    3205       0       0       0                        01010500D   1221
     126       0       0       2       0                               0D   1222
     110    3207       0       0       0                        01010000D   1223
     110       0       0       1       0                               0D   1224
     102    3208       0       0       0                        01010500D   1225
     102       0       0       1       0                               0D   1226
     102    3209       0       0       0                        01010000D   1227
     102       0       0       1       0                               0D   1228
     142    3210       0       0       0                        00010500D   1229
     142       0       0       1       0                               0D   1230
     144    3211       0       0       0                        00000000D   1231
     144       0      -1       1       0                               0D   1232
     110    3212       0       0       0                        01010000D   1233
     110       0       0       1       0                               0D   1234
     110    3213       0       0       0                        01010000D   1235
     110       0       0       1       0                               0D   1236
     120    3214       0       0       0                        01010000D   1237
     120       0       0       1       0                               0D   1238
     126    3215       0       0       0                        01010500D   1239
     126       0       0       2       0                               0D   1240
     124    3217       0       0       0                        00000000D   1241
     124       0       0       3       0                               0D   1242
     100    3220       0       0       0            1241        01010000D   1243
     100       0       0       1       0                               0D   1244
     126    3221       0       0       0                        01010500D   1245
     126       0       0       2       0                               0D   1246
     110    3223       0       0       0                        01010000D   1247
     110       0       0       1       0                               0D   1248
     126    3224       0       0       0                        01010500D   1249
     126       0       0       2       0                               0D   1250
     124    3226       0       0       0                        00000000D   1251
     124       0       0       2       0                               0D   1252
     100    3228       0       0       0            1251        01010000D   1253
     100       0       0       1       0                               0D   1254
     126    3229       0       0       0                        01010500D   1255
     126       0       0       2       0                               0D   1256
     110    3231       0       0       0                        01010000D   1257
     110       0       0       1       0                               0D   1258
     102    3232       0       0       0                        01010500D   1259
     102       0       0       1       0                               0D   1260
     102    3233       0       0       0                        01010000D   1261
     102       0       0       1       0                               0D   1262
     142    3234       0       0       0                        00010500D   1263
     142       0       0       1       0                               0D   1264
     144    3235       0       0       0                        00000000D   1265
     144       0      -1       1       0                               0D   1266
     128    3236       0       0       0                        01010000D   1267
     128       0       0       2       0                               0D   1268
     126    3238       0       0       0                        01010500D   1269
     126       0       0       2       0                               0D   1270
     110    3240       0       0       0                        01010000D   1271
     110       0       0       1       0                               0D   1272
     126    3241       0       0       0                        01010500D   1273
     126       0       0       2       0                               0D   1274
     110    3243       0       0       0                        01010000D   1275
     110       0       0       1       0                               0D   1276
     126    3244       0       0       0                        01010500D   1277
     126       0       0       2       0                               0D   1278
     110    3246       0       0       0                        01010000D   1279
     110       0       0       1       0                               0D   1280
     126    3247       0       0       0                        01010500D   1281
     126       0       0       2       0                               0D   1282
     110    3249       0       0       0                        01010000D   1283
     110       0       0       1       0                               0D   1284
     102    3250       0       0       0                        01010500D   1285
     102       0       0       1       0                               0D   1286
     102    3251       0       0       0                        01010000D   1287
     102       0       0       1       0                               0D   1288
     142    3252       0       0       0                        00010500D   1289
     142       0       0       1       0                               0D   1290
     144    3253       0       0       0                        00000000D   1291
     144       0      -1       1       0                               0D   1292
     110    3254       0       0       0                        01010000D   1293
     110       0       0       1       0                               0D   1294
     110    3255       0       0       0                        01010000D   1295
     110       0       0       1       0                               0D   1296
     120    3256       0       0       0                        01010000D   1297
     120       0       0       1       0                               0D   1298
     126    3257       0       0       0                        01010500D   1299
     126       0       0       2       0                               0D   1300
     124    3259       0       0       0                        00000000D   1301
     124       0       0       3       0                               0D   1302
     100    3262       0       0       0            1301        01010000D   1303
     100       0       0       1       0                               0D   1304
     126    3263       0       0       0                        01010500D   1305
     126       0       0       2       0                               0D   1306
     110    3265       0       0       0                        01010000D   1307
     110       0       0       1       0                               0D   1308
     126    3266       0       0       0                        01010500D   1309
     126       0       0       2       0                               0D   1310
     124    3268       0       0       0                        00000000D   1311
     124       0       0       3       0                               0D   1312
     100    3271       0       0       0            1311        01010000D   1313
     100       0       0       1       0                               0D   1314
     126    3272       0       0       0                        01010500D   1315
     126       0       0       2       0                               0D   1316
     110    3274       0       0       0                        01010000D   1317
     110       0       0       1       0                               0D   1318
     102    3275       0       0       0                        01010500D   1319
     102       0       0       1       0                               0D   1320
     102    3276       0       0       0                        01010000D   1321
     102       0       0       1       0                               0D   1322
     142    3277       0       0       0                        00010500D   1323
     142       0       0       1       0                               0D   1324
     144    3278       0       0       0                        00000000D   1325
     144       0      -1       1       0                               0D   1326
     128    3279       0       0       0                        01010000D   1327
     128       0       0       3       0                               0D   1328
     126    3282       0       0       0                        01010500D   1329
     126       0       0       2       0                               0D   1330
     110    3284       0       0       0                        01010000D   1331
     110       0       0       1       0                               0D   1332
     126    3285       0       0       0                        01010500D   1333
     126       0       0       2       0                               0D   1334
     110    3287       0       0       0                        01010000D   1335
     110       0       0       1       0                               0D   1336
     126    3288       0       0       0                        01010500D   1337
     126       0       0       2       0                               0D   1338
     110    3290       0       0       0                        01010000D   1339
     110       0       0       1       0                               0D   1340
     126    3291       0       0       0                        01010500D   1341
     126       0       0       2       0                               0D   1342
     110    3293       0       0       0                        01010000D   1343
     110       0       0       1       0                               0D   1344
     102    3294       0       0       0                        01010500D   1345
     102       0       0       1       0                               0D   1346
     102    3295       0       0       0                        01010000D   1347
     102       0       0       1       0                               0D   1348
     142    3296       0       0       0                        00010500D   1349
     142       0       0       1       0                               0D   1350
     144    3297       0       0       0                        00000000D   1351
     144       0      -1       1       0                               0D   1352
     110    3298       0       0       0                        01010000D   1353
     110       0       0       1       0                               0D   1354
     110    3299       0       0       0                        01010000D   1355
     110       0       0       1       0                               0D   1356
     120    3300       0       0       0                        01010000D   1357
     120       0       0       1       0                               0D   1358
     126    3301       0       0       0                        01010500D   1359
     126       0       0       2       0                               0D   1360
     124    3303       0       0       0                        00000000D   1361
     124       0       0       3       0                               0D   1362
     100    3306       0       0       0            1361        01010000D   1363
     100       0       0       1       0                               0D   1364
     126    3307       0       0       0                        01010500D   1365
     126       0       0       2       0                               0D   1366
     110    3309       0       0       0                        01010000D   1367
     110       0       0       1       0                               0D   1368
     126    3310       0       0       0                        01010500D   1369
     126       0       0       2       0                               0D   1370
     124    3312       0       0       0                        00000000D   1371
     124       0       0       3       0                               0D   1372
     100    3315       0       0       0            1371        01010000D   1373
     100       0       0       1       0                               0D   1374
     126    3316       0       0       0                        01010500D   1375
     126       0       0       2       0                               0D   1376
     110    3318       0       0       0                        01010000D   1377
     110       0       0       1       0                               0D   1378
     102    3319       0       0       0                        01010500D   1379
     102       0       0       1       0                               0D   1380
     102    3320       0       0       0                        01010000D   1381
     102       0       0       1       0                               0D   1382
     142    3321       0       0       0                        00010500D   1383
     142       0       0       1       0                               0D   1384
     144    3322       0       0       0                        00000000D   1385
     144       0      -1       1       0                               0D   1386
     128    3323       0       0       0                        01010000D   1387
     128       0       0       2       0                               0D   1388
     126    3325       0       0       0                        01010500D   1389
     126       0       0       2       0                               0D   1390
     110    3327       0       0       0                        01010000D   1391
     110       0       0       1       0                               0D   1392
     126    3328       0       0       0                        01010500D   1393
     126       0       0       2       0                               0D   1394
     110    3330       0       0       0                        01010000D   1395
     110       0       0       1       0                               0D   1396
     126    3331       0       0       0                        01010500D   1397
     126       0       0       2       0                               0D   1398
     110    3333       0       0       0                        01010000D   1399
     110       0       0       1       0                               0D   1400
     126    3334       0       0       0                        01010500D   1401
     126       0       0       2       0                               0D   1402
     110    3336       0       0       0                        01010000D   1403
     110       0       0       1       0                               0D   1404
     102    3337       0       0       0                        01010500D   1405
     102       0       0       1       0                               0D   1406
     102    3338       0       0       0                        01010000D   1407
     102       0       0       1       0                               0D   1408
     142    3339       0       0       0                        00010500D   1409
     142       0       0       1       0                               0D   1410
     144    3340       0       0       0                        00000000D   1411
     144       0      -1       1       0                               0D   1412
     110    3341       0       0       0                        01010000D   1413
     110       0       0       1       0                               0D   1414
     110    3342       0       0       0                        01010000D   1415
     110       0       0       1       0                               0D   1416
     120    3343       0       0       0                        01010000D   1417
     120       0       0       1       0                               0D   1418
     126    3344       0       0       0                        01010500D   1419
     126       0       0       2       0                               0D   1420
     124    3346       0       0       0                        00000000D   1421
     124       0       0       3       0                               0D   1422
     100    3349       0       0       0            1421        01010000D   1423
     100       0       0       1       0                               0D   1424
     126    3350       0       0       0                        01010500D   1425
     126       0       0       2       0                               0D   1426
     110    3352       0       0       0                        01010000D   1427
     110       0       0       1       0                               0D   1428
     126    3353       0       0       0                        01010500D   1429
     126       0       0       2       0                               0D   1430
     124    3355       0       0       0                        00000000D   1431
     124       0       0       3       0                               0D   1432
     100    3358       0       0       0            1431        01010000D   1433
     100       0       0       1       0                               0D   1434
     126    3359       0       0       0                        01010500D   1435
     126       0       0       2       0                               0D   1436
     110    3361       0       0       0                        01010000D   1437
     110       0       0       1       0                               0D   1438
     102    3362       0       0       0                        01010500D   1439
     102       0       0       1       0                               0D   1440
     102    3363       0       0       0                        01010000D   1441
     102       0       0       1       0                               0D   1442
     142    3364       0       0       0                        00010500D   1443
     142       0       0       1       0                               0D   1444
     144    3365       0       0       0                        00000000D   1445
     144       0      -1       1       0                               0D   1446
     128    3366       0       0       0                        01010000D   1447
     128       0       0       3       0                               0D   1448
     126    3369       0       0       0                        01010500D   1449
     126       0       0       2       0                               0D   1450
     110    3371       0       0       0                        01010000D   1451
     110       0       0       1       0                               0D   1452
     126    3372       0       0       0                        01010500D   1453
     126       0       0       2       0                               0D   1454
     110    3374       0       0       0                        01010000D   1455
     110       0       0       1       0                               0D   1456
     126    3375       0       0       0                        01010500D   1457
     126       0       0       2       0                               0D   1458
     110    3377       0       0       0                        01010000D   1459
     110       0       0       1       0                               0D   1460
     126    3378       0       0       0                        01010500D   1461
     126       0       0       2       0                               0D   1462
     110    3380       0       0       0                        01010000D   1463
     110       0       0       1       0                               0D   1464
     102    3381       0       0       0                        01010500D   1465
     102       0       0       1       0                               0D   1466
     102    3382       0       0       0                        01010000D   1467
     102       0       0       1       0                               0D   1468
     142    3383       0       0       0                        00010500D   1469
     142       0       0       1       0                               0D   1470
     144    3384       0       0       0                        00000000D   1471
     144       0      -1       1       0                               0D   1472
     110    3385       0       0       0                        01010000D   1473
     110       0       0       1       0                               0D   1474
     110    3386       0       0       0                        01010000D   1475
     110       0       0       1       0                               0D   1476
     120    3387       0       0       0                        01010000D   1477
     120       0       0       1       0                               0D   1478
     126    3388       0       0       0                        01010500D   1479
     126       0       0       2       0                               0D   1480
     124    3390       0       0       0                        00000000D   1481
     124       0       0       3       0                               0D   1482
     100    3393       0       0       0            1481        01010000D   1483
     100       0       0       1       0                               0D   1484
     126    3394       0       0       0                        01010500D   1485
     126       0       0       2       0                               0D   1486
     110    3396       0       0       0                        01010000D   1487
     110       0       0       1       0                               0D   1488
     126    3397       0       0       0                        01010500D   1489
     126       0       0       2       0                               0D   1490
     124    3399       0       0       0                        00000000D   1491
     124       0       0       3       0                               0D   1492
     100    3402       0       0       0            1491        01010000D   1493
     100       0       0       1       0                               0D   1494
     126    3403       0       0       0                        01010500D   1495
     126       0       0       2       0                               0D   1496
     110    3405       0       0       0                        01010000D   1497
     110       0       0       1       0                               0D   1498
     102    3406       0       0       0                        01010500D   1499
     102       0       0       1       0                               0D   1500
     102    3407       0       0       0                        01010000D   1501
     102       0       0       1       0                               0D   1502
     142    3408       0       0       0                        00010500D   1503
     142       0       0       1       0                               0D   1504
     144    3409       0       0       0                        00000000D   1505
     144       0      -1       1       0                               0D   1506
     110    3410       0       0       0                        01010000D   1507
     110       0       0       1       0                               0D   1508
     110    3411       0       0       0                        01010000D   1509
     110       0       0       1       0                               0D   1510
     120    3412       0       0       0                        01010000D   1511
     120       0       0       1       0                               0D   1512
     126    3413       0       0       0                        01010500D   1513
     126       0       0       2       0                               0D   1514
     124    3415       0       0       0                        00000000D   1515
     124       0       0       3       0                               0D   1516
     100    3418       0       0       0            1515        01010000D   1517
     100       0       0       1       0                               0D   1518
     126    3419       0       0       0                        01010500D   1519
     126       0       0       2       0                               0D   1520
     110    3421       0       0       0                        01010000D   1521
     110       0       0       1       0                               0D   1522
     126    3422       0       0       0                        01010500D   1523
     126       0       0       2       0                               0D   1524
     124    3424       0       0       0                        00000000D   1525
     124       0       0       2       0                               0D   1526
     100    3426       0       0       0            1525        01010000D   1527
     100       0       0       1       0                               0D   1528
     126    3427       0       0       0                        01010500D   1529
     126       0       0       2       0                               0D   1530
     110    3429       0       0       0                        01010000D   1531
     110       0       0       1       0                               0D   1532
     102    3430       0       0       0                        01010500D   1533
     102       0       0       1       0                               0D   1534
     102    3431       0       0       0                        01010000D   1535
     102       0       0       1       0                               0D   1536
     142    3432       0       0       0                        00010500D   1537
     142       0       0       1       0                               0D   1538
     144    3433       0       0       0                        00000000D   1539
     144       0      -1       1       0                               0D   1540
     128    3434       0       0       0                        01010000D   1541
     128       0       0       2       0                               0D   1542
     126    3436       0       0       0                        01010500D   1543
     126       0       0       2       0                               0D   1544
     110    3438       0       0       0                        01010000D   1545
     110       0       0       1       0                               0D   1546
     126    3439       0       0       0                        01010500D   1547
     126       0       0       2       0                               0D   1548
     110    3441       0       0       0                        01010000D   1549
     110       0       0       1       0                               0D   1550
     126    3442       0       0       0                        01010500D   1551
     126       0       0       2       0                               0D   1552
     110    3444       0       0       0                        01010000D   1553
     110       0       0       1       0                               0D   1554
     126    3445       0       0       0                        01010500D   1555
     126       0       0       2       0                               0D   1556
     110    3447       0       0       0                        01010000D   1557
     110       0       0       1       0                               0D   1558
     102    3448       0       0       0                        01010500D   1559
     102       0       0       1       0                               0D   1560
     102    3449       0       0       0                        01010000D   1561
     102       0       0       1       0                               0D   1562
     142    3450       0       0       0                        00010500D   1563
     142       0       0       1       0                               0D   1564
     144    3451       0       0       0                        00000000D   1565
     144       0      -1       1       0                               0D   1566
     128    3452       0       0       0                        01010000D   1567
     128       0       0       2       0                               0D   1568
     126    3454       0       0       0                        01010500D   1569
     126       0       0       2       0                               0D   1570
     110    3456       0       0       0                        01010000D   1571
     110       0       0       1       0                               0D   1572
     126    3457       0       0       0                        01010500D   1573
     126       0       0       2       0                               0D   1574
     110    3459       0       0       0                        01010000D   1575
     110       0       0       1       0                               0D   1576
     126    3460       0       0       0                        01010500D   1577
     126       0       0       2       0                               0D   1578
     110    3462       0       0       0                        01010000D   1579
     110       0       0       1       0                               0D   1580
     126    3463       0       0       0                        01010500D   1581
     126       0       0       2       0                               0D   1582
     110    3465       0       0       0                        01010000D   1583
     110       0       0       1       0                               0D   1584
     102    3466       0       0       0                        01010500D   1585
     102       0       0       1       0                               0D   1586
     102    3467       0       0       0                        01010000D   1587
     102       0       0       1       0                               0D   1588
     142    3468       0       0       0                        00010500D   1589
     142       0       0       1       0                               0D   1590
     144    3469       0       0       0                        00000000D   1591
     144       0      -1       1       0                               0D   1592
     110    3470       0       0       0                        01010000D   1593
     110       0       0       1       0                               0D   1594
     110    3471       0       0       0                        01010000D   1595
     110       0       0       1       0                               0D   1596
     120    3472       0       0       0                        01010000D   1597
     120       0       0       1       0                               0D   1598
     126    3473       0       0       0                        01010500D   1599
     126       0       0       2       0                               0D   1600
     124    3475       0       0       0                        00000000D   1601
     124       0       0       3       0                               0D   1602
     100    3478       0       0       0            1601        01010000D   1603
     100       0       0       1       0                               0D   1604
     126    3479       0       0       0                        01010500D   1605
     126       0       0       2       0                               0D   1606
     110    3481       0       0       0                        01010000D   1607
     110       0       0       1       0                               0D   1608
     126    3482       0       0       0                        01010500D   1609
     126       0       0       2       0                               0D   1610
     124    3484       0       0       0                        00000000D   1611
     124       0       0       3       0                               0D   1612
     100    3487       0       0       0            1611        01010000D   1613
     100       0       0       1       0                               0D   1614
     126    3488       0       0       0                        01010500D   1615
     126       0       0       2       0                               0D   1616
     110    3490       0       0       0                        01010000D   1617
     110       0       0       1       0                               0D   1618
     102    3491       0       0       0                        01010500D   1619
     102       0       0       1       0                               0D   1620
     102    3492       0       0       0                        01010000D   1621
     102       0       0       1       0                               0D   1622
     142    3493       0       0       0                        00010500D   1623
     142       0       0       1       0                               0D   1624
     144    3494       0       0       0                        00000000D   1625
     144       0      -1       1       0                               0D   1626
     110    3495       0       0       0                        01010000D   1627
     110       0       0       1       0                               0D   1628
     110    3496       0       0       0                        01010000D   1629
     110       0       0       1       0                               0D   1630
     120    3497       0       0       0                        01010000D   1631
     120       0       0       1       0                               0D   1632
     126    3498       0       0       0                        01010500D   1633
     126       0       0       2       0                               0D   1634
     124    3500       0       0       0                        00000000D   1635
     124       0       0       2       0                               0D   1636
     100    3502       0       0       0            1635        01010000D   1637
     100       0       0       1       0                               0D   1638
     126    3503       0       0       0                        01010500D   1639
     126       0       0       2       0                               0D   1640
     110    3505       0       0       0                        01010000D   1641
     110       0       0       1       0                               0D   1642
     126    3506       0       0       0                        01010500D   1643
     126       0       0       2       0                               0D   1644
     124    3508       0       0       0                        00000000D   1645
     124       0       0       3       0                               0D   1646
     100    3511       0       0       0            1645        01010000D   1647
     100       0       0       1       0                               0D   1648
     126    3512       0       0       0                        01010500D   1649
     126       0       0       2       0                               0D   1650
     110    3514       0       0       0                        01010000D   1651
     110       0       0       1       0                               0D   1652
     102    3515       0       0       0                        01010500D   1653
     102       0       0       1       0                               0D   1654
     102    3516       0       0       0                        01010000D   1655
     102       0       0       1       0                               0D   1656
     142    3517       0       0       0                        00010500D   1657
     142       0       0       1       0                               0D   1658
     144    3518       0       0       0                        00000000D   1659
     144       0      -1       1       0                               0D   1660
     128    3519       0       0       0                        01010000D   1661
     128       0       0       3       0                               0D   1662
     126    3522       0       0       0                        01010500D   1663
     126       0       0       2       0                               0D   1664
     110    3524       0       0       0                        01010000D   1665
     110       0       0       1       0                               0D   1666
     126    3525       0       0       0                        01010500D   1667
     126       0       0       2       0                               0D   1668
     110    3527       0       0       0                        01010000D   1669
     110       0       0       1       0                               0D   1670
     126    3528       0       0       0                        01010500D   1671
     126       0       0       2       0                               0D   1672
     110    3530       0       0       0                        01010000D   1673
     110       0       0       1       0                               0D   1674
     126    3531       0       0       0                        01010500D   1675
     126       0       0       2       0                               0D   1676
     110    3533       0       0       0                        01010000D   1677
     110       0       0       1       0                               0D   1678
     102    3534       0       0       0                        01010500D   1679
     102       0       0       1       0                               0D   1680
     102    3535       0       0       0                        01010000D   1681
     102       0       0       1       0                               0D   1682
     142    3536       0       0       0                        00010500D   1683
     142       0       0       1       0                               0D   1684
     144    3537       0       0       0                        00000000D   1685
     144       0      -1       1       0                               0D   1686
     128    3538       0       0       0                        01010000D   1687
     128       0       0       3       0                               0D   1688
     126    3541       0       0       0                        01010500D   1689
     126       0       0       2       0                               0D   1690
     110    3543       0       0       0                        01010000D   1691
     110       0       0       1       0                               0D   1692
     126    3544       0       0       0                        01010500D   1693
     126       0       0       2       0                               0D   1694
     110    3546       0       0       0                        01010000D   1695
     110       0       0       1       0                               0D   1696
     126    3547       0       0       0                        01010500D   1697
     126       0       0       2       0                               0D   1698
     110    3549       0       0       0                        01010000D   1699
     110       0       0       1       0                               0D   1700
     126    3550       0       0       0                        01010500D   1701
     126       0       0       2       0                               0D   1702
     110    3552       0       0       0                        01010000D   1703
     110       0       0       1       0                               0D   1704
     102    3553       0       0       0                        01010500D   1705
     102       0       0       1       0                               0D   1706
     102    3554       0       0       0                        01010000D   1707
     102       0       0       1       0                               0D   1708
     142    3555       0       0       0                        00010500D   1709
     142       0       0       1       0                               0D   1710
     144    3556       0       0       0                        00000000D   1711
     144       0      -1       1       0                               0D   1712
     128    3557       0       0       0                        01010000D   1713
     128       0       0       3       0                               0D   1714
     126    3560       0       0       0                        01010500D   1715
     126       0       0       2       0                               0D   1716
     110    3562       0       0       0                        01010000D   1717
     110       0       0       1       0                               0D   1718
     126    3563       0       0       0                        01010500D   1719
     126       0       0       2       0                               0D   1720
     110    3565       0       0       0                        01010000D   1721
     110       0       0       1       0                               0D   1722
     126    3566       0       0       0                        01010500D   1723
     126       0       0       2       0                               0D   1724
     110    3568       0       0       0                        01010000D   1725
     110       0       0       2       0                               0D   1726
     126    3570       0       0       0                        01010500D   1727
     126       0       0       2       0                               0D   1728
     110    3572       0       0       0                        01010000D   1729
     110       0       0       1       0                               0D   1730
     102    3573       0       0       0                        01010500D   1731
     102       0       0       1       0                               0D   1732
     102    3574       0       0       0                        01010000D   1733
     102       0       0       1       0                               0D   1734
     142    3575       0       0       0                        00010500D   1735
     142       0       0       1       0                               0D   1736
     144    3576       0       0       0                        00000000D   1737
     144       0      -1       1       0                               0D   1738
     128    3577       0       0       0                        01010000D   1739
     128       0       0       3       0                               0D   1740
     126    3580       0       0       0                        01010500D   1741
     126       0       0       2       0                               0D   1742
     110    3582       0       0       0                        01010000D   1743
     110       0       0       1       0                               0D   1744
     126    3583       0       0       0                        01010500D   1745
     126       0       0       2       0                               0D   1746
     110    3585       0       0       0                        01010000D   1747
     110       0       0       1       0                               0D   1748
     126    3586       0       0       0                        01010500D   1749
     126       0       0       2       0                               0D   1750
     110    3588       0       0       0                        01010000D   1751
     110       0       0       1       0                               0D   1752
     126    3589       0       0       0                        01010500D   1753
     126       0       0       2       0                               0D   1754
     110    3591       0       0       0                        01010000D   1755
     110       0       0       1       0                               0D   1756
     102    3592       0       0       0                        01010500D   1757
     102       0       0       1       0                               0D   1758
     102    3593       0       0       0                        01010000D   1759
     102       0       0       1       0                               0D   1760
     142    3594       0       0       0                        00010500D   1761
     142       0       0       1       0                               0D   1762
     144    3595       0       0       0                        00000000D   1763
     144       0      -1       1       0                               0D   1764
     128    3596       0       0       0                        01010000D   1765
     128       0       0       3       0                               0D   1766
     126    3599       0       0       0                        01010500D   1767
     126       0       0       2       0                               0D   1768
     110    3601       0       0       0                        01010000D   1769
     110       0       0       1       0                               0D   1770
     126    3602       0       0       0                        01010500D   1771
     126       0       0       2       0                               0D   1772
     110    3604       0       0       0                        01010000D   1773
     110       0       0       1       0                               0D   1774
     126    3605       0       0       0                        01010500D   1775
     126       0       0       2       0                               0D   1776
     110    3607       0       0       0                        01010000D   1777
     110       0       0       1       0                               0D   1778
     126    3608       0       0       0                        01010500D   1779
     126       0       0       2       0                               0D   1780
     110    3610       0       0       0                        01010000D   1781
     110       0       0       1       0                               0D   1782
     102    3611       0       0       0                        01010500D   1783
     102       0       0       1       0                               0D   1784
     102    3612       0       0       0                        01010000D   1785
     102       0       0       1       0                               0D   1786
     142    3613       0       0       0                        00010500D   1787
     142       0       0       1       0                               0D   1788
     144    3614       0       0       0                        00000000D   1789
     144       0      -1       1       0                               0D   1790
     128    3615       0       0       0                        01010000D   1791
     128       0       0       4       0                               0D   1792
     126    3619       0       0       0                        01010500D   1793
     126       0       0       2       0                               0D   1794
     110    3621       0       0       0                        01010000D   1795
     110       0       0       1       0                               0D   1796
     126    3622       0       0       0                        01010500D   1797
     126       0       0       2       0                               0D   1798
     110    3624       0       0       0                        01010000D   1799
     110       0       0       2       0                               0D   1800
     126    3626       0       0       0                        01010500D   1801
     126       0       0       2       0                               0D   1802
     110    3628       0       0       0                        01010000D   1803
     110       0       0       1       0                               0D   1804
     126    3629       0       0       0                        01010500D   1805
     126       0       0       2       0                               0D   1806
     110    3631       0       0       0                        01010000D   1807
     110       0       0       1       0                               0D   1808
     102    3632       0       0       0                        01010500D   1809
     102       0       0       1       0                               0D   1810
     102    3633       0       0       0                        01010000D   1811
     102       0       0       1       0                               0D   1812
     142    3634       0       0       0                        00010500D   1813
     142       0       0       1       0                               0D   1814
     144    3635       0       0       0                        00000000D   1815
     144       0      -1       1       0                               0D   1816
     128    3636       0       0       0                        01010000D   1817
     128       0       0       3       0                               0D   1818
     126    3639       0       0       0                        01010500D   1819
     126       0       0       2       0                               0D   1820
     110    3641       0       0       0                        01010000D   1821
     110       0       0       1       0                               0D   1822
     126    3642       0       0       0                        01010500D   1823
     126       0       0       2       0                               0D   1824
     110    3644       0       0       0                        01010000D   1825
     110       0       0       1       0                               0D   1826
     126    3645       0       0       0                        01010500D   1827
     126       0       0       2       0                               0D   1828
     110    3647       0       0       0                        01010000D   1829
     110       0       0       1       0                               0D   1830
     126    3648       0       0       0                        01010500D   1831
     126       0       0       2       0                               0D   1832
     110    3650       0       0       0                        01010000D   1833
     110       0       0       1       0                               0D   1834
     102    3651       0       0       0                        01010500D   1835
     102       0       0       1       0                               0D   1836
     102    3652       0       0       0                        01010000D   1837
     102       0       0       1       0                               0D   1838
     142    3653       0       0       0                        00010500D   1839
     142       0       0       1       0                               0D   1840
     144    3654       0       0       0                        00000000D   1841
     144       0      -1       1       0                               0D   1842
     128    3655       0       0       0                        01010000D   1843
     128       0       0       3       0                               0D   1844
     126    3658       0       0       0                        01010500D   1845
     126       0       0       2       0                               0D   1846
     110    3660       0       0       0                        01010000D   1847
     110       0       0       1       0                               0D   1848
     126    3661       0       0       0                        01010500D   1849
     126       0       0       2       0                               0D   1850
     110    3663       0       0       0                        01010000D   1851
     110       0       0       1       0                               0D   1852
     126    3664       0       0       0                        01010500D   1853
     126       0       0       2       0                               0D   1854
     110    3666       0       0       0                        01010000D   1855
     110       0       0       1       0                               0D   1856
     126    3667       0       0       0                        01010500D   1857
     126       0       0       2       0                               0D   1858
     110    3669       0       0       0                        01010000D   1859
     110       0       0       1       0                               0D   1860
     102    3670       0       0       0                        01010500D   1861
     102       0       0       1       0                               0D   1862
     102    3671       0       0       0                        01010000D   1863
     102       0       0       1       0                               0D   1864
     142    3672       0       0       0                        00010500D   1865
     142       0       0       1       0                               0D   1866
     144    3673       0       0       0                        00000000D   1867
     144       0      -1       1       0                               0D   1868
     128    3674       0       0       0                        01010000D   1869
     128       0       0       3       0                               0D   1870
     126    3677       0       0       0                        01010500D   1871
     126       0       0       2       0                               0D   1872
     110    3679       0       0       0                        01010000D   1873
     110       0       0       1       0                               0D   1874
     126    3680       0       0       0                        01010500D   1875
     126       0       0       2       0                               0D   1876
     110    3682       0       0       0                        01010000D   1877
     110       0       0       1       0                               0D   1878
     126    3683       0       0       0                        01010500D   1879
     126       0       0       2       0                               0D   1880
     110    3685       0       0       0                        01010000D   1881
     110       0       0       1       0                               0D   1882
     126    3686       0       0       0                        01010500D   1883
     126       0       0       2       0                               0D   1884
     110    3688       0       0       0                        01010000D   1885
     110       0       0       1       0                               0D   1886
     102    3689       0       0       0                        01010500D   1887
     102       0       0       1       0                               0D   1888
     102    3690       0       0       0                        01010000D   1889
     102       0       0       1       0                               0D   1890
     142    3691       0       0       0                        00010500D   1891
     142       0       0       1       0                               0D   1892
     144    3692       0       0       0                        00000000D   1893
     144       0      -1       1       0                               0D   1894
     128    3693       0       0       0                        01010000D   1895
     128       0       0       3       0                               0D   1896
     126    3696       0       0       0                        01010500D   1897
     126       0       0       2       0                               0D   1898
     110    3698       0       0       0                        01010000D   1899
     110       0       0       1       0                               0D   1900
     126    3699       0       0       0                        01010500D   1901
     126       0       0       2       0                               0D   1902
     110    3701       0       0       0                        01010000D   1903
     110       0       0       1       0                               0D   1904
     126    3702       0       0       0                        01010500D   1905
     126       0       0       2       0                               0D   1906
     110    3704       0       0       0                        01010000D   1907
     110       0       0       1       0                               0D   1908
     126    3705       0       0       0                        01010500D   1909
     126       0       0       2       0                               0D   1910
     110    3707       0       0       0                        01010000D   1911
     110       0       0       1       0                               0D   1912
     102    3708       0       0       0                        01010500D   1913
     102       0       0       1       0                               0D   1914
     102    3709       0       0       0                        01010000D   1915
     102       0       0       1       0                               0D   1916
     142    3710       0       0       0                        00010500D   1917
     142       0       0       1       0                               0D   1918
     144    3711       0       0       0                        00000000D   1919
     144       0      -1       1       0                               0D   1920
     128    3712       0       0       0                        01010000D   1921
     128       0       0       4       0                               0D   1922
     126    3716       0       0       0                        01010500D   1923
     126       0       0       2       0                               0D   1924
     110    3718       0       0       0                        01010000D   1925
     110       0       0       1       0                               0D   1926
     126    3719       0       0       0                        01010500D   1927
     126       0       0       2       0                               0D   1928
     110    3721       0       0       0                        01010000D   1929
     110       0       0       1       0                               0D   1930
     126    3722       0       0       0                        01010500D   1931
     126       0       0       2       0                               0D   1932
     110    3724       0       0       0                        01010000D   1933
     110       0       0       1       0                               0D   1934
     126    3725       0       0       0                        01010500D   1935
     126       0       0       2       0                               0D   1936
     110    3727       0       0       0                        01010000D   1937
     110       0       0       1       0                               0D   1938
     102    3728       0       0       0                        01010500D   1939
     102       0       0       1       0                               0D   1940
     102    3729       0       0       0                        01010000D   1941
     102       0       0       1       0                               0D   1942
     142    3730       0       0       0                        00010500D   1943
     142       0       0       1       0                               0D   1944
     144    3731       0       0       0                        00000000D   1945
     144       0      -1       1       0                               0D   1946
314,79.2156862745098,81.9607843137255,93.3333333333333,;               1P      1
128,25,3,3,3,0,0,1,0,0,0.499990433979269,0.499990433979269,            3P      2
0.499990433979269,0.499990433979269,0.5,0.575379210332928,             3P      3
0.650758420665857,0.650758420665857,0.659021513182425,                 3P      4
0.667284605698994,0.675547698215562,0.683810790732131,                 3P      5
0.683810790732131,0.714881220344015,0.7459516499559,                   3P      6
0.777022079567784,0.808092509179669,0.808092509179669,                 3P      7
0.81641083657811,0.82472916397655,0.833047491374991,                   3P      8
0.841365818773431,0.841365818773431,0.881024364080074,                 3P      9
0.920682909386716,0.960341454693358,1.,1.,1.,1.,0.,0.,0.,0.,           3P     10
0.979467539107872,0.979467539107872,0.979467539107872,                 3P     11
0.979467539107872,1.,1.,1.,1.,1.,1.,1.,1.,1.,1.,1.,1.,1.,1.,1.,        3P     12
1.,1.,1.,1.,1.,1.,1.,1.,1.,1.,1.,1.,1.,1.,1.,1.,1.,1.,1.,1.,1.,        3P     13
1.,1.,1.,1.,1.,1.,1.,1.,1.,1.,1.,1.,1.,1.,1.,1.,1.,1.,1.,1.,1.,        3P     14
1.,1.,1.,1.,1.,1.,1.,1.,1.,1.,1.,1.,1.,1.,1.,1.,1.,1.,1.,1.,1.,        3P     15
1.,1.,1.,1.,1.,1.,1.,1.,1.,1.,1.,1.,1.,1.,1.,1.,1.,1.,1.,1.,1.,        3P     16
1.,1.,1.,1.,1.,-2.00022556,3.,-0.000124504,-2.000225562,3.,            3P     17
-8.3003E-05,-2.000236004,3.,0.326984014,-1.83569201,3.,                3P     18
0.981076546,-1.388956159,3.,1.474032559,-1.095984837,3.,               3P     19
1.673332778,-1.043670613,3.,1.706824904,-0.96961051,3.,                3P     20
1.749933016,-0.894990713,3.,1.78923645,-0.841515477,3.,                3P     21
1.814628188,-0.70233575,3.,1.876485845,-0.470767292,3.,                3P     22
1.95550206,-0.102644706,3.,2.008907574,0.269220725,3.,                 3P     23
1.993294161,0.507921015,3.,1.93817908,0.653103628,3.,                  3P     24
1.890633897,0.709365309,3.,1.870618721,0.788394739,3.,                 3P     25
1.838726029,0.867587198,3.,1.802738023,0.924192478,3.,                 3P     26
1.774029887,1.107814591,3.,1.674099485,1.394834287,3.,                 3P     27
1.466483953,1.735247345,3.,1.043131926,1.951623486,3.,                 3P     28
0.539357768,2.,3.,0.17873389,2.,3.,0.,-3.784684875,3.,                 3P     29
-0.000335557,-3.784684877,3.,-0.000223705,-3.784691909,3.,             3P     30
0.881272593,-3.673869749,3.,2.644153336,-3.372988319,3.,               3P     31
4.314508896,-3.175668964,3.,5.200796493,-3.11491589,3.,                3P     32
5.382792848,-2.923389405,3.,5.643301952,-2.64045077,3.,                3P     33
5.826878723,-2.432131447,3.,5.87464253,-1.95363598,3.,                 3P     34
5.916304331,-1.196730865,3.,5.969522607,-0.057309392,3.,               3P     35
6.005491799,1.084338067,3.,5.994975996,1.845436811,3.,                 3P     36
5.957855393,2.327975286,3.,5.925833198,2.539931236,3.,                 3P     37
5.88132561,2.827437272,3.,5.699484603,3.019899329,3.,                  3P     38
5.442887025,3.082280012,3.,5.266927221,3.205951492,3.,                 3P     39
4.78085731,3.399262363,3.,3.962428076,3.628534241,3.,                  3P     40
2.682444736,3.774265913,3.,1.356999701,3.806848019,3.,                 3P     41
0.453670246,3.806848019,3.,0.,-5.572917228,3.160543268,                3P     42
-0.00054661,-5.572917229,3.160543268,-0.000364407,-5.572920853,        3P     43
3.160543268,1.435561172,-5.515820526,3.160543268,4.307230126,          3P     44
-5.360793518,3.160543268,7.154985234,-5.259126129,3.160543268,         3P     45
8.728260207,-5.189934206,3.160543268,9.058760791,-4.880941339,         3P     46
3.160543268,9.536670889,-4.389683866,3.160543268,9.864520997,          3P     47
-4.026520455,3.160543268,9.934656872,-3.208709248,3.160543268,         3P     48
9.956122818,-1.926467476,3.160543268,9.983543155,-0.015747116,         3P     49
3.160543268,10.002076024,1.895682371,3.160543268,9.996657831,          3P     50
3.179179569,3.160543268,9.977531706,3.999073907,3.160543268,           3P     51
9.961032498,4.366724124,3.160543268,9.8920325,4.862706766,             3P     52
3.160543268,9.560243176,5.168438421,3.160543268,9.083036027,           3P     53
5.236594508,3.160543268,8.759824556,5.300315355,3.160543268,           3P     54
7.887615135,5.399917401,3.160543268,6.4583722,5.518048099,             3P     55
3.160543268,4.321757547,5.593135302,3.160543268,2.174641634,           3P     56
5.609922999,3.160543268,0.728606603,5.609922999,3.160543268,0.,        3P     57
-7.385948068,3.479718399,-0.000757664,-7.385948068,3.479718399,        3P     58
-0.000505109,-7.385948282,3.479718399,1.989849751,-7.382569789,        3P     59
3.479718399,5.970306916,-7.373397203,3.479718399,9.995461571,          3P     60
-7.36738178,3.479718399,12.255723922,-7.289751008,3.479718399,         3P     61
12.734728735,-6.863291759,3.479718399,13.430039825,                    3P     62
-6.163715447,3.479718399,13.902163271,-5.645707949,3.479718399,        3P     63
13.994671215,-4.488581002,3.479718399,13.995941305,                    3P     64
-2.681002574,3.479718399,13.997563702,0.001016674,3.479718399,         3P     65
13.998660248,2.682228189,3.479718399,13.998339667,4.48812384,          3P     66
3.479718399,13.997208018,5.645374041,3.479718399,13.996231799,         3P     67
6.168718526,3.479718399,13.902739389,6.873177775,3.479718399,          3P     68
13.42100175,7.292179028,3.479718399,12.723185029,7.366110518,          3P     69
3.479718399,12.252721891,7.369880732,3.479718399,10.994372961,         3P     70
7.375773952,3.479718399,8.954316324,7.38276347,3.479718399,            3P     71
5.961070357,7.387206205,3.479718399,2.992283567,7.388199494,           3P     72
3.479718399,1.003542959,7.388199494,3.479718399,0.,                    3P     73
0.499990433979269,1.,0.,0.979467539107872;                             3P     74
126,1,1,1,0,1,0,0.,0.,1.,1.,1.,1.,1.,0.,0.,1.,0.86756968,0.,0.,        5P     75
1.,0.,0.,1.;                                                           5P     76
126,3,3,1,0,1,0,0.,0.,0.,0.,0.867569679854812,                         7P     77
0.867569679854812,0.867569679854812,0.867569679854812,1.,1.,1.,        7P     78
1.,2.,3.,0.,3.600427268,3.,0.,5.197894343,3.125956544,0.,              7P     79
6.777789949,3.376541333,0.,0.,0.867569679854812,0.,0.,-1.;             7P     80
126,8,2,1,0,1,0,0.,0.,0.,0.25,0.25,0.5,0.5,0.75,0.75,1.,1.,1.,         9P     81
1.,1.,1.,1.,1.,1.,1.,1.,1.,1.,0.86756968,0.,0.980041296,               9P     82
0.86756968,0.,0.958965206,0.871192278,0.,0.940983024,                  9P     83
0.874283089,0.,0.918403282,0.880696048,0.,0.905037616,                 9P     84
0.884492081,0.,0.879087963,0.892747938,0.,0.853932389,                 9P     85
0.90075116,0.,0.841365819,0.904528785,0.,0.,1.,0.,0.,1.;               9P     86
126,12,3,1,0,1,0,0.0112487371234614,0.0112487371234614,               11P     87
0.0112487371234614,0.0112487371234614,0.0132605840075815,             11P     88
0.0132605840075815,0.0132605840075815,0.0150224318231317,             11P     89
0.0150224318231317,0.0150224318231317,0.022497468722165,              11P     90
0.022497468722165,0.022497468722165,0.022497528722165,                11P     91
0.022497528722165,0.022497528722165,0.022497528722165,1.,1.,1.,       11P     92
1.,1.,1.,1.,1.,1.,1.,1.,1.,1.,6.777789949,3.376541333,0.,             11P     93
6.777789949,3.376541333,0.670612288,6.779522014,3.377097162,          11P     94
1.341226722,6.782871347,3.378170568,2.011829787,6.785804499,          11P     95
3.379110594,2.599105206,6.78998556,3.380449198,3.186374454,           11P     96
6.795052963,3.382075995,3.773633835,6.816552508,3.388978035,          11P     97
6.265208112,6.851907901,3.400378356,8.756629103,6.879937458,          11P     98
3.409244839,11.248132259,6.879937683,3.40924491,11.248152258,         11P     99
6.879937908,3.409244981,11.248172257,6.879938133,3.409245052,         11P    100
11.248192255,0.0112487371234614,0.022497528722165,0.305300977,        11P    101
-0.952255907,0.;                                                      11P    102
126,10,2,1,0,1,0,0.,0.,0.,0.0625,0.0625,0.125,0.125,0.25,0.25,        13P    103
0.5,0.5,1.,1.,1.,1.,1.,1.,1.,1.,1.,1.,1.,1.,1.,1.,0.841365819,        13P    104
0.904528785,0.,0.841223884,0.905824165,0.,0.841096198,                13P    105
0.907121028,0.,0.841051732,0.907572656,0.,0.84082122,                 13P    106
0.909668498,0.,0.840541887,0.912208219,0.,0.840254699,                13P    107
0.9146265,0.,0.839670911,0.919542323,0.,0.839051872,                  13P    108
0.923978959,0.,0.837780367,0.933091798,0.,0.83633623,                 13P    109
0.940340771,0.,0.,1.,0.,0.,1.;                                        13P    110
126,3,3,1,0,1,0,0.,0.,0.,0.,1.,1.,1.,1.,1.,1.,1.,1.,                  15P    111
6.879938133,3.409245052,11.248192255,6.968192057,3.406395882,         15P    112
11.498244679,7.038687381,3.432984067,11.753923975,7.067949673,        15P    113
3.442227691,12.019123138,0.,1.,0.440157414,0.886094169,               15P    114
-0.145253484;                                                         15P    115
126,18,2,1,0,1,0,0.,0.,0.,0.1,0.1,0.175,0.175,0.25,0.25,0.375,        17P    116
0.375,0.5,0.5,0.625,0.625,0.75,0.75,0.875,0.875,1.,1.,1.,1.,1.,       17P    117
1.,1.,1.,1.,1.,1.,1.,1.,1.,1.,1.,1.,1.,1.,1.,1.,1.,0.83633623,        17P    118
0.940340771,0.,0.835303274,0.945525788,0.,0.834168167,                17P    119
0.949830848,0.,0.833297622,0.953132515,0.,0.832428911,                17P    120
0.955720558,0.,0.831560013,0.958309153,0.,0.830574259,                17P    121
0.960561917,0.,0.829056626,0.964030195,0.,0.82727378,                 17P    122
0.966687173,0.,0.825544439,0.969264412,0.,0.823870351,                17P    123
0.970726814,0.,0.822244104,0.972147424,0.,0.820316569,                17P    124
0.972848849,0.,0.8185036,0.973508584,0.,0.816711148,                  17P    125
0.973445703,0.,0.814901874,0.973382232,0.,0.813007199,                17P    126
0.972544535,0.,0.811039755,0.971674665,0.,0.809256467,                17P    127
0.97009439,0.,0.,1.,0.,0.,-1.;                                        17P    128
126,5,3,1,0,1,0,0.,0.,0.,0.,0.5,0.5,1.,1.,1.,1.,1.,1.,1.,1.,1.,       19P    129
1.,7.067949673,3.442227691,12.019123138,7.119759217,                  19P    130
3.458593735,12.488664211,7.015228181,3.467284242,12.979649179,        19P    131
6.411122635,3.475138528,13.702667496,5.934188306,3.474975815,         19P    132
13.908999211,5.458408743,3.470598811,13.877824157,0.,1.,              19P    133
-0.052975778,0.998176172,-0.028946445;                                19P    134
126,2,2,1,0,1,0,0.,0.,0.,1.,1.,1.,1.,1.,1.,0.809256467,               21P    135
0.97009439,0.,0.808657659,0.969563751,0.,0.808092509,                 21P    136
0.968961379,0.,0.,1.,0.,0.,-1.;                                       21P    137
126,6,3,1,0,1,0,0.,0.,0.,0.,0.000108638456756408,                     23P    138
0.000108638456756408,0.000108638456756408,0.000108698456756367,       23P    139
0.000108698456756367,0.000108698456756367,0.000108698456756367,       23P    140
1.,1.,1.,1.,1.,1.,1.,5.458408743,3.470598811,13.877824157,            23P    141
5.422274936,3.470266393,13.87545652,5.386201944,3.469902812,          23P    142
13.871762526,5.350346635,3.469503018,13.866702365,5.350326832,        23P    143
3.469502798,13.86669957,5.35030703,3.469502577,13.866696775,          23P    144
5.350287227,3.469502356,13.86669398,0.,0.000108698456756367,0.,       23P    145
0.,0.;                                                                23P    146
126,8,2,1,0,1,0,0.,0.,0.,0.125,0.125,0.25,0.25,0.5,0.5,1.,1.,         25P    147
1.,1.,1.,1.,1.,1.,1.,1.,1.,1.,0.808092509,0.968961379,0.,             25P    148
0.805107584,0.968884052,0.,0.792702599,0.968716493,0.,                25P    149
0.784830399,0.96861016,0.,0.777181018,0.968546931,0.,                 25P    150
0.761439562,0.968416814,0.,0.745923331,0.968464271,0.,                25P    151
0.716680242,0.968553713,0.,0.683810791,0.969314859,0.,0.,1.,0.,       25P    152
0.,1.;                                                                25P    153
126,15,3,1,0,1,0,-5.94182039542878E-08,-5.94182039542878E-08,         27P    154
-5.94182039542878E-08,-5.94182039542878E-08,0.,0.,0.,                 27P    155
0.00534960641214839,0.00534960641214839,0.00534960641214839,          27P    156
0.00809919938848491,0.00809919938848491,0.00809919938848491,          27P    157
0.010704665343314,0.010704665343314,0.010704665343314,                27P    158
0.010704725343314,0.010704725343314,0.010704725343314,                27P    159
0.010704725343314,1.,1.,1.,1.,1.,1.,1.,1.,1.,1.,1.,1.,1.,1.,1.,       27P    160
1.,5.350287227,3.469502356,13.86669398,5.350267423,3.469502108,       27P    161
13.866693952,5.350247615,3.469502348,13.866693929,5.350227809,        27P    162
3.469502344,13.866693903,3.567027193,3.469142512,13.864392554,        27P    163
1.783824407,3.468960147,13.863225468,0.000622311,3.469021594,         27P    164
13.863604344,-0.915908874,3.469053177,13.863799079,                   27P    165
-1.832440039,3.469146681,13.864387056,-2.748970756,3.469294267,       27P    166
13.865321532,-3.61745917,3.469434117,13.866207025,-4.485947291,       27P    167
3.469622054,13.867400228,-5.354434984,3.469844279,13.868817519,       27P    168
-5.354454984,3.469844284,13.868817552,-5.354474984,3.469844289,       27P    169
13.868817585,-5.354494984,3.469844295,13.868817617,                   27P    170
-5.94182039542878E-08,0.010704725343314,0.,0.,0.;                     27P    171
126,2,2,1,0,1,0,0.,0.,0.,1.,1.,1.,1.,1.,1.,0.683810791,               29P    172
0.969314859,0.,0.683235619,0.969905136,0.,0.682679104,                29P    173
0.97038539,0.,0.,1.,0.,0.,-1.;                                        29P    174
126,6,3,1,0,1,0,-5.94512041184144E-08,-5.94512041184144E-08,          31P    175
-5.94512041184144E-08,-5.94512041184144E-08,0.,0.,0.,                 31P    176
0.000105423833336719,0.000105423833336719,0.000105423833336719,       31P    177
0.000105423833336719,1.,1.,1.,1.,1.,1.,1.,-5.354494984,               31P    178
3.469844295,13.868817617,-5.354514616,3.469844286,13.868820315,       31P    179
-5.354534246,3.46984472,13.868823015,-5.354553878,3.469844932,        31P    180
13.868825713,-5.389365875,3.470221907,13.873610283,                   31P    181
-5.424376575,3.470565707,13.877114193,-5.459443958,3.470880628,       31P    182
13.879370044,-5.94512041184144E-08,0.000105423833336719,0.,0.,        31P    183
0.;                                                                   31P    184
126,18,2,1,0,1,0,0.,0.,0.,0.125,0.125,0.25,0.25,0.375,0.375,          33P    185
0.5,0.5,0.625,0.625,0.75,0.75,0.821428571428571,                      33P    186
0.821428571428571,0.892857142857143,0.892857142857143,1.,1.,1.,       33P    187
1.,1.,1.,1.,1.,1.,1.,1.,1.,1.,1.,1.,1.,1.,1.,1.,1.,1.,1.,             33P    188
0.682679104,0.97038539,0.,0.680876913,0.971940619,0.,0.6788939,       33P    189
0.972775348,0.,0.677000668,0.973572284,0.,0.675186298,                33P    190
0.973606206,0.,0.673369902,0.973640166,0.,0.671559759,                33P    191
0.972951408,0.,0.669644237,0.972222553,0.,0.66802961,                 33P    192
0.970774606,0.,0.666332536,0.969252724,0.,0.664618661,                33P    193
0.966643335,0.,0.662856382,0.963960249,0.,0.661372305,                33P    194
0.9604658,0.,0.660453257,0.958301784,0.,0.659640544,                  33P    195
0.955822458,0.,0.658832595,0.953357666,0.,0.65801425,                 33P    196
0.950201002,0.,0.656816644,0.945581385,0.,0.655742354,                33P    197
0.939957539,0.,0.,1.,0.,0.,-1.;                                       33P    198
126,5,3,1,0,1,0,0.,0.,0.,0.,0.5,0.5,1.,1.,1.,1.,1.,1.,1.,1.,1.,       35P    199
1.,-5.459443958,3.470880628,13.879370044,-5.933838858,                35P    200
3.475140914,13.909887409,-6.410151138,3.475312226,13.706115312,       35P    201
-7.017754416,3.46720316,12.97545486,-7.119576278,3.45838209,          35P    202
12.485682206,-7.06820598,3.441867996,12.015584967,0.,1.,              35P    203
0.007852169,0.99981579,-0.017513706;                                  35P    204
126,2,2,1,0,1,0,0.,0.,0.,1.,1.,1.,1.,1.,1.,0.655742354,               37P    205
0.939957539,0.,0.652907944,0.925119559,0.,0.650758421,                37P    206
0.902107376,0.,0.,1.,0.,0.,-1.;                                       37P    207
126,3,3,1,0,1,0,0.,0.,0.,0.,1.,1.,1.,1.,1.,1.,1.,1.,                  39P    208
-7.06820598,3.441867996,12.015584967,-7.037999663,3.432157522,        39P    209
11.73916246,-6.964135017,3.420316763,11.472020665,-6.871126977,       39P    210
3.407060909,11.212694878,0.,1.,0.05487869,0.998069933,                39P    211
-0.029064382;                                                         39P    212
126,40,2,1,0,1,0,0.,0.,0.,3.814697265625E-06,                         41P    213
3.814697265625E-06,7.62939453125E-06,7.62939453125E-06,               41P    214
1.52587890625E-05,1.52587890625E-05,3.0517578125E-05,                 41P    215
3.0517578125E-05,6.103515625E-05,6.103515625E-05,                     41P    216
0.0001220703125,0.0001220703125,0.000244140625,0.000244140625,        41P    217
0.00048828125,0.00048828125,0.0009765625,0.0009765625,                41P    218
0.001953125,0.001953125,0.00390625,0.00390625,0.0078125,              41P    219
0.0078125,0.015625,0.015625,0.03125,0.03125,0.0625,0.0625,            41P    220
0.125,0.125,0.25,0.25,0.5,0.5,0.75,0.75,1.,1.,1.,1.,1.,1.,1.,         41P    221
1.,1.,1.,1.,1.,1.,1.,1.,1.,1.,1.,1.,1.,1.,1.,1.,1.,1.,1.,1.,1.,       41P    222
1.,1.,1.,1.,1.,1.,1.,1.,1.,1.,1.,1.,1.,1.,1.,1.,0.650758421,          41P    223
0.902107376,0.,0.650758195,0.902107136,0.,0.650757898,                41P    224
0.902107135,0.,0.650757602,0.902107134,0.,0.650757329,                41P    225
0.902107053,0.,0.650756783,0.902106892,0.,0.650756237,                41P    226
0.902106731,0.,0.650755146,0.902106409,0.,0.650754054,                41P    227
0.902106086,0.,0.650751863,0.902105439,0.,0.650749687,                41P    228
0.902104797,0.,0.65074532,0.902103507,0.,0.650740954,                 41P    229
0.902102218,0.,0.650732222,0.902099639,0.,0.650723486,                41P    230
0.902097059,0.,0.650706024,0.902091902,0.,0.650688551,                41P    231
0.902086742,0.,0.650653635,0.90207643,0.,0.650618678,                 41P    232
0.902066105,0.,0.650548883,0.902045491,0.,0.65047892,                 41P    233
0.902024824,0.,0.650339482,0.901983634,0.,0.650199361,                41P    234
0.901942228,0.,0.649921122,0.901860009,0.,0.649640066,                41P    235
0.901776904,0.,0.649086419,0.901613199,0.,0.648520767,                41P    236
0.901445741,0.,0.647427547,0.901122101,0.,0.646279324,                41P    237
0.900781436,0.,0.644184087,0.900159801,0.,0.641784976,                41P    238
0.899445615,0.,0.639233382,0.898686036,0.,0.632749768,                41P    239
0.896751393,0.,0.620752704,0.893171594,0.,0.614488596,                41P    240
0.891333009,0.,0.592146969,0.884775496,0.,0.577184252,                41P    241
0.881052445,0.,0.556505461,0.875907108,0.,0.538906491,                41P    242
0.873333364,0.,0.518770881,0.87038865,0.,0.5,0.87038865,0.,0.,        41P    243
1.,0.,0.,1.;                                                          41P    244
126,12,3,1,0,1,0,-5.6641757722926E-08,-5.6641757722926E-08,           43P    245
-5.6641757722926E-08,-5.6641757722926E-08,0.,0.,0.,                   43P    246
0.00600545912080511,0.00600545912080511,0.00600545912080511,          43P    247
0.00944679515572951,0.00944679515572951,0.00944679515572951,          43P    248
0.0112131081121566,0.0112131081121566,0.0112131081121566,             43P    249
0.0112131081121566,1.,1.,1.,1.,1.,1.,1.,1.,1.,1.,1.,1.,1.,            43P    250
-6.871126977,3.407060909,11.212694878,-6.871126051,3.407058319,       43P    251
11.212676198,-6.871126559,3.40706078,11.212657119,-6.871126351,       43P    252
3.407060716,11.21263824,-6.848997709,3.4002654,9.210952379,           43P    253
-6.825274487,3.392817159,7.20928246,-6.807197145,3.387161093,         43P    254
5.207552369,-6.79683822,3.383919977,4.060493761,-6.788691339,         43P    255
3.381362238,2.913406411,-6.784446288,3.380031715,1.766305077,         43P    256
-6.78226746,3.379348806,1.177539995,-6.781114462,3.378987935,         43P    257
0.588769509,-6.781114462,3.378987935,0.,-5.6641757722926E-08,         43P    258
0.0112131081121566,0.,0.,0.;                                          43P    259
126,1,1,1,0,1,0,0.,0.,1.,1.,1.,1.,0.5,0.87038865,0.,0.5,0.,0.,        45P    260
0.,1.,0.,0.,1.;                                                       45P    261
126,3,3,1,0,1,0,0.129611349665187,0.129611349665187,                  47P    262
0.129611349665187,0.129611349665187,1.,1.,1.,1.,1.,1.,1.,1.,          47P    263
-6.781114462,3.378987935,0.,-5.174669256,3.126776408,0.,              47P    264
-3.58595768,3.,0.,-2.000225564,3.,0.,0.129611349665187,1.,0.,         47P    265
0.,-1.;                                                               47P    266
126,1,1,1,0,1,0,0.,0.,1.,1.,1.,1.,0.499999995,0.,0.,1.,0.,0.,         49P    267
0.,1.,0.,0.,1.;                                                       49P    268
124,-1.,-2.980232251016E-08,0.,8.940696753048E-08,                    51P    269
1.82486594346123E-24,-6.12323399573676E-17,1.,3.,                     51P    270
-2.980232251016E-08,1.,6.12323399573677E-17,-3.;                      51P    271
100,0.,0.,3.,2.,2.999999998,-2.,2.99999994;                           53P    272
102,12,5,9,13,17,21,25,29,33,37,41,45,49;                             55P    273
102,12,7,11,15,19,23,27,31,35,39,43,47,53;                            57P    274
142,1,3,55,57,1;                                                      59P    275
144,3,1,0,59;                                                         61P    276
128,1,1,1,1,0,0,1,0,0,0.,0.,1.,1.,0.,0.,1.,1.,1.,1.,1.,1.,-7.,        63P    277
1.5,-13.75,-7.,1.5,13.75,7.,1.5,-13.75,7.,1.5,13.75,0.,1.,0.,         63P    278
1.;                                                                   63P    279
126,1,1,1,0,1,0,0.,0.,1.,1.,1.,1.,0.027272727,0.,0.,                  65P    280
0.972727273,0.,0.,0.,1.,0.,0.,1.;                                     65P    281
110,-7.,1.5,-13.,-7.,1.5,13.;                                         67P    282
126,8,2,1,0,1,0,0.,0.,0.,0.25,0.25,0.5,0.5,0.75,0.75,1.,1.,1.,        69P    283
1.,1.,1.,1.,1.,1.,1.,1.,1.,0.972727273,0.,0.,0.978152155,0.,0.,       69P    284
0.983164094,0.004077882,0.,0.988176032,0.008155764,0.,                69P    285
0.992012003,0.015690708,0.,0.995847975,0.023225652,0.,                69P    286
0.997923987,0.03307053,0.,1.,0.042915409,0.,1.,0.053571429,0.,        69P    287
0.,1.,0.,0.,-1.;                                                      69P    288
124,-1.,6.98296267768627E-15,0.,-12.5,-4.27583144589696E-31,          71P    289
-6.12323399573677E-17,1.,-11.5,6.98296267768627E-15,1.,               71P    290
6.12323399573677E-17,11.5;                                            71P    291
100,13.,-6.25,1.5,-5.5,1.5,-6.25,2.25;                                73P    292
126,1,1,1,0,1,0,0.,0.,1.,1.,1.,1.,1.,0.053571429,0.,1.,               75P    293
0.946428571,0.,0.,1.,0.,0.,1.;                                        75P    294
110,-6.25,1.5,13.75,6.25,1.5,13.75;                                   77P    295
126,8,2,1,0,1,0,0.,0.,0.,0.25,0.25,0.5,0.5,0.75,0.75,1.,1.,1.,        79P    296
1.,1.,1.,1.,1.,1.,1.,1.,1.,1.,0.946428571,0.,1.,0.957084591,0.,       79P    297
0.997923987,0.96692947,0.,0.995847975,0.976774348,0.,                 79P    298
0.992012003,0.984309292,0.,0.988176032,0.991844236,0.,                79P    299
0.983164094,0.995922118,0.,0.978152155,1.,0.,0.972727273,1.,0.,       79P    300
0.,1.,0.,0.,-1.;                                                      79P    301
124,1.40271576953299E-14,1.,0.,4.74999999999991,                      81P    302
-6.12323399573677E-17,8.58915688636046E-31,1.,-11.5,1.,               81P    303
-1.40271576953299E-14,6.12323399573677E-17,6.75000000000001;          81P    304
100,13.,6.25,1.5,7.,1.5,6.25,2.25;                                    83P    305
126,1,1,1,0,1,0,0.,0.,1.,1.,1.,1.,0.972727273,1.,0.,                  85P    306
0.027272727,1.,0.,0.,1.,0.,0.,1.;                                     85P    307
110,7.,1.5,13.,7.,1.5,-13.;                                           87P    308
126,8,2,1,0,1,0,0.,0.,0.,0.25,0.25,0.5,0.5,0.75,0.75,1.,1.,1.,        89P    309
1.,1.,1.,1.,1.,1.,1.,1.,1.,0.027272727,1.,0.,0.021847845,1.,0.,       89P    310
0.016835906,0.995922118,0.,0.011823968,0.991844236,0.,                89P    311
0.007987997,0.984309292,0.,0.004152025,0.976774348,0.,                89P    312
0.002076013,0.96692947,0.,0.,0.957084591,0.,0.,0.946428571,0.,        89P    313
0.,1.,0.,0.,-1.;                                                      89P    314
124,1.,0.,0.,0.,0.,6.12323399573677E-17,1.,14.5,0.,-1.,               91P    315
6.12323399573677E-17,-11.5;                                           91P    316
100,-13.,6.25,1.5,7.,1.5,6.25,2.25;                                   93P    317
126,1,1,1,0,1,0,0.,0.,1.,1.,1.,1.,0.,0.946428571,0.,0.,               95P    318
0.053571429,0.,0.,1.,0.,0.,1.;                                        95P    319
110,6.25,1.5,-13.75,-6.25,1.5,-13.75;                                 97P    320
126,8,2,1,0,1,0,0.,0.,0.,0.25,0.25,0.5,0.5,0.75,0.75,1.,1.,1.,        99P    321
1.,1.,1.,1.,1.,1.,1.,1.,1.,0.,0.053571429,0.,0.,0.042915409,0.,       99P    322
0.002076013,0.03307053,0.,0.004152025,0.023225652,0.,                 99P    323
0.007987997,0.015690708,0.,0.011823968,0.008155764,0.,                99P    324
0.016835906,0.004077882,0.,0.021847845,0.,0.,0.027272727,0.,0.,       99P    325
0.,1.,0.,0.,-1.;                                                      99P    326
124,6.12323399573677E-17,-1.,0.,-4.75,6.12323399573677E-17,          101P    327
3.74939945665464E-33,1.,14.5,-1.,-6.12323399573677E-17,              101P    328
6.12323399573677E-17,-19.25;                                         101P    329
100,-13.,-6.25,1.5,-5.5,1.5,-6.25,2.25;                              103P    330
102,8,65,69,75,79,85,89,95,99;                                       105P    331
102,8,67,73,77,83,87,93,97,103;                                      107P    332
142,1,63,105,107,1;                                                  109P    333
126,1,1,1,0,1,0,0.,0.,1.,1.,1.,1.,0.438181818,0.2375,0.,             111P    334
0.438181818,0.355357143,0.,0.,1.,0.,0.,1.;                           111P    335
110,-3.675,1.5,-1.7,-2.025,1.5,-1.7;                                 113P    336
126,1,1,1,0,1,0,0.,0.,1.,1.,1.,1.,0.438181818,0.355357143,0.,        115P    337
0.561818182,0.355357143,0.,0.,1.,0.,0.,1.;                           115P    338
110,-2.025,1.5,-1.7,-2.025,1.5,1.7;                                  117P    339
126,1,1,1,0,1,0,0.,0.,1.,1.,1.,1.,0.561818182,0.355357143,0.,        119P    340
0.561818182,0.2375,0.,0.,1.,0.,0.,1.;                                119P    341
110,-2.025,1.5,1.7,-3.675,1.5,1.7;                                   121P    342
126,1,1,1,0,1,0,0.,0.,1.,1.,1.,1.,0.561818182,0.2375,0.,             123P    343
0.438181818,0.2375,0.,0.,1.,0.,0.,1.;                                123P    344
110,-3.675,1.5,1.7,-3.675,1.5,-1.7;                                  125P    345
102,4,111,115,119,123;                                               127P    346
102,4,113,117,121,125;                                               129P    347
142,1,63,127,129,1;                                                  131P    348
126,1,1,1,0,1,0,0.,0.,1.,1.,1.,1.,0.438181818,0.644642857,0.,        133P    349
0.438181818,0.7625,0.,0.,1.,0.,0.,1.;                                133P    350
110,2.025,1.5,-1.7,3.675,1.5,-1.7;                                   135P    351
126,1,1,1,0,1,0,0.,0.,1.,1.,1.,1.,0.438181818,0.7625,0.,             137P    352
0.561818182,0.7625,0.,0.,1.,0.,0.,1.;                                137P    353
110,3.675,1.5,-1.7,3.675,1.5,1.7;                                    139P    354
126,1,1,1,0,1,0,0.,0.,1.,1.,1.,1.,0.561818182,0.7625,0.,             141P    355
0.561818182,0.644642857,0.,0.,1.,0.,0.,1.;                           141P    356
110,3.675,1.5,1.7,2.025,1.5,1.7;                                     143P    357
126,1,1,1,0,1,0,0.,0.,1.,1.,1.,1.,0.561818182,0.644642857,0.,        145P    358
0.438181818,0.644642857,0.,0.,1.,0.,0.,1.;                           145P    359
110,2.025,1.5,1.7,2.025,1.5,-1.7;                                    147P    360
102,4,133,137,141,145;                                               149P    361
102,4,135,139,143,147;                                               151P    362
142,1,63,149,151,1;                                                  153P    363
144,63,1,2,109,131,153;                                              155P    364
110,8.,3.5,14.75,8.,-996.5,14.75;                                    157P    365
110,8.,3.,13.75,8.,0.,13.75;                                         159P    366
120,157,159,0.,6.28318530717959;                                     161P    367
126,1,1,1,0,1,0,0.,0.,1.,1.,1.,1.,1.,1.570796327,0.,0.,              163P    368
1.570796327,0.,0.,1.,0.,0.,1.;                                       163P    369
110,9.,0.,14.75,9.,3.,14.75;                                         165P    370
126,1,1,1,0,1,0,0.,0.,1.,1.,1.,1.,0.,1.570796327,0.,0.,              167P    371
3.141592654,0.,0.,1.,0.,0.,1.;                                       167P    372
124,1.,0.,0.,0.,0.,6.12323399573677E-17,-1.,17.75,0.,1.,             169P    373
6.12323399573677E-17,11.75;                                          169P    374
100,14.75,8.,3.,9.,3.,8.,4.;                                         171P    375
126,1,1,1,0,1,0,0.,0.,1.,1.,1.,1.,0.,3.141592654,0.,1.,              173P    376
3.141592654,0.,0.,1.,0.,0.,1.;                                       173P    377
110,8.,3.,15.75,8.,0.,15.75;                                         175P    378
126,1,1,1,0,1,0,0.,0.,1.,1.,1.,1.,1.,3.141592654,0.,1.,              177P    379
1.570796327,0.,0.,1.,0.,0.,1.;                                       177P    380
124,1.40271576953299E-14,1.,0.,7.99999999999989,                     179P    381
-6.12323399573677E-17,8.58915688636046E-31,1.,-14.75,1.,             179P    382
-1.40271576953299E-14,6.12323399573677E-17,6.75;                     179P    383
100,14.75,8.,0.,9.,0.,8.,1.;                                         181P    384
102,4,163,167,173,177;                                               183P    385
102,4,165,171,175,181;                                               185P    386
142,1,161,183,185,1;                                                 187P    387
144,161,1,0,187;                                                     189P    388
128,1,1,1,1,0,0,1,0,0,0.,0.,1.,1.,0.,0.,1.,1.,1.,1.,1.,1.,9.,        191P    389
0.,-14.75,9.,0.,14.75,9.,3.,-14.75,9.,3.,14.75,0.,1.,0.,1.;          191P    390
126,1,1,1,0,1,0,0.,0.,1.,1.,1.,1.,0.,0.,0.,1.,0.,0.,0.,1.,0.,        193P    391
0.,1.;                                                               193P    392
110,9.,0.,-14.75,9.,0.,14.75;                                        195P    393
126,1,1,1,0,1,0,0.,0.,1.,1.,1.,1.,1.,0.,0.,1.,1.,0.,0.,1.,0.,        197P    394
0.,1.;                                                               197P    395
110,9.,0.,14.75,9.,3.,14.75;                                         199P    396
126,1,1,1,0,1,0,0.,0.,1.,1.,1.,1.,1.,1.,0.,0.,1.,0.,0.,1.,0.,        201P    397
0.,1.;                                                               201P    398
110,9.,3.,14.75,9.,3.,-14.75;                                        203P    399
126,1,1,1,0,1,0,0.,0.,1.,1.,1.,1.,0.,1.,0.,0.,0.,0.,0.,1.,0.,        205P    400
0.,1.;                                                               205P    401
110,9.,3.,-14.75,9.,0.,-14.75;                                       207P    402
102,4,193,197,201,205;                                               209P    403
102,4,195,199,203,207;                                               211P    404
142,1,191,209,211,1;                                                 213P    405
144,191,1,0,213;                                                     215P    406
110,8.,3.5,-14.75,8.,-996.5,-14.75;                                  217P    407
110,8.,3.,-15.75,8.,0.,-15.75;                                       219P    408
120,217,219,0.,6.28318530717959;                                     221P    409
126,1,1,1,0,1,0,0.,0.,1.,1.,1.,1.,1.,0.,0.,0.,0.,0.,0.,1.,0.,        223P    410
0.,1.;                                                               223P    411
110,8.,0.,-15.75,8.,3.,-15.75;                                       225P    412
126,1,1,1,0,1,0,0.,0.,1.,1.,1.,1.,0.,0.,0.,0.,1.570796327,0.,        227P    413
0.,1.,0.,0.,1.;                                                      227P    414
124,1.40271576953299E-14,1.,0.,4.99999999999989,                     229P    415
-6.12323399573677E-17,8.58915688636046E-31,-1.,-11.75,-1.,           229P    416
1.40271576953299E-14,6.12323399573677E-17,-6.75000000000005;         229P    417
100,-14.75,8.,3.,9.,3.,8.,4.;                                        231P    418
126,1,1,1,0,1,0,0.,0.,1.,1.,1.,1.,0.,1.570796327,0.,1.,              233P    419
1.570796327,0.,0.,1.,0.,0.,1.;                                       233P    420
110,9.,3.,-14.75,9.,0.,-14.75;                                       235P    421
126,1,1,1,0,1,0,0.,0.,1.,1.,1.,1.,1.,1.570796327,0.,1.,0.,0.,        237P    422
0.,1.,0.,0.,1.;                                                      237P    423
124,1.,0.,0.,0.,0.,6.12323399573677E-17,1.,14.75,0.,-1.,             239P    424
6.12323399573677E-17,-14.75;                                         239P    425
100,-14.75,8.,0.,9.,0.,8.,1.;                                        241P    426
102,4,223,227,233,237;                                               243P    427
102,4,225,231,235,241;                                               245P    428
142,1,221,243,245,1;                                                 247P    429
144,221,1,0,247;                                                     249P    430
128,1,1,1,1,0,0,1,0,0,0.,0.,1.,1.,0.,0.,1.,1.,1.,1.,1.,1.,-8.,       251P    431
0.,-15.75,8.,0.,-15.75,-8.,3.,-15.75,8.,3.,-15.75,0.,1.,0.,1.;       251P    432
126,1,1,1,0,1,0,0.,0.,1.,1.,1.,1.,0.,0.,0.,1.,0.,0.,0.,1.,0.,        253P    433
0.,1.;                                                               253P    434
110,-8.,0.,-15.75,8.,0.,-15.75;                                      255P    435
126,1,1,1,0,1,0,0.,0.,1.,1.,1.,1.,1.,0.,0.,1.,1.,0.,0.,1.,0.,        257P    436
0.,1.;                                                               257P    437
110,8.,0.,-15.75,8.,3.,-15.75;                                       259P    438
126,1,1,1,0,1,0,0.,0.,1.,1.,1.,1.,1.,1.,0.,0.,1.,0.,0.,1.,0.,        261P    439
0.,1.;                                                               261P    440
110,8.,3.,-15.75,-8.,3.,-15.75;                                      263P    441
126,1,1,1,0,1,0,0.,0.,1.,1.,1.,1.,0.,1.,0.,0.,0.,0.,0.,1.,0.,        265P    442
0.,1.;                                                               265P    443
110,-8.,3.,-15.75,-8.,0.,-15.75;                                     267P    444
102,4,253,257,261,265;                                               269P    445
102,4,255,259,263,267;                                               271P    446
142,1,251,269,271,1;                                                 273P    447
144,251,1,0,273;                                                     275P    448
110,-8.,3.5,-14.75,-8.,-996.5,-14.75;                                277P    449
110,-8.,3.,-15.75,-8.,0.,-15.75;                                     279P    450
120,277,279,0.,6.28318530717959;                                     281P    451
126,1,1,1,0,1,0,0.,0.,1.,1.,1.,1.,1.,4.71238898,0.,0.,               283P    452
4.71238898,0.,0.,1.,0.,0.,1.;                                        283P    453
110,-9.,0.,-14.75,-9.,3.,-14.75;                                     285P    454
126,1,1,1,0,1,0,0.,0.,1.,1.,1.,1.,0.,4.71238898,0.,0.,               287P    455
6.283185307,0.,0.,1.,0.,0.,1.;                                       287P    456
124,-1.,6.98296267768627E-15,0.,-16.,-4.27583144589696E-31,          289P    457
-6.12323399573677E-17,-1.,-11.75,-6.98296267768627E-15,-1.,          289P    458
6.12323399573677E-17,-11.7500000000001;                              289P    459
100,-14.75,-8.,3.,-7.,3.,-8.,4.;                                     291P    460
126,1,1,1,0,1,0,0.,0.,1.,1.,1.,1.,0.,6.283185307,0.,1.,              293P    461
6.283185307,0.,0.,1.,0.,0.,1.;                                       293P    462
110,-8.,3.,-15.75,-8.,0.,-15.75;                                     295P    463
126,1,1,1,0,1,0,0.,0.,1.,1.,1.,1.,1.,6.283185307,0.,1.,              297P    464
4.71238898,0.,0.,1.,0.,0.,1.;                                        297P    465
124,6.12323399573677E-17,-1.,0.,-8.,6.12323399573677E-17,            299P    466
3.74939945665464E-33,1.,14.75,-1.,-6.12323399573677E-17,             299P    467
6.12323399573677E-17,-22.75;                                         299P    468
100,-14.75,-8.,0.,-7.,0.,-8.,1.;                                     301P    469
102,4,283,287,293,297;                                               303P    470
102,4,285,291,295,301;                                               305P    471
142,1,281,303,305,1;                                                 307P    472
144,281,1,0,307;                                                     309P    473
128,1,1,1,1,0,0,1,0,0,0.,0.,1.,1.,0.,0.,1.,1.,1.,1.,1.,1.,-9.,       311P    474
0.,14.75,-9.,0.,-14.75,-9.,3.,14.75,-9.,3.,-14.75,0.,1.,0.,1.;       311P    475
126,1,1,1,0,1,0,0.,0.,1.,1.,1.,1.,0.,0.,0.,1.,0.,0.,0.,1.,0.,        313P    476
0.,1.;                                                               313P    477
110,-9.,0.,14.75,-9.,0.,-14.75;                                      315P    478
126,1,1,1,0,1,0,0.,0.,1.,1.,1.,1.,1.,0.,0.,1.,1.,0.,0.,1.,0.,        317P    479
0.,1.;                                                               317P    480
110,-9.,0.,-14.75,-9.,3.,-14.75;                                     319P    481
126,1,1,1,0,1,0,0.,0.,1.,1.,1.,1.,1.,1.,0.,0.,1.,0.,0.,1.,0.,        321P    482
0.,1.;                                                               321P    483
110,-9.,3.,-14.75,-9.,3.,14.75;                                      323P    484
126,1,1,1,0,1,0,0.,0.,1.,1.,1.,1.,0.,1.,0.,0.,0.,0.,0.,1.,0.,        325P    485
0.,1.;                                                               325P    486
110,-9.,3.,14.75,-9.,0.,14.75;                                       327P    487
102,4,313,317,321,325;                                               329P    488
102,4,315,319,323,327;                                               331P    489
142,1,311,329,331,1;                                                 333P    490
144,311,1,0,333;                                                     335P    491
110,-8.,3.5,14.75,-8.,-996.5,14.75;                                  337P    492
110,-8.,3.,13.75,-8.,0.,13.75;                                       339P    493
120,337,339,0.,6.28318530717959;                                     341P    494
126,1,1,1,0,1,0,0.,0.,1.,1.,1.,1.,1.,3.141592654,0.,0.,              343P    495
3.141592654,0.,0.,1.,0.,0.,1.;                                       343P    496
110,-8.,0.,15.75,-8.,3.,15.75;                                       345P    497
126,1,1,1,0,1,0,0.,0.,1.,1.,1.,1.,0.,3.141592654,0.,0.,              347P    498
4.71238898,0.,0.,1.,0.,0.,1.;                                        347P    499
124,6.12323399573677E-17,-1.,0.,-5.,6.12323399573677E-17,            349P    500
3.74939945665464E-33,-1.,17.75,1.,6.12323399573677E-17,              349P    501
6.12323399573677E-17,22.75;                                          349P    502
100,14.75,-8.,3.,-7.,3.,-8.,4.;                                      351P    503
126,1,1,1,0,1,0,0.,0.,1.,1.,1.,1.,0.,4.71238898,0.,1.,               353P    504
4.71238898,0.,0.,1.,0.,0.,1.;                                        353P    505
110,-9.,3.,14.75,-9.,0.,14.75;                                       355P    506
126,1,1,1,0,1,0,0.,0.,1.,1.,1.,1.,1.,4.71238898,0.,1.,               357P    507
3.141592654,0.,0.,1.,0.,0.,1.;                                       357P    508
124,-1.,6.98296267768627E-15,0.,-16.,-4.27583144589696E-31,          359P    509
-6.12323399573677E-17,1.,-14.75,6.98296267768627E-15,1.,             359P    510
6.12323399573677E-17,14.7500000000001;                               359P    511
100,14.75,-8.,0.,-7.,0.,-8.,1.;                                      361P    512
102,4,343,347,353,357;                                               363P    513
102,4,345,351,355,361;                                               365P    514
142,1,341,363,365,1;                                                 367P    515
144,341,1,0,367;                                                     369P    516
128,1,1,1,1,0,0,1,0,0,0.,0.,1.,1.,0.,0.,1.,1.,1.,1.,1.,1.,8.,        371P    517
0.,15.75,-8.,0.,15.75,8.,3.,15.75,-8.,3.,15.75,0.,1.,0.,1.;          371P    518
126,1,1,1,0,1,0,0.,0.,1.,1.,1.,1.,0.,0.,0.,1.,0.,0.,0.,1.,0.,        373P    519
0.,1.;                                                               373P    520
110,8.,0.,15.75,-8.,0.,15.75;                                        375P    521
126,1,1,1,0,1,0,0.,0.,1.,1.,1.,1.,1.,0.,0.,1.,1.,0.,0.,1.,0.,        377P    522
0.,1.;                                                               377P    523
110,-8.,0.,15.75,-8.,3.,15.75;                                       379P    524
126,1,1,1,0,1,0,0.,0.,1.,1.,1.,1.,1.,1.,0.,0.,1.,0.,0.,1.,0.,        381P    525
0.,1.;                                                               381P    526
110,-8.,3.,15.75,8.,3.,15.75;                                        383P    527
126,1,1,1,0,1,0,0.,0.,1.,1.,1.,1.,0.,1.,0.,0.,0.,0.,0.,1.,0.,        385P    528
0.,1.;                                                               385P    529
110,8.,3.,15.75,8.,0.,15.75;                                         387P    530
102,4,373,377,381,385;                                               389P    531
102,4,375,379,383,387;                                               391P    532
142,1,371,389,391,1;                                                 393P    533
144,371,1,0,393;                                                     395P    534
128,1,1,1,1,0,0,1,0,0,0.,0.,1.,1.,0.,0.,1.,1.,1.,1.,1.,1.,           397P    535
-8.739729823,3.5,-15.25,-8.739729823,3.5,15.25,8.736084449,3.5,      397P    536
-15.25,8.736084449,3.5,15.25,0.,1.,0.,1.;                            397P    537
126,1,1,1,0,1,0,0.,0.,1.,1.,1.,1.,0.,0.95787982,0.,0.,               399P    538
0.042328776,0.,0.,1.,0.,0.,1.;                                       399P    539
110,8.,3.5,-15.25,-8.,3.5,-15.25;                                    401P    540
126,8,2,1,0,1,0,0.,0.,0.,0.25,0.25,0.5,0.5,0.75,0.75,1.,1.,1.,       403P    541
1.,1.,1.,1.,1.,1.,1.,1.,1.,0.,0.042328776,0.,0.,0.0366377,0.,        403P    542
0.001247877,0.031379831,0.,0.002495753,0.026121963,0.,               403P    543
0.004801528,0.022097765,0.,0.007107303,0.018073566,0.,               403P    544
0.010119944,0.015895686,0.,0.013132584,0.013717806,0.,               403P    545
0.016393443,0.013717806,0.,0.,1.,0.,0.,-1.;                          403P    546
124,6.12323399573677E-17,-1.,0.,-4.5,6.12323399573677E-17,           405P    547
3.74939945665464E-33,1.,18.25,-1.,-6.12323399573677E-17,             405P    548
6.12323399573677E-17,-22.75;                                         405P    549
100,-14.75,-8.,3.5,-7.5,3.5,-8.,4.;                                  407P    550
126,1,1,1,0,1,0,0.,0.,1.,1.,1.,1.,0.016393443,0.013717806,0.,        409P    551
0.983606557,0.013717806,0.,0.,1.,0.,0.,1.;                           409P    552
110,-8.5,3.5,-14.75,-8.5,3.5,14.75;                                  411P    553
126,8,2,1,0,1,0,0.,0.,0.,0.25,0.25,0.5,0.5,0.75,0.75,1.,1.,1.,       413P    554
1.,1.,1.,1.,1.,1.,1.,1.,1.,0.983606557,0.013717806,0.,               413P    555
0.986867416,0.013717806,0.,0.989880056,0.015895686,0.,               413P    556
0.992892697,0.018073566,0.,0.995198472,0.022097765,0.,               413P    557
0.997504247,0.026121963,0.,0.998752123,0.031379831,0.,1.,            413P    558
0.0366377,0.,1.,0.042328776,0.,0.,1.,0.,0.,-1.;                      413P    559
124,-1.,6.98296267768627E-15,0.,-16.,-4.27583144589696E-31,          415P    560
-6.12323399573677E-17,1.,-11.25,6.98296267768627E-15,1.,             415P    561
6.12323399573677E-17,11.2500000000001;                               415P    562
100,14.75,-8.,3.5,-7.5,3.5,-8.,4.;                                   417P    563
126,1,1,1,0,1,0,0.,0.,1.,1.,1.,1.,1.,0.042328776,0.,1.,              419P    564
0.95787982,0.,0.,1.,0.,0.,1.;                                        419P    565
110,-8.,3.5,15.25,8.,3.5,15.25;                                      421P    566
126,8,2,1,0,1,0,0.,0.,0.,0.25,0.25,0.5,0.5,0.75,0.75,1.,1.,1.,       423P    567
1.,1.,1.,1.,1.,1.,1.,1.,1.,1.,0.95787982,0.,1.,0.963570895,0.,       423P    568
0.998752123,0.968828764,0.,0.997504247,0.974086632,0.,               423P    569
0.995198472,0.978110831,0.,0.992892697,0.982135029,0.,               423P    570
0.989880056,0.984312909,0.,0.986867416,0.98649079,0.,                423P    571
0.983606557,0.98649079,0.,0.,1.,0.,0.,-1.;                           423P    572
124,1.40271576953299E-14,1.,0.,4.49999999999989,                     425P    573
-6.12323399573677E-17,8.58915688636046E-31,1.,-11.25,1.,             425P    574
-1.40271576953299E-14,6.12323399573677E-17,6.75000000000004;         425P    575
100,14.75,8.,3.5,8.5,3.5,8.,4.;                                      427P    576
126,1,1,1,0,1,0,0.,0.,1.,1.,1.,1.,0.983606557,0.98649079,0.,         429P    577
0.016393443,0.98649079,0.,0.,1.,0.,0.,1.;                            429P    578
110,8.5,3.5,14.75,8.5,3.5,-14.75;                                    431P    579
126,8,2,1,0,1,0,0.,0.,0.,0.25,0.25,0.5,0.5,0.75,0.75,1.,1.,1.,       433P    580
1.,1.,1.,1.,1.,1.,1.,1.,1.,0.016393443,0.98649079,0.,                433P    581
0.013132584,0.98649079,0.,0.010119944,0.984312909,0.,                433P    582
0.007107303,0.982135029,0.,0.004801528,0.978110831,0.,               433P    583
0.002495753,0.974086632,0.,0.001247877,0.968828764,0.,0.,            433P    584
0.963570895,0.,0.,0.95787982,0.,0.,1.,0.,0.,-1.;                     433P    585
124,1.,0.,0.,0.,0.,6.12323399573677E-17,1.,18.25,0.,-1.,             435P    586
6.12323399573677E-17,-11.25;                                         435P    587
100,-14.75,8.,3.5,8.5,3.5,8.,4.;                                     437P    588
102,8,399,403,409,413,419,423,429,433;                               439P    589
102,8,401,407,411,417,421,427,431,437;                               441P    590
142,1,397,439,441,1;                                                 443P    591
126,14,2,1,0,1,0,0.,0.,0.,0.125,0.125,0.25,0.25,0.375,0.375,         445P    592
0.5,0.5,0.625,0.625,0.75,0.75,1.,1.,1.,1.,1.,1.,1.,1.,1.,1.,1.,      445P    593
1.,1.,1.,1.,1.,1.,1.,0.980028794,0.185383626,0.,0.979609599,         445P    594
0.171646452,0.,0.977861693,0.158360508,0.,0.976089432,               445P    595
0.144889445,0.,0.973014126,0.132386004,0.,0.969948448,               445P    596
0.119921704,0.,0.965601666,0.108392541,0.,0.961272665,               445P    597
0.096910538,0.,0.955889478,0.086935933,0.,0.950590315,               445P    598
0.077117018,0.,0.944244637,0.068792165,0.,0.938055106,               445P    599
0.06067216,0.,0.931007046,0.054133684,0.,0.917661751,                445P    600
0.041753272,0.,0.901639344,0.035515491,0.,0.,1.,0.,0.,1.;            445P    601
126,5,3,1,0,1,0,0.,0.,0.,0.,0.5,0.5,1.,1.,1.,1.,1.,1.,1.,1.,1.,      447P    602
1.,-5.5,3.5,14.640878223,-6.141683471,3.5,14.606703749,              447P    603
-6.754736116,3.5,14.343289804,-7.686171082,3.5,13.465968353,         447P    604
-7.979530181,3.5,12.87553422,-8.11906769,3.5,12.250000001,0.,        447P    605
1.,0.,1.,0.;                                                         447P    606
126,32,2,1,0,1,0,0.,0.,0.,0.03125,0.03125,0.0390625,0.0390625,       449P    607
0.046875,0.046875,0.0625,0.0625,0.125,0.125,0.25,0.25,0.375,         449P    608
0.375,0.5,0.5,0.625,0.625,0.75,0.75,0.875,0.875,0.9375,0.9375,       449P    609
0.953125,0.953125,0.9609375,0.9609375,0.96875,0.96875,1.,1.,1.,      449P    610
1.,1.,1.,1.,1.,1.,1.,1.,1.,1.,1.,1.,1.,1.,1.,1.,1.,1.,1.,1.,1.,      449P    611
1.,1.,1.,1.,1.,1.,1.,1.,1.,1.,1.,1.,0.901639344,0.035515491,0.,      449P    612
0.889891852,0.030942004,0.,0.876613908,0.029612458,0.,               449P    613
0.87352105,0.029302765,0.,0.870341897,0.029168483,0.,                449P    614
0.869291275,0.029124107,0.,0.864065713,0.028999524,0.,               449P    615
0.857357457,0.028839591,0.,0.851512752,0.028700793,0.,               449P    616
0.822642059,0.028015181,0.,0.801300611,0.027525363,0.,               449P    617
0.743344885,0.026195195,0.,0.700872959,0.025396696,0.,               449P    618
0.647156328,0.02438679,0.,0.600438263,0.023883114,0.,                449P    619
0.548634603,0.02332461,0.,0.500000191,0.023324609,0.,                449P    620
0.45136577,0.023324608,0.,0.399562115,0.02388311,0.,0.35284406,      449P    621
0.024386784,0.,0.299127472,0.025396688,0.,0.256655578,               449P    622
0.026195185,0.,0.19869998,0.02752535,0.,0.177358524,                 449P    623
0.028015167,0.,0.148487905,0.028700778,0.,0.142643199,               449P    624
0.028839576,0.,0.135934959,0.028999508,0.,0.130709068,               449P    625
0.029124099,0.,0.129658781,0.029168454,0.,0.126479612,               449P    626
0.029302718,0.,0.123386739,0.029612393,0.,0.110108434,               449P    627
0.030941893,0.,0.098360656,0.035515491,0.,0.,1.,0.,0.,1.;            449P    628
126,17,3,1,0,1,0,0.,0.,0.,0.,0.0625,0.0625,0.125,0.125,0.25,         451P    629
0.25,0.5,0.5,0.75,0.75,0.875,0.875,0.9375,0.9375,1.,1.,1.,1.,        451P    630
1.,1.,1.,1.,1.,1.,1.,1.,1.,1.,1.,1.,1.,1.,1.,1.,1.,1.,               451P    631
-8.11906769,3.5,12.250000001,-8.232313992,3.5,11.742326922,          451P    632
-8.231213942,3.5,11.231626414,-8.245106243,3.5,10.21065146,          451P    633
-8.251988352,3.5,9.700162288,-8.272128353,3.5,8.168681366,           451P    634
-8.284902769,3.5,7.147676815,-8.317900093,3.5,4.084522155,           451P    635
-8.332113268,3.5,2.042254533,-8.33211332,3.5,-2.042242857,           451P    636
-8.317900162,3.5,-4.084512864,-8.284902947,3.5,-7.14766172,          451P    637
-8.272128564,3.5,-8.168664733,-8.251988603,3.5,-9.700143566,         451P    638
-8.245106505,3.5,-10.21063208,-8.231214225,3.5,-11.231605745,        451P    639
-8.232319119,3.5,-11.742303937,-8.11906769,3.5,-12.25,0.,1.,0.,      451P    640
1.,0.;                                                               451P    641
126,14,2,1,0,1,0,0.,0.,0.,0.25,0.25,0.375,0.375,0.5,0.5,0.625,       453P    642
0.625,0.75,0.75,0.875,0.875,1.,1.,1.,1.,1.,1.,1.,1.,1.,1.,1.,        453P    643
1.,1.,1.,1.,1.,1.,1.,0.098360656,0.035515491,0.,0.082347152,         453P    644
0.041749806,0.,0.069007854,0.054119864,0.,0.061971095,               453P    645
0.060645329,0.,0.055789565,0.068747317,0.,0.049454038,               453P    646
0.077051145,0.,0.04416137,0.086841794,0.,0.038769651,                453P    647
0.096815675,0.,0.034432729,0.108301383,0.,0.030092965,               453P    648
0.119794617,0.,0.027026442,0.132221337,0.,0.023931029,               453P    649
0.144765129,0.,0.022148345,0.158284296,0.,0.020391616,               453P    650
0.171606641,0.,0.019971206,0.185383626,0.,0.,1.,0.,0.,1.;            453P    651
126,5,3,1,0,1,0,0.,0.,0.,0.,0.5,0.5,1.,1.,1.,1.,1.,1.,1.,1.,1.,      455P    652
1.,-8.11906769,3.5,-12.25,-7.979516984,3.5,-12.875593384,            455P    653
-7.686700862,3.5,-13.464742641,-6.757496674,3.5,-14.34141377,        455P    654
-6.142509363,3.5,-14.606659764,-5.5,3.5,-14.640878223,0.,1.,0.,      455P    655
1.,0.;                                                               455P    656
126,28,2,1,0,1,0,0.,0.,0.,0.0078125,0.0078125,0.015625,              457P    657
0.015625,0.03125,0.03125,0.0625,0.0625,0.125,0.125,0.25,0.25,        457P    658
0.5,0.5,0.75,0.75,0.875,0.875,0.9375,0.9375,0.96875,0.96875,         457P    659
0.984375,0.984375,0.989583333333333,0.989583333333333,1.,1.,1.,      457P    660
1.,1.,1.,1.,1.,1.,1.,1.,1.,1.,1.,1.,1.,1.,1.,1.,1.,1.,1.,1.,1.,      457P    661
1.,1.,1.,1.,1.,1.,1.,1.,0.019971206,0.185383626,0.,0.019896233,      457P    662
0.1878405,0.,0.019864537,0.190300837,0.,0.019843046,                 457P    663
0.191969044,0.,0.019839975,0.195218289,0.,0.019835309,               457P    664
0.200154389,0.,0.019830778,0.205053311,0.,0.019821616,               457P    665
0.214960021,0.,0.019813,0.224723354,0.,0.019795407,0.244659485,      457P    666
0.,0.019780033,0.26406345,0.,0.019748144,0.304311241,0.,             457P    667
0.01972545,0.342743674,0.,0.01967809,0.422949088,0.,                 457P    668
0.019668168,0.500104274,0.,0.019658147,0.578028013,0.,               457P    669
0.019685688,0.65746497,0.,0.019699087,0.696112547,0.,                457P    670
0.019721671,0.736145275,0.,0.019732652,0.755609343,0.,               457P    671
0.019745847,0.775485402,0.,0.019752339,0.785264735,0.,               457P    672
0.019759375,0.795155459,0.,0.019762863,0.800058517,0.,               457P    673
0.019766486,0.804990486,0.,0.019768176,0.807291452,0.,               457P    674
0.01977571,0.8082688,0.,0.019800999,0.811549321,0.,0.019903022,      457P    675
0.814824969,0.,0.,1.,0.,0.,1.;                                       457P    676
126,11,3,1,0,1,0,0.,0.,0.,0.,0.125,0.125,0.25,0.5,0.75,0.75,         459P    677
0.875,0.875,1.,1.,1.,1.,1.,1.,1.,1.,1.,1.,1.,1.,1.,1.,1.,1.,         459P    678
-5.5,3.5,-14.640878223,-5.041706426,3.5,-14.665285805,               459P    679
-4.583339547,3.5,-14.646075219,-3.66667249,3.5,-14.647342774,        459P    680
-2.291671529,3.5,-14.649020105,-3.36E-07,3.5,-14.650512046,          459P    681
1.833337194,3.5,-14.650141179,3.208340234,3.5,-14.649309187,         459P    682
3.66667436,3.5,-14.648940296,4.583342214,3.5,-14.648037765,          459P    683
5.041725028,3.5,-14.667868802,5.5,3.5,-14.642957818,0.,1.,0.,        459P    684
1.,0.;                                                               459P    685
126,14,2,1,0,1,0,0.,0.,0.,0.125,0.125,0.25,0.25,0.375,0.375,         461P    686
0.5,0.5,0.625,0.625,0.75,0.75,1.,1.,1.,1.,1.,1.,1.,1.,1.,1.,1.,      461P    687
1.,1.,1.,1.,1.,1.,1.,0.019903022,0.814824969,0.,0.020330928,         461P    688
0.828563656,0.,0.022083343,0.841844815,0.,0.023861893,               461P    689
0.855324053,0.,0.026939625,0.867813844,0.,0.030006975,               461P    690
0.880261506,0.,0.034362764,0.891797162,0.,0.038696907,               461P    691
0.903275495,0.,0.044079797,0.913245328,0.,0.049386316,               461P    692
0.923073712,0.,0.0557278,0.931378229,0.,0.061917577,                 461P    693
0.939484079,0.,0.068973769,0.946007392,0.,0.082350743,               461P    694
0.958374145,0.,0.098360656,0.964528345,0.,0.,1.,0.,0.,1.;            461P    695
126,5,3,1,0,1,0,0.,0.,0.,0.,0.5,0.5,1.,1.,1.,1.,1.,1.,1.,1.,1.,      463P    696
1.,5.5,3.5,-14.642957818,6.141618017,3.5,-14.608080644,              463P    697
6.754353119,3.5,-14.344323391,7.685598692,3.5,-13.466809013,         463P    698
7.978329077,3.5,-12.875915793,8.116188394,3.5,-12.250000001,0.,      463P    699
1.,0.,1.,0.;                                                         463P    700
126,32,2,1,0,1,0,0.,0.,0.,0.03125,0.03125,0.0390625,0.0390625,       465P    701
0.046875,0.046875,0.0625,0.0625,0.125,0.125,0.25,0.25,0.375,         465P    702
0.375,0.5,0.5,0.625,0.625,0.75,0.75,0.875,0.875,0.9375,0.9375,       465P    703
0.953125,0.953125,0.9609375,0.9609375,0.96875,0.96875,1.,1.,1.,      465P    704
1.,1.,1.,1.,1.,1.,1.,1.,1.,1.,1.,1.,1.,1.,1.,1.,1.,1.,1.,1.,1.,      465P    705
1.,1.,1.,1.,1.,1.,1.,1.,1.,1.,1.,1.,0.098360656,0.964528345,0.,      465P    706
0.110116605,0.969047324,0.,0.123391934,0.970275685,0.,               465P    707
0.126486183,0.970561994,0.,0.129666082,0.970670095,0.,               465P    708
0.13007132,0.970683871,0.,0.135943778,0.970837976,0.,                465P    709
0.141898447,0.970994237,0.,0.148499252,0.971168534,0.,               465P    710
0.173610202,0.971831601,0.,0.19872099,0.972500753,0.,                465P    711
0.259117661,0.974110202,0.,0.299166628,0.975027263,0.,               465P    712
0.354354132,0.976290973,0.,0.399620225,0.97689709,0.,                465P    713
0.450730119,0.977581457,0.,0.500078982,0.977580923,0.,               465P    714
0.549422848,0.97758039,0.,0.600537784,0.976894973,0.,                465P    715
0.645797089,0.976288077,0.,0.700991753,0.975023635,0.,               465P    716
0.738172874,0.974171862,0.,0.801440733,0.97249647,0.,                465P    717
0.826552741,0.971831481,0.,0.851664688,0.971164206,0.,               465P    718
0.854923988,0.971077599,0.,0.864220714,0.970833659,0.,               465P    719
0.87000507,0.970681881,0.,0.870498537,0.970664378,0.,                465P    720
0.87367472,0.970551716,0.,0.876765371,0.970261009,0.,                465P    721
0.88995296,0.969020584,0.,0.901639344,0.964528345,0.,0.,1.,0.,       465P    722
0.,1.;                                                               465P    723
126,17,3,1,0,1,0,0.,0.,0.,0.,0.0625,0.0625,0.125,0.125,0.25,         467P    724
0.25,0.5,0.5,0.75,0.75,0.875,0.875,0.9375,0.9375,1.,1.,1.,1.,        467P    725
1.,1.,1.,1.,1.,1.,1.,1.,1.,1.,1.,1.,1.,1.,1.,1.,1.,1.,               467P    726
8.116188394,3.5,-12.250000001,8.22801982,3.5,-11.742257346,          467P    727
8.224506037,3.5,-11.231361462,8.239956181,3.5,-10.210184174,         467P    728
8.247765998,3.5,-9.699597846,8.27100613,3.5,-8.167833689,            467P    729
8.286266631,3.5,-7.146651217,8.32646334,3.5,-4.082951126,            467P    730
8.344305487,3.5,-2.0402644,8.344280172,3.5,2.045082311,              467P    731
8.32641239,3.5,4.087750117,8.286197016,3.5,7.151497641,              467P    732
8.270932831,3.5,8.172721565,8.247690388,3.5,9.704552749,             467P    733
8.239880338,3.5,10.215162293,8.224430583,3.5,11.236383696,           467P    734
8.226794844,3.5,11.747819045,8.116188394,3.5,12.25,0.,1.,0.,1.,      467P    735
0.;                                                                  467P    736
126,14,2,1,0,1,0,0.,0.,0.,0.25,0.25,0.375,0.375,0.5,0.5,0.625,       469P    737
0.625,0.75,0.75,0.875,0.875,1.,1.,1.,1.,1.,1.,1.,1.,1.,1.,1.,        469P    738
1.,1.,1.,1.,1.,1.,1.,0.901639344,0.964528345,0.,0.917639871,         469P    739
0.958377753,0.,0.931010509,0.946021923,0.,0.938055449,               469P    740
0.939511682,0.,0.944237309,0.9314239,0.,0.950569365,                 469P    741
0.923139615,0.,0.955869717,0.913338758,0.,0.961260999,               469P    742
0.903369764,0.,0.965603007,0.891887748,0.,0.969952431,               469P    743
0.880386118,0.,0.973020921,0.867973697,0.,0.976118257,               469P    744
0.855444592,0.,0.977906974,0.841918121,0.,0.979667879,               469P    745
0.828601976,0.,0.980096978,0.814824969,0.,0.,1.,0.,0.,1.;            469P    746
126,5,3,1,0,1,0,0.,0.,0.,0.,0.5,0.5,1.,1.,1.,1.,1.,1.,1.,1.,1.,      471P    747
1.,8.116188394,3.5,12.25,7.978315185,3.5,12.875978867,               471P    748
7.686172216,3.5,13.465547934,6.757045154,3.5,14.342504801,           471P    749
6.142438349,3.5,14.608036052,5.5,3.5,14.642957818,0.,1.,0.,1.,       471P    750
0.;                                                                  471P    751
126,28,2,1,0,1,0,0.,0.,0.,0.0104166666666667,                        473P    752
0.0104166666666667,0.015625,0.015625,0.03125,0.03125,0.0625,         473P    753
0.0625,0.125,0.125,0.25,0.25,0.5,0.5,0.75,0.75,0.875,0.875,          473P    754
0.9375,0.9375,0.96875,0.96875,0.984375,0.984375,0.9921875,           473P    755
0.9921875,1.,1.,1.,1.,1.,1.,1.,1.,1.,1.,1.,1.,1.,1.,1.,1.,1.,        473P    756
1.,1.,1.,1.,1.,1.,1.,1.,1.,1.,1.,1.,1.,1.,1.,0.980096978,            473P    757
0.814824969,0.,0.980199005,0.811549203,0.,0.980224292,               473P    758
0.808268564,0.,0.980231825,0.807291334,0.,0.980233515,               473P    759
0.804990238,0.,0.980237137,0.80005827,0.,0.980240625,                473P    760
0.795155213,0.,0.980247661,0.785264492,0.,0.980254153,               473P    761
0.775485162,0.,0.980267349,0.755609112,0.,0.980278329,               473P    762
0.736145052,0.,0.980300913,0.696112354,0.,0.980314312,               473P    763
0.657464805,0.,0.980341853,0.578027888,0.,0.980331832,               473P    764
0.500104186,0.,0.98032191,0.422948971,0.,0.98027455,                 473P    765
0.342743523,0.,0.980251856,0.304311067,0.,0.980219967,               473P    766
0.26406325,0.,0.980204593,0.244659278,0.,0.980187,0.22472314,        473P    767
0.,0.980178384,0.214959805,0.,0.980169222,0.205053092,0.,            473P    768
0.980164691,0.20015417,0.,0.980160025,0.195218069,0.,                473P    769
0.980156954,0.191968951,0.,0.98013546,0.190300652,0.,                473P    770
0.980103764,0.187840408,0.,0.980028794,0.185383626,0.,0.,1.,0.,      473P    771
0.,1.;                                                               473P    772
126,11,3,1,0,1,0,0.,0.,0.,0.,0.125,0.125,0.25,0.5,0.75,0.75,         475P    773
0.875,0.875,1.,1.,1.,1.,1.,1.,1.,1.,1.,1.,1.,1.,1.,1.,1.,1.,         475P    774
5.5,3.5,14.642957818,5.041698176,3.5,14.667870262,4.583338071,       475P    775
3.5,14.64803777,3.6666707,3.5,14.648940299,2.291669324,3.5,          475P    776
14.650048463,-2.196E-06,3.5,14.650511845,-1.833339327,3.5,           475P    777
14.649318452,-3.208341844,3.5,14.647901418,-3.666675781,3.5,         475P    778
14.64734277,-4.583343245,3.5,14.646075214,-5.04173106,3.5,           475P    779
14.665284493,-5.5,3.5,14.640878223,0.,1.,0.,1.,0.;                   475P    780
102,8,445,449,453,457,461,465,469,473;                               477P    781
102,8,447,451,455,459,463,467,471,475;                               479P    782
142,1,397,477,479,1;                                                 481P    783
144,397,1,1,443,481;                                                 483P    784
128,1,1,1,1,0,0,1,0,0,0.,0.,1.,1.,0.,0.,1.,1.,1.,1.,1.,1.,-9.,       485P    785
0.,-15.75,-9.,0.,15.75,9.,0.,-15.75,9.,0.,15.75,0.,1.,0.,1.;         485P    786
126,1,1,1,0,1,0,0.,0.,1.,1.,1.,1.,0.968253968,1.,0.,                 487P    787
0.031746032,1.,0.,0.,1.,0.,0.,1.;                                    487P    788
110,9.,0.,14.75,9.,0.,-14.75;                                        489P    789
126,16,2,1,0,1,0,0.,0.,0.,0.125,0.125,0.25,0.25,0.375,0.375,         491P    790
0.5,0.5,0.625,0.625,0.75,0.75,0.875,0.875,1.,1.,1.,1.,1.,1.,1.,      491P    791
1.,1.,1.,1.,1.,1.,1.,1.,1.,1.,1.,1.,1.,0.031746032,1.,0.,            491P    792
0.028619321,1.,0.,0.025552688,0.998932516,0.,0.022486056,            491P    793
0.997865031,0.,0.019597351,0.995771085,0.,0.016708647,               491P    794
0.993677139,0.,0.014108881,0.990637201,0.,0.011509116,               491P    795
0.987597262,0.,0.009298197,0.983728155,0.,0.007087279,               491P    796
0.979859047,0.,0.005350171,0.975309457,0.,0.003613063,               491P    797
0.970759868,0.,0.002416523,0.965704635,0.,0.001219982,               491P    798
0.960649402,0.,0.000609991,0.955282796,0.,0.,0.949916189,0.,0.,      491P    799
0.944444444,0.,0.,1.,0.,0.,-1.;                                      491P    800
124,1.,0.,0.,0.,0.,6.12323399573677E-17,1.,14.75,0.,-1.,             493P    801
6.12323399573677E-17,-14.75;                                         493P    802
100,-14.75,8.,0.,9.,0.,8.,1.;                                        495P    803
126,1,1,1,0,1,0,0.,0.,1.,1.,1.,1.,0.,0.944444444,0.,0.,              497P    804
0.055555556,0.,0.,1.,0.,0.,1.;                                       497P    805
110,8.,0.,-15.75,-8.,0.,-15.75;                                      499P    806
126,16,2,1,0,1,0,0.,0.,0.,0.125,0.125,0.25,0.25,0.375,0.375,         501P    807
0.5,0.5,0.625,0.625,0.75,0.75,0.875,0.875,1.,1.,1.,1.,1.,1.,1.,      501P    808
1.,1.,1.,1.,1.,1.,1.,1.,1.,1.,1.,1.,1.,0.,0.055555556,0.,0.,         501P    809
0.050083811,0.,0.000609991,0.044717204,0.,0.001219982,               501P    810
0.039350598,0.,0.002416523,0.034295365,0.,0.003613063,               501P    811
0.029240132,0.,0.005350171,0.024690543,0.,0.007087279,               501P    812
0.020140953,0.,0.009298197,0.016271845,0.,0.011509116,               501P    813
0.012402738,0.,0.014108881,0.009362799,0.,0.016708647,               501P    814
0.006322861,0.,0.019597351,0.004228915,0.,0.022486056,               501P    815
0.002134969,0.,0.025552688,0.001067484,0.,0.028619321,0.,0.,         501P    816
0.031746032,0.,0.,0.,1.,0.,0.,-1.;                                   501P    817
124,6.12323399573677E-17,-1.,0.,-8.,6.12323399573677E-17,            503P    818
3.74939945665464E-33,1.,14.75,-1.,-6.12323399573677E-17,             503P    819
6.12323399573677E-17,-22.75;                                         503P    820
100,-14.75,-8.,0.,-7.,0.,-8.,1.;                                     505P    821
126,1,1,1,0,1,0,0.,0.,1.,1.,1.,1.,0.031746032,0.,0.,                 507P    822
0.968253968,0.,0.,0.,1.,0.,0.,1.;                                    507P    823
110,-9.,0.,-14.75,-9.,0.,14.75;                                      509P    824
126,16,2,1,0,1,0,0.,0.,0.,0.125,0.125,0.25,0.25,0.375,0.375,         511P    825
0.5,0.5,0.625,0.625,0.75,0.75,0.875,0.875,1.,1.,1.,1.,1.,1.,1.,      511P    826
1.,1.,1.,1.,1.,1.,1.,1.,1.,1.,1.,1.,1.,0.968253968,0.,0.,            511P    827
0.971380679,0.,0.,0.974447312,0.001067484,0.,0.977513944,            511P    828
0.002134969,0.,0.980402649,0.004228915,0.,0.983291353,               511P    829
0.006322861,0.,0.985891119,0.009362799,0.,0.988490884,               511P    830
0.012402738,0.,0.990701803,0.016271845,0.,0.992912721,               511P    831
0.020140953,0.,0.994649829,0.024690543,0.,0.996386937,               511P    832
0.029240132,0.,0.997583477,0.034295365,0.,0.998780018,               511P    833
0.039350598,0.,0.999390009,0.044717204,0.,1.,0.050083811,0.,1.,      511P    834
0.055555556,0.,0.,1.,0.,0.,-1.;                                      511P    835
124,-1.,6.98296267768627E-15,0.,-16.,-4.27583144589696E-31,          513P    836
-6.12323399573677E-17,1.,-14.75,6.98296267768627E-15,1.,             513P    837
6.12323399573677E-17,14.7500000000001;                               513P    838
100,14.75,-8.,0.,-7.,0.,-8.,1.;                                      515P    839
126,1,1,1,0,1,0,0.,0.,1.,1.,1.,1.,1.,0.055555556,0.,1.,              517P    840
0.944444444,0.,0.,1.,0.,0.,1.;                                       517P    841
110,-8.,0.,15.75,8.,0.,15.75;                                        519P    842
126,16,2,1,0,1,0,0.,0.,0.,0.125,0.125,0.25,0.25,0.375,0.375,         521P    843
0.5,0.5,0.625,0.625,0.75,0.75,0.875,0.875,1.,1.,1.,1.,1.,1.,1.,      521P    844
1.,1.,1.,1.,1.,1.,1.,1.,1.,1.,1.,1.,1.,1.,0.944444444,0.,1.,         521P    845
0.949916189,0.,0.999390009,0.955282796,0.,0.998780018,               521P    846
0.960649402,0.,0.997583477,0.965704635,0.,0.996386937,               521P    847
0.970759868,0.,0.994649829,0.975309457,0.,0.992912721,               521P    848
0.979859047,0.,0.990701803,0.983728155,0.,0.988490884,               521P    849
0.987597262,0.,0.985891119,0.990637201,0.,0.983291353,               521P    850
0.993677139,0.,0.980402649,0.995771085,0.,0.977513944,               521P    851
0.997865031,0.,0.974447312,0.998932516,0.,0.971380679,1.,0.,         521P    852
0.968253968,1.,0.,0.,1.,0.,0.,-1.;                                   521P    853
124,1.40271576953299E-14,1.,0.,7.99999999999989,                     523P    854
-6.12323399573677E-17,8.58915688636046E-31,1.,-14.75,1.,             523P    855
-1.40271576953299E-14,6.12323399573677E-17,6.75;                     523P    856
100,14.75,8.,0.,9.,0.,8.,1.;                                         525P    857
102,8,487,491,497,501,507,511,517,521;                               527P    858
102,8,489,495,499,505,509,515,519,525;                               529P    859
142,1,485,527,529,1;                                                 531P    860
126,1,1,1,0,1,0,0.,0.,1.,1.,1.,1.,0.087301587,0.9,0.,                533P    861
0.912698413,0.9,0.,0.,1.,0.,0.,1.;                                   533P    862
110,7.2,0.,-13.,7.2,0.,13.;                                          535P    863
126,16,2,1,0,1,0,0.,0.,0.,0.125,0.125,0.25,0.25,0.375,0.375,         537P    864
0.5,0.5,0.625,0.625,0.75,0.75,0.875,0.875,1.,1.,1.,1.,1.,1.,1.,      537P    865
1.,1.,1.,1.,1.,1.,1.,1.,1.,1.,1.,1.,1.,0.912698413,0.9,0.,           537P    866
0.915668788,0.9,0.,0.918582089,0.89898589,0.,0.92149539,             537P    867
0.89797178,0.,0.924239659,0.895982531,0.,0.926983928,                537P    868
0.893993282,0.,0.929453705,0.891105341,0.,0.931923483,               537P    869
0.888217399,0.,0.934023855,0.884541747,0.,0.936124228,               537P    870
0.880866094,0.,0.93777448,0.876543985,0.,0.939424733,                537P    871
0.872221875,0.,0.940561446,0.867419403,0.,0.94169816,                537P    872
0.862616932,0.,0.942277651,0.857518656,0.,0.942857143,               537P    873
0.85242038,0.,0.942857143,0.847222222,0.,0.,1.,0.,0.,1.;             537P    874
124,1.,0.,0.,0.,0.,6.12323399573677E-17,-1.,13.,0.,1.,               539P    875
6.12323399573677E-17,13.;                                            539P    876
100,13.,6.25,0.,7.2,0.,6.25,0.95;                                    541P    877
126,1,1,1,0,1,0,0.,0.,1.,1.,1.,1.,0.942857143,0.847222222,0.,        543P    878
0.942857143,0.152777778,0.,0.,1.,0.,0.,1.;                           543P    879
110,6.25,0.,13.95,-6.25,0.,13.95;                                    545P    880
126,16,2,1,0,1,0,0.,0.,0.,0.125,0.125,0.25,0.25,0.375,0.375,         547P    881
0.5,0.5,0.625,0.625,0.75,0.75,0.875,0.875,1.,1.,1.,1.,1.,1.,1.,      547P    882
1.,1.,1.,1.,1.,1.,1.,1.,1.,1.,1.,1.,1.,0.942857143,0.152777778,      547P    883
0.,0.942857143,0.14757962,0.,0.942277651,0.142481344,0.,             547P    884
0.94169816,0.137383068,0.,0.940561446,0.132580597,0.,                547P    885
0.939424733,0.127778125,0.,0.93777448,0.123456015,0.,                547P    886
0.936124228,0.119133906,0.,0.934023855,0.115458253,0.,               547P    887
0.931923483,0.111782601,0.,0.929453705,0.108894659,0.,               547P    888
0.926983928,0.106006718,0.,0.924239659,0.104017469,0.,               547P    889
0.92149539,0.10202822,0.,0.918582089,0.10101411,0.,0.915668788,      547P    890
0.1,0.,0.912698413,0.1,0.,0.,1.,0.,0.,1.;                            547P    891
124,6.12323399573677E-17,-1.,0.,-6.25,6.12323399573677E-17,          549P    892
3.74939945665464E-33,-1.,13.,1.,6.12323399573677E-17,                549P    893
6.12323399573677E-17,19.25;                                          549P    894
100,13.,-6.25,0.,-5.3,0.,-6.25,0.95;                                 551P    895
126,1,1,1,0,1,0,0.,0.,1.,1.,1.,1.,0.912698413,0.1,0.,                553P    896
0.087301587,0.1,0.,0.,1.,0.,0.,1.;                                   553P    897
110,-7.2,0.,13.,-7.2,0.,-13.;                                        555P    898
126,16,2,1,0,1,0,0.,0.,0.,0.125,0.125,0.25,0.25,0.375,0.375,         557P    899
0.5,0.5,0.625,0.625,0.75,0.75,0.875,0.875,1.,1.,1.,1.,1.,1.,1.,      557P    900
1.,1.,1.,1.,1.,1.,1.,1.,1.,1.,1.,1.,1.,0.087301587,0.1,0.,           557P    901
0.084331212,0.1,0.,0.081417911,0.10101411,0.,0.07850461,             557P    902
0.10202822,0.,0.075760341,0.104017469,0.,0.073016072,                557P    903
0.106006718,0.,0.070546295,0.108894659,0.,0.068076517,               557P    904
0.111782601,0.,0.065976145,0.115458253,0.,0.063875772,               557P    905
0.119133906,0.,0.06222552,0.123456015,0.,0.060575267,                557P    906
0.127778125,0.,0.059438554,0.132580597,0.,0.05830184,                557P    907
0.137383068,0.,0.057722349,0.142481344,0.,0.057142857,               557P    908
0.14757962,0.,0.057142857,0.152777778,0.,0.,1.,0.,0.,1.;             557P    909
124,-1.,6.98296267768627E-15,0.,-12.5,-4.27583144589696E-31,         559P    910
-6.12323399573677E-17,-1.,-13.,-6.98296267768627E-15,-1.,            559P    911
6.12323399573677E-17,-13.;                                           559P    912
100,-13.,-6.25,0.,-5.3,0.,-6.25,0.95;                                561P    913
126,1,1,1,0,1,0,0.,0.,1.,1.,1.,1.,0.057142857,0.152777778,0.,        563P    914
0.057142857,0.847222222,0.,0.,1.,0.,0.,1.;                           563P    915
110,-6.25,0.,-13.95,6.25,0.,-13.95;                                  565P    916
126,16,2,1,0,1,0,0.,0.,0.,0.125,0.125,0.25,0.25,0.375,0.375,         567P    917
0.5,0.5,0.625,0.625,0.75,0.75,0.875,0.875,1.,1.,1.,1.,1.,1.,1.,      567P    918
1.,1.,1.,1.,1.,1.,1.,1.,1.,1.,1.,1.,1.,0.057142857,0.847222222,      567P    919
0.,0.057142857,0.85242038,0.,0.057722349,0.857518656,0.,             567P    920
0.05830184,0.862616932,0.,0.059438554,0.867419403,0.,                567P    921
0.060575267,0.872221875,0.,0.06222552,0.876543985,0.,                567P    922
0.063875772,0.880866094,0.,0.065976145,0.884541747,0.,               567P    923
0.068076517,0.888217399,0.,0.070546295,0.891105341,0.,               567P    924
0.073016072,0.893993282,0.,0.075760341,0.895982531,0.,               567P    925
0.07850461,0.89797178,0.,0.081417911,0.89898589,0.,0.084331212,      567P    926
0.9,0.,0.087301587,0.9,0.,0.,1.,0.,0.,1.;                            567P    927
124,1.40271576953299E-14,1.,0.,6.24999999999991,                     569P    928
-6.12323399573677E-17,8.58915688636046E-31,-1.,-13.,-1.,             569P    929
1.40271576953299E-14,6.12323399573677E-17,-6.75000000000001;         569P    930
100,-13.,6.25,0.,7.2,0.,6.25,0.95;                                   571P    931
102,8,533,537,543,547,553,557,563,567;                               573P    932
102,8,535,541,545,551,555,561,565,571;                               575P    933
142,1,485,573,575,1;                                                 577P    934
144,485,1,1,531,577;                                                 579P    935
128,1,1,1,1,0,0,1,0,0,0.,0.,1.,1.,0.,0.,1.,1.,1.,1.,1.,1.,           581P    936
-2.024110222,3.,-2.024109906,-2.024110222,3.,2.024000656,            581P    937
2.024055608,3.,-2.024109906,2.024055608,3.,2.024000656,0.,1.,        581P    938
0.,1.;                                                               581P    939
126,16,2,1,0,1,0,0.,0.,0.,0.125,0.125,0.25,0.25,0.375,0.375,         583P    940
0.5,0.5,0.625,0.625,0.75,0.75,0.875,0.875,1.,1.,1.,1.,1.,1.,1.,      583P    941
1.,1.,1.,1.,1.,1.,1.,1.,1.,1.,1.,1.,1.,0.500013494,0.994057652,      583P    942
0.,0.401603459,0.99403059,0.,0.310945818,0.956450267,0.,             583P    943
0.220037157,0.918765889,0.,0.150661981,0.849353495,0.,               583P    944
0.081094713,0.779748906,0.,0.043563743,0.689071848,0.,               583P    945
0.005928855,0.598143716,0.,0.005955842,0.500006753,0.,               583P    946
0.005982903,0.401598062,0.,0.043563738,0.310941657,0.,               583P    947
0.081248629,0.220034237,0.,0.15066197,0.150660007,0.,                583P    948
0.220267508,0.081093688,0.,0.310945803,0.04356323,0.,                583P    949
0.401875176,0.005928854,0.,0.500013479,0.005955838,0.,0.,1.,0.,      583P    950
0.,-1.;                                                              583P    951
124,1.,0.,0.,0.,0.,6.12323399573677E-17,1.,3.,0.,-1.,                585P    952
6.12323399573677E-17,3.;                                             585P    953
100,0.,0.,3.,2.,3.,-2.,3.000000062;                                  587P    954
126,16,2,1,0,1,0,0.,0.,0.,0.125,0.125,0.25,0.25,0.375,0.375,         589P    955
0.5,0.5,0.625,0.625,0.75,0.75,0.875,0.875,1.,1.,1.,1.,1.,1.,1.,      589P    956
1.,1.,1.,1.,1.,1.,1.,1.,1.,1.,1.,1.,1.,0.500013479,0.005955838,      589P    957
0.,0.598423516,0.005982898,0.,0.68908116,0.043563219,0.,             589P    958
0.779989823,0.081247596,0.,0.849365002,0.150659991,0.,               589P    959
0.918932272,0.22026458,0.,0.956463243,0.31094164,0.,                 589P    960
0.994071145,0.401804568,0.,0.994071146,0.500006738,0.,               589P    961
0.994071148,0.598350147,0.,0.956463249,0.689071837,0.,               589P    962
0.918778357,0.779979259,0.,0.849365013,0.849353489,0.,               589P    963
0.779759473,0.918919808,0.,0.689081174,0.956450266,0.,               589P    964
0.598151799,0.99408464,0.,0.500013494,0.994057652,0.,0.,1.,0.,       589P    965
0.,-1.;                                                              589P    966
124,-1.,-2.980232251016E-08,0.,8.940696753048E-08,                   591P    967
1.82486594346123E-24,-6.12323399573676E-17,1.,3.,                    591P    968
-2.980232251016E-08,1.,6.12323399573677E-17,-3.;                     591P    969
100,0.,0.,3.,2.,2.999999998,-2.,2.99999994;                          593P    970
102,2,583,589;                                                       595P    971
102,2,587,593;                                                       597P    972
142,1,581,595,597,1;                                                 599P    973
144,581,1,0,599;                                                     601P    974
128,24,3,3,3,0,0,1,0,0,0.,0.,0.,0.,0.0396585453066422,               603P    975
0.0793170906132843,0.118975635919927,0.158634181226569,              603P    976
0.158634181226569,0.166952508625009,0.17527083602345,                603P    977
0.18358916342189,0.191907490820331,0.191907490820331,                603P    978
0.222977920432216,0.2540483500441,0.285118779655985,                 603P    979
0.316189209267869,0.316189209267869,0.324452301784438,               603P    980
0.332715394301006,0.340978486817575,0.349241579334143,               603P    981
0.349241579334143,0.424620789667072,0.5,0.5,0.5,0.5,0.,0.,0.,        603P    982
0.,0.979616968261841,0.979616968261841,0.979616968261841,            603P    983
0.979616968261841,1.,1.,1.,1.,1.,1.,1.,1.,1.,1.,1.,1.,1.,1.,1.,      603P    984
1.,1.,1.,1.,1.,1.,1.,1.,1.,1.,1.,1.,1.,1.,1.,1.,1.,1.,1.,1.,1.,      603P    985
1.,1.,1.,1.,1.,1.,1.,1.,1.,1.,1.,1.,1.,1.,1.,1.,1.,1.,1.,1.,1.,      603P    986
1.,1.,1.,1.,1.,1.,1.,1.,1.,1.,1.,1.,1.,1.,1.,1.,1.,1.,1.,1.,1.,      603P    987
1.,1.,1.,1.,1.,1.,1.,1.,1.,1.,1.,1.,1.,1.,1.,1.,1.,1.,1.,1.,1.,      603P    988
1.,2.,3.,0.,2.,3.,-0.17873389,1.951623486,3.,-0.539357768,           603P    989
1.735247345,3.,-1.043131926,1.394834287,3.,-1.466483953,             603P    990
1.107814591,3.,-1.674099485,0.924192478,3.,-1.774029887,             603P    991
0.867587198,3.,-1.802738023,0.788394739,3.,-1.838726029,             603P    992
0.709365309,3.,-1.870618721,0.653103628,3.,-1.890633897,             603P    993
0.507921015,3.,-1.93817908,0.269220725,3.,-1.993294161,              603P    994
-0.102644706,3.,-2.008907574,-0.470767292,3.,-1.95550206,            603P    995
-0.70233575,3.,-1.876485845,-0.841515477,3.,-1.814628188,            603P    996
-0.894990713,3.,-1.78923645,-0.96961051,3.,-1.749933016,             603P    997
-1.043670613,3.,-1.706824904,-1.095984837,3.,-1.673332778,           603P    998
-1.388956159,3.,-1.474032559,-1.83569201,3.,-0.981076546,            603P    999
-2.000225564,3.,-0.327025515,-2.000225564,3.,0.,3.807123675,3.,      603P   1000
0.,3.807123675,3.,-0.453712191,3.774543978,3.,-1.357124442,          603P   1001
3.628823084,3.,-2.682694833,3.399568162,3.,-3.962808862,             603P   1002
3.206271587,3.,-4.781331282,3.082609254,3.,-5.267460104,             603P   1003
3.020227689,3.,-5.443442372,2.827748352,3.,-5.700073606,             603P   1004
2.54021051,3.,-5.88193749,2.328230808,3.,-5.926448814,               603P   1005
1.845640865,3.,-5.958468641,1.084462423,3.,-5.995586499,             603P   1006
-0.057302475,3.,-6.006101524,-1.196841619,3.,-5.970134993,           603P   1007
-1.95382688,3.,-5.916920653,-2.432374114,3.,-5.875261933,            603P   1008
-2.64071706,3.,-5.827494713,-2.923687477,3.,-5.643895931,            603P   1009
-3.115231883,3.,-5.383353659,-3.175986244,3.,-5.201334648,           603P   1010
-3.373291006,3.,-4.314942244,-3.674150184,3.,-2.644407058,           603P   1011
-3.784957117,3.,-0.881469019,-3.784957117,3.,0.,5.610473159,         603P   1012
3.160592257,0.,5.610473159,3.160592257,-0.728690492,                 603P   1013
5.593690281,3.160592257,-2.174891115,5.518624633,3.160592257,        603P   1014
-4.322257739,5.400527847,3.160592257,-6.459133771,5.300954394,       603P   1015
3.160592257,-7.888563079,5.237251839,3.160592257,-8.76089032,        603P   1016
5.16909399,3.160592257,-9.084146721,4.863327774,3.160592257,         603P   1017
-9.561421184,4.367281521,3.160592257,-9.89325626,3.999583798,        603P   1018
3.160592257,-9.962263731,3.179586524,3.160592257,-9.978758202,       603P   1019
1.895929931,3.160592257,-9.997878838,-0.015734435,3.160592257,       603P   1020
-10.003295474,-1.926690136,3.160592257,-9.984767926,-3.2090922,      603P   1021
3.160592257,-9.95735546,-4.02700694,3.160592257,-9.935895677,        603P   1022
-4.390217597,3.160592257,-9.865752976,-4.881538634,3.160592257,      603P   1023
-9.537858846,-5.190567342,3.160592257,-9.059882415,-5.25976184,      603P   1024
3.160592257,-8.729336518,-5.361400044,3.160592257,-7.155851929,      603P   1025
-5.516382548,3.160592257,-4.307737569,-5.573462861,3.160592257,      603P   1026
-1.435912523,-5.573462861,3.160592257,0.,7.389013382,                603P   1027
3.479864491,0.,7.389013382,3.479864491,-1.003668794,                 603P   1028
7.388027322,3.479864491,-2.992657789,7.38361692,3.479864491,         603P   1029
-5.961820646,7.37667827,3.479864491,-8.95545868,7.370827939,         603P   1030
3.479864491,-10.995794877,7.367085163,3.479864491,                   603P   1031
-12.254320537,7.29315103,3.479864491,-12.72485107,6.874097935,       603P   1032
3.479864491,-13.422768761,6.169543269,3.479864491,                   603P   1033
-13.904575029,5.646127526,3.479864491,-13.998078648,                 603P   1034
4.488722922,3.479864491,-13.999047763,2.682588177,3.479864491,       603P   1035
-14.000171176,0.001024345,3.479864491,-14.000489425,                 603P   1036
-2.681347915,3.479864491,-13.999400858,-4.489166781,                 603P   1037
3.479864491,-13.997790268,-5.646449028,3.479864491,                  603P   1038
-13.996529422,-6.164527397,3.479864491,-13.904011238,                603P   1039
-6.864199052,3.479864491,-13.431821761,-7.290712064,                 603P   1040
3.479864491,-12.73641117,-7.368346699,3.479864491,                   603P   1041
-12.257338388,-7.374318343,3.479864491,-9.996761614,                 603P   1042
-7.383424174,3.479864491,-5.971068081,-7.386777866,3.479864491,      603P   1043
-1.990356027,-7.386777866,3.479864491,0.,0.,0.5,0.,                  603P   1044
0.979616968261841;                                                   603P   1045
126,10,2,1,0,1,0,0.,0.,0.,0.25,0.25,0.5,0.5,0.75,0.75,0.875,         605P   1046
0.875,1.,1.,1.,1.,1.,1.,1.,1.,1.,1.,1.,1.,1.,1.,0.5,0.87038865,      605P   1047
0.,0.481229117,0.87038865,0.,0.461093505,0.873333364,0.,             605P   1048
0.443494534,0.875907109,0.,0.422815741,0.881052446,0.,               605P   1049
0.407853026,0.884775498,0.,0.385511401,0.89133301,0.,                605P   1050
0.379247294,0.893171594,0.,0.36725023,0.896751393,0.,                605P   1051
0.354949404,0.900421832,0.,0.349241579,0.902107376,0.,0.,1.,0.,      605P   1052
0.,1.;                                                               605P   1053
126,12,3,1,0,1,0,0.0112131081121566,0.0112131081121566,              607P   1054
0.0112131081121566,0.0112131081121566,0.0128856115250316,            607P   1055
0.0128856115250316,0.0128856115250316,0.0163268423456879,            607P   1056
0.0163268423456879,0.0163268423456879,0.0224262130762334,            607P   1057
0.0224262130762334,0.0224262130762334,0.0224262730762369,            607P   1058
0.0224262730762369,0.0224262730762369,0.0224262730762369,1.,1.,      607P   1059
1.,1.,1.,1.,1.,1.,1.,1.,1.,1.,1.,-6.781114462,3.378987935,0.,        607P   1060
-6.781114462,3.378987935,-0.557499853,-6.782147361,3.379311206,      607P   1061
-1.115000549,-6.784107762,3.379925614,-1.672496617,                  607P   1062
-6.788141353,3.38118978,-2.819563635,-6.796116567,3.383693553,       607P   1063
-3.966617419,-6.806353997,3.386897263,-5.113642068,                  607P   1064
-6.824499247,3.392575653,-7.146676524,-6.848651632,3.400159126,      607P   1065
-9.179647461,-6.871126314,3.407060705,-11.212634882,                 607P   1066
-6.871126535,3.407060773,-11.21265488,-6.871126756,3.407060841,      607P   1067
-11.212674879,-6.871126977,3.407060909,-11.212694878,                607P   1068
0.0112131081121566,0.0224262730762369,-0.299031732,                  607P   1069
-0.954243168,0.;                                                     607P   1070
126,10,2,1,0,1,0,0.,0.,0.,0.0625,0.0625,0.125,0.125,0.25,0.25,       609P   1071
0.5,0.5,1.,1.,1.,1.,1.,1.,1.,1.,1.,1.,1.,1.,1.,1.,0.349241579,       609P   1072
0.902107376,0.,0.34910328,0.903481673,0.,0.348979567,                609P   1073
0.904857359,0.,0.348935838,0.905343626,0.,0.348711636,               609P   1074
0.907558881,0.,0.348439016,0.910252532,0.,0.34815746,                609P   1075
0.912813444,0.,0.347584746,0.918022593,0.,0.346971873,               609P   1076
0.922710266,0.,0.345713067,0.932338487,0.,0.344257646,               609P   1077
0.939957539,0.,0.,1.,0.,0.,1.;                                       609P   1078
126,3,3,1,0,1,0,0.,0.,0.,0.,1.,1.,1.,1.,1.,1.,1.,1.,                 611P   1079
-6.871126977,3.407060909,-11.212694878,-6.963754884,                 611P   1080
3.404066022,-11.472987643,-7.037999662,3.432157522,                  611P   1081
-11.73916245,-7.06820598,3.441867996,-12.015584966,0.,1.,            611P   1082
-0.440199911,0.885874924,0.146457015;                                611P   1083
126,18,2,1,0,1,0,0.,0.,0.,0.1,0.1,0.175,0.175,0.25,0.25,0.375,       613P   1084
0.375,0.5,0.5,0.625,0.625,0.75,0.75,0.875,0.875,1.,1.,1.,1.,1.,      613P   1085
1.,1.,1.,1.,1.,1.,1.,1.,1.,1.,1.,1.,1.,1.,1.,1.,1.,0.344257646,      613P   1086
0.939957539,0.,0.343258255,0.94518929,0.,0.342152565,                613P   1087
0.949550321,0.,0.341301669,0.9529064,0.,0.34045485,0.955529228,      613P   1088
0.,0.339603578,0.958165845,0.,0.338634188,0.960450505,0.,            613P   1089
0.337142764,0.963965491,0.,0.335370198,0.966660284,0.,               613P   1090
0.333667604,0.969248701,0.,0.331982367,0.970763852,0.,               613P   1091
0.330356908,0.972225259,0.,0.328426176,0.972956748,0.,               613P   1092
0.326619649,0.973641181,0.,0.324807894,0.973606096,0.,               613P   1093
0.322986991,0.973570833,0.,0.321087206,0.972767376,0.,               613P   1094
0.319114203,0.971932953,0.,0.317320896,0.97038539,0.,0.,1.,0.,       613P   1095
0.,-1.;                                                              613P   1096
126,5,3,1,0,1,0,0.,0.,0.,0.,0.5,0.5,1.,1.,1.,1.,1.,1.,1.,1.,1.,      615P   1097
1.,-7.06820598,3.441867996,-12.015584966,-7.119568104,               615P   1098
3.458379462,-12.485607402,-7.015912086,3.467213753,                  615P   1099
-12.977029219,-6.413552306,3.475280793,-13.702664749,                615P   1100
-5.935822129,3.475158725,-13.910014991,-5.459443958,                 615P   1101
3.470880628,-13.879370044,0.,1.,0.053466185,0.998142016,             615P   1102
0.029221267;                                                         615P   1103
126,2,2,1,0,1,0,0.,0.,0.,1.,1.,1.,1.,1.,1.,0.317320896,              617P   1104
0.97038539,0.,0.316739805,0.969883928,0.,0.316189209,                617P   1105
0.969314859,0.,0.,1.,0.,0.,-1.;                                      617P   1106
126,6,3,1,0,1,0,0.,0.,0.,0.,0.000105423284585648,                    619P   1107
0.000105423284585648,0.000105423284585648,0.000105483284585605,      619P   1108
0.000105483284585605,0.000105483284585605,0.000105483284585605,      619P   1109
1.,1.,1.,1.,1.,1.,1.,-5.459443958,3.470880628,-13.879370044,         619P   1110
-5.424376757,3.470565708,-13.877114204,-5.389366239,3.47022191,      619P   1111
-13.87361032,-5.354554421,3.469844938,-13.868825788,                 619P   1112
-5.354534609,3.469844724,-13.868823065,-5.354514796,                 619P   1113
3.469844509,-13.868820341,-5.354494984,3.469844295,                  619P   1114
-13.868817617,0.,0.000105483284585605,0.,0.,0.;                      619P   1115
126,8,2,1,0,1,0,0.,0.,0.,0.125,0.125,0.25,0.25,0.5,0.5,1.,1.,        621P   1116
1.,1.,1.,1.,1.,1.,1.,1.,1.,1.,0.316189209,0.969314859,0.,            621P   1117
0.313298896,0.969226858,0.,0.300823756,0.968990876,0.,               621P   1118
0.292920074,0.968841368,0.,0.285319943,0.968734545,0.,               621P   1119
0.269432283,0.968511237,0.,0.254076679,0.968464271,0.,               621P   1120
0.22418196,0.968372837,0.,0.191907491,0.968961379,0.,0.,1.,0.,       621P   1121
0.,1.;                                                               621P   1122
126,15,3,1,0,1,0,-5.94508675919582E-08,-5.94508675919582E-08,        623P   1123
-5.94508675919582E-08,-5.94508675919582E-08,0.,0.,0.,                623P   1124
0.00535417790185835,0.00535417790185835,0.00535417790185835,         623P   1125
0.00810374332561902,0.00810374332561902,0.00810374332561902,         623P   1126
0.0107046655056549,0.0107046655056549,0.0107046655056549,            623P   1127
0.010704725505655,0.010704725505655,0.010704725505655,               623P   1128
0.010704725505655,1.,1.,1.,1.,1.,1.,1.,1.,1.,1.,1.,1.,1.,1.,1.,      623P   1129
1.,-5.354494984,3.469844295,-13.868817617,-5.354475168,              623P   1130
3.469844054,-13.868817583,-5.35445535,3.469844284,                   623P   1131
-13.868817553,-5.354435533,3.469844279,-13.86881752,-3.569712,       623P   1132
3.469387611,-13.865905017,-1.784986158,3.469083202,                  623P   1133
-13.863984219,-0.000260232,3.469021625,-13.863604531,                623P   1134
0.916261744,3.468990003,-13.863409548,1.832783881,3.469020344,       623P   1135
-13.863608006,2.749305698,3.469108722,-13.864175252,                 623P   1136
3.616279787,3.469192321,-13.864711832,4.483253707,3.469327397,       623P   1137
-13.865575011,5.350227227,3.469502344,-13.866693902,                 623P   1138
5.350247227,3.469502348,-13.866693928,5.350267227,3.469502352,       623P   1139
-13.866693954,5.350287227,3.469502356,-13.86669398,                  623P   1140
-5.94508675919582E-08,0.010704725505655,0.,0.,0.;                    623P   1141
126,2,2,1,0,1,0,0.,0.,0.,1.,1.,1.,1.,1.,1.,0.191907491,              625P   1142
0.968961379,0.,0.191317149,0.969586076,0.,0.190743533,               625P   1143
0.97009439,0.,0.,1.,0.,0.,-1.;                                       625P   1144
126,6,3,1,0,1,0,-5.94185518584102E-08,-5.94185518584102E-08,         627P   1145
-5.94185518584102E-08,-5.94185518584102E-08,0.,0.,0.,                627P   1146
0.000108639037738609,0.000108639037738609,0.000108639037738609,      627P   1147
0.000108639037738609,1.,1.,1.,1.,1.,1.,1.,5.350287227,               627P   1148
3.469502356,-13.86669398,5.350306839,3.469502346,-13.866696747,      627P   1149
5.350326448,3.469502793,-13.866699516,5.350346059,3.469503012,       627P   1150
-13.866702284,5.386201558,3.469902808,-13.871762486,                 627P   1151
5.422274742,3.470266391,-13.875456508,5.458408743,3.470598811,       627P   1152
-13.877824157,-5.94185518584102E-08,0.000108639037738609,0.,0.,      627P   1153
0.;                                                                  627P   1154
126,18,2,1,0,1,0,0.,0.,0.,0.125,0.125,0.25,0.25,0.375,0.375,         629P   1155
0.5,0.5,0.625,0.625,0.75,0.75,0.845238095238095,                     629P   1156
0.845238095238095,0.892857142857143,0.892857142857143,1.,1.,1.,      629P   1157
1.,1.,1.,1.,1.,1.,1.,1.,1.,1.,1.,1.,1.,1.,1.,1.,1.,1.,1.,            629P   1158
0.190743533,0.97009439,0.,0.188951185,0.971682693,0.,                629P   1159
0.186973502,0.972553048,0.,0.18508501,0.973384152,0.,                629P   1160
0.183282004,0.97344594,0.,0.181484706,0.973507534,0.,                629P   1161
0.179667966,0.972843208,0.,0.177755624,0.972143923,0.,               629P   1162
0.176140328,0.970736132,0.,0.174454433,0.969266812,0.,               629P   1163
0.172713965,0.966668896,0.,0.170941728,0.964023558,0.,               629P   1164
0.169431878,0.960575936,0.,0.168173012,0.957701417,0.,               629P   1165
0.167102891,0.954274371,0.,0.166553368,0.952514531,0.,               629P   1166
0.166002986,0.950472836,0.,0.164774097,0.945914157,0.,               629P   1167
0.16366377,0.940340771,0.,0.,1.,0.,0.,-1.;                           629P   1168
126,5,3,1,0,1,0,0.,0.,0.,0.,0.5,0.5,1.,1.,1.,1.,1.,1.,1.,1.,1.,      631P   1169
1.,5.458408743,3.470598811,-13.877824157,5.932194746,                631P   1170
3.474957475,-13.908868585,6.407916026,3.475167853,                   631P   1171
-13.705934116,7.017043783,3.467272974,-12.978046071,                 631P   1172
7.119759964,3.458593971,-12.48867098,7.067949673,3.442227691,        631P   1173
-12.019123138,0.,1.,-0.008032064,0.999809441,0.017792375;            631P   1174
126,2,2,1,0,1,0,0.,0.,0.,1.,1.,1.,1.,1.,1.,0.16366377,               633P   1175
0.940340771,0.,0.160848031,0.926206916,0.,0.158634181,               633P   1176
0.904528785,0.,0.,1.,0.,0.,-1.;                                      633P   1177
126,3,3,1,0,1,0,0.,0.,0.,0.,1.,1.,1.,1.,1.,1.,1.,1.,                 635P   1178
7.067949673,3.442227691,-12.019123138,7.038687382,3.432984067,       635P   1179
-11.753923985,6.968566648,3.421773285,-11.497338216,                 635P   1180
6.879938133,3.409245052,-11.248192255,0.,1.,-0.054130021,            635P   1181
0.998117988,0.028817056;                                             635P   1182
126,40,2,1,0,1,0,0.,0.,0.,3.814697265625E-06,                        637P   1183
3.814697265625E-06,7.62939453125E-06,7.62939453125E-06,              637P   1184
1.52587890625E-05,1.52587890625E-05,3.0517578125E-05,                637P   1185
3.0517578125E-05,6.103515625E-05,6.103515625E-05,                    637P   1186
0.0001220703125,0.0001220703125,0.000244140625,0.000244140625,       637P   1187
0.00048828125,0.00048828125,0.0009765625,0.0009765625,               637P   1188
0.001953125,0.001953125,0.00390625,0.00390625,0.0078125,             637P   1189
0.0078125,0.015625,0.015625,0.03125,0.03125,0.0625,0.0625,           637P   1190
0.125,0.125,0.25,0.25,0.5,0.5,0.75,0.75,1.,1.,1.,1.,1.,1.,1.,        637P   1191
1.,1.,1.,1.,1.,1.,1.,1.,1.,1.,1.,1.,1.,1.,1.,1.,1.,1.,1.,1.,1.,      637P   1192
1.,1.,1.,1.,1.,1.,1.,1.,1.,1.,1.,1.,1.,1.,1.,1.,0.158634181,         637P   1193
0.904528785,0.,0.158633944,0.904528555,0.,0.158633641,               637P   1194
0.904528543,0.,0.158633338,0.904528531,0.,0.158633056,               637P   1195
0.904528447,0.,0.158632494,0.904528278,0.,0.158631932,               637P   1196
0.904528109,0.,0.158630807,0.904527771,0.,0.158629682,               637P   1197
0.904527432,0.,0.15862743,0.904526755,0.,0.158625183,                637P   1198
0.90452608,0.,0.158620684,0.904524727,0.,0.158616185,                637P   1199
0.904523375,0.,0.158607187,0.90452067,0.,0.158598188,                637P   1200
0.904517964,0.,0.158580193,0.904512554,0.,0.158562193,               637P   1201
0.904507142,0.,0.158526204,0.904496321,0.,0.158490199,               637P   1202
0.904485493,0.,0.158418226,0.904463848,0.,0.15834619,                637P   1203
0.904442175,0.,0.158202269,0.904398875,0.,0.158058089,               637P   1204
0.904355461,0.,0.157770355,0.904268821,0.,0.157481563,               637P   1205
0.904181719,0.,0.15690659,0.904008303,0.,0.156327208,                637P   1206
0.903832992,0.,0.15517982,0.903485811,0.,0.154013306,                637P   1207
0.903130643,0.,0.15173443,0.902436792,0.,0.149364837,                637P   1208
0.901707039,0.,0.144942555,0.900345129,0.,0.139986209,               637P   1209
0.898790537,0.,0.134235872,0.896986904,0.,0.120911996,               637P   1210
0.892747925,0.,0.094962325,0.884492063,0.,0.081596634,               637P   1211
0.880696024,0.,0.059016957,0.874283087,0.,0.041034811,               637P   1212
0.871192281,0.,0.019958712,0.86756968,0.,0.,0.86756968,0.,0.,        637P   1213
1.,0.,0.,1.;                                                         637P   1214
126,12,3,1,0,1,0,-5.66984803873167E-08,-5.66984803873167E-08,        639P   1215
-5.66984803873167E-08,-5.66984803873167E-08,0.,0.,0.,                639P   1216
0.00621408786702818,0.00621408786702818,0.00621408786702818,         639P   1217
0.00973870594392583,0.00973870594392583,0.00973870594392583,         639P   1218
0.0112487371234614,0.0112487371234614,0.0112487371234614,            639P   1219
0.0112487371234614,1.,1.,1.,1.,1.,1.,1.,1.,1.,1.,1.,1.,1.,           639P   1220
6.879938133,3.409245052,-11.248192255,6.879937277,3.40924257,        639P   1221
-11.248173539,6.879937708,3.409244918,-11.248154459,                 639P   1222
6.879937495,3.409244851,-11.248135561,6.85663617,3.401874032,        639P   1223
-9.176917119,6.828791265,3.392911028,-7.105755533,6.807148377,       639P   1224
3.385960564,-5.034517645,6.794872622,3.38201829,-3.859720256,        639P   1225
6.785116868,3.378890622,-2.684881806,6.780665795,3.377463593,        639P   1226
-1.510022967,6.778758848,3.37685222,-1.006684955,6.777789949,        639P   1227
3.376541333,-0.503341996,6.777789949,3.376541333,0.,                 639P   1228
-5.66984803873167E-08,0.0112487371234614,0.,0.,0.;                   639P   1229
126,1,1,1,0,1,0,0.,0.,1.,1.,1.,1.,0.,0.86756968,0.,0.,0.,0.,0.,      641P   1230
1.,0.,0.,1.;                                                         641P   1231
126,3,3,1,0,1,0,0.132430320145188,0.132430320145188,                 643P   1232
0.132430320145188,0.132430320145188,1.,1.,1.,1.,1.,1.,1.,1.,         643P   1233
6.777789949,3.376541333,0.,5.197894343,3.125956544,0.,               643P   1234
3.600427268,3.,0.,2.,3.,0.,0.132430320145188,1.,0.,0.,1.;            643P   1235
126,1,1,1,0,1,0,0.,0.,1.,1.,1.,1.,0.,0.,0.,0.5,0.,0.,0.,1.,0.,       645P   1236
0.,1.;                                                               645P   1237
124,1.,0.,0.,0.,0.,6.12323399573677E-17,1.,3.,0.,-1.,                647P   1238
6.12323399573677E-17,3.;                                             647P   1239
100,0.,0.,3.,2.,3.,-2.,3.000000062;                                  649P   1240
126,1,1,1,0,1,0,0.,0.,1.,1.,1.,1.,0.5,0.,0.,0.5,0.87038865,0.,       651P   1241
0.,1.,0.,0.,1.;                                                      651P   1242
126,3,3,1,0,1,0,0.,0.,0.,0.,0.870388650334811,                       653P   1243
0.870388650334811,0.870388650334811,0.870388650334811,1.,1.,1.,      653P   1244
1.,-2.000225564,3.,0.,-3.58595768,3.,0.,-5.174669256,                653P   1245
3.126776408,0.,-6.781114462,3.378987935,0.,0.,                       653P   1246
0.870388650334811,0.,0.,1.;                                          653P   1247
102,12,605,609,613,617,621,625,629,633,637,641,645,651;              655P   1248
102,12,607,611,615,619,623,627,631,635,639,643,649,653;              657P   1249
142,1,603,655,657,1;                                                 659P   1250
144,603,1,0,659;                                                     661P   1251
128,12,12,3,3,0,0,1,0,0,0.,0.,0.,0.,0.392699081698724,               663P   1252
0.392699081698724,0.392699081698724,0.785398163397448,               663P   1253
0.785398163397448,0.785398163397448,1.17809724509617,                663P   1254
1.17809724509617,1.17809724509617,1.5707963267949,                   663P   1255
1.5707963267949,1.5707963267949,1.5707963267949,0.,0.,0.,0.,         663P   1256
0.392699081698724,0.392699081698724,0.392699081698724,               663P   1257
0.785398163397448,0.785398163397448,0.785398163397448,               663P   1258
1.17809724509617,1.17809724509617,1.17809724509617,                  663P   1259
1.5707963267949,1.5707963267949,1.5707963267949,                     663P   1260
1.5707963267949,1.,1.,1.,1.,1.,1.,1.,1.,1.,1.,1.,1.,1.,1.,1.,        663P   1261
1.,1.,1.,1.,1.,1.,1.,1.,1.,1.,1.,1.,1.,1.,1.,1.,1.,1.,1.,1.,1.,      663P   1262
1.,1.,1.,1.,1.,1.,1.,1.,1.,1.,1.,1.,1.,1.,1.,1.,1.,1.,1.,1.,1.,      663P   1263
1.,1.,1.,1.,1.,1.,1.,1.,1.,1.,1.,1.,1.,1.,1.,1.,1.,1.,1.,1.,1.,      663P   1264
1.,1.,1.,1.,1.,1.,1.,1.,1.,1.,1.,1.,1.,1.,1.,1.,1.,1.,1.,1.,1.,      663P   1265
1.,1.,1.,1.,1.,1.,1.,1.,1.,1.,1.,1.,1.,1.,1.,1.,1.,1.,1.,1.,1.,      663P   1266
1.,1.,1.,1.,1.,1.,1.,1.,1.,1.,1.,1.,1.,1.,1.,1.,1.,1.,1.,1.,1.,      663P   1267
1.,1.,1.,1.,1.,1.,1.,1.,1.,1.,1.,1.,1.,1.,1.,1.,1.,1.,1.,1.,1.,      663P   1268
1.,1.,1.,1.,1.,1.,1.,8.,3.,15.75,8.130899694,3.,15.75,               663P   1269
8.261747884,3.,15.723972677,8.382683432,3.,15.673879533,             663P   1270
8.50361898,3.,15.623786388,8.61454672,3.,15.549666842,               663P   1271
8.707106781,3.,15.457106781,8.799666842,3.,15.36454672,              663P   1272
8.873786388,3.,15.25361898,8.923879533,3.,15.132683432,              663P   1273
8.973972677,3.,15.011747884,9.,3.,14.880899694,9.,3.,14.75,8.,       663P   1274
3.065449847,15.75,8.130899694,3.065449847,15.75,8.261747884,         663P   1275
3.065449847,15.723972677,8.382683432,3.065449847,15.673879533,       663P   1276
8.50361898,3.065449847,15.623786388,8.61454672,3.065449847,          663P   1277
15.549666842,8.707106781,3.065449847,15.457106781,8.799666842,       663P   1278
3.065449847,15.36454672,8.873786388,3.065449847,15.25361898,         663P   1279
8.923879533,3.065449847,15.132683432,8.973972677,3.065449847,        663P   1280
15.011747884,9.,3.065449847,14.880899694,9.,3.065449847,14.75,       663P   1281
8.,3.130873942,15.736986338,8.12919621,3.130873942,                  663P   1282
15.736986338,8.258341586,3.130873942,15.711297726,8.37770332,        663P   1283
3.130873942,15.661856477,8.497065053,3.130873942,15.612415228,       663P   1284
8.606549217,3.130873942,15.539260249,8.697904733,3.130873942,        663P   1285
15.447904733,8.789260249,3.130873942,15.356549217,8.862415228,       663P   1286
3.130873942,15.247065053,8.911856477,3.130873942,15.12770332,        663P   1287
8.961297726,3.130873942,15.008341586,8.986986338,3.130873942,        663P   1288
14.87919621,8.986986338,3.130873942,14.75,8.,3.191341716,            663P   1289
15.711939766,8.125917621,3.191341716,15.711939766,8.251785699,       663P   1290
3.191341716,15.686903049,8.368118411,3.191341716,15.638716462,       663P   1291
8.484451124,3.191341716,15.590529874,8.591156928,3.191341716,        663P   1292
15.519231335,8.680194132,3.191341716,15.430194132,8.769231335,       663P   1293
3.191341716,15.341156928,8.840529874,3.191341716,15.234451124,       663P   1294
8.888716462,3.191341716,15.118118411,8.936903049,3.191341716,        663P   1295
15.001785699,8.961939766,3.191341716,14.875917621,8.961939766,       663P   1296
3.191341716,14.75,8.,3.25180949,15.686893194,8.122639032,            663P   1297
3.25180949,15.686893194,8.245229811,3.25180949,15.662508372,         663P   1298
8.358533503,3.25180949,15.615576446,8.471837195,3.25180949,          663P   1299
15.56864452,8.575764639,3.25180949,15.499202422,8.662483531,         663P   1300
3.25180949,15.412483531,8.749202422,3.25180949,15.325764639,         663P   1301
8.81864452,3.25180949,15.221837195,8.865576446,3.25180949,           663P   1302
15.108533503,8.912508372,3.25180949,14.995229811,8.936893194,        663P   1303
3.25180949,14.872639032,8.936893194,3.25180949,14.75,8.,             663P   1304
3.30727336,15.649833421,8.117787919,3.30727336,15.649833421,         663P   1305
8.235529494,3.30727336,15.626413166,8.344351342,3.30727336,          663P   1306
15.581337681,8.45317319,3.30727336,15.536262195,8.552989678,         663P   1307
3.30727336,15.469566951,8.636278314,3.30727336,15.386278314,         663P   1308
8.719566951,3.30727336,15.302989678,8.786262195,3.30727336,          663P   1309
15.20317319,8.831337681,3.30727336,15.094351342,8.876413166,         663P   1310
3.30727336,14.985529494,8.899833421,3.30727336,14.867787919,         663P   1311
8.899833421,3.30727336,14.75,8.,3.353553391,15.603553391,            663P   1312
8.111729878,3.353553391,15.603553391,8.223415794,3.353553391,        663P   1313
15.581337681,8.326640741,3.353553391,15.538580507,8.429865688,       663P   1314
3.353553391,15.495823334,8.524548437,3.353553391,15.432558345,       663P   1315
8.603553391,3.353553391,15.353553391,8.682558345,3.353553391,        663P   1316
15.274548437,8.745823334,3.353553391,15.179865688,8.788580507,       663P   1317
3.353553391,15.076640741,8.831337681,3.353553391,14.973415794,       663P   1318
8.853553391,3.353553391,14.861729878,8.853553391,3.353553391,        663P   1319
14.75,8.,3.399833421,15.55727336,8.105671836,3.399833421,            663P   1320
15.55727336,8.211302094,3.399833421,15.536262195,8.30893014,         663P   1321
3.399833421,15.495823334,8.406558186,3.399833421,15.455384474,       663P   1322
8.496107196,3.399833421,15.395549739,8.570828467,3.399833421,        663P   1323
15.320828467,8.645549739,3.399833421,15.246107196,8.705384474,       663P   1324
3.399833421,15.156558186,8.745823334,3.399833421,15.05893014,        663P   1325
8.786262195,3.399833421,14.961302094,8.80727336,3.399833421,         663P   1326
14.855671836,8.80727336,3.399833421,14.75,8.,3.436893194,            663P   1327
15.50180949,8.098411632,3.436893194,15.50180949,8.196784543,         663P   1328
3.436893194,15.482241902,8.287705036,3.436893194,15.4445814,         663P   1329
8.378625529,3.436893194,15.406920899,8.462022056,3.436893194,        663P   1330
15.351197121,8.531609589,3.436893194,15.281609589,8.601197121,       663P   1331
3.436893194,15.212022056,8.656920899,3.436893194,15.128625529,       663P   1332
8.6945814,3.436893194,15.037705036,8.732241902,3.436893194,          663P   1333
14.946784543,8.75180949,3.436893194,14.848411632,8.75180949,         663P   1334
3.436893194,14.75,8.,3.461939766,15.441341716,8.090496419,           663P   1335
3.461939766,15.441341716,8.180957232,3.461939766,15.423347942,       663P   1336
8.264565021,3.461939766,15.388716462,8.34817281,3.461939766,         663P   1337
15.354084981,8.424861784,3.461939766,15.302843047,8.488852416,       663P   1338
3.461939766,15.238852416,8.552843047,3.461939766,15.174861784,       663P   1339
8.604084981,3.461939766,15.09817281,8.638716462,3.461939766,         663P   1340
15.014565021,8.673347942,3.461939766,14.930957232,8.691341716,       663P   1341
3.461939766,14.840496419,8.691341716,3.461939766,14.75,8.,           663P   1342
3.486986338,15.380873942,8.082581206,3.486986338,15.380873942,       663P   1343
8.16512992,3.486986338,15.364453982,8.241425006,3.486986338,         663P   1344
15.332851523,8.317720092,3.486986338,15.301249063,8.387701512,       663P   1345
3.486986338,15.254488973,8.446095243,3.486986338,15.196095243,       663P   1346
8.504488973,3.486986338,15.137701512,8.551249063,3.486986338,        663P   1347
15.067720092,8.582851523,3.486986338,14.991425006,8.614453982,       663P   1348
3.486986338,14.91512992,8.630873942,3.486986338,14.832581206,        663P   1349
8.630873942,3.486986338,14.75,8.,3.5,15.315449847,8.074017212,       663P   1350
3.5,15.315449847,8.148005301,3.5,15.300732701,8.216388288,3.5,       663P   1351
15.27240754,8.284771275,3.5,15.24408238,8.347495349,3.5,             663P   1352
15.202171494,8.399833421,3.5,15.149833421,8.452171494,3.5,           663P   1353
15.097495349,8.49408238,3.5,15.034771275,8.52240754,3.5,             663P   1354
14.966388288,8.550732701,3.5,14.898005301,8.565449847,3.5,           663P   1355
14.824017212,8.565449847,3.5,14.75,8.,3.5,15.25,8.065449847,         663P   1356
3.5,15.25,8.130873942,3.5,15.236986338,8.191341716,3.5,              663P   1357
15.211939766,8.25180949,3.5,15.186893194,8.30727336,3.5,             663P   1358
15.149833421,8.353553391,3.5,15.103553391,8.399833421,3.5,           663P   1359
15.05727336,8.436893194,3.5,15.00180949,8.461939766,3.5,             663P   1360
14.941341716,8.486986338,3.5,14.880873942,8.5,3.5,14.815449847,      663P   1361
8.5,3.5,14.75,0.,1.5707963267949,0.,1.5707963267949;                 663P   1362
126,1,1,1,0,1,0,0.,0.,1.,1.,1.,1.,0.,1.570796327,0.,0.,0.,0.,        665P   1363
0.,1.,0.,0.,1.;                                                      665P   1364
124,3.74939945665464E-33,-6.12323399573677E-17,1.,                   667P   1365
-7.24999999999999,1.,6.12323399573677E-17,0.,-5.,                    667P   1366
-6.12323399573677E-17,1.,6.12323399573677E-17,12.25;                 667P   1367
100,15.25,8.,3.,8.5,3.,8.,3.5;                                       669P   1368
126,1,1,1,0,1,0,0.,0.,1.,1.,1.,1.,0.,0.,0.,1.570796327,0.,0.,        671P   1369
0.,1.,0.,0.,1.;                                                      671P   1370
124,1.40271576953299E-14,1.,0.,4.99999999999989,                     673P   1371
-6.12323399573677E-17,8.58915688636046E-31,1.,-11.75,1.,             673P   1372
-1.40271576953299E-14,6.12323399573677E-17,6.75000000000004;         673P   1373
100,14.75,8.,3.,9.,3.,8.,4.;                                         675P   1374
126,1,1,1,0,1,0,0.,0.,1.,1.,1.,1.,1.570796327,0.,0.,                 677P   1375
1.570796327,1.570796327,0.,0.,1.,0.,0.,1.;                           677P   1376
100,14.75,8.5,3.,9.,3.,8.5,3.5;                                      679P   1377
126,1,1,1,0,1,0,0.,0.,1.,1.,1.,1.,1.570796327,1.570796327,0.,        681P   1378
0.,1.570796327,0.,0.,1.,0.,0.,1.;                                    681P   1379
124,1.,0.,0.,0.,0.,6.12323399573677E-17,-1.,18.25,0.,1.,             683P   1380
6.12323399573677E-17,11.25;                                          683P   1381
100,14.75,8.,3.5,8.5,3.5,8.,4.;                                      685P   1382
102,4,665,671,677,681;                                               687P   1383
102,4,669,675,679,685;                                               689P   1384
142,1,663,687,689,1;                                                 691P   1385
144,663,1,0,691;                                                     693P   1386
110,8.5,3.,14.75,8.5,3.,1014.75;                                     695P   1387
110,9.,3.,-14.75,9.,3.,14.75;                                        697P   1388
120,695,697,0.,6.28318530717959;                                     699P   1389
126,1,1,1,0,1,0,0.,0.,1.,1.,1.,1.,1.,1.570796327,0.,1.,0.,0.,        701P   1390
0.,1.,0.,0.,1.;                                                      701P   1391
124,6.12323399573677E-17,1.,0.,5.5,1.,-6.12323399573677E-17,         703P   1392
-6.98296267768627E-15,-5.4999999999999,-6.98296267768627E-15,        703P   1393
4.27583144589696E-31,-1.,29.5000000000001;                           703P   1394
100,14.75,8.5,3.,9.,3.,8.5,3.5;                                      705P   1395
126,1,1,1,0,1,0,0.,0.,1.,1.,1.,1.,1.,0.,0.,0.,0.,0.,0.,1.,0.,        707P   1396
0.,1.;                                                               707P   1397
110,9.,3.,14.75,9.,3.,-14.75;                                        709P   1398
126,1,1,1,0,1,0,0.,0.,1.,1.,1.,1.,0.,0.,0.,0.,1.570796327,0.,        711P   1399
0.,1.,0.,0.,1.;                                                      711P   1400
100,-14.75,8.5,3.,9.,3.,8.5,3.5;                                     713P   1401
126,1,1,1,0,1,0,0.,0.,1.,1.,1.,1.,0.,1.570796327,0.,1.,              715P   1402
1.570796327,0.,0.,1.,0.,0.,1.;                                       715P   1403
110,8.5,3.5,-14.75,8.5,3.5,14.75;                                    717P   1404
102,4,701,707,711,715;                                               719P   1405
102,4,705,709,713,717;                                               721P   1406
142,1,699,719,721,1;                                                 723P   1407
144,699,1,0,723;                                                     725P   1408
110,8.,3.,15.25,-992.,3.,15.25;                                      727P   1409
110,8.,3.,15.75,-8.,3.,15.75;                                        729P   1410
120,727,729,0.,6.28318530717959;                                     731P   1411
126,1,1,1,0,1,0,0.,0.,1.,1.,1.,1.,0.,0.,0.,0.,1.570796327,0.,        733P   1412
0.,1.,0.,0.,1.;                                                      733P   1413
124,6.12323399573677E-17,0.,-1.,23.25,0.,1.,0.,0.,1.,0.,             735P   1414
6.12323399573677E-17,7.24999999999999;                               735P   1415
100,15.25,8.,3.,8.5,3.,8.,3.5;                                       737P   1416
126,1,1,1,0,1,0,0.,0.,1.,1.,1.,1.,0.,1.570796327,0.,1.,              739P   1417
1.570796327,0.,0.,1.,0.,0.,1.;                                       739P   1418
110,8.,3.5,15.25,-8.,3.5,15.25;                                      741P   1419
126,1,1,1,0,1,0,0.,0.,1.,1.,1.,1.,1.,1.570796327,0.,1.,0.,0.,        743P   1420
0.,1.,0.,0.,1.;                                                      743P   1421
124,3.74939945665464E-33,-6.12323399573677E-17,1.,-23.25,1.,         745P   1422
6.12323399573677E-17,0.,11.,-6.12323399573677E-17,1.,                745P   1423
6.12323399573677E-17,12.25;                                          745P   1424
100,15.25,-8.,3.,-7.5,3.,-8.,3.5;                                    747P   1425
126,1,1,1,0,1,0,0.,0.,1.,1.,1.,1.,1.,0.,0.,0.,0.,0.,0.,1.,0.,        749P   1426
0.,1.;                                                               749P   1427
110,-8.,3.,15.75,8.,3.,15.75;                                        751P   1428
102,4,733,739,743,749;                                               753P   1429
102,4,737,741,747,751;                                               755P   1430
142,1,731,753,755,1;                                                 757P   1431
144,731,1,0,757;                                                     759P   1432
128,12,12,3,3,0,0,1,0,0,1.5707963267949,1.5707963267949,             761P   1433
1.5707963267949,1.5707963267949,1.96349540849362,                    761P   1434
1.96349540849362,1.96349540849362,2.35619449019234,                  761P   1435
2.35619449019234,2.35619449019234,2.74889357189107,                  761P   1436
2.74889357189107,2.74889357189107,3.14159265358979,                  761P   1437
3.14159265358979,3.14159265358979,3.14159265358979,0.,0.,0.,0.,      761P   1438
0.392699081698724,0.392699081698724,0.392699081698724,               761P   1439
0.785398163397448,0.785398163397448,0.785398163397448,               761P   1440
1.17809724509617,1.17809724509617,1.17809724509617,                  761P   1441
1.5707963267949,1.5707963267949,1.5707963267949,                     761P   1442
1.5707963267949,1.,1.,1.,1.,1.,1.,1.,1.,1.,1.,1.,1.,1.,1.,1.,        761P   1443
1.,1.,1.,1.,1.,1.,1.,1.,1.,1.,1.,1.,1.,1.,1.,1.,1.,1.,1.,1.,1.,      761P   1444
1.,1.,1.,1.,1.,1.,1.,1.,1.,1.,1.,1.,1.,1.,1.,1.,1.,1.,1.,1.,1.,      761P   1445
1.,1.,1.,1.,1.,1.,1.,1.,1.,1.,1.,1.,1.,1.,1.,1.,1.,1.,1.,1.,1.,      761P   1446
1.,1.,1.,1.,1.,1.,1.,1.,1.,1.,1.,1.,1.,1.,1.,1.,1.,1.,1.,1.,1.,      761P   1447
1.,1.,1.,1.,1.,1.,1.,1.,1.,1.,1.,1.,1.,1.,1.,1.,1.,1.,1.,1.,1.,      761P   1448
1.,1.,1.,1.,1.,1.,1.,1.,1.,1.,1.,1.,1.,1.,1.,1.,1.,1.,1.,1.,1.,      761P   1449
1.,1.,1.,1.,1.,1.,1.,1.,1.,1.,1.,1.,1.,1.,1.,1.,1.,1.,1.,1.,1.,      761P   1450
1.,1.,1.,1.,1.,1.,1.,9.,3.,-14.75,9.,3.,-14.880899694,               761P   1451
8.973972677,3.,-15.011747884,8.923879533,3.,-15.132683432,           761P   1452
8.873786388,3.,-15.25361898,8.799666842,3.,-15.36454672,             761P   1453
8.707106781,3.,-15.457106781,8.61454672,3.,-15.549666842,            761P   1454
8.50361898,3.,-15.623786388,8.382683432,3.,-15.673879533,            761P   1455
8.261747884,3.,-15.723972677,8.130899694,3.,-15.75,8.,3.,            761P   1456
-15.75,9.,3.065449847,-14.75,9.,3.065449847,-14.880899694,           761P   1457
8.973972677,3.065449847,-15.011747884,8.923879533,3.065449847,       761P   1458
-15.132683432,8.873786388,3.065449847,-15.25361898,8.799666842,      761P   1459
3.065449847,-15.36454672,8.707106781,3.065449847,-15.457106781,      761P   1460
8.61454672,3.065449847,-15.549666842,8.50361898,3.065449847,         761P   1461
-15.623786388,8.382683432,3.065449847,-15.673879533,                 761P   1462
8.261747884,3.065449847,-15.723972677,8.130899694,3.065449847,       761P   1463
-15.75,8.,3.065449847,-15.75,8.986986338,3.130873942,-14.75,         761P   1464
8.986986338,3.130873942,-14.87919621,8.961297726,3.130873942,        761P   1465
-15.008341586,8.911856477,3.130873942,-15.12770332,8.862415228,      761P   1466
3.130873942,-15.247065053,8.789260249,3.130873942,                   761P   1467
-15.356549217,8.697904733,3.130873942,-15.447904733,                 761P   1468
8.606549217,3.130873942,-15.539260249,8.497065053,3.130873942,       761P   1469
-15.612415228,8.37770332,3.130873942,-15.661856477,8.258341586,      761P   1470
3.130873942,-15.711297726,8.12919621,3.130873942,-15.736986338,      761P   1471
8.,3.130873942,-15.736986338,8.961939766,3.191341716,-14.75,         761P   1472
8.961939766,3.191341716,-14.875917621,8.936903049,3.191341716,       761P   1473
-15.001785699,8.888716462,3.191341716,-15.118118411,                 761P   1474
8.840529874,3.191341716,-15.234451124,8.769231335,3.191341716,       761P   1475
-15.341156928,8.680194132,3.191341716,-15.430194132,                 761P   1476
8.591156928,3.191341716,-15.519231335,8.484451124,3.191341716,       761P   1477
-15.590529874,8.368118411,3.191341716,-15.638716462,                 761P   1478
8.251785699,3.191341716,-15.686903049,8.125917621,3.191341716,       761P   1479
-15.711939766,8.,3.191341716,-15.711939766,8.936893194,              761P   1480
3.25180949,-14.75,8.936893194,3.25180949,-14.872639032,              761P   1481
8.912508372,3.25180949,-14.995229811,8.865576446,3.25180949,         761P   1482
-15.108533503,8.81864452,3.25180949,-15.221837195,8.749202422,       761P   1483
3.25180949,-15.325764639,8.662483531,3.25180949,-15.412483531,       761P   1484
8.575764639,3.25180949,-15.499202422,8.471837195,3.25180949,         761P   1485
-15.56864452,8.358533503,3.25180949,-15.615576446,8.245229811,       761P   1486
3.25180949,-15.662508372,8.122639032,3.25180949,-15.686893194,       761P   1487
8.,3.25180949,-15.686893194,8.899833421,3.30727336,-14.75,           761P   1488
8.899833421,3.30727336,-14.867787919,8.876413166,3.30727336,         761P   1489
-14.985529494,8.831337681,3.30727336,-15.094351342,8.786262195,      761P   1490
3.30727336,-15.20317319,8.719566951,3.30727336,-15.302989678,        761P   1491
8.636278314,3.30727336,-15.386278314,8.552989678,3.30727336,         761P   1492
-15.469566951,8.45317319,3.30727336,-15.536262195,8.344351342,       761P   1493
3.30727336,-15.581337681,8.235529494,3.30727336,-15.626413166,       761P   1494
8.117787919,3.30727336,-15.649833421,8.,3.30727336,                  761P   1495
-15.649833421,8.853553391,3.353553391,-14.75,8.853553391,            761P   1496
3.353553391,-14.861729878,8.831337681,3.353553391,                   761P   1497
-14.973415794,8.788580507,3.353553391,-15.076640741,                 761P   1498
8.745823334,3.353553391,-15.179865688,8.682558345,3.353553391,       761P   1499
-15.274548437,8.603553391,3.353553391,-15.353553391,                 761P   1500
8.524548437,3.353553391,-15.432558345,8.429865688,3.353553391,       761P   1501
-15.495823334,8.326640741,3.353553391,-15.538580507,                 761P   1502
8.223415794,3.353553391,-15.581337681,8.111729878,3.353553391,       761P   1503
-15.603553391,8.,3.353553391,-15.603553391,8.80727336,               761P   1504
3.399833421,-14.75,8.80727336,3.399833421,-14.855671836,             761P   1505
8.786262195,3.399833421,-14.961302094,8.745823334,3.399833421,       761P   1506
-15.05893014,8.705384474,3.399833421,-15.156558186,8.645549739,      761P   1507
3.399833421,-15.246107196,8.570828467,3.399833421,                   761P   1508
-15.320828467,8.496107196,3.399833421,-15.395549739,                 761P   1509
8.406558186,3.399833421,-15.455384474,8.30893014,3.399833421,        761P   1510
-15.495823334,8.211302094,3.399833421,-15.536262195,                 761P   1511
8.105671836,3.399833421,-15.55727336,8.,3.399833421,                 761P   1512
-15.55727336,8.75180949,3.436893194,-14.75,8.75180949,               761P   1513
3.436893194,-14.848411632,8.732241902,3.436893194,                   761P   1514
-14.946784543,8.6945814,3.436893194,-15.037705036,8.656920899,       761P   1515
3.436893194,-15.128625529,8.601197121,3.436893194,                   761P   1516
-15.212022056,8.531609589,3.436893194,-15.281609589,                 761P   1517
8.462022056,3.436893194,-15.351197121,8.378625529,3.436893194,       761P   1518
-15.406920899,8.287705036,3.436893194,-15.4445814,8.196784543,       761P   1519
3.436893194,-15.482241902,8.098411632,3.436893194,-15.50180949,      761P   1520
8.,3.436893194,-15.50180949,8.691341716,3.461939766,-14.75,          761P   1521
8.691341716,3.461939766,-14.840496419,8.673347942,3.461939766,       761P   1522
-14.930957232,8.638716462,3.461939766,-15.014565021,                 761P   1523
8.604084981,3.461939766,-15.09817281,8.552843047,3.461939766,        761P   1524
-15.174861784,8.488852416,3.461939766,-15.238852416,                 761P   1525
8.424861784,3.461939766,-15.302843047,8.34817281,3.461939766,        761P   1526
-15.354084981,8.264565021,3.461939766,-15.388716462,                 761P   1527
8.180957232,3.461939766,-15.423347942,8.090496419,3.461939766,       761P   1528
-15.441341716,8.,3.461939766,-15.441341716,8.630873942,              761P   1529
3.486986338,-14.75,8.630873942,3.486986338,-14.832581206,            761P   1530
8.614453982,3.486986338,-14.91512992,8.582851523,3.486986338,        761P   1531
-14.991425006,8.551249063,3.486986338,-15.067720092,                 761P   1532
8.504488973,3.486986338,-15.137701512,8.446095243,3.486986338,       761P   1533
-15.196095243,8.387701512,3.486986338,-15.254488973,                 761P   1534
8.317720092,3.486986338,-15.301249063,8.241425006,3.486986338,       761P   1535
-15.332851523,8.16512992,3.486986338,-15.364453982,8.082581206,      761P   1536
3.486986338,-15.380873942,8.,3.486986338,-15.380873942,              761P   1537
8.565449847,3.5,-14.75,8.565449847,3.5,-14.824017212,                761P   1538
8.550732701,3.5,-14.898005301,8.52240754,3.5,-14.966388288,          761P   1539
8.49408238,3.5,-15.034771275,8.452171494,3.5,-15.097495349,          761P   1540
8.399833421,3.5,-15.149833421,8.347495349,3.5,-15.202171494,         761P   1541
8.284771275,3.5,-15.24408238,8.216388288,3.5,-15.27240754,           761P   1542
8.148005301,3.5,-15.300732701,8.074017212,3.5,-15.315449847,8.,      761P   1543
3.5,-15.315449847,8.5,3.5,-14.75,8.5,3.5,-14.815449847,              761P   1544
8.486986338,3.5,-14.880873942,8.461939766,3.5,-14.941341716,         761P   1545
8.436893194,3.5,-15.00180949,8.399833421,3.5,-15.05727336,           761P   1546
8.353553391,3.5,-15.103553391,8.30727336,3.5,-15.149833421,          761P   1547
8.25180949,3.5,-15.186893194,8.191341716,3.5,-15.211939766,          761P   1548
8.130873942,3.5,-15.236986338,8.065449847,3.5,-15.25,8.,3.5,         761P   1549
-15.25,1.5707963267949,3.14159265358979,0.,1.5707963267949;          761P   1550
126,1,1,1,0,1,0,0.,0.,1.,1.,1.,1.,1.570796327,1.570796327,0.,        763P   1551
1.570796327,0.,0.,0.,1.,0.,0.,1.;                                    763P   1552
124,6.12323399573677E-17,1.,0.,5.5,1.,-6.12323399573677E-17,         765P   1553
-6.98296267768627E-15,-5.5000000000001,-6.98296267768627E-15,        765P   1554
4.27583144589696E-31,-1.,-29.5;                                      765P   1555
100,-14.75,8.5,3.,9.,3.,8.5,3.5;                                     767P   1556
126,1,1,1,0,1,0,0.,0.,1.,1.,1.,1.,1.570796327,0.,0.,                 769P   1557
3.141592654,0.,0.,0.,1.,0.,0.,1.;                                    769P   1558
124,1.,0.,0.,0.,0.,6.12323399573677E-17,1.,17.75,0.,-1.,             771P   1559
6.12323399573677E-17,-11.75;                                         771P   1560
100,-14.75,8.,3.,9.,3.,8.,4.;                                        773P   1561
126,1,1,1,0,1,0,0.,0.,1.,1.,1.,1.,3.141592654,0.,0.,                 775P   1562
3.141592654,1.570796327,0.,0.,1.,0.,0.,1.;                           775P   1563
124,6.12323399573677E-17,0.,1.,23.25,0.,1.,0.,0.,-1.,0.,             777P   1564
6.12323399573677E-17,-7.25;                                          777P   1565
100,-15.25,8.,3.,8.5,3.,8.,3.5;                                      779P   1566
126,1,1,1,0,1,0,0.,0.,1.,1.,1.,1.,3.141592654,1.570796327,0.,        781P   1567
1.570796327,1.570796327,0.,0.,1.,0.,0.,1.;                           781P   1568
124,1.40271576953299E-14,1.,0.,4.49999999999989,                     783P   1569
-6.12323399573677E-17,8.58915688636046E-31,-1.,-11.25,-1.,           783P   1570
1.40271576953299E-14,6.12323399573677E-17,-6.75000000000005;         783P   1571
100,-14.75,8.,3.5,8.5,3.5,8.,4.;                                     785P   1572
102,4,763,769,775,781;                                               787P   1573
102,4,767,773,779,785;                                               789P   1574
142,1,761,787,789,1;                                                 791P   1575
144,761,1,0,791;                                                     793P   1576
128,12,12,3,3,0,0,1,0,0,4.71238898038469,4.71238898038469,           795P   1577
4.71238898038469,4.71238898038469,5.10508806208341,                  795P   1578
5.10508806208341,5.10508806208341,5.49778714378214,                  795P   1579
5.49778714378214,5.49778714378214,5.89048622548086,                  795P   1580
5.89048622548086,5.89048622548086,6.28318530717959,                  795P   1581
6.28318530717959,6.28318530717959,6.28318530717959,0.,0.,0.,0.,      795P   1582
0.392699081698724,0.392699081698724,0.392699081698724,               795P   1583
0.785398163397449,0.785398163397449,0.785398163397449,               795P   1584
1.17809724509617,1.17809724509617,1.17809724509617,                  795P   1585
1.5707963267949,1.5707963267949,1.5707963267949,                     795P   1586
1.5707963267949,1.,1.,1.,1.,1.,1.,1.,1.,1.,1.,1.,1.,1.,1.,1.,        795P   1587
1.,1.,1.,1.,1.,1.,1.,1.,1.,1.,1.,1.,1.,1.,1.,1.,1.,1.,1.,1.,1.,      795P   1588
1.,1.,1.,1.,1.,1.,1.,1.,1.,1.,1.,1.,1.,1.,1.,1.,1.,1.,1.,1.,1.,      795P   1589
1.,1.,1.,1.,1.,1.,1.,1.,1.,1.,1.,1.,1.,1.,1.,1.,1.,1.,1.,1.,1.,      795P   1590
1.,1.,1.,1.,1.,1.,1.,1.,1.,1.,1.,1.,1.,1.,1.,1.,1.,1.,1.,1.,1.,      795P   1591
1.,1.,1.,1.,1.,1.,1.,1.,1.,1.,1.,1.,1.,1.,1.,1.,1.,1.,1.,1.,1.,      795P   1592
1.,1.,1.,1.,1.,1.,1.,1.,1.,1.,1.,1.,1.,1.,1.,1.,1.,1.,1.,1.,1.,      795P   1593
1.,1.,1.,1.,1.,1.,1.,1.,1.,1.,1.,1.,1.,1.,1.,1.,1.,1.,1.,1.,1.,      795P   1594
1.,1.,1.,1.,1.,1.,1.,-9.,3.,14.75,-9.,3.,14.880899694,               795P   1595
-8.973972677,3.,15.011747884,-8.923879533,3.,15.132683432,           795P   1596
-8.873786388,3.,15.25361898,-8.799666842,3.,15.36454672,             795P   1597
-8.707106781,3.,15.457106781,-8.61454672,3.,15.549666842,            795P   1598
-8.50361898,3.,15.623786388,-8.382683432,3.,15.673879533,            795P   1599
-8.261747884,3.,15.723972677,-8.130899694,3.,15.75,-8.,3.,           795P   1600
15.75,-9.,3.065449847,14.75,-9.,3.065449847,14.880899694,            795P   1601
-8.973972677,3.065449847,15.011747884,-8.923879533,3.065449847,      795P   1602
15.132683432,-8.873786388,3.065449847,15.25361898,-8.799666842,      795P   1603
3.065449847,15.36454672,-8.707106781,3.065449847,15.457106781,       795P   1604
-8.61454672,3.065449847,15.549666842,-8.50361898,3.065449847,        795P   1605
15.623786388,-8.382683432,3.065449847,15.673879533,                  795P   1606
-8.261747884,3.065449847,15.723972677,-8.130899694,3.065449847,      795P   1607
15.75,-8.,3.065449847,15.75,-8.986986338,3.130873942,14.75,          795P   1608
-8.986986338,3.130873942,14.87919621,-8.961297726,3.130873942,       795P   1609
15.008341586,-8.911856477,3.130873942,15.12770332,-8.862415228,      795P   1610
3.130873942,15.247065053,-8.789260249,3.130873942,15.356549217,      795P   1611
-8.697904733,3.130873942,15.447904733,-8.606549217,3.130873942,      795P   1612
15.539260249,-8.497065053,3.130873942,15.612415228,-8.37770332,      795P   1613
3.130873942,15.661856477,-8.258341586,3.130873942,15.711297726,      795P   1614
-8.12919621,3.130873942,15.736986338,-8.,3.130873942,                795P   1615
15.736986338,-8.961939766,3.191341716,14.75,-8.961939766,            795P   1616
3.191341716,14.875917621,-8.936903049,3.191341716,15.001785699,      795P   1617
-8.888716462,3.191341716,15.118118411,-8.840529874,3.191341716,      795P   1618
15.234451124,-8.769231335,3.191341716,15.341156928,                  795P   1619
-8.680194132,3.191341716,15.430194132,-8.591156928,3.191341716,      795P   1620
15.519231335,-8.484451124,3.191341716,15.590529874,                  795P   1621
-8.368118411,3.191341716,15.638716462,-8.251785699,3.191341716,      795P   1622
15.686903049,-8.125917621,3.191341716,15.711939766,-8.,              795P   1623
3.191341716,15.711939766,-8.936893194,3.25180949,14.75,              795P   1624
-8.936893194,3.25180949,14.872639032,-8.912508372,3.25180949,        795P   1625
14.995229811,-8.865576446,3.25180949,15.108533503,-8.81864452,       795P   1626
3.25180949,15.221837195,-8.749202422,3.25180949,15.325764639,        795P   1627
-8.662483531,3.25180949,15.412483531,-8.575764639,3.25180949,        795P   1628
15.499202422,-8.471837195,3.25180949,15.56864452,-8.358533503,       795P   1629
3.25180949,15.615576446,-8.245229811,3.25180949,15.662508372,        795P   1630
-8.122639032,3.25180949,15.686893194,-8.,3.25180949,                 795P   1631
15.686893194,-8.899833421,3.30727336,14.75,-8.899833421,             795P   1632
3.30727336,14.867787919,-8.876413166,3.30727336,14.985529494,        795P   1633
-8.831337681,3.30727336,15.094351342,-8.786262195,3.30727336,        795P   1634
15.20317319,-8.719566951,3.30727336,15.302989678,-8.636278314,       795P   1635
3.30727336,15.386278314,-8.552989678,3.30727336,15.469566951,        795P   1636
-8.45317319,3.30727336,15.536262195,-8.344351342,3.30727336,         795P   1637
15.581337681,-8.235529494,3.30727336,15.626413166,-8.117787919,      795P   1638
3.30727336,15.649833421,-8.,3.30727336,15.649833421,                 795P   1639
-8.853553391,3.353553391,14.75,-8.853553391,3.353553391,             795P   1640
14.861729878,-8.831337681,3.353553391,14.973415794,                  795P   1641
-8.788580507,3.353553391,15.076640741,-8.745823334,3.353553391,      795P   1642
15.179865688,-8.682558345,3.353553391,15.274548437,                  795P   1643
-8.603553391,3.353553391,15.353553391,-8.524548437,3.353553391,      795P   1644
15.432558345,-8.429865688,3.353553391,15.495823334,                  795P   1645
-8.326640741,3.353553391,15.538580507,-8.223415794,3.353553391,      795P   1646
15.581337681,-8.111729878,3.353553391,15.603553391,-8.,              795P   1647
3.353553391,15.603553391,-8.80727336,3.399833421,14.75,              795P   1648
-8.80727336,3.399833421,14.855671836,-8.786262195,3.399833421,       795P   1649
14.961302094,-8.745823334,3.399833421,15.05893014,-8.705384474,      795P   1650
3.399833421,15.156558186,-8.645549739,3.399833421,15.246107196,      795P   1651
-8.570828467,3.399833421,15.320828467,-8.496107196,3.399833421,      795P   1652
15.395549739,-8.406558186,3.399833421,15.455384474,-8.30893014,      795P   1653
3.399833421,15.495823334,-8.211302094,3.399833421,15.536262195,      795P   1654
-8.105671836,3.399833421,15.55727336,-8.,3.399833421,                795P   1655
15.55727336,-8.75180949,3.436893194,14.75,-8.75180949,               795P   1656
3.436893194,14.848411632,-8.732241902,3.436893194,14.946784543,      795P   1657
-8.6945814,3.436893194,15.037705036,-8.656920899,3.436893194,        795P   1658
15.128625529,-8.601197121,3.436893194,15.212022056,                  795P   1659
-8.531609589,3.436893194,15.281609589,-8.462022056,3.436893194,      795P   1660
15.351197121,-8.378625529,3.436893194,15.406920899,                  795P   1661
-8.287705036,3.436893194,15.4445814,-8.196784543,3.436893194,        795P   1662
15.482241902,-8.098411632,3.436893194,15.50180949,-8.,               795P   1663
3.436893194,15.50180949,-8.691341716,3.461939766,14.75,              795P   1664
-8.691341716,3.461939766,14.840496419,-8.673347942,3.461939766,      795P   1665
14.930957232,-8.638716462,3.461939766,15.014565021,                  795P   1666
-8.604084981,3.461939766,15.09817281,-8.552843047,3.461939766,       795P   1667
15.174861784,-8.488852416,3.461939766,15.238852416,                  795P   1668
-8.424861784,3.461939766,15.302843047,-8.34817281,3.461939766,       795P   1669
15.354084981,-8.264565021,3.461939766,15.388716462,                  795P   1670
-8.180957232,3.461939766,15.423347942,-8.090496419,3.461939766,      795P   1671
15.441341716,-8.,3.461939766,15.441341716,-8.630873942,              795P   1672
3.486986338,14.75,-8.630873942,3.486986338,14.832581206,             795P   1673
-8.614453982,3.486986338,14.91512992,-8.582851523,3.486986338,       795P   1674
14.991425006,-8.551249063,3.486986338,15.067720092,                  795P   1675
-8.504488973,3.486986338,15.137701512,-8.446095243,3.486986338,      795P   1676
15.196095243,-8.387701512,3.486986338,15.254488973,                  795P   1677
-8.317720092,3.486986338,15.301249063,-8.241425006,3.486986338,      795P   1678
15.332851523,-8.16512992,3.486986338,15.364453982,-8.082581206,      795P   1679
3.486986338,15.380873942,-8.,3.486986338,15.380873942,               795P   1680
-8.565449847,3.5,14.75,-8.565449847,3.5,14.824017212,                795P   1681
-8.550732701,3.5,14.898005301,-8.52240754,3.5,14.966388288,          795P   1682
-8.49408238,3.5,15.034771275,-8.452171494,3.5,15.097495349,          795P   1683
-8.399833421,3.5,15.149833421,-8.347495349,3.5,15.202171494,         795P   1684
-8.284771275,3.5,15.24408238,-8.216388288,3.5,15.27240754,           795P   1685
-8.148005301,3.5,15.300732701,-8.074017212,3.5,15.315449847,         795P   1686
-8.,3.5,15.315449847,-8.5,3.5,14.75,-8.5,3.5,14.815449847,           795P   1687
-8.486986338,3.5,14.880873942,-8.461939766,3.5,14.941341716,         795P   1688
-8.436893194,3.5,15.00180949,-8.399833421,3.5,15.05727336,           795P   1689
-8.353553391,3.5,15.103553391,-8.30727336,3.5,15.149833421,          795P   1690
-8.25180949,3.5,15.186893194,-8.191341716,3.5,15.211939766,          795P   1691
-8.130873942,3.5,15.236986338,-8.065449847,3.5,15.25,-8.,3.5,        795P   1692
15.25,4.71238898038469,6.28318530717959,0.,1.5707963267949;          795P   1693
126,1,1,1,0,1,0,0.,0.,1.,1.,1.,1.,6.283185307,0.,0.,                 797P   1694
6.283185307,1.570796327,0.,0.,1.,0.,0.,1.;                           797P   1695
124,6.12323399573677E-17,0.,-1.,7.25,0.,1.,0.,0.,1.,0.,              799P   1696
6.12323399573677E-17,23.25;                                          799P   1697
100,15.25,-8.,3.,-7.5,3.,-8.,3.5;                                    801P   1698
126,1,1,1,0,1,0,0.,0.,1.,1.,1.,1.,6.283185307,1.570796327,0.,        803P   1699
4.71238898,1.570796327,0.,0.,1.,0.,0.,1.;                            803P   1700
124,6.12323399573677E-17,-1.,0.,-4.5,6.12323399573677E-17,           805P   1701
3.74939945665464E-33,-1.,18.25,1.,6.12323399573677E-17,              805P   1702
6.12323399573677E-17,22.75;                                          805P   1703
100,14.75,-8.,3.5,-7.5,3.5,-8.,4.;                                   807P   1704
126,1,1,1,0,1,0,0.,0.,1.,1.,1.,1.,4.71238898,1.570796327,0.,         809P   1705
4.71238898,0.,0.,0.,1.,0.,0.,1.;                                     809P   1706
100,14.75,-8.5,3.,-8.5,3.5,-9.,3.;                                   811P   1707
126,1,1,1,0,1,0,0.,0.,1.,1.,1.,1.,4.71238898,0.,0.,6.283185307,      813P   1708
0.,0.,0.,1.,0.,0.,1.;                                                813P   1709
124,-1.,6.98296267768627E-15,0.,-16.,-4.27583144589696E-31,          815P   1710
-6.12323399573677E-17,1.,-11.75,6.98296267768627E-15,1.,             815P   1711
6.12323399573677E-17,11.7500000000001;                               815P   1712
100,14.75,-8.,3.,-7.,3.,-8.,4.;                                      817P   1713
102,4,797,803,809,813;                                               819P   1714
102,4,801,807,811,817;                                               821P   1715
142,1,795,819,821,1;                                                 823P   1716
144,795,1,0,823;                                                     825P   1717
110,8.,3.,-15.25,1008.,3.,-15.25;                                    827P   1718
110,-8.,3.,-15.75,8.,3.,-15.75;                                      829P   1719
120,827,829,0.,6.28318530717959;                                     831P   1720
126,1,1,1,0,1,0,0.,0.,1.,1.,1.,1.,1.,1.570796327,0.,1.,0.,0.,        833P   1721
0.,1.,0.,0.,1.;                                                      833P   1722
124,3.74939945665464E-33,-6.12323399573677E-17,-1.,                  835P   1723
-7.25000000000001,1.,6.12323399573677E-17,0.,-5.,                    835P   1724
6.12323399573677E-17,-1.,6.12323399573677E-17,-12.25;                835P   1725
100,-15.25,8.,3.,8.5,3.,8.,3.5;                                      837P   1726
126,1,1,1,0,1,0,0.,0.,1.,1.,1.,1.,1.,0.,0.,0.,0.,0.,0.,1.,0.,        839P   1727
0.,1.;                                                               839P   1728
110,8.,3.,-15.75,-8.,3.,-15.75;                                      841P   1729
126,1,1,1,0,1,0,0.,0.,1.,1.,1.,1.,0.,0.,0.,0.,1.570796327,0.,        843P   1730
0.,1.,0.,0.,1.;                                                      843P   1731
124,6.12323399573677E-17,0.,1.,7.25000000000001,0.,1.,0.,0.,         845P   1732
-1.,0.,6.12323399573677E-17,-23.25;                                  845P   1733
100,-15.25,-8.,3.,-7.5,3.,-8.,3.5;                                   847P   1734
126,1,1,1,0,1,0,0.,0.,1.,1.,1.,1.,0.,1.570796327,0.,1.,              849P   1735
1.570796327,0.,0.,1.,0.,0.,1.;                                       849P   1736
110,-8.,3.5,-15.25,8.,3.5,-15.25;                                    851P   1737
102,4,833,839,843,849;                                               853P   1738
102,4,837,841,847,851;                                               855P   1739
142,1,831,853,855,1;                                                 857P   1740
144,831,1,0,857;                                                     859P   1741
110,-8.5,3.,14.75,-8.5,3.,-985.25;                                   861P   1742
110,-9.,3.,14.75,-9.,3.,-14.75;                                      863P   1743
120,861,863,0.,6.28318530717959;                                     865P   1744
126,1,1,1,0,1,0,0.,0.,1.,1.,1.,1.,0.,0.,0.,0.,1.570796327,0.,        867P   1745
0.,1.,0.,0.,1.;                                                      867P   1746
124,-1.,0.,6.98296267768627E-15,-17.0000000000001,0.,1.,0.,0.,       869P   1747
-6.98296267768627E-15,0.,-1.,29.4999999999999;                       869P   1748
100,14.75,-8.5,3.,-8.,3.,-8.5,3.5;                                   871P   1749
126,1,1,1,0,1,0,0.,0.,1.,1.,1.,1.,0.,1.570796327,0.,1.,              873P   1750
1.570796327,0.,0.,1.,0.,0.,1.;                                       873P   1751
110,-8.5,3.5,14.75,-8.5,3.5,-14.75;                                  875P   1752
126,1,1,1,0,1,0,0.,0.,1.,1.,1.,1.,1.,1.570796327,0.,1.,0.,0.,        877P   1753
0.,1.,0.,0.,1.;                                                      877P   1754
100,-14.75,-8.5,3.,-8.5,3.5,-9.,3.;                                  879P   1755
126,1,1,1,0,1,0,0.,0.,1.,1.,1.,1.,1.,0.,0.,0.,0.,0.,0.,1.,0.,        881P   1756
0.,1.;                                                               881P   1757
110,-9.,3.,-14.75,-9.,3.,14.75;                                      883P   1758
102,4,867,873,877,881;                                               885P   1759
102,4,871,875,879,883;                                               887P   1760
142,1,865,885,887,1;                                                 889P   1761
144,865,1,0,889;                                                     891P   1762
128,12,12,3,3,0,0,1,0,0,3.14159265358979,3.14159265358979,           893P   1763
3.14159265358979,3.14159265358979,3.53429173528852,                  893P   1764
3.53429173528852,3.53429173528852,3.92699081698724,                  893P   1765
3.92699081698724,3.92699081698724,4.31968989868597,                  893P   1766
4.31968989868597,4.31968989868597,4.71238898038469,                  893P   1767
4.71238898038469,4.71238898038469,4.71238898038469,0.,0.,0.,0.,      893P   1768
0.392699081698724,0.392699081698724,0.392699081698724,               893P   1769
0.785398163397449,0.785398163397449,0.785398163397449,               893P   1770
1.17809724509617,1.17809724509617,1.17809724509617,                  893P   1771
1.5707963267949,1.5707963267949,1.5707963267949,                     893P   1772
1.5707963267949,1.,1.,1.,1.,1.,1.,1.,1.,1.,1.,1.,1.,1.,1.,1.,        893P   1773
1.,1.,1.,1.,1.,1.,1.,1.,1.,1.,1.,1.,1.,1.,1.,1.,1.,1.,1.,1.,1.,      893P   1774
1.,1.,1.,1.,1.,1.,1.,1.,1.,1.,1.,1.,1.,1.,1.,1.,1.,1.,1.,1.,1.,      893P   1775
1.,1.,1.,1.,1.,1.,1.,1.,1.,1.,1.,1.,1.,1.,1.,1.,1.,1.,1.,1.,1.,      893P   1776
1.,1.,1.,1.,1.,1.,1.,1.,1.,1.,1.,1.,1.,1.,1.,1.,1.,1.,1.,1.,1.,      893P   1777
1.,1.,1.,1.,1.,1.,1.,1.,1.,1.,1.,1.,1.,1.,1.,1.,1.,1.,1.,1.,1.,      893P   1778
1.,1.,1.,1.,1.,1.,1.,1.,1.,1.,1.,1.,1.,1.,1.,1.,1.,1.,1.,1.,1.,      893P   1779
1.,1.,1.,1.,1.,1.,1.,1.,1.,1.,1.,1.,1.,1.,1.,1.,1.,1.,1.,1.,1.,      893P   1780
1.,1.,1.,1.,1.,1.,1.,-8.,3.,-15.75,-8.130899694,3.,-15.75,           893P   1781
-8.261747884,3.,-15.723972677,-8.382683432,3.,-15.673879533,         893P   1782
-8.50361898,3.,-15.623786388,-8.61454672,3.,-15.549666842,           893P   1783
-8.707106781,3.,-15.457106781,-8.799666842,3.,-15.36454672,          893P   1784
-8.873786388,3.,-15.25361898,-8.923879533,3.,-15.132683432,          893P   1785
-8.973972677,3.,-15.011747884,-9.,3.,-14.880899694,-9.,3.,           893P   1786
-14.75,-8.,3.065449847,-15.75,-8.130899694,3.065449847,-15.75,       893P   1787
-8.261747884,3.065449847,-15.723972677,-8.382683432,                 893P   1788
3.065449847,-15.673879533,-8.50361898,3.065449847,                   893P   1789
-15.623786388,-8.61454672,3.065449847,-15.549666842,                 893P   1790
-8.707106781,3.065449847,-15.457106781,-8.799666842,                 893P   1791
3.065449847,-15.36454672,-8.873786388,3.065449847,-15.25361898,      893P   1792
-8.923879533,3.065449847,-15.132683432,-8.973972677,                 893P   1793
3.065449847,-15.011747884,-9.,3.065449847,-14.880899694,-9.,         893P   1794
3.065449847,-14.75,-8.,3.130873942,-15.736986338,-8.12919621,        893P   1795
3.130873942,-15.736986338,-8.258341586,3.130873942,                  893P   1796
-15.711297726,-8.37770332,3.130873942,-15.661856477,                 893P   1797
-8.497065053,3.130873942,-15.612415228,-8.606549217,                 893P   1798
3.130873942,-15.539260249,-8.697904733,3.130873942,                  893P   1799
-15.447904733,-8.789260249,3.130873942,-15.356549217,                893P   1800
-8.862415228,3.130873942,-15.247065053,-8.911856477,                 893P   1801
3.130873942,-15.12770332,-8.961297726,3.130873942,                   893P   1802
-15.008341586,-8.986986338,3.130873942,-14.87919621,                 893P   1803
-8.986986338,3.130873942,-14.75,-8.,3.191341716,-15.711939766,       893P   1804
-8.125917621,3.191341716,-15.711939766,-8.251785699,                 893P   1805
3.191341716,-15.686903049,-8.368118411,3.191341716,                  893P   1806
-15.638716462,-8.484451124,3.191341716,-15.590529874,                893P   1807
-8.591156928,3.191341716,-15.519231335,-8.680194132,                 893P   1808
3.191341716,-15.430194132,-8.769231335,3.191341716,                  893P   1809
-15.341156928,-8.840529874,3.191341716,-15.234451124,                893P   1810
-8.888716462,3.191341716,-15.118118411,-8.936903049,                 893P   1811
3.191341716,-15.001785699,-8.961939766,3.191341716,                  893P   1812
-14.875917621,-8.961939766,3.191341716,-14.75,-8.,3.25180949,        893P   1813
-15.686893194,-8.122639032,3.25180949,-15.686893194,                 893P   1814
-8.245229811,3.25180949,-15.662508372,-8.358533503,3.25180949,       893P   1815
-15.615576446,-8.471837195,3.25180949,-15.56864452,                  893P   1816
-8.575764639,3.25180949,-15.499202422,-8.662483531,3.25180949,       893P   1817
-15.412483531,-8.749202422,3.25180949,-15.325764639,                 893P   1818
-8.81864452,3.25180949,-15.221837195,-8.865576446,3.25180949,        893P   1819
-15.108533503,-8.912508372,3.25180949,-14.995229811,                 893P   1820
-8.936893194,3.25180949,-14.872639032,-8.936893194,3.25180949,       893P   1821
-14.75,-8.,3.30727336,-15.649833421,-8.117787919,3.30727336,         893P   1822
-15.649833421,-8.235529494,3.30727336,-15.626413166,                 893P   1823
-8.344351342,3.30727336,-15.581337681,-8.45317319,3.30727336,        893P   1824
-15.536262195,-8.552989678,3.30727336,-15.469566951,                 893P   1825
-8.636278314,3.30727336,-15.386278314,-8.719566951,3.30727336,       893P   1826
-15.302989678,-8.786262195,3.30727336,-15.20317319,                  893P   1827
-8.831337681,3.30727336,-15.094351342,-8.876413166,3.30727336,       893P   1828
-14.985529494,-8.899833421,3.30727336,-14.867787919,                 893P   1829
-8.899833421,3.30727336,-14.75,-8.,3.353553391,-15.603553391,        893P   1830
-8.111729878,3.353553391,-15.603553391,-8.223415794,                 893P   1831
3.353553391,-15.581337681,-8.326640741,3.353553391,                  893P   1832
-15.538580507,-8.429865688,3.353553391,-15.495823334,                893P   1833
-8.524548437,3.353553391,-15.432558345,-8.603553391,                 893P   1834
3.353553391,-15.353553391,-8.682558345,3.353553391,                  893P   1835
-15.274548437,-8.745823334,3.353553391,-15.179865688,                893P   1836
-8.788580507,3.353553391,-15.076640741,-8.831337681,                 893P   1837
3.353553391,-14.973415794,-8.853553391,3.353553391,                  893P   1838
-14.861729878,-8.853553391,3.353553391,-14.75,-8.,3.399833421,       893P   1839
-15.55727336,-8.105671836,3.399833421,-15.55727336,                  893P   1840
-8.211302094,3.399833421,-15.536262195,-8.30893014,3.399833421,      893P   1841
-15.495823334,-8.406558186,3.399833421,-15.455384474,                893P   1842
-8.496107196,3.399833421,-15.395549739,-8.570828467,                 893P   1843
3.399833421,-15.320828467,-8.645549739,3.399833421,                  893P   1844
-15.246107196,-8.705384474,3.399833421,-15.156558186,                893P   1845
-8.745823334,3.399833421,-15.05893014,-8.786262195,3.399833421,      893P   1846
-14.961302094,-8.80727336,3.399833421,-14.855671836,                 893P   1847
-8.80727336,3.399833421,-14.75,-8.,3.436893194,-15.50180949,         893P   1848
-8.098411632,3.436893194,-15.50180949,-8.196784543,3.436893194,      893P   1849
-15.482241902,-8.287705036,3.436893194,-15.4445814,                  893P   1850
-8.378625529,3.436893194,-15.406920899,-8.462022056,                 893P   1851
3.436893194,-15.351197121,-8.531609589,3.436893194,                  893P   1852
-15.281609589,-8.601197121,3.436893194,-15.212022056,                893P   1853
-8.656920899,3.436893194,-15.128625529,-8.6945814,3.436893194,       893P   1854
-15.037705036,-8.732241902,3.436893194,-14.946784543,                893P   1855
-8.75180949,3.436893194,-14.848411632,-8.75180949,3.436893194,       893P   1856
-14.75,-8.,3.461939766,-15.441341716,-8.090496419,3.461939766,       893P   1857
-15.441341716,-8.180957232,3.461939766,-15.423347942,                893P   1858
-8.264565021,3.461939766,-15.388716462,-8.34817281,3.461939766,      893P   1859
-15.354084981,-8.424861784,3.461939766,-15.302843047,                893P   1860
-8.488852416,3.461939766,-15.238852416,-8.552843047,                 893P   1861
3.461939766,-15.174861784,-8.604084981,3.461939766,                  893P   1862
-15.09817281,-8.638716462,3.461939766,-15.014565021,                 893P   1863
-8.673347942,3.461939766,-14.930957232,-8.691341716,                 893P   1864
3.461939766,-14.840496419,-8.691341716,3.461939766,-14.75,-8.,       893P   1865
3.486986338,-15.380873942,-8.082581206,3.486986338,                  893P   1866
-15.380873942,-8.16512992,3.486986338,-15.364453982,                 893P   1867
-8.241425006,3.486986338,-15.332851523,-8.317720092,                 893P   1868
3.486986338,-15.301249063,-8.387701512,3.486986338,                  893P   1869
-15.254488973,-8.446095243,3.486986338,-15.196095243,                893P   1870
-8.504488973,3.486986338,-15.137701512,-8.551249063,                 893P   1871
3.486986338,-15.067720092,-8.582851523,3.486986338,                  893P   1872
-14.991425006,-8.614453982,3.486986338,-14.91512992,                 893P   1873
-8.630873942,3.486986338,-14.832581206,-8.630873942,                 893P   1874
3.486986338,-14.75,-8.,3.5,-15.315449847,-8.074017212,3.5,           893P   1875
-15.315449847,-8.148005301,3.5,-15.300732701,-8.216388288,3.5,       893P   1876
-15.27240754,-8.284771275,3.5,-15.24408238,-8.347495349,3.5,         893P   1877
-15.202171494,-8.399833421,3.5,-15.149833421,-8.452171494,3.5,       893P   1878
-15.097495349,-8.49408238,3.5,-15.034771275,-8.52240754,3.5,         893P   1879
-14.966388288,-8.550732701,3.5,-14.898005301,-8.565449847,3.5,       893P   1880
-14.824017212,-8.565449847,3.5,-14.75,-8.,3.5,-15.25,                893P   1881
-8.065449847,3.5,-15.25,-8.130873942,3.5,-15.236986338,              893P   1882
-8.191341716,3.5,-15.211939766,-8.25180949,3.5,-15.186893194,        893P   1883
-8.30727336,3.5,-15.149833421,-8.353553391,3.5,-15.103553391,        893P   1884
-8.399833421,3.5,-15.05727336,-8.436893194,3.5,-15.00180949,         893P   1885
-8.461939766,3.5,-14.941341716,-8.486986338,3.5,-14.880873942,       893P   1886
-8.5,3.5,-14.815449847,-8.5,3.5,-14.75,3.14159265358979,             893P   1887
4.71238898038469,0.,1.5707963267949;                                 893P   1888
126,1,1,1,0,1,0,0.,0.,1.,1.,1.,1.,3.141592654,1.570796327,0.,        895P   1889
3.141592654,0.,0.,0.,1.,0.,0.,1.;                                    895P   1890
124,3.74939945665464E-33,-6.12323399573677E-17,-1.,-23.25,1.,        897P   1891
6.12323399573677E-17,0.,11.,6.12323399573677E-17,-1.,                897P   1892
6.12323399573677E-17,-12.25;                                         897P   1893
100,-15.25,-8.,3.,-7.5,3.,-8.,3.5;                                   899P   1894
126,1,1,1,0,1,0,0.,0.,1.,1.,1.,1.,3.141592654,0.,0.,4.71238898,      901P   1895
0.,0.,0.,1.,0.,0.,1.;                                                901P   1896
124,6.12323399573677E-17,-1.,0.,-5.,6.12323399573677E-17,            903P   1897
3.74939945665464E-33,1.,17.75,-1.,-6.12323399573677E-17,             903P   1898
6.12323399573677E-17,-22.75;                                         903P   1899
100,-14.75,-8.,3.,-7.,3.,-8.,4.;                                     905P   1900
126,1,1,1,0,1,0,0.,0.,1.,1.,1.,1.,4.71238898,0.,0.,4.71238898,       907P   1901
1.570796327,0.,0.,1.,0.,0.,1.;                                       907P   1902
124,-1.,0.,6.98296267768627E-15,-16.9999999999999,0.,1.,0.,0.,       909P   1903
-6.98296267768627E-15,0.,-1.,-29.5000000000001;                      909P   1904
100,-14.75,-8.5,3.,-8.,3.,-8.5,3.5;                                  911P   1905
126,1,1,1,0,1,0,0.,0.,1.,1.,1.,1.,4.71238898,1.570796327,0.,         913P   1906
3.141592654,1.570796327,0.,0.,1.,0.,0.,1.;                           913P   1907
124,-1.,6.98296267768627E-15,0.,-16.,-4.27583144589696E-31,          915P   1908
-6.12323399573677E-17,-1.,-11.25,-6.98296267768627E-15,-1.,          915P   1909
6.12323399573677E-17,-11.2500000000001;                              915P   1910
100,-14.75,-8.,3.5,-7.5,3.5,-8.,4.;                                  917P   1911
102,4,895,901,907,913;                                               919P   1912
102,4,899,905,911,917;                                               921P   1913
142,1,893,919,921,1;                                                 923P   1914
144,893,1,0,923;                                                     925P   1915
128,57,2,3,2,0,0,0,0,0,0.,0.,0.,0.,0.000765913598813939,             927P   1916
0.000765913598813939,0.000957391998517424,0.000957391998517424,      927P   1917
0.00098132679848036,0.00098132679848036,0.000984318648475727,        927P   1918
0.000984318648475727,0.000987310498471094,0.000987310498471094,      927P   1919
0.000993294198461828,0.000993294198461828,0.0010052615984433,        927P   1920
0.0010052615984433,0.00105313119836917,0.00105313119836917,          927P   1921
0.00114887039822091,0.00114887039822091,0.00153182719762788,         927P   1922
0.00153182719762788,0.00306365439525576,0.00306365439525576,         927P   1923
0.00612730879051151,0.00612730879051151,0.00919096318576727,         927P   1924
0.00919096318576727,0.012254617581023,0.012254617581023,             927P   1925
0.0153182719762788,0.0153182719762788,0.0183819263715345,            927P   1926
0.0183819263715345,0.0214455807667903,0.0214455807667903,            927P   1927
0.0229774079644182,0.0229774079644182,0.0233603647638252,            927P   1928
0.0233603647638252,0.0234561039636769,0.0234561039636769,            927P   1929
0.0235039735636028,0.0235039735636028,0.0235159409635842,            927P   1930
0.0235159409635842,0.0235189328135796,0.0235189328135796,            927P   1931
0.023521924663575,0.023521924663575,0.0235279083635657,              927P   1932
0.0235279083635657,0.0235518431635286,0.0235518431635286,            927P   1933
0.0237433215632321,0.0237433215632321,0.0245092351620461,            927P   1934
0.0245092351620461,0.0245092351620461,0.0245092351620461,0.,0.,      927P   1935
0.,1.,1.,1.,1.,1.,1.,1.,1.,1.,1.,1.,1.,1.,1.,1.,1.,1.,1.,1.,1.,      927P   1936
1.,1.,1.,1.,1.,1.,1.,1.,1.,1.,1.,1.,1.,1.,1.,1.,1.,1.,1.,1.,1.,      927P   1937
1.,1.,1.,1.,1.,1.,1.,1.,1.,1.,1.,1.,1.,1.,1.,1.,1.,1.,1.,1.,         927P   1938
0.998554647750113,0.99837934621369,0.998172284376398,                927P   1939
0.99787783992009,0.997817186559935,0.997747073454298,                927P   1940
0.997739257047751,0.997730434502826,0.997729041360352,               927P   1941
0.997728038366352,0.997728361863239,0.997728094832609,               927P   1942
0.997727916785115,0.997727382561498,0.997727026304235,               927P   1943
0.997725244478099,0.997723817289698,0.997719530584262,               927P   1944
0.997716665926637,0.997702308950371,0.997690715459165,               927P   1945
0.997632249913498,0.997583849676728,0.997436116342415,               927P   1946
0.997333854683973,0.997145768851051,0.997060721818395,               927P   1947
0.996941454972622,0.996908705900745,0.996908805071964,               927P   1948
0.996941656737009,0.997061083217869,0.9971461845482,                 927P   1949
0.99733432879726,0.997436598137756,0.997584322333858,                927P   1950
0.997632716284481,0.997691171353861,0.997702762615142,               927P   1951
0.997717116723577,0.997719980802904,0.997724266634337,               927P   1952
0.997725693530308,0.997727474989593,0.99772783117342,                927P   1953
0.997728276267891,0.997728365280021,0.99772854329074,                927P   1954
0.99772949161217,0.997732433328736,0.997734392804407,                927P   1955
0.997744181822919,0.997751986287613,0.997821983958627,               927P   1956
0.997882477994098,0.998175872882769,0.998381274423902,               927P   1957
0.998554647749855,1.,1.,1.,1.,1.,1.,1.,1.,1.,1.,1.,1.,1.,1.,1.,      927P   1958
1.,1.,1.,1.,1.,1.,1.,1.,1.,1.,1.,1.,1.,1.,1.,1.,1.,1.,1.,1.,1.,      927P   1959
1.,1.,1.,1.,1.,1.,1.,1.,1.,1.,1.,1.,1.,1.,1.,1.,1.,1.,1.,1.,1.,      927P   1960
1.,7.067949673,3.442227691,-12.019123138,7.045758626,                927P   1961
3.435217794,-11.818009563,6.999272284,3.426957076,                   927P   1962
-11.618164677,6.921399387,3.415203599,-11.368836486,                 927P   1963
6.904821136,3.412782678,-11.318993911,6.885159017,3.409984451,       927P   1964
-11.262928384,6.882960275,3.4096725,-11.256698983,6.880471088,       927P   1965
3.409320399,-11.249690984,6.880071396,3.409264798,                   927P   1966
-11.249013737,6.879803179,3.409224773,-11.247220547,                 927P   1967
6.879914831,3.409237681,-11.246121026,6.879881141,3.409227024,       927P   1968
-11.243126853,6.879858679,3.409219919,-11.241130739,                 927P   1969
6.879791283,3.409198598,-11.235142402,6.87974634,3.40918438,         927P   1970
-11.231150182,6.879521566,3.409113269,-11.21118911,6.879341556,      927P   1971
3.409056312,-11.195220339,6.878800959,3.408885234,                   927P   1972
-11.147314284,6.878439804,3.408770909,-11.115377261,                 927P   1973
6.876630311,3.408197943,-10.955693945,6.87517081,3.407735272,        927P   1974
-10.827953029,6.86781862,3.405402078,-10.189280908,6.861758135,      927P   1975
3.403470694,-9.678446151,6.843308671,3.39757593,-8.146418467,        927P   1976
6.830608746,3.393496177,-7.125707569,6.807256809,3.38599351,         927P   1977
-5.086272778,6.796697202,3.382601589,-4.067567433,6.781860162,       927P   1978
3.377845222,-2.031921348,6.777783793,3.376539358,-1.0148218,         927P   1979
6.777796119,3.376543313,1.019620297,6.781885354,3.377853267,         927P   1980
2.036715179,6.796742069,3.382616002,4.072379294,6.807308457,         927P   1981
3.38601009,5.091077102,6.830667573,3.393515091,7.130550147,          927P   1982
6.843368639,3.397595152,8.151305109,6.861817263,3.403489555,         927P   1983
9.683402951,6.867877102,3.405420688,10.194261771,6.875228183,        927P   1984
3.407753465,10.832962312,6.876687445,3.408216048,10.960708802,       927P   1985
6.878496632,3.4087889,11.120399699,6.878857726,3.408903202,          927P   1986
11.15233826,6.87939823,3.409074245,11.20024666,6.879578208,          927P   1987
3.409131191,11.21621622,6.879802943,3.409202287,11.236178284,        927P   1988
6.879847878,3.409216502,11.240170703,6.879904032,3.409234265,        927P   1989
11.245161233,6.879915262,3.409237818,11.24615934,6.87993772,         927P   1990
3.409244922,11.248155553,6.880204964,3.409282769,11.248942324,       927P   1991
6.881035135,3.40940017,11.251278395,6.881587702,3.409478372,         927P   1992
11.252835737,6.884346111,3.409869046,11.26062226,6.88653869,         927P   1993
3.410180522,11.266850875,6.906142882,3.412974156,11.322903238,       927P   1994
6.922652021,3.415388729,11.372690812,7.00011233,3.427100362,         927P   1995
11.621509964,7.046001337,3.435294464,11.820209203,7.067949673,       927P   1996
3.442227691,12.019123138,7.590550668,3.5,-12.134227146,              927P   1997
7.607119868,3.5,-11.906742665,7.598995435,3.5,-11.679577538,         927P   1998
7.567939852,3.5,-11.395693426,7.560664754,3.5,-11.338905165,         927P   1999
7.551391648,3.5,-11.275012987,7.550346105,3.5,-11.267913341,         927P   2000
7.54915304,3.5,-11.259926136,7.54895793,3.5,-11.259089593,           927P   2001
7.548836767,3.5,-11.25719619,7.548900706,3.5,-11.256147579,          927P   2002
7.548905741,3.5,-11.253154611,7.548909097,3.5,-11.251159299,         927P   2003
7.548919164,3.5,-11.245173366,7.548925872,3.5,-11.241182747,         927P   2004
7.548959401,3.5,-11.221229645,7.548986183,3.5,-11.205267225,         927P   2005
7.549066401,3.5,-11.157380032,7.549119712,3.5,-11.125455463,         927P   2006
7.549385386,3.5,-10.965832169,7.549595117,3.5,-10.83813758,          927P   2007
7.550627631,3.5,-10.199658941,7.551401816,3.5,-9.688945505,          927P   2008
7.55348574,3.5,-8.156970136,7.554543576,3.5,-7.136026962,            927P   2009
7.555846688,3.5,-5.095080903,7.55609229,3.5,-4.075123018,            927P   2010
7.556231871,3.5,-2.036011204,7.556176368,3.5,-1.01686206,            927P   2011
7.556176437,3.5,1.021670103,7.55623209,3.5,2.040814504,              927P   2012
7.55609141,3.5,4.079941592,7.555844871,3.5,5.099890413,              927P   2013
7.554539223,3.5,7.140871431,7.553480111,3.5,8.161857404,             927P   2014
7.551394562,3.5,9.693901371,7.550619913,3.5,10.204638452,            927P   2015
7.549586933,3.5,10.843145085,7.549377115,3.5,10.970845169,           927P   2016
7.549111336,3.5,11.13047595,7.549058005,3.5,11.16240204,             927P   2017
7.548977756,3.5,11.21029155,7.548950964,3.5,11.226254749,            927P   2018
7.548917423,3.5,11.246208832,7.548910712,3.5,11.250199648,           927P   2019
7.54890232,3.5,11.255188173,7.548900642,3.5,11.256185878,            927P   2020
7.548897284,3.5,11.258181288,7.549025362,3.5,11.25907286,            927P   2021
7.549423515,3.5,11.261735365,7.549688008,3.5,11.263510312,           927P   2022
7.551005742,3.5,11.272384714,7.552044818,3.5,11.279483367,           927P   2023
7.561258447,3.5,11.343359623,7.568471464,3.5,11.400084071,           927P   2024
7.599196447,3.5,11.683381871,7.606938844,3.5,11.909228023,           927P   2025
7.590550668,3.5,12.134227146,8.116188394,3.5,-12.250000001,          927P   2026
8.172099012,3.5,-11.996151756,8.203106799,3.5,-11.741576291,         927P   2027
8.220008097,3.5,-11.422788435,8.222277446,3.5,-11.359000495,         927P   2028
8.223675861,3.5,-11.287207498,8.223815192,3.5,-11.27923006,          927P   2029
8.223954059,3.5,-11.270254953,8.223969193,3.5,-11.269257711,         927P   2030
8.223999156,3.5,-11.267263218,8.224014067,3.5,-11.26626597,          927P   2031
8.224058907,3.5,-11.263274228,8.224088802,3.5,-11.261279733,         927P   2032
8.224178494,3.5,-11.25529625,8.224238296,3.5,-11.251307261,          927P   2033
8.224537342,3.5,-11.231362318,8.224776696,3.5,-11.215406366,         927P   2034
8.225495103,3.5,-11.167538522,8.225974499,3.5,-11.135626638,         927P   2035
8.228373631,3.5,-10.976067278,8.230299841,3.5,-10.848419979,         927P   2036
8.239956181,3.5,-10.210184174,8.247765998,3.5,-9.699597846,          927P   2037
8.27100613,3.5,-8.167833689,8.286266631,3.5,-7.146651217,            927P   2038
8.313064437,3.5,-5.10418449,8.324506584,3.5,-4.082891461,            927P   2039
8.340178001,3.5,-2.040274787,8.344299158,3.5,-1.018927722,           927P   2040
8.344286501,3.5,1.023745633,8.340152295,3.5,2.045087835,             927P   2041
8.324458288,3.5,4.087716984,8.313007265,3.5,5.108999292,             927P   2042
8.286197016,3.5,7.151497641,8.270932831,3.5,8.172721565,             927P   2043
8.247690388,3.5,9.704552749,8.239880338,3.5,10.215162293,            927P   2044
8.230224241,3.5,10.85342567,8.228298107,3.5,10.981078385,            927P   2045
8.225899089,3.5,11.140645137,8.225419718,3.5,11.172558523,           927P   2046
8.224701349,3.5,11.220428658,8.224462007,3.5,11.23638538,            927P   2047
8.224162978,3.5,11.256331293,8.224103179,3.5,11.260320476,           927P   2048
8.22402844,3.5,11.265306956,8.224013493,3.5,11.266304252,            927P   2049
8.223983599,3.5,11.268298844,8.223968659,3.5,11.269296141,           927P   2050
8.223922846,3.5,11.272287949,8.223891312,3.5,11.274282407,           927P   2051
8.223728668,3.5,11.284254288,8.223582642,3.5,11.29223049,            927P   2052
8.22212391,3.5,11.364004464,8.219800361,3.5,11.427719422,            927P   2053
8.202655394,3.5,11.745841387,8.171488646,3.5,11.998922979,           927P   2054
8.116188394,3.5,12.25,0.,0.0245092351620461,0.,1.;                   927P   2055
126,1,1,1,0,1,0,0.,0.,1.,1.,1.,1.,0.024509235,0.,0.,                 929P   2056
0.024509235,1.,0.,0.,1.,0.,0.,1.;                                    929P   2057
124,-0.10482387216205,0.970950757104192,0.215096683153762,           931P   2058
12.643204241404,0.994222769085675,0.107336319256871,0.,              931P   2059
-13.8716132245904,-0.0230876862540862,0.213854019946277,             931P   2060
-0.97659275898209,25.7906964391445;                                  931P   2061
100,12.25,8.116188394,-6.5,18.116188394,-6.5,18.058416085,           933P   2062
-5.426636807;                                                        933P   2063
126,1,1,1,0,1,0,0.,0.,1.,1.,1.,1.,0.024509235,1.,0.,0.,1.,0.,        935P   2064
0.,1.,0.,0.,1.;                                                      935P   2065
126,17,3,1,0,1,0,0.,0.,0.,0.,0.0625,0.0625,0.125,0.125,0.25,         937P   2066
0.25,0.5,0.5,0.75,0.75,0.875,0.875,0.9375,0.9375,1.,1.,1.,1.,        937P   2067
1.,1.,1.,1.,1.,1.,1.,1.,1.,1.,1.,1.,1.,1.,1.,1.,1.,1.,               937P   2068
8.116188394,3.5,12.25,8.226794844,3.5,11.747819045,8.224430583,      937P   2069
3.5,11.236383696,8.239880338,3.5,10.215162293,8.247690388,3.5,       937P   2070
9.704552749,8.270932831,3.5,8.172721565,8.286197016,3.5,             937P   2071
7.151497641,8.32641239,3.5,4.087750117,8.344280172,3.5,              937P   2072
2.045082311,8.344305487,3.5,-2.0402644,8.32646334,3.5,               937P   2073
-4.082951126,8.286266631,3.5,-7.146651217,8.27100613,3.5,            937P   2074
-8.167833689,8.247765998,3.5,-9.699597846,8.239956181,3.5,           937P   2075
-10.210184174,8.224506037,3.5,-11.231361462,8.22801982,3.5,          937P   2076
-11.742257346,8.116188394,3.5,-12.250000001,0.,1.,0.,-1.,0.;         937P   2077
126,1,1,1,0,1,0,0.,0.,1.,1.,1.,1.,0.,1.,0.,0.,0.,0.,0.,1.,0.,        939P   2078
0.,1.;                                                               939P   2079
124,5.97990598166658E-17,-0.976592758962016,0.215096683244903,       941P   2080
4.40326983083342,1.,6.12323399573677E-17,0.,-14.6161883941761,       941P   2081
-1.31708732321541E-17,0.215096683244903,0.976592758962016,           941P   2082
1.11138973835911;                                                    941P   2083
100,-12.250000001,8.116188394,-6.5,18.116188394,-6.5,                943P   2084
18.058416085,-5.426636808;                                           943P   2085
126,1,1,1,0,1,0,0.,0.,1.,1.,1.,1.,0.,0.,0.,0.000984234,0.,0.,        945P   2086
0.,1.,0.,0.,1.;                                                      945P   2087
126,3,3,1,0,1,0,0.,0.,0.,0.,1.,1.,1.,1.,1.,1.,1.,1.,                 947P   2088
7.067949673,3.442227691,-12.019123138,7.038687382,3.432984067,       947P   2089
-11.753923985,6.968566648,3.421773285,-11.497338216,                 947P   2090
6.879938133,3.409245052,-11.248192255,0.,1.,-0.054130021,            947P   2091
0.998117988,0.028817056;                                             947P   2092
126,1,1,1,0,1,0,0.,0.,1.,1.,1.,1.,0.000984234,0.,0.,                 949P   2093
0.012252209,0.,0.,0.,1.,0.,0.,1.;                                    949P   2094
126,12,3,1,0,1,0,-5.66984803873167E-08,-5.66984803873167E-08,        951P   2095
-5.66984803873167E-08,-5.66984803873167E-08,0.,0.,0.,                951P   2096
0.00621408786702818,0.00621408786702818,0.00621408786702818,         951P   2097
0.00973870594392583,0.00973870594392583,0.00973870594392583,         951P   2098
0.0112487371234614,0.0112487371234614,0.0112487371234614,            951P   2099
0.0112487371234614,1.,1.,1.,1.,1.,1.,1.,1.,1.,1.,1.,1.,1.,           951P   2100
6.879938133,3.409245052,-11.248192255,6.879937277,3.40924257,        951P   2101
-11.248173539,6.879937708,3.409244918,-11.248154459,                 951P   2102
6.879937495,3.409244851,-11.248135561,6.85663617,3.401874032,        951P   2103
-9.176917119,6.828791265,3.392911028,-7.105755533,6.807148377,       951P   2104
3.385960564,-5.034517645,6.794872622,3.38201829,-3.859720256,        951P   2105
6.785116868,3.378890622,-2.684881806,6.780665795,3.377463593,        951P   2106
-1.510022967,6.778758848,3.37685222,-1.006684955,6.777789949,        951P   2107
3.376541333,-0.503341996,6.777789949,3.376541333,0.,                 951P   2108
-5.66984803873167E-08,0.0112487371234614,0.,0.,0.;                   951P   2109
126,1,1,1,0,1,0,0.,0.,1.,1.,1.,1.,0.012252209,0.,0.,                 953P   2110
0.023520045,0.,0.,0.,1.,0.,0.,1.;                                    953P   2111
126,12,3,1,0,1,0,0.0112487371234614,0.0112487371234614,              955P   2112
0.0112487371234614,0.0112487371234614,0.0132605840075815,            955P   2113
0.0132605840075815,0.0132605840075815,0.0150224318231317,            955P   2114
0.0150224318231317,0.0150224318231317,0.022497468722165,             955P   2115
0.022497468722165,0.022497468722165,0.022497528722165,               955P   2116
0.022497528722165,0.022497528722165,0.022497528722165,1.,1.,1.,      955P   2117
1.,1.,1.,1.,1.,1.,1.,1.,1.,1.,6.777789949,3.376541333,0.,            955P   2118
6.777789949,3.376541333,0.670612288,6.779522014,3.377097162,         955P   2119
1.341226722,6.782871347,3.378170568,2.011829787,6.785804499,         955P   2120
3.379110594,2.599105206,6.78998556,3.380449198,3.186374454,          955P   2121
6.795052963,3.382075995,3.773633835,6.816552508,3.388978035,         955P   2122
6.265208112,6.851907901,3.400378356,8.756629103,6.879937458,         955P   2123
3.409244839,11.248132259,6.879937683,3.40924491,11.248152258,        955P   2124
6.879937908,3.409244981,11.248172257,6.879938133,3.409245052,        955P   2125
11.248192255,0.0112487371234614,0.022497528722165,0.305300977,       955P   2126
-0.952255907,0.;                                                     955P   2127
126,1,1,1,0,1,0,0.,0.,1.,1.,1.,1.,0.023520045,0.,0.,                 957P   2128
0.024509235,0.,0.,0.,1.,0.,0.,1.;                                    957P   2129
126,3,3,1,0,1,0,0.,0.,0.,0.,1.,1.,1.,1.,1.,1.,1.,1.,                 959P   2130
6.879938133,3.409245052,11.248192255,6.968192057,3.406395882,        959P   2131
11.498244679,7.038687381,3.432984067,11.753923975,7.067949673,       959P   2132
3.442227691,12.019123138,0.,1.,0.440157414,0.886094169,              959P   2133
-0.145253484;                                                        959P   2134
102,7,929,935,939,945,949,953,957;                                   961P   2135
102,7,933,937,943,947,951,955,959;                                   963P   2136
142,1,927,961,963,1;                                                 965P   2137
144,927,1,0,965;                                                     967P   2138
128,29,2,3,2,0,0,0,0,0,0.,0.,0.,0.,0.000475326330877256,             969P   2139
0.000475326330877256,0.000712989496315884,0.000712989496315884,      969P   2140
0.000831821079035198,0.000831821079035198,0.000950652661754512,      969P   2141
0.000950652661754512,0.00142597899263177,0.00142597899263177,        969P   2142
0.0016636421580704,0.0016636421580704,0.00190130532350902,           969P   2143
0.00190130532350902,0.00213896848894765,0.00213896848894765,         969P   2144
0.00237663165438628,0.00237663165438628,0.00261429481982491,         969P   2145
0.00261429481982491,0.00285195798526354,0.00285195798526354,         969P   2146
0.00308962115070216,0.00308962115070216,0.00332728431614079,         969P   2147
0.00332728431614079,0.00380261064701805,0.00380261064701805,         969P   2148
0.00380261064701805,0.00380261064701805,0.,0.,0.,1.,1.,1.,1.,        969P   2149
1.,1.,1.,1.,1.,1.,1.,1.,1.,1.,1.,1.,1.,1.,1.,1.,1.,1.,1.,1.,1.,      969P   2150
1.,1.,1.,1.,1.,1.,1.,1.,0.99926469994026,0.999291593852838,          969P   2151
0.999310606768298,0.999330462937508,0.999335607990483,               969P   2152
0.99934115385029,0.999342638127574,0.999344856949585,                969P   2153
0.999345592732414,0.999347277922277,0.999342659054711,               969P   2154
0.999327680596644,0.999321291017524,0.999305218747624,               969P   2155
0.999295475539662,0.999272084776493,0.99925824404491,                969P   2156
0.99922695732223,0.999209527540598,0.999170670417061,                969P   2157
0.999149244988113,0.999101655616739,0.999075395132038,               969P   2158
0.999017905753476,0.998986617968618,0.998917874591827,               969P   2159
0.998880240151586,0.998757550572694,0.998663019812795,               969P   2160
0.998554647750112,1.,1.,1.,1.,1.,1.,1.,1.,1.,1.,1.,1.,1.,1.,1.,      969P   2161
1.,1.,1.,1.,1.,1.,1.,1.,1.,1.,1.,1.,1.,1.,1.,5.458408743,            969P   2162
3.470598811,-13.877824157,5.575783611,3.471678618,-13.88551504,      969P   2163
5.692870252,3.472433773,-13.879325219,5.86449225,3.473227482,        969P   2164
-13.850857089,5.92103966,3.473433148,-13.838139854,6.004477881,      969P   2165
3.473654835,-13.814179887,6.032060318,3.473714168,                   969P   2166
-13.805377635,6.086699342,3.473802862,-13.786115991,                 969P   2167
6.113769428,3.473832274,-13.775649195,6.247270825,3.473899638,       969P   2168
-13.719246305,6.349022649,3.473715002,-13.661098523,                 969P   2169
6.490639484,3.473116264,-13.55797685,6.536001868,3.472860852,        969P   2170
-13.520919308,6.62230397,3.472218403,-13.441714106,6.663421003,      969P   2171
3.471828946,-13.39934166,6.73922695,3.470893986,-13.3109716,         969P   2172
6.773685825,3.470340761,-13.265116973,6.837546994,3.46909024,        969P   2173
-13.169297784,6.866915489,3.468393591,-13.119386025,                 969P   2174
6.920431111,3.466840565,-13.015989452,6.944577983,3.465984264,       969P   2175
-12.962503832,6.987405806,3.464082354,-12.852325573,                 969P   2176
7.006114067,3.463032886,-12.79546021,7.03730144,3.460735504,         969P   2177
-12.680531536,7.049859098,3.459485234,-12.622311015,                 969P   2178
7.068852505,3.45673838,-12.504723465,7.075183789,3.45523465,         969P   2179
-12.445420732,7.085703663,3.450332763,-12.265721655,                 969P   2180
7.081648278,3.446554923,-12.143271217,7.067949673,3.442227691,       969P   2181
-12.019123138,5.479173756,3.5,-14.259827764,5.618025399,3.5,         969P   2182
-14.259345677,5.755241444,3.5,-14.245164969,5.956819564,3.5,         969P   2183
-14.204294134,6.023306643,3.5,-14.187375444,6.121759582,3.5,         969P   2184
-14.156933767,6.154364181,3.5,-14.145941047,6.21910868,3.5,          969P   2185
-14.12222528,6.25130364,3.5,-14.10947605,6.410084043,3.5,            969P   2186
-14.041697489,6.530674427,3.5,-13.974712324,6.700700336,3.5,         969P   2187
-13.857747294,6.755552156,3.5,-13.815976947,6.861211408,3.5,         969P   2188
-13.72696908,6.912246357,3.5,-13.679479846,7.008310912,3.5,          969P   2189
-13.580452551,7.053239649,3.5,-13.528985869,7.137884565,3.5,         969P   2190
-13.421825736,7.177598269,3.5,-13.366169733,7.251896499,3.5,         969P   2191
-13.251035183,7.286480682,3.5,-13.191555351,7.350471228,3.5,         969P   2192
-13.06901776,7.37993738,3.5,-13.005766419,7.432819735,3.5,           969P   2193
-12.877746192,7.456345876,3.5,-12.812801458,7.497693535,3.5,         969P   2194
-12.681289131,7.515459791,3.5,-12.614751747,7.560720706,3.5,         969P   2195
-12.412729074,7.580323841,3.5,-12.274634895,7.590550668,3.5,         969P   2196
-12.134227146,5.5,3.5,-14.642957818,5.660395349,3.5,                 969P   2197
-14.634239019,5.817789673,3.5,-14.612014826,6.049395882,3.5,         969P   2198
-14.558679668,6.125846677,3.5,-14.5375411,6.239351239,3.5,           969P   2199
-14.500592969,6.276990472,3.5,-14.487401981,6.351865899,3.5,         969P   2200
-14.459217356,6.389198719,3.5,-14.444178733,6.573323775,3.5,         969P   2201
-14.36499229,6.712801907,3.5,-14.289154561,6.911326675,3.5,          969P   2202
-14.158326289,6.975698743,3.5,-14.111838401,7.100783255,3.5,         969P   2203
-14.01301962,7.161773057,3.5,-13.96041085,7.278178754,3.5,           969P   2204
-13.850721553,7.333623094,3.5,-13.793641744,7.439151368,3.5,         969P   2205
-13.675138702,7.489263859,3.5,-13.613738608,7.584462403,3.5,         969P   2206
-13.486865606,7.629547815,3.5,-13.421392178,7.714842853,3.5,         969P   2207
-13.286494574,7.755144953,3.5,-13.216857398,7.829894349,3.5,         969P   2208
-13.075742698,7.864483244,3.5,-13.004072303,7.928394881,3.5,         969P   2209
-12.858627464,7.957712407,3.5,-12.784850936,8.038096159,3.5,         969P   2210
-12.560497287,8.081665361,3.5,-12.40674323,8.116188394,3.5,          969P   2211
-12.250000001,0.,0.00380261064701805,0.,1.;                          969P   2212
126,1,1,1,0,1,0,0.,0.,1.,1.,1.,1.,0.003802611,0.,0.,                 971P   2213
0.003802611,1.,0.,0.,1.,0.,0.,1.;                                    971P   2214
124,-0.104823872150609,0.970950757085238,-0.215096683244896,         973P   2215
12.6432042399012,0.994222769086701,0.107336319247362,0.,             973P   2216
-13.8716132245792,0.0230876862618227,-0.213854020037105,             973P   2217
-0.976592758962017,-25.7906964402856;                                973P   2218
100,-12.250000001,8.116188394,-6.5,18.116188394,-6.5,                975P   2219
18.058416085,-5.426636808;                                           975P   2220
126,1,1,1,0,1,0,0.,0.,1.,1.,1.,1.,0.003802611,1.,0.,0.,1.,0.,        977P   2221
0.,1.,0.,0.,1.;                                                      977P   2222
126,5,3,1,0,1,0,0.,0.,0.,0.,0.5,0.5,1.,1.,1.,1.,1.,1.,1.,1.,1.,      979P   2223
1.,8.116188394,3.5,-12.250000001,7.978329077,3.5,-12.875915793,      979P   2224
7.685598692,3.5,-13.466809013,6.754353119,3.5,-14.344323391,         979P   2225
6.141618017,3.5,-14.608080644,5.5,3.5,-14.642957818,0.,1.,0.,        979P   2226
-1.,0.;                                                              979P   2227
126,1,1,1,0,1,0,0.,0.,1.,1.,1.,1.,0.,1.,0.,0.,0.,0.,0.,1.,0.,        981P   2228
0.,1.;                                                               981P   2229
124,3.32357063506312E-18,-0.0542780275484674,0.9985258613203,        983P   2230
19.7685648887576,1.,6.12323399573677E-17,0.,-12.0000000001836,       983P   2231
-6.1142074996588E-17,0.9985258613203,0.0542780275484674,             983P   2232
-7.35774885171773;                                                   983P   2233
100,-14.642957818,5.5,-6.5,15.5,-6.5,15.470598811,-5.733736761;      985P   2234
126,1,1,1,0,1,0,0.,0.,1.,1.,1.,1.,0.,0.,0.,0.003802611,0.,0.,        987P   2235
0.,1.,0.,0.,1.;                                                      987P   2236
126,5,3,1,0,1,0,0.,0.,0.,0.,0.5,0.5,1.,1.,1.,1.,1.,1.,1.,1.,1.,      989P   2237
1.,5.458408743,3.470598811,-13.877824157,5.932194746,                989P   2238
3.474957475,-13.908868585,6.407916026,3.475167853,                   989P   2239
-13.705934116,7.017043783,3.467272974,-12.978046071,                 989P   2240
7.119759964,3.458593971,-12.48867098,7.067949673,3.442227691,        989P   2241
-12.019123138,0.,1.,-0.008032064,0.999809441,0.017792375;            989P   2242
102,4,971,977,981,987;                                               991P   2243
102,4,975,979,985,989;                                               993P   2244
142,1,969,991,993,1;                                                 995P   2245
144,969,1,0,995;                                                     997P   2246
128,29,2,3,2,0,0,0,0,0,-3.12250225675825E-17,                        999P   2247
-3.12250225675825E-17,-3.12250225675825E-17,                         999P   2248
-3.12250225675825E-17,0.000476191734677348,                          999P   2249
0.000476191734677348,0.000714287602016038,0.000714287602016038,      999P   2250
0.000952383469354727,0.000952383469354727,0.00119047933669342,       999P   2251
0.00119047933669342,0.00142857520403211,0.00142857520403211,         999P   2252
0.0016666710713708,0.0016666710713708,0.00190476693870949,           999P   2253
0.00190476693870949,0.00214286280604817,0.00214286280604817,         999P   2254
0.00238095867338686,0.00238095867338686,0.00285715040806424,         999P   2255
0.00285715040806424,0.00297619834173359,0.00297619834173359,         999P   2256
0.00309524627540293,0.00309524627540293,0.00333334214274162,         999P   2257
0.00333334214274162,0.003809533877419,0.003809533877419,             999P   2258
0.003809533877419,0.003809533877419,0.,0.,0.,1.,1.,1.,1.,1.,1.,      999P   2259
1.,1.,1.,1.,1.,1.,1.,1.,1.,1.,1.,1.,1.,1.,1.,1.,1.,1.,1.,1.,1.,      999P   2260
1.,1.,1.,1.,1.,1.,0.998554647749855,0.99866283458806,                999P   2261
0.998757066709504,0.998879724632613,0.998917393562405,               999P   2262
0.998986250348144,0.999017618048091,0.999075292063292,               999P   2263
0.999101492999869,0.999148977624074,0.999170367666593,               999P   2264
0.99920917817901,0.99922659680542,0.999257879898501,                 999P   2265
0.999271735820343,0.99929516699373,0.999304968810859,                999P   2266
0.999321124841522,0.999327540017782,0.999342581005397,               999P   2267
0.999347217836312,0.999345638783298,0.999344930818033,               999P   2268
0.999342743078845,0.999341265488128,0.999335734030874,               999P   2269
0.999330584261451,0.999310693219262,0.999291628736069,               999P   2270
0.999264699940272,1.,1.,1.,1.,1.,1.,1.,1.,1.,1.,1.,1.,1.,1.,1.,      999P   2271
1.,1.,1.,1.,1.,1.,1.,1.,1.,1.,1.,1.,1.,1.,1.,7.067949673,            999P   2272
3.442227691,12.019123138,7.081626214,3.446547954,12.143071268,       999P   2273
7.085695144,3.450313433,12.265078616,7.075252764,3.455214052,        999P   2274
12.444633144,7.068952945,3.45671916,12.503939749,7.049992737,        999P   2275
3.459470544,12.621643569,7.037437346,3.460724007,12.679976198,       999P   2276
7.006190015,3.463028767,12.795234474,6.987522684,3.464075855,        999P   2277
12.851972706,6.944847798,3.465973578,12.961861427,6.920787459,       999P   2278
3.466828465,13.01522395,6.867456246,3.468379628,13.118416962,        999P   2279
6.838185658,3.46907583,13.168248259,6.774524087,3.470326206,         999P   2280
13.263948384,6.74017777,3.470880038,13.309758943,6.664596059,        999P   2281
3.471816613,13.398073209,6.623450765,3.472208412,13.440581399,       999P   2282
6.537084472,3.47285421,13.520003904,6.49172276,3.473110644,          999P   2283
13.557122873,6.350243571,3.473711882,13.660337494,6.248764552,       999P   2284
3.473897236,13.718420029,6.115927972,3.473834115,13.774783729,       999P   2285
6.0890279,3.473805815,13.785242854,6.034174887,3.473718363,          999P   2286
13.80468039,6.006387716,3.473659298,13.81359286,5.922496553,         999P   2287
3.473438186,13.837795171,5.865677401,3.473232332,13.850623021,       999P   2288
5.693347793,3.472437228,13.879320042,5.575933209,3.471679994,        999P   2289
13.885524842,5.458408743,3.470598811,13.877824157,7.590550668,       999P   2290
3.5,12.134227146,7.580340188,3.5,12.274410441,7.560836402,3.5,       999P   2291
12.412004434,7.515681065,3.5,12.613867229,7.497943778,3.5,           999P   2292
12.680411191,7.456605601,3.5,12.81205636,7.43306037,3.5,             999P   2293
12.877127166,7.38005605,3.5,13.005515372,7.350654893,3.5,            999P   2294
13.068625276,7.286874863,3.5,13.19084093,7.25240319,3.5,             999P   2295
13.250183651,7.178337264,3.5,13.365089808,7.138743383,3.5,           999P   2296
13.42065453,7.054338702,3.5,13.527676491,7.009535919,3.5,            999P   2297
13.579093751,6.913715908,3.5,13.678058322,6.862627454,3.5,           999P   2298
13.725698381,6.756865864,3.5,13.814946105,6.702007244,3.5,           999P   2299
13.856782899,6.53212788,3.5,13.973840819,6.4118549,3.5,              999P   2300
14.040741746,6.253872279,3.5,14.108427172,6.221872407,3.5,           999P   2301
14.121159024,6.156865688,3.5,14.145074464,6.124015664,3.5,           999P   2302
14.156196284,6.025020783,3.5,14.186921587,5.958212336,3.5,           999P   2303
14.203973131,5.755800806,3.5,14.245127833,5.618203114,3.5,           999P   2304
14.25934506,5.479173756,3.5,14.259827764,8.116188394,3.5,12.25,      999P   2305
8.081720335,3.5,12.406493631,8.038337639,3.5,12.559690897,           999P   2306
7.958087585,3.5,12.783869397,7.928796402,3.5,12.857655247,           999P   2307
7.864870164,3.5,13.003249534,7.830240568,3.5,13.075059991,           999P   2308
7.755306642,3.5,13.216581062,7.715093796,3.5,13.286062455,           999P   2309
7.630067166,3.5,13.420605725,7.585120349,3.5,13.485928035,           999P   2310
7.490202167,3.5,13.612547807,7.440231465,3.5,13.673845801,           999P   2311
7.334984128,3.5,13.79219154,7.279679126,3.5,13.849216563,            999P   2312
7.163538243,3.5,13.958836171,7.102469534,3.5,14.011610838,           999P   2313
6.977244323,3.5,14.110692012,6.912857934,3.5,14.157251349,           999P   2314
6.714488549,3.5,14.288172398,6.575372495,3.5,14.36390683,            999P   2315
6.392178503,3.5,14.442945902,6.355065897,3.5,14.457957375,           999P   2316
6.279879883,3.5,14.486365472,6.24195443,3.5,14.499704479,            999P   2317
6.127818698,3.5,14.536977601,6.050996795,3.5,14.558271322,           999P   2318
5.818431087,3.5,14.611945505,5.660601307,3.5,14.634227824,5.5,       999P   2319
3.5,14.642957818,-3.12250225675825E-17,0.003809533877419,0.,1.;      999P   2320
126,1,1,1,0,1,0,0.,0.,1.,1.,1.,1.,0.,1.,0.,0.,0.,0.,0.,1.,0.,       1001P   2321
0.,1.;                                                              1001P   2322
124,5.97990598178949E-17,-0.976592758982088,-0.215096683153768,     1003P   2323
4.40326982958817,1.,6.12323399573677E-17,0.,-14.6161883942578,      1003P   2324
1.31708732265737E-17,-0.215096683153768,0.976592758982088,          1003P   2325
-1.11138973802134;                                                  1003P   2326
100,12.25,8.116188394,-6.5,18.116188394,-6.5,18.058416085,          1005P   2327
-5.426636807;                                                       1005P   2328
126,1,1,1,0,1,0,0.,0.,1.,1.,1.,1.,0.,0.,0.,0.003809534,0.,0.,       1007P   2329
0.,1.,0.,0.,1.;                                                     1007P   2330
126,5,3,1,0,1,0,0.,0.,0.,0.,0.5,0.5,1.,1.,1.,1.,1.,1.,1.,1.,1.,     1009P   2331
1.,7.067949673,3.442227691,12.019123138,7.119759217,                1009P   2332
3.458593735,12.488664211,7.015228181,3.467284242,12.979649179,      1009P   2333
6.411122635,3.475138528,13.702667496,5.934188306,3.474975815,       1009P   2334
13.908999211,5.458408743,3.470598811,13.877824157,0.,1.,            1009P   2335
-0.052975778,0.998176172,-0.028946445;                              1009P   2336
126,1,1,1,0,1,0,0.,0.,1.,1.,1.,1.,0.003809534,0.,0.,                1011P   2337
0.003809534,1.,0.,0.,1.,0.,0.,1.;                                   1011P   2338
124,-0.00415912572138393,0.0541184437192129,0.998525861318896,      1013P   2339
-8.74672699171432,0.997059881093444,0.0766263238967371,0.,          1013P   2340
-11.4857582409411,-0.0765133660686902,0.995590076555347,            1013P   2341
-0.0542780275742947,22.3299076973695;                               1013P   2342
100,14.642957818,5.5,-6.5,15.5,-6.5,15.470598811,-5.733736761;      1015P   2343
126,1,1,1,0,1,0,0.,0.,1.,1.,1.,1.,0.003809534,1.,0.,0.,1.,0.,       1017P   2344
0.,1.,0.,0.,1.;                                                     1017P   2345
126,5,3,1,0,1,0,0.,0.,0.,0.,0.5,0.5,1.,1.,1.,1.,1.,1.,1.,1.,1.,     1019P   2346
1.,5.5,3.5,14.642957818,6.142438349,3.5,14.608036052,               1019P   2347
6.757045154,3.5,14.342504801,7.686172216,3.5,13.465547934,          1019P   2348
7.978315185,3.5,12.875978867,8.116188394,3.5,12.25,0.,1.,0.,        1019P   2349
-1.,0.;                                                             1019P   2350
102,4,1001,1007,1011,1017;                                          1021P   2351
102,4,1005,1009,1015,1019;                                          1023P   2352
142,1,999,1021,1023,1;                                              1025P   2353
144,999,1,0,1025;                                                   1027P   2354
128,47,2,3,2,0,0,0,0,0,-1.53848288275693E-16,                       1029P   2355
-1.53848288275693E-16,-1.53848288275693E-16,                        1029P   2356
-1.53848288275693E-16,8.59376149076569E-05,                         1029P   2357
8.59376149076569E-05,0.000128906422361562,0.000128906422361562,     1029P   2358
0.000139648624225039,0.000139648624225039,0.000145019725156777,     1029P   2359
0.000145019725156777,0.000150390826088515,0.000150390826088515,     1029P   2360
0.000171875229815468,0.000171875229815468,0.000343750459631089,     1029P   2361
0.000343750459631089,0.000687500919262332,0.000687500919262332,     1029P   2362
0.00137500183852482,0.00137500183852482,0.00275000367704979,        1029P   2363
0.00275000367704979,0.00550000735409974,0.00550000735409974,        1029P   2364
0.00825001103114968,0.00825001103114968,0.00962501286967465,        1029P   2365
0.00962501286967465,0.0103125137889371,0.0103125137889371,          1029P   2366
0.0106562642485684,0.0106562642485684,0.010828139478384,            1029P   2367
0.010828139478384,0.010849623882111,0.010849623882111,              1029P   2368
0.0108523094325768,0.0108523094325768,0.0108549949830427,           1029P   2369
0.0108549949830427,0.0108603660839744,0.0108603660839744,           1029P   2370
0.0108711082858379,0.0108711082858379,0.0109140770932918,           1029P   2371
0.0109140770932918,0.0110000147081996,0.0110000147081996,           1029P   2372
0.0110000147081996,0.0110000147081996,0.,0.,0.,1.,1.,1.,1.,1.,      1029P   2373
1.,1.,1.,1.,1.,1.,1.,1.,1.,1.,1.,1.,1.,1.,1.,1.,1.,1.,1.,1.,1.,     1029P   2374
1.,1.,1.,1.,1.,1.,1.,1.,1.,1.,1.,1.,1.,1.,1.,1.,1.,1.,1.,1.,1.,     1029P   2375
1.,1.,1.,1.,0.999271750529443,0.999267039867938,                    1029P   2376
0.999262080330612,0.99925423403197,0.999251550735566,               1029P   2377
0.999248107800736,0.999247414772154,0.999246368486412,              1029P   2378
0.999245864471861,0.999245771320533,0.999245794982462,              1029P   2379
0.999245737725413,0.999245691978005,0.999245280777207,              1029P   2380
0.999244919004897,0.999243845211464,0.999243144713929,              1029P   2381
0.999241091753079,0.999239787828317,0.999236089548958,              1029P   2382
0.999233908962718,0.999228370248758,0.999226030724849,              1029P   2383
0.999224449507463,0.999225208918194,0.999228525756465,              1029P   2384
0.999229990071479,0.999232663750543,0.999233634409014,              1029P   2385
0.999235201209028,0.999235741940391,0.999236579662011,              1029P   2386
0.999236863339801,0.999237187367595,0.999237223438603,              1029P   2387
0.999237264094698,0.999237291749449,0.999237651922176,              1029P   2388
0.99923783171929,0.999238370246304,0.999238728111141,               1029P   2389
0.999239798268845,0.999240507123523,0.999244028761152,              1029P   2390
0.999246773652219,0.999254801163462,0.999259876755054,              1029P   2391
0.99926469994026,1.,1.,1.,1.,1.,1.,1.,1.,1.,1.,1.,1.,1.,1.,1.,      1029P   2392
1.,1.,1.,1.,1.,1.,1.,1.,1.,1.,1.,1.,1.,1.,1.,1.,1.,1.,1.,1.,1.,     1029P   2393
1.,1.,1.,1.,1.,1.,1.,1.,1.,1.,1.,1.,-5.459443958,3.470880628,       1029P   2394
-13.879370044,-5.438478062,3.470692345,-13.878021328,               1029P   2395
-5.417575341,3.470494103,-13.876229463,-5.386340293,                1029P   2396
3.470180484,-13.872871623,-5.375948456,3.470073233,                 1029P   2397
-13.871640641,-5.362986089,3.469935619,-13.869961512,               1029P   2398
-5.360394987,3.469907919,-13.869618665,-5.356510441,                1029P   2399
3.469866099,-13.869093849,-5.355440931,3.469845953,                 1029P   2400
-13.868837358,-5.351963423,3.46984223,-13.868795289,                1029P   2401
-5.350121997,3.469843176,-13.868810482,-5.34117155,3.469840887,     1029P   2402
-13.868795887,-5.334011193,3.469839059,-13.868784226,               1029P   2403
-5.269568001,3.469822623,-13.868679413,-5.212285277,                1029P   2404
3.469808163,-13.868587222,-5.040437444,3.469765244,                 1029P   2405
-13.868313654,-4.925872674,3.469737245,-13.868135282,               1029P   2406
-4.582179713,3.469655189,-13.867612771,-4.353052875,                1029P   2407
3.469603072,-13.867281241,-3.66567766,3.469455253,                  1029P   2408
-13.866341767,-3.207434612,3.469368096,-13.865789,-1.832724921,     1029P   2409
3.469146718,-13.86438729,-0.916270571,3.46905321,-13.863799282,     1029P   2410
0.91662279,3.46899001,-13.863409595,1.833070215,3.469020363,        1029P   2411
-13.863608124,3.207760864,3.469152934,-13.864459025,                1029P   2412
3.665996067,3.469211461,-13.864833657,4.353357716,3.469318326,      1029P   2413
-13.865517172,4.582479734,3.469357123,-13.865765249,                1029P   2414
4.926165077,3.469419747,-13.866165694,5.040727243,3.469441359,      1029P   2415
-13.866303896,5.212571083,3.469474843,-13.866518021,                1029P   2416
5.269852461,3.469486181,-13.866590532,5.334294122,3.469499132,      1029P   2417
-13.866673362,5.341454309,3.469500574,-13.866682583,5.34950952,     1029P   2418
3.469502199,-13.866692976,5.350371906,3.469503304,                  1029P   2419
-13.866706083,5.351664563,3.4695177,-13.866887883,5.352310984,      1029P   2420
3.469524887,-13.866978342,5.35425052,3.469546411,-13.867248399,     1029P   2421
5.355543911,3.469560715,-13.867426675,5.359425167,3.469603489,      1029P   2422
-13.867956221,5.362014117,3.469631822,-13.868302208,                1029P   2423
5.374965929,3.46977258,-13.869996996,5.385349964,3.469882293,       1029P   2424
-13.871240347,5.416563251,3.470203152,-13.874635022,                1029P   2425
5.437453658,3.470406032,-13.876451094,5.458408743,3.470598811,      1029P   2426
-13.877824157,-5.479692412,3.5,-14.259568959,-5.454893081,3.5,      1029P   2427
-14.259651647,-5.430125211,3.5,-14.25929172,-5.393032754,3.5,       1029P   2428
-14.258086566,-5.380678442,3.5,-14.257573938,-5.365249247,3.5,      1029P   2429
-14.256794163,-5.362164085,3.5,-14.256631257,-5.357537393,3.5,      1029P   2430
-14.256376466,-5.356108,3.5,-14.256249518,-5.352578959,3.5,         1029P   2431
-14.256231346,-5.350763026,3.5,-14.256240448,-5.341811891,3.5,      1029P   2432
-14.256240487,-5.334650985,3.5,-14.256240519,-5.270202813,3.5,      1029P   2433
-14.2562408,-5.212915624,3.5,-14.256241036,-5.041054162,3.5,        1029P   2434
-14.256241708,-4.926480122,3.5,-14.256242107,-4.582758419,3.5,      1029P   2435
-14.256243172,-4.353611694,3.5,-14.25624371,-3.666173183,3.5,       1029P   2436
-14.256244974,-3.207885183,3.5,-14.256245354,-1.833027318,3.5,      1029P   2437
-14.2562465,-0.916468878,3.5,-14.256248079,0.916646299,3.5,         1029P   2438
-14.2562571,1.833201469,3.5,-14.256264546,3.208049594,3.5,          1029P   2439
-14.256277913,3.666333873,3.5,-14.25628251,4.353765651,3.5,         1029P   2440
-14.256288964,4.582910048,3.5,-14.256291041,4.926628001,3.5,        1029P   2441
-14.25629396,5.041200776,3.5,-14.256294901,5.213060279,3.5,         1029P   2442
-14.256296252,5.270346811,3.5,-14.256296693,5.334794231,3.5,        1029P   2443
-14.256297176,5.341955054,3.5,-14.25629723,5.350010981,3.5,         1029P   2444
-14.25629729,5.350889741,3.5,-14.256303369,5.352430872,3.5,         1029P   2445
-14.256393217,5.353201483,3.5,-14.256437706,5.355513453,3.5,        1029P   2446
-14.256569868,5.357054948,3.5,-14.256656237,5.361679971,3.5,        1029P   2447
-14.256910128,5.364764039,3.5,-14.257072436,5.380187849,3.5,        1029P   2448
-14.257849238,5.392538137,3.5,-14.258359539,5.429619225,3.5,        1029P   2449
-14.259557997,5.45438046,3.5,-14.259913844,5.479173756,3.5,         1029P   2450
-14.259827764,-5.5,3.5,-14.640878223,-5.471356654,3.5,              1029P   2451
-14.642403696,-5.442712561,3.5,-14.64348756,-5.399745316,3.5,       1029P   2452
-14.644453631,-5.385422717,3.5,-14.644665671,-5.367519236,3.5,      1029P   2453
-14.644793309,-5.363938528,3.5,-14.644811965,-5.35856745,3.5,       1029P   2454
-14.644829643,-5.356777086,3.5,-14.644833416,-5.353196357,3.5,      1029P   2455
-14.644839357,-5.351405993,3.5,-14.644842313,-5.34245417,3.5,       1029P   2456
-14.644857121,-5.335292712,3.5,-14.644868951,-5.270839588,3.5,      1029P   2457
-14.644975285,-5.213547921,3.5,-14.645068793,-5.041672915,3.5,      1029P   2458
-14.64534621,-4.927089571,3.5,-14.645527014,-4.583339515,3.5,       1029P   2459
-14.646056452,-4.354172783,3.5,-14.646392108,-3.66667249,3.5,       1029P   2460
-14.647342774,-3.208338836,3.5,-14.647901421,-1.833337437,3.5,      1029P   2461
-14.649318453,-0.916669253,3.5,-14.649915149,0.916668429,3.5,       1029P   2462
-14.650326613,1.833337194,3.5,-14.650141179,3.208340234,3.5,        1029P   2463
-14.649309187,3.66667436,3.5,-14.648940296,4.354175251,3.5,         1029P   2464
-14.648263398,4.583342165,3.5,-14.648017193,4.927092466,3.5,        1029P   2465
-14.647618908,5.041675888,3.5,-14.647481317,5.213551004,3.5,        1029P   2466
-14.64726793,5.270842707,3.5,-14.647195634,5.335295869,3.5,         1029P   2467
-14.647113012,5.342457332,3.5,-14.647103814,5.350513977,3.5,        1029P   2468
-14.647093446,5.35140916,3.5,-14.647092434,5.353199524,3.5,         1029P   2469
-14.647089483,5.354094705,3.5,-14.647087579,5.356780245,3.5,        1029P   2470
-14.647080581,5.358570601,3.5,-14.647074203,5.363941656,3.5,        1029P   2471
-14.647049925,5.367522343,3.5,-14.647026884,5.385425694,3.5,        1029P   2472
-14.646877408,5.39974811,3.5,-14.646648162,5.442714567,3.5,         1029P   2473
-14.645631325,5.471357817,3.5,-14.644514754,5.5,3.5,                1029P   2474
-14.642957818,-1.53848288275693E-16,0.0110000147081996,0.,1.;       1029P   2475
126,1,1,1,0,1,0,0.,0.,1.,1.,1.,1.,0.011000015,0.,0.,                1031P   2476
0.011000015,1.,0.,0.,1.,0.,0.,1.;                                   1031P   2477
124,-0.00415912571943974,0.0541184436934659,-0.9985258613203,       1033P   2478
-8.74672699199017,0.997059881093395,0.0766263238973694,0.,          1033P   2479
-11.4857582408639,0.0765133660694291,-0.995590076556699,            1033P   2480
-0.0542780275484744,-22.3299076970028;                              1033P   2481
100,-14.642957818,5.5,-6.5,15.5,-6.5,15.470598811,-5.733736761;     1035P   2482
126,1,1,1,0,1,0,0.,0.,1.,1.,1.,1.,0.011000015,1.,0.,0.,1.,0.,       1037P   2483
0.,1.,0.,0.,1.;                                                     1037P   2484
126,11,3,1,0,1,0,0.,0.,0.,0.,0.125,0.125,0.25,0.5,0.75,0.75,        1039P   2485
0.875,0.875,1.,1.,1.,1.,1.,1.,1.,1.,1.,1.,1.,1.,1.,1.,1.,1.,        1039P   2486
5.5,3.5,-14.642957818,5.041725028,3.5,-14.667868802,                1039P   2487
4.583342214,3.5,-14.648037765,3.66667436,3.5,-14.648940296,         1039P   2488
2.291671577,3.5,-14.650048463,-1.068E-06,3.5,-14.650511846,         1039P   2489
-1.833337437,3.5,-14.649318453,-3.208338836,3.5,-14.647901421,      1039P   2490
-3.66667249,3.5,-14.647342774,-4.583339547,3.5,-14.646075219,       1039P   2491
-5.041706426,3.5,-14.665285805,-5.5,3.5,-14.640878223,0.,1.,0.,     1039P   2492
-1.,0.;                                                             1039P   2493
126,1,1,1,0,1,0,0.,0.,1.,1.,1.,1.,0.,1.,0.,0.,0.,0.,0.,1.,0.,       1041P   2494
0.,1.;                                                              1041P   2495
124,1.73527913320139E-14,0.0531821573866719,0.998584827711547,      1043P   2496
9.46584288102802,1.,1.21381956718693E-14,-1.802383359446E-14,       1043P   2497
-1.00000000030802,-1.30795643886544E-14,0.998584827711547,          1043P   2498
-0.0531821573866719,-8.92871033264784;                              1043P   2499
100,-14.640878223,-5.5,-6.5,4.5,-6.5,4.470880628,-5.737412628;      1045P   2500
126,1,1,1,0,1,0,0.,0.,1.,1.,1.,1.,0.,0.,0.,0.000144153,0.,0.,       1047P   2501
0.,1.,0.,0.,1.;                                                     1047P   2502
126,6,3,1,0,1,0,0.,0.,0.,0.,0.000105423284585648,                   1049P   2503
0.000105423284585648,0.000105423284585648,0.000105483284585605,     1049P   2504
0.000105483284585605,0.000105483284585605,0.000105483284585605,     1049P   2505
1.,1.,1.,1.,1.,1.,1.,-5.459443958,3.470880628,-13.879370044,        1049P   2506
-5.424376757,3.470565708,-13.877114204,-5.389366239,3.47022191,     1049P   2507
-13.87361032,-5.354554421,3.469844938,-13.868825788,                1049P   2508
-5.354534609,3.469844724,-13.868823065,-5.354514796,                1049P   2509
3.469844509,-13.868820341,-5.354494984,3.469844295,                 1049P   2510
-13.868817617,0.,0.000105483284585605,0.,0.,0.;                     1049P   2511
126,1,1,1,0,1,0,0.,0.,1.,1.,1.,1.,0.000144153,0.,0.,                1051P   2512
0.010851392,0.,0.,0.,1.,0.,0.,1.;                                   1051P   2513
126,15,3,1,0,1,0,-5.94508675919582E-08,-5.94508675919582E-08,       1053P   2514
-5.94508675919582E-08,-5.94508675919582E-08,0.,0.,0.,               1053P   2515
0.00535417790185835,0.00535417790185835,0.00535417790185835,        1053P   2516
0.00810374332561902,0.00810374332561902,0.00810374332561902,        1053P   2517
0.0107046655056549,0.0107046655056549,0.0107046655056549,           1053P   2518
0.010704725505655,0.010704725505655,0.010704725505655,              1053P   2519
0.010704725505655,1.,1.,1.,1.,1.,1.,1.,1.,1.,1.,1.,1.,1.,1.,1.,     1053P   2520
1.,-5.354494984,3.469844295,-13.868817617,-5.354475168,             1053P   2521
3.469844054,-13.868817583,-5.35445535,3.469844284,                  1053P   2522
-13.868817553,-5.354435533,3.469844279,-13.86881752,-3.569712,      1053P   2523
3.469387611,-13.865905017,-1.784986158,3.469083202,                 1053P   2524
-13.863984219,-0.000260232,3.469021625,-13.863604531,               1053P   2525
0.916261744,3.468990003,-13.863409548,1.832783881,3.469020344,      1053P   2526
-13.863608006,2.749305698,3.469108722,-13.864175252,                1053P   2527
3.616279787,3.469192321,-13.864711832,4.483253707,3.469327397,      1053P   2528
-13.865575011,5.350227227,3.469502344,-13.866693902,                1053P   2529
5.350247227,3.469502348,-13.866693928,5.350267227,3.469502352,      1053P   2530
-13.866693954,5.350287227,3.469502356,-13.86669398,                 1053P   2531
-5.94508675919582E-08,0.010704725505655,0.,0.,0.;                   1053P   2532
126,1,1,1,0,1,0,0.,0.,1.,1.,1.,1.,0.010851392,0.,0.,                1055P   2533
0.011000015,0.,0.,0.,1.,0.,0.,1.;                                   1055P   2534
126,6,3,1,0,1,0,-5.94185518584102E-08,-5.94185518584102E-08,        1057P   2535
-5.94185518584102E-08,-5.94185518584102E-08,0.,0.,0.,               1057P   2536
0.000108639037738609,0.000108639037738609,0.000108639037738609,     1057P   2537
0.000108639037738609,1.,1.,1.,1.,1.,1.,1.,5.350287227,              1057P   2538
3.469502356,-13.86669398,5.350306839,3.469502346,-13.866696747,     1057P   2539
5.350326448,3.469502793,-13.866699516,5.350346059,3.469503012,      1057P   2540
-13.866702284,5.386201558,3.469902808,-13.871762486,                1057P   2541
5.422274742,3.470266391,-13.875456508,5.458408743,3.470598811,      1057P   2542
-13.877824157,-5.94185518584102E-08,0.000108639037738609,0.,0.,     1057P   2543
0.;                                                                 1057P   2544
102,6,1031,1037,1041,1047,1051,1055;                                1059P   2545
102,6,1035,1039,1045,1049,1053,1057;                                1061P   2546
142,1,1029,1059,1061,1;                                             1063P   2547
144,1029,1,0,1063;                                                  1065P   2548
128,47,2,3,2,0,0,0,0,0,-2.49366499671666E-18,                       1067P   2549
-2.49366499671666E-18,-2.49366499671666E-18,                        1067P   2550
-2.49366499671666E-18,8.59376033154606E-05,                         1067P   2551
8.59376033154606E-05,0.000128906404973192,0.000128906404973192,     1067P   2552
0.000139648605387625,0.000139648605387625,0.000145019705594842,     1067P   2553
0.000145019705594842,0.00014770525569845,0.00014770525569845,       1067P   2554
0.000150390805802058,0.000150390805802058,0.000171875206630924,     1067P   2555
0.000171875206630924,0.00034375041326185,0.00034375041326185,       1067P   2556
0.000687500826523703,0.000687500826523703,0.00137500165304741,      1067P   2557
0.00137500165304741,0.00275000330609482,0.00275000330609482,        1067P   2558
0.00550000661218964,0.00550000661218964,0.00825000991828446,        1067P   2559
0.00825000991828446,0.00962501157133187,0.00962501157133187,        1067P   2560
0.0103125123978556,0.0103125123978556,0.0106562628111174,           1067P   2561
0.0106562628111174,0.0108281380177483,0.0108281380177483,           1067P   2562
0.0108496224185772,0.0108496224185772,0.0108549935187844,           1067P   2563
0.0108549935187844,0.0108603646189916,0.0108603646189916,           1067P   2564
0.0108711068194061,0.0108711068194061,0.0109140756210638,           1067P   2565
0.0109140756210638,0.0110000132243793,0.0110000132243793,           1067P   2566
0.0110000132243793,0.0110000132243793,0.,0.,0.,1.,1.,1.,1.,1.,      1067P   2567
1.,1.,1.,1.,1.,1.,1.,1.,1.,1.,1.,1.,1.,1.,1.,1.,1.,1.,1.,1.,1.,     1067P   2568
1.,1.,1.,1.,1.,1.,1.,1.,1.,1.,1.,1.,1.,1.,1.,1.,1.,1.,1.,1.,1.,     1067P   2569
1.,1.,1.,1.,0.999264699940272,0.999259876472594,                    1067P   2570
0.999254800650449,0.999246772907291,0.99924402795793,               1067P   2571
0.999240506275456,0.999239797413211,0.999238727246347,              1067P   2572
0.999238369378821,0.999237830848332,0.999237651050153,              1067P   2573
0.999237290875483,0.999237264072797,0.99923722341674,               1067P   2574
0.999237187345766,0.999236863318287,0.999236579640776,              1067P   2575
0.999235741920029,0.999235201189268,0.999233634391134,              1067P   2576
0.999232663734008,0.999229990059027,0.999228525746939,              1067P   2577
0.999225208916317,0.999224449507081,0.99922603072788,               1067P   2578
0.999228370253829,0.999233908976107,0.999236089565209,              1067P   2579
0.999239787848389,0.99924109177435,0.999243144736826,               1067P   2580
0.99924384523488,0.999244919029046,0.99924528080159,                1067P   2581
0.999245692002647,0.999245737750083,0.999245795007168,              1067P   2582
0.999245770690319,0.999245865151514,0.999246369240345,              1067P   2583
0.99924741551962,0.999248108542525,0.99925155144241,                1067P   2584
0.999254234689878,0.99926208078832,0.999267040121093,               1067P   2585
0.999271750529514,1.,1.,1.,1.,1.,1.,1.,1.,1.,1.,1.,1.,1.,1.,1.,     1067P   2586
1.,1.,1.,1.,1.,1.,1.,1.,1.,1.,1.,1.,1.,1.,1.,1.,1.,1.,1.,1.,1.,     1067P   2587
1.,1.,1.,1.,1.,1.,1.,1.,1.,1.,1.,1.,5.458408743,3.470598811,        1067P   2588
13.877824157,5.43745243,3.47040602,13.876451013,5.41656116,         1067P   2589
3.470203132,13.874634833,5.385347116,3.469882263,13.871240018,      1067P   2590
5.374962918,3.469772548,13.869996625,5.362011013,3.469631788,       1067P   2591
13.868301797,5.359422049,3.469603455,13.867955801,5.355540782,      1067P   2592
3.469560681,13.867426245,5.354247389,3.469546377,13.867247966,      1067P   2593
5.352307851,3.469524852,13.866977905,5.35166143,3.469517666,        1067P   2594
13.866887444,5.350368773,3.46950327,13.86670564,5.349505181,        1067P   2595
3.469502198,13.86669297,5.341449972,3.469500573,13.866682578,       1067P   2596
5.334289787,3.469499131,13.866673357,5.269848138,3.46948618,        1067P   2597
13.866590527,5.212566773,3.469474842,13.866518015,5.040722975,      1067P   2598
3.469441359,13.866303891,4.926160841,3.469419746,13.866165689,      1067P   2599
4.582475613,3.469357122,13.865765244,4.353353694,3.469318325,       1067P   2600
13.865517168,3.665992408,3.469211461,13.864833654,3.207757538,      1067P   2601
3.469152933,13.864459023,1.833068192,3.469020363,13.863608123,      1067P   2602
0.916621228,3.46899001,13.863409595,-0.91627208,3.46905321,         1067P   2603
13.863799283,-1.83272681,3.469146718,13.864387291,-3.207437619,     1067P   2604
3.469368097,13.865789004,-3.66568095,3.469455254,13.866341771,      1067P   2605
-4.353056471,3.469603072,13.867281246,-4.582183392,3.46965519,      1067P   2606
13.867612776,-4.925876448,3.469737246,13.868135288,                 1067P   2607
-5.040441246,3.469765245,13.86831366,-5.212289115,3.469808164,      1067P   2608
13.868587228,-5.269571849,3.469822624,13.868679419,                 1067P   2609
-5.334015052,3.46983906,13.868784232,-5.341175409,3.469840888,      1067P   2610
13.868795893,-5.350125859,3.469843177,13.868810489,                 1067P   2611
-5.351968242,3.469842205,13.868794958,-5.355443835,3.46984598,      1067P   2612
13.868837702,-5.356513234,3.469866129,13.869094229,                 1067P   2613
-5.360397775,3.469907948,13.869619037,-5.362988869,3.469935649,     1067P   2614
13.869961877,-5.375951169,3.470073261,13.871640972,                 1067P   2615
-5.386342869,3.470180511,13.872871917,-5.41757725,3.470494121,      1067P   2616
13.876229634,-5.43847919,3.470692355,13.878021401,-5.459443958,     1067P   2617
3.470880628,13.879370044,5.479173756,3.5,14.259827764,              1067P   2618
5.454379008,3.5,14.259913849,5.429616746,3.5,14.259557954,          1067P   2619
5.39253475,3.5,14.258359411,5.380184266,3.5,14.25784908,            1067P   2620
5.364760341,3.5,14.257072244,5.361676257,3.5,14.25690993,           1067P   2621
5.357051219,3.5,14.256656029,5.355509721,3.5,14.256569657,          1067P   2622
5.353197748,3.5,14.256437491,5.352427137,3.5,14.256393,             1067P   2623
5.350886006,3.5,14.25630315,5.350006642,3.5,14.25629729,            1067P   2624
5.341950717,3.5,14.25629723,5.334789895,3.5,14.256297176,           1067P   2625
5.270342488,3.5,14.256296692,5.213055968,3.5,14.256296252,          1067P   2626
5.041196507,3.5,14.2562949,4.926623766,3.5,14.25629396,             1067P   2627
4.582905927,3.5,14.256291041,4.353761628,3.5,14.256288964,          1067P   2628
3.666330213,3.5,14.25628251,3.208046268,3.5,14.256277913,           1067P   2629
1.833199446,3.5,14.256264546,0.916644737,3.5,14.2562571,            1067P   2630
-0.916470386,3.5,14.256248079,-1.833029208,3.5,14.2562465,          1067P   2631
-3.207888191,3.5,14.256245354,-3.666176474,3.5,14.256244974,        1067P   2632
-4.35361529,3.5,14.25624371,-4.582762098,3.5,14.256243172,          1067P   2633
-4.926483897,3.5,14.256242107,-5.041057965,3.5,14.256241708,        1067P   2634
-5.212919462,3.5,14.256241036,-5.270206661,3.5,14.2562408,          1067P   2635
-5.334654843,3.5,14.256240519,-5.341815751,3.5,14.256240487,        1067P   2636
-5.350766887,3.5,14.256240448,-5.3525833,3.5,14.256231176,          1067P   2637
-5.356111383,3.5,14.256249687,-5.357540719,3.5,14.256376651,        1067P   2638
-5.362167405,3.5,14.256631435,-5.365252557,3.5,14.256794335,        1067P   2639
-5.380681669,3.5,14.257574081,-5.393035814,3.5,14.258086682,        1067P   2640
-5.430127474,3.5,14.25929176,-5.454894414,3.5,14.259651643,         1067P   2641
-5.479692412,3.5,14.259568959,5.5,3.5,14.642957818,5.471356139,     1067P   2642
3.5,14.644514845,5.442711698,3.5,14.645631429,5.399744185,3.5,      1067P   2643
14.646648237,5.385421537,3.5,14.646877465,5.367518049,3.5,          1067P   2644
14.647026914,5.363937343,3.5,14.64704995,5.35856627,3.5,            1067P   2645
14.647074219,5.35677591,3.5,14.647080595,5.354090367,3.5,           1067P   2646
14.647087589,5.353195185,3.5,14.647089491,5.35140482,3.5,           1067P   2647
14.647092439,5.350509638,3.5,14.647093451,5.342452994,3.5,          1067P   2648
14.647103819,5.335291533,3.5,14.647113018,5.270838383,3.5,          1067P   2649
14.64719564,5.213546693,3.5,14.647267936,5.041671619,3.5,           1067P   2650
14.647481322,4.92708823,3.5,14.647618913,4.583338044,3.5,           1067P   2651
14.648017197,4.354171228,3.5,14.648263402,3.6666707,3.5,            1067P   2652
14.648940299,3.208336907,3.5,14.649309189,1.833335172,3.5,          1067P   2653
14.65014118,0.916666866,3.5,14.650326613,-0.916670761,3.5,          1067P   2654
14.649915149,-1.833339327,3.5,14.649318452,-3.208341844,3.5,        1067P   2655
14.647901418,-3.666675781,3.5,14.64734277,-4.354176379,3.5,         1067P   2656
14.646392103,-4.583343194,3.5,14.646056447,-4.927093346,3.5,        1067P   2657
14.645527009,-5.041676718,3.5,14.645346204,-5.213551759,3.5,        1067P   2658
14.645068787,-5.270843437,3.5,14.644975279,-5.335296571,3.5,        1067P   2659
14.644868945,-5.34245803,3.5,14.644857114,-5.351409855,3.5,         1067P   2660
14.644842306,-5.353200219,3.5,14.644839351,-5.356780949,3.5,        1067P   2661
14.644833409,-5.358571312,3.5,14.644829633,-5.363942382,3.5,        1067P   2662
14.644811948,-5.367523077,3.5,14.644793287,-5.385426458,3.5,        1067P   2663
14.644665625,-5.399748863,3.5,14.644453568,-5.442715179,3.5,        1067P   2664
14.643487468,-5.471358194,3.5,14.642403614,-5.5,3.5,                1067P   2665
14.640878223,-2.49366499671666E-18,0.0110000132243793,0.,1.;        1067P   2666
126,1,1,1,0,1,0,0.,0.,1.,1.,1.,1.,0.000148619,0.,0.,                1069P   2667
0.010855856,0.,0.,0.,1.,0.,0.,1.;                                   1069P   2668
126,15,3,1,0,1,0,-5.94182039542878E-08,-5.94182039542878E-08,       1071P   2669
-5.94182039542878E-08,-5.94182039542878E-08,0.,0.,0.,               1071P   2670
0.00534960641214839,0.00534960641214839,0.00534960641214839,        1071P   2671
0.00809919938848491,0.00809919938848491,0.00809919938848491,        1071P   2672
0.010704665343314,0.010704665343314,0.010704665343314,              1071P   2673
0.010704725343314,0.010704725343314,0.010704725343314,              1071P   2674
0.010704725343314,1.,1.,1.,1.,1.,1.,1.,1.,1.,1.,1.,1.,1.,1.,1.,     1071P   2675
1.,5.350287227,3.469502356,13.86669398,5.350267423,3.469502108,     1071P   2676
13.866693952,5.350247615,3.469502348,13.866693929,5.350227809,      1071P   2677
3.469502344,13.866693903,3.567027193,3.469142512,13.864392554,      1071P   2678
1.783824407,3.468960147,13.863225468,0.000622311,3.469021594,       1071P   2679
13.863604344,-0.915908874,3.469053177,13.863799079,                 1071P   2680
-1.832440039,3.469146681,13.864387056,-2.748970756,3.469294267,     1071P   2681
13.865321532,-3.61745917,3.469434117,13.866207025,-4.485947291,     1071P   2682
3.469622054,13.867400228,-5.354434984,3.469844279,13.868817519,     1071P   2683
-5.354454984,3.469844284,13.868817552,-5.354474984,3.469844289,     1071P   2684
13.868817585,-5.354494984,3.469844295,13.868817617,                 1071P   2685
-5.94182039542878E-08,0.010704725343314,0.,0.,0.;                   1071P   2686
126,1,1,1,0,1,0,0.,0.,1.,1.,1.,1.,0.010855856,0.,0.,                1073P   2687
0.011000013,0.,0.,0.,1.,0.,0.,1.;                                   1073P   2688
126,6,3,1,0,1,0,-5.94512041184144E-08,-5.94512041184144E-08,        1075P   2689
-5.94512041184144E-08,-5.94512041184144E-08,0.,0.,0.,               1075P   2690
0.000105423833336719,0.000105423833336719,0.000105423833336719,     1075P   2691
0.000105423833336719,1.,1.,1.,1.,1.,1.,1.,-5.354494984,             1075P   2692
3.469844295,13.868817617,-5.354514616,3.469844286,13.868820315,     1075P   2693
-5.354534246,3.46984472,13.868823015,-5.354553878,3.469844932,      1075P   2694
13.868825713,-5.389365875,3.470221907,13.873610283,                 1075P   2695
-5.424376575,3.470565707,13.877114193,-5.459443958,3.470880628,     1075P   2696
13.879370044,-5.94512041184144E-08,0.000105423833336719,0.,0.,      1075P   2697
0.;                                                                 1075P   2698
126,1,1,1,0,1,0,0.,0.,1.,1.,1.,1.,0.011000013,0.,0.,                1077P   2699
0.011000013,1.,0.,0.,1.,0.,0.,1.;                                   1077P   2700
124,0.00405560417476564,-0.0530272944399813,0.998584827703262,      1079P   2701
-20.4425304485875,0.997088062812639,0.0762587371816392,0.,          1079P   2702
-0.520333862723197,-0.0761508179293955,0.995677011408739,           1079P   2703
0.0531821575422326,19.9153158061559;                                1079P   2704
100,14.640878223,-5.5,-6.5,4.5,-6.5,4.470880628,-5.737412628;       1081P   2705
126,1,1,1,0,1,0,0.,0.,1.,1.,1.,1.,0.011000013,1.,0.,0.,1.,0.,       1083P   2706
0.,1.,0.,0.,1.;                                                     1083P   2707
126,11,3,1,0,1,0,0.,0.,0.,0.,0.125,0.125,0.25,0.5,0.75,0.75,        1085P   2708
0.875,0.875,1.,1.,1.,1.,1.,1.,1.,1.,1.,1.,1.,1.,1.,1.,1.,1.,        1085P   2709
-5.5,3.5,14.640878223,-5.04173106,3.5,14.665284493,                 1085P   2710
-4.583343245,3.5,14.646075214,-3.666675781,3.5,14.64734277,         1085P   2711
-2.29167361,3.5,14.649020104,-1.438E-06,3.5,14.650512046,           1085P   2712
1.833335172,3.5,14.65014118,3.208336907,3.5,14.649309189,           1085P   2713
3.6666707,3.5,14.648940299,4.583338071,3.5,14.64803777,             1085P   2714
5.041698176,3.5,14.667870262,5.5,3.5,14.642957818,0.,1.,0.,-1.,     1085P   2715
0.;                                                                 1085P   2716
126,1,1,1,0,1,0,0.,0.,1.,1.,1.,1.,0.,1.,0.,0.,0.,0.,0.,1.,0.,       1087P   2717
0.,1.;                                                              1087P   2718
124,-2.01562863573681E-16,-0.0542780275742877,                      1089P   2719
-0.998525861318897,19.7685648886383,1.,-3.71352594376816E-15,       1089P   2720
0.,-12.0000000002567,-3.70805169153118E-15,-0.998525861318897,      1089P   2721
0.0542780275742877,7.35774885134509;                                1089P   2722
100,14.642957818,5.5,-6.5,15.5,-6.5,15.470598811,-5.733736761;      1091P   2723
126,1,1,1,0,1,0,0.,0.,1.,1.,1.,1.,0.,0.,0.,0.000148619,0.,0.,       1093P   2724
0.,1.,0.,0.,1.;                                                     1093P   2725
126,6,3,1,0,1,0,0.,0.,0.,0.,0.000108638456756408,                   1095P   2726
0.000108638456756408,0.000108638456756408,0.000108698456756367,     1095P   2727
0.000108698456756367,0.000108698456756367,0.000108698456756367,     1095P   2728
1.,1.,1.,1.,1.,1.,1.,5.458408743,3.470598811,13.877824157,          1095P   2729
5.422274936,3.470266393,13.87545652,5.386201944,3.469902812,        1095P   2730
13.871762526,5.350346635,3.469503018,13.866702365,5.350326832,      1095P   2731
3.469502798,13.86669957,5.35030703,3.469502577,13.866696775,        1095P   2732
5.350287227,3.469502356,13.86669398,0.,0.000108698456756367,0.,     1095P   2733
0.,0.;                                                              1095P   2734
102,6,1069,1073,1077,1083,1087,1093;                                1097P   2735
102,6,1071,1075,1081,1085,1091,1095;                                1099P   2736
142,1,1067,1097,1099,1;                                             1101P   2737
144,1067,1,0,1101;                                                  1103P   2738
128,29,2,3,2,0,0,0,0,0,0.,0.,0.,0.,0.000476218937151185,            1105P   2739
0.000476218937151185,0.000714328405726777,0.000714328405726777,     1105P   2740
0.000952437874302369,0.000952437874302369,0.00119054734287796,      1105P   2741
0.00119054734287796,0.00142865681145355,0.00142865681145355,        1105P   2742
0.00166676628002915,0.00166676628002915,0.00190487574860474,        1105P   2743
0.00190487574860474,0.00214298521718033,0.00214298521718033,        1105P   2744
0.00238109468575592,0.00238109468575592,0.00285731362290711,        1105P   2745
0.00285731362290711,0.0029763683571949,0.0029763683571949,          1105P   2746
0.0030954230914827,0.0030954230914827,0.00333353256005829,          1105P   2747
0.00333353256005829,0.00380975149720948,0.00380975149720948,        1105P   2748
0.00380975149720948,0.00380975149720948,0.,0.,0.,1.,1.,1.,1.,       1105P   2749
1.,1.,1.,1.,1.,1.,1.,1.,1.,1.,1.,1.,1.,1.,1.,1.,1.,1.,1.,1.,1.,     1105P   2750
1.,1.,1.,1.,1.,1.,1.,1.,0.998545642332852,0.998654988141229,        1105P   2751
0.998750358465198,0.998874787605752,0.998913109688863,              1105P   2752
0.998983076661367,0.999014928050529,0.999073441291612,              1105P   2753
0.999100003430434,0.999148114082102,0.999169772464136,              1105P   2754
0.999209079955187,0.99922672744998,0.999258471339364,               1105P   2755
0.999272613692546,0.999296630993078,0.999306714941562,              1105P   2756
0.999323382837207,0.999330028104243,0.999345708119268,              1105P   2757
0.999350692591272,0.999349675593568,0.999349086387361,              1105P   2758
0.999347139637239,0.999345783401965,0.999340619798125,              1105P   2759
0.999335719579799,0.999316593569802,0.99929805551584,               1105P   2760
0.999271750529443,1.,1.,1.,1.,1.,1.,1.,1.,1.,1.,1.,1.,1.,1.,1.,     1105P   2761
1.,1.,1.,1.,1.,1.,1.,1.,1.,1.,1.,1.,1.,1.,1.,-7.06820598,           1105P   2762
3.441867996,-12.015584966,-7.081789004,3.446234552,                 1105P   2763
-12.139885201,-7.085856689,3.450045433,-12.262213471,               1105P   2764
-7.075614932,3.455016792,-12.442108264,-7.069449095,3.45654799,     1105P   2765
-12.501480857,-7.050693144,3.459343724,-12.619328922,               1105P   2766
-7.038221906,3.460616512,-12.677733831,-7.00709543,3.462954805,     1105P   2767
-12.793153366,-6.988460377,3.464016326,-12.849994311,               1105P   2768
-6.945808953,3.465939066,-12.960110615,-6.921739883,                1105P   2769
3.466804676,-13.013600752,-6.868373656,3.468375701,                 1105P   2770
-13.117077759,-6.839076951,3.469081052,-13.167065444,               1105P   2771
-6.775375422,3.470349846,-13.263101849,-6.741090831,                1105P   2772
3.470915127,-13.309057022,-6.665734864,3.471875131,                 1105P   2773
-13.397564765,-6.62470364,3.472278209,-13.440161353,                1105P   2774
-6.538521409,3.472944468,-13.519743944,-6.493239444,                1105P   2775
3.473210101,-13.556927232,-6.351922923,3.473836885,                 1105P   2776
-13.660329659,-6.250448557,3.474036136,-13.718526024,               1105P   2777
-6.117415793,3.473995482,-13.775207569,-6.09049192,3.473971929,     1105P   2778
-13.785728248,-6.035606801,3.47389411,-13.805282784,                1105P   2779
-6.007773277,3.473839896,-13.814264191,-5.923789618,                1105P   2780
3.473633487,-13.838650957,-5.866924297,3.473437608,                 1105P   2781
-13.851589818,-5.694484184,3.472673081,-13.880584077,               1105P   2782
-5.577035602,3.471936655,-13.886934594,-5.459443958,                1105P   2783
3.470880628,-13.879370044,-7.592105166,3.5,-12.132450815,           1105P   2784
-7.581640807,3.5,-12.272762633,-7.561975635,3.5,-12.410476694,      1105P   2785
-7.516723006,3.5,-12.612446668,-7.498993031,3.5,-12.679001793,      1105P   2786
-7.457642026,3.5,-12.810670722,-7.434084418,3.5,-12.875751446,      1105P   2787
-7.38104041,3.5,-13.004164306,-7.351605242,3.5,-13.067304433,       1105P   2788
-7.287749818,3.5,-13.189591498,-7.253235982,3.5,-13.248978278,      1105P   2789
-7.179092647,3.5,-13.363992891,-7.139463651,3.5,-13.419622062,      1105P   2790
-7.055013841,3.5,-13.526792857,-7.010240701,3.5,-13.578278263,      1105P   2791
-6.914529155,3.5,-13.677322218,-6.863488064,3.5,-13.725001375,      1105P   2792
-6.757786627,3.5,-13.814312506,-6.702952158,3.5,-13.85616508,       1105P   2793
-6.533110452,3.5,-13.973248829,-6.412813737,3.5,-14.040133876,      1105P   2794
-6.254737577,3.5,-14.107906184,-6.222728805,3.5,-14.120655642,      1105P   2795
-6.157714956,3.5,-14.144603587,-6.124823271,3.5,-14.155755968,      1105P   2796
-6.025753011,3.5,-14.18655078,-5.958905195,3.5,-14.203640482,       1105P   2797
-5.756397145,3.5,-14.244878195,-5.618764665,3.5,-14.259105247,      1105P   2798
-5.479692412,3.5,-14.259568959,-8.11906769,3.5,-12.25,              1105P   2799
-8.084180303,3.5,-12.406397066,-8.040472069,3.5,-12.559511604,      1105P   2800
-7.959821073,3.5,-12.7835616,-7.930408514,3.5,-12.857303052,        1105P   2801
-7.866249113,3.5,-13.002799214,-7.831509286,3.5,-13.074556537,      1105P   2802
-7.756372976,3.5,-13.215964375,-7.716058984,3.5,-13.285402877,      1105P   2803
-7.630856778,3.5,-13.419860223,-7.585833873,3.5,-13.485142471,      1105P   2804
-7.490795098,3.5,-13.611694074,-7.440779989,3.5,-13.67296404,       1105P   2805
-7.335481851,3.5,-13.791270096,-7.28017403,3.5,-13.84828626,        1105P   2806
-7.164023506,3.5,-13.95787015,-7.102935071,3.5,-14.010634129,       1105P   2807
-6.977645477,3.5,-14.109681109,-6.913227406,3.5,-14.15620724,       1105P   2808
-6.714770096,3.5,-14.286990859,-6.575601849,3.5,-14.362578803,      1105P   2809
-6.392417407,3.5,-14.441472213,-6.355310858,3.5,-14.456457031,      1105P   2810
-6.280142803,3.5,-14.484812504,-6.242180421,3.5,-14.498143383,      1105P   2811
-6.127986551,3.5,-14.535370119,-6.051132187,3.5,-14.556628488,      1105P   2812
-5.818484236,3.5,-14.610169422,-5.660619307,3.5,-14.632324033,      1105P   2813
-5.5,3.5,-14.640878223,0.,0.00380975149720948,0.,1.;                1105P   2814
126,1,1,1,0,1,0,0.,0.,1.,1.,1.,1.,0.003809751,0.,0.,                1107P   2815
0.003809751,1.,0.,0.,1.,0.,0.,1.;                                   1107P   2816
124,0.00405560416311846,-0.0530272942848501,-0.998584827711547,     1109P   2817
-20.4425304473545,0.997088062812354,0.0762587371853671,             1109P   2818
1.802383359446E-14,-0.520333863133838,0.076150817933749,            1109P   2819
-0.995677011416715,0.053182157386665,-19.9153158085164;             1109P   2820
100,-14.640878223,-5.5,-6.5,4.5,-6.5,4.470880628,-5.737412628;      1111P   2821
126,1,1,1,0,1,0,0.,0.,1.,1.,1.,1.,0.003809751,1.,0.,0.,1.,0.,       1113P   2822
0.,1.,0.,0.,1.;                                                     1113P   2823
126,5,3,1,0,1,0,0.,0.,0.,0.,0.5,0.5,1.,1.,1.,1.,1.,1.,1.,1.,1.,     1115P   2824
1.,-5.5,3.5,-14.640878223,-6.142509363,3.5,-14.606659764,           1115P   2825
-6.757496674,3.5,-14.34141377,-7.686700862,3.5,-13.464742641,       1115P   2826
-7.979516984,3.5,-12.875593384,-8.11906769,3.5,-12.25,0.,1.,0.,     1115P   2827
-1.,0.;                                                             1115P   2828
126,1,1,1,0,1,0,0.,0.,1.,1.,1.,1.,0.,1.,0.,0.,0.,0.,0.,1.,0.,       1117P   2829
0.,1.;                                                              1117P   2830
124,-5.97634774438745E-17,0.976011654715206,0.217718280950601,      1119P   2831
0.892057007132673,1.,6.12323399573677E-17,0.,1.61906769020845,      1119P   2832
-1.33313997941009E-17,0.217718280950601,-0.976011654715206,         1119P   2833
-22.7909739445128;                                                  1119P   2834
100,-12.25,-8.11906769,-6.5,1.88093231,-6.5,1.822800306,            1121P   2835
-5.423310285;                                                       1121P   2836
126,1,1,1,0,1,0,0.,0.,1.,1.,1.,1.,0.,0.,0.,0.003809751,0.,0.,       1123P   2837
0.,1.,0.,0.,1.;                                                     1123P   2838
126,5,3,1,0,1,0,0.,0.,0.,0.,0.5,0.5,1.,1.,1.,1.,1.,1.,1.,1.,1.,     1125P   2839
1.,-7.06820598,3.441867996,-12.015584966,-7.119568104,              1125P   2840
3.458379462,-12.485607402,-7.015912086,3.467213753,                 1125P   2841
-12.977029219,-6.413552306,3.475280793,-13.702664749,               1125P   2842
-5.935822129,3.475158725,-13.910014991,-5.459443958,                1125P   2843
3.470880628,-13.879370044,0.,1.,0.053466185,0.998142016,            1125P   2844
0.029221267;                                                        1125P   2845
102,4,1107,1113,1117,1123;                                          1127P   2846
102,4,1111,1115,1121,1125;                                          1129P   2847
142,1,1105,1127,1129,1;                                             1131P   2848
144,1105,1,0,1131;                                                  1133P   2849
128,29,2,3,2,0,0,0,0,0,-7.80625564189563E-18,                       1135P   2850
-7.80625564189563E-18,-7.80625564189563E-18,                        1135P   2851
-7.80625564189563E-18,0.000475326473139457,                         1135P   2852
0.000475326473139457,0.00071298970970919,0.00071298970970919,       1135P   2853
0.000831821327994056,0.000831821327994056,0.000950652946278922,     1135P   2854
0.000950652946278922,0.00142597941941839,0.00142597941941839,       1135P   2855
0.00166364265598812,0.00166364265598812,0.00190130589255785,        1135P   2856
0.00190130589255785,0.00213896912912759,0.00213896912912759,        1135P   2857
0.00237663236569732,0.00237663236569732,0.00261429560226705,        1135P   2858
0.00261429560226705,0.00285195883883678,0.00285195883883678,        1135P   2859
0.00308962207540652,0.00308962207540652,0.00332728531197625,        1135P   2860
0.00332728531197625,0.00380261178511571,0.00380261178511571,        1135P   2861
0.00380261178511571,0.00380261178511571,0.,0.,0.,1.,1.,1.,1.,       1135P   2862
1.,1.,1.,1.,1.,1.,1.,1.,1.,1.,1.,1.,1.,1.,1.,1.,1.,1.,1.,1.,1.,     1135P   2863
1.,1.,1.,1.,1.,1.,1.,1.,0.999271750529514,0.999298021164503,        1135P   2864
0.999316506519704,0.999335598654196,0.999340494921928,              1135P   2865
0.99934567536868,0.999347039213541,0.999349020588964,               1135P   2866
0.999349637831881,0.999350759868664,0.999345791727386,              1135P   2867
0.999330174643774,0.999323555639032,0.999306975399492,              1135P   2868
0.999296951545072,0.999272972156359,0.999258841297806,              1135P   2869
0.999227089826109,0.99920942918628,0.999170070990569,               1135P   2870
0.999148375115172,0.999100155046464,0.999073535736455,              1135P   2871
0.999015209649659,0.998983439584134,0.998913588511206,              1135P   2872
0.998875301242789,0.998750841189018,0.998655173613177,              1135P   2873
0.998545642333075,1.,1.,1.,1.,1.,1.,1.,1.,1.,1.,1.,1.,1.,1.,1.,     1135P   2874
1.,1.,1.,1.,1.,1.,1.,1.,1.,1.,1.,1.,1.,1.,1.,-5.459443958,          1135P   2875
3.470880628,13.879370044,-5.576884941,3.471935302,13.886924902,     1135P   2876
-5.69399248,3.472669601,13.880589235,-5.865689349,3.473432774,      1135P   2877
13.851835722,-5.922268393,3.473628496,13.839013421,                 1135P   2878
-6.005773687,3.473835577,13.81488252,-6.033381734,3.473890096,      1135P   2879
13.806021112,-6.088079976,3.473969299,13.786637572,                 1135P   2880
-6.115183882,3.473993973,13.776106751,-6.248927278,3.474038825,     1135P   2881
13.71937156,-6.350692252,3.473840227,13.661098933,-6.492153047,     1135P   2882
3.473215959,13.55778659,-6.537434561,3.472951376,13.520666055,      1135P   2883
-6.623545315,3.47228862,13.441310386,-6.664550644,3.471887944,      1135P   2884
13.398849817,-6.740139613,3.470929455,13.310277151,                 1135P   2885
-6.774537114,3.470364633,13.264274668,-6.838443473,3.469095536,     1135P   2886
13.168109415,-6.86783998,3.46838966,13.118036637,-6.921393153,      1135P   2887
3.466816608,13.014347741,-6.945549394,3.465949498,12.960730812,     1135P   2888
-6.988353872,3.464022385,12.850318785,-7.007025988,3.462958579,     1135P   2889
12.793358682,-7.038091185,3.460627765,12.678270399,                 1135P   2890
-7.050564116,3.459358227,12.619978631,-7.069352099,3.456567122,     1135P   2891
12.502249392,-7.075548359,3.455037314,12.442882453,                 1135P   2892
-7.085865107,3.450064718,12.26284876,-7.081810751,3.446241543,      1135P   2893
12.140084204,-7.06820598,3.441867996,12.015584967,-5.479692412,     1135P   2894
3.5,14.259568959,-5.618585706,3.5,14.259105843,-5.755821216,        1135P   2895
3.5,14.244915669,-5.957454186,3.5,14.203975346,-6.023963628,        1135P   2896
3.5,14.187025159,-6.122462055,3.5,14.156528842,-6.155083809,        1135P   2897
3.5,14.145516714,-6.219867577,3.5,14.121761078,-6.252084446,        1135P   2898
3.5,14.108990654,-6.411010109,3.5,14.041109232,-6.53164467,3.5,     1135P   2899
13.974128017,-6.701639922,3.5,13.857134158,-6.756465978,3.5,        1135P   2900
13.81534952,-6.862055348,3.5,13.726288754,-6.913045332,3.5,         1135P   2901
13.678760468,-7.009012818,3.5,13.579643425,-7.053914841,3.5,        1135P   2902
13.528104059,-7.138611775,3.5,13.420784714,-7.178363151,3.5,        1135P   2903
13.365059431,-7.252742503,3.5,13.249807814,-7.287370003,3.5,        1135P   2904
13.190280143,-7.351437088,3.5,13.067664855,-7.380931947,3.5,        1135P   2905
13.004392319,-7.43385183,3.5,12.876348852,-7.457389306,3.5,         1135P   2906
12.811395238,-7.498747813,3.5,12.679861844,-7.516505602,3.5,        1135P   2907
12.613315062,-7.561860764,3.5,12.411191402,-7.58162418,3.5,         1135P   2908
12.272985594,-7.592105166,3.5,12.132450815,-5.5,3.5,                1135P   2909
14.640878223,-5.66041192,3.5,14.632335078,-5.817823845,3.5,         1135P   2910
14.610239437,-6.049464579,3.5,14.557052722,-6.12592835,3.5,         1135P   2911
14.535956884,-6.239456681,3.5,14.499071357,-6.277104563,3.5,        1135P   2912
14.485901024,-6.351999209,3.5,14.457759179,-6.38934198,3.5,         1135P   2913
14.442742505,-6.573515123,3.5,14.363684217,-6.713068536,3.5,        1135P   2914
14.287980134,-6.911688605,3.5,14.157286156,-6.97609025,3.5,         1135P   2915
14.110833126,-7.10122696,3.5,14.012059932,-7.162238913,3.5,         1135P   2916
13.959461669,-7.278668285,3.5,13.849796488,-7.334120962,3.5,        1135P   2917
13.792719705,-7.439708594,3.5,13.674245376,-7.489868716,3.5,        1135P   2918
13.612868278,-7.58519275,3.5,13.486054553,-7.630355923,3.5,         1135P   2919
13.420617326,-7.715828724,3.5,13.285799261,-7.75622522,3.5,         1135P   2920
13.216215064,-7.831173996,3.5,13.075214771,-7.865871608,3.5,        1135P   2921
13.003598547,-7.930013607,3.5,12.85825466,-7.959451236,3.5,         1135P   2922
12.784524279,-8.040232342,3.5,12.560305868,-8.084125087,3.5,        1135P   2923
12.406644597,-8.11906769,3.5,12.250000001,                          1135P   2924
-7.80625564189563E-18,0.00380261178511571,0.,1.;                    1135P   2925
126,1,1,1,0,1,0,0.,0.,1.,1.,1.,1.,0.,1.,0.,0.,0.,0.,0.,1.,0.,       1137P   2926
0.,1.;                                                              1137P   2927
124,9.6506604721295E-16,0.0531821575422395,-0.998584827703262,      1139P   2928
9.46584288145992,1.,-1.81464252638952E-14,0.,                       1139P   2929
-0.999999999873115,-1.81207449455769E-14,-0.998584827703262,        1139P   2930
-0.0531821575422395,8.92871033495486;                               1139P   2931
100,14.640878223,-5.5,-6.5,4.5,-6.5,4.470880628,-5.737412628;       1141P   2932
126,1,1,1,0,1,0,0.,0.,1.,1.,1.,1.,0.,0.,0.,0.003802612,0.,0.,       1143P   2933
0.,1.,0.,0.,1.;                                                     1143P   2934
126,5,3,1,0,1,0,0.,0.,0.,0.,0.5,0.5,1.,1.,1.,1.,1.,1.,1.,1.,1.,     1145P   2935
1.,-5.459443958,3.470880628,13.879370044,-5.933838858,              1145P   2936
3.475140914,13.909887409,-6.410151138,3.475312226,13.706115312,     1145P   2937
-7.017754416,3.46720316,12.97545486,-7.119576278,3.45838209,        1145P   2938
12.485682206,-7.06820598,3.441867996,12.015584967,0.,1.,            1145P   2939
0.007852169,0.99981579,-0.017513706;                                1145P   2940
126,1,1,1,0,1,0,0.,0.,1.,1.,1.,1.,0.003802612,0.,0.,                1147P   2941
0.003802612,1.,0.,0.,1.,0.,0.,1.;                                   1147P   2942
124,0.105086170979992,-0.970337903399902,0.217718281029054,         1149P   2943
-16.2401112694739,0.994186799644763,0.107668971445366,0.,           1149P   2944
2.27171823734987,-0.0234415033832514,0.216452641040435,             1149P   2945
0.976011654697706,1.51047624400164;                                 1149P   2946
100,12.250000001,-8.11906769,-6.5,1.88093231,-6.5,1.822800306,      1151P   2947
-5.423310286;                                                       1151P   2948
126,1,1,1,0,1,0,0.,0.,1.,1.,1.,1.,0.003802612,1.,0.,0.,1.,0.,       1153P   2949
0.,1.,0.,0.,1.;                                                     1153P   2950
126,5,3,1,0,1,0,0.,0.,0.,0.,0.5,0.5,1.,1.,1.,1.,1.,1.,1.,1.,1.,     1155P   2951
1.,-8.11906769,3.5,12.250000001,-7.979530181,3.5,12.87553422,       1155P   2952
-7.686171082,3.5,13.465968353,-6.754736116,3.5,14.343289804,        1155P   2953
-6.141683471,3.5,14.606703749,-5.5,3.5,14.640878223,0.,1.,0.,       1155P   2954
-1.,0.;                                                             1155P   2955
102,4,1137,1143,1147,1153;                                          1157P   2956
102,4,1141,1145,1151,1155;                                          1159P   2957
142,1,1135,1157,1159,1;                                             1161P   2958
144,1135,1,0,1161;                                                  1163P   2959
128,59,2,3,2,0,0,0,0,0,-1.4883927423881E-15,                        1165P   2960
-1.4883927423881E-15,-1.4883927423881E-15,-1.4883927423881E-15,     1165P   2961
0.000765738738808295,0.000765738738808295,0.000957173423510741,     1165P   2962
0.000957173423510741,0.00100503209468635,0.00100503209468635,       1165P   2963
0.00101699676248026,0.00101699676248026,0.00101998792942873,        1165P   2964
0.00101998792942873,0.00102148351290297,0.00102148351290297,        1165P   2965
0.00102297909637721,0.00102297909637721,0.00102896143027416,        1165P   2966
0.00102896143027416,0.00105289076586196,0.00105289076586196,        1165P   2967
0.00114860810821319,0.00114860810821319,0.00153147747761808,        1165P   2968
0.00153147747761808,0.00306295495523765,0.00306295495523765,        1165P   2969
0.00612590991047678,0.00612590991047678,0.00918886486571592,        1165P   2970
0.00918886486571592,0.0122518198209551,0.0122518198209551,          1165P   2971
0.0153147747761942,0.0153147747761942,0.0183777297314333,           1165P   2972
0.0183777297314333,0.0214406846866725,0.0214406846866725,           1165P   2973
0.022972162164292,0.022972162164292,0.0233550315336969,             1165P   2974
0.0233550315336969,0.0234507488760481,0.0234507488760481,           1165P   2975
0.0234746782116359,0.0234746782116359,0.0234806605455329,           1165P   2976
0.0234806605455329,0.0234836517124814,0.0234836517124814,           1165P   2977
0.0234866428794298,0.0234866428794298,0.0234986075472238,           1165P   2978
0.0234986075472238,0.0235464662183994,0.0235464662183994,           1165P   2979
0.0237379009031018,0.0237379009031018,0.0245036396419116,           1165P   2980
0.0245036396419116,0.0245036396419116,0.0245036396419116,0.,0.,     1165P   2981
0.,1.,1.,1.,1.,1.,1.,1.,1.,1.,1.,1.,1.,1.,1.,1.,1.,1.,1.,1.,1.,     1165P   2982
1.,1.,1.,1.,1.,1.,1.,1.,1.,1.,1.,1.,1.,1.,1.,1.,1.,1.,1.,1.,1.,     1165P   2983
1.,1.,1.,1.,1.,1.,1.,1.,1.,1.,1.,1.,1.,1.,1.,1.,1.,1.,1.,1.,1.,     1165P   2984
1.,0.998545642333075,0.998368389087682,0.998159257747841,           1165P   2985
0.997861859177596,0.997800598388923,0.997721917720188,              1165P   2986
0.997706076451179,0.997686145588767,0.997682152952589,              1165P   2987
0.997677154112543,0.997676153942232,0.997674653084112,              1165P   2988
0.997674036959364,0.997673569387094,0.997673718338076,              1165P   2989
0.997673506245329,0.997673336560749,0.997672488086097,              1165P   2990
0.997671809140743,0.997668413595015,0.997665694537459,              1165P   2991
0.99765208674245,0.99764116041566,0.99758636922788,                 1165P   2992
0.997542005752384,0.997409349773298,0.997321160286878,              1165P   2993
0.997163200505049,0.99709423046736,0.996997543548686,               1165P   2994
0.996970108463899,0.996970108055549,0.996997543163782,              1165P   2995
0.997094229761567,0.997163199719654,0.99732115903638,               1165P   2996
0.997409348340384,0.997542004126799,0.9975863675505,                1165P   2997
0.997641158685743,0.99765208500265,0.997665692786004,               1165P   2998
0.997668411841266,0.997671807384167,0.997672486328959,              1165P   2999
0.99767333480291,0.997673504487349,0.997673758998437,               1165P   3000
0.997674132054623,0.997676133207491,0.997677133382209,              1165P   3001
0.997682132244596,0.997686124899573,0.997706055860614,              1165P   3002
0.997721897223307,0.99780057843288,0.99786183988637,                1165P   3003
0.998159242822002,0.998368381030374,0.998545642332852,1.,1.,1.,     1165P   3004
1.,1.,1.,1.,1.,1.,1.,1.,1.,1.,1.,1.,1.,1.,1.,1.,1.,1.,1.,1.,1.,     1165P   3005
1.,1.,1.,1.,1.,1.,1.,1.,1.,1.,1.,1.,1.,1.,1.,1.,1.,1.,1.,1.,1.,     1165P   3006
1.,1.,1.,1.,1.,1.,1.,1.,1.,1.,1.,1.,1.,1.,1.,-7.06820598,           1165P   3007
3.441867996,12.015584967,-7.046155458,3.434779381,11.813797454,     1165P   3008
-7.000003008,3.426436944,11.613229839,-6.922678146,3.414565729,     1165P   3009
11.363007498,-6.906217302,3.412120604,11.312986004,                 1165P   3010
-6.884527957,3.408980497,11.250466894,-6.880134379,3.408348295,     1165P   3011
11.237963455,-6.874574715,3.407552902,11.222334299,                 1165P   3012
-6.873459397,3.407393566,11.219208475,-6.87206105,3.407194077,      1165P   3013
11.215301198,-6.87178117,3.407154163,11.214519743,-6.871361036,     1165P   3014
3.407094268,11.21334756,-6.871186913,3.40706968,11.212984087,       1165P   3015
-6.871063407,3.407051022,11.212077002,-6.871114135,3.407056965,     1165P   3016
11.211533289,-6.871086573,3.407048501,11.209040152,                 1165P   3017
-6.871064523,3.40704173,11.207045643,-6.870954265,3.40700787,       1165P   3018
11.197073104,-6.870866046,3.406980775,11.189095092,                 1165P   3019
-6.870424884,3.40684527,11.149205126,-6.870071742,3.406736761,      1165P   3020
11.117293454,-6.868305045,3.406193721,10.95773663,-6.866888513,     1165P   3021
3.405757697,10.83009609,-6.859794679,3.403571243,10.191920047,      1165P   3022
-6.854081556,3.401801026,9.681464246,-6.837059833,3.396508064,      1165P   3023
8.150438515,-6.825826437,3.39298981,7.130215228,-6.805690945,       1165P   3024
3.386688844,5.091146104,-6.796905169,3.383938042,4.072278516,       1165P   3025
-6.784607287,3.38008199,2.035533022,-6.781114475,3.378987939,       1165P   3026
1.017685949,-6.781114449,3.378987931,-1.017674313,-6.784607238,     1165P   3027
3.380081975,-2.035521689,-6.796905079,3.383938014,-4.072266873,     1165P   3028
-6.805690845,3.386688813,-5.091134902,-6.825826278,3.39298976,      1165P   3029
-7.130200149,-6.83705965,3.396508007,-8.150421892,-6.854081347,     1165P   3030
3.401800961,-9.681445527,-6.859794463,3.403571176,                  1165P   3031
-10.191900667,-6.866888289,3.405757628,-10.830075902,               1165P   3032
-6.868304819,3.406193652,-10.957716281,-6.870071515,                1165P   3033
3.406736691,-11.117272904,-6.870424656,3.4068452,-11.149184536,     1165P   3034
-6.870865818,3.406980705,-11.189074453,-6.870954037,3.4070078,      1165P   3035
-11.197052455,-6.871064294,3.40704166,-11.207024981,                1165P   3036
-6.871086345,3.407048431,-11.209019488,-6.871119419,                1165P   3037
3.407058588,-11.212011249,-6.871215183,3.407073475,                 1165P   3038
-11.212940636,-6.871775367,3.407153335,-11.214503545,               1165P   3039
-6.872055249,3.407193249,-11.215284999,-6.87345361,3.40739274,      1165P   3040
-11.219192271,-6.874568938,3.407552076,-11.222318093,               1165P   3041
-6.880128657,3.408347473,-11.237947239,-6.884522284,                1165P   3042
3.408979679,-11.25045068,-6.906211893,3.412119807,                  1165P   3043
-11.312969857,-6.92267302,3.414564959,-11.362991581,                1165P   3044
-6.999999568,3.426436348,-11.613216026,-7.046154461,                1165P   3045
3.434779061,-11.813788335,-7.06820598,3.441867996,                  1165P   3046
-12.015584966,-7.592105166,3.5,12.132450815,-7.609094829,3.5,       1165P   3047
11.904644105,-7.601585529,3.5,11.677146823,-7.57148687,3.5,         1165P   3048
11.392864427,-7.564413093,3.5,11.335996963,-7.554373969,3.5,        1165P   3049
11.264906641,-7.552306124,3.5,11.250687418,-7.549648189,3.5,        1165P   3050
11.232912857,-7.549112937,3.5,11.229357865,-7.548439328,3.5,        1165P   3051
11.224914089,-7.548304379,3.5,11.224025329,-7.548101614,3.5,        1165P   3052
11.222692185,-7.548016706,3.5,11.222261492,-7.547960823,3.5,        1165P   3053
11.221309629,-7.547989895,3.5,11.220788409,-7.54799272,3.5,         1165P   3054
11.218295529,-7.54799498,3.5,11.216301226,-7.548006275,3.5,         1165P   3055
11.206329711,-7.548015299,3.5,11.198352511,-7.548060359,3.5,        1165P   3056
11.15846648,-7.548096217,3.5,11.12655787,-7.548274537,3.5,          1165P   3057
10.967014272,-7.548414091,3.5,10.839382863,-7.549095271,3.5,        1165P   3058
10.20121795,-7.549586772,3.5,9.690744505,-7.550864135,3.5,          1165P   3059
8.159421954,-7.551441924,3.5,7.138818136,-7.552020858,3.5,          1165P   3060
5.098237871,-7.552042208,3.5,4.078290991,-7.551977695,3.5,          1165P   3061
2.038826757,-7.551893075,3.5,1.019397584,-7.551893075,3.5,          1165P   3062
-1.019385928,-7.551977694,3.5,-2.038815407,-7.552042208,3.5,        1165P   3063
-4.078279335,-7.552020859,3.5,-5.098226657,-7.55144193,3.5,         1165P   3064
-7.13880305,-7.550864146,3.5,-8.159405326,-7.549586789,3.5,         1165P   3065
-9.690725785,-7.54909529,3.5,-10.20119857,-7.548414113,3.5,         1165P   3066
-10.839362676,-7.54827456,3.5,-10.966993925,-7.54809624,3.5,        1165P   3067
-11.126537322,-7.548060382,3.5,-11.158445893,-7.548015322,3.5,      1165P   3068
-11.198331874,-7.548006298,3.5,-11.206309064,-7.547995003,3.5,      1165P   3069
-11.216280567,-7.547992744,3.5,-11.218274867,-7.547989353,3.5,      1165P   3070
-11.221266319,-7.548031221,3.5,-11.222229383,-7.54830158,3.5,       1165P   3071
-11.224006906,-7.548436532,3.5,-11.224895666,-7.549110156,3.5,      1165P   3072
-11.229339437,-7.54964542,3.5,-11.232894426,-7.552303416,3.5,       1165P   3073
-11.250668976,-7.554371314,3.5,-11.264888203,-7.564410708,3.5,      1165P   3074
-11.335978605,-7.571484737,3.5,-11.392846335,-7.601584739,3.5,      1165P   3075
-11.677131147,-7.609095596,3.5,-11.904633822,-7.592105166,3.5,      1165P   3076
-12.132450815,-8.11906769,3.5,12.250000001,-8.175685508,3.5,        1165P   3077
11.996187317,-8.207600758,3.5,11.741672615,-8.225884813,3.5,        1165P   3078
11.422987089,-8.228442942,3.5,11.359220895,-8.230372802,3.5,        1165P   3079
11.279479586,-8.230695337,3.5,11.263529645,-8.231020749,3.5,        1165P   3080
11.24359016,-8.231081943,3.5,11.23960216,-8.231153599,3.5,          1165P   3081
11.234617031,-8.231167689,3.5,11.233619999,-8.231188461,3.5,        1165P   3082
11.232124442,-8.231195299,3.5,11.23162592,-8.23120896,3.5,          1165P   3083
11.230628877,-8.231215763,3.5,11.230130355,-8.231249845,3.5,        1165P   3084
11.227637744,-8.23127711,3.5,11.225643656,-8.231413433,3.5,         1165P   3085
11.215673215,-8.231522482,3.5,11.207696862,-8.232067681,3.5,        1165P   3086
11.167815095,-8.232503692,3.5,11.135909677,-8.234682899,3.5,        1165P   3087
10.976382567,-8.236423555,3.5,10.848760806,-8.245106243,3.5,        1165P   3088
10.21065146,-8.251988352,3.5,9.700162288,-8.272128353,3.5,          1165P   3089
8.168681366,-8.284902769,3.5,7.147676815,-8.306900985,3.5,          1165P   3090
5.105573708,-8.316045195,3.5,4.084473799,-8.328660711,3.5,          1165P   3091
2.042260229,-8.332113281,3.5,1.021130185,-8.332113307,3.5,          1165P   3092
-1.021118509,-8.32866076,3.5,-2.042248861,-8.316045289,3.5,         1165P   3093
-4.084462129,-8.30690109,3.5,-5.105562483,-8.284902948,3.5,         1165P   3094
-7.14766172,-8.272128564,3.5,-8.168664733,-8.251988603,3.5,         1165P   3095
-9.700143566,-8.245106505,3.5,-10.21063208,-8.23642383,3.5,         1165P   3096
-10.848740621,-8.234683177,3.5,-10.976362221,-8.232503973,3.5,      1165P   3097
-11.135889132,-8.232067963,3.5,-11.16779451,-8.231522764,3.5,       1165P   3098
-11.207676227,-8.231413715,3.5,-11.21565257,-8.231277392,3.5,       1165P   3099
-11.225622999,-8.231250127,3.5,-11.227617085,-8.231209229,3.5,      1165P   3100
-11.230608213,-8.231195668,3.5,-11.231605258,-8.231167979,3.5,      1165P   3101
-11.233599333,-8.231153893,3.5,-11.234596364,-8.231082254,3.5,      1165P   3102
-11.239581487,-8.231021073,3.5,-11.243569483,-8.230695729,3.5,      1165P   3103
-11.263508957,-8.230373248,3.5,-11.279458904,-8.22844366,3.5,       1165P   3104
-11.359200307,-8.225885749,3.5,-11.422966804,-8.207602674,3.5,      1165P   3105
-11.741655071,-8.175688062,3.5,-11.996175871,-8.11906769,3.5,       1165P   3106
-12.25,-1.4883927423881E-15,0.0245036396419116,0.,1.;               1165P   3107
126,1,1,1,0,1,0,0.,0.,1.,1.,1.,1.,0.02450364,0.,0.,0.02450364,      1167P   3108
1.,0.,0.,1.,0.,0.,1.;                                               1167P   3109
124,0.105086170990044,-0.970337903416415,-0.217718280950607,        1169P   3110
-16.2401112685345,0.994186799643857,0.107668971453735,0.,           1169P   3111
2.27171823746946,0.0234415033766273,-0.216452640962247,             1169P   3112
0.976011654715205,-1.51047624332348;                                1169P   3113
100,-12.25,-8.11906769,-6.5,1.88093231,-6.5,1.822800306,            1171P   3114
-5.423310285;                                                       1171P   3115
126,1,1,1,0,1,0,0.,0.,1.,1.,1.,1.,0.02450364,1.,0.,0.,1.,0.,0.,     1173P   3116
1.,0.,0.,1.;                                                        1173P   3117
126,17,3,1,0,1,0,0.,0.,0.,0.,0.0625000000000001,                    1175P   3118
0.0625000000000001,0.125,0.125,0.25,0.25,0.5,0.5,0.75,0.75,         1175P   3119
0.875,0.875,0.9375,0.9375,1.,1.,1.,1.,1.,1.,1.,1.,1.,1.,1.,1.,      1175P   3120
1.,1.,1.,1.,1.,1.,1.,1.,1.,1.,-8.11906769,3.5,-12.25,               1175P   3121
-8.232319119,3.5,-11.742303937,-8.231214225,3.5,-11.231605745,      1175P   3122
-8.245106505,3.5,-10.21063208,-8.251988603,3.5,-9.700143566,        1175P   3123
-8.272128564,3.5,-8.168664733,-8.284902947,3.5,-7.14766172,         1175P   3124
-8.317900162,3.5,-4.084512864,-8.33211332,3.5,-2.042242857,         1175P   3125
-8.332113268,3.5,2.042254533,-8.317900093,3.5,4.084522155,          1175P   3126
-8.284902769,3.5,7.147676815,-8.272128353,3.5,8.168681366,          1175P   3127
-8.251988352,3.5,9.700162288,-8.245106243,3.5,10.21065146,          1175P   3128
-8.231213942,3.5,11.231626414,-8.232313992,3.5,11.742326922,        1175P   3129
-8.11906769,3.5,12.250000001,0.,1.,0.,-1.,0.;                       1175P   3130
126,1,1,1,0,1,0,0.,0.,1.,1.,1.,1.,0.,1.,0.,0.,0.,0.,0.,1.,0.,       1177P   3131
0.,1.;                                                              1177P   3132
124,-5.9763477442803E-17,0.976011654697708,-0.217718281029047,      1179P   3133
0.892057008122277,1.,6.12323399573677E-17,0.,1.61906769013548,      1179P   3134
1.33313997989043E-17,-0.217718281029047,-0.976011654697708,         1179P   3135
22.7909739444185;                                                   1179P   3136
100,12.250000001,-8.11906769,-6.5,1.88093231,-6.5,1.822800306,      1181P   3137
-5.423310286;                                                       1181P   3138
126,1,1,1,0,1,0,0.,0.,1.,1.,1.,1.,0.,0.,0.,0.001021298,0.,0.,       1183P   3139
0.,1.,0.,0.,1.;                                                     1183P   3140
126,3,3,1,0,1,0,0.,0.,0.,0.,1.,1.,1.,1.,1.,1.,1.,1.,                1185P   3141
-7.06820598,3.441867996,12.015584967,-7.037999663,3.432157522,      1185P   3142
11.73916246,-6.964135017,3.420316763,11.472020665,-6.871126977,     1185P   3143
3.407060909,11.212694878,0.,1.,0.05487869,0.998069933,              1185P   3144
-0.029064382;                                                       1185P   3145
126,1,1,1,0,1,0,0.,0.,1.,1.,1.,1.,0.001021298,0.,0.,                1187P   3146
0.012251826,0.,0.,0.,1.,0.,0.,1.;                                   1187P   3147
126,12,3,1,0,1,0,-5.6641757722926E-08,-5.6641757722926E-08,         1189P   3148
-5.6641757722926E-08,-5.6641757722926E-08,0.,0.,0.,                 1189P   3149
0.00600545912080511,0.00600545912080511,0.00600545912080511,        1189P   3150
0.00944679515572951,0.00944679515572951,0.00944679515572951,        1189P   3151
0.0112131081121566,0.0112131081121566,0.0112131081121566,           1189P   3152
0.0112131081121566,1.,1.,1.,1.,1.,1.,1.,1.,1.,1.,1.,1.,1.,          1189P   3153
-6.871126977,3.407060909,11.212694878,-6.871126051,3.407058319,     1189P   3154
11.212676198,-6.871126559,3.40706078,11.212657119,-6.871126351,     1189P   3155
3.407060716,11.21263824,-6.848997709,3.4002654,9.210952379,         1189P   3156
-6.825274487,3.392817159,7.20928246,-6.807197145,3.387161093,       1189P   3157
5.207552369,-6.79683822,3.383919977,4.060493761,-6.788691339,       1189P   3158
3.381362238,2.913406411,-6.784446288,3.380031715,1.766305077,       1189P   3159
-6.78226746,3.379348806,1.177539995,-6.781114462,3.378987935,       1189P   3160
0.588769509,-6.781114462,3.378987935,0.,-5.6641757722926E-08,       1189P   3161
0.0112131081121566,0.,0.,0.;                                        1189P   3162
126,1,1,1,0,1,0,0.,0.,1.,1.,1.,1.,0.012251826,0.,0.,0.02348243,     1191P   3163
0.,0.,0.,1.,0.,0.,1.;                                               1191P   3164
126,12,3,1,0,1,0,0.0112131081121566,0.0112131081121566,             1193P   3165
0.0112131081121566,0.0112131081121566,0.0128856115250316,           1193P   3166
0.0128856115250316,0.0128856115250316,0.0163268423456879,           1193P   3167
0.0163268423456879,0.0163268423456879,0.0224262130762334,           1193P   3168
0.0224262130762334,0.0224262130762334,0.0224262730762369,           1193P   3169
0.0224262730762369,0.0224262730762369,0.0224262730762369,1.,1.,     1193P   3170
1.,1.,1.,1.,1.,1.,1.,1.,1.,1.,1.,-6.781114462,3.378987935,0.,       1193P   3171
-6.781114462,3.378987935,-0.557499853,-6.782147361,3.379311206,     1193P   3172
-1.115000549,-6.784107762,3.379925614,-1.672496617,                 1193P   3173
-6.788141353,3.38118978,-2.819563635,-6.796116567,3.383693553,      1193P   3174
-3.966617419,-6.806353997,3.386897263,-5.113642068,                 1193P   3175
-6.824499247,3.392575653,-7.146676524,-6.848651632,3.400159126,     1193P   3176
-9.179647461,-6.871126314,3.407060705,-11.212634882,                1193P   3177
-6.871126535,3.407060773,-11.21265488,-6.871126756,3.407060841,     1193P   3178
-11.212674879,-6.871126977,3.407060909,-11.212694878,               1193P   3179
0.0112131081121566,0.0224262730762369,-0.299031732,                 1193P   3180
-0.954243168,0.;                                                    1193P   3181
126,1,1,1,0,1,0,0.,0.,1.,1.,1.,1.,0.02348243,0.,0.,0.02450364,      1195P   3182
0.,0.,0.,1.,0.,0.,1.;                                               1195P   3183
126,3,3,1,0,1,0,0.,0.,0.,0.,1.,1.,1.,1.,1.,1.,1.,1.,                1197P   3184
-6.871126977,3.407060909,-11.212694878,-6.963754884,                1197P   3185
3.404066022,-11.472987643,-7.037999662,3.432157522,                 1197P   3186
-11.73916245,-7.06820598,3.441867996,-12.015584966,0.,1.,           1197P   3187
-0.440199911,0.885874924,0.146457015;                               1197P   3188
102,7,1167,1173,1177,1183,1187,1191,1195;                           1199P   3189
102,7,1171,1175,1181,1185,1189,1193,1197;                           1201P   3190
142,1,1165,1199,1201,1;                                             1203P   3191
144,1165,1,0,1203;                                                  1205P   3192
128,1,1,1,1,0,0,1,0,0,0.,0.,1.,1.,0.,0.,1.,1.,1.,1.,1.,1.,6.25,     1207P   3193
0.2,-13.75,-6.25,0.2,-13.75,6.25,1.5,-13.75,-6.25,1.5,-13.75,       1207P   3194
0.,1.,0.,1.;                                                        1207P   3195
126,1,1,1,0,1,0,0.,0.,1.,1.,1.,1.,1.,1.,0.,0.,1.,0.,0.,1.,0.,       1209P   3196
0.,1.;                                                              1209P   3197
110,-6.25,1.5,-13.75,6.25,1.5,-13.75;                               1211P   3198
126,1,1,1,0,1,0,0.,0.,1.,1.,1.,1.,0.,1.,0.,0.,0.,0.,0.,1.,0.,       1213P   3199
0.,1.;                                                              1213P   3200
110,6.25,1.5,-13.75,6.25,0.2,-13.75;                                1215P   3201
126,1,1,1,0,1,0,0.,0.,1.,1.,1.,1.,0.,0.,0.,1.,0.,0.,0.,1.,0.,       1217P   3202
0.,1.;                                                              1217P   3203
110,6.25,0.2,-13.75,-6.25,0.2,-13.75;                               1219P   3204
126,1,1,1,0,1,0,0.,0.,1.,1.,1.,1.,1.,0.,0.,1.,1.,0.,0.,1.,0.,       1221P   3205
0.,1.;                                                              1221P   3206
110,-6.25,0.2,-13.75,-6.25,1.5,-13.75;                              1223P   3207
102,4,1209,1213,1217,1221;                                          1225P   3208
102,4,1211,1215,1219,1223;                                          1227P   3209
142,1,1207,1225,1227,1;                                             1229P   3210
144,1207,1,0,1229;                                                  1231P   3211
110,6.25,34.358548248,-13.,6.25,-965.641451752,-13.;                1233P   3212
110,6.25,1.5,-13.75,6.25,0.2,-13.75;                                1235P   3213
120,1233,1235,0.,6.28318530717959;                                  1237P   3214
126,1,1,1,0,1,0,0.,0.,1.,1.,1.,1.,0.,0.,0.,0.,1.570796327,0.,       1239P   3215
0.,1.,0.,0.,1.;                                                     1239P   3216
124,1.40271576953299E-14,1.,0.,4.74999999999991,                    1241P   3217
-6.12323399573677E-17,8.58915688636046E-31,-1.,-11.5,-1.,           1241P   3218
1.40271576953299E-14,6.12323399573677E-17,-6.75000000000003;        1241P   3219
100,-13.,6.25,1.5,7.,1.5,6.25,2.25;                                 1243P   3220
126,1,1,1,0,1,0,0.,0.,1.,1.,1.,1.,0.,1.570796327,0.,1.,             1245P   3221
1.570796327,0.,0.,1.,0.,0.,1.;                                      1245P   3222
110,7.,1.5,-13.,7.,0.2,-13.;                                        1247P   3223
126,1,1,1,0,1,0,0.,0.,1.,1.,1.,1.,1.,1.570796327,0.,1.,0.,0.,       1249P   3224
0.,1.,0.,0.,1.;                                                     1249P   3225
124,1.,0.,0.,0.,0.,6.12323399573677E-17,1.,13.2,0.,-1.,             1251P   3226
6.12323399573677E-17,-12.8;                                         1251P   3227
100,-13.,6.25,0.2,7.,0.2,6.25,0.95;                                 1253P   3228
126,1,1,1,0,1,0,0.,0.,1.,1.,1.,1.,1.,0.,0.,0.,0.,0.,0.,1.,0.,       1255P   3229
0.,1.;                                                              1255P   3230
110,6.25,0.2,-13.75,6.25,1.5,-13.75;                                1257P   3231
102,4,1239,1245,1249,1255;                                          1259P   3232
102,4,1243,1247,1253,1257;                                          1261P   3233
142,1,1237,1259,1261,1;                                             1263P   3234
144,1237,1,0,1263;                                                  1265P   3235
128,1,1,1,1,0,0,1,0,0,0.,0.,1.,1.,0.,0.,1.,1.,1.,1.,1.,1.,7.,       1267P   3236
0.2,13.,7.,0.2,-13.,7.,1.5,13.,7.,1.5,-13.,0.,1.,0.,1.;             1267P   3237
126,1,1,1,0,1,0,0.,0.,1.,1.,1.,1.,1.,1.,0.,0.,1.,0.,0.,1.,0.,       1269P   3238
0.,1.;                                                              1269P   3239
110,7.,1.5,-13.,7.,1.5,13.;                                         1271P   3240
126,1,1,1,0,1,0,0.,0.,1.,1.,1.,1.,0.,1.,0.,0.,0.,0.,0.,1.,0.,       1273P   3241
0.,1.;                                                              1273P   3242
110,7.,1.5,13.,7.,0.2,13.;                                          1275P   3243
126,1,1,1,0,1,0,0.,0.,1.,1.,1.,1.,0.,0.,0.,1.,0.,0.,0.,1.,0.,       1277P   3244
0.,1.;                                                              1277P   3245
110,7.,0.2,13.,7.,0.2,-13.;                                         1279P   3246
126,1,1,1,0,1,0,0.,0.,1.,1.,1.,1.,1.,0.,0.,1.,1.,0.,0.,1.,0.,       1281P   3247
0.,1.;                                                              1281P   3248
110,7.,0.2,-13.,7.,1.5,-13.;                                        1283P   3249
102,4,1269,1273,1277,1281;                                          1285P   3250
102,4,1271,1275,1279,1283;                                          1287P   3251
142,1,1267,1285,1287,1;                                             1289P   3252
144,1267,1,0,1289;                                                  1291P   3253
110,6.25,34.358548248,13.,6.25,-965.641451752,13.;                  1293P   3254
110,6.25,1.5,12.25,6.25,0.2,12.25;                                  1295P   3255
120,1293,1295,0.,6.28318530717959;                                  1297P   3256
126,1,1,1,0,1,0,0.,0.,1.,1.,1.,1.,0.,1.570796327,0.,0.,             1299P   3257
3.141592654,0.,0.,1.,0.,0.,1.;                                      1299P   3258
124,1.,-1.39659253553725E-14,0.,2.06704616527935E-14,               1301P   3259
8.55166289179392E-31,6.12323399573677E-17,-1.,14.5,                 1301P   3260
1.39659253553725E-14,1.,6.12323399573677E-17,11.4999999999999;      1301P   3261
100,13.,6.25,1.5,7.,1.5,6.25,2.25;                                  1303P   3262
126,1,1,1,0,1,0,0.,0.,1.,1.,1.,1.,0.,3.141592654,0.,1.,             1305P   3263
3.141592654,0.,0.,1.,0.,0.,1.;                                      1305P   3264
110,6.25,1.5,13.75,6.25,0.2,13.75;                                  1307P   3265
126,1,1,1,0,1,0,0.,0.,1.,1.,1.,1.,1.,3.141592654,0.,1.,             1309P   3266
1.570796327,0.,0.,1.,0.,0.,1.;                                      1309P   3267
124,1.40271576953299E-14,1.,0.,6.04999999999992,                    1311P   3268
-6.12323399573677E-17,8.58915688636046E-31,1.,-12.8,1.,             1311P   3269
-1.40271576953299E-14,6.12323399573677E-17,6.75;                    1311P   3270
100,13.,6.25,0.2,7.,0.2,6.25,0.95;                                  1313P   3271
126,1,1,1,0,1,0,0.,0.,1.,1.,1.,1.,1.,1.570796327,0.,0.,             1315P   3272
1.570796327,0.,0.,1.,0.,0.,1.;                                      1315P   3273
110,7.,0.2,13.,7.,1.5,13.;                                          1317P   3274
102,4,1299,1305,1309,1315;                                          1319P   3275
102,4,1303,1307,1313,1317;                                          1321P   3276
142,1,1297,1319,1321,1;                                             1323P   3277
144,1297,1,0,1323;                                                  1325P   3278
128,1,1,1,1,0,0,1,0,0,0.,0.,1.,1.,0.,0.,1.,1.,1.,1.,1.,1.,          1327P   3279
-6.25,0.2,13.75,6.25,0.2,13.75,-6.25,1.5,13.75,6.25,1.5,13.75,      1327P   3280
0.,1.,0.,1.;                                                        1327P   3281
126,1,1,1,0,1,0,0.,0.,1.,1.,1.,1.,1.,1.,0.,0.,1.,0.,0.,1.,0.,       1329P   3282
0.,1.;                                                              1329P   3283
110,6.25,1.5,13.75,-6.25,1.5,13.75;                                 1331P   3284
126,1,1,1,0,1,0,0.,0.,1.,1.,1.,1.,0.,1.,0.,0.,0.,0.,0.,1.,0.,       1333P   3285
0.,1.;                                                              1333P   3286
110,-6.25,1.5,13.75,-6.25,0.2,13.75;                                1335P   3287
126,1,1,1,0,1,0,0.,0.,1.,1.,1.,1.,0.,0.,0.,1.,0.,0.,0.,1.,0.,       1337P   3288
0.,1.;                                                              1337P   3289
110,-6.25,0.2,13.75,6.25,0.2,13.75;                                 1339P   3290
126,1,1,1,0,1,0,0.,0.,1.,1.,1.,1.,1.,0.,0.,1.,1.,0.,0.,1.,0.,       1341P   3291
0.,1.;                                                              1341P   3292
110,6.25,0.2,13.75,6.25,1.5,13.75;                                  1343P   3293
102,4,1329,1333,1337,1341;                                          1345P   3294
102,4,1331,1335,1339,1343;                                          1347P   3295
142,1,1327,1345,1347,1;                                             1349P   3296
144,1327,1,0,1349;                                                  1351P   3297
110,-6.25,34.358548248,13.,-6.25,-965.641451752,13.;                1353P   3298
110,-6.25,1.5,12.25,-6.25,0.2,12.25;                                1355P   3299
120,1353,1355,0.,6.28318530717959;                                  1357P   3300
126,1,1,1,0,1,0,0.,0.,1.,1.,1.,1.,0.,3.141592654,0.,0.,             1359P   3301
4.71238898,0.,0.,1.,0.,0.,1.;                                       1359P   3302
124,6.12323399573677E-17,-1.,0.,-4.75,6.12323399573677E-17,         1361P   3303
3.74939945665464E-33,-1.,14.5,1.,6.12323399573677E-17,              1361P   3304
6.12323399573677E-17,19.25;                                         1361P   3305
100,13.,-6.25,1.5,-5.5,1.5,-6.25,2.25;                              1363P   3306
126,1,1,1,0,1,0,0.,0.,1.,1.,1.,1.,0.,4.71238898,0.,1.,              1365P   3307
4.71238898,0.,0.,1.,0.,0.,1.;                                       1365P   3308
110,-7.,1.5,13.,-7.,0.2,13.;                                        1367P   3309
126,1,1,1,0,1,0,0.,0.,1.,1.,1.,1.,1.,4.71238898,0.,1.,              1369P   3310
3.141592654,0.,0.,1.,0.,0.,1.;                                      1369P   3311
124,-1.,6.98296267768627E-15,0.,-12.5,-4.27583144589696E-31,        1371P   3312
-6.12323399573677E-17,1.,-12.8,6.98296267768627E-15,1.,             1371P   3313
6.12323399573677E-17,12.8;                                          1371P   3314
100,13.,-6.25,0.2,-5.5,0.2,-6.25,0.95;                              1373P   3315
126,1,1,1,0,1,0,0.,0.,1.,1.,1.,1.,1.,3.141592654,0.,0.,             1375P   3316
3.141592654,0.,0.,1.,0.,0.,1.;                                      1375P   3317
110,-6.25,0.2,13.75,-6.25,1.5,13.75;                                1377P   3318
102,4,1359,1365,1369,1375;                                          1379P   3319
102,4,1363,1367,1373,1377;                                          1381P   3320
142,1,1357,1379,1381,1;                                             1383P   3321
144,1357,1,0,1383;                                                  1385P   3322
128,1,1,1,1,0,0,1,0,0,0.,0.,1.,1.,0.,0.,1.,1.,1.,1.,1.,1.,-7.,      1387P   3323
0.2,-13.,-7.,0.2,13.,-7.,1.5,-13.,-7.,1.5,13.,0.,1.,0.,1.;          1387P   3324
126,1,1,1,0,1,0,0.,0.,1.,1.,1.,1.,1.,1.,0.,0.,1.,0.,0.,1.,0.,       1389P   3325
0.,1.;                                                              1389P   3326
110,-7.,1.5,13.,-7.,1.5,-13.;                                       1391P   3327
126,1,1,1,0,1,0,0.,0.,1.,1.,1.,1.,0.,1.,0.,0.,0.,0.,0.,1.,0.,       1393P   3328
0.,1.;                                                              1393P   3329
110,-7.,1.5,-13.,-7.,0.2,-13.;                                      1395P   3330
126,1,1,1,0,1,0,0.,0.,1.,1.,1.,1.,0.,0.,0.,1.,0.,0.,0.,1.,0.,       1397P   3331
0.,1.;                                                              1397P   3332
110,-7.,0.2,-13.,-7.,0.2,13.;                                       1399P   3333
126,1,1,1,0,1,0,0.,0.,1.,1.,1.,1.,1.,0.,0.,1.,1.,0.,0.,1.,0.,       1401P   3334
0.,1.;                                                              1401P   3335
110,-7.,0.2,13.,-7.,1.5,13.;                                        1403P   3336
102,4,1389,1393,1397,1401;                                          1405P   3337
102,4,1391,1395,1399,1403;                                          1407P   3338
142,1,1387,1405,1407,1;                                             1409P   3339
144,1387,1,0,1409;                                                  1411P   3340
110,-6.25,34.358548248,-13.,-6.25,-965.641451752,-13.;              1413P   3341
110,-6.25,1.5,-13.75,-6.25,0.2,-13.75;                              1415P   3342
120,1413,1415,0.,6.28318530717959;                                  1417P   3343
126,1,1,1,0,1,0,0.,0.,1.,1.,1.,1.,0.,4.71238898,0.,0.,              1419P   3344
6.283185307,0.,0.,1.,0.,0.,1.;                                      1419P   3345
124,-1.,-1.22464679914735E-16,0.,-12.5,7.49879891330929E-33,        1421P   3346
-6.12323399573677E-17,-1.,-11.5,1.22464679914735E-16,-1.,           1421P   3347
6.12323399573677E-17,-11.5;                                         1421P   3348
100,-13.,-6.25,1.5,-5.5,1.5,-6.25,2.25;                             1423P   3349
126,1,1,1,0,1,0,0.,0.,1.,1.,1.,1.,0.,6.283185307,0.,1.,             1425P   3350
6.283185307,0.,0.,1.,0.,0.,1.;                                      1425P   3351
110,-6.25,1.5,-13.75,-6.25,0.2,-13.75;                              1427P   3352
126,1,1,1,0,1,0,0.,0.,1.,1.,1.,1.,1.,6.283185307,0.,1.,             1429P   3353
4.71238898,0.,0.,1.,0.,0.,1.;                                       1429P   3354
124,6.12323399573677E-17,-1.,0.,-6.05,6.12323399573677E-17,         1431P   3355
3.74939945665464E-33,1.,13.2,-1.,-6.12323399573677E-17,             1431P   3356
6.12323399573677E-17,-19.25;                                        1431P   3357
100,-13.,-6.25,0.2,-5.5,0.2,-6.25,0.95;                             1433P   3358
126,1,1,1,0,1,0,0.,0.,1.,1.,1.,1.,1.,4.71238898,0.,0.,              1435P   3359
4.71238898,0.,0.,1.,0.,0.,1.;                                       1435P   3360
110,-7.,0.2,-13.,-7.,1.5,-13.;                                      1437P   3361
102,4,1419,1425,1429,1435;                                          1439P   3362
102,4,1423,1427,1433,1437;                                          1441P   3363
142,1,1417,1439,1441,1;                                             1443P   3364
144,1417,1,0,1443;                                                  1445P   3365
128,1,1,1,1,0,0,1,0,0,0.,0.,1.,1.,0.,0.,1.,1.,1.,1.,1.,1.,6.25,     1447P   3366
0.2,13.75,-6.25,0.2,13.75,6.25,0.,13.95,-6.25,0.,13.95,0.,1.,       1447P   3367
0.,1.;                                                              1447P   3368
126,1,1,1,0,1,0,0.,0.,1.,1.,1.,1.,0.,0.,0.,1.,0.,0.,0.,1.,0.,       1449P   3369
0.,1.;                                                              1449P   3370
110,6.25,0.2,13.75,-6.25,0.2,13.75;                                 1451P   3371
126,1,1,1,0,1,0,0.,0.,1.,1.,1.,1.,1.,0.,0.,1.,1.,0.,0.,1.,0.,       1453P   3372
0.,1.;                                                              1453P   3373
110,-6.25,0.2,13.75,-6.25,0.,13.95;                                 1455P   3374
126,1,1,1,0,1,0,0.,0.,1.,1.,1.,1.,1.,1.,0.,0.,1.,0.,0.,1.,0.,       1457P   3375
0.,1.;                                                              1457P   3376
110,-6.25,0.,13.95,6.25,0.,13.95;                                   1459P   3377
126,1,1,1,0,1,0,0.,0.,1.,1.,1.,1.,0.,1.,0.,0.,0.,0.,0.,1.,0.,       1461P   3378
0.,1.;                                                              1461P   3379
110,6.25,0.,13.95,6.25,0.2,13.75;                                   1463P   3380
102,4,1449,1453,1457,1461;                                          1465P   3381
102,4,1451,1455,1459,1463;                                          1467P   3382
142,1,1447,1465,1467,1;                                             1469P   3383
144,1447,1,0,1469;                                                  1471P   3384
110,-6.25,1000.2,13.,-6.25,0.2,13.;                                 1473P   3385
110,-6.25,0.2,12.25,-6.25,0.,12.05;                                 1475P   3386
120,1473,1475,0.,6.28318530717959;                                  1477P   3387
126,1,1,1,0,1,0,0.,0.,1.,1.,1.,1.,0.,3.141592654,0.,0.,             1479P   3388
4.71238898,0.,0.,1.,0.,0.,1.;                                       1479P   3389
124,6.12323399573677E-17,-1.,0.,-6.05,6.12323399573677E-17,         1481P   3390
3.74939945665464E-33,-1.,13.2,1.,6.12323399573677E-17,              1481P   3391
6.12323399573677E-17,19.25;                                         1481P   3392
100,13.,-6.25,0.2,-5.5,0.2,-6.25,0.95;                              1483P   3393
126,1,1,1,0,1,0,0.,0.,1.,1.,1.,1.,0.,4.71238898,0.,1.,              1485P   3394
4.71238898,0.,0.,1.,0.,0.,1.;                                       1485P   3395
110,-7.,0.2,13.,-7.2,0.,13.;                                        1487P   3396
126,1,1,1,0,1,0,0.,0.,1.,1.,1.,1.,1.,4.71238898,0.,1.,              1489P   3397
3.141592654,0.,0.,1.,0.,0.,1.;                                      1489P   3398
124,-1.,6.98296267768627E-15,0.,-12.5,-4.27583144589696E-31,        1491P   3399
-6.12323399573677E-17,1.,-13.,6.98296267768627E-15,1.,              1491P   3400
6.12323399573677E-17,13.;                                           1491P   3401
100,13.,-6.25,0.,-5.3,0.,-6.25,0.95;                                1493P   3402
126,1,1,1,0,1,0,0.,0.,1.,1.,1.,1.,1.,3.141592654,0.,0.,             1495P   3403
3.141592654,0.,0.,1.,0.,0.,1.;                                      1495P   3404
110,-6.25,0.,13.95,-6.25,0.2,13.75;                                 1497P   3405
102,4,1479,1485,1489,1495;                                          1499P   3406
102,4,1483,1487,1493,1497;                                          1501P   3407
142,1,1477,1499,1501,1;                                             1503P   3408
144,1477,1,0,1503;                                                  1505P   3409
110,6.25,1000.2,13.,6.25,0.2,13.;                                   1507P   3410
110,6.25,0.2,12.25,6.25,0.,12.05;                                   1509P   3411
120,1507,1509,0.,6.28318530717959;                                  1511P   3412
126,1,1,1,0,1,0,0.,0.,1.,1.,1.,1.,1.,3.141592654,0.,1.,             1513P   3413
1.570796327,0.,0.,1.,0.,0.,1.;                                      1513P   3414
124,1.40271576953299E-14,1.,0.,6.24999999999992,                    1515P   3415
-6.12323399573677E-17,8.58915688636046E-31,1.,-13.,1.,              1515P   3416
-1.40271576953299E-14,6.12323399573677E-17,6.74999999999999;        1515P   3417
100,13.,6.25,0.,7.2,0.,6.25,0.95;                                   1517P   3418
126,1,1,1,0,1,0,0.,0.,1.,1.,1.,1.,1.,1.570796327,0.,0.,             1519P   3419
1.570796327,0.,0.,1.,0.,0.,1.;                                      1519P   3420
110,7.2,0.,13.,7.,0.2,13.;                                          1521P   3421
126,1,1,1,0,1,0,0.,0.,1.,1.,1.,1.,0.,1.570796327,0.,0.,             1523P   3422
3.141592654,0.,0.,1.,0.,0.,1.;                                      1523P   3423
124,1.,0.,0.,0.,0.,6.12323399573677E-17,-1.,13.2,0.,1.,             1525P   3424
6.12323399573677E-17,12.8;                                          1525P   3425
100,13.,6.25,0.2,7.,0.2,6.25,0.95;                                  1527P   3426
126,1,1,1,0,1,0,0.,0.,1.,1.,1.,1.,0.,3.141592654,0.,1.,             1529P   3427
3.141592654,0.,0.,1.,0.,0.,1.;                                      1529P   3428
110,6.25,0.2,13.75,6.25,0.,13.95;                                   1531P   3429
102,4,1513,1519,1523,1529;                                          1533P   3430
102,4,1517,1521,1527,1531;                                          1535P   3431
142,1,1511,1533,1535,1;                                             1537P   3432
144,1511,1,0,1537;                                                  1539P   3433
128,1,1,1,1,0,0,1,0,0,0.,0.,1.,1.,0.,0.,1.,1.,1.,1.,1.,1.,-7.,      1541P   3434
0.2,13.,-7.,0.2,-13.,-7.2,0.,13.,-7.2,0.,-13.,0.,1.,0.,1.;          1541P   3435
126,1,1,1,0,1,0,0.,0.,1.,1.,1.,1.,0.,0.,0.,1.,0.,0.,0.,1.,0.,       1543P   3436
0.,1.;                                                              1543P   3437
110,-7.,0.2,13.,-7.,0.2,-13.;                                       1545P   3438
126,1,1,1,0,1,0,0.,0.,1.,1.,1.,1.,1.,0.,0.,1.,1.,0.,0.,1.,0.,       1547P   3439
0.,1.;                                                              1547P   3440
110,-7.,0.2,-13.,-7.2,0.,-13.;                                      1549P   3441
126,1,1,1,0,1,0,0.,0.,1.,1.,1.,1.,1.,1.,0.,0.,1.,0.,0.,1.,0.,       1551P   3442
0.,1.;                                                              1551P   3443
110,-7.2,0.,-13.,-7.2,0.,13.;                                       1553P   3444
126,1,1,1,0,1,0,0.,0.,1.,1.,1.,1.,0.,1.,0.,0.,0.,0.,0.,1.,0.,       1555P   3445
0.,1.;                                                              1555P   3446
110,-7.2,0.,13.,-7.,0.2,13.;                                        1557P   3447
102,4,1543,1547,1551,1555;                                          1559P   3448
102,4,1545,1549,1553,1557;                                          1561P   3449
142,1,1541,1559,1561,1;                                             1563P   3450
144,1541,1,0,1563;                                                  1565P   3451
128,1,1,1,1,0,0,1,0,0,0.,0.,1.,1.,0.,0.,1.,1.,1.,1.,1.,1.,7.,       1567P   3452
0.2,-13.,7.,0.2,13.,7.2,0.,-13.,7.2,0.,13.,0.,1.,0.,1.;             1567P   3453
126,1,1,1,0,1,0,0.,0.,1.,1.,1.,1.,1.,1.,0.,0.,1.,0.,0.,1.,0.,       1569P   3454
0.,1.;                                                              1569P   3455
110,7.2,0.,13.,7.2,0.,-13.;                                         1571P   3456
126,1,1,1,0,1,0,0.,0.,1.,1.,1.,1.,0.,1.,0.,0.,0.,0.,0.,1.,0.,       1573P   3457
0.,1.;                                                              1573P   3458
110,7.2,0.,-13.,7.,0.2,-13.;                                        1575P   3459
126,1,1,1,0,1,0,0.,0.,1.,1.,1.,1.,0.,0.,0.,1.,0.,0.,0.,1.,0.,       1577P   3460
0.,1.;                                                              1577P   3461
110,7.,0.2,-13.,7.,0.2,13.;                                         1579P   3462
126,1,1,1,0,1,0,0.,0.,1.,1.,1.,1.,1.,0.,0.,1.,1.,0.,0.,1.,0.,       1581P   3463
0.,1.;                                                              1581P   3464
110,7.,0.2,13.,7.2,0.,13.;                                          1583P   3465
102,4,1569,1573,1577,1581;                                          1585P   3466
102,4,1571,1575,1579,1583;                                          1587P   3467
142,1,1567,1585,1587,1;                                             1589P   3468
144,1567,1,0,1589;                                                  1591P   3469
110,-6.25,1000.2,-13.,-6.25,0.2,-13.;                               1593P   3470
110,-6.25,0.2,-13.75,-6.25,0.,-13.95;                               1595P   3471
120,1593,1595,0.,6.28318530717959;                                  1597P   3472
126,1,1,1,0,1,0,0.,0.,1.,1.,1.,1.,0.,4.71238898,0.,0.,              1599P   3473
6.283185307,0.,0.,1.,0.,0.,1.;                                      1599P   3474
124,-1.,6.98296267768627E-15,0.,-12.5,-4.27583144589696E-31,        1601P   3475
-6.12323399573677E-17,-1.,-12.8,-6.98296267768627E-15,-1.,          1601P   3476
6.12323399573677E-17,-12.8000000000001;                             1601P   3477
100,-13.,-6.25,0.2,-5.5,0.2,-6.25,0.95;                             1603P   3478
126,1,1,1,0,1,0,0.,0.,1.,1.,1.,1.,0.,6.283185307,0.,1.,             1605P   3479
6.283185307,0.,0.,1.,0.,0.,1.;                                      1605P   3480
110,-6.25,0.2,-13.75,-6.25,0.,-13.95;                               1607P   3481
126,1,1,1,0,1,0,0.,0.,1.,1.,1.,1.,1.,6.283185307,0.,1.,             1609P   3482
4.71238898,0.,0.,1.,0.,0.,1.;                                       1609P   3483
124,6.12323399573677E-17,-1.,0.,-6.25,6.12323399573677E-17,         1611P   3484
3.74939945665464E-33,1.,13.,-1.,-6.12323399573677E-17,              1611P   3485
6.12323399573677E-17,-19.25;                                        1611P   3486
100,-13.,-6.25,0.,-5.3,0.,-6.25,0.95;                               1613P   3487
126,1,1,1,0,1,0,0.,0.,1.,1.,1.,1.,1.,4.71238898,0.,0.,              1615P   3488
4.71238898,0.,0.,1.,0.,0.,1.;                                       1615P   3489
110,-7.2,0.,-13.,-7.,0.2,-13.;                                      1617P   3490
102,4,1599,1605,1609,1615;                                          1619P   3491
102,4,1603,1607,1613,1617;                                          1621P   3492
142,1,1597,1619,1621,1;                                             1623P   3493
144,1597,1,0,1623;                                                  1625P   3494
110,6.25,1000.2,-13.,6.25,0.2,-13.;                                 1627P   3495
110,6.25,0.2,-13.75,6.25,0.,-13.95;                                 1629P   3496
120,1627,1629,0.,6.28318530717959;                                  1631P   3497
126,1,1,1,0,1,0,0.,0.,1.,1.,1.,1.,1.,1.570796327,0.,1.,0.,0.,       1633P   3498
0.,1.,0.,0.,1.;                                                     1633P   3499
124,1.,0.,0.,0.,0.,6.12323399573677E-17,1.,13.,0.,-1.,              1635P   3500
6.12323399573677E-17,-13.;                                          1635P   3501
100,-13.,6.25,0.,7.2,0.,6.25,0.95;                                  1637P   3502
126,1,1,1,0,1,0,0.,0.,1.,1.,1.,1.,1.,0.,0.,0.,0.,0.,0.,1.,0.,       1639P   3503
0.,1.;                                                              1639P   3504
110,6.25,0.,-13.95,6.25,0.2,-13.75;                                 1641P   3505
126,1,1,1,0,1,0,0.,0.,1.,1.,1.,1.,0.,0.,0.,0.,1.570796327,0.,       1643P   3506
0.,1.,0.,0.,1.;                                                     1643P   3507
124,1.40271576953299E-14,1.,0.,6.04999999999991,                    1645P   3508
-6.12323399573677E-17,8.58915688636046E-31,-1.,-12.8,-1.,           1645P   3509
1.40271576953299E-14,6.12323399573677E-17,-6.75000000000001;        1645P   3510
100,-13.,6.25,0.2,7.,0.2,6.25,0.95;                                 1647P   3511
126,1,1,1,0,1,0,0.,0.,1.,1.,1.,1.,0.,1.570796327,0.,1.,             1649P   3512
1.570796327,0.,0.,1.,0.,0.,1.;                                      1649P   3513
110,7.,0.2,-13.,7.2,0.,-13.;                                        1651P   3514
102,4,1633,1639,1643,1649;                                          1653P   3515
102,4,1637,1641,1647,1651;                                          1655P   3516
142,1,1631,1653,1655,1;                                             1657P   3517
144,1631,1,0,1657;                                                  1659P   3518
128,1,1,1,1,0,0,1,0,0,0.,0.,1.,1.,0.,0.,1.,1.,1.,1.,1.,1.,          1661P   3519
-6.25,0.2,-13.75,6.25,0.2,-13.75,-6.25,0.,-13.95,6.25,0.,           1661P   3520
-13.95,0.,1.,0.,1.;                                                 1661P   3521
126,1,1,1,0,1,0,0.,0.,1.,1.,1.,1.,0.,0.,0.,1.,0.,0.,0.,1.,0.,       1663P   3522
0.,1.;                                                              1663P   3523
110,-6.25,0.2,-13.75,6.25,0.2,-13.75;                               1665P   3524
126,1,1,1,0,1,0,0.,0.,1.,1.,1.,1.,1.,0.,0.,1.,1.,0.,0.,1.,0.,       1667P   3525
0.,1.;                                                              1667P   3526
110,6.25,0.2,-13.75,6.25,0.,-13.95;                                 1669P   3527
126,1,1,1,0,1,0,0.,0.,1.,1.,1.,1.,1.,1.,0.,0.,1.,0.,0.,1.,0.,       1671P   3528
0.,1.;                                                              1671P   3529
110,6.25,0.,-13.95,-6.25,0.,-13.95;                                 1673P   3530
126,1,1,1,0,1,0,0.,0.,1.,1.,1.,1.,0.,1.,0.,0.,0.,0.,0.,1.,0.,       1675P   3531
0.,1.;                                                              1675P   3532
110,-6.25,0.,-13.95,-6.25,0.2,-13.75;                               1677P   3533
102,4,1663,1667,1671,1675;                                          1679P   3534
102,4,1665,1669,1673,1677;                                          1681P   3535
142,1,1661,1679,1681,1;                                             1683P   3536
144,1661,1,0,1683;                                                  1685P   3537
128,1,1,1,1,0,0,1,0,0,0.,0.,1.,1.,0.,0.,1.,1.,1.,1.,1.,1.,          1687P   3538
-3.675,1.5,-1.7204,-3.456278341,-1.,-1.7204,-3.675,1.5,1.7204,      1687P   3539
-3.456278341,-1.,1.7204,0.,1.,0.,1.;                                1687P   3540
126,1,1,1,0,1,0,0.,0.,1.,1.,1.,1.,0.,0.994071146,0.,0.,             1689P   3541
0.005928854,0.,0.,1.,0.,0.,1.;                                      1689P   3542
110,-3.675,1.5,1.7,-3.675,1.5,-1.7;                                 1691P   3543
126,1,1,1,0,1,0,0.,0.,1.,1.,1.,1.,0.,0.005928854,0.,1.,             1693P   3544
0.069495948,0.,0.,1.,0.,0.,1.;                                      1693P   3545
110,-3.675,1.5,-1.7,-3.456278341,-1.,-1.481278341;                  1695P   3546
126,1,1,1,0,1,0,0.,0.,1.,1.,1.,1.,1.,0.069495948,0.,1.,             1697P   3547
0.930504052,0.,0.,1.,0.,0.,1.;                                      1697P   3548
110,-3.456278341,-1.,-1.481278341,-3.456278341,-1.,1.481278341;     1699P   3549
126,1,1,1,0,1,0,0.,0.,1.,1.,1.,1.,1.,0.930504052,0.,0.,             1701P   3550
0.994071146,0.,0.,1.,0.,0.,1.;                                      1701P   3551
110,-3.456278341,-1.,1.481278341,-3.675,1.5,1.7;                    1703P   3552
102,4,1689,1693,1697,1701;                                          1705P   3553
102,4,1691,1695,1699,1703;                                          1707P   3554
142,1,1687,1705,1707,1;                                             1709P   3555
144,1687,1,0,1709;                                                  1711P   3556
128,1,1,1,1,0,0,1,0,0,0.,0.,1.,1.,0.,0.,1.,1.,1.,1.,1.,1.,          1713P   3557
-3.6849,-1.,-1.481278341,-3.6849,1.5,-1.7,-2.0151,-1.,              1713P   3558
-1.481278341,-2.0151,1.5,-1.7,0.,1.,0.,1.;                          1713P   3559
126,1,1,1,0,1,0,0.,0.,1.,1.,1.,1.,1.,0.005928854,0.,1.,             1715P   3560
0.994071146,0.,0.,1.,0.,0.,1.;                                      1715P   3561
110,-3.675,1.5,-1.7,-2.025,1.5,-1.7;                                1717P   3562
126,1,1,1,0,1,0,0.,0.,1.,1.,1.,1.,1.,0.994071146,0.,0.,             1719P   3563
0.863084406,0.,0.,1.,0.,0.,1.;                                      1719P   3564
110,-2.025,1.5,-1.7,-2.243721659,-1.,-1.481278341;                  1721P   3565
126,1,1,1,0,1,0,0.,0.,1.,1.,1.,1.,0.,0.863084406,0.,0.,             1723P   3566
0.136915594,0.,0.,1.,0.,0.,1.;                                      1723P   3567
110,-2.243721659,-1.,-1.481278341,-3.456278341,-1.,                 1725P   3568
-1.481278341;                                                       1725P   3569
126,1,1,1,0,1,0,0.,0.,1.,1.,1.,1.,0.,0.136915594,0.,1.,             1727P   3570
0.005928854,0.,0.,1.,0.,0.,1.;                                      1727P   3571
110,-3.456278341,-1.,-1.481278341,-3.675,1.5,-1.7;                  1729P   3572
102,4,1715,1719,1723,1727;                                          1731P   3573
102,4,1717,1721,1725,1729;                                          1733P   3574
142,1,1713,1731,1733,1;                                             1735P   3575
144,1713,1,0,1735;                                                  1737P   3576
128,1,1,1,1,0,0,1,0,0,0.,0.,1.,1.,0.,0.,1.,1.,1.,1.,1.,1.,          1739P   3577
-2.243721659,-1.,-1.7204,-2.025,1.5,-1.7204,-2.243721659,-1.,       1739P   3578
1.7204,-2.025,1.5,1.7204,0.,1.,0.,1.;                               1739P   3579
126,1,1,1,0,1,0,0.,0.,1.,1.,1.,1.,1.,0.005928854,0.,1.,             1741P   3580
0.994071146,0.,0.,1.,0.,0.,1.;                                      1741P   3581
110,-2.025,1.5,-1.7,-2.025,1.5,1.7;                                 1743P   3582
126,1,1,1,0,1,0,0.,0.,1.,1.,1.,1.,1.,0.994071146,0.,0.,             1745P   3583
0.930504052,0.,0.,1.,0.,0.,1.;                                      1745P   3584
110,-2.025,1.5,1.7,-2.243721659,-1.,1.481278341;                    1747P   3585
126,1,1,1,0,1,0,0.,0.,1.,1.,1.,1.,0.,0.930504052,0.,0.,             1749P   3586
0.069495948,0.,0.,1.,0.,0.,1.;                                      1749P   3587
110,-2.243721659,-1.,1.481278341,-2.243721659,-1.,-1.481278341;     1751P   3588
126,1,1,1,0,1,0,0.,0.,1.,1.,1.,1.,0.,0.069495948,0.,1.,             1753P   3589
0.005928854,0.,0.,1.,0.,0.,1.;                                      1753P   3590
110,-2.243721659,-1.,-1.481278341,-2.025,1.5,-1.7;                  1755P   3591
102,4,1741,1745,1749,1753;                                          1757P   3592
102,4,1743,1747,1751,1755;                                          1759P   3593
142,1,1739,1757,1759,1;                                             1761P   3594
144,1739,1,0,1761;                                                  1763P   3595
128,1,1,1,1,0,0,1,0,0,0.,0.,1.,1.,0.,0.,1.,1.,1.,1.,1.,1.,          1765P   3596
-3.6849,1.5,1.7,-3.6849,-1.,1.481278341,-2.0151,1.5,1.7,            1765P   3597
-2.0151,-1.,1.481278341,0.,1.,0.,1.;                                1765P   3598
126,1,1,1,0,1,0,0.,0.,1.,1.,1.,1.,0.,0.994071146,0.,0.,             1767P   3599
0.005928854,0.,0.,1.,0.,0.,1.;                                      1767P   3600
110,-2.025,1.5,1.7,-3.675,1.5,1.7;                                  1769P   3601
126,1,1,1,0,1,0,0.,0.,1.,1.,1.,1.,0.,0.005928854,0.,1.,             1771P   3602
0.136915594,0.,0.,1.,0.,0.,1.;                                      1771P   3603
110,-3.675,1.5,1.7,-3.456278341,-1.,1.481278341;                    1773P   3604
126,1,1,1,0,1,0,0.,0.,1.,1.,1.,1.,1.,0.136915594,0.,1.,             1775P   3605
0.863084406,0.,0.,1.,0.,0.,1.;                                      1775P   3606
110,-3.456278341,-1.,1.481278341,-2.243721659,-1.,1.481278341;      1777P   3607
126,1,1,1,0,1,0,0.,0.,1.,1.,1.,1.,1.,0.863084406,0.,0.,             1779P   3608
0.994071146,0.,0.,1.,0.,0.,1.;                                      1779P   3609
110,-2.243721659,-1.,1.481278341,-2.025,1.5,1.7;                    1781P   3610
102,4,1767,1771,1775,1779;                                          1783P   3611
102,4,1769,1773,1777,1781;                                          1785P   3612
142,1,1765,1783,1785,1;                                             1787P   3613
144,1765,1,0,1787;                                                  1789P   3614
128,1,1,1,1,0,0,1,0,0,0.,0.,1.,1.,0.,0.,1.,1.,1.,1.,1.,1.,          1791P   3615
-3.456278341,-1.,1.481278341,-3.456278341,-1.,-1.481278341,         1791P   3616
-2.243721659,-1.,1.481278341,-2.243721659,-1.,-1.481278341,0.,      1791P   3617
1.,0.,1.;                                                           1791P   3618
126,1,1,1,0,1,0,0.,0.,1.,1.,1.,1.,0.,0.,0.,1.,0.,0.,0.,1.,0.,       1793P   3619
0.,1.;                                                              1793P   3620
110,-3.456278341,-1.,1.481278341,-3.456278341,-1.,-1.481278341;     1795P   3621
126,1,1,1,0,1,0,0.,0.,1.,1.,1.,1.,1.,0.,0.,1.,1.,0.,0.,1.,0.,       1797P   3622
0.,1.;                                                              1797P   3623
110,-3.456278341,-1.,-1.481278341,-2.243721659,-1.,                 1799P   3624
-1.481278341;                                                       1799P   3625
126,1,1,1,0,1,0,0.,0.,1.,1.,1.,1.,1.,1.,0.,0.,1.,0.,0.,1.,0.,       1801P   3626
0.,1.;                                                              1801P   3627
110,-2.243721659,-1.,-1.481278341,-2.243721659,-1.,1.481278341;     1803P   3628
126,1,1,1,0,1,0,0.,0.,1.,1.,1.,1.,0.,1.,0.,0.,0.,0.,0.,1.,0.,       1805P   3629
0.,1.;                                                              1805P   3630
110,-2.243721659,-1.,1.481278341,-3.456278341,-1.,1.481278341;      1807P   3631
102,4,1793,1797,1801,1805;                                          1809P   3632
102,4,1795,1799,1803,1807;                                          1811P   3633
142,1,1791,1809,1811,1;                                             1813P   3634
144,1791,1,0,1813;                                                  1815P   3635
128,1,1,1,1,0,0,1,0,0,0.,0.,1.,1.,0.,0.,1.,1.,1.,1.,1.,1.,          1817P   3636
2.025,1.5,-1.7204,2.243721659,-1.,-1.7204,2.025,1.5,1.7204,         1817P   3637
2.243721659,-1.,1.7204,0.,1.,0.,1.;                                 1817P   3638
126,1,1,1,0,1,0,0.,0.,1.,1.,1.,1.,0.,0.994071146,0.,0.,             1819P   3639
0.005928854,0.,0.,1.,0.,0.,1.;                                      1819P   3640
110,2.025,1.5,1.7,2.025,1.5,-1.7;                                   1821P   3641
126,1,1,1,0,1,0,0.,0.,1.,1.,1.,1.,0.,0.005928854,0.,1.,             1823P   3642
0.069495948,0.,0.,1.,0.,0.,1.;                                      1823P   3643
110,2.025,1.5,-1.7,2.243721659,-1.,-1.481278341;                    1825P   3644
126,1,1,1,0,1,0,0.,0.,1.,1.,1.,1.,1.,0.069495948,0.,1.,             1827P   3645
0.930504052,0.,0.,1.,0.,0.,1.;                                      1827P   3646
110,2.243721659,-1.,-1.481278341,2.243721659,-1.,1.481278341;       1829P   3647
126,1,1,1,0,1,0,0.,0.,1.,1.,1.,1.,1.,0.930504052,0.,0.,             1831P   3648
0.994071146,0.,0.,1.,0.,0.,1.;                                      1831P   3649
110,2.243721659,-1.,1.481278341,2.025,1.5,1.7;                      1833P   3650
102,4,1819,1823,1827,1831;                                          1835P   3651
102,4,1821,1825,1829,1833;                                          1837P   3652
142,1,1817,1835,1837,1;                                             1839P   3653
144,1817,1,0,1839;                                                  1841P   3654
128,1,1,1,1,0,0,1,0,0,0.,0.,1.,1.,0.,0.,1.,1.,1.,1.,1.,1.,          1843P   3655
2.0151,-1.,-1.481278341,2.0151,1.5,-1.7,3.6849,-1.,                 1843P   3656
-1.481278341,3.6849,1.5,-1.7,0.,1.,0.,1.;                           1843P   3657
126,1,1,1,0,1,0,0.,0.,1.,1.,1.,1.,1.,0.005928854,0.,1.,             1845P   3658
0.994071146,0.,0.,1.,0.,0.,1.;                                      1845P   3659
110,2.025,1.5,-1.7,3.675,1.5,-1.7;                                  1847P   3660
126,1,1,1,0,1,0,0.,0.,1.,1.,1.,1.,1.,0.994071146,0.,0.,             1849P   3661
0.863084406,0.,0.,1.,0.,0.,1.;                                      1849P   3662
110,3.675,1.5,-1.7,3.456278341,-1.,-1.481278341;                    1851P   3663
126,1,1,1,0,1,0,0.,0.,1.,1.,1.,1.,0.,0.863084406,0.,0.,             1853P   3664
0.136915594,0.,0.,1.,0.,0.,1.;                                      1853P   3665
110,3.456278341,-1.,-1.481278341,2.243721659,-1.,-1.481278341;      1855P   3666
126,1,1,1,0,1,0,0.,0.,1.,1.,1.,1.,0.,0.136915594,0.,1.,             1857P   3667
0.005928854,0.,0.,1.,0.,0.,1.;                                      1857P   3668
110,2.243721659,-1.,-1.481278341,2.025,1.5,-1.7;                    1859P   3669
102,4,1845,1849,1853,1857;                                          1861P   3670
102,4,1847,1851,1855,1859;                                          1863P   3671
142,1,1843,1861,1863,1;                                             1865P   3672
144,1843,1,0,1865;                                                  1867P   3673
128,1,1,1,1,0,0,1,0,0,0.,0.,1.,1.,0.,0.,1.,1.,1.,1.,1.,1.,          1869P   3674
3.456278341,-1.,-1.7204,3.675,1.5,-1.7204,3.456278341,-1.,          1869P   3675
1.7204,3.675,1.5,1.7204,0.,1.,0.,1.;                                1869P   3676
126,1,1,1,0,1,0,0.,0.,1.,1.,1.,1.,1.,0.005928854,0.,1.,             1871P   3677
0.994071146,0.,0.,1.,0.,0.,1.;                                      1871P   3678
110,3.675,1.5,-1.7,3.675,1.5,1.7;                                   1873P   3679
126,1,1,1,0,1,0,0.,0.,1.,1.,1.,1.,1.,0.994071146,0.,0.,             1875P   3680
0.930504052,0.,0.,1.,0.,0.,1.;                                      1875P   3681
110,3.675,1.5,1.7,3.456278341,-1.,1.481278341;                      1877P   3682
126,1,1,1,0,1,0,0.,0.,1.,1.,1.,1.,0.,0.930504052,0.,0.,             1879P   3683
0.069495948,0.,0.,1.,0.,0.,1.;                                      1879P   3684
110,3.456278341,-1.,1.481278341,3.456278341,-1.,-1.481278341;       1881P   3685
126,1,1,1,0,1,0,0.,0.,1.,1.,1.,1.,0.,0.069495948,0.,1.,             1883P   3686
0.005928854,0.,0.,1.,0.,0.,1.;                                      1883P   3687
110,3.456278341,-1.,-1.481278341,3.675,1.5,-1.7;                    1885P   3688
102,4,1871,1875,1879,1883;                                          1887P   3689
102,4,1873,1877,1881,1885;                                          1889P   3690
142,1,1869,1887,1889,1;                                             1891P   3691
144,1869,1,0,1891;                                                  1893P   3692
128,1,1,1,1,0,0,1,0,0,0.,0.,1.,1.,0.,0.,1.,1.,1.,1.,1.,1.,          1895P   3693
2.0151,1.5,1.7,2.0151,-1.,1.481278341,3.6849,1.5,1.7,3.6849,        1895P   3694
-1.,1.481278341,0.,1.,0.,1.;                                        1895P   3695
126,1,1,1,0,1,0,0.,0.,1.,1.,1.,1.,0.,0.994071146,0.,0.,             1897P   3696
0.005928854,0.,0.,1.,0.,0.,1.;                                      1897P   3697
110,3.675,1.5,1.7,2.025,1.5,1.7;                                    1899P   3698
126,1,1,1,0,1,0,0.,0.,1.,1.,1.,1.,0.,0.005928854,0.,1.,             1901P   3699
0.136915594,0.,0.,1.,0.,0.,1.;                                      1901P   3700
110,2.025,1.5,1.7,2.243721659,-1.,1.481278341;                      1903P   3701
126,1,1,1,0,1,0,0.,0.,1.,1.,1.,1.,1.,0.136915594,0.,1.,             1905P   3702
0.863084406,0.,0.,1.,0.,0.,1.;                                      1905P   3703
110,2.243721659,-1.,1.481278341,3.456278341,-1.,1.481278341;        1907P   3704
126,1,1,1,0,1,0,0.,0.,1.,1.,1.,1.,1.,0.863084406,0.,0.,             1909P   3705
0.994071146,0.,0.,1.,0.,0.,1.;                                      1909P   3706
110,3.456278341,-1.,1.481278341,3.675,1.5,1.7;                      1911P   3707
102,4,1897,1901,1905,1909;                                          1913P   3708
102,4,1899,1903,1907,1911;                                          1915P   3709
142,1,1895,1913,1915,1;                                             1917P   3710
144,1895,1,0,1917;                                                  1919P   3711
128,1,1,1,1,0,0,1,0,0,0.,0.,1.,1.,0.,0.,1.,1.,1.,1.,1.,1.,          1921P   3712
2.243721659,-1.,1.481278341,2.243721659,-1.,-1.481278341,           1921P   3713
3.456278341,-1.,1.481278341,3.456278341,-1.,-1.481278341,0.,1.,     1921P   3714
0.,1.;                                                              1921P   3715
126,1,1,1,0,1,0,0.,0.,1.,1.,1.,1.,0.,0.,0.,1.,0.,0.,0.,1.,0.,       1923P   3716
0.,1.;                                                              1923P   3717
110,2.243721659,-1.,1.481278341,2.243721659,-1.,-1.481278341;       1925P   3718
126,1,1,1,0,1,0,0.,0.,1.,1.,1.,1.,1.,0.,0.,1.,1.,0.,0.,1.,0.,       1927P   3719
0.,1.;                                                              1927P   3720
110,2.243721659,-1.,-1.481278341,3.456278341,-1.,-1.481278341;      1929P   3721
126,1,1,1,0,1,0,0.,0.,1.,1.,1.,1.,1.,1.,0.,0.,1.,0.,0.,1.,0.,       1931P   3722
0.,1.;                                                              1931P   3723
110,3.456278341,-1.,-1.481278341,3.456278341,-1.,1.481278341;       1933P   3724
126,1,1,1,0,1,0,0.,0.,1.,1.,1.,1.,0.,1.,0.,0.,0.,0.,0.,1.,0.,       1935P   3725
0.,1.;                                                              1935P   3726
110,3.456278341,-1.,1.481278341,2.243721659,-1.,1.481278341;        1937P   3727
102,4,1923,1927,1931,1935;                                          1939P   3728
102,4,1925,1929,1933,1937;                                          1941P   3729
142,1,1921,1939,1941,1;                                             1943P   3730
144,1921,1,0,1943;                                                  1945P   3731
S      1G      4D   1946P   3731                                        T      1
