SolidWorks IGES file using analytic representation for surfaces         S      1
1H,,1H;,22HKailh LP Keycap.SLDPRT,39HG:\byScottua\Keyboards\Kailh\1x1.25G      1
.IGS,15HSolidWorks 2018,15HSolidWorks 2018,32,308,15,308,15,22HKailh LP G      2
Keycap.SLDPRT,1.,2,2HMM,50,0.125,13H200324.122145,1E-08,499990.,6HPHFHXEG      3
,,11,0,13H200324.122145;                                                G      4
     314       1       0       0       0                        00000200D      1
     314       0       8       1       0                               0D      2
     128       2       0       0       0                        01010000D      3
     128       0       0      73       0                               0D      4
     126      75       0       0       0                        01010500D      5
     126       0       0       2       0                               0D      6
     126      77       0       0       0                        01010000D      7
     126       0       0       4       0                               0D      8
     126      81       0       0       0                        01010500D      9
     126       0       0       6       0                               0D     10
     126      87       0       0       0                        01010000D     11
     126       0       0      13       0                               0D     12
     126     100       0       0       0                        01010500D     13
     126       0       0       7       0                               0D     14
     126     107       0       0       0                        01010000D     15
     126       0       0       9       0                               0D     16
     126     116       0       0       0                        01010500D     17
     126       0       0      12       0                               0D     18
     126     128       0       0       0                        01010000D     19
     126       0       0       6       0                               0D     20
     126     134       0       0       0                        01010500D     21
     126       0       0       3       0                               0D     22
     126     137       0       0       0                        01010000D     23
     126       0       0       9       0                               0D     24
     126     146       0       0       0                        01010500D     25
     126       0       0       9       0                               0D     26
     126     155       0       0       0                        01010000D     27
     126       0       0      24       0                               0D     28
     126     179       0       0       0                        01010500D     29
     126       0       0       3       0                               0D     30
     126     182       0       0       0                        01010000D     31
     126       0       0       9       0                               0D     32
     126     191       0       0       0                        01010500D     33
     126       0       0      12       0                               0D     34
     126     203       0       0       0                        01010000D     35
     126       0       0       6       0                               0D     36
     126     209       0       0       0                        01010500D     37
     126       0       0       3       0                               0D     38
     126     212       0       0       0                        01010000D     39
     126       0       0       9       0                               0D     40
     126     221       0       0       0                        01010500D     41
     126       0       0       6       0                               0D     42
     126     227       0       0       0                        01010000D     43
     126       0       0      18       0                               0D     44
     126     245       0       0       0                        01010500D     45
     126       0       0       2       0                               0D     46
     126     247       0       0       0                        01010000D     47
     126       0       0       5       0                               0D     48
     126     252       0       0       0                        01010500D     49
     126       0       0       2       0                               0D     50
     124     254       0       0       0                        00000000D     51
     124       0       0       3       0                               0D     52
     100     257       0       0       0              51        01010000D     53
     100       0       0       1       0                               0D     54
     102     258       0       0       0                        01010500D     55
     102       0       0       1       0                               0D     56
     102     259       0       0       0                        01010000D     57
     102       0       0       1       0                               0D     58
     142     260       0       0       0                        00010500D     59
     142       0       0       1       0                               0D     60
     144     261       0       0       0                        00000000D     61
     144       0      -1       1       0                               0D     62
     128     262       0       0       0                        01010000D     63
     128       0       0       2       0                               0D     64
     126     264       0       0       0                        01010500D     65
     126       0       0       2       0                               0D     66
     110     266       0       0       0                        01010000D     67
     110       0       0       1       0                               0D     68
     126     267       0       0       0                        01010500D     69
     126       0       0       6       0                               0D     70
     124     273       0       0       0                        00000000D     71
     124       0       0       3       0                               0D     72
     100     276       0       0       0              71        01010000D     73
     100       0       0       1       0                               0D     74
     126     277       0       0       0                        01010500D     75
     126       0       0       2       0                               0D     76
     110     279       0       0       0                        01010000D     77
     110       0       0       1       0                               0D     78
     126     280       0       0       0                        01010500D     79
     126       0       0       6       0                               0D     80
     124     286       0       0       0                        00000000D     81
     124       0       0       3       0                               0D     82
     100     289       0       0       0              81        01010000D     83
     100       0       0       1       0                               0D     84
     126     290       0       0       0                        01010500D     85
     126       0       0       2       0                               0D     86
     110     292       0       0       0                        01010000D     87
     110       0       0       1       0                               0D     88
     126     293       0       0       0                        01010500D     89
     126       0       0       6       0                               0D     90
     124     299       0       0       0                        00000000D     91
     124       0       0       4       0                               0D     92
     100     303       0       0       0              91        01010000D     93
     100       0       0       1       0                               0D     94
     126     304       0       0       0                        01010500D     95
     126       0       0       2       0                               0D     96
     110     306       0       0       0                        01010000D     97
     110       0       0       1       0                               0D     98
     126     307       0       0       0                        01010500D     99
     126       0       0       6       0                               0D    100
     124     313       0       0       0                        00000000D    101
     124       0       0       3       0                               0D    102
     100     316       0       0       0             101        01010000D    103
     100       0       0       1       0                               0D    104
     102     317       0       0       0                        01010500D    105
     102       0       0       1       0                               0D    106
     102     318       0       0       0                        01010000D    107
     102       0       0       1       0                               0D    108
     142     319       0       0       0                        00010500D    109
     142       0       0       1       0                               0D    110
     126     320       0       0       0                        01010500D    111
     126       0       0       2       0                               0D    112
     110     322       0       0       0                        01010000D    113
     110       0       0       1       0                               0D    114
     126     323       0       0       0                        01010500D    115
     126       0       0       2       0                               0D    116
     110     325       0       0       0                        01010000D    117
     110       0       0       1       0                               0D    118
     126     326       0       0       0                        01010500D    119
     126       0       0       2       0                               0D    120
     110     328       0       0       0                        01010000D    121
     110       0       0       1       0                               0D    122
     126     329       0       0       0                        01010500D    123
     126       0       0       2       0                               0D    124
     110     331       0       0       0                        01010000D    125
     110       0       0       1       0                               0D    126
     102     332       0       0       0                        01010500D    127
     102       0       0       1       0                               0D    128
     102     333       0       0       0                        01010000D    129
     102       0       0       1       0                               0D    130
     142     334       0       0       0                        00010500D    131
     142       0       0       1       0                               0D    132
     126     335       0       0       0                        01010500D    133
     126       0       0       2       0                               0D    134
     110     337       0       0       0                        01010000D    135
     110       0       0       1       0                               0D    136
     126     338       0       0       0                        01010500D    137
     126       0       0       2       0                               0D    138
     110     340       0       0       0                        01010000D    139
     110       0       0       1       0                               0D    140
     126     341       0       0       0                        01010500D    141
     126       0       0       2       0                               0D    142
     110     343       0       0       0                        01010000D    143
     110       0       0       1       0                               0D    144
     126     344       0       0       0                        01010500D    145
     126       0       0       2       0                               0D    146
     110     346       0       0       0                        01010000D    147
     110       0       0       1       0                               0D    148
     102     347       0       0       0                        01010500D    149
     102       0       0       1       0                               0D    150
     102     348       0       0       0                        01010000D    151
     102       0       0       1       0                               0D    152
     142     349       0       0       0                        00010500D    153
     142       0       0       1       0                               0D    154
     144     350       0       0       0                        00000000D    155
     144       0      -1       1       0                               0D    156
     110     351       0       0       0                        01010000D    157
     110       0       0       1       0                               0D    158
     110     352       0       0       0                        01010000D    159
     110       0       0       1       0                               0D    160
     120     353       0       0       0                        01010000D    161
     120       0       0       1       0                               0D    162
     126     354       0       0       0                        01010500D    163
     126       0       0       2       0                               0D    164
     110     356       0       0       0                        01010000D    165
     110       0       0       1       0                               0D    166
     126     357       0       0       0                        01010500D    167
     126       0       0       2       0                               0D    168
     124     359       0       0       0                        00000000D    169
     124       0       0       2       0                               0D    170
     100     361       0       0       0             169        01010000D    171
     100       0       0       1       0                               0D    172
     126     362       0       0       0                        01010500D    173
     126       0       0       2       0                               0D    174
     110     364       0       0       0                        01010000D    175
     110       0       0       1       0                               0D    176
     126     365       0       0       0                        01010500D    177
     126       0       0       2       0                               0D    178
     124     367       0       0       0                        00000000D    179
     124       0       0       3       0                               0D    180
     100     370       0       0       0             179        01010000D    181
     100       0       0       1       0                               0D    182
     102     371       0       0       0                        01010500D    183
     102       0       0       1       0                               0D    184
     102     372       0       0       0                        01010000D    185
     102       0       0       1       0                               0D    186
     142     373       0       0       0                        00010500D    187
     142       0       0       1       0                               0D    188
     144     374       0       0       0                        00000000D    189
     144       0      -1       1       0                               0D    190
     128     375       0       0       0                        01010000D    191
     128       0       0       2       0                               0D    192
     126     377       0       0       0                        01010500D    193
     126       0       0       2       0                               0D    194
     110     379       0       0       0                        01010000D    195
     110       0       0       1       0                               0D    196
     126     380       0       0       0                        01010500D    197
     126       0       0       2       0                               0D    198
     110     382       0       0       0                        01010000D    199
     110       0       0       1       0                               0D    200
     126     383       0       0       0                        01010500D    201
     126       0       0       2       0                               0D    202
     110     385       0       0       0                        01010000D    203
     110       0       0       1       0                               0D    204
     126     386       0       0       0                        01010500D    205
     126       0       0       2       0                               0D    206
     110     388       0       0       0                        01010000D    207
     110       0       0       1       0                               0D    208
     102     389       0       0       0                        01010500D    209
     102       0       0       1       0                               0D    210
     102     390       0       0       0                        01010000D    211
     102       0       0       1       0                               0D    212
     142     391       0       0       0                        00010500D    213
     142       0       0       1       0                               0D    214
     144     392       0       0       0                        00000000D    215
     144       0      -1       1       0                               0D    216
     110     393       0       0       0                        01010000D    217
     110       0       0       1       0                               0D    218
     110     394       0       0       0                        01010000D    219
     110       0       0       1       0                               0D    220
     120     395       0       0       0                        01010000D    221
     120       0       0       1       0                               0D    222
     126     396       0       0       0                        01010500D    223
     126       0       0       2       0                               0D    224
     110     398       0       0       0                        01010000D    225
     110       0       0       1       0                               0D    226
     126     399       0       0       0                        01010500D    227
     126       0       0       2       0                               0D    228
     124     401       0       0       0                        00000000D    229
     124       0       0       3       0                               0D    230
     100     404       0       0       0             229        01010000D    231
     100       0       0       1       0                               0D    232
     126     405       0       0       0                        01010500D    233
     126       0       0       2       0                               0D    234
     110     407       0       0       0                        01010000D    235
     110       0       0       1       0                               0D    236
     126     408       0       0       0                        01010500D    237
     126       0       0       2       0                               0D    238
     124     410       0       0       0                        00000000D    239
     124       0       0       2       0                               0D    240
     100     412       0       0       0             239        01010000D    241
     100       0       0       1       0                               0D    242
     102     413       0       0       0                        01010500D    243
     102       0       0       1       0                               0D    244
     102     414       0       0       0                        01010000D    245
     102       0       0       1       0                               0D    246
     142     415       0       0       0                        00010500D    247
     142       0       0       1       0                               0D    248
     144     416       0       0       0                        00000000D    249
     144       0      -1       1       0                               0D    250
     128     417       0       0       0                        01010000D    251
     128       0       0       2       0                               0D    252
     126     419       0       0       0                        01010500D    253
     126       0       0       2       0                               0D    254
     110     421       0       0       0                        01010000D    255
     110       0       0       1       0                               0D    256
     126     422       0       0       0                        01010500D    257
     126       0       0       2       0                               0D    258
     110     424       0       0       0                        01010000D    259
     110       0       0       1       0                               0D    260
     126     425       0       0       0                        01010500D    261
     126       0       0       2       0                               0D    262
     110     427       0       0       0                        01010000D    263
     110       0       0       1       0                               0D    264
     126     428       0       0       0                        01010500D    265
     126       0       0       2       0                               0D    266
     110     430       0       0       0                        01010000D    267
     110       0       0       1       0                               0D    268
     102     431       0       0       0                        01010500D    269
     102       0       0       1       0                               0D    270
     102     432       0       0       0                        01010000D    271
     102       0       0       1       0                               0D    272
     142     433       0       0       0                        00010500D    273
     142       0       0       1       0                               0D    274
     144     434       0       0       0                        00000000D    275
     144       0      -1       1       0                               0D    276
     110     435       0       0       0                        01010000D    277
     110       0       0       1       0                               0D    278
     110     436       0       0       0                        01010000D    279
     110       0       0       1       0                               0D    280
     120     437       0       0       0                        01010000D    281
     120       0       0       1       0                               0D    282
     126     438       0       0       0                        01010500D    283
     126       0       0       2       0                               0D    284
     110     440       0       0       0                        01010000D    285
     110       0       0       1       0                               0D    286
     126     441       0       0       0                        01010500D    287
     126       0       0       2       0                               0D    288
     124     443       0       0       0                        00000000D    289
     124       0       0       3       0                               0D    290
     100     446       0       0       0             289        01010000D    291
     100       0       0       1       0                               0D    292
     126     447       0       0       0                        01010500D    293
     126       0       0       2       0                               0D    294
     110     449       0       0       0                        01010000D    295
     110       0       0       1       0                               0D    296
     126     450       0       0       0                        01010500D    297
     126       0       0       2       0                               0D    298
     124     452       0       0       0                        00000000D    299
     124       0       0       3       0                               0D    300
     100     455       0       0       0             299        01010000D    301
     100       0       0       1       0                               0D    302
     102     456       0       0       0                        01010500D    303
     102       0       0       1       0                               0D    304
     102     457       0       0       0                        01010000D    305
     102       0       0       1       0                               0D    306
     142     458       0       0       0                        00010500D    307
     142       0       0       1       0                               0D    308
     144     459       0       0       0                        00000000D    309
     144       0      -1       1       0                               0D    310
     128     460       0       0       0                        01010000D    311
     128       0       0       2       0                               0D    312
     126     462       0       0       0                        01010500D    313
     126       0       0       2       0                               0D    314
     110     464       0       0       0                        01010000D    315
     110       0       0       1       0                               0D    316
     126     465       0       0       0                        01010500D    317
     126       0       0       2       0                               0D    318
     110     467       0       0       0                        01010000D    319
     110       0       0       1       0                               0D    320
     126     468       0       0       0                        01010500D    321
     126       0       0       2       0                               0D    322
     110     470       0       0       0                        01010000D    323
     110       0       0       1       0                               0D    324
     126     471       0       0       0                        01010500D    325
     126       0       0       2       0                               0D    326
     110     473       0       0       0                        01010000D    327
     110       0       0       1       0                               0D    328
     102     474       0       0       0                        01010500D    329
     102       0       0       1       0                               0D    330
     102     475       0       0       0                        01010000D    331
     102       0       0       1       0                               0D    332
     142     476       0       0       0                        00010500D    333
     142       0       0       1       0                               0D    334
     144     477       0       0       0                        00000000D    335
     144       0      -1       1       0                               0D    336
     110     478       0       0       0                        01010000D    337
     110       0       0       1       0                               0D    338
     110     479       0       0       0                        01010000D    339
     110       0       0       1       0                               0D    340
     120     480       0       0       0                        01010000D    341
     120       0       0       1       0                               0D    342
     126     481       0       0       0                        01010500D    343
     126       0       0       2       0                               0D    344
     110     483       0       0       0                        01010000D    345
     110       0       0       1       0                               0D    346
     126     484       0       0       0                        01010500D    347
     126       0       0       2       0                               0D    348
     124     486       0       0       0                        00000000D    349
     124       0       0       3       0                               0D    350
     100     489       0       0       0             349        01010000D    351
     100       0       0       1       0                               0D    352
     126     490       0       0       0                        01010500D    353
     126       0       0       2       0                               0D    354
     110     492       0       0       0                        01010000D    355
     110       0       0       1       0                               0D    356
     126     493       0       0       0                        01010500D    357
     126       0       0       2       0                               0D    358
     124     495       0       0       0                        00000000D    359
     124       0       0       3       0                               0D    360
     100     498       0       0       0             359        01010000D    361
     100       0       0       1       0                               0D    362
     102     499       0       0       0                        01010500D    363
     102       0       0       1       0                               0D    364
     102     500       0       0       0                        01010000D    365
     102       0       0       1       0                               0D    366
     142     501       0       0       0                        00010500D    367
     142       0       0       1       0                               0D    368
     144     502       0       0       0                        00000000D    369
     144       0      -1       1       0                               0D    370
     128     503       0       0       0                        01010000D    371
     128       0       0       2       0                               0D    372
     126     505       0       0       0                        01010500D    373
     126       0       0       2       0                               0D    374
     110     507       0       0       0                        01010000D    375
     110       0       0       1       0                               0D    376
     126     508       0       0       0                        01010500D    377
     126       0       0       2       0                               0D    378
     110     510       0       0       0                        01010000D    379
     110       0       0       1       0                               0D    380
     126     511       0       0       0                        01010500D    381
     126       0       0       2       0                               0D    382
     110     513       0       0       0                        01010000D    383
     110       0       0       1       0                               0D    384
     126     514       0       0       0                        01010500D    385
     126       0       0       2       0                               0D    386
     110     516       0       0       0                        01010000D    387
     110       0       0       1       0                               0D    388
     102     517       0       0       0                        01010500D    389
     102       0       0       1       0                               0D    390
     102     518       0       0       0                        01010000D    391
     102       0       0       1       0                               0D    392
     142     519       0       0       0                        00010500D    393
     142       0       0       1       0                               0D    394
     144     520       0       0       0                        00000000D    395
     144       0      -1       1       0                               0D    396
     128     521       0       0       0                        01010000D    397
     128       0       0       3       0                               0D    398
     126     524       0       0       0                        01010500D    399
     126       0       0       2       0                               0D    400
     110     526       0       0       0                        01010000D    401
     110       0       0       1       0                               0D    402
     126     527       0       0       0                        01010500D    403
     126       0       0       6       0                               0D    404
     124     533       0       0       0                        00000000D    405
     124       0       0       3       0                               0D    406
     100     536       0       0       0             405        01010000D    407
     100       0       0       1       0                               0D    408
     126     537       0       0       0                        01010500D    409
     126       0       0       2       0                               0D    410
     110     539       0       0       0                        01010000D    411
     110       0       0       1       0                               0D    412
     126     540       0       0       0                        01010500D    413
     126       0       0       6       0                               0D    414
     124     546       0       0       0                        00000000D    415
     124       0       0       3       0                               0D    416
     100     549       0       0       0             415        01010000D    417
     100       0       0       1       0                               0D    418
     126     550       0       0       0                        01010500D    419
     126       0       0       2       0                               0D    420
     110     552       0       0       0                        01010000D    421
     110       0       0       1       0                               0D    422
     126     553       0       0       0                        01010500D    423
     126       0       0       6       0                               0D    424
     124     559       0       0       0                        00000000D    425
     124       0       0       3       0                               0D    426
     100     562       0       0       0             425        01010000D    427
     100       0       0       1       0                               0D    428
     126     563       0       0       0                        01010500D    429
     126       0       0       2       0                               0D    430
     110     565       0       0       0                        01010000D    431
     110       0       0       1       0                               0D    432
     126     566       0       0       0                        01010500D    433
     126       0       0       6       0                               0D    434
     124     572       0       0       0                        00000000D    435
     124       0       0       2       0                               0D    436
     100     574       0       0       0             435        01010000D    437
     100       0       0       1       0                               0D    438
     102     575       0       0       0                        01010500D    439
     102       0       0       1       0                               0D    440
     102     576       0       0       0                        01010000D    441
     102       0       0       1       0                               0D    442
     142     577       0       0       0                        00010500D    443
     142       0       0       1       0                               0D    444
     126     578       0       0       0                        01010500D    445
     126       0       0      20       0                               0D    446
     126     598       0       0       0                        01010000D    447
     126       0       0      13       0                               0D    448
     126     611       0       0       0                        01010500D    449
     126       0       0      10       0                               0D    450
     126     621       0       0       0                        01010000D    451
     126       0       0       5       0                               0D    452
     126     626       0       0       0                        01010500D    453
     126       0       0      20       0                               0D    454
     126     646       0       0       0                        01010000D    455
     126       0       0      10       0                               0D    456
     126     656       0       0       0                        01010500D    457
     126       0       0      10       0                               0D    458
     126     666       0       0       0                        01010000D    459
     126       0       0       5       0                               0D    460
     126     671       0       0       0                        01010500D    461
     126       0       0      23       0                               0D    462
     126     694       0       0       0                        01010000D    463
     126       0       0      12       0                               0D    464
     126     706       0       0       0                        01010500D    465
     126       0       0      10       0                               0D    466
     126     716       0       0       0                        01010000D    467
     126       0       0       4       0                               0D    468
     126     720       0       0       0                        01010500D    469
     126       0       0      20       0                               0D    470
     126     740       0       0       0                        01010000D    471
     126       0       0      10       0                               0D    472
     126     750       0       0       0                        01010500D    473
     126       0       0      10       0                               0D    474
     126     760       0       0       0                        01010000D    475
     126       0       0       5       0                               0D    476
     102     765       0       0       0                        01010500D    477
     102       0       0       1       0                               0D    478
     102     766       0       0       0                        01010000D    479
     102       0       0       1       0                               0D    480
     142     767       0       0       0                        00010500D    481
     142       0       0       1       0                               0D    482
     144     768       0       0       0                        00000000D    483
     144       0      -1       1       0                               0D    484
     128     769       0       0       0                        01010000D    485
     128       0       0       2       0                               0D    486
     126     771       0       0       0                        01010500D    487
     126       0       0       2       0                               0D    488
     110     773       0       0       0                        01010000D    489
     110       0       0       1       0                               0D    490
     126     774       0       0       0                        01010500D    491
     126       0       0      11       0                               0D    492
     124     785       0       0       0                        00000000D    493
     124       0       0       2       0                               0D    494
     100     787       0       0       0             493        01010000D    495
     100       0       0       1       0                               0D    496
     126     788       0       0       0                        01010500D    497
     126       0       0       2       0                               0D    498
     110     790       0       0       0                        01010000D    499
     110       0       0       1       0                               0D    500
     126     791       0       0       0                        01010500D    501
     126       0       0      11       0                               0D    502
     124     802       0       0       0                        00000000D    503
     124       0       0       3       0                               0D    504
     100     805       0       0       0             503        01010000D    505
     100       0       0       1       0                               0D    506
     126     806       0       0       0                        01010500D    507
     126       0       0       2       0                               0D    508
     110     808       0       0       0                        01010000D    509
     110       0       0       1       0                               0D    510
     126     809       0       0       0                        01010500D    511
     126       0       0      11       0                               0D    512
     124     820       0       0       0                        00000000D    513
     124       0       0       3       0                               0D    514
     100     823       0       0       0             513        01010000D    515
     100       0       0       1       0                               0D    516
     126     824       0       0       0                        01010500D    517
     126       0       0       2       0                               0D    518
     110     826       0       0       0                        01010000D    519
     110       0       0       1       0                               0D    520
     126     827       0       0       0                        01010500D    521
     126       0       0      11       0                               0D    522
     124     838       0       0       0                        00000000D    523
     124       0       0       3       0                               0D    524
     100     841       0       0       0             523        01010000D    525
     100       0       0       1       0                               0D    526
     102     842       0       0       0                        01010500D    527
     102       0       0       1       0                               0D    528
     102     843       0       0       0                        01010000D    529
     102       0       0       1       0                               0D    530
     142     844       0       0       0                        00010500D    531
     142       0       0       1       0                               0D    532
     126     845       0       0       0                        01010500D    533
     126       0       0       2       0                               0D    534
     110     847       0       0       0                        01010000D    535
     110       0       0       1       0                               0D    536
     126     848       0       0       0                        01010500D    537
     126       0       0      11       0                               0D    538
     124     859       0       0       0                        00000000D    539
     124       0       0       2       0                               0D    540
     100     861       0       0       0             539        01010000D    541
     100       0       0       1       0                               0D    542
     126     862       0       0       0                        01010500D    543
     126       0       0       2       0                               0D    544
     110     864       0       0       0                        01010000D    545
     110       0       0       1       0                               0D    546
     126     865       0       0       0                        01010500D    547
     126       0       0      11       0                               0D    548
     124     876       0       0       0                        00000000D    549
     124       0       0       3       0                               0D    550
     100     879       0       0       0             549        01010000D    551
     100       0       0       1       0                               0D    552
     126     880       0       0       0                        01010500D    553
     126       0       0       2       0                               0D    554
     110     882       0       0       0                        01010000D    555
     110       0       0       1       0                               0D    556
     126     883       0       0       0                        01010500D    557
     126       0       0      11       0                               0D    558
     124     894       0       0       0                        00000000D    559
     124       0       0       3       0                               0D    560
     100     897       0       0       0             559        01010000D    561
     100       0       0       1       0                               0D    562
     126     898       0       0       0                        01010500D    563
     126       0       0       2       0                               0D    564
     110     900       0       0       0                        01010000D    565
     110       0       0       1       0                               0D    566
     126     901       0       0       0                        01010500D    567
     126       0       0      11       0                               0D    568
     124     912       0       0       0                        00000000D    569
     124       0       0       3       0                               0D    570
     100     915       0       0       0             569        01010000D    571
     100       0       0       1       0                               0D    572
     102     916       0       0       0                        01010500D    573
     102       0       0       1       0                               0D    574
     102     917       0       0       0                        01010000D    575
     102       0       0       1       0                               0D    576
     142     918       0       0       0                        00010500D    577
     142       0       0       1       0                               0D    578
     144     919       0       0       0                        00000000D    579
     144       0      -1       1       0                               0D    580
     128     920       0       0       0                        01010000D    581
     128       0       0       4       0                               0D    582
     126     924       0       0       0                        01010500D    583
     126       0       0      22       0                               0D    584
     124     946       0       0       0                        00000000D    585
     124       0       0       2       0                               0D    586
     100     948       0       0       0             585        01010000D    587
     100       0       0       1       0                               0D    588
     126     949       0       0       0                        01010500D    589
     126       0       0      22       0                               0D    590
     124     971       0       0       0                        00000000D    591
     124       0       0       3       0                               0D    592
     100     974       0       0       0             591        01010000D    593
     100       0       0       1       0                               0D    594
     102     975       0       0       0                        01010500D    595
     102       0       0       1       0                               0D    596
     102     976       0       0       0                        01010000D    597
     102       0       0       1       0                               0D    598
     142     977       0       0       0                        00010500D    599
     142       0       0       1       0                               0D    600
     144     978       0       0       0                        00000000D    601
     144       0      -1       1       0                               0D    602
     128     979       0       0       0                        01010000D    603
     128       0       0      69       0                               0D    604
     126    1048       0       0       0                        01010500D    605
     126       0       0       5       0                               0D    606
     126    1053       0       0       0                        01010000D    607
     126       0       0      20       0                               0D    608
     126    1073       0       0       0                        01010500D    609
     126       0       0       8       0                               0D    610
     126    1081       0       0       0                        01010000D    611
     126       0       0       9       0                               0D    612
     126    1090       0       0       0                        01010500D    613
     126       0       0      12       0                               0D    614
     126    1102       0       0       0                        01010000D    615
     126       0       0       6       0                               0D    616
     126    1108       0       0       0                        01010500D    617
     126       0       0       3       0                               0D    618
     126    1111       0       0       0                        01010000D    619
     126       0       0       9       0                               0D    620
     126    1120       0       0       0                        01010500D    621
     126       0       0       9       0                               0D    622
     126    1129       0       0       0                        01010000D    623
     126       0       0      24       0                               0D    624
     126    1153       0       0       0                        01010500D    625
     126       0       0       3       0                               0D    626
     126    1156       0       0       0                        01010000D    627
     126       0       0       9       0                               0D    628
     126    1165       0       0       0                        01010500D    629
     126       0       0      12       0                               0D    630
     126    1177       0       0       0                        01010000D    631
     126       0       0       6       0                               0D    632
     126    1183       0       0       0                        01010500D    633
     126       0       0       3       0                               0D    634
     126    1186       0       0       0                        01010000D    635
     126       0       0       9       0                               0D    636
     126    1195       0       0       0                        01010500D    637
     126       0       0       8       0                               0D    638
     126    1203       0       0       0                        01010000D    639
     126       0       0      12       0                               0D    640
     126    1215       0       0       0                        01010500D    641
     126       0       0       2       0                               0D    642
     126    1217       0       0       0                        01010000D    643
     126       0       0       4       0                               0D    644
     126    1221       0       0       0                        01010500D    645
     126       0       0       2       0                               0D    646
     124    1223       0       0       0                        00000000D    647
     124       0       0       2       0                               0D    648
     100    1225       0       0       0             647        01010000D    649
     100       0       0       1       0                               0D    650
     126    1226       0       0       0                        01010500D    651
     126       0       0       2       0                               0D    652
     126    1228       0       0       0                        01010000D    653
     126       0       0       5       0                               0D    654
     102    1233       0       0       0                        01010500D    655
     102       0       0       1       0                               0D    656
     102    1234       0       0       0                        01010000D    657
     102       0       0       1       0                               0D    658
     142    1235       0       0       0                        00010500D    659
     142       0       0       1       0                               0D    660
     144    1236       0       0       0                        00000000D    661
     144       0      -1       1       0                               0D    662
     128    1237       0       0       0                        01010000D    663
     128       0       0     111       0                               0D    664
     126    1348       0       0       0                        01010500D    665
     126       0       0       2       0                               0D    666
     124    1350       0       0       0                        00000000D    667
     124       0       0       3       0                               0D    668
     100    1353       0       0       0             667        01010000D    669
     100       0       0       1       0                               0D    670
     126    1354       0       0       0                        01010500D    671
     126       0       0       2       0                               0D    672
     124    1356       0       0       0                        00000000D    673
     124       0       0       3       0                               0D    674
     100    1359       0       0       0             673        01010000D    675
     100       0       0       1       0                               0D    676
     126    1360       0       0       0                        01010500D    677
     126       0       0       2       0                               0D    678
     100    1362       0       0       0                        01010000D    679
     100       0       0       1       0                               0D    680
     126    1363       0       0       0                        01010500D    681
     126       0       0       2       0                               0D    682
     124    1365       0       0       0                        00000000D    683
     124       0       0       2       0                               0D    684
     100    1367       0       0       0             683        01010000D    685
     100       0       0       1       0                               0D    686
     102    1368       0       0       0                        01010500D    687
     102       0       0       1       0                               0D    688
     102    1369       0       0       0                        01010000D    689
     102       0       0       1       0                               0D    690
     142    1370       0       0       0                        00010500D    691
     142       0       0       1       0                               0D    692
     144    1371       0       0       0                        00000000D    693
     144       0      -1       1       0                               0D    694
     110    1372       0       0       0                        01010000D    695
     110       0       0       1       0                               0D    696
     110    1373       0       0       0                        01010000D    697
     110       0       0       1       0                               0D    698
     120    1374       0       0       0                        01010000D    699
     120       0       0       1       0                               0D    700
     126    1375       0       0       0                        01010500D    701
     126       0       0       2       0                               0D    702
     124    1377       0       0       0                        00000000D    703
     124       0       0       3       0                               0D    704
     100    1380       0       0       0             703        01010000D    705
     100       0       0       1       0                               0D    706
     126    1381       0       0       0                        01010500D    707
     126       0       0       2       0                               0D    708
     110    1383       0       0       0                        01010000D    709
     110       0       0       1       0                               0D    710
     126    1384       0       0       0                        01010500D    711
     126       0       0       2       0                               0D    712
     100    1386       0       0       0                        01010000D    713
     100       0       0       1       0                               0D    714
     126    1387       0       0       0                        01010500D    715
     126       0       0       2       0                               0D    716
     110    1389       0       0       0                        01010000D    717
     110       0       0       1       0                               0D    718
     102    1390       0       0       0                        01010500D    719
     102       0       0       1       0                               0D    720
     102    1391       0       0       0                        01010000D    721
     102       0       0       1       0                               0D    722
     142    1392       0       0       0                        00010500D    723
     142       0       0       1       0                               0D    724
     144    1393       0       0       0                        00000000D    725
     144       0      -1       1       0                               0D    726
     110    1394       0       0       0                        01010000D    727
     110       0       0       1       0                               0D    728
     110    1395       0       0       0                        01010000D    729
     110       0       0       1       0                               0D    730
     120    1396       0       0       0                        01010000D    731
     120       0       0       1       0                               0D    732
     126    1397       0       0       0                        01010500D    733
     126       0       0       2       0                               0D    734
     124    1399       0       0       0                        00000000D    735
     124       0       0       2       0                               0D    736
     100    1401       0       0       0             735        01010000D    737
     100       0       0       1       0                               0D    738
     126    1402       0       0       0                        01010500D    739
     126       0       0       2       0                               0D    740
     110    1404       0       0       0                        01010000D    741
     110       0       0       1       0                               0D    742
     126    1405       0       0       0                        01010500D    743
     126       0       0       2       0                               0D    744
     124    1407       0       0       0                        00000000D    745
     124       0       0       3       0                               0D    746
     100    1410       0       0       0             745        01010000D    747
     100       0       0       1       0                               0D    748
     126    1411       0       0       0                        01010500D    749
     126       0       0       2       0                               0D    750
     110    1413       0       0       0                        01010000D    751
     110       0       0       1       0                               0D    752
     102    1414       0       0       0                        01010500D    753
     102       0       0       1       0                               0D    754
     102    1415       0       0       0                        01010000D    755
     102       0       0       1       0                               0D    756
     142    1416       0       0       0                        00010500D    757
     142       0       0       1       0                               0D    758
     144    1417       0       0       0                        00000000D    759
     144       0      -1       1       0                               0D    760
     128    1418       0       0       0                        01010000D    761
     128       0       0     118       0                               0D    762
     126    1536       0       0       0                        01010500D    763
     126       0       0       2       0                               0D    764
     124    1538       0       0       0                        00000000D    765
     124       0       0       3       0                               0D    766
     100    1541       0       0       0             765        01010000D    767
     100       0       0       1       0                               0D    768
     126    1542       0       0       0                        01010500D    769
     126       0       0       2       0                               0D    770
     124    1544       0       0       0                        00000000D    771
     124       0       0       2       0                               0D    772
     100    1546       0       0       0             771        01010000D    773
     100       0       0       1       0                               0D    774
     126    1547       0       0       0                        01010500D    775
     126       0       0       2       0                               0D    776
     124    1549       0       0       0                        00000000D    777
     124       0       0       2       0                               0D    778
     100    1551       0       0       0             777        01010000D    779
     100       0       0       1       0                               0D    780
     126    1552       0       0       0                        01010500D    781
     126       0       0       2       0                               0D    782
     124    1554       0       0       0                        00000000D    783
     124       0       0       3       0                               0D    784
     100    1557       0       0       0             783        01010000D    785
     100       0       0       1       0                               0D    786
     102    1558       0       0       0                        01010500D    787
     102       0       0       1       0                               0D    788
     102    1559       0       0       0                        01010000D    789
     102       0       0       1       0                               0D    790
     142    1560       0       0       0                        00010500D    791
     142       0       0       1       0                               0D    792
     144    1561       0       0       0                        00000000D    793
     144       0      -1       1       0                               0D    794
     128    1562       0       0       0                        01010000D    795
     128       0       0     117       0                               0D    796
     126    1679       0       0       0                        01010500D    797
     126       0       0       2       0                               0D    798
     124    1681       0       0       0                        00000000D    799
     124       0       0       2       0                               0D    800
     100    1683       0       0       0             799        01010000D    801
     100       0       0       1       0                               0D    802
     126    1684       0       0       0                        01010500D    803
     126       0       0       2       0                               0D    804
     124    1686       0       0       0                        00000000D    805
     124       0       0       3       0                               0D    806
     100    1689       0       0       0             805        01010000D    807
     100       0       0       1       0                               0D    808
     126    1690       0       0       0                        01010500D    809
     126       0       0       2       0                               0D    810
     100    1692       0       0       0                        01010000D    811
     100       0       0       1       0                               0D    812
     126    1693       0       0       0                        01010500D    813
     126       0       0       2       0                               0D    814
     124    1695       0       0       0                        00000000D    815
     124       0       0       3       0                               0D    816
     100    1698       0       0       0             815        01010000D    817
     100       0       0       1       0                               0D    818
     102    1699       0       0       0                        01010500D    819
     102       0       0       1       0                               0D    820
     102    1700       0       0       0                        01010000D    821
     102       0       0       1       0                               0D    822
     142    1701       0       0       0                        00010500D    823
     142       0       0       1       0                               0D    824
     144    1702       0       0       0                        00000000D    825
     144       0      -1       1       0                               0D    826
     110    1703       0       0       0                        01010000D    827
     110       0       0       1       0                               0D    828
     110    1704       0       0       0                        01010000D    829
     110       0       0       1       0                               0D    830
     120    1705       0       0       0                        01010000D    831
     120       0       0       1       0                               0D    832
     126    1706       0       0       0                        01010500D    833
     126       0       0       2       0                               0D    834
     124    1708       0       0       0                        00000000D    835
     124       0       0       3       0                               0D    836
     100    1711       0       0       0             835        01010000D    837
     100       0       0       1       0                               0D    838
     126    1712       0       0       0                        01010500D    839
     126       0       0       2       0                               0D    840
     110    1714       0       0       0                        01010000D    841
     110       0       0       1       0                               0D    842
     126    1715       0       0       0                        01010500D    843
     126       0       0       2       0                               0D    844
     124    1717       0       0       0                        00000000D    845
     124       0       0       2       0                               0D    846
     100    1719       0       0       0             845        01010000D    847
     100       0       0       1       0                               0D    848
     126    1720       0       0       0                        01010500D    849
     126       0       0       2       0                               0D    850
     110    1722       0       0       0                        01010000D    851
     110       0       0       1       0                               0D    852
     102    1723       0       0       0                        01010500D    853
     102       0       0       1       0                               0D    854
     102    1724       0       0       0                        01010000D    855
     102       0       0       1       0                               0D    856
     142    1725       0       0       0                        00010500D    857
     142       0       0       1       0                               0D    858
     144    1726       0       0       0                        00000000D    859
     144       0      -1       1       0                               0D    860
     110    1727       0       0       0                        01010000D    861
     110       0       0       1       0                               0D    862
     110    1728       0       0       0                        01010000D    863
     110       0       0       1       0                               0D    864
     120    1729       0       0       0                        01010000D    865
     120       0       0       1       0                               0D    866
     126    1730       0       0       0                        01010500D    867
     126       0       0       2       0                               0D    868
     124    1732       0       0       0                        00000000D    869
     124       0       0       5       0                               0D    870
     100    1737       0       0       0             869        01010000D    871
     100       0       0       1       0                               0D    872
     126    1738       0       0       0                        01010500D    873
     126       0       0       2       0                               0D    874
     110    1740       0       0       0                        01010000D    875
     110       0       0       1       0                               0D    876
     126    1741       0       0       0                        01010500D    877
     126       0       0       2       0                               0D    878
     100    1743       0       0       0                        01010000D    879
     100       0       0       1       0                               0D    880
     126    1744       0       0       0                        01010500D    881
     126       0       0       2       0                               0D    882
     110    1746       0       0       0                        01010000D    883
     110       0       0       1       0                               0D    884
     102    1747       0       0       0                        01010500D    885
     102       0       0       1       0                               0D    886
     102    1748       0       0       0                        01010000D    887
     102       0       0       1       0                               0D    888
     142    1749       0       0       0                        00010500D    889
     142       0       0       1       0                               0D    890
     144    1750       0       0       0                        00000000D    891
     144       0      -1       1       0                               0D    892
     128    1751       0       0       0                        01010000D    893
     128       0       0     126       0                               0D    894
     126    1877       0       0       0                        01010500D    895
     126       0       0       2       0                               0D    896
     124    1879       0       0       0                        00000000D    897
     124       0       0       3       0                               0D    898
     100    1882       0       0       0             897        01010000D    899
     100       0       0       1       0                               0D    900
     126    1883       0       0       0                        01010500D    901
     126       0       0       2       0                               0D    902
     124    1885       0       0       0                        00000000D    903
     124       0       0       3       0                               0D    904
     100    1888       0       0       0             903        01010000D    905
     100       0       0       1       0                               0D    906
     126    1889       0       0       0                        01010500D    907
     126       0       0       2       0                               0D    908
     124    1891       0       0       0                        00000000D    909
     124       0       0       5       0                               0D    910
     100    1896       0       0       0             909        01010000D    911
     100       0       0       1       0                               0D    912
     126    1897       0       0       0                        01010500D    913
     126       0       0       2       0                               0D    914
     124    1899       0       0       0                        00000000D    915
     124       0       0       3       0                               0D    916
     100    1902       0       0       0             915        01010000D    917
     100       0       0       1       0                               0D    918
     102    1903       0       0       0                        01010500D    919
     102       0       0       1       0                               0D    920
     102    1904       0       0       0                        01010000D    921
     102       0       0       1       0                               0D    922
     142    1905       0       0       0                        00010500D    923
     142       0       0       1       0                               0D    924
     144    1906       0       0       0                        00000000D    925
     144       0      -1       1       0                               0D    926
     128    1907       0       0       0                        01010000D    927
     128       0       0      72       0                               0D    928
     126    1979       0       0       0                        01010500D    929
     126       0       0       2       0                               0D    930
     124    1981       0       0       0                        00000000D    931
     124       0       0       4       0                               0D    932
     100    1985       0       0       0             931        01010000D    933
     100       0       0       1       0                               0D    934
     126    1986       0       0       0                        01010500D    935
     126       0       0       2       0                               0D    936
     126    1988       0       0       0                        01010000D    937
     126       0       0       5       0                               0D    938
     126    1993       0       0       0                        01010500D    939
     126       0       0       2       0                               0D    940
     124    1995       0       0       0                        00000000D    941
     124       0       0       4       0                               0D    942
     100    1999       0       0       0             941        01010000D    943
     100       0       0       2       0                               0D    944
     126    2001       0       0       0                        01010500D    945
     126       0       0       2       0                               0D    946
     126    2003       0       0       0                        01010000D    947
     126       0       0       6       0                               0D    948
     102    2009       0       0       0                        01010500D    949
     102       0       0       1       0                               0D    950
     102    2010       0       0       0                        01010000D    951
     102       0       0       1       0                               0D    952
     142    2011       0       0       0                        00010500D    953
     142       0       0       1       0                               0D    954
     144    2012       0       0       0                        00000000D    955
     144       0      -1       1       0                               0D    956
     128    2013       0       0       0                        01010000D    957
     128       0       0     136       0                               0D    958
     126    2149       0       0       0                        01010500D    959
     126       0       0       2       0                               0D    960
     124    2151       0       0       0                        00000000D    961
     124       0       0       4       0                               0D    962
     100    2155       0       0       0             961        01010000D    963
     100       0       0       2       0                               0D    964
     126    2157       0       0       0                        01010500D    965
     126       0       0       2       0                               0D    966
     126    2159       0       0       0                        01010000D    967
     126       0       0      13       0                               0D    968
     126    2172       0       0       0                        01010500D    969
     126       0       0       2       0                               0D    970
     124    2174       0       0       0                        00000000D    971
     124       0       0       4       0                               0D    972
     100    2178       0       0       0             971        01010000D    973
     100       0       0       2       0                               0D    974
     126    2180       0       0       0                        01010500D    975
     126       0       0       2       0                               0D    976
     126    2182       0       0       0                        01010000D    977
     126       0       0       9       0                               0D    978
     126    2191       0       0       0                        01010500D    979
     126       0       0       2       0                               0D    980
     126    2193       0       0       0                        01010000D    981
     126       0       0      12       0                               0D    982
     126    2205       0       0       0                        01010500D    983
     126       0       0       2       0                               0D    984
     126    2207       0       0       0                        01010000D    985
     126       0       0      13       0                               0D    986
     126    2220       0       0       0                        01010500D    987
     126       0       0       2       0                               0D    988
     126    2222       0       0       0                        01010000D    989
     126       0       0       9       0                               0D    990
     102    2231       0       0       0                        01010500D    991
     102       0       0       1       0                               0D    992
     102    2232       0       0       0                        01010000D    993
     102       0       0       1       0                               0D    994
     142    2233       0       0       0                        00010500D    995
     142       0       0       1       0                               0D    996
     144    2234       0       0       0                        00000000D    997
     144       0      -1       1       0                               0D    998
     128    2235       0       0       0                        01010000D    999
     128       0       0     122       0                               0D   1000
     126    2357       0       0       0                        01010500D   1001
     126       0       0       2       0                               0D   1002
     126    2359       0       0       0                        01010000D   1003
     126       0       0      24       0                               0D   1004
     126    2383       0       0       0                        01010500D   1005
     126       0       0       2       0                               0D   1006
     126    2385       0       0       0                        01010000D   1007
     126       0       0       9       0                               0D   1008
     126    2394       0       0       0                        01010500D   1009
     126       0       0       2       0                               0D   1010
     124    2396       0       0       0                        00000000D   1011
     124       0       0       4       0                               0D   1012
     100    2400       0       0       0            1011        01010000D   1013
     100       0       0       1       0                               0D   1014
     126    2401       0       0       0                        01010500D   1015
     126       0       0       2       0                               0D   1016
     126    2403       0       0       0                        01010000D   1017
     126       0       0      10       0                               0D   1018
     126    2413       0       0       0                        01010500D   1019
     126       0       0       2       0                               0D   1020
     124    2415       0       0       0                        00000000D   1021
     124       0       0       4       0                               0D   1022
     100    2419       0       0       0            1021        01010000D   1023
     100       0       0       1       0                               0D   1024
     126    2420       0       0       0                        01010500D   1025
     126       0       0       2       0                               0D   1026
     126    2422       0       0       0                        01010000D   1027
     126       0       0       9       0                               0D   1028
     102    2431       0       0       0                        01010500D   1029
     102       0       0       1       0                               0D   1030
     102    2432       0       0       0                        01010000D   1031
     102       0       0       1       0                               0D   1032
     142    2433       0       0       0                        00010500D   1033
     142       0       0       1       0                               0D   1034
     144    2434       0       0       0                        00000000D   1035
     144       0      -1       1       0                               0D   1036
     128    2435       0       0       0                        01010000D   1037
     128       0       0      58       0                               0D   1038
     126    2493       0       0       0                        01010500D   1039
     126       0       0       2       0                               0D   1040
     124    2495       0       0       0                        00000000D   1041
     124       0       0       4       0                               0D   1042
     100    2499       0       0       0            1041        01010000D   1043
     100       0       0       2       0                               0D   1044
     126    2501       0       0       0                        01010500D   1045
     126       0       0       2       0                               0D   1046
     126    2503       0       0       0                        01010000D   1047
     126       0       0       5       0                               0D   1048
     126    2508       0       0       0                        01010500D   1049
     126       0       0       2       0                               0D   1050
     124    2510       0       0       0                        00000000D   1051
     124       0       0       4       0                               0D   1052
     100    2514       0       0       0            1051        01010000D   1053
     100       0       0       1       0                               0D   1054
     126    2515       0       0       0                        01010500D   1055
     126       0       0       2       0                               0D   1056
     126    2517       0       0       0                        01010000D   1057
     126       0       0       6       0                               0D   1058
     102    2523       0       0       0                        01010500D   1059
     102       0       0       1       0                               0D   1060
     102    2524       0       0       0                        01010000D   1061
     102       0       0       1       0                               0D   1062
     142    2525       0       0       0                        00010500D   1063
     142       0       0       1       0                               0D   1064
     144    2526       0       0       0                        00000000D   1065
     144       0      -1       1       0                               0D   1066
     128    2527       0       0       0                        01010000D   1067
     128       0       0      61       0                               0D   1068
     126    2588       0       0       0                        01010500D   1069
     126       0       0       2       0                               0D   1070
     124    2590       0       0       0                        00000000D   1071
     124       0       0       4       0                               0D   1072
     100    2594       0       0       0            1071        01010000D   1073
     100       0       0       1       0                               0D   1074
     126    2595       0       0       0                        01010500D   1075
     126       0       0       2       0                               0D   1076
     126    2597       0       0       0                        01010000D   1077
     126       0       0       6       0                               0D   1078
     126    2603       0       0       0                        01010500D   1079
     126       0       0       2       0                               0D   1080
     124    2605       0       0       0                        00000000D   1081
     124       0       0       4       0                               0D   1082
     100    2609       0       0       0            1081        01010000D   1083
     100       0       0       2       0                               0D   1084
     126    2611       0       0       0                        01010500D   1085
     126       0       0       2       0                               0D   1086
     126    2613       0       0       0                        01010000D   1087
     126       0       0       5       0                               0D   1088
     102    2618       0       0       0                        01010500D   1089
     102       0       0       1       0                               0D   1090
     102    2619       0       0       0                        01010000D   1091
     102       0       0       1       0                               0D   1092
     142    2620       0       0       0                        00010500D   1093
     142       0       0       1       0                               0D   1094
     144    2621       0       0       0                        00000000D   1095
     144       0      -1       1       0                               0D   1096
     128    2622       0       0       0                        01010000D   1097
     128       0       0     120       0                               0D   1098
     126    2742       0       0       0                        01010500D   1099
     126       0       0       2       0                               0D   1100
     124    2744       0       0       0                        00000000D   1101
     124       0       0       4       0                               0D   1102
     100    2748       0       0       0            1101        01010000D   1103
     100       0       0       1       0                               0D   1104
     126    2749       0       0       0                        01010500D   1105
     126       0       0       2       0                               0D   1106
     126    2751       0       0       0                        01010000D   1107
     126       0       0      10       0                               0D   1108
     126    2761       0       0       0                        01010500D   1109
     126       0       0       2       0                               0D   1110
     124    2763       0       0       0                        00000000D   1111
     124       0       0       4       0                               0D   1112
     100    2767       0       0       0            1111        01010000D   1113
     100       0       0       1       0                               0D   1114
     126    2768       0       0       0                        01010500D   1115
     126       0       0       2       0                               0D   1116
     126    2770       0       0       0                        01010000D   1117
     126       0       0       9       0                               0D   1118
     126    2779       0       0       0                        01010500D   1119
     126       0       0       2       0                               0D   1120
     126    2781       0       0       0                        01010000D   1121
     126       0       0      24       0                               0D   1122
     126    2805       0       0       0                        01010500D   1123
     126       0       0       2       0                               0D   1124
     126    2807       0       0       0                        01010000D   1125
     126       0       0       9       0                               0D   1126
     102    2816       0       0       0                        01010500D   1127
     102       0       0       1       0                               0D   1128
     102    2817       0       0       0                        01010000D   1129
     102       0       0       1       0                               0D   1130
     142    2818       0       0       0                        00010500D   1131
     142       0       0       1       0                               0D   1132
     144    2819       0       0       0                        00000000D   1133
     144       0      -1       1       0                               0D   1134
     128    2820       0       0       0                        01010000D   1135
     128       0       0     130       0                               0D   1136
     126    2950       0       0       0                        01010500D   1137
     126       0       0       2       0                               0D   1138
     126    2952       0       0       0                        01010000D   1139
     126       0       0      20       0                               0D   1140
     126    2972       0       0       0                        01010500D   1141
     126       0       0       2       0                               0D   1142
     126    2974       0       0       0                        01010000D   1143
     126       0       0       9       0                               0D   1144
     126    2983       0       0       0                        01010500D   1145
     126       0       0       2       0                               0D   1146
     124    2985       0       0       0                        00000000D   1147
     124       0       0       4       0                               0D   1148
     100    2989       0       0       0            1147        01010000D   1149
     100       0       0       2       0                               0D   1150
     126    2991       0       0       0                        01010500D   1151
     126       0       0       2       0                               0D   1152
     126    2993       0       0       0                        01010000D   1153
     126       0       0      13       0                               0D   1154
     126    3006       0       0       0                        01010500D   1155
     126       0       0       2       0                               0D   1156
     124    3008       0       0       0                        00000000D   1157
     124       0       0       4       0                               0D   1158
     100    3012       0       0       0            1157        01010000D   1159
     100       0       0       2       0                               0D   1160
     126    3014       0       0       0                        01010500D   1161
     126       0       0       2       0                               0D   1162
     126    3016       0       0       0                        01010000D   1163
     126       0       0       9       0                               0D   1164
     126    3025       0       0       0                        01010500D   1165
     126       0       0       2       0                               0D   1166
     126    3027       0       0       0                        01010000D   1167
     126       0       0      18       0                               0D   1168
     102    3045       0       0       0                        01010500D   1169
     102       0       0       1       0                               0D   1170
     102    3046       0       0       0                        01010000D   1171
     102       0       0       1       0                               0D   1172
     142    3047       0       0       0                        00010500D   1173
     142       0       0       1       0                               0D   1174
     144    3048       0       0       0                        00000000D   1175
     144       0      -1       1       0                               0D   1176
     128    3049       0       0       0                        01010000D   1177
     128       0       0      73       0                               0D   1178
     126    3122       0       0       0                        01010500D   1179
     126       0       0       2       0                               0D   1180
     124    3124       0       0       0                        00000000D   1181
     124       0       0       4       0                               0D   1182
     100    3128       0       0       0            1181        01010000D   1183
     100       0       0       1       0                               0D   1184
     126    3129       0       0       0                        01010500D   1185
     126       0       0       2       0                               0D   1186
     126    3131       0       0       0                        01010000D   1187
     126       0       0       5       0                               0D   1188
     126    3136       0       0       0                        01010500D   1189
     126       0       0       2       0                               0D   1190
     124    3138       0       0       0                        00000000D   1191
     124       0       0       4       0                               0D   1192
     100    3142       0       0       0            1191        01010000D   1193
     100       0       0       2       0                               0D   1194
     126    3144       0       0       0                        01010500D   1195
     126       0       0       2       0                               0D   1196
     126    3146       0       0       0                        01010000D   1197
     126       0       0       6       0                               0D   1198
     102    3152       0       0       0                        01010500D   1199
     102       0       0       1       0                               0D   1200
     102    3153       0       0       0                        01010000D   1201
     102       0       0       1       0                               0D   1202
     142    3154       0       0       0                        00010500D   1203
     142       0       0       1       0                               0D   1204
     144    3155       0       0       0                        00000000D   1205
     144       0      -1       1       0                               0D   1206
     128    3156       0       0       0                        01010000D   1207
     128       0       0       3       0                               0D   1208
     126    3159       0       0       0                        01010500D   1209
     126       0       0       2       0                               0D   1210
     110    3161       0       0       0                        01010000D   1211
     110       0       0       1       0                               0D   1212
     126    3162       0       0       0                        01010500D   1213
     126       0       0       2       0                               0D   1214
     110    3164       0       0       0                        01010000D   1215
     110       0       0       1       0                               0D   1216
     126    3165       0       0       0                        01010500D   1217
     126       0       0       2       0                               0D   1218
     110    3167       0       0       0                        01010000D   1219
     110       0       0       1       0                               0D   1220
     126    3168       0       0       0                        01010500D   1221
     126       0       0       2       0                               0D   1222
     110    3170       0       0       0                        01010000D   1223
     110       0       0       1       0                               0D   1224
     102    3171       0       0       0                        01010500D   1225
     102       0       0       1       0                               0D   1226
     102    3172       0       0       0                        01010000D   1227
     102       0       0       1       0                               0D   1228
     142    3173       0       0       0                        00010500D   1229
     142       0       0       1       0                               0D   1230
     144    3174       0       0       0                        00000000D   1231
     144       0      -1       1       0                               0D   1232
     110    3175       0       0       0                        01010000D   1233
     110       0       0       1       0                               0D   1234
     110    3176       0       0       0                        01010000D   1235
     110       0       0       1       0                               0D   1236
     120    3177       0       0       0                        01010000D   1237
     120       0       0       1       0                               0D   1238
     126    3178       0       0       0                        01010500D   1239
     126       0       0       2       0                               0D   1240
     124    3180       0       0       0                        00000000D   1241
     124       0       0       3       0                               0D   1242
     100    3183       0       0       0            1241        01010000D   1243
     100       0       0       1       0                               0D   1244
     126    3184       0       0       0                        01010500D   1245
     126       0       0       2       0                               0D   1246
     110    3186       0       0       0                        01010000D   1247
     110       0       0       1       0                               0D   1248
     126    3187       0       0       0                        01010500D   1249
     126       0       0       2       0                               0D   1250
     124    3189       0       0       0                        00000000D   1251
     124       0       0       4       0                               0D   1252
     100    3193       0       0       0            1251        01010000D   1253
     100       0       0       1       0                               0D   1254
     126    3194       0       0       0                        01010500D   1255
     126       0       0       2       0                               0D   1256
     110    3196       0       0       0                        01010000D   1257
     110       0       0       1       0                               0D   1258
     102    3197       0       0       0                        01010500D   1259
     102       0       0       1       0                               0D   1260
     102    3198       0       0       0                        01010000D   1261
     102       0       0       1       0                               0D   1262
     142    3199       0       0       0                        00010500D   1263
     142       0       0       1       0                               0D   1264
     144    3200       0       0       0                        00000000D   1265
     144       0      -1       1       0                               0D   1266
     128    3201       0       0       0                        01010000D   1267
     128       0       0       2       0                               0D   1268
     126    3203       0       0       0                        01010500D   1269
     126       0       0       2       0                               0D   1270
     110    3205       0       0       0                        01010000D   1271
     110       0       0       1       0                               0D   1272
     126    3206       0       0       0                        01010500D   1273
     126       0       0       2       0                               0D   1274
     110    3208       0       0       0                        01010000D   1275
     110       0       0       1       0                               0D   1276
     126    3209       0       0       0                        01010500D   1277
     126       0       0       2       0                               0D   1278
     110    3211       0       0       0                        01010000D   1279
     110       0       0       1       0                               0D   1280
     126    3212       0       0       0                        01010500D   1281
     126       0       0       2       0                               0D   1282
     110    3214       0       0       0                        01010000D   1283
     110       0       0       1       0                               0D   1284
     102    3215       0       0       0                        01010500D   1285
     102       0       0       1       0                               0D   1286
     102    3216       0       0       0                        01010000D   1287
     102       0       0       1       0                               0D   1288
     142    3217       0       0       0                        00010500D   1289
     142       0       0       1       0                               0D   1290
     144    3218       0       0       0                        00000000D   1291
     144       0      -1       1       0                               0D   1292
     110    3219       0       0       0                        01010000D   1293
     110       0       0       1       0                               0D   1294
     110    3220       0       0       0                        01010000D   1295
     110       0       0       1       0                               0D   1296
     120    3221       0       0       0                        01010000D   1297
     120       0       0       1       0                               0D   1298
     126    3222       0       0       0                        01010500D   1299
     126       0       0       2       0                               0D   1300
     124    3224       0       0       0                        00000000D   1301
     124       0       0       2       0                               0D   1302
     100    3226       0       0       0            1301        01010000D   1303
     100       0       0       1       0                               0D   1304
     126    3227       0       0       0                        01010500D   1305
     126       0       0       2       0                               0D   1306
     110    3229       0       0       0                        01010000D   1307
     110       0       0       1       0                               0D   1308
     126    3230       0       0       0                        01010500D   1309
     126       0       0       2       0                               0D   1310
     124    3232       0       0       0                        00000000D   1311
     124       0       0       3       0                               0D   1312
     100    3235       0       0       0            1311        01010000D   1313
     100       0       0       1       0                               0D   1314
     126    3236       0       0       0                        01010500D   1315
     126       0       0       2       0                               0D   1316
     110    3238       0       0       0                        01010000D   1317
     110       0       0       1       0                               0D   1318
     102    3239       0       0       0                        01010500D   1319
     102       0       0       1       0                               0D   1320
     102    3240       0       0       0                        01010000D   1321
     102       0       0       1       0                               0D   1322
     142    3241       0       0       0                        00010500D   1323
     142       0       0       1       0                               0D   1324
     144    3242       0       0       0                        00000000D   1325
     144       0      -1       1       0                               0D   1326
     128    3243       0       0       0                        01010000D   1327
     128       0       0       3       0                               0D   1328
     126    3246       0       0       0                        01010500D   1329
     126       0       0       2       0                               0D   1330
     110    3248       0       0       0                        01010000D   1331
     110       0       0       1       0                               0D   1332
     126    3249       0       0       0                        01010500D   1333
     126       0       0       2       0                               0D   1334
     110    3251       0       0       0                        01010000D   1335
     110       0       0       1       0                               0D   1336
     126    3252       0       0       0                        01010500D   1337
     126       0       0       2       0                               0D   1338
     110    3254       0       0       0                        01010000D   1339
     110       0       0       1       0                               0D   1340
     126    3255       0       0       0                        01010500D   1341
     126       0       0       2       0                               0D   1342
     110    3257       0       0       0                        01010000D   1343
     110       0       0       1       0                               0D   1344
     102    3258       0       0       0                        01010500D   1345
     102       0       0       1       0                               0D   1346
     102    3259       0       0       0                        01010000D   1347
     102       0       0       1       0                               0D   1348
     142    3260       0       0       0                        00010500D   1349
     142       0       0       1       0                               0D   1350
     144    3261       0       0       0                        00000000D   1351
     144       0      -1       1       0                               0D   1352
     110    3262       0       0       0                        01010000D   1353
     110       0       0       1       0                               0D   1354
     110    3263       0       0       0                        01010000D   1355
     110       0       0       1       0                               0D   1356
     120    3264       0       0       0                        01010000D   1357
     120       0       0       1       0                               0D   1358
     126    3265       0       0       0                        01010500D   1359
     126       0       0       2       0                               0D   1360
     124    3267       0       0       0                        00000000D   1361
     124       0       0       3       0                               0D   1362
     100    3270       0       0       0            1361        01010000D   1363
     100       0       0       1       0                               0D   1364
     126    3271       0       0       0                        01010500D   1365
     126       0       0       2       0                               0D   1366
     110    3273       0       0       0                        01010000D   1367
     110       0       0       1       0                               0D   1368
     126    3274       0       0       0                        01010500D   1369
     126       0       0       2       0                               0D   1370
     124    3276       0       0       0                        00000000D   1371
     124       0       0       3       0                               0D   1372
     100    3279       0       0       0            1371        01010000D   1373
     100       0       0       1       0                               0D   1374
     126    3280       0       0       0                        01010500D   1375
     126       0       0       2       0                               0D   1376
     110    3282       0       0       0                        01010000D   1377
     110       0       0       1       0                               0D   1378
     102    3283       0       0       0                        01010500D   1379
     102       0       0       1       0                               0D   1380
     102    3284       0       0       0                        01010000D   1381
     102       0       0       1       0                               0D   1382
     142    3285       0       0       0                        00010500D   1383
     142       0       0       1       0                               0D   1384
     144    3286       0       0       0                        00000000D   1385
     144       0      -1       1       0                               0D   1386
     128    3287       0       0       0                        01010000D   1387
     128       0       0       2       0                               0D   1388
     126    3289       0       0       0                        01010500D   1389
     126       0       0       2       0                               0D   1390
     110    3291       0       0       0                        01010000D   1391
     110       0       0       1       0                               0D   1392
     126    3292       0       0       0                        01010500D   1393
     126       0       0       2       0                               0D   1394
     110    3294       0       0       0                        01010000D   1395
     110       0       0       1       0                               0D   1396
     126    3295       0       0       0                        01010500D   1397
     126       0       0       2       0                               0D   1398
     110    3297       0       0       0                        01010000D   1399
     110       0       0       1       0                               0D   1400
     126    3298       0       0       0                        01010500D   1401
     126       0       0       2       0                               0D   1402
     110    3300       0       0       0                        01010000D   1403
     110       0       0       1       0                               0D   1404
     102    3301       0       0       0                        01010500D   1405
     102       0       0       1       0                               0D   1406
     102    3302       0       0       0                        01010000D   1407
     102       0       0       1       0                               0D   1408
     142    3303       0       0       0                        00010500D   1409
     142       0       0       1       0                               0D   1410
     144    3304       0       0       0                        00000000D   1411
     144       0      -1       1       0                               0D   1412
     110    3305       0       0       0                        01010000D   1413
     110       0       0       1       0                               0D   1414
     110    3306       0       0       0                        01010000D   1415
     110       0       0       1       0                               0D   1416
     120    3307       0       0       0                        01010000D   1417
     120       0       0       1       0                               0D   1418
     126    3308       0       0       0                        01010500D   1419
     126       0       0       2       0                               0D   1420
     124    3310       0       0       0                        00000000D   1421
     124       0       0       3       0                               0D   1422
     100    3313       0       0       0            1421        01010000D   1423
     100       0       0       1       0                               0D   1424
     126    3314       0       0       0                        01010500D   1425
     126       0       0       2       0                               0D   1426
     110    3316       0       0       0                        01010000D   1427
     110       0       0       1       0                               0D   1428
     126    3317       0       0       0                        01010500D   1429
     126       0       0       2       0                               0D   1430
     124    3319       0       0       0                        00000000D   1431
     124       0       0       3       0                               0D   1432
     100    3322       0       0       0            1431        01010000D   1433
     100       0       0       1       0                               0D   1434
     126    3323       0       0       0                        01010500D   1435
     126       0       0       2       0                               0D   1436
     110    3325       0       0       0                        01010000D   1437
     110       0       0       1       0                               0D   1438
     102    3326       0       0       0                        01010500D   1439
     102       0       0       1       0                               0D   1440
     102    3327       0       0       0                        01010000D   1441
     102       0       0       1       0                               0D   1442
     142    3328       0       0       0                        00010500D   1443
     142       0       0       1       0                               0D   1444
     144    3329       0       0       0                        00000000D   1445
     144       0      -1       1       0                               0D   1446
     128    3330       0       0       0                        01010000D   1447
     128       0       0       2       0                               0D   1448
     126    3332       0       0       0                        01010500D   1449
     126       0       0       2       0                               0D   1450
     110    3334       0       0       0                        01010000D   1451
     110       0       0       1       0                               0D   1452
     126    3335       0       0       0                        01010500D   1453
     126       0       0       2       0                               0D   1454
     110    3337       0       0       0                        01010000D   1455
     110       0       0       1       0                               0D   1456
     126    3338       0       0       0                        01010500D   1457
     126       0       0       2       0                               0D   1458
     110    3340       0       0       0                        01010000D   1459
     110       0       0       1       0                               0D   1460
     126    3341       0       0       0                        01010500D   1461
     126       0       0       2       0                               0D   1462
     110    3343       0       0       0                        01010000D   1463
     110       0       0       1       0                               0D   1464
     102    3344       0       0       0                        01010500D   1465
     102       0       0       1       0                               0D   1466
     102    3345       0       0       0                        01010000D   1467
     102       0       0       1       0                               0D   1468
     142    3346       0       0       0                        00010500D   1469
     142       0       0       1       0                               0D   1470
     144    3347       0       0       0                        00000000D   1471
     144       0      -1       1       0                               0D   1472
     110    3348       0       0       0                        01010000D   1473
     110       0       0       1       0                               0D   1474
     110    3349       0       0       0                        01010000D   1475
     110       0       0       1       0                               0D   1476
     120    3350       0       0       0                        01010000D   1477
     120       0       0       1       0                               0D   1478
     126    3351       0       0       0                        01010500D   1479
     126       0       0       2       0                               0D   1480
     124    3353       0       0       0                        00000000D   1481
     124       0       0       3       0                               0D   1482
     100    3356       0       0       0            1481        01010000D   1483
     100       0       0       1       0                               0D   1484
     126    3357       0       0       0                        01010500D   1485
     126       0       0       2       0                               0D   1486
     110    3359       0       0       0                        01010000D   1487
     110       0       0       1       0                               0D   1488
     126    3360       0       0       0                        01010500D   1489
     126       0       0       2       0                               0D   1490
     124    3362       0       0       0                        00000000D   1491
     124       0       0       3       0                               0D   1492
     100    3365       0       0       0            1491        01010000D   1493
     100       0       0       1       0                               0D   1494
     126    3366       0       0       0                        01010500D   1495
     126       0       0       2       0                               0D   1496
     110    3368       0       0       0                        01010000D   1497
     110       0       0       1       0                               0D   1498
     102    3369       0       0       0                        01010500D   1499
     102       0       0       1       0                               0D   1500
     102    3370       0       0       0                        01010000D   1501
     102       0       0       1       0                               0D   1502
     142    3371       0       0       0                        00010500D   1503
     142       0       0       1       0                               0D   1504
     144    3372       0       0       0                        00000000D   1505
     144       0      -1       1       0                               0D   1506
     110    3373       0       0       0                        01010000D   1507
     110       0       0       1       0                               0D   1508
     110    3374       0       0       0                        01010000D   1509
     110       0       0       1       0                               0D   1510
     120    3375       0       0       0                        01010000D   1511
     120       0       0       1       0                               0D   1512
     126    3376       0       0       0                        01010500D   1513
     126       0       0       2       0                               0D   1514
     124    3378       0       0       0                        00000000D   1515
     124       0       0       3       0                               0D   1516
     100    3381       0       0       0            1515        01010000D   1517
     100       0       0       1       0                               0D   1518
     126    3382       0       0       0                        01010500D   1519
     126       0       0       2       0                               0D   1520
     110    3384       0       0       0                        01010000D   1521
     110       0       0       1       0                               0D   1522
     126    3385       0       0       0                        01010500D   1523
     126       0       0       2       0                               0D   1524
     124    3387       0       0       0                        00000000D   1525
     124       0       0       2       0                               0D   1526
     100    3389       0       0       0            1525        01010000D   1527
     100       0       0       1       0                               0D   1528
     126    3390       0       0       0                        01010500D   1529
     126       0       0       2       0                               0D   1530
     110    3392       0       0       0                        01010000D   1531
     110       0       0       1       0                               0D   1532
     102    3393       0       0       0                        01010500D   1533
     102       0       0       1       0                               0D   1534
     102    3394       0       0       0                        01010000D   1535
     102       0       0       1       0                               0D   1536
     142    3395       0       0       0                        00010500D   1537
     142       0       0       1       0                               0D   1538
     144    3396       0       0       0                        00000000D   1539
     144       0      -1       1       0                               0D   1540
     128    3397       0       0       0                        01010000D   1541
     128       0       0       2       0                               0D   1542
     126    3399       0       0       0                        01010500D   1543
     126       0       0       2       0                               0D   1544
     110    3401       0       0       0                        01010000D   1545
     110       0       0       1       0                               0D   1546
     126    3402       0       0       0                        01010500D   1547
     126       0       0       2       0                               0D   1548
     110    3404       0       0       0                        01010000D   1549
     110       0       0       1       0                               0D   1550
     126    3405       0       0       0                        01010500D   1551
     126       0       0       2       0                               0D   1552
     110    3407       0       0       0                        01010000D   1553
     110       0       0       1       0                               0D   1554
     126    3408       0       0       0                        01010500D   1555
     126       0       0       2       0                               0D   1556
     110    3410       0       0       0                        01010000D   1557
     110       0       0       1       0                               0D   1558
     102    3411       0       0       0                        01010500D   1559
     102       0       0       1       0                               0D   1560
     102    3412       0       0       0                        01010000D   1561
     102       0       0       1       0                               0D   1562
     142    3413       0       0       0                        00010500D   1563
     142       0       0       1       0                               0D   1564
     144    3414       0       0       0                        00000000D   1565
     144       0      -1       1       0                               0D   1566
     128    3415       0       0       0                        01010000D   1567
     128       0       0       2       0                               0D   1568
     126    3417       0       0       0                        01010500D   1569
     126       0       0       2       0                               0D   1570
     110    3419       0       0       0                        01010000D   1571
     110       0       0       1       0                               0D   1572
     126    3420       0       0       0                        01010500D   1573
     126       0       0       2       0                               0D   1574
     110    3422       0       0       0                        01010000D   1575
     110       0       0       1       0                               0D   1576
     126    3423       0       0       0                        01010500D   1577
     126       0       0       2       0                               0D   1578
     110    3425       0       0       0                        01010000D   1579
     110       0       0       1       0                               0D   1580
     126    3426       0       0       0                        01010500D   1581
     126       0       0       2       0                               0D   1582
     110    3428       0       0       0                        01010000D   1583
     110       0       0       1       0                               0D   1584
     102    3429       0       0       0                        01010500D   1585
     102       0       0       1       0                               0D   1586
     102    3430       0       0       0                        01010000D   1587
     102       0       0       1       0                               0D   1588
     142    3431       0       0       0                        00010500D   1589
     142       0       0       1       0                               0D   1590
     144    3432       0       0       0                        00000000D   1591
     144       0      -1       1       0                               0D   1592
     110    3433       0       0       0                        01010000D   1593
     110       0       0       1       0                               0D   1594
     110    3434       0       0       0                        01010000D   1595
     110       0       0       1       0                               0D   1596
     120    3435       0       0       0                        01010000D   1597
     120       0       0       1       0                               0D   1598
     126    3436       0       0       0                        01010500D   1599
     126       0       0       2       0                               0D   1600
     124    3438       0       0       0                        00000000D   1601
     124       0       0       3       0                               0D   1602
     100    3441       0       0       0            1601        01010000D   1603
     100       0       0       1       0                               0D   1604
     126    3442       0       0       0                        01010500D   1605
     126       0       0       2       0                               0D   1606
     110    3444       0       0       0                        01010000D   1607
     110       0       0       1       0                               0D   1608
     126    3445       0       0       0                        01010500D   1609
     126       0       0       2       0                               0D   1610
     124    3447       0       0       0                        00000000D   1611
     124       0       0       3       0                               0D   1612
     100    3450       0       0       0            1611        01010000D   1613
     100       0       0       1       0                               0D   1614
     126    3451       0       0       0                        01010500D   1615
     126       0       0       2       0                               0D   1616
     110    3453       0       0       0                        01010000D   1617
     110       0       0       1       0                               0D   1618
     102    3454       0       0       0                        01010500D   1619
     102       0       0       1       0                               0D   1620
     102    3455       0       0       0                        01010000D   1621
     102       0       0       1       0                               0D   1622
     142    3456       0       0       0                        00010500D   1623
     142       0       0       1       0                               0D   1624
     144    3457       0       0       0                        00000000D   1625
     144       0      -1       1       0                               0D   1626
     110    3458       0       0       0                        01010000D   1627
     110       0       0       1       0                               0D   1628
     110    3459       0       0       0                        01010000D   1629
     110       0       0       1       0                               0D   1630
     120    3460       0       0       0                        01010000D   1631
     120       0       0       1       0                               0D   1632
     126    3461       0       0       0                        01010500D   1633
     126       0       0       2       0                               0D   1634
     124    3463       0       0       0                        00000000D   1635
     124       0       0       4       0                               0D   1636
     100    3467       0       0       0            1635        01010000D   1637
     100       0       0       1       0                               0D   1638
     126    3468       0       0       0                        01010500D   1639
     126       0       0       2       0                               0D   1640
     110    3470       0       0       0                        01010000D   1641
     110       0       0       1       0                               0D   1642
     126    3471       0       0       0                        01010500D   1643
     126       0       0       2       0                               0D   1644
     124    3473       0       0       0                        00000000D   1645
     124       0       0       3       0                               0D   1646
     100    3476       0       0       0            1645        01010000D   1647
     100       0       0       1       0                               0D   1648
     126    3477       0       0       0                        01010500D   1649
     126       0       0       2       0                               0D   1650
     110    3479       0       0       0                        01010000D   1651
     110       0       0       1       0                               0D   1652
     102    3480       0       0       0                        01010500D   1653
     102       0       0       1       0                               0D   1654
     102    3481       0       0       0                        01010000D   1655
     102       0       0       1       0                               0D   1656
     142    3482       0       0       0                        00010500D   1657
     142       0       0       1       0                               0D   1658
     144    3483       0       0       0                        00000000D   1659
     144       0      -1       1       0                               0D   1660
     128    3484       0       0       0                        01010000D   1661
     128       0       0       3       0                               0D   1662
     126    3487       0       0       0                        01010500D   1663
     126       0       0       2       0                               0D   1664
     110    3489       0       0       0                        01010000D   1665
     110       0       0       1       0                               0D   1666
     126    3490       0       0       0                        01010500D   1667
     126       0       0       2       0                               0D   1668
     110    3492       0       0       0                        01010000D   1669
     110       0       0       1       0                               0D   1670
     126    3493       0       0       0                        01010500D   1671
     126       0       0       2       0                               0D   1672
     110    3495       0       0       0                        01010000D   1673
     110       0       0       1       0                               0D   1674
     126    3496       0       0       0                        01010500D   1675
     126       0       0       2       0                               0D   1676
     110    3498       0       0       0                        01010000D   1677
     110       0       0       1       0                               0D   1678
     102    3499       0       0       0                        01010500D   1679
     102       0       0       1       0                               0D   1680
     102    3500       0       0       0                        01010000D   1681
     102       0       0       1       0                               0D   1682
     142    3501       0       0       0                        00010500D   1683
     142       0       0       1       0                               0D   1684
     144    3502       0       0       0                        00000000D   1685
     144       0      -1       1       0                               0D   1686
     128    3503       0       0       0                        01010000D   1687
     128       0       0       3       0                               0D   1688
     126    3506       0       0       0                        01010500D   1689
     126       0       0       2       0                               0D   1690
     110    3508       0       0       0                        01010000D   1691
     110       0       0       1       0                               0D   1692
     126    3509       0       0       0                        01010500D   1693
     126       0       0       2       0                               0D   1694
     110    3511       0       0       0                        01010000D   1695
     110       0       0       1       0                               0D   1696
     126    3512       0       0       0                        01010500D   1697
     126       0       0       2       0                               0D   1698
     110    3514       0       0       0                        01010000D   1699
     110       0       0       1       0                               0D   1700
     126    3515       0       0       0                        01010500D   1701
     126       0       0       2       0                               0D   1702
     110    3517       0       0       0                        01010000D   1703
     110       0       0       1       0                               0D   1704
     102    3518       0       0       0                        01010500D   1705
     102       0       0       1       0                               0D   1706
     102    3519       0       0       0                        01010000D   1707
     102       0       0       1       0                               0D   1708
     142    3520       0       0       0                        00010500D   1709
     142       0       0       1       0                               0D   1710
     144    3521       0       0       0                        00000000D   1711
     144       0      -1       1       0                               0D   1712
     128    3522       0       0       0                        01010000D   1713
     128       0       0       3       0                               0D   1714
     126    3525       0       0       0                        01010500D   1715
     126       0       0       2       0                               0D   1716
     110    3527       0       0       0                        01010000D   1717
     110       0       0       1       0                               0D   1718
     126    3528       0       0       0                        01010500D   1719
     126       0       0       2       0                               0D   1720
     110    3530       0       0       0                        01010000D   1721
     110       0       0       1       0                               0D   1722
     126    3531       0       0       0                        01010500D   1723
     126       0       0       2       0                               0D   1724
     110    3533       0       0       0                        01010000D   1725
     110       0       0       2       0                               0D   1726
     126    3535       0       0       0                        01010500D   1727
     126       0       0       2       0                               0D   1728
     110    3537       0       0       0                        01010000D   1729
     110       0       0       1       0                               0D   1730
     102    3538       0       0       0                        01010500D   1731
     102       0       0       1       0                               0D   1732
     102    3539       0       0       0                        01010000D   1733
     102       0       0       1       0                               0D   1734
     142    3540       0       0       0                        00010500D   1735
     142       0       0       1       0                               0D   1736
     144    3541       0       0       0                        00000000D   1737
     144       0      -1       1       0                               0D   1738
     128    3542       0       0       0                        01010000D   1739
     128       0       0       3       0                               0D   1740
     126    3545       0       0       0                        01010500D   1741
     126       0       0       2       0                               0D   1742
     110    3547       0       0       0                        01010000D   1743
     110       0       0       1       0                               0D   1744
     126    3548       0       0       0                        01010500D   1745
     126       0       0       2       0                               0D   1746
     110    3550       0       0       0                        01010000D   1747
     110       0       0       1       0                               0D   1748
     126    3551       0       0       0                        01010500D   1749
     126       0       0       2       0                               0D   1750
     110    3553       0       0       0                        01010000D   1751
     110       0       0       1       0                               0D   1752
     126    3554       0       0       0                        01010500D   1753
     126       0       0       2       0                               0D   1754
     110    3556       0       0       0                        01010000D   1755
     110       0       0       1       0                               0D   1756
     102    3557       0       0       0                        01010500D   1757
     102       0       0       1       0                               0D   1758
     102    3558       0       0       0                        01010000D   1759
     102       0       0       1       0                               0D   1760
     142    3559       0       0       0                        00010500D   1761
     142       0       0       1       0                               0D   1762
     144    3560       0       0       0                        00000000D   1763
     144       0      -1       1       0                               0D   1764
     128    3561       0       0       0                        01010000D   1765
     128       0       0       3       0                               0D   1766
     126    3564       0       0       0                        01010500D   1767
     126       0       0       2       0                               0D   1768
     110    3566       0       0       0                        01010000D   1769
     110       0       0       1       0                               0D   1770
     126    3567       0       0       0                        01010500D   1771
     126       0       0       2       0                               0D   1772
     110    3569       0       0       0                        01010000D   1773
     110       0       0       1       0                               0D   1774
     126    3570       0       0       0                        01010500D   1775
     126       0       0       2       0                               0D   1776
     110    3572       0       0       0                        01010000D   1777
     110       0       0       1       0                               0D   1778
     126    3573       0       0       0                        01010500D   1779
     126       0       0       2       0                               0D   1780
     110    3575       0       0       0                        01010000D   1781
     110       0       0       1       0                               0D   1782
     102    3576       0       0       0                        01010500D   1783
     102       0       0       1       0                               0D   1784
     102    3577       0       0       0                        01010000D   1785
     102       0       0       1       0                               0D   1786
     142    3578       0       0       0                        00010500D   1787
     142       0       0       1       0                               0D   1788
     144    3579       0       0       0                        00000000D   1789
     144       0      -1       1       0                               0D   1790
     128    3580       0       0       0                        01010000D   1791
     128       0       0       4       0                               0D   1792
     126    3584       0       0       0                        01010500D   1793
     126       0       0       2       0                               0D   1794
     110    3586       0       0       0                        01010000D   1795
     110       0       0       1       0                               0D   1796
     126    3587       0       0       0                        01010500D   1797
     126       0       0       2       0                               0D   1798
     110    3589       0       0       0                        01010000D   1799
     110       0       0       2       0                               0D   1800
     126    3591       0       0       0                        01010500D   1801
     126       0       0       2       0                               0D   1802
     110    3593       0       0       0                        01010000D   1803
     110       0       0       1       0                               0D   1804
     126    3594       0       0       0                        01010500D   1805
     126       0       0       2       0                               0D   1806
     110    3596       0       0       0                        01010000D   1807
     110       0       0       1       0                               0D   1808
     102    3597       0       0       0                        01010500D   1809
     102       0       0       1       0                               0D   1810
     102    3598       0       0       0                        01010000D   1811
     102       0       0       1       0                               0D   1812
     142    3599       0       0       0                        00010500D   1813
     142       0       0       1       0                               0D   1814
     144    3600       0       0       0                        00000000D   1815
     144       0      -1       1       0                               0D   1816
     128    3601       0       0       0                        01010000D   1817
     128       0       0       3       0                               0D   1818
     126    3604       0       0       0                        01010500D   1819
     126       0       0       2       0                               0D   1820
     110    3606       0       0       0                        01010000D   1821
     110       0       0       1       0                               0D   1822
     126    3607       0       0       0                        01010500D   1823
     126       0       0       2       0                               0D   1824
     110    3609       0       0       0                        01010000D   1825
     110       0       0       1       0                               0D   1826
     126    3610       0       0       0                        01010500D   1827
     126       0       0       2       0                               0D   1828
     110    3612       0       0       0                        01010000D   1829
     110       0       0       1       0                               0D   1830
     126    3613       0       0       0                        01010500D   1831
     126       0       0       2       0                               0D   1832
     110    3615       0       0       0                        01010000D   1833
     110       0       0       1       0                               0D   1834
     102    3616       0       0       0                        01010500D   1835
     102       0       0       1       0                               0D   1836
     102    3617       0       0       0                        01010000D   1837
     102       0       0       1       0                               0D   1838
     142    3618       0       0       0                        00010500D   1839
     142       0       0       1       0                               0D   1840
     144    3619       0       0       0                        00000000D   1841
     144       0      -1       1       0                               0D   1842
     128    3620       0       0       0                        01010000D   1843
     128       0       0       3       0                               0D   1844
     126    3623       0       0       0                        01010500D   1845
     126       0       0       2       0                               0D   1846
     110    3625       0       0       0                        01010000D   1847
     110       0       0       1       0                               0D   1848
     126    3626       0       0       0                        01010500D   1849
     126       0       0       2       0                               0D   1850
     110    3628       0       0       0                        01010000D   1851
     110       0       0       1       0                               0D   1852
     126    3629       0       0       0                        01010500D   1853
     126       0       0       2       0                               0D   1854
     110    3631       0       0       0                        01010000D   1855
     110       0       0       1       0                               0D   1856
     126    3632       0       0       0                        01010500D   1857
     126       0       0       2       0                               0D   1858
     110    3634       0       0       0                        01010000D   1859
     110       0       0       1       0                               0D   1860
     102    3635       0       0       0                        01010500D   1861
     102       0       0       1       0                               0D   1862
     102    3636       0       0       0                        01010000D   1863
     102       0       0       1       0                               0D   1864
     142    3637       0       0       0                        00010500D   1865
     142       0       0       1       0                               0D   1866
     144    3638       0       0       0                        00000000D   1867
     144       0      -1       1       0                               0D   1868
     128    3639       0       0       0                        01010000D   1869
     128       0       0       3       0                               0D   1870
     126    3642       0       0       0                        01010500D   1871
     126       0       0       2       0                               0D   1872
     110    3644       0       0       0                        01010000D   1873
     110       0       0       1       0                               0D   1874
     126    3645       0       0       0                        01010500D   1875
     126       0       0       2       0                               0D   1876
     110    3647       0       0       0                        01010000D   1877
     110       0       0       1       0                               0D   1878
     126    3648       0       0       0                        01010500D   1879
     126       0       0       2       0                               0D   1880
     110    3650       0       0       0                        01010000D   1881
     110       0       0       1       0                               0D   1882
     126    3651       0       0       0                        01010500D   1883
     126       0       0       2       0                               0D   1884
     110    3653       0       0       0                        01010000D   1885
     110       0       0       1       0                               0D   1886
     102    3654       0       0       0                        01010500D   1887
     102       0       0       1       0                               0D   1888
     102    3655       0       0       0                        01010000D   1889
     102       0       0       1       0                               0D   1890
     142    3656       0       0       0                        00010500D   1891
     142       0       0       1       0                               0D   1892
     144    3657       0       0       0                        00000000D   1893
     144       0      -1       1       0                               0D   1894
     128    3658       0       0       0                        01010000D   1895
     128       0       0       3       0                               0D   1896
     126    3661       0       0       0                        01010500D   1897
     126       0       0       2       0                               0D   1898
     110    3663       0       0       0                        01010000D   1899
     110       0       0       1       0                               0D   1900
     126    3664       0       0       0                        01010500D   1901
     126       0       0       2       0                               0D   1902
     110    3666       0       0       0                        01010000D   1903
     110       0       0       1       0                               0D   1904
     126    3667       0       0       0                        01010500D   1905
     126       0       0       2       0                               0D   1906
     110    3669       0       0       0                        01010000D   1907
     110       0       0       1       0                               0D   1908
     126    3670       0       0       0                        01010500D   1909
     126       0       0       2       0                               0D   1910
     110    3672       0       0       0                        01010000D   1911
     110       0       0       1       0                               0D   1912
     102    3673       0       0       0                        01010500D   1913
     102       0       0       1       0                               0D   1914
     102    3674       0       0       0                        01010000D   1915
     102       0       0       1       0                               0D   1916
     142    3675       0       0       0                        00010500D   1917
     142       0       0       1       0                               0D   1918
     144    3676       0       0       0                        00000000D   1919
     144       0      -1       1       0                               0D   1920
     128    3677       0       0       0                        01010000D   1921
     128       0       0       4       0                               0D   1922
     126    3681       0       0       0                        01010500D   1923
     126       0       0       2       0                               0D   1924
     110    3683       0       0       0                        01010000D   1925
     110       0       0       1       0                               0D   1926
     126    3684       0       0       0                        01010500D   1927
     126       0       0       2       0                               0D   1928
     110    3686       0       0       0                        01010000D   1929
     110       0       0       1       0                               0D   1930
     126    3687       0       0       0                        01010500D   1931
     126       0       0       2       0                               0D   1932
     110    3689       0       0       0                        01010000D   1933
     110       0       0       1       0                               0D   1934
     126    3690       0       0       0                        01010500D   1935
     126       0       0       2       0                               0D   1936
     110    3692       0       0       0                        01010000D   1937
     110       0       0       1       0                               0D   1938
     102    3693       0       0       0                        01010500D   1939
     102       0       0       1       0                               0D   1940
     102    3694       0       0       0                        01010000D   1941
     102       0       0       1       0                               0D   1942
     142    3695       0       0       0                        00010500D   1943
     142       0       0       1       0                               0D   1944
     144    3696       0       0       0                        00000000D   1945
     144       0      -1       1       0                               0D   1946
314,79.2156862745098,81.9607843137255,93.3333333333333,;               1P      1
128,25,3,3,3,0,0,1,0,0,0.499987015658561,0.499987015658561,            3P      2
0.499987015658561,0.499987015658561,0.5,0.559357727210127,             3P      3
0.618715454420254,0.618715454420254,0.629590389735226,                 3P      4
0.640465325050198,0.651340260365171,0.662215195680143,                 3P      5
0.662215195680143,0.703527958777928,0.744840721875712,                 3P      6
0.786153484973496,0.827466248071281,0.827466248071281,                 3P      7
0.838707433063291,0.849948618055302,0.861189803047312,                 3P      8
0.872430988039323,0.872430988039323,0.904323241029492,                 3P      9
0.936215494019662,0.968107747009831,1.,1.,1.,1.,0.,0.,0.,0.,           3P     10
0.955531594769182,0.955531594769182,0.955531594769182,                 3P     11
0.955531594769182,1.,1.,1.,1.,1.,1.,1.,1.,1.,1.,1.,1.,1.,1.,1.,        3P     12
1.,1.,1.,1.,1.,1.,1.,1.,1.,1.,1.,1.,1.,1.,1.,1.,1.,1.,1.,1.,1.,        3P     13
1.,1.,1.,1.,1.,1.,1.,1.,1.,1.,1.,1.,1.,1.,1.,1.,1.,1.,1.,1.,1.,        3P     14
1.,1.,1.,1.,1.,1.,1.,1.,1.,1.,1.,1.,1.,1.,1.,1.,1.,1.,1.,1.,1.,        3P     15
1.,1.,1.,1.,1.,1.,1.,1.,1.,1.,1.,1.,1.,1.,1.,1.,1.,1.,1.,1.,1.,        3P     16
1.,1.,1.,1.,1.,-2.00008476,3.,-0.000165227,-2.000084764,3.,            3P     17
-0.000110151,-2.000095341,3.,0.251722372,-1.90340558,3.,               3P     18
0.755332342,-1.631827628,3.,1.18214968,-1.43389514,3.,                 3P     19
1.394980312,-1.374851925,3.,1.454148827,-1.286475613,3.,               3P     20
1.532839017,-1.194024849,3.,1.605927256,-1.126405018,3.,               3P     21
1.653224502,-0.949170999,3.,1.768350873,-0.642154023,3.,               3P     22
1.917320395,-0.133155433,3.,2.017945785,0.385695591,3.,                3P     23
1.985051604,0.711424405,3.,1.876774947,0.904824426,3.,                 3P     24
1.784207415,0.982329949,3.,1.743681348,1.090763203,3.,                 3P     25
1.677979831,1.196105115,3.,1.604673524,1.267241206,3.,                 3P     26
1.54805844,1.409308538,3.,1.425849982,1.603995858,3.,                  3P     27
1.220156459,1.828650185,3.,0.848309044,1.968918267,3.,                 3P     28
0.432786935,2.,3.,0.143400284,2.,3.,0.,-3.740980821,3.,                3P     29
-0.000380416,-3.740980824,3.,-0.000253611,-3.740988031,3.,             3P     30
0.579561885,-3.675094978,3.,1.73906607,-3.490017463,3.,                3P     31
2.855898756,-3.355128558,3.,3.495735889,-3.28680218,3.,                3P     32
3.69781538,-3.083515919,3.,3.974234915,-2.797566339,3.,                3P     33
4.170534363,-2.5867729,3.,4.23213277,-2.090635934,3.,                  3P     34
4.31059018,-1.294047993,3.,4.412111339,-0.076620524,3.,                3P     35
4.480686483,1.146083614,3.,4.458269445,1.952454622,3.,                 3P     36
4.384480044,2.459608548,3.,4.321396246,2.680484513,3.,                 3P     37
4.262725454,2.976565728,3.,4.068173545,3.187746849,3.,                 3P     38
3.796420781,3.263325389,3.,3.598783244,3.360142779,3.,                 3P     39
3.226408886,3.492820137,3.,2.667316392,3.645919695,3.,                 3P     40
1.799932899,3.741510916,3.,0.908219741,3.76269279,3.,                  3P     41
0.303430501,3.76269279,3.,0.,-5.485467764,3.152792525,                 3P     42
-0.000595605,-5.485467766,3.152792525,-0.00039707,-5.485471605,        3P     43
3.152792525,0.907401398,-5.450375258,3.152792525,2.722799799,          3P     44
-5.351798182,3.152792525,4.529647832,-5.279952858,3.152792525,         3P     45
5.596491465,-5.202343318,3.152792525,5.941481934,-4.884147107,         3P     46
3.152792525,6.415630813,-4.404698711,3.152792525,6.735141469,          3P     47
-4.050731666,3.152792525,6.811041038,-3.235691752,3.152792525,         3P     48
6.852829486,-1.949532846,3.152792525,6.906902284,-0.023676498,         3P     49
3.152792525,6.943427182,1.902880754,3.152792525,6.931487287,           3P     50
3.189893956,3.152792525,6.892185141,4.010801788,3.152792525,           3P     51
6.858585077,4.375048193,3.152792525,6.781769559,4.85877737,            3P     52
3.152792525,6.45836726,5.1757977,3.152792525,5.988168038,              3P     53
5.255818689,3.152792525,5.649508047,5.307386138,3.152792525,           3P     54
5.026967791,5.378053534,3.152792525,4.114476325,5.459598323,           3P     55
3.152792525,2.751556753,5.510512682,3.152792525,1.383652548,           3P     56
5.521794697,3.152792525,0.463460719,5.521794697,3.152792525,0.,        3P     57
-7.25306696,3.456602904,-0.000810794,-7.25306696,3.456602904,          3P     58
-0.000540529,-7.25306743,3.456602904,1.235240911,-7.248767791,         3P     59
3.456602904,3.706533528,-7.236691152,3.456602904,6.203396908,          3P     60
-7.22788941,3.456602904,7.697247042,-7.140996708,3.456602904,          3P     61
8.185148487,-6.707890547,3.456602904,8.85702671,-6.034943335,          3P     62
3.456602904,9.299748576,-5.537802682,3.456602904,9.389949306,          3P     63
-4.403859821,3.456602904,9.395068792,-2.62812995,3.456602904,          3P     64
9.401693229,0.006155276,3.456602904,9.40616788,2.636565643,            3P     65
3.456602904,9.404705128,4.404221038,3.456602904,9.399890238,           3P     66
5.538882776,3.456602904,9.395773907,6.046499622,3.456602904,           3P     67
9.300813664,6.71787676,3.456602904,8.848560974,7.1407363,              3P     68
3.456602904,8.179915294,7.225199737,3.456602904,7.70023285,            3P     69
7.231517245,3.456602904,6.827526695,7.240174679,3.456602904,           3P     70
5.561636258,7.250164699,3.456602904,3.703180608,7.256402197,           3P     71
3.456602904,1.859085355,7.257784352,3.456602904,0.623490937,           3P     72
7.257784352,3.456602904,0.,0.499987015658561,1.,0.,                    3P     73
0.955531594769182;                                                     3P     74
126,1,1,1,0,1,0,0.,0.,1.,1.,1.,1.,1.,0.,0.,1.,0.86756968,0.,0.,        5P     75
1.,0.,0.,1.;                                                           5P     76
126,3,3,1,0,1,0,0.,0.,0.,0.,0.86756967985442,0.86756967985442,         7P     77
0.86756967985442,0.86756967985442,1.,1.,1.,1.,2.,3.,0.,                7P     78
3.600427268,3.,0.,5.197894343,3.125956544,0.,6.777789949,              7P     79
3.376541333,0.,0.,0.86756967985442,0.,0.,-1.;                          7P     80
126,8,2,1,0,1,0,0.,0.,0.,0.25,0.25,0.5,0.5,0.75,0.75,1.,1.,1.,         9P     81
1.,1.,1.,1.,1.,1.,1.,1.,1.,1.,0.86756968,0.,0.983896032,               9P     82
0.86756968,0.,0.967305572,0.869856162,0.,0.952185141,                  9P     83
0.871940046,0.,0.934780983,0.876183638,0.,0.921308167,                 9P     84
0.879468666,0.,0.903023667,0.884914108,0.,0.897426965,                 9P     85
0.886580903,0.,0.872430988,0.894254661,0.,0.,1.,0.,0.,1.;              9P     86
126,9,3,1,0,1,0,0.00709129352525251,0.00709129352525251,              11P     87
0.00709129352525251,0.00709129352525251,0.0087716776717127,           11P     88
0.0087716776717127,0.0087716776717127,0.0141825673167035,             11P     89
0.0141825673167035,0.0141825673167035,0.0141826273167035,             11P     90
0.0141826273167035,0.0141826273167035,0.0141826273167035,1.,1.,       11P     91
1.,1.,1.,1.,1.,1.,1.,1.,6.777789949,3.376541333,0.,6.777789949,       11P     92
3.376541333,0.560120054,6.779655453,3.377148588,1.12024316,           11P     93
6.783281007,3.378325829,1.680350243,6.794955484,3.382116606,          11P     94
3.483925043,6.824246799,3.391674858,5.287331611,6.849952944,          11P     95
3.400017437,7.090745683,6.849953229,3.400017529,7.090765681,          11P     96
6.849953514,3.400017622,7.090785679,6.849953799,3.400017714,          11P     97
7.090805676,0.00709129352525251,0.0141826273167035,0.309734805,       11P     98
-0.950822986,0.;                                                      11P     99
126,8,2,1,0,1,0,0.,0.,0.,0.125,0.125,0.25,0.25,0.5,0.5,1.,1.,         13P    100
1.,1.,1.,1.,1.,1.,1.,1.,1.,1.,0.872430988,0.894254661,0.,             13P    101
0.872127591,0.895839225,0.,0.871838817,0.897426519,0.,                13P    102
0.871692732,0.898229502,0.,0.871235806,0.900490251,0.,                13P    103
0.870629991,0.903487671,0.,0.869996891,0.906303328,0.,                13P    104
0.868745118,0.911870487,0.,0.8673826,0.916744742,0.,0.,1.,0.,         13P    105
0.,1.;                                                                13P    106
126,6,3,1,0,1,0,-5.67135612193768E-08,-5.67135612193768E-08,          15P    107
-5.67135612193768E-08,-5.67135612193768E-08,0.,0.,0.,                 15P    108
0.000455123407079697,0.000455123407079697,0.000455123407079697,       15P    109
0.000455123407079697,1.,1.,1.,1.,1.,1.,1.,6.849953799,                15P    110
3.400017714,7.090805676,6.849960121,3.400017515,7.090823492,          15P    111
6.849966526,3.40001962,7.090841228,6.849972889,3.400020572,           15P    112
7.090859004,6.901036554,3.407665369,7.233510035,6.939269824,          15P    113
3.414472894,7.381855451,6.95990215,3.420352789,7.532038644,           15P    114
-5.67135612193768E-08,0.000455123407079697,0.,0.,0.;                  15P    115
126,16,2,1,0,1,0,0.,0.,0.,0.125,0.125,0.25,0.25,0.375,0.375,          17P    116
0.5,0.5,0.625,0.625,0.75,0.75,0.875,0.875,1.,1.,1.,1.,1.,1.,1.,       17P    117
1.,1.,1.,1.,1.,1.,1.,1.,1.,1.,1.,1.,1.,0.8673826,0.916744742,         17P    118
0.,0.865419053,0.923769107,0.,0.863228724,0.929347978,0.,             17P    119
0.861054042,0.934886996,0.,0.858822516,0.938596442,0.,                17P    120
0.856634966,0.942232785,0.,0.854148728,0.944707482,0.,                17P    121
0.851769799,0.947075368,0.,0.849400056,0.948140665,0.,                17P    122
0.847060551,0.949192368,0.,0.844541451,0.949017472,0.,                17P    123
0.842041571,0.948843911,0.,0.839724887,0.947487301,0.,                17P    124
0.83733288,0.946086583,0.,0.834921565,0.943271217,0.,                 17P    125
0.832456846,0.940393499,0.,0.830280128,0.93633246,0.,0.,1.,0.,        17P    126
0.,-1.;                                                               17P    127
126,5,3,1,0,1,0,0.,0.,0.,0.,0.5,0.5,1.,1.,1.,1.,1.,1.,1.,1.,1.,       19P    128
1.,6.95990215,3.420352789,7.532038644,7.021223364,3.437828392,        19P    129
7.978397219,6.907330506,3.446849462,8.450837057,6.306281862,          19P    130
3.452310922,9.117578358,5.838807031,3.449136462,9.285323905,          19P    131
5.388944614,3.438472781,9.234488546,0.,1.,-0.052895616,               19P    132
0.998093272,-0.031809981;                                             19P    133
126,2,2,1,0,1,0,0.,0.,0.,1.,1.,1.,1.,1.,1.,0.830280128,               21P    134
0.93633246,0.,0.828794748,0.933561229,0.,0.827466248,                 21P    135
0.930271983,0.,0.,1.,0.,0.,-1.;                                       21P    136
126,6,3,1,0,1,0,0.,0.,0.,0.,0.000212220270890883,                     23P    137
0.000212220270890883,0.000212220270890883,0.00021228027089085,        23P    138
0.00021228027089085,0.00021228027089085,0.00021228027089085,1.,       23P    139
1.,1.,1.,1.,1.,1.,5.388944614,3.438472781,9.234488546,                23P    140
5.318671391,3.436807002,9.22654753,5.248788871,3.434934542,           23P    141
9.213643887,5.180328048,3.432827515,9.195956701,5.180308693,          23P    142
3.43282692,9.1959517,5.180289337,3.432826324,9.195946699,             23P    143
5.180269982,3.432825728,9.195941698,0.,0.00021228027089085,0.,        23P    144
0.,0.;                                                                23P    145
126,12,2,1,0,1,0,0.,0.,0.,0.0625,0.0625,0.125,0.125,0.25,0.25,        25P    146
0.5,0.5,0.75,0.75,1.,1.,1.,1.,1.,1.,1.,1.,1.,1.,1.,1.,1.,1.,1.,       25P    147
1.,0.827466248,0.930271983,0.,0.826616348,0.930150911,0.,             25P    148
0.817262879,0.929385296,0.,0.812042963,0.928958026,0.,                25P    149
0.806999674,0.928601292,0.,0.796375217,0.927849775,0.,                25P    150
0.786326436,0.927397705,0.,0.765214937,0.926447948,0.,                25P    151
0.744654039,0.926750049,0.,0.724617367,0.927044446,0.,                25P    152
0.703079728,0.928560567,0.,0.684528935,0.929866432,0.,                25P    153
0.662215196,0.932274939,0.,0.,1.,0.,0.,1.;                            25P    154
126,21,3,1,0,1,0,-5.81524391808605E-08,-5.81524391808605E-08,         27P    155
-5.81524391808605E-08,-5.81524391808605E-08,0.,0.,0.,                 27P    156
0.00243080450619284,0.00243080450619284,0.00243080450619284,          27P    157
0.00516212725009127,0.00516212725009127,0.00516212725009127,          27P    158
0.00652781242371139,0.00652781242371139,0.00652781242371139,          27P    159
0.00859945503978106,0.00859945503978106,0.00859945503978106,          27P    160
0.0103780538765581,0.0103780538765581,0.0103780538765581,             27P    161
0.0103781138765581,0.0103781138765581,0.0103781138765581,             27P    162
0.0103781138765581,1.,1.,1.,1.,1.,1.,1.,1.,1.,1.,1.,1.,1.,1.,         27P    163
1.,1.,1.,1.,1.,1.,1.,1.,5.180269982,3.432825728,9.195941698,          27P    164
5.180250615,3.432824927,9.195941555,5.180231214,3.432825676,          27P    165
9.195941478,5.18021183,3.43282565,9.195941369,4.369957341,            27P    166
3.431742889,9.1913593,3.559696869,3.430855003,9.187609473,            27P    167
2.749432694,3.43027355,9.185132834,1.838997068,3.429620213,           27P    168
9.182350012,0.928554082,3.429364565,9.181226199,0.018114287,          27P    169
3.429555043,9.181963721,-0.437114249,3.429650284,9.18233249,          27P    170
-0.892342591,3.429855374,9.183160269,-1.347569482,3.43015958,         27P    171
9.184405152,-2.038114474,3.430621039,9.186293546,-2.728657022,        27P    172
3.431313066,9.189153904,-3.419194984,3.43217054,9.192725112,          27P    173
-4.012053279,3.432906721,9.195791157,-4.604908855,3.433762015,        27P    174
9.199369818,-5.197761985,3.434687922,9.203269726,-5.197781985,        27P    175
3.434687953,9.203269857,-5.197801984,3.434687984,9.203269989,         27P    176
-5.197821984,3.434688015,9.20327012,-5.81524391808605E-08,            27P    177
0.0103781138765581,0.,0.,0.;                                          27P    178
126,2,2,1,0,1,0,0.,0.,0.,1.,1.,1.,1.,1.,1.,0.662215196,               29P    179
0.932274939,0.,0.660838381,0.935415886,0.,0.659560938,                29P    180
0.937702394,0.,0.,1.,0.,0.,-1.;                                       29P    181
126,6,3,1,0,1,0,-5.83221497803214E-08,-5.83221497803214E-08,          31P    182
-5.83221497803214E-08,-5.83221497803214E-08,0.,0.,0.,                 31P    183
0.000199362608985062,0.000199362608985062,0.000199362608985062,       31P    184
0.000199362608985062,1.,1.,1.,1.,1.,1.,1.,-5.197821984,               31P    185
3.434688015,9.20327012,-5.19784086,3.43468796,9.203274771,            31P    186
-5.197859716,3.434689116,9.203279441,-5.197878582,3.434689667,        31P    187
9.2032841,-5.262368206,3.436571211,9.219212353,-5.328063497,          31P    188
3.438251615,9.230884861,-5.3941005,3.439754315,9.23816616,            31P    189
-5.83221497803214E-08,0.000199362608985062,0.,0.,0.;                  31P    190
126,16,2,1,0,1,0,0.,0.,0.,0.125,0.125,0.25,0.25,0.375,0.375,          33P    191
0.5,0.5,0.625,0.625,0.75,0.75,0.875,0.875,1.,1.,1.,1.,1.,1.,1.,       33P    192
1.,1.,1.,1.,1.,1.,1.,1.,1.,1.,1.,1.,1.,0.659560938,0.937702394,       33P    193
0.,0.657369664,0.941624577,0.,0.65492049,0.944355987,0.,              33P    194
0.652555287,0.946993749,0.,0.650224847,0.948260218,0.,                33P    195
0.647923943,0.949510635,0.,0.64548594,0.949574312,0.,                 33P    196
0.643044146,0.949638088,0.,0.640816759,0.948493601,0.,                33P    197
0.638510727,0.947308705,0.,0.636232162,0.944839312,0.,                33P    198
0.633866175,0.942275174,0.,0.631812887,0.938583102,0.,                33P    199
0.629686077,0.934758829,0.,0.627598637,0.928968946,0.,                33P    200
0.625538151,0.923253826,0.,0.623702485,0.916104411,0.,0.,1.,0.,       33P    201
0.,-1.;                                                               33P    202
126,5,3,1,0,1,0,0.,0.,0.,0.,0.5,0.5,1.,1.,1.,1.,1.,1.,1.,1.,1.,       35P    203
1.,-5.3941005,3.439754315,9.23816616,-5.843928621,3.449990351,        35P    204
9.287764615,-6.30809188,3.452953958,9.121358736,-6.911961866,         35P    205
3.446874667,8.444516788,-7.021591586,3.437613954,7.974131975,         35P    206
-6.959708393,3.419766868,7.526511877,0.,1.,0.018889952,               35P    207
0.999212441,-0.03489509;                                              35P    208
126,2,2,1,0,1,0,0.,0.,0.,1.,1.,1.,1.,1.,1.,0.623702485,               37P    209
0.916104411,0.,0.620967156,0.905451055,0.,0.618715454,                37P    210
0.891512673,0.,0.,1.,0.,0.,-1.;                                       37P    211
126,6,3,1,0,1,0,0.,0.,0.,0.,0.000484995724002134,                     39P    212
0.000484995724002134,0.000484995724002134,0.000485055724002125,       39P    213
0.000485055724002125,0.000485055724002125,0.000485055724002125,       39P    214
1.,1.,1.,1.,1.,1.,1.,-6.959708393,3.419766868,7.526511877,            39P    215
-6.937586099,3.413386808,7.366494536,-6.895780929,3.405951972,        39P    216
7.208553354,-6.840015531,3.397575926,7.057041928,-6.840008632,        39P    217
3.39757489,7.057023184,-6.840001732,3.397573854,7.05700444,           39P    218
-6.839994833,3.397572818,7.056985696,0.,0.000485055724002125,         39P    219
0.,0.,0.;                                                             39P    220
126,8,2,1,0,1,0,0.,0.,0.,0.125,0.125,0.25,0.25,0.5,0.5,1.,1.,         41P    221
1.,1.,1.,1.,1.,1.,1.,1.,1.,1.,0.618715454,0.891512673,0.,             41P    222
0.618486482,0.891372703,0.,0.604389386,0.887516489,0.,                41P    223
0.596624469,0.885392422,0.,0.589888838,0.88366065,0.,                 41P    224
0.573708552,0.8795006,0.,0.560394964,0.876835482,0.,                  41P    225
0.528216442,0.870393975,0.,0.5,0.870393975,0.,0.,1.,0.,0.,1.;         41P    226
126,15,3,1,0,1,0,-5.65071969274963E-08,-5.65071969274963E-08,         43P    227
-5.65071969274963E-08,-5.65071969274963E-08,0.,0.,0.,                 43P    228
0.00167724129968826,0.00167724129968826,0.00167724129968826,          43P    229
0.00283907481364752,0.00283907481364752,0.00283907481364752,          43P    230
0.00515968591244865,0.00515968591244865,0.00515968591244865,          43P    231
0.00705728762994224,0.00705728762994224,0.00705728762994224,          43P    232
0.00705728762994224,1.,1.,1.,1.,1.,1.,1.,1.,1.,1.,1.,1.,1.,1.,        43P    233
1.,1.,-6.839994833,3.397572818,7.056985696,-6.839994285,              43P    234
3.397570795,7.056966978,-6.839994344,3.397572664,7.056948028,         43P    235
-6.8399941,3.397572588,7.056929194,-6.832736489,3.395296332,          43P    236
6.497900504,-6.825617364,3.393052291,5.938869731,-6.818929344,        43P    237
3.390940517,5.379833291,-6.814296519,3.38947768,4.992585942,          43P    238
-6.809873083,3.388079158,4.605335691,-6.805787976,3.386787966,        43P    239
4.218081567,-6.797628528,3.384208984,3.444593827,-6.79086962,         43P    240
3.382074435,2.671085837,-6.786557392,3.380710435,1.897563986,         43P    241
-6.783031258,3.379595085,1.265050619,-6.781125697,3.378992564,        43P    242
0.632524179,-6.781125697,3.378992564,0.,-5.65071969274963E-08,        43P    243
0.00705728762994224,0.,0.,0.;                                         43P    244
126,1,1,1,0,1,0,0.,0.,1.,1.,1.,1.,0.5,0.870393975,0.,0.5,0.,0.,       45P    245
0.,1.,0.,0.,1.;                                                       45P    246
126,3,3,1,0,1,0,0.129606024918487,0.129606024918487,                  47P    247
0.129606024918487,0.129606024918487,1.,1.,1.,1.,1.,1.,1.,1.,          47P    248
-6.781125697,3.378992564,0.,-5.174629597,3.126777959,0.,              47P    249
-3.585867434,3.,0.,-2.000084767,3.,0.,0.129606024918487,1.,0.,        47P    250
0.,-1.;                                                               47P    251
126,1,1,1,0,1,0,0.,0.,1.,1.,1.,1.,0.499999998,0.,0.,1.,0.,0.,         49P    252
0.,1.,0.,0.,1.;                                                       49P    253
124,-1.,-1.22464679914735E-16,0.,3.67394039744206E-16,                51P    254
7.49879891330929E-33,-6.12323399573677E-17,1.,3.,                     51P    255
-1.22464679914735E-16,1.,6.12323399573677E-17,-3.;                    51P    256
100,0.,0.,3.,2.,2.999999977,-2.,3.;                                   53P    257
102,12,5,9,13,17,21,25,29,33,37,41,45,49;                             55P    258
102,12,7,11,15,19,23,27,31,35,39,43,47,53;                            57P    259
142,1,3,55,57,1;                                                      59P    260
144,3,1,0,59;                                                         61P    261
128,1,1,1,1,0,0,1,0,0,0.,0.,1.,1.,0.,0.,1.,1.,1.,1.,1.,1.,-7.,        63P    262
1.5,-9.25,-7.,1.5,9.25,7.,1.5,-9.25,7.,1.5,9.25,0.,1.,0.,1.;          63P    263
126,1,1,1,0,1,0,0.,0.,1.,1.,1.,1.,0.040540541,0.,0.,                  65P    264
0.959459459,0.,0.,0.,1.,0.,0.,1.;                                     65P    265
110,-7.,1.5,-8.5,-7.,1.5,8.5;                                         67P    266
126,8,2,1,0,1,0,0.,0.,0.,0.25,0.25,0.5,0.5,0.75,0.75,1.,1.,1.,        69P    267
1.,1.,1.,1.,1.,1.,1.,1.,1.,0.959459459,0.,0.,0.967523474,0.,0.,       69P    268
0.974973653,0.004077882,0.,0.982423831,0.008155764,0.,                69P    269
0.988125951,0.015690708,0.,0.99382807,0.023225652,0.,                 69P    270
0.996914035,0.03307053,0.,1.,0.042915409,0.,1.,0.053571429,0.,        69P    271
0.,1.,0.,0.,-1.;                                                      69P    272
124,-1.,6.98296267768627E-15,0.,-12.5,-4.27583144589696E-31,          71P    273
-6.12323399573677E-17,1.,-7.,6.98296267768627E-15,1.,                 71P    274
6.12323399573677E-17,7.00000000000004;                                71P    275
100,8.5,-6.25,1.5,-5.5,1.5,-6.25,2.25;                                73P    276
126,1,1,1,0,1,0,0.,0.,1.,1.,1.,1.,1.,0.053571429,0.,1.,               75P    277
0.946428571,0.,0.,1.,0.,0.,1.;                                        75P    278
110,-6.25,1.5,9.25,6.25,1.5,9.25;                                     77P    279
126,8,2,1,0,1,0,0.,0.,0.,0.25,0.25,0.5,0.5,0.75,0.75,1.,1.,1.,        79P    280
1.,1.,1.,1.,1.,1.,1.,1.,1.,1.,0.946428571,0.,1.,0.957084591,0.,       79P    281
0.996914035,0.96692947,0.,0.99382807,0.976774348,0.,                  79P    282
0.988125951,0.984309292,0.,0.982423831,0.991844236,0.,                79P    283
0.974973653,0.995922118,0.,0.967523474,1.,0.,0.959459459,1.,0.,       79P    284
0.,1.,0.,0.,-1.;                                                      79P    285
124,1.40271576953299E-14,1.,0.,4.74999999999991,                      81P    286
-6.12323399573677E-17,8.58915688636046E-31,1.,-7.,1.,                 81P    287
-1.40271576953299E-14,6.12323399573677E-17,2.25000000000001;          81P    288
100,8.5,6.25,1.5,7.,1.5,6.25,2.25;                                    83P    289
126,1,1,1,0,1,0,0.,0.,1.,1.,1.,1.,0.959459459,1.,0.,                  85P    290
0.040540541,1.,0.,0.,1.,0.,0.,1.;                                     85P    291
110,7.,1.5,8.5,7.,1.5,-8.5;                                           87P    292
126,8,2,1,0,1,0,0.,0.,0.,0.25,0.25,0.5,0.5,0.75,0.75,1.,1.,1.,        89P    293
1.,1.,1.,1.,1.,1.,1.,1.,1.,0.040540541,1.,0.,0.032476526,1.,0.,       89P    294
0.025026347,0.995922118,0.,0.017576169,0.991844236,0.,                89P    295
0.011874049,0.984309292,0.,0.00617193,0.976774348,0.,                 89P    296
0.003085965,0.96692947,0.,0.,0.957084591,0.,0.,0.946428571,0.,        89P    297
0.,1.,0.,0.,-1.;                                                      89P    298
124,1.,-1.39659253553725E-14,0.,2.10670806168048E-14,                 91P    299
8.55166289179392E-31,6.12323399573677E-17,1.,10.,                     91P    300
-1.39659253553725E-14,-1.,6.12323399573677E-17,                       91P    301
-6.99999999999991;                                                    91P    302
100,-8.5,6.25,1.5,7.,1.5,6.25,2.25;                                   93P    303
126,1,1,1,0,1,0,0.,0.,1.,1.,1.,1.,0.,0.946428571,0.,0.,               95P    304
0.053571429,0.,0.,1.,0.,0.,1.;                                        95P    305
110,6.25,1.5,-9.25,-6.25,1.5,-9.25;                                   97P    306
126,8,2,1,0,1,0,0.,0.,0.,0.25,0.25,0.5,0.5,0.75,0.75,1.,1.,1.,        99P    307
1.,1.,1.,1.,1.,1.,1.,1.,1.,0.,0.053571429,0.,0.,0.042915409,0.,       99P    308
0.003085965,0.03307053,0.,0.00617193,0.023225652,0.,                  99P    309
0.011874049,0.015690708,0.,0.017576169,0.008155764,0.,                99P    310
0.025026347,0.004077882,0.,0.032476526,0.,0.,0.040540541,0.,0.,       99P    311
0.,1.,0.,0.,-1.;                                                      99P    312
124,6.12323399573677E-17,-1.,0.,-4.75,6.12323399573677E-17,          101P    313
3.74939945665464E-33,1.,10.,-1.,-6.12323399573677E-17,               101P    314
6.12323399573677E-17,-14.75;                                         101P    315
100,-8.5,-6.25,1.5,-5.5,1.5,-6.25,2.25;                              103P    316
102,8,65,69,75,79,85,89,95,99;                                       105P    317
102,8,67,73,77,83,87,93,97,103;                                      107P    318
142,1,63,105,107,1;                                                  109P    319
126,1,1,1,0,1,0,0.,0.,1.,1.,1.,1.,0.408108108,0.2375,0.,             111P    320
0.408108108,0.355357143,0.,0.,1.,0.,0.,1.;                           111P    321
110,-3.675,1.5,-1.7,-2.025,1.5,-1.7;                                 113P    322
126,1,1,1,0,1,0,0.,0.,1.,1.,1.,1.,0.408108108,0.355357143,0.,        115P    323
0.591891892,0.355357143,0.,0.,1.,0.,0.,1.;                           115P    324
110,-2.025,1.5,-1.7,-2.025,1.5,1.7;                                  117P    325
126,1,1,1,0,1,0,0.,0.,1.,1.,1.,1.,0.591891892,0.355357143,0.,        119P    326
0.591891892,0.2375,0.,0.,1.,0.,0.,1.;                                119P    327
110,-2.025,1.5,1.7,-3.675,1.5,1.7;                                   121P    328
126,1,1,1,0,1,0,0.,0.,1.,1.,1.,1.,0.591891892,0.2375,0.,             123P    329
0.408108108,0.2375,0.,0.,1.,0.,0.,1.;                                123P    330
110,-3.675,1.5,1.7,-3.675,1.5,-1.7;                                  125P    331
102,4,111,115,119,123;                                               127P    332
102,4,113,117,121,125;                                               129P    333
142,1,63,127,129,1;                                                  131P    334
126,1,1,1,0,1,0,0.,0.,1.,1.,1.,1.,0.408108108,0.644642857,0.,        133P    335
0.408108108,0.7625,0.,0.,1.,0.,0.,1.;                                133P    336
110,2.025,1.5,-1.7,3.675,1.5,-1.7;                                   135P    337
126,1,1,1,0,1,0,0.,0.,1.,1.,1.,1.,0.408108108,0.7625,0.,             137P    338
0.591891892,0.7625,0.,0.,1.,0.,0.,1.;                                137P    339
110,3.675,1.5,-1.7,3.675,1.5,1.7;                                    139P    340
126,1,1,1,0,1,0,0.,0.,1.,1.,1.,1.,0.591891892,0.7625,0.,             141P    341
0.591891892,0.644642857,0.,0.,1.,0.,0.,1.;                           141P    342
110,3.675,1.5,1.7,2.025,1.5,1.7;                                     143P    343
126,1,1,1,0,1,0,0.,0.,1.,1.,1.,1.,0.591891892,0.644642857,0.,        145P    344
0.408108108,0.644642857,0.,0.,1.,0.,0.,1.;                           145P    345
110,2.025,1.5,1.7,2.025,1.5,-1.7;                                    147P    346
102,4,133,137,141,145;                                               149P    347
102,4,135,139,143,147;                                               151P    348
142,1,63,149,151,1;                                                  153P    349
144,63,1,2,109,131,153;                                              155P    350
110,8.,3.5,10.25,8.,-996.5,10.25;                                    157P    351
110,8.,3.,9.25,8.,0.,9.25;                                           159P    352
120,157,159,0.,6.28318530717959;                                     161P    353
126,1,1,1,0,1,0,0.,0.,1.,1.,1.,1.,1.,1.570796327,0.,0.,              163P    354
1.570796327,0.,0.,1.,0.,0.,1.;                                       163P    355
110,9.,0.,10.25,9.,3.,10.25;                                         165P    356
126,1,1,1,0,1,0,0.,0.,1.,1.,1.,1.,0.,1.570796327,0.,0.,              167P    357
3.141592654,0.,0.,1.,0.,0.,1.;                                       167P    358
124,1.,0.,0.,0.,0.,6.12323399573677E-17,-1.,13.25,0.,1.,             169P    359
6.12323399573677E-17,7.25;                                           169P    360
100,10.25,8.,3.,9.,3.,8.,4.;                                         171P    361
126,1,1,1,0,1,0,0.,0.,1.,1.,1.,1.,0.,3.141592654,0.,1.,              173P    362
3.141592654,0.,0.,1.,0.,0.,1.;                                       173P    363
110,8.,3.,11.25,8.,0.,11.25;                                         175P    364
126,1,1,1,0,1,0,0.,0.,1.,1.,1.,1.,1.,3.141592654,0.,1.,              177P    365
1.570796327,0.,0.,1.,0.,0.,1.;                                       177P    366
124,1.40271576953299E-14,1.,0.,7.99999999999989,                     179P    367
-6.12323399573677E-17,8.58915688636046E-31,1.,-10.25,1.,             179P    368
-1.40271576953299E-14,6.12323399573677E-17,2.25;                     179P    369
100,10.25,8.,0.,9.,0.,8.,1.;                                         181P    370
102,4,163,167,173,177;                                               183P    371
102,4,165,171,175,181;                                               185P    372
142,1,161,183,185,1;                                                 187P    373
144,161,1,0,187;                                                     189P    374
128,1,1,1,1,0,0,1,0,0,0.,0.,1.,1.,0.,0.,1.,1.,1.,1.,1.,1.,9.,        191P    375
0.,-10.25,9.,0.,10.25,9.,3.,-10.25,9.,3.,10.25,0.,1.,0.,1.;          191P    376
126,1,1,1,0,1,0,0.,0.,1.,1.,1.,1.,0.,0.,0.,1.,0.,0.,0.,1.,0.,        193P    377
0.,1.;                                                               193P    378
110,9.,0.,-10.25,9.,0.,10.25;                                        195P    379
126,1,1,1,0,1,0,0.,0.,1.,1.,1.,1.,1.,0.,0.,1.,1.,0.,0.,1.,0.,        197P    380
0.,1.;                                                               197P    381
110,9.,0.,10.25,9.,3.,10.25;                                         199P    382
126,1,1,1,0,1,0,0.,0.,1.,1.,1.,1.,1.,1.,0.,0.,1.,0.,0.,1.,0.,        201P    383
0.,1.;                                                               201P    384
110,9.,3.,10.25,9.,3.,-10.25;                                        203P    385
126,1,1,1,0,1,0,0.,0.,1.,1.,1.,1.,0.,1.,0.,0.,0.,0.,0.,1.,0.,        205P    386
0.,1.;                                                               205P    387
110,9.,3.,-10.25,9.,0.,-10.25;                                       207P    388
102,4,193,197,201,205;                                               209P    389
102,4,195,199,203,207;                                               211P    390
142,1,191,209,211,1;                                                 213P    391
144,191,1,0,213;                                                     215P    392
110,8.,3.5,-10.25,8.,-996.5,-10.25;                                  217P    393
110,8.,3.,-11.25,8.,0.,-11.25;                                       219P    394
120,217,219,0.,6.28318530717959;                                     221P    395
126,1,1,1,0,1,0,0.,0.,1.,1.,1.,1.,1.,0.,0.,0.,0.,0.,0.,1.,0.,        223P    396
0.,1.;                                                               223P    397
110,8.,0.,-11.25,8.,3.,-11.25;                                       225P    398
126,1,1,1,0,1,0,0.,0.,1.,1.,1.,1.,0.,0.,0.,0.,1.570796327,0.,        227P    399
0.,1.,0.,0.,1.;                                                      227P    400
124,1.40271576953299E-14,1.,0.,4.99999999999988,                     229P    401
-6.12323399573677E-17,8.58915688636046E-31,-1.,-7.25,-1.,            229P    402
1.40271576953299E-14,6.12323399573677E-17,-2.25000000000005;         229P    403
100,-10.25,8.,3.,9.,3.,8.,4.;                                        231P    404
126,1,1,1,0,1,0,0.,0.,1.,1.,1.,1.,0.,1.570796327,0.,1.,              233P    405
1.570796327,0.,0.,1.,0.,0.,1.;                                       233P    406
110,9.,3.,-10.25,9.,0.,-10.25;                                       235P    407
126,1,1,1,0,1,0,0.,0.,1.,1.,1.,1.,1.,1.570796327,0.,1.,0.,0.,        237P    408
0.,1.,0.,0.,1.;                                                      237P    409
124,1.,0.,0.,0.,0.,6.12323399573677E-17,1.,10.25,0.,-1.,             239P    410
6.12323399573677E-17,-10.25;                                         239P    411
100,-10.25,8.,0.,9.,0.,8.,1.;                                        241P    412
102,4,223,227,233,237;                                               243P    413
102,4,225,231,235,241;                                               245P    414
142,1,221,243,245,1;                                                 247P    415
144,221,1,0,247;                                                     249P    416
128,1,1,1,1,0,0,1,0,0,0.,0.,1.,1.,0.,0.,1.,1.,1.,1.,1.,1.,-8.,       251P    417
0.,-11.25,8.,0.,-11.25,-8.,3.,-11.25,8.,3.,-11.25,0.,1.,0.,1.;       251P    418
126,1,1,1,0,1,0,0.,0.,1.,1.,1.,1.,0.,0.,0.,1.,0.,0.,0.,1.,0.,        253P    419
0.,1.;                                                               253P    420
110,-8.,0.,-11.25,8.,0.,-11.25;                                      255P    421
126,1,1,1,0,1,0,0.,0.,1.,1.,1.,1.,1.,0.,0.,1.,1.,0.,0.,1.,0.,        257P    422
0.,1.;                                                               257P    423
110,8.,0.,-11.25,8.,3.,-11.25;                                       259P    424
126,1,1,1,0,1,0,0.,0.,1.,1.,1.,1.,1.,1.,0.,0.,1.,0.,0.,1.,0.,        261P    425
0.,1.;                                                               261P    426
110,8.,3.,-11.25,-8.,3.,-11.25;                                      263P    427
126,1,1,1,0,1,0,0.,0.,1.,1.,1.,1.,0.,1.,0.,0.,0.,0.,0.,1.,0.,        265P    428
0.,1.;                                                               265P    429
110,-8.,3.,-11.25,-8.,0.,-11.25;                                     267P    430
102,4,253,257,261,265;                                               269P    431
102,4,255,259,263,267;                                               271P    432
142,1,251,269,271,1;                                                 273P    433
144,251,1,0,273;                                                     275P    434
110,-8.,3.5,-10.25,-8.,-996.5,-10.25;                                277P    435
110,-8.,3.,-11.25,-8.,0.,-11.25;                                     279P    436
120,277,279,0.,6.28318530717959;                                     281P    437
126,1,1,1,0,1,0,0.,0.,1.,1.,1.,1.,1.,4.71238898,0.,0.,               283P    438
4.71238898,0.,0.,1.,0.,0.,1.;                                        283P    439
110,-9.,0.,-10.25,-9.,3.,-10.25;                                     285P    440
126,1,1,1,0,1,0,0.,0.,1.,1.,1.,1.,0.,4.71238898,0.,0.,               287P    441
6.283185307,0.,0.,1.,0.,0.,1.;                                       287P    442
124,-1.,6.98296267768627E-15,0.,-16.,-4.27583144589696E-31,          289P    443
-6.12323399573677E-17,-1.,-7.25,-6.98296267768627E-15,-1.,           289P    444
6.12323399573677E-17,-7.25000000000006;                              289P    445
100,-10.25,-8.,3.,-7.,3.,-8.,4.;                                     291P    446
126,1,1,1,0,1,0,0.,0.,1.,1.,1.,1.,0.,6.283185307,0.,1.,              293P    447
6.283185307,0.,0.,1.,0.,0.,1.;                                       293P    448
110,-8.,3.,-11.25,-8.,0.,-11.25;                                     295P    449
126,1,1,1,0,1,0,0.,0.,1.,1.,1.,1.,1.,6.283185307,0.,1.,              297P    450
4.71238898,0.,0.,1.,0.,0.,1.;                                        297P    451
124,6.12323399573677E-17,-1.,0.,-8.,6.12323399573677E-17,            299P    452
3.74939945665464E-33,1.,10.25,-1.,-6.12323399573677E-17,             299P    453
6.12323399573677E-17,-18.25;                                         299P    454
100,-10.25,-8.,0.,-7.,0.,-8.,1.;                                     301P    455
102,4,283,287,293,297;                                               303P    456
102,4,285,291,295,301;                                               305P    457
142,1,281,303,305,1;                                                 307P    458
144,281,1,0,307;                                                     309P    459
128,1,1,1,1,0,0,1,0,0,0.,0.,1.,1.,0.,0.,1.,1.,1.,1.,1.,1.,-9.,       311P    460
0.,10.25,-9.,0.,-10.25,-9.,3.,10.25,-9.,3.,-10.25,0.,1.,0.,1.;       311P    461
126,1,1,1,0,1,0,0.,0.,1.,1.,1.,1.,0.,0.,0.,1.,0.,0.,0.,1.,0.,        313P    462
0.,1.;                                                               313P    463
110,-9.,0.,10.25,-9.,0.,-10.25;                                      315P    464
126,1,1,1,0,1,0,0.,0.,1.,1.,1.,1.,1.,0.,0.,1.,1.,0.,0.,1.,0.,        317P    465
0.,1.;                                                               317P    466
110,-9.,0.,-10.25,-9.,3.,-10.25;                                     319P    467
126,1,1,1,0,1,0,0.,0.,1.,1.,1.,1.,1.,1.,0.,0.,1.,0.,0.,1.,0.,        321P    468
0.,1.;                                                               321P    469
110,-9.,3.,-10.25,-9.,3.,10.25;                                      323P    470
126,1,1,1,0,1,0,0.,0.,1.,1.,1.,1.,0.,1.,0.,0.,0.,0.,0.,1.,0.,        325P    471
0.,1.;                                                               325P    472
110,-9.,3.,10.25,-9.,0.,10.25;                                       327P    473
102,4,313,317,321,325;                                               329P    474
102,4,315,319,323,327;                                               331P    475
142,1,311,329,331,1;                                                 333P    476
144,311,1,0,333;                                                     335P    477
110,-8.,3.5,10.25,-8.,-996.5,10.25;                                  337P    478
110,-8.,3.,9.25,-8.,0.,9.25;                                         339P    479
120,337,339,0.,6.28318530717959;                                     341P    480
126,1,1,1,0,1,0,0.,0.,1.,1.,1.,1.,1.,3.141592654,0.,0.,              343P    481
3.141592654,0.,0.,1.,0.,0.,1.;                                       343P    482
110,-8.,0.,11.25,-8.,3.,11.25;                                       345P    483
126,1,1,1,0,1,0,0.,0.,1.,1.,1.,1.,0.,3.141592654,0.,0.,              347P    484
4.71238898,0.,0.,1.,0.,0.,1.;                                        347P    485
124,6.12323399573677E-17,-1.,0.,-5.,6.12323399573677E-17,            349P    486
3.74939945665464E-33,-1.,13.25,1.,6.12323399573677E-17,              349P    487
6.12323399573677E-17,18.25;                                          349P    488
100,10.25,-8.,3.,-7.,3.,-8.,4.;                                      351P    489
126,1,1,1,0,1,0,0.,0.,1.,1.,1.,1.,0.,4.71238898,0.,1.,               353P    490
4.71238898,0.,0.,1.,0.,0.,1.;                                        353P    491
110,-9.,3.,10.25,-9.,0.,10.25;                                       355P    492
126,1,1,1,0,1,0,0.,0.,1.,1.,1.,1.,1.,4.71238898,0.,1.,               357P    493
3.141592654,0.,0.,1.,0.,0.,1.;                                       357P    494
124,-1.,6.98296267768627E-15,0.,-16.,-4.27583144589696E-31,          359P    495
-6.12323399573677E-17,1.,-10.25,6.98296267768627E-15,1.,             359P    496
6.12323399573677E-17,10.2500000000001;                               359P    497
100,10.25,-8.,0.,-7.,0.,-8.,1.;                                      361P    498
102,4,343,347,353,357;                                               363P    499
102,4,345,351,355,361;                                               365P    500
142,1,341,363,365,1;                                                 367P    501
144,341,1,0,367;                                                     369P    502
128,1,1,1,1,0,0,1,0,0,0.,0.,1.,1.,0.,0.,1.,1.,1.,1.,1.,1.,8.,        371P    503
0.,11.25,-8.,0.,11.25,8.,3.,11.25,-8.,3.,11.25,0.,1.,0.,1.;          371P    504
126,1,1,1,0,1,0,0.,0.,1.,1.,1.,1.,0.,0.,0.,1.,0.,0.,0.,1.,0.,        373P    505
0.,1.;                                                               373P    506
110,8.,0.,11.25,-8.,0.,11.25;                                        375P    507
126,1,1,1,0,1,0,0.,0.,1.,1.,1.,1.,1.,0.,0.,1.,1.,0.,0.,1.,0.,        377P    508
0.,1.;                                                               377P    509
110,-8.,0.,11.25,-8.,3.,11.25;                                       379P    510
126,1,1,1,0,1,0,0.,0.,1.,1.,1.,1.,1.,1.,0.,0.,1.,0.,0.,1.,0.,        381P    511
0.,1.;                                                               381P    512
110,-8.,3.,11.25,8.,3.,11.25;                                        383P    513
126,1,1,1,0,1,0,0.,0.,1.,1.,1.,1.,0.,1.,0.,0.,0.,0.,0.,1.,0.,        385P    514
0.,1.;                                                               385P    515
110,8.,3.,11.25,8.,0.,11.25;                                         387P    516
102,4,373,377,381,385;                                               389P    517
102,4,375,379,383,387;                                               391P    518
142,1,371,389,391,1;                                                 393P    519
144,371,1,0,393;                                                     395P    520
128,1,1,1,1,0,0,1,0,0,0.,0.,1.,1.,0.,0.,1.,1.,1.,1.,1.,1.,-8.5,      397P    521
3.5,-10.75,-8.5,3.5,10.75,8.65237501,3.5,-10.75,8.65237501,3.5,      397P    522
10.75,0.,1.,0.,1.;                                                   397P    523
126,1,1,1,0,1,0,0.,0.,1.,1.,1.,1.,0.,0.961965908,0.,0.,              399P    524
0.029150482,0.,0.,1.,0.,0.,1.;                                       399P    525
110,8.,3.5,-10.75,-8.,3.5,-10.75;                                    401P    526
126,8,2,1,0,1,0,0.,0.,0.,0.25,0.25,0.5,0.5,0.75,0.75,1.,1.,1.,       403P    527
1.,1.,1.,1.,1.,1.,1.,1.,1.,0.,0.029150482,0.,0.,0.023352091,0.,      403P    528
0.001770243,0.017995076,0.,0.003540487,0.01263806,0.,                403P    529
0.00681147,0.008537979,0.,0.010082454,0.004437897,0.,                403P    530
0.014356199,0.002218948,0.,0.018629945,0.,0.,0.023255814,0.,0.,      403P    531
0.,1.,0.,0.,-1.;                                                     403P    532
124,6.12323399573677E-17,-1.,0.,-4.5,6.12323399573677E-17,           405P    533
3.74939945665464E-33,1.,13.75,-1.,-6.12323399573677E-17,             405P    534
6.12323399573677E-17,-18.25;                                         405P    535
100,-10.25,-8.,3.5,-7.5,3.5,-8.,4.;                                  407P    536
126,1,1,1,0,1,0,0.,0.,1.,1.,1.,1.,0.023255814,0.,0.,                 409P    537
0.976744186,0.,0.,0.,1.,0.,0.,1.;                                    409P    538
110,-8.5,3.5,-10.25,-8.5,3.5,10.25;                                  411P    539
126,8,2,1,0,1,0,0.,0.,0.,0.25,0.25,0.5,0.5,0.75,0.75,1.,1.,1.,       413P    540
1.,1.,1.,1.,1.,1.,1.,1.,1.,0.976744186,0.,0.,0.981370055,0.,0.,      413P    541
0.985643801,0.002218948,0.,0.989917546,0.004437897,0.,               413P    542
0.99318853,0.008537979,0.,0.996459513,0.01263806,0.,                 413P    543
0.998229757,0.017995076,0.,1.,0.023352091,0.,1.,0.029150482,0.,      413P    544
0.,1.,0.,0.,-1.;                                                     413P    545
124,-1.,6.98296267768627E-15,0.,-16.,-4.27583144589696E-31,          415P    546
-6.12323399573677E-17,1.,-6.75,6.98296267768627E-15,1.,              415P    547
6.12323399573677E-17,6.75000000000006;                               415P    548
100,10.25,-8.,3.5,-7.5,3.5,-8.,4.;                                   417P    549
126,1,1,1,0,1,0,0.,0.,1.,1.,1.,1.,1.,0.029150482,0.,1.,              419P    550
0.961965908,0.,0.,1.,0.,0.,1.;                                       419P    551
110,-8.,3.5,10.75,8.,3.5,10.75;                                      421P    552
126,8,2,1,0,1,0,0.,0.,0.,0.25,0.25,0.5,0.5,0.75,0.75,1.,1.,1.,       423P    553
1.,1.,1.,1.,1.,1.,1.,1.,1.,1.,0.961965908,0.,1.,0.967764299,0.,      423P    554
0.998229757,0.973121315,0.,0.996459513,0.97847833,0.,                423P    555
0.99318853,0.982578412,0.,0.989917546,0.986678493,0.,                423P    556
0.985643801,0.988897442,0.,0.981370055,0.99111639,0.,                423P    557
0.976744186,0.99111639,0.,0.,1.,0.,0.,-1.;                           423P    558
124,1.40271576953299E-14,1.,0.,4.49999999999989,                     425P    559
-6.12323399573677E-17,8.58915688636046E-31,1.,-6.75,1.,              425P    560
-1.40271576953299E-14,6.12323399573677E-17,2.25000000000005;         425P    561
100,10.25,8.,3.5,8.5,3.5,8.,4.;                                      427P    562
126,1,1,1,0,1,0,0.,0.,1.,1.,1.,1.,0.976744186,0.99111639,0.,         429P    563
0.023255814,0.99111639,0.,0.,1.,0.,0.,1.;                            429P    564
110,8.5,3.5,10.25,8.5,3.5,-10.25;                                    431P    565
126,8,2,1,0,1,0,0.,0.,0.,0.25,0.25,0.5,0.5,0.75,0.75,1.,1.,1.,       433P    566
1.,1.,1.,1.,1.,1.,1.,1.,1.,0.023255814,0.99111639,0.,                433P    567
0.018629945,0.99111639,0.,0.014356199,0.988897442,0.,                433P    568
0.010082454,0.986678493,0.,0.00681147,0.982578412,0.,                433P    569
0.003540487,0.97847833,0.,0.001770243,0.973121315,0.,0.,             433P    570
0.967764299,0.,0.,0.961965908,0.,0.,1.,0.,0.,-1.;                    433P    571
124,1.,0.,0.,0.,0.,6.12323399573677E-17,1.,13.75,0.,-1.,             435P    572
6.12323399573677E-17,-6.75;                                          435P    573
100,-10.25,8.,3.5,8.5,3.5,8.,4.;                                     437P    574
102,8,399,403,409,413,419,423,429,433;                               439P    575
102,8,401,407,411,417,421,427,431,437;                               441P    576
142,1,397,439,441,1;                                                 443P    577
126,28,2,1,0,1,0,0.,0.,0.,0.03125,0.03125,0.0390625,0.0390625,       445P    578
0.046875,0.046875,0.0625,0.0625,0.125,0.125,0.25,0.25,0.5,0.5,       445P    579
0.75,0.75,0.875,0.875,0.9375,0.9375,0.953125,0.953125,               445P    580
0.9609375,0.9609375,0.96875,0.96875,1.,1.,1.,1.,1.,1.,1.,1.,1.,      445P    581
1.,1.,1.,1.,1.,1.,1.,1.,1.,1.,1.,1.,1.,1.,1.,1.,1.,1.,1.,1.,1.,      445P    582
1.,1.,0.860465116,0.017256693,0.,0.849543286,0.014797801,0.,         445P    583
0.838016988,0.013959624,0.,0.835219659,0.013756205,0.,               445P    584
0.832389687,0.013648648,0.,0.830814107,0.013588765,0.,               445P    585
0.826757216,0.013511426,0.,0.821024945,0.013402149,0.,               445P    586
0.815490459,0.013298052,0.,0.791612614,0.012848936,0.,               445P    587
0.770422437,0.012477929,0.,0.721461501,0.011620698,0.,               445P    588
0.680281766,0.011069246,0.,0.584675992,0.009788958,0.,               445P    589
0.499991238,0.009789021,0.,0.415307808,0.009789084,0.,               445P    590
0.319701777,0.011069467,0.,0.278522332,0.011620953,0.,               445P    591
0.229561128,0.012478216,0.,0.208370826,0.012849238,0.,               445P    592
0.184492554,0.013298371,0.,0.178958033,0.013402472,0.,               445P    593
0.173225702,0.013511752,0.,0.169177269,0.013588931,0.,               445P    594
0.167593366,0.013649293,0.,0.164763955,0.01375712,0.,                445P    595
0.161967179,0.013960776,0.,0.150449197,0.014799493,0.,               445P    596
0.139534884,0.017256693,0.,0.,1.,0.,0.,1.;                           445P    597
126,17,3,1,0,1,0,0.,0.,0.,0.,0.0625,0.0625,0.125,0.125,0.25,         447P    598
0.25,0.5,0.5,0.75,0.75,0.875,0.875,0.9375,0.9375,1.,1.,1.,1.,        447P    599
1.,1.,1.,1.,1.,1.,1.,1.,1.,1.,1.,1.,1.,1.,1.,1.,1.,1.,               447P    600
-8.204006723,3.5,7.750000001,-8.261663685,3.5,7.428987592,           447P    601
-8.267060348,3.5,7.106026488,-8.276753313,3.5,6.460063249,           447P    602
-8.281462311,3.5,6.137076503,-8.294997045,3.5,5.16809418,            447P    603
-8.303234425,3.5,4.522079838,-8.323939559,3.5,2.584014205,           447P    604
-8.332095813,3.5,1.291900109,-8.332094277,3.5,-1.292276866,          447P    605
-8.323936756,3.5,-2.584368191,-8.303230157,3.5,-4.522433585,         447P    606
-8.294992503,3.5,-5.168440088,-8.281457179,3.5,-6.137433572,         447P    607
-8.276747981,3.5,-6.46042551,-8.26705472,3.5,-7.106394657,           447P    608
-8.261598196,3.5,-7.42935221,-8.204006723,3.5,-7.75,0.,1.,0.,        447P    609
1.,0.;                                                               447P    610
126,14,2,1,0,1,0,0.,0.,0.,0.25,0.25,0.375,0.375,0.5,0.5,0.625,       449P    611
0.625,0.75,0.75,0.875,0.875,1.,1.,1.,1.,1.,1.,1.,1.,1.,1.,1.,        449P    612
1.,1.,1.,1.,1.,1.,1.,0.139534884,0.017256693,0.,0.115619958,         449P    613
0.022640794,0.,0.095279183,0.0356048,0.,0.084741015,                 449P    614
0.042321205,0.,0.075346193,0.050928127,0.,0.065805502,               449P    615
0.059668684,0.,0.057758905,0.070073787,0.,0.04961278,                449P    616
0.080607589,0.,0.042972252,0.092841211,0.,0.03638416,                449P    617
0.104978232,0.,0.031542653,0.118297844,0.,0.026701244,               449P    618
0.131617184,0.,0.023682921,0.146003005,0.,0.02072423,                449P    619
0.160104606,0.,0.019578177,0.174902892,0.,0.,1.,0.,0.,1.;            449P    620
126,5,3,1,0,1,0,0.,0.,0.,0.,0.5,0.5,1.,1.,1.,1.,1.,1.,1.,1.,1.,      451P    621
1.,-8.204006723,3.5,-7.75,-8.084577109,3.5,-8.414939446,             451P    622
-7.781728008,3.5,-9.039348391,-6.814408247,3.5,-9.977018703,         451P    623
-6.173718984,3.5,-10.263667877,-5.5,3.5,-10.329069202,0.,1.,0.,      451P    624
1.,0.;                                                               451P    625
126,28,2,1,0,1,0,0.,0.,0.,0.015625,0.015625,0.0234375,               453P    626
0.0234375,0.03125,0.03125,0.0625,0.0625,0.125,0.125,0.25,0.25,       453P    627
0.5,0.5,0.75,0.75,0.875,0.875,0.9375,0.9375,0.96875,0.96875,         453P    628
0.9765625,0.9765625,0.984375,0.984375,1.,1.,1.,1.,1.,1.,1.,1.,       453P    629
1.,1.,1.,1.,1.,1.,1.,1.,1.,1.,1.,1.,1.,1.,1.,1.,1.,1.,1.,1.,1.,      453P    630
1.,1.,1.,0.019578177,0.174902892,0.,0.019192296,0.179885531,0.,      453P    631
0.019015607,0.184916542,0.,0.018927812,0.187416417,0.,               453P    632
0.018891792,0.189925507,0.,0.018876413,0.190996836,0.,               453P    633
0.018854467,0.194935648,0.,0.018797867,0.205093914,0.,               453P    634
0.018744876,0.214976753,0.,0.018634741,0.235516942,0.,               453P    635
0.018539185,0.255059147,0.,0.018335201,0.296776232,0.,               453P    636
0.018191688,0.335224802,0.,0.017881803,0.418246517,0.,               453P    637
0.01782208,0.495558254,0.,0.017761009,0.574615565,0.,                453P    638
0.017954533,0.655892384,0.,0.018047285,0.694846448,0.,               453P    639
0.018201789,0.736058818,0.,0.018275612,0.755750213,0.,               453P    640
0.018364171,0.776141527,0.,0.018407271,0.786065749,0.,               453P    641
0.018453975,0.796182751,0.,0.018469641,0.799576242,0.,               453P    642
0.018498406,0.801192723,0.,0.018543054,0.803701795,0.,               453P    643
0.01863901,0.806201232,0.,0.01883215,0.81123212,0.,0.019232638,      453P    644
0.816213498,0.,0.,1.,0.,0.,1.;                                       453P    645
126,13,3,1,0,1,0,0.,0.,0.,0.,0.125,0.125,0.25,0.25,0.5,0.5,          455P    646
0.75,0.75,0.875,0.875,1.,1.,1.,1.,1.,1.,1.,1.,1.,1.,1.,1.,1.,        455P    647
1.,1.,1.,1.,1.,-5.5,3.5,-10.329069202,-5.042111298,3.5,              455P    648
-10.373518784,-4.583470203,3.5,-10.348598295,-3.66678953,3.5,        455P    649
-10.354216731,-3.208446018,3.5,-10.356734235,-1.833403412,3.5,       455P    650
-10.363167629,-0.916703873,3.5,-10.365937636,0.916705887,3.5,        455P    651
-10.367712917,1.833411755,3.5,-10.366713497,3.208462338,3.5,         455P    652
-10.362609557,3.666812314,3.5,-10.360815403,4.58350142,3.5,          455P    653
-10.356507651,5.042189137,3.5,-10.382634329,5.5,3.5,                 455P    654
-10.336498292,0.,1.,0.,1.,0.;                                        455P    655
126,14,2,1,0,1,0,0.,0.,0.,0.125,0.125,0.25,0.25,0.375,0.375,         457P    656
0.5,0.5,0.625,0.625,0.75,0.75,1.,1.,1.,1.,1.,1.,1.,1.,1.,1.,1.,      457P    657
1.,1.,1.,1.,1.,1.,1.,0.019232638,0.816213498,0.,0.02042043,          457P    658
0.830987585,0.,0.023399161,0.845060539,0.,0.02643609,                457P    659
0.859408448,0.,0.031263769,0.872663079,0.,0.03612885,0.8860204,      457P    660
0.,0.042753296,0.898194701,0.,0.049387522,0.910386977,0.,            457P    661
0.057518614,0.920899842,0.,0.065614121,0.931366699,0.,               457P    662
0.075196979,0.940124752,0.,0.084601664,0.948719968,0.,               457P    663
0.095155464,0.955417131,0.,0.115585052,0.968381209,0.,               457P    664
0.139534884,0.973655495,0.,0.,1.,0.,0.,1.;                           457P    665
126,5,3,1,0,1,0,0.,0.,0.,0.,0.5,0.5,1.,1.,1.,1.,1.,1.,1.,1.,1.,      459P    666
1.,5.5,3.5,-10.336498292,6.173569926,3.5,-10.268619066,              459P    667
6.809446165,3.5,-9.984688443,7.781792705,3.5,-9.042011172,           459P    668
8.083482686,3.5,-8.416068046,8.200504174,3.5,-7.75,0.,1.,0.,1.,      459P    669
0.;                                                                  459P    670
126,32,2,1,0,1,0,0.,0.,0.,0.03125,0.03125,0.0390625,0.0390625,       461P    671
0.046875,0.046875,0.0625,0.0625,0.125,0.125,0.25,0.25,0.375,         461P    672
0.375,0.5,0.5,0.625,0.625,0.75,0.75,0.875,0.875,0.9375,0.9375,       461P    673
0.953125,0.953125,0.9609375,0.9609375,0.96875,0.96875,1.,1.,1.,      461P    674
1.,1.,1.,1.,1.,1.,1.,1.,1.,1.,1.,1.,1.,1.,1.,1.,1.,1.,1.,1.,1.,      461P    675
1.,1.,1.,1.,1.,1.,1.,1.,1.,1.,1.,1.,0.139534884,0.973655495,0.,      461P    676
0.150476465,0.976065074,0.,0.162009139,0.97682941,0.,                461P    677
0.164808079,0.977014912,0.,0.167638686,0.977103101,0.,               461P    678
0.16832334,0.977124431,0.,0.17327118,0.977237357,0.,                 461P    679
0.179533097,0.977380274,0.,0.184536415,0.977494135,0.,               461P    680
0.211188152,0.97810065,0.,0.229597682,0.978505764,0.,                461P    681
0.281414514,0.979646025,0.,0.319724509,0.98032595,0.,                461P    682
0.367726148,0.981177882,0.,0.409860869,0.981592137,0.,               461P    683
0.455262799,0.982038513,0.,0.500000208,0.982038512,0.,               461P    684
0.544740579,0.982038511,0.,0.590141266,0.981592096,0.,               461P    685
0.632268537,0.981177867,0.,0.680274271,0.980325934,0.,               461P    686
0.71859655,0.979645849,0.,0.770397216,0.978505915,0.,                461P    687
0.788795118,0.978101048,0.,0.815456842,0.977494293,0.,               461P    688
0.820455397,0.977380538,0.,0.826721679,0.97723752,0.,                461P    689
0.831673006,0.977124514,0.,0.832353992,0.977103329,0.,               461P    690
0.835184717,0.977015264,0.,0.837983775,0.97682988,0.,                461P    691
0.849520166,0.976065816,0.,0.860465116,0.973655495,0.,0.,1.,0.,      461P    692
0.,1.;                                                               461P    693
126,17,3,1,0,1,0,0.,0.,0.,0.,0.0625,0.0625,0.125,0.125,0.25,         463P    694
0.25,0.5,0.5,0.75,0.75,0.875,0.875,0.9375,0.9375,1.,1.,1.,1.,        463P    695
1.,1.,1.,1.,1.,1.,1.,1.,1.,1.,1.,1.,1.,1.,1.,1.,1.,1.,               463P    696
8.200504174,3.5,-7.75,8.257005329,3.5,-7.428404244,8.260482976,      463P    697
3.5,-7.105404073,8.272208975,3.5,-6.459530091,8.278028315,3.5,       463P    698
-6.136591943,8.295036792,3.5,-5.167765594,8.305772389,3.5,           463P    699
-4.52186538,8.333210206,3.5,-2.584038422,8.34429286,3.5,             463P    700
-1.292006047,8.344292813,3.5,1.292015008,8.333207484,3.5,            463P    701
2.584077192,8.305773347,3.5,4.521806645,8.295039234,3.5,             463P    702
5.167680276,8.278030981,3.5,6.136470069,8.272211588,3.5,             463P    703
6.459396585,8.260485771,3.5,7.105247637,8.257036274,3.5,             463P    704
7.428228111,8.200504174,3.5,7.75,0.,1.,0.,1.,0.;                     463P    705
126,14,2,1,0,1,0,0.,0.,0.,0.25,0.25,0.375,0.375,0.5,0.5,0.625,       465P    706
0.625,0.75,0.75,0.875,0.875,1.,1.,1.,1.,1.,1.,1.,1.,1.,1.,1.,        465P    707
1.,1.,1.,1.,1.,1.,1.,0.860465116,0.973655495,0.,0.884383722,         465P    708
0.968388085,0.,0.904791259,0.955450922,0.,0.915350138,               465P    709
0.948757222,0.,0.92476012,0.940163946,0.,0.934307425,                465P    710
0.931445265,0.,0.942379218,0.921031794,0.,0.950543145,               465P    711
0.910499461,0.,0.957202676,0.898275566,0.,0.963814925,               465P    712
0.88613846,0.,0.968678188,0.872822225,0.,0.973535968,                465P    713
0.859521002,0.,0.976588581,0.845118415,0.,0.97957711,                465P    714
0.831018183,0.,0.980767362,0.816213498,0.,0.,1.,0.,0.,1.;            465P    715
126,5,3,1,0,1,0,0.,0.,0.,0.,0.5,0.5,1.,1.,1.,1.,1.,1.,1.,1.,1.,      467P    716
1.,8.200504174,3.5,7.75,8.083509132,3.5,8.41591752,7.781392236,      467P    717
3.5,9.041374027,6.814373204,3.5,9.980932352,6.173930261,3.5,         467P    718
10.268582753,5.5,3.5,10.336498292,0.,1.,0.,1.,0.;                    467P    719
126,28,2,1,0,1,0,0.,0.,0.,0.015625,0.015625,0.0234375,               469P    720
0.0234375,0.03125,0.03125,0.0625,0.0625,0.125,0.125,0.25,0.25,       469P    721
0.5,0.5,0.75,0.75,0.875,0.875,0.9375,0.9375,0.96875,0.96875,         469P    722
0.9765625,0.9765625,0.984375,0.984375,1.,1.,1.,1.,1.,1.,1.,1.,       469P    723
1.,1.,1.,1.,1.,1.,1.,1.,1.,1.,1.,1.,1.,1.,1.,1.,1.,1.,1.,1.,1.,      469P    724
1.,1.,1.,0.980767362,0.816213498,0.,0.981167908,0.811231406,0.,      469P    725
0.981361046,0.80619979,0.,0.981456992,0.803700201,0.,                469P    726
0.981501625,0.801190977,0.,0.981530363,0.79957536,0.,                469P    727
0.981546033,0.796180959,0.,0.981592737,0.786063982,0.,               469P    728
0.981635837,0.776139785,0.,0.981724394,0.755748548,0.,               469P    729
0.981798217,0.736057221,0.,0.98195272,0.694845034,0.,                469P    730
0.98204547,0.655891121,0.,0.982238992,0.574614423,0.,                469P    731
0.982177919,0.495557187,0.,0.982118195,0.41824545,0.,                469P    732
0.981808307,0.335223692,0.,0.981664794,0.296775039,0.,               469P    733
0.981460808,0.255057841,0.,0.981365252,0.235515599,0.,               469P    734
0.981255117,0.214975363,0.,0.981202125,0.205092512,0.,               469P    735
0.981145525,0.194934232,0.,0.981123583,0.190996126,0.,               469P    736
0.981108188,0.189924107,0.,0.981072155,0.187415128,0.,               469P    737
0.980984351,0.184915362,0.,0.980807659,0.179884947,0.,               469P    738
0.980421823,0.174902892,0.,0.,1.,0.,0.,1.;                           469P    739
126,13,3,1,0,1,0,0.,0.,0.,0.,0.125,0.125,0.25,0.25,0.5,0.5,          471P    740
0.75,0.75,0.875,0.875,1.,1.,1.,1.,1.,1.,1.,1.,1.,1.,1.,1.,1.,        471P    741
1.,1.,1.,1.,1.,5.5,3.5,10.336498292,5.042097405,3.5,                 471P    742
10.382643574,4.583471991,3.5,10.356507804,3.666786962,3.5,           471P    743
10.360815508,3.208440834,3.5,10.362609635,1.833389761,3.5,           471P    744
10.366713536,0.916687154,3.5,10.367712923,-0.916721748,3.5,          471P    745
10.365937594,-1.83342339,3.5,10.363167556,-3.208464601,3.5,          471P    746
10.356734138,-3.666810694,3.5,10.354216611,-4.583493823,3.5,         471P    747
10.348598141,-5.042188039,3.5,10.373511335,-5.5,3.5,                 471P    748
10.329069202,0.,1.,0.,1.,0.;                                         471P    749
126,14,2,1,0,1,0,0.,0.,0.,0.125,0.125,0.25,0.25,0.375,0.375,         473P    750
0.5,0.5,0.625,0.625,0.75,0.75,1.,1.,1.,1.,1.,1.,1.,1.,1.,1.,1.,      473P    751
1.,1.,1.,1.,1.,1.,1.,0.980421823,0.174902892,0.,0.979278215,         473P    752
0.160136178,0.,0.976329608,0.146062763,0.,0.973327134,               473P    753
0.131732241,0.,0.968516351,0.118460397,0.,0.963672913,               473P    754
0.105098463,0.,0.957072166,0.092923091,0.,0.95045638,                473P    755
0.080719979,0.,0.942342332,0.070204839,0.,0.93427238,                473P    756
0.059746844,0.,0.924696055,0.050966847,0.,0.915304747,               473P    757
0.042356481,0.,0.904769474,0.035635825,0.,0.884408592,               473P    758
0.022647222,0.,0.860465116,0.017256693,0.,0.,1.,0.,0.,1.;            473P    759
126,5,3,1,0,1,0,0.,0.,0.,0.,0.5,0.5,1.,1.,1.,1.,1.,1.,1.,1.,1.,      475P    760
1.,-5.5,3.5,10.329069202,-6.173353657,3.5,10.263703341,              475P    761
-6.80932409,3.5,9.98092135,-7.782316458,3.5,9.039798922,             475P    762
-8.084549018,3.5,8.41509585,-8.204006723,3.5,7.750000001,0.,1.,      475P    763
0.,1.,0.;                                                            475P    764
102,8,445,449,453,457,461,465,469,473;                               477P    765
102,8,447,451,455,459,463,467,471,475;                               479P    766
142,1,397,477,479,1;                                                 481P    767
144,397,1,1,443,481;                                                 483P    768
128,1,1,1,1,0,0,1,0,0,0.,0.,1.,1.,0.,0.,1.,1.,1.,1.,1.,1.,-9.,       485P    769
0.,-11.25,-9.,0.,11.25,9.,0.,-11.25,9.,0.,11.25,0.,1.,0.,1.;         485P    770
126,1,1,1,0,1,0,0.,0.,1.,1.,1.,1.,0.955555556,1.,0.,                 487P    771
0.044444444,1.,0.,0.,1.,0.,0.,1.;                                    487P    772
110,9.,0.,10.25,9.,0.,-10.25;                                        489P    773
126,16,2,1,0,1,0,0.,0.,0.,0.125,0.125,0.25,0.25,0.375,0.375,         491P    774
0.5,0.5,0.625,0.625,0.75,0.75,0.875,0.875,1.,1.,1.,1.,1.,1.,1.,      491P    775
1.,1.,1.,1.,1.,1.,1.,1.,1.,1.,1.,1.,1.,0.044444444,1.,0.,            491P    776
0.040067049,1.,0.,0.035773763,0.998932516,0.,0.031480478,            491P    777
0.997865031,0.,0.027436292,0.995771085,0.,0.023392106,               491P    778
0.993677139,0.,0.019752434,0.990637201,0.,0.016112763,               491P    779
0.987597262,0.,0.013017476,0.983728155,0.,0.00992219,                491P    780
0.979859047,0.,0.007490239,0.975309457,0.,0.005058289,               491P    781
0.970759868,0.,0.003383132,0.965704635,0.,0.001707975,               491P    782
0.960649402,0.,0.000853988,0.955282796,0.,0.,0.949916189,0.,0.,      491P    783
0.944444444,0.,0.,1.,0.,0.,-1.;                                      491P    784
124,1.,0.,0.,0.,0.,6.12323399573677E-17,1.,10.25,0.,-1.,             493P    785
6.12323399573677E-17,-10.25;                                         493P    786
100,-10.25,8.,0.,9.,0.,8.,1.;                                        495P    787
126,1,1,1,0,1,0,0.,0.,1.,1.,1.,1.,0.,0.944444444,0.,0.,              497P    788
0.055555556,0.,0.,1.,0.,0.,1.;                                       497P    789
110,8.,0.,-11.25,-8.,0.,-11.25;                                      499P    790
126,16,2,1,0,1,0,0.,0.,0.,0.125,0.125,0.25,0.25,0.375,0.375,         501P    791
0.5,0.5,0.625,0.625,0.75,0.75,0.875,0.875,1.,1.,1.,1.,1.,1.,1.,      501P    792
1.,1.,1.,1.,1.,1.,1.,1.,1.,1.,1.,1.,1.,0.,0.055555556,0.,0.,         501P    793
0.050083811,0.,0.000853988,0.044717204,0.,0.001707975,               501P    794
0.039350598,0.,0.003383132,0.034295365,0.,0.005058289,               501P    795
0.029240132,0.,0.007490239,0.024690543,0.,0.00992219,                501P    796
0.020140953,0.,0.013017476,0.016271845,0.,0.016112763,               501P    797
0.012402738,0.,0.019752434,0.009362799,0.,0.023392106,               501P    798
0.006322861,0.,0.027436292,0.004228915,0.,0.031480478,               501P    799
0.002134969,0.,0.035773763,0.001067484,0.,0.040067049,0.,0.,         501P    800
0.044444444,0.,0.,0.,1.,0.,0.,-1.;                                   501P    801
124,6.12323399573677E-17,-1.,0.,-8.,6.12323399573677E-17,            503P    802
3.74939945665464E-33,1.,10.25,-1.,-6.12323399573677E-17,             503P    803
6.12323399573677E-17,-18.25;                                         503P    804
100,-10.25,-8.,0.,-7.,0.,-8.,1.;                                     505P    805
126,1,1,1,0,1,0,0.,0.,1.,1.,1.,1.,0.044444444,0.,0.,                 507P    806
0.955555556,0.,0.,0.,1.,0.,0.,1.;                                    507P    807
110,-9.,0.,-10.25,-9.,0.,10.25;                                      509P    808
126,16,2,1,0,1,0,0.,0.,0.,0.125,0.125,0.25,0.25,0.375,0.375,         511P    809
0.5,0.5,0.625,0.625,0.75,0.75,0.875,0.875,1.,1.,1.,1.,1.,1.,1.,      511P    810
1.,1.,1.,1.,1.,1.,1.,1.,1.,1.,1.,1.,1.,0.955555556,0.,0.,            511P    811
0.959932951,0.,0.,0.964226237,0.001067484,0.,0.968519522,            511P    812
0.002134969,0.,0.972563708,0.004228915,0.,0.976607894,               511P    813
0.006322861,0.,0.980247566,0.009362799,0.,0.983887237,               511P    814
0.012402738,0.,0.986982524,0.016271845,0.,0.99007781,                511P    815
0.020140953,0.,0.992509761,0.024690543,0.,0.994941711,               511P    816
0.029240132,0.,0.996616868,0.034295365,0.,0.998292025,               511P    817
0.039350598,0.,0.999146012,0.044717204,0.,1.,0.050083811,0.,1.,      511P    818
0.055555556,0.,0.,1.,0.,0.,-1.;                                      511P    819
124,-1.,6.98296267768627E-15,0.,-16.,-4.27583144589696E-31,          513P    820
-6.12323399573677E-17,1.,-10.25,6.98296267768627E-15,1.,             513P    821
6.12323399573677E-17,10.2500000000001;                               513P    822
100,10.25,-8.,0.,-7.,0.,-8.,1.;                                      515P    823
126,1,1,1,0,1,0,0.,0.,1.,1.,1.,1.,1.,0.055555556,0.,1.,              517P    824
0.944444444,0.,0.,1.,0.,0.,1.;                                       517P    825
110,-8.,0.,11.25,8.,0.,11.25;                                        519P    826
126,16,2,1,0,1,0,0.,0.,0.,0.125,0.125,0.25,0.25,0.375,0.375,         521P    827
0.5,0.5,0.625,0.625,0.75,0.75,0.875,0.875,1.,1.,1.,1.,1.,1.,1.,      521P    828
1.,1.,1.,1.,1.,1.,1.,1.,1.,1.,1.,1.,1.,1.,0.944444444,0.,1.,         521P    829
0.949916189,0.,0.999146012,0.955282796,0.,0.998292025,               521P    830
0.960649402,0.,0.996616868,0.965704635,0.,0.994941711,               521P    831
0.970759868,0.,0.992509761,0.975309457,0.,0.99007781,                521P    832
0.979859047,0.,0.986982524,0.983728155,0.,0.983887237,               521P    833
0.987597262,0.,0.980247566,0.990637201,0.,0.976607894,               521P    834
0.993677139,0.,0.972563708,0.995771085,0.,0.968519522,               521P    835
0.997865031,0.,0.964226237,0.998932516,0.,0.959932951,1.,0.,         521P    836
0.955555556,1.,0.,0.,1.,0.,0.,-1.;                                   521P    837
124,1.40271576953299E-14,1.,0.,7.99999999999989,                     523P    838
-6.12323399573677E-17,8.58915688636046E-31,1.,-10.25,1.,             523P    839
-1.40271576953299E-14,6.12323399573677E-17,2.25;                     523P    840
100,10.25,8.,0.,9.,0.,8.,1.;                                         525P    841
102,8,487,491,497,501,507,511,517,521;                               527P    842
102,8,489,495,499,505,509,515,519,525;                               529P    843
142,1,485,527,529,1;                                                 531P    844
126,1,1,1,0,1,0,0.,0.,1.,1.,1.,1.,0.122222222,0.9,0.,                533P    845
0.877777778,0.9,0.,0.,1.,0.,0.,1.;                                   533P    846
110,7.2,0.,-8.5,7.2,0.,8.5;                                          535P    847
126,16,2,1,0,1,0,0.,0.,0.,0.125,0.125,0.25,0.25,0.375,0.375,         537P    848
0.5,0.5,0.625,0.625,0.75,0.75,0.875,0.875,1.,1.,1.,1.,1.,1.,1.,      537P    849
1.,1.,1.,1.,1.,1.,1.,1.,1.,1.,1.,1.,1.,0.877777778,0.9,0.,           537P    850
0.881936304,0.9,0.,0.886014925,0.89898589,0.,0.890093546,            537P    851
0.89797178,0.,0.893935523,0.895982531,0.,0.8977775,0.893993282,      537P    852
0.,0.901235188,0.891105341,0.,0.904692876,0.888217399,0.,            537P    853
0.907633397,0.884541747,0.,0.910573919,0.880866094,0.,               537P    854
0.912884273,0.876543985,0.,0.915194626,0.872221875,0.,               537P    855
0.916786025,0.867419403,0.,0.918377424,0.862616932,0.,               537P    856
0.919188712,0.857518656,0.,0.92,0.85242038,0.,0.92,0.847222222,      537P    857
0.,0.,1.,0.,0.,1.;                                                   537P    858
124,1.,0.,0.,0.,0.,6.12323399573677E-17,-1.,8.5,0.,1.,               539P    859
6.12323399573677E-17,8.5;                                            539P    860
100,8.5,6.25,0.,7.2,0.,6.25,0.95;                                    541P    861
126,1,1,1,0,1,0,0.,0.,1.,1.,1.,1.,0.92,0.847222222,0.,0.92,          543P    862
0.152777778,0.,0.,1.,0.,0.,1.;                                       543P    863
110,6.25,0.,9.45,-6.25,0.,9.45;                                      545P    864
126,16,2,1,0,1,0,0.,0.,0.,0.125,0.125,0.25,0.25,0.375,0.375,         547P    865
0.5,0.5,0.625,0.625,0.75,0.75,0.875,0.875,1.,1.,1.,1.,1.,1.,1.,      547P    866
1.,1.,1.,1.,1.,1.,1.,1.,1.,1.,1.,1.,1.,0.92,0.152777778,0.,          547P    867
0.92,0.14757962,0.,0.919188712,0.142481344,0.,0.918377424,           547P    868
0.137383068,0.,0.916786025,0.132580597,0.,0.915194626,               547P    869
0.127778125,0.,0.912884273,0.123456015,0.,0.910573919,               547P    870
0.119133906,0.,0.907633397,0.115458253,0.,0.904692876,               547P    871
0.111782601,0.,0.901235188,0.108894659,0.,0.8977775,                 547P    872
0.106006718,0.,0.893935523,0.104017469,0.,0.890093546,               547P    873
0.10202822,0.,0.886014925,0.10101411,0.,0.881936304,0.1,0.,          547P    874
0.877777778,0.1,0.,0.,1.,0.,0.,1.;                                   547P    875
124,6.12323399573677E-17,-1.,0.,-6.25,6.12323399573677E-17,          549P    876
3.74939945665464E-33,-1.,8.5,1.,6.12323399573677E-17,                549P    877
6.12323399573677E-17,14.75;                                          549P    878
100,8.5,-6.25,0.,-5.3,0.,-6.25,0.95;                                 551P    879
126,1,1,1,0,1,0,0.,0.,1.,1.,1.,1.,0.877777778,0.1,0.,                553P    880
0.122222222,0.1,0.,0.,1.,0.,0.,1.;                                   553P    881
110,-7.2,0.,8.5,-7.2,0.,-8.5;                                        555P    882
126,16,2,1,0,1,0,0.,0.,0.,0.125,0.125,0.25,0.25,0.375,0.375,         557P    883
0.5,0.5,0.625,0.625,0.75,0.75,0.875,0.875,1.,1.,1.,1.,1.,1.,1.,      557P    884
1.,1.,1.,1.,1.,1.,1.,1.,1.,1.,1.,1.,1.,0.122222222,0.1,0.,           557P    885
0.118063696,0.1,0.,0.113985075,0.10101411,0.,0.109906454,            557P    886
0.10202822,0.,0.106064477,0.104017469,0.,0.1022225,0.106006718,      557P    887
0.,0.098764812,0.108894659,0.,0.095307124,0.111782601,0.,            557P    888
0.092366603,0.115458253,0.,0.089426081,0.119133906,0.,               557P    889
0.087115727,0.123456015,0.,0.084805374,0.127778125,0.,               557P    890
0.083213975,0.132580597,0.,0.081622576,0.137383068,0.,               557P    891
0.080811288,0.142481344,0.,0.08,0.14757962,0.,0.08,0.152777778,      557P    892
0.,0.,1.,0.,0.,1.;                                                   557P    893
124,-1.,6.98296267768627E-15,0.,-12.5,-4.27583144589696E-31,         559P    894
-6.12323399573677E-17,-1.,-8.5,-6.98296267768627E-15,-1.,            559P    895
6.12323399573677E-17,-8.50000000000004;                              559P    896
100,-8.5,-6.25,0.,-5.3,0.,-6.25,0.95;                                561P    897
126,1,1,1,0,1,0,0.,0.,1.,1.,1.,1.,0.08,0.152777778,0.,0.08,          563P    898
0.847222222,0.,0.,1.,0.,0.,1.;                                       563P    899
110,-6.25,0.,-9.45,6.25,0.,-9.45;                                    565P    900
126,16,2,1,0,1,0,0.,0.,0.,0.125,0.125,0.25,0.25,0.375,0.375,         567P    901
0.5,0.5,0.625,0.625,0.75,0.75,0.875,0.875,1.,1.,1.,1.,1.,1.,1.,      567P    902
1.,1.,1.,1.,1.,1.,1.,1.,1.,1.,1.,1.,1.,0.08,0.847222222,0.,          567P    903
0.08,0.85242038,0.,0.080811288,0.857518656,0.,0.081622576,           567P    904
0.862616932,0.,0.083213975,0.867419403,0.,0.084805374,               567P    905
0.872221875,0.,0.087115727,0.876543985,0.,0.089426081,               567P    906
0.880866094,0.,0.092366603,0.884541747,0.,0.095307124,               567P    907
0.888217399,0.,0.098764812,0.891105341,0.,0.1022225,                 567P    908
0.893993282,0.,0.106064477,0.895982531,0.,0.109906454,               567P    909
0.89797178,0.,0.113985075,0.89898589,0.,0.118063696,0.9,0.,          567P    910
0.122222222,0.9,0.,0.,1.,0.,0.,1.;                                   567P    911
124,1.40271576953299E-14,1.,0.,6.24999999999991,                     569P    912
-6.12323399573677E-17,8.58915688636046E-31,-1.,-8.5,-1.,             569P    913
1.40271576953299E-14,6.12323399573677E-17,-2.25;                     569P    914
100,-8.5,6.25,0.,7.2,0.,6.25,0.95;                                   571P    915
102,8,533,537,543,547,553,557,563,567;                               573P    916
102,8,535,541,545,551,555,561,565,571;                               575P    917
142,1,485,573,575,1;                                                 577P    918
144,485,1,1,531,577;                                                 579P    919
128,1,1,1,1,0,0,1,0,0,0.,0.,1.,1.,0.,0.,1.,1.,1.,1.,1.,1.,           581P    920
-2.024054503,3.,-2.024054343,-2.024054503,3.,2.024000324,            581P    921
2.024027496,3.,-2.024054343,2.024027496,3.,2.024000324,0.,1.,        581P    922
0.,1.;                                                               581P    923
126,32,2,1,0,1,0,0.,0.,0.,0.0625,0.0625,0.125,0.125,0.1875,          583P    924
0.1875,0.25,0.25,0.3125,0.3125,0.375,0.375,0.4375,0.4375,0.5,        583P    925
0.5,0.5625,0.5625,0.625,0.625,0.6875,0.6875,0.75,0.75,0.8125,        583P    926
0.8125,0.875,0.875,0.9375,0.9375,1.,1.,1.,1.,1.,1.,1.,1.,1.,1.,      583P    927
1.,1.,1.,1.,1.,1.,1.,1.,1.,1.,1.,1.,1.,1.,1.,1.,1.,1.,1.,1.,1.,      583P    928
1.,1.,1.,1.,1.,0.500006672,0.994064474,0.,0.451209705,               583P    929
0.994051055,0.,0.403619475,0.984571228,0.,0.355762746,               583P    930
0.975038315,0.,0.310936384,0.95645631,0.,0.265859,0.937770247,       583P    931
0.,0.225519158,0.910800159,0.,0.184953418,0.883679043,0.,            583P    932
0.150650333,0.849357318,0.,0.116155156,0.814843396,0.,               583P    933
0.089207077,0.774488999,0.,0.062108092,0.733908622,0.,               583P    934
0.043550618,0.68907235,0.,0.024889224,0.643985,0.,0.015435509,       583P    935
0.596389885,0.,0.005928854,0.548528243,0.,0.005942198,               583P    936
0.500003339,0.,0.005955617,0.451206701,0.,0.015435508,               583P    937
0.403616792,0.,0.024968485,0.355760386,0.,0.043550616,               583P    938
0.310934327,0.,0.062236804,0.265857247,0.,0.089207073,               583P    939
0.225517677,0.,0.116328373,0.184952211,0.,0.150650329,               583P    940
0.150649358,0.,0.185164484,0.116154413,0.,0.225519153,               583P    941
0.089206515,0.,0.266099804,0.062107713,0.,0.310936379,               583P    942
0.043550364,0.,0.356024033,0.024889097,0.,0.40361947,                583P    943
0.015435445,0.,0.451481435,0.005928854,0.,0.500006666,               583P    944
0.005942198,0.,0.,1.,0.,0.,-1.;                                      583P    945
124,1.,0.,0.,0.,0.,6.12323399573677E-17,1.,3.,0.,-1.,                585P    946
6.12323399573677E-17,3.;                                             585P    947
100,0.,0.,3.,2.,3.,-2.,3.000000023;                                  587P    948
126,32,2,1,0,1,0,0.,0.,0.,0.0625,0.0625,0.125,0.125,0.1875,          589P    949
0.1875,0.25,0.25,0.3125,0.3125,0.375,0.375,0.4375,0.4375,0.5,        589P    950
0.5,0.5625,0.5625,0.625,0.625,0.6875,0.6875,0.75,0.75,0.8125,        589P    951
0.8125,0.875,0.875,0.9375,0.9375,1.,1.,1.,1.,1.,1.,1.,1.,1.,1.,      589P    952
1.,1.,1.,1.,1.,1.,1.,1.,1.,1.,1.,1.,1.,1.,1.,1.,1.,1.,1.,1.,1.,      589P    953
1.,1.,1.,1.,1.,0.500006666,0.005942198,0.,0.548803634,               589P    954
0.005955616,0.,0.596393864,0.015435443,0.,0.644250594,               589P    955
0.024968355,0.,0.689076956,0.04355036,0.,0.734154341,                589P    956
0.062236423,0.,0.774494183,0.08920651,0.,0.815059924,                589P    957
0.116327627,0.,0.849363009,0.150649352,0.,0.883858187,               589P    958
0.185163274,0.,0.910806267,0.225517671,0.,0.937905252,               589P    959
0.266098048,0.,0.956462726,0.31093432,0.,0.97512412,                 589P    960
0.356021671,0.,0.984577835,0.403616786,0.,0.994071146,               589P    961
0.451411245,0.,0.994071146,0.500003333,0.,0.994071147,               589P    962
0.548732606,0.,0.984577836,0.59638988,0.,0.975044859,                589P    963
0.644246286,0.,0.956462728,0.689072346,0.,0.93777654,                589P    964
0.734149426,0.,0.91080627,0.774488996,0.,0.88368497,                 589P    965
0.815054463,0.,0.849363013,0.849357316,0.,0.814848858,               589P    966
0.883852261,0.,0.774494188,0.910800158,0.,0.733913537,               589P    967
0.93789896,0.,0.689076962,0.956456309,0.,0.643989307,                589P    968
0.975117576,0.,0.59639387,0.984571228,0.,0.548531904,                589P    969
0.994077818,0.,0.500006672,0.994064474,0.,0.,1.,0.,0.,-1.;           589P    970
124,-1.,-1.22464679914735E-16,0.,3.67394039744206E-16,               591P    971
7.49879891330929E-33,-6.12323399573677E-17,1.,3.,                    591P    972
-1.22464679914735E-16,1.,6.12323399573677E-17,-3.;                   591P    973
100,0.,0.,3.,2.,2.999999977,-2.,3.;                                  593P    974
102,2,583,589;                                                       595P    975
102,2,587,593;                                                       597P    976
142,1,581,595,597,1;                                                 599P    977
144,581,1,0,599;                                                     601P    978
128,24,3,3,3,0,0,1,0,0,0.,0.,0.,0.,0.0318922529901692,               603P    979
0.0637845059803384,0.0956767589705075,0.127569011960677,             603P    980
0.127569011960677,0.138810196952687,0.150051381944698,               603P    981
0.161292566936709,0.172533751928719,0.172533751928719,               603P    982
0.213846515026504,0.255159278124288,0.296472041222072,               603P    983
0.337784804319857,0.337784804319857,0.348659739634829,               603P    984
0.359534674949802,0.370409610264774,0.381284545579746,               603P    985
0.381284545579746,0.440642272789873,0.5,0.5,0.5,0.5,0.,0.,0.,        603P    986
0.,0.95537544121206,0.95537544121206,0.95537544121206,               603P    987
0.95537544121206,1.,1.,1.,1.,1.,1.,1.,1.,1.,1.,1.,1.,1.,1.,1.,       603P    988
1.,1.,1.,1.,1.,1.,1.,1.,1.,1.,1.,1.,1.,1.,1.,1.,1.,1.,1.,1.,1.,      603P    989
1.,1.,1.,1.,1.,1.,1.,1.,1.,1.,1.,1.,1.,1.,1.,1.,1.,1.,1.,1.,1.,      603P    990
1.,1.,1.,1.,1.,1.,1.,1.,1.,1.,1.,1.,1.,1.,1.,1.,1.,1.,1.,1.,1.,      603P    991
1.,1.,1.,1.,1.,1.,1.,1.,1.,1.,1.,1.,1.,1.,1.,1.,1.,1.,1.,1.,1.,      603P    992
1.,2.,3.,0.,2.,3.,-0.143400284,1.968916321,3.,-0.432778247,          603P    993
1.828666946,3.,-0.848282266,1.603979237,3.,-1.220177466,             603P    994
1.409308538,3.,-1.425849982,1.267241206,3.,-1.54805844,              603P    995
1.196105115,3.,-1.604673524,1.090763203,3.,-1.677979831,             603P    996
0.982329949,3.,-1.743681348,0.904824426,3.,-1.784207415,             603P    997
0.711424405,3.,-1.876774947,0.385695591,3.,-1.985051604,             603P    998
-0.133155433,3.,-2.017945785,-0.642154023,3.,-1.917320395,           603P    999
-0.949170999,3.,-1.768350873,-1.126405018,3.,-1.653224502,           603P   1000
-1.194024849,3.,-1.605927256,-1.286475613,3.,-1.532839017,           603P   1001
-1.374851925,3.,-1.454148827,-1.43389514,3.,-1.394980312,            603P   1002
-1.631827628,3.,-1.18214968,-1.90340558,3.,-0.755332342,             603P   1003
-2.000084767,3.,-0.251777447,-2.000084767,3.,0.,3.762404729,3.,      603P   1004
0.,3.762404729,3.,-0.303404349,3.741219912,3.,-0.908136125,          603P   1005
3.64563414,3.,-1.799759134,3.492500137,3.,-2.667094213,              603P   1006
3.359823973,3.,-3.226114638,3.262999187,3.,-3.598448113,             603P   1007
3.187421374,3.,-3.796062604,2.976257549,3.,-4.067782938,             603P   1008
2.680206999,3.,-4.26231379,2.459354465,3.,-4.320981617,              603P   1009
1.952251812,3.,-4.384070233,1.145959351,3.,-4.45786527,              603P   1010
-0.076629763,3.,-4.480284021,-1.29394146,3.,-4.411703639,            603P   1011
-2.090449395,3.,-4.310174725,-2.586534246,3.,-4.231711323,           603P   1012
-2.797304287,3.,-4.170115253,-3.083222245,3.,-3.97383594,            603P   1013
-3.286489728,3.,-3.697448719,-3.354814589,3.,-3.495392582,           603P   1014
-3.489713797,3.,-2.855625231,-3.674805447,3.,-1.738905308,           603P   1015
-3.740696327,3.,-0.579635103,-3.740696327,3.,0.,5.52121975,          603P   1016
3.15274259,0.,5.52121975,3.15274259,-0.463408415,5.509933793,        603P   1017
3.15274259,-1.383494003,5.459011624,3.15274259,-2.751236001,         603P   1018
5.377431327,3.15274259,-4.114010961,5.306749698,3.15274259,          603P   1019
-5.026379294,5.255167459,3.15274259,-5.648837785,5.175147923,        603P   1020
3.15274259,-5.987451684,4.858162186,3.15274259,-6.457586046,         603P   1021
4.37449434,3.15274259,-6.780946231,4.010294794,3.15274259,           603P   1022
-6.857755819,3.189489509,3.15274259,-6.891365519,1.902633402,        603P   1023
3.15274259,-6.930678937,-0.023693803,3.15274259,-6.942622257,        603P   1024
-1.949318607,3.15274259,-6.906086884,-3.235317501,3.15274259,        603P   1025
-6.851998577,-4.050253184,3.15274259,-6.810198145,-4.404173434,      603P   1026
3.15274259,-6.73430325,-4.883558586,3.15274259,-6.414832864,         603P   1027
-5.20171724,3.15274259,-5.940748611,-5.279323746,3.15274259,         603P   1028
-5.595804852,-5.351189675,3.15274259,-4.529100782,-5.449795024,      603P   1029
3.15274259,-2.722478274,-5.484897597,3.15274259,-0.907492758,        603P   1030
-5.484897597,3.15274259,0.,7.256933261,3.456453969,0.,               603P   1031
7.256933261,3.456453969,-0.62341248,7.255546165,3.456453969,         603P   1032
-1.858851881,7.249287599,3.456453969,-3.702712868,7.239261009,       603P   1033
3.456453969,-5.560927708,7.230573915,3.456453969,-6.82664395,        603P   1034
7.224234223,3.456453969,-7.699227458,7.139772964,3.456453969,        603P   1035
-8.178840764,6.716965313,3.456453969,-8.847389153,6.045680171,       603P   1036
3.456453969,-9.299578673,5.538133614,3.456453969,-9.394530021,       603P   1037
4.403625698,3.456453969,-9.398660806,2.636205943,3.456453969,        603P   1038
-9.403492604,0.006140649,3.456453969,-9.404960492,-2.627797262,      603P   1039
3.456453969,-9.400470128,-4.403287115,3.456453969,-9.393822429,      603P   1040
-5.53707363,3.456453969,-9.388684966,-6.03414409,3.456453969,        603P   1041
-9.298491247,-6.706996437,3.456453969,-8.855829787,                  603P   1042
-7.140046262,3.456453969,-8.184048503,-7.226934413,3.456453969,      603P   1043
-7.696217121,-7.235767063,3.456453969,-6.202576333,                  603P   1044
-7.247886109,3.456453969,-3.706051241,-7.252200375,3.456453969,      603P   1045
-1.235350414,-7.252200375,3.456453969,0.,0.,0.5,0.,                  603P   1046
0.95537544121206;                                                    603P   1047
126,6,2,1,0,1,0,0.,0.,0.,0.5,0.5,0.75,0.75,1.,1.,1.,1.,1.,1.,        605P   1048
1.,1.,1.,1.,0.5,0.870393975,0.,0.471783621,0.870393975,0.,           605P   1049
0.439605191,0.876835451,0.,0.426291567,0.879500571,0.,               605P   1050
0.410111234,0.883660632,0.,0.398069373,0.886756666,0.,               605P   1051
0.381284546,0.891512673,0.,0.,1.,0.,0.,1.;                           605P   1052
126,15,3,1,0,1,0,0.00705728762994224,0.00705728762994224,            607P   1053
0.00705728762994224,0.00705728762994224,0.00996598004357209,         607P   1054
0.00996598004357209,0.00996598004357209,0.011169353140384,           607P   1055
0.011169353140384,0.011169353140384,0.0129766714894508,              607P   1056
0.0129766714894508,0.0129766714894508,0.0141146037836743,            607P   1057
0.0141146037836743,0.0141146037836743,0.0141146637836743,            607P   1058
0.0141146637836743,0.0141146637836743,0.0141146637836743,1.,1.,      607P   1059
1.,1.,1.,1.,1.,1.,1.,1.,1.,1.,1.,1.,1.,1.,-6.781125697,              607P   1060
3.378992564,0.,-6.781125697,3.378992564,-0.969543554,                607P   1061
-6.785667924,3.380430333,-1.939092895,-6.793487487,3.382901793,      607P   1062
-2.908601765,-6.796722628,3.383924295,-3.309710867,                  607P   1063
-6.800511146,3.385120193,-3.710815245,-6.804676667,3.386436721,      607P   1064
-4.111914907,-6.810932768,3.388413984,-4.714317216,                  607P   1065
-6.818031766,3.390659173,-5.316709951,-6.825506181,3.393015738,      607P   1066
-5.919097011,-6.83021226,3.394499491,-6.298374929,-6.835070104,      607P   1067
3.39602824,-6.677650791,-6.839994054,3.397572573,-7.056925702,       607P   1068
-6.839994314,3.397572655,-7.0569457,-6.839994574,3.397572736,        607P   1069
-7.056965698,-6.839994833,3.397572818,-7.056985696,                  607P   1070
0.00705728762994224,0.0141146637836743,-0.301517474,                 607P   1071
-0.953460651,0.;                                                     607P   1072
126,10,2,1,0,1,0,0.,0.,0.,0.0625,0.0625,0.125,0.125,0.25,0.25,       609P   1073
0.5,0.5,1.,1.,1.,1.,1.,1.,1.,1.,1.,1.,1.,1.,1.,1.,0.381284546,       609P   1074
0.891512673,0.,0.38113476,0.892390749,0.,0.380996487,                609P   1075
0.893270711,0.,0.380949096,0.893572308,0.,0.380705351,               609P   1076
0.894997622,0.,0.380413255,0.89670567,0.,0.380113815,                609P   1077
0.898359328,0.,0.379518613,0.901646335,0.,0.37889333,                609P   1078
0.904724171,0.,0.37765718,0.910808887,0.,0.376297515,                609P   1079
0.916104411,0.,0.,1.,0.,0.,1.;                                       609P   1080
126,6,3,1,0,1,0,-5.65076361641881E-08,-5.65076361641881E-08,         611P   1081
-5.65076361641881E-08,-5.65076361641881E-08,0.,0.,0.,                611P   1082
0.000484999197679416,0.000484999197679416,0.000484999197679416,      611P   1083
0.000484999197679416,1.,1.,1.,1.,1.,1.,1.,-6.839994833,              611P   1084
3.397572818,-7.056985696,-6.84000129,3.397572608,-7.05700339,        611P   1085
-6.840007829,3.39757477,-7.057021002,-6.840014326,3.397575745,       611P   1086
-7.057038655,-6.895780328,3.405951865,-7.208551091,-6.93758594,      611P   1087
3.413386763,-7.36649339,-6.959708393,3.419766868,-7.526511876,       611P   1088
-5.65076361641881E-08,0.000484999197679416,0.,0.,0.;                 611P   1089
126,16,2,1,0,1,0,0.,0.,0.,0.125,0.125,0.25,0.25,0.375,0.375,         613P   1090
0.5,0.5,0.625,0.625,0.75,0.75,0.875,0.875,1.,1.,1.,1.,1.,1.,1.,      613P   1091
1.,1.,1.,1.,1.,1.,1.,1.,1.,1.,1.,1.,1.,0.376297515,0.916104411,      613P   1092
0.,0.374458492,0.9232669,0.,0.372393844,0.928989793,0.,              613P   1093
0.370326777,0.934719392,0.,0.368225007,0.938514819,0.,               613P   1094
0.36615558,0.942251838,0.,0.363767082,0.944840131,0.,                613P   1095
0.361500923,0.947295851,0.,0.359205067,0.948482355,0.,               613P   1096
0.356960895,0.949642147,0.,0.354498683,0.949573898,0.,               613P   1097
0.352079316,0.949506838,0.,0.34979485,0.948270898,0.,                613P   1098
0.347444222,0.946999163,0.,0.345059492,0.944333637,0.,               613P   1099
0.342621225,0.94160827,0.,0.340439062,0.937702394,0.,0.,1.,0.,       613P   1100
0.,-1.;                                                              613P   1101
126,5,3,1,0,1,0,0.,0.,0.,0.,0.5,0.5,1.,1.,1.,1.,1.,1.,1.,1.,1.,      615P   1102
1.,-6.959708393,3.419766868,-7.526511876,-7.021463222,               615P   1103
3.437576934,-7.973203476,-6.90976151,3.44687558,-8.446162342,        615P   1104
-6.312400425,3.452931747,-9.117347349,-5.844625871,3.450006217,      615P   1105
-9.287841494,-5.3941005,3.439754315,-9.23816616,0.,1.,               615P   1106
0.053870594,0.998023938,0.032344692;                                 615P   1107
126,2,2,1,0,1,0,0.,0.,0.,1.,1.,1.,1.,1.,1.,0.340439062,              617P   1108
0.937702394,0.,0.339046162,0.935209229,0.,0.337784804,               617P   1109
0.932274939,0.,0.,1.,0.,0.,-1.;                                      617P   1110
126,6,3,1,0,1,0,0.,0.,0.,0.,0.000199360935008844,                    619P   1111
0.000199360935008844,0.000199360935008844,0.000199420935008809,      619P   1112
0.000199420935008809,0.000199420935008809,0.000199420935008809,      619P   1113
1.,1.,1.,1.,1.,1.,1.,-5.3941005,3.439754315,-9.23816616,             619P   1114
-5.328064052,3.438251627,-9.230884922,-5.26236931,3.43657124,        619P   1115
-9.21921255,-5.19788021,3.434689714,-9.203284503,-5.197860801,       619P   1116
3.434689148,-9.203279709,-5.197841392,3.434688582,-9.203274914,      619P   1117
-5.197821984,3.434688015,-9.20327012,0.,0.000199420935008809,        619P   1118
0.,0.,0.;                                                            619P   1119
126,12,2,1,0,1,0,0.,0.,0.,0.0625,0.0625,0.125,0.125,0.25,0.25,       621P   1120
0.5,0.5,0.75,0.75,1.,1.,1.,1.,1.,1.,1.,1.,1.,1.,1.,1.,1.,1.,1.,      621P   1121
1.,0.337784804,0.932274939,0.,0.337052499,0.932162952,0.,            621P   1122
0.32766484,0.931218849,0.,0.322444179,0.930693815,0.,                621P   1123
0.317475764,0.93023734,0.,0.306778615,0.929254535,0.,                621P   1124
0.296920285,0.928560568,0.,0.275382665,0.927044448,0.,               621P   1125
0.25534601,0.926750049,0.,0.234785094,0.926447947,0.,                621P   1126
0.213673577,0.927397704,0.,0.194418168,0.928263959,0.,               621P   1127
0.172533752,0.930271983,0.,0.,1.,0.,0.,1.;                           621P   1128
126,21,3,1,0,1,0,-5.8321603482095E-08,-5.8321603482095E-08,          623P   1129
-5.8321603482095E-08,-5.8321603482095E-08,0.,0.,0.,                  623P   1130
0.00245056720475836,0.00245056720475836,0.00245056720475836,         623P   1131
0.00518358556145469,0.00518358556145469,0.00518358556145469,         623P   1132
0.00654986254187969,0.00654986254187969,0.00654986254187969,         623P   1133
0.00861992251299778,0.00861992251299778,0.00861992251299778,         623P   1134
0.0103780553943956,0.0103780553943956,0.0103780553943956,            623P   1135
0.0103781153943956,0.0103781153943956,0.0103781153943956,            623P   1136
0.0103781153943956,1.,1.,1.,1.,1.,1.,1.,1.,1.,1.,1.,1.,1.,1.,        623P   1137
1.,1.,1.,1.,1.,1.,1.,1.,-5.197821984,3.434688015,-9.20327012,        623P   1138
-5.197802558,3.434687268,-9.203269964,-5.197783104,3.434687955,      623P   1139
-9.203269864,-5.197763664,3.434687924,-9.203269737,                  623P   1140
-4.380926598,3.433412203,-9.197896417,-3.564084576,3.432270117,      623P   1141
-9.193131249,-2.747237473,3.431389985,-9.189480735,                  623P   1142
-1.836241773,3.43040841,-9.185409469,-0.925237339,3.429762945,       623P   1143
-9.182771956,-0.014232371,3.429561994,-9.181990693,0.441193327,      623P   1144
3.429461536,-9.181600127,0.896619675,3.429470961,-9.181668604,       623P   1145
1.352045244,3.42958779,-9.182184491,2.042064717,3.429764799,         623P   1146
-9.182966118,2.732083494,3.430191995,-9.184791655,3.42209794,        623P   1147
3.430824136,-9.187471564,4.008137802,3.431361023,-9.189747651,       623P   1148
4.594175349,3.432042517,-9.192627276,5.180209983,3.432825648,        623P   1149
-9.195941358,5.180229983,3.432825675,-9.195941471,5.180249982,       623P   1150
3.432825701,-9.195941584,5.180269982,3.432825728,-9.195941698,       623P   1151
-5.8321603482095E-08,0.0103781153943956,0.,0.,0.;                    623P   1152
126,2,2,1,0,1,0,0.,0.,0.,1.,1.,1.,1.,1.,1.,0.172533752,              625P   1153
0.930271983,0.,0.171084897,0.933785772,0.,0.169719872,               625P   1154
0.93633246,0.,0.,1.,0.,0.,-1.;                                       625P   1155
126,6,3,1,0,1,0,-5.81530073639051E-08,-5.81530073639051E-08,         627P   1156
-5.81530073639051E-08,-5.81530073639051E-08,0.,0.,0.,                627P   1157
0.00021222211331185,0.00021222211331185,0.00021222211331185,         627P   1158
0.00021222211331185,1.,1.,1.,1.,1.,1.,1.,5.180269982,                627P   1159
3.432825728,-9.195941698,5.180288753,3.432825662,-9.195946535,       627P   1160
5.180307501,3.432826883,-9.195951392,5.180326261,3.43282746,         627P   1161
-9.195956239,5.248787656,3.43493451,-9.213643663,5.318670781,        627P   1162
3.436806988,-9.226547461,5.388944613,3.438472781,-9.234488546,       627P   1163
-5.81530073639051E-08,0.00021222211331185,0.,0.,0.;                  627P   1164
126,16,2,1,0,1,0,0.,0.,0.,0.125,0.125,0.25,0.25,0.375,0.375,         629P   1165
0.5,0.5,0.625,0.625,0.75,0.75,0.875,0.875,1.,1.,1.,1.,1.,1.,1.,      629P   1166
1.,1.,1.,1.,1.,1.,1.,1.,1.,1.,1.,1.,1.,0.169719872,0.93633246,       629P   1167
0.,0.167533966,0.94041064,0.,0.165057938,0.943295122,0.,             629P   1168
0.162666337,0.946081249,0.,0.160294731,0.947475789,0.,               629P   1169
0.157960591,0.948848298,0.,0.155440312,0.949018722,0.,               629P   1170
0.152941742,0.949187678,0.,0.1506199,0.948149611,0.,                 629P   1171
0.148238241,0.947084801,0.,0.145846291,0.944702523,0.,               629P   1172
0.143384362,0.942250549,0.,0.141214946,0.93865859,0.,                629P   1173
0.138957545,0.934920954,0.,0.136761678,0.929323522,0.,               629P   1174
0.134576633,0.923753676,0.,0.1326174,0.916744742,0.,0.,1.,0.,        629P   1175
0.,-1.;                                                              629P   1176
126,5,3,1,0,1,0,0.,0.,0.,0.,0.5,0.5,1.,1.,1.,1.,1.,1.,1.,1.,1.,      631P   1177
1.,5.388944613,3.438472781,-9.234488546,5.838157699,3.44912107,      631P   1178
-9.285250529,6.302149849,3.452330323,-9.121444286,6.909592565,       631P   1179
3.446846997,-8.449043256,7.021333876,3.437859886,-7.979201639,       631P   1180
6.95990215,3.420352789,-7.532038644,0.,1.,-0.019617242,              631P   1181
0.999159522,0.035991855;                                             631P   1182
126,2,2,1,0,1,0,0.,0.,0.,1.,1.,1.,1.,1.,1.,0.1326174,                633P   1183
0.916744742,0.,0.129874626,0.906932779,0.,0.127569012,               633P   1184
0.894254661,0.,0.,1.,0.,0.,-1.;                                      633P   1185
126,6,3,1,0,1,0,0.,0.,0.,0.,0.000455120137016581,                    635P   1186
0.000455120137016581,0.000455120137016581,0.00045518013701657,       635P   1187
0.00045518013701657,0.00045518013701657,0.00045518013701657,1.,      635P   1188
1.,1.,1.,1.,1.,1.,6.95990215,3.420352789,-7.532038644,               635P   1189
6.939269972,3.414472936,-7.38185653,6.901037106,3.407665467,         635P   1190
-7.233512168,6.849973996,3.400020738,-7.090862094,6.849967264,       635P   1191
3.40001973,-7.090843288,6.849960531,3.400018722,-7.090824482,        635P   1192
6.849953799,3.400017714,-7.090805676,0.,0.00045518013701657,0.,      635P   1193
0.,0.;                                                               635P   1194
126,10,2,1,0,1,0,0.,0.,0.,0.125,0.125,0.25,0.25,0.5,0.5,0.75,        637P   1195
0.75,1.,1.,1.,1.,1.,1.,1.,1.,1.,1.,1.,1.,1.,1.,0.127569012,          637P   1196
0.894254661,0.,0.127529015,0.894231339,0.,0.112437914,               637P   1197
0.889601265,0.,0.103285374,0.88679319,0.,0.096976055,                637P   1198
0.884914255,0.,0.078684474,0.879466967,0.,0.065218514,               637P   1199
0.876183325,0.,0.047817027,0.871940014,0.,0.032693933,               637P   1200
0.869855991,0.,0.016102894,0.86756968,0.,0.,0.86756968,0.,0.,        637P   1201
1.,0.,0.,1.;                                                         637P   1202
126,9,3,1,0,1,0,-5.67131469822354E-08,-5.67131469822354E-08,         639P   1203
-5.67131469822354E-08,-5.67131469822354E-08,0.,0.,0.,                639P   1204
0.00410432154200187,0.00410432154200187,0.00410432154200187,         639P   1205
0.00709129352525251,0.00709129352525251,0.00709129352525251,         639P   1206
0.00709129352525251,1.,1.,1.,1.,1.,1.,1.,1.,1.,1.,6.849953799,       639P   1207
3.400017714,-7.090805676,6.849953264,3.400015806,-7.090786876,       639P   1208
6.84995326,3.400017539,-7.090767872,6.849952991,3.400017452,         639P   1209
-7.09074897,6.830451908,3.393689017,-5.722795419,6.809033419,        639P   1210
3.386701184,-4.354863344,6.79455986,3.381992921,-2.986840828,        639P   1211
6.784026823,3.378566513,-1.991271481,6.777789949,3.376541333,        639P   1212
-0.99563096,6.777789949,3.376541333,0.,-5.67131469822354E-08,        639P   1213
0.00709129352525251,0.,0.,0.;                                        639P   1214
126,1,1,1,0,1,0,0.,0.,1.,1.,1.,1.,0.,0.86756968,0.,0.,0.,0.,0.,      641P   1215
1.,0.,0.,1.;                                                         641P   1216
126,3,3,1,0,1,0,0.13243032014558,0.13243032014558,                   643P   1217
0.13243032014558,0.13243032014558,1.,1.,1.,1.,1.,1.,1.,1.,           643P   1218
6.777789949,3.376541333,0.,5.197894343,3.125956544,0.,               643P   1219
3.600427268,3.,0.,2.,3.,0.,0.13243032014558,1.,0.,0.,1.;             643P   1220
126,1,1,1,0,1,0,0.,0.,1.,1.,1.,1.,0.,0.,0.,0.5,0.,0.,0.,1.,0.,       645P   1221
0.,1.;                                                               645P   1222
124,1.,0.,0.,0.,0.,6.12323399573677E-17,1.,3.,0.,-1.,                647P   1223
6.12323399573677E-17,3.;                                             647P   1224
100,0.,0.,3.,2.,3.,-2.,3.000000023;                                  649P   1225
126,1,1,1,0,1,0,0.,0.,1.,1.,1.,1.,0.5,0.,0.,0.5,0.870393975,0.,      651P   1226
0.,1.,0.,0.,1.;                                                      651P   1227
126,3,3,1,0,1,0,0.,0.,0.,0.,0.870393975081511,                       653P   1228
0.870393975081511,0.870393975081511,0.870393975081511,1.,1.,1.,      653P   1229
1.,-2.000084767,3.,0.,-3.585867434,3.,0.,-5.174629597,               653P   1230
3.126777959,0.,-6.781125697,3.378992564,0.,0.,                       653P   1231
0.870393975081511,0.,0.,1.;                                          653P   1232
102,12,605,609,613,617,621,625,629,633,637,641,645,651;              655P   1233
102,12,607,611,615,619,623,627,631,635,639,643,649,653;              657P   1234
142,1,603,655,657,1;                                                 659P   1235
144,603,1,0,659;                                                     661P   1236
128,12,12,3,3,0,0,1,0,0,0.,0.,0.,0.,0.392699081698724,               663P   1237
0.392699081698724,0.392699081698724,0.785398163397448,               663P   1238
0.785398163397448,0.785398163397448,1.17809724509617,                663P   1239
1.17809724509617,1.17809724509617,1.5707963267949,                   663P   1240
1.5707963267949,1.5707963267949,1.5707963267949,0.,0.,0.,0.,         663P   1241
0.392699081698725,0.392699081698725,0.392699081698725,               663P   1242
0.785398163397449,0.785398163397449,0.785398163397449,               663P   1243
1.17809724509617,1.17809724509617,1.17809724509617,                  663P   1244
1.5707963267949,1.5707963267949,1.5707963267949,                     663P   1245
1.5707963267949,1.,1.,1.,1.,1.,1.,1.,1.,1.,1.,1.,1.,1.,1.,1.,        663P   1246
1.,1.,1.,1.,1.,1.,1.,1.,1.,1.,1.,1.,1.,1.,1.,1.,1.,1.,1.,1.,1.,      663P   1247
1.,1.,1.,1.,1.,1.,1.,1.,1.,1.,1.,1.,1.,1.,1.,1.,1.,1.,1.,1.,1.,      663P   1248
1.,1.,1.,1.,1.,1.,1.,1.,1.,1.,1.,1.,1.,1.,1.,1.,1.,1.,1.,1.,1.,      663P   1249
1.,1.,1.,1.,1.,1.,1.,1.,1.,1.,1.,1.,1.,1.,1.,1.,1.,1.,1.,1.,1.,      663P   1250
1.,1.,1.,1.,1.,1.,1.,1.,1.,1.,1.,1.,1.,1.,1.,1.,1.,1.,1.,1.,1.,      663P   1251
1.,1.,1.,1.,1.,1.,1.,1.,1.,1.,1.,1.,1.,1.,1.,1.,1.,1.,1.,1.,1.,      663P   1252
1.,1.,1.,1.,1.,1.,1.,1.,1.,1.,1.,1.,1.,1.,1.,1.,1.,1.,1.,1.,1.,      663P   1253
1.,1.,1.,1.,1.,1.,1.,8.,3.,11.25,8.130899694,3.,11.25,               663P   1254
8.261747884,3.,11.223972677,8.382683432,3.,11.173879533,             663P   1255
8.50361898,3.,11.123786388,8.61454672,3.,11.049666842,               663P   1256
8.707106781,3.,10.957106781,8.799666842,3.,10.86454672,              663P   1257
8.873786388,3.,10.75361898,8.923879533,3.,10.632683432,              663P   1258
8.973972677,3.,10.511747884,9.,3.,10.380899694,9.,3.,10.25,8.,       663P   1259
3.065449847,11.25,8.130899694,3.065449847,11.25,8.261747884,         663P   1260
3.065449847,11.223972677,8.382683432,3.065449847,11.173879533,       663P   1261
8.50361898,3.065449847,11.123786388,8.61454672,3.065449847,          663P   1262
11.049666842,8.707106781,3.065449847,10.957106781,8.799666842,       663P   1263
3.065449847,10.86454672,8.873786388,3.065449847,10.75361898,         663P   1264
8.923879533,3.065449847,10.632683432,8.973972677,3.065449847,        663P   1265
10.511747884,9.,3.065449847,10.380899694,9.,3.065449847,10.25,       663P   1266
8.,3.130873942,11.236986338,8.12919621,3.130873942,                  663P   1267
11.236986338,8.258341586,3.130873942,11.211297726,8.37770332,        663P   1268
3.130873942,11.161856477,8.497065053,3.130873942,11.112415228,       663P   1269
8.606549217,3.130873942,11.039260249,8.697904733,3.130873942,        663P   1270
10.947904733,8.789260249,3.130873942,10.856549217,8.862415228,       663P   1271
3.130873942,10.747065053,8.911856477,3.130873942,10.62770332,        663P   1272
8.961297726,3.130873942,10.508341586,8.986986338,3.130873942,        663P   1273
10.37919621,8.986986338,3.130873942,10.25,8.,3.191341716,            663P   1274
11.211939766,8.125917621,3.191341716,11.211939766,8.251785699,       663P   1275
3.191341716,11.186903049,8.368118411,3.191341716,11.138716462,       663P   1276
8.484451124,3.191341716,11.090529874,8.591156928,3.191341716,        663P   1277
11.019231335,8.680194132,3.191341716,10.930194132,8.769231335,       663P   1278
3.191341716,10.841156928,8.840529874,3.191341716,10.734451124,       663P   1279
8.888716462,3.191341716,10.618118411,8.936903049,3.191341716,        663P   1280
10.501785699,8.961939766,3.191341716,10.375917621,8.961939766,       663P   1281
3.191341716,10.25,8.,3.25180949,11.186893194,8.122639032,            663P   1282
3.25180949,11.186893194,8.245229811,3.25180949,11.162508372,         663P   1283
8.358533503,3.25180949,11.115576446,8.471837195,3.25180949,          663P   1284
11.06864452,8.575764639,3.25180949,10.999202422,8.662483531,         663P   1285
3.25180949,10.912483531,8.749202422,3.25180949,10.825764639,         663P   1286
8.81864452,3.25180949,10.721837195,8.865576446,3.25180949,           663P   1287
10.608533503,8.912508372,3.25180949,10.495229811,8.936893194,        663P   1288
3.25180949,10.372639032,8.936893194,3.25180949,10.25,8.,             663P   1289
3.30727336,11.149833421,8.117787919,3.30727336,11.149833421,         663P   1290
8.235529494,3.30727336,11.126413166,8.344351342,3.30727336,          663P   1291
11.081337681,8.45317319,3.30727336,11.036262195,8.552989678,         663P   1292
3.30727336,10.969566951,8.636278314,3.30727336,10.886278314,         663P   1293
8.719566951,3.30727336,10.802989678,8.786262195,3.30727336,          663P   1294
10.70317319,8.831337681,3.30727336,10.594351342,8.876413166,         663P   1295
3.30727336,10.485529494,8.899833421,3.30727336,10.367787919,         663P   1296
8.899833421,3.30727336,10.25,8.,3.353553391,11.103553391,            663P   1297
8.111729878,3.353553391,11.103553391,8.223415794,3.353553391,        663P   1298
11.081337681,8.326640741,3.353553391,11.038580507,8.429865688,       663P   1299
3.353553391,10.995823334,8.524548437,3.353553391,10.932558345,       663P   1300
8.603553391,3.353553391,10.853553391,8.682558345,3.353553391,        663P   1301
10.774548437,8.745823334,3.353553391,10.679865688,8.788580507,       663P   1302
3.353553391,10.576640741,8.831337681,3.353553391,10.473415794,       663P   1303
8.853553391,3.353553391,10.361729878,8.853553391,3.353553391,        663P   1304
10.25,8.,3.399833421,11.05727336,8.105671836,3.399833421,            663P   1305
11.05727336,8.211302094,3.399833421,11.036262195,8.30893014,         663P   1306
3.399833421,10.995823334,8.406558186,3.399833421,10.955384474,       663P   1307
8.496107196,3.399833421,10.895549739,8.570828467,3.399833421,        663P   1308
10.820828467,8.645549739,3.399833421,10.746107196,8.705384474,       663P   1309
3.399833421,10.656558186,8.745823334,3.399833421,10.55893014,        663P   1310
8.786262195,3.399833421,10.461302094,8.80727336,3.399833421,         663P   1311
10.355671836,8.80727336,3.399833421,10.25,8.,3.436893194,            663P   1312
11.00180949,8.098411632,3.436893194,11.00180949,8.196784543,         663P   1313
3.436893194,10.982241902,8.287705036,3.436893194,10.9445814,         663P   1314
8.378625529,3.436893194,10.906920899,8.462022056,3.436893194,        663P   1315
10.851197121,8.531609589,3.436893194,10.781609589,8.601197121,       663P   1316
3.436893194,10.712022056,8.656920899,3.436893194,10.628625529,       663P   1317
8.6945814,3.436893194,10.537705036,8.732241902,3.436893194,          663P   1318
10.446784543,8.75180949,3.436893194,10.348411632,8.75180949,         663P   1319
3.436893194,10.25,8.,3.461939766,10.941341716,8.090496419,           663P   1320
3.461939766,10.941341716,8.180957232,3.461939766,10.923347942,       663P   1321
8.264565021,3.461939766,10.888716462,8.34817281,3.461939766,         663P   1322
10.854084981,8.424861784,3.461939766,10.802843047,8.488852416,       663P   1323
3.461939766,10.738852416,8.552843047,3.461939766,10.674861784,       663P   1324
8.604084981,3.461939766,10.59817281,8.638716462,3.461939766,         663P   1325
10.514565021,8.673347942,3.461939766,10.430957232,8.691341716,       663P   1326
3.461939766,10.340496419,8.691341716,3.461939766,10.25,8.,           663P   1327
3.486986338,10.880873942,8.082581206,3.486986338,10.880873942,       663P   1328
8.16512992,3.486986338,10.864453982,8.241425006,3.486986338,         663P   1329
10.832851523,8.317720092,3.486986338,10.801249063,8.387701512,       663P   1330
3.486986338,10.754488973,8.446095243,3.486986338,10.696095243,       663P   1331
8.504488973,3.486986338,10.637701512,8.551249063,3.486986338,        663P   1332
10.567720092,8.582851523,3.486986338,10.491425006,8.614453982,       663P   1333
3.486986338,10.41512992,8.630873942,3.486986338,10.332581206,        663P   1334
8.630873942,3.486986338,10.25,8.,3.5,10.815449847,8.074017212,       663P   1335
3.5,10.815449847,8.148005301,3.5,10.800732701,8.216388288,3.5,       663P   1336
10.77240754,8.284771275,3.5,10.74408238,8.347495349,3.5,             663P   1337
10.702171494,8.399833421,3.5,10.649833421,8.452171494,3.5,           663P   1338
10.597495349,8.49408238,3.5,10.534771275,8.52240754,3.5,             663P   1339
10.466388288,8.550732701,3.5,10.398005301,8.565449847,3.5,           663P   1340
10.324017212,8.565449847,3.5,10.25,8.,3.5,10.75,8.065449847,         663P   1341
3.5,10.75,8.130873942,3.5,10.736986338,8.191341716,3.5,              663P   1342
10.711939766,8.25180949,3.5,10.686893194,8.30727336,3.5,             663P   1343
10.649833421,8.353553391,3.5,10.603553391,8.399833421,3.5,           663P   1344
10.55727336,8.436893194,3.5,10.50180949,8.461939766,3.5,             663P   1345
10.441341716,8.486986338,3.5,10.380873942,8.5,3.5,10.315449847,      663P   1346
8.5,3.5,10.25,0.,1.5707963267949,0.,1.5707963267949;                 663P   1347
126,1,1,1,0,1,0,0.,0.,1.,1.,1.,1.,0.,1.570796327,0.,0.,0.,0.,        665P   1348
0.,1.,0.,0.,1.;                                                      665P   1349
124,3.74939945665464E-33,-6.12323399573677E-17,1.,-2.75,1.,          667P   1350
6.12323399573677E-17,0.,-5.,-6.12323399573677E-17,1.,                667P   1351
6.12323399573677E-17,7.75;                                           667P   1352
100,10.75,8.,3.,8.5,3.,8.,3.5;                                       669P   1353
126,1,1,1,0,1,0,0.,0.,1.,1.,1.,1.,0.,0.,0.,1.570796327,0.,0.,        671P   1354
0.,1.,0.,0.,1.;                                                      671P   1355
124,1.40271576953299E-14,1.,0.,4.99999999999989,                     673P   1356
-6.12323399573677E-17,8.58915688636046E-31,1.,-7.25,1.,              673P   1357
-1.40271576953299E-14,6.12323399573677E-17,2.25000000000004;         673P   1358
100,10.25,8.,3.,9.,3.,8.,4.;                                         675P   1359
126,1,1,1,0,1,0,0.,0.,1.,1.,1.,1.,1.570796327,0.,0.,                 677P   1360
1.570796327,1.570796327,0.,0.,1.,0.,0.,1.;                           677P   1361
100,10.25,8.5,3.,9.,3.,8.5,3.5;                                      679P   1362
126,1,1,1,0,1,0,0.,0.,1.,1.,1.,1.,1.570796327,1.570796327,0.,        681P   1363
0.,1.570796327,0.,0.,1.,0.,0.,1.;                                    681P   1364
124,1.,0.,0.,0.,0.,6.12323399573677E-17,-1.,13.75,0.,1.,             683P   1365
6.12323399573677E-17,6.75;                                           683P   1366
100,10.25,8.,3.5,8.5,3.5,8.,4.;                                      685P   1367
102,4,665,671,677,681;                                               687P   1368
102,4,669,675,679,685;                                               689P   1369
142,1,663,687,689,1;                                                 691P   1370
144,663,1,0,691;                                                     693P   1371
110,8.5,3.,10.25,8.5,3.,1010.25;                                     695P   1372
110,9.,3.,-10.25,9.,3.,10.25;                                        697P   1373
120,695,697,0.,6.28318530717959;                                     699P   1374
126,1,1,1,0,1,0,0.,0.,1.,1.,1.,1.,1.,1.570796327,0.,1.,0.,0.,        701P   1375
0.,1.,0.,0.,1.;                                                      701P   1376
124,6.12323399573677E-17,1.,0.,5.5,1.,-6.12323399573677E-17,         703P   1377
-6.98296267768627E-15,-5.49999999999993,-6.98296267768627E-15,       703P   1378
4.27583144589696E-31,-1.,20.5000000000001;                           703P   1379
100,10.25,8.5,3.,9.,3.,8.5,3.5;                                      705P   1380
126,1,1,1,0,1,0,0.,0.,1.,1.,1.,1.,1.,0.,0.,0.,0.,0.,0.,1.,0.,        707P   1381
0.,1.;                                                               707P   1382
110,9.,3.,10.25,9.,3.,-10.25;                                        709P   1383
126,1,1,1,0,1,0,0.,0.,1.,1.,1.,1.,0.,0.,0.,0.,1.570796327,0.,        711P   1384
0.,1.,0.,0.,1.;                                                      711P   1385
100,-10.25,8.5,3.,9.,3.,8.5,3.5;                                     713P   1386
126,1,1,1,0,1,0,0.,0.,1.,1.,1.,1.,0.,1.570796327,0.,1.,              715P   1387
1.570796327,0.,0.,1.,0.,0.,1.;                                       715P   1388
110,8.5,3.5,-10.25,8.5,3.5,10.25;                                    717P   1389
102,4,701,707,711,715;                                               719P   1390
102,4,705,709,713,717;                                               721P   1391
142,1,699,719,721,1;                                                 723P   1392
144,699,1,0,723;                                                     725P   1393
110,8.,3.,10.75,-992.,3.,10.75;                                      727P   1394
110,8.,3.,11.25,-8.,3.,11.25;                                        729P   1395
120,727,729,0.,6.28318530717959;                                     731P   1396
126,1,1,1,0,1,0,0.,0.,1.,1.,1.,1.,0.,0.,0.,0.,1.570796327,0.,        733P   1397
0.,1.,0.,0.,1.;                                                      733P   1398
124,6.12323399573677E-17,0.,-1.,18.75,0.,1.,0.,0.,1.,0.,             735P   1399
6.12323399573677E-17,2.75;                                           735P   1400
100,10.75,8.,3.,8.5,3.,8.,3.5;                                       737P   1401
126,1,1,1,0,1,0,0.,0.,1.,1.,1.,1.,0.,1.570796327,0.,1.,              739P   1402
1.570796327,0.,0.,1.,0.,0.,1.;                                       739P   1403
110,8.,3.5,10.75,-8.,3.5,10.75;                                      741P   1404
126,1,1,1,0,1,0,0.,0.,1.,1.,1.,1.,1.,1.570796327,0.,1.,0.,0.,        743P   1405
0.,1.,0.,0.,1.;                                                      743P   1406
124,3.74939945665464E-33,-6.12323399573677E-17,1.,-18.75,1.,         745P   1407
6.12323399573677E-17,0.,11.,-6.12323399573677E-17,1.,                745P   1408
6.12323399573677E-17,7.75;                                           745P   1409
100,10.75,-8.,3.,-7.5,3.,-8.,3.5;                                    747P   1410
126,1,1,1,0,1,0,0.,0.,1.,1.,1.,1.,1.,0.,0.,0.,0.,0.,0.,1.,0.,        749P   1411
0.,1.;                                                               749P   1412
110,-8.,3.,11.25,8.,3.,11.25;                                        751P   1413
102,4,733,739,743,749;                                               753P   1414
102,4,737,741,747,751;                                               755P   1415
142,1,731,753,755,1;                                                 757P   1416
144,731,1,0,757;                                                     759P   1417
128,12,12,3,3,0,0,1,0,0,1.5707963267949,1.5707963267949,             761P   1418
1.5707963267949,1.5707963267949,1.96349540849362,                    761P   1419
1.96349540849362,1.96349540849362,2.35619449019234,                  761P   1420
2.35619449019234,2.35619449019234,2.74889357189107,                  761P   1421
2.74889357189107,2.74889357189107,3.14159265358979,                  761P   1422
3.14159265358979,3.14159265358979,3.14159265358979,0.,0.,0.,0.,      761P   1423
0.392699081698725,0.392699081698725,0.392699081698725,               761P   1424
0.785398163397449,0.785398163397449,0.785398163397449,               761P   1425
1.17809724509617,1.17809724509617,1.17809724509617,                  761P   1426
1.5707963267949,1.5707963267949,1.5707963267949,                     761P   1427
1.5707963267949,1.,1.,1.,1.,1.,1.,1.,1.,1.,1.,1.,1.,1.,1.,1.,        761P   1428
1.,1.,1.,1.,1.,1.,1.,1.,1.,1.,1.,1.,1.,1.,1.,1.,1.,1.,1.,1.,1.,      761P   1429
1.,1.,1.,1.,1.,1.,1.,1.,1.,1.,1.,1.,1.,1.,1.,1.,1.,1.,1.,1.,1.,      761P   1430
1.,1.,1.,1.,1.,1.,1.,1.,1.,1.,1.,1.,1.,1.,1.,1.,1.,1.,1.,1.,1.,      761P   1431
1.,1.,1.,1.,1.,1.,1.,1.,1.,1.,1.,1.,1.,1.,1.,1.,1.,1.,1.,1.,1.,      761P   1432
1.,1.,1.,1.,1.,1.,1.,1.,1.,1.,1.,1.,1.,1.,1.,1.,1.,1.,1.,1.,1.,      761P   1433
1.,1.,1.,1.,1.,1.,1.,1.,1.,1.,1.,1.,1.,1.,1.,1.,1.,1.,1.,1.,1.,      761P   1434
1.,1.,1.,1.,1.,1.,1.,1.,1.,1.,1.,1.,1.,1.,1.,1.,1.,1.,1.,1.,1.,      761P   1435
1.,1.,1.,1.,1.,1.,1.,9.,3.,-10.25,9.,3.,-10.380899694,               761P   1436
8.973972677,3.,-10.511747884,8.923879533,3.,-10.632683432,           761P   1437
8.873786388,3.,-10.75361898,8.799666842,3.,-10.86454672,             761P   1438
8.707106781,3.,-10.957106781,8.61454672,3.,-11.049666842,            761P   1439
8.50361898,3.,-11.123786388,8.382683432,3.,-11.173879533,            761P   1440
8.261747884,3.,-11.223972677,8.130899694,3.,-11.25,8.,3.,            761P   1441
-11.25,9.,3.065449847,-10.25,9.,3.065449847,-10.380899694,           761P   1442
8.973972677,3.065449847,-10.511747884,8.923879533,3.065449847,       761P   1443
-10.632683432,8.873786388,3.065449847,-10.75361898,8.799666842,      761P   1444
3.065449847,-10.86454672,8.707106781,3.065449847,-10.957106781,      761P   1445
8.61454672,3.065449847,-11.049666842,8.50361898,3.065449847,         761P   1446
-11.123786388,8.382683432,3.065449847,-11.173879533,                 761P   1447
8.261747884,3.065449847,-11.223972677,8.130899694,3.065449847,       761P   1448
-11.25,8.,3.065449847,-11.25,8.986986338,3.130873942,-10.25,         761P   1449
8.986986338,3.130873942,-10.37919621,8.961297726,3.130873942,        761P   1450
-10.508341586,8.911856477,3.130873942,-10.62770332,8.862415228,      761P   1451
3.130873942,-10.747065053,8.789260249,3.130873942,                   761P   1452
-10.856549217,8.697904733,3.130873942,-10.947904733,                 761P   1453
8.606549217,3.130873942,-11.039260249,8.497065053,3.130873942,       761P   1454
-11.112415228,8.37770332,3.130873942,-11.161856477,8.258341586,      761P   1455
3.130873942,-11.211297726,8.12919621,3.130873942,-11.236986338,      761P   1456
8.,3.130873942,-11.236986338,8.961939766,3.191341716,-10.25,         761P   1457
8.961939766,3.191341716,-10.375917621,8.936903049,3.191341716,       761P   1458
-10.501785699,8.888716462,3.191341716,-10.618118411,                 761P   1459
8.840529874,3.191341716,-10.734451124,8.769231335,3.191341716,       761P   1460
-10.841156928,8.680194132,3.191341716,-10.930194132,                 761P   1461
8.591156928,3.191341716,-11.019231335,8.484451124,3.191341716,       761P   1462
-11.090529874,8.368118411,3.191341716,-11.138716462,                 761P   1463
8.251785699,3.191341716,-11.186903049,8.125917621,3.191341716,       761P   1464
-11.211939766,8.,3.191341716,-11.211939766,8.936893194,              761P   1465
3.25180949,-10.25,8.936893194,3.25180949,-10.372639032,              761P   1466
8.912508372,3.25180949,-10.495229811,8.865576446,3.25180949,         761P   1467
-10.608533503,8.81864452,3.25180949,-10.721837195,8.749202422,       761P   1468
3.25180949,-10.825764639,8.662483531,3.25180949,-10.912483531,       761P   1469
8.575764639,3.25180949,-10.999202422,8.471837195,3.25180949,         761P   1470
-11.06864452,8.358533503,3.25180949,-11.115576446,8.245229811,       761P   1471
3.25180949,-11.162508372,8.122639032,3.25180949,-11.186893194,       761P   1472
8.,3.25180949,-11.186893194,8.899833421,3.30727336,-10.25,           761P   1473
8.899833421,3.30727336,-10.367787919,8.876413166,3.30727336,         761P   1474
-10.485529494,8.831337681,3.30727336,-10.594351342,8.786262195,      761P   1475
3.30727336,-10.70317319,8.719566951,3.30727336,-10.802989678,        761P   1476
8.636278314,3.30727336,-10.886278314,8.552989678,3.30727336,         761P   1477
-10.969566951,8.45317319,3.30727336,-11.036262195,8.344351342,       761P   1478
3.30727336,-11.081337681,8.235529494,3.30727336,-11.126413166,       761P   1479
8.117787919,3.30727336,-11.149833421,8.,3.30727336,                  761P   1480
-11.149833421,8.853553391,3.353553391,-10.25,8.853553391,            761P   1481
3.353553391,-10.361729878,8.831337681,3.353553391,                   761P   1482
-10.473415794,8.788580507,3.353553391,-10.576640741,                 761P   1483
8.745823334,3.353553391,-10.679865688,8.682558345,3.353553391,       761P   1484
-10.774548437,8.603553391,3.353553391,-10.853553391,                 761P   1485
8.524548437,3.353553391,-10.932558345,8.429865688,3.353553391,       761P   1486
-10.995823334,8.326640741,3.353553391,-11.038580507,                 761P   1487
8.223415794,3.353553391,-11.081337681,8.111729878,3.353553391,       761P   1488
-11.103553391,8.,3.353553391,-11.103553391,8.80727336,               761P   1489
3.399833421,-10.25,8.80727336,3.399833421,-10.355671836,             761P   1490
8.786262195,3.399833421,-10.461302094,8.745823334,3.399833421,       761P   1491
-10.55893014,8.705384474,3.399833421,-10.656558186,8.645549739,      761P   1492
3.399833421,-10.746107196,8.570828467,3.399833421,                   761P   1493
-10.820828467,8.496107196,3.399833421,-10.895549739,                 761P   1494
8.406558186,3.399833421,-10.955384474,8.30893014,3.399833421,        761P   1495
-10.995823334,8.211302094,3.399833421,-11.036262195,                 761P   1496
8.105671836,3.399833421,-11.05727336,8.,3.399833421,                 761P   1497
-11.05727336,8.75180949,3.436893194,-10.25,8.75180949,               761P   1498
3.436893194,-10.348411632,8.732241902,3.436893194,                   761P   1499
-10.446784543,8.6945814,3.436893194,-10.537705036,8.656920899,       761P   1500
3.436893194,-10.628625529,8.601197121,3.436893194,                   761P   1501
-10.712022056,8.531609589,3.436893194,-10.781609589,                 761P   1502
8.462022056,3.436893194,-10.851197121,8.378625529,3.436893194,       761P   1503
-10.906920899,8.287705036,3.436893194,-10.9445814,8.196784543,       761P   1504
3.436893194,-10.982241902,8.098411632,3.436893194,-11.00180949,      761P   1505
8.,3.436893194,-11.00180949,8.691341716,3.461939766,-10.25,          761P   1506
8.691341716,3.461939766,-10.340496419,8.673347942,3.461939766,       761P   1507
-10.430957232,8.638716462,3.461939766,-10.514565021,                 761P   1508
8.604084981,3.461939766,-10.59817281,8.552843047,3.461939766,        761P   1509
-10.674861784,8.488852416,3.461939766,-10.738852416,                 761P   1510
8.424861784,3.461939766,-10.802843047,8.34817281,3.461939766,        761P   1511
-10.854084981,8.264565021,3.461939766,-10.888716462,                 761P   1512
8.180957232,3.461939766,-10.923347942,8.090496419,3.461939766,       761P   1513
-10.941341716,8.,3.461939766,-10.941341716,8.630873942,              761P   1514
3.486986338,-10.25,8.630873942,3.486986338,-10.332581206,            761P   1515
8.614453982,3.486986338,-10.41512992,8.582851523,3.486986338,        761P   1516
-10.491425006,8.551249063,3.486986338,-10.567720092,                 761P   1517
8.504488973,3.486986338,-10.637701512,8.446095243,3.486986338,       761P   1518
-10.696095243,8.387701512,3.486986338,-10.754488973,                 761P   1519
8.317720092,3.486986338,-10.801249063,8.241425006,3.486986338,       761P   1520
-10.832851523,8.16512992,3.486986338,-10.864453982,8.082581206,      761P   1521
3.486986338,-10.880873942,8.,3.486986338,-10.880873942,              761P   1522
8.565449847,3.5,-10.25,8.565449847,3.5,-10.324017212,                761P   1523
8.550732701,3.5,-10.398005301,8.52240754,3.5,-10.466388288,          761P   1524
8.49408238,3.5,-10.534771275,8.452171494,3.5,-10.597495349,          761P   1525
8.399833421,3.5,-10.649833421,8.347495349,3.5,-10.702171494,         761P   1526
8.284771275,3.5,-10.74408238,8.216388288,3.5,-10.77240754,           761P   1527
8.148005301,3.5,-10.800732701,8.074017212,3.5,-10.815449847,8.,      761P   1528
3.5,-10.815449847,8.5,3.5,-10.25,8.5,3.5,-10.315449847,              761P   1529
8.486986338,3.5,-10.380873942,8.461939766,3.5,-10.441341716,         761P   1530
8.436893194,3.5,-10.50180949,8.399833421,3.5,-10.55727336,           761P   1531
8.353553391,3.5,-10.603553391,8.30727336,3.5,-10.649833421,          761P   1532
8.25180949,3.5,-10.686893194,8.191341716,3.5,-10.711939766,          761P   1533
8.130873942,3.5,-10.736986338,8.065449847,3.5,-10.75,8.,3.5,         761P   1534
-10.75,1.5707963267949,3.14159265358979,0.,1.5707963267949;          761P   1535
126,1,1,1,0,1,0,0.,0.,1.,1.,1.,1.,1.570796327,1.570796327,0.,        763P   1536
1.570796327,0.,0.,0.,1.,0.,0.,1.;                                    763P   1537
124,6.12323399573677E-17,1.,0.,5.5,1.,-6.12323399573677E-17,         765P   1538
-6.98296267768627E-15,-5.50000000000007,-6.98296267768627E-15,       765P   1539
4.27583144589696E-31,-1.,-20.4999999999999;                          765P   1540
100,-10.25,8.5,3.,9.,3.,8.5,3.5;                                     767P   1541
126,1,1,1,0,1,0,0.,0.,1.,1.,1.,1.,1.570796327,0.,0.,                 769P   1542
3.141592654,0.,0.,0.,1.,0.,0.,1.;                                    769P   1543
124,1.,0.,0.,0.,0.,6.12323399573677E-17,1.,13.25,0.,-1.,             771P   1544
6.12323399573677E-17,-7.25;                                          771P   1545
100,-10.25,8.,3.,9.,3.,8.,4.;                                        773P   1546
126,1,1,1,0,1,0,0.,0.,1.,1.,1.,1.,3.141592654,0.,0.,                 775P   1547
3.141592654,1.570796327,0.,0.,1.,0.,0.,1.;                           775P   1548
124,6.12323399573677E-17,0.,1.,18.75,0.,1.,0.,0.,-1.,0.,             777P   1549
6.12323399573677E-17,-2.75;                                          777P   1550
100,-10.75,8.,3.,8.5,3.,8.,3.5;                                      779P   1551
126,1,1,1,0,1,0,0.,0.,1.,1.,1.,1.,3.141592654,1.570796327,0.,        781P   1552
1.570796327,1.570796327,0.,0.,1.,0.,0.,1.;                           781P   1553
124,1.40271576953299E-14,1.,0.,4.49999999999988,                     783P   1554
-6.12323399573677E-17,8.58915688636046E-31,-1.,-6.75,-1.,            783P   1555
1.40271576953299E-14,6.12323399573677E-17,-2.25000000000005;         783P   1556
100,-10.25,8.,3.5,8.5,3.5,8.,4.;                                     785P   1557
102,4,763,769,775,781;                                               787P   1558
102,4,767,773,779,785;                                               789P   1559
142,1,761,787,789,1;                                                 791P   1560
144,761,1,0,791;                                                     793P   1561
128,12,12,3,3,0,0,1,0,0,4.71238898038469,4.71238898038469,           795P   1562
4.71238898038469,4.71238898038469,5.10508806208341,                  795P   1563
5.10508806208341,5.10508806208341,5.49778714378214,                  795P   1564
5.49778714378214,5.49778714378214,5.89048622548086,                  795P   1565
5.89048622548086,5.89048622548086,6.28318530717959,                  795P   1566
6.28318530717959,6.28318530717959,6.28318530717959,0.,0.,0.,0.,      795P   1567
0.392699081698724,0.392699081698724,0.392699081698724,               795P   1568
0.785398163397449,0.785398163397449,0.785398163397449,               795P   1569
1.17809724509617,1.17809724509617,1.17809724509617,                  795P   1570
1.5707963267949,1.5707963267949,1.5707963267949,                     795P   1571
1.5707963267949,1.,1.,1.,1.,1.,1.,1.,1.,1.,1.,1.,1.,1.,1.,1.,        795P   1572
1.,1.,1.,1.,1.,1.,1.,1.,1.,1.,1.,1.,1.,1.,1.,1.,1.,1.,1.,1.,1.,      795P   1573
1.,1.,1.,1.,1.,1.,1.,1.,1.,1.,1.,1.,1.,1.,1.,1.,1.,1.,1.,1.,1.,      795P   1574
1.,1.,1.,1.,1.,1.,1.,1.,1.,1.,1.,1.,1.,1.,1.,1.,1.,1.,1.,1.,1.,      795P   1575
1.,1.,1.,1.,1.,1.,1.,1.,1.,1.,1.,1.,1.,1.,1.,1.,1.,1.,1.,1.,1.,      795P   1576
1.,1.,1.,1.,1.,1.,1.,1.,1.,1.,1.,1.,1.,1.,1.,1.,1.,1.,1.,1.,1.,      795P   1577
1.,1.,1.,1.,1.,1.,1.,1.,1.,1.,1.,1.,1.,1.,1.,1.,1.,1.,1.,1.,1.,      795P   1578
1.,1.,1.,1.,1.,1.,1.,1.,1.,1.,1.,1.,1.,1.,1.,1.,1.,1.,1.,1.,1.,      795P   1579
1.,1.,1.,1.,1.,1.,1.,-9.,3.,10.25,-9.,3.,10.380899694,               795P   1580
-8.973972677,3.,10.511747884,-8.923879533,3.,10.632683432,           795P   1581
-8.873786388,3.,10.75361898,-8.799666842,3.,10.86454672,             795P   1582
-8.707106781,3.,10.957106781,-8.61454672,3.,11.049666842,            795P   1583
-8.50361898,3.,11.123786388,-8.382683432,3.,11.173879533,            795P   1584
-8.261747884,3.,11.223972677,-8.130899694,3.,11.25,-8.,3.,           795P   1585
11.25,-9.,3.065449847,10.25,-9.,3.065449847,10.380899694,            795P   1586
-8.973972677,3.065449847,10.511747884,-8.923879533,3.065449847,      795P   1587
10.632683432,-8.873786388,3.065449847,10.75361898,-8.799666842,      795P   1588
3.065449847,10.86454672,-8.707106781,3.065449847,10.957106781,       795P   1589
-8.61454672,3.065449847,11.049666842,-8.50361898,3.065449847,        795P   1590
11.123786388,-8.382683432,3.065449847,11.173879533,                  795P   1591
-8.261747884,3.065449847,11.223972677,-8.130899694,3.065449847,      795P   1592
11.25,-8.,3.065449847,11.25,-8.986986338,3.130873942,10.25,          795P   1593
-8.986986338,3.130873942,10.37919621,-8.961297726,3.130873942,       795P   1594
10.508341586,-8.911856477,3.130873942,10.62770332,-8.862415228,      795P   1595
3.130873942,10.747065053,-8.789260249,3.130873942,10.856549217,      795P   1596
-8.697904733,3.130873942,10.947904733,-8.606549217,3.130873942,      795P   1597
11.039260249,-8.497065053,3.130873942,11.112415228,-8.37770332,      795P   1598
3.130873942,11.161856477,-8.258341586,3.130873942,11.211297726,      795P   1599
-8.12919621,3.130873942,11.236986338,-8.,3.130873942,                795P   1600
11.236986338,-8.961939766,3.191341716,10.25,-8.961939766,            795P   1601
3.191341716,10.375917621,-8.936903049,3.191341716,10.501785699,      795P   1602
-8.888716462,3.191341716,10.618118411,-8.840529874,3.191341716,      795P   1603
10.734451124,-8.769231335,3.191341716,10.841156928,                  795P   1604
-8.680194132,3.191341716,10.930194132,-8.591156928,3.191341716,      795P   1605
11.019231335,-8.484451124,3.191341716,11.090529874,                  795P   1606
-8.368118411,3.191341716,11.138716462,-8.251785699,3.191341716,      795P   1607
11.186903049,-8.125917621,3.191341716,11.211939766,-8.,              795P   1608
3.191341716,11.211939766,-8.936893194,3.25180949,10.25,              795P   1609
-8.936893194,3.25180949,10.372639032,-8.912508372,3.25180949,        795P   1610
10.495229811,-8.865576446,3.25180949,10.608533503,-8.81864452,       795P   1611
3.25180949,10.721837195,-8.749202422,3.25180949,10.825764639,        795P   1612
-8.662483531,3.25180949,10.912483531,-8.575764639,3.25180949,        795P   1613
10.999202422,-8.471837195,3.25180949,11.06864452,-8.358533503,       795P   1614
3.25180949,11.115576446,-8.245229811,3.25180949,11.162508372,        795P   1615
-8.122639032,3.25180949,11.186893194,-8.,3.25180949,                 795P   1616
11.186893194,-8.899833421,3.30727336,10.25,-8.899833421,             795P   1617
3.30727336,10.367787919,-8.876413166,3.30727336,10.485529494,        795P   1618
-8.831337681,3.30727336,10.594351342,-8.786262195,3.30727336,        795P   1619
10.70317319,-8.719566951,3.30727336,10.802989678,-8.636278314,       795P   1620
3.30727336,10.886278314,-8.552989678,3.30727336,10.969566951,        795P   1621
-8.45317319,3.30727336,11.036262195,-8.344351342,3.30727336,         795P   1622
11.081337681,-8.235529494,3.30727336,11.126413166,-8.117787919,      795P   1623
3.30727336,11.149833421,-8.,3.30727336,11.149833421,                 795P   1624
-8.853553391,3.353553391,10.25,-8.853553391,3.353553391,             795P   1625
10.361729878,-8.831337681,3.353553391,10.473415794,                  795P   1626
-8.788580507,3.353553391,10.576640741,-8.745823334,3.353553391,      795P   1627
10.679865688,-8.682558345,3.353553391,10.774548437,                  795P   1628
-8.603553391,3.353553391,10.853553391,-8.524548437,3.353553391,      795P   1629
10.932558345,-8.429865688,3.353553391,10.995823334,                  795P   1630
-8.326640741,3.353553391,11.038580507,-8.223415794,3.353553391,      795P   1631
11.081337681,-8.111729878,3.353553391,11.103553391,-8.,              795P   1632
3.353553391,11.103553391,-8.80727336,3.399833421,10.25,              795P   1633
-8.80727336,3.399833421,10.355671836,-8.786262195,3.399833421,       795P   1634
10.461302094,-8.745823334,3.399833421,10.55893014,-8.705384474,      795P   1635
3.399833421,10.656558186,-8.645549739,3.399833421,10.746107196,      795P   1636
-8.570828467,3.399833421,10.820828467,-8.496107196,3.399833421,      795P   1637
10.895549739,-8.406558186,3.399833421,10.955384474,-8.30893014,      795P   1638
3.399833421,10.995823334,-8.211302094,3.399833421,11.036262195,      795P   1639
-8.105671836,3.399833421,11.05727336,-8.,3.399833421,                795P   1640
11.05727336,-8.75180949,3.436893194,10.25,-8.75180949,               795P   1641
3.436893194,10.348411632,-8.732241902,3.436893194,10.446784543,      795P   1642
-8.6945814,3.436893194,10.537705036,-8.656920899,3.436893194,        795P   1643
10.628625529,-8.601197121,3.436893194,10.712022056,                  795P   1644
-8.531609589,3.436893194,10.781609589,-8.462022056,3.436893194,      795P   1645
10.851197121,-8.378625529,3.436893194,10.906920899,                  795P   1646
-8.287705036,3.436893194,10.9445814,-8.196784543,3.436893194,        795P   1647
10.982241902,-8.098411632,3.436893194,11.00180949,-8.,               795P   1648
3.436893194,11.00180949,-8.691341716,3.461939766,10.25,              795P   1649
-8.691341716,3.461939766,10.340496419,-8.673347942,3.461939766,      795P   1650
10.430957232,-8.638716462,3.461939766,10.514565021,                  795P   1651
-8.604084981,3.461939766,10.59817281,-8.552843047,3.461939766,       795P   1652
10.674861784,-8.488852416,3.461939766,10.738852416,                  795P   1653
-8.424861784,3.461939766,10.802843047,-8.34817281,3.461939766,       795P   1654
10.854084981,-8.264565021,3.461939766,10.888716462,                  795P   1655
-8.180957232,3.461939766,10.923347942,-8.090496419,3.461939766,      795P   1656
10.941341716,-8.,3.461939766,10.941341716,-8.630873942,              795P   1657
3.486986338,10.25,-8.630873942,3.486986338,10.332581206,             795P   1658
-8.614453982,3.486986338,10.41512992,-8.582851523,3.486986338,       795P   1659
10.491425006,-8.551249063,3.486986338,10.567720092,                  795P   1660
-8.504488973,3.486986338,10.637701512,-8.446095243,3.486986338,      795P   1661
10.696095243,-8.387701512,3.486986338,10.754488973,                  795P   1662
-8.317720092,3.486986338,10.801249063,-8.241425006,3.486986338,      795P   1663
10.832851523,-8.16512992,3.486986338,10.864453982,-8.082581206,      795P   1664
3.486986338,10.880873942,-8.,3.486986338,10.880873942,               795P   1665
-8.565449847,3.5,10.25,-8.565449847,3.5,10.324017212,                795P   1666
-8.550732701,3.5,10.398005301,-8.52240754,3.5,10.466388288,          795P   1667
-8.49408238,3.5,10.534771275,-8.452171494,3.5,10.597495349,          795P   1668
-8.399833421,3.5,10.649833421,-8.347495349,3.5,10.702171494,         795P   1669
-8.284771275,3.5,10.74408238,-8.216388288,3.5,10.77240754,           795P   1670
-8.148005301,3.5,10.800732701,-8.074017212,3.5,10.815449847,         795P   1671
-8.,3.5,10.815449847,-8.5,3.5,10.25,-8.5,3.5,10.315449847,           795P   1672
-8.486986338,3.5,10.380873942,-8.461939766,3.5,10.441341716,         795P   1673
-8.436893194,3.5,10.50180949,-8.399833421,3.5,10.55727336,           795P   1674
-8.353553391,3.5,10.603553391,-8.30727336,3.5,10.649833421,          795P   1675
-8.25180949,3.5,10.686893194,-8.191341716,3.5,10.711939766,          795P   1676
-8.130873942,3.5,10.736986338,-8.065449847,3.5,10.75,-8.,3.5,        795P   1677
10.75,4.71238898038469,6.28318530717959,0.,1.5707963267949;          795P   1678
126,1,1,1,0,1,0,0.,0.,1.,1.,1.,1.,6.283185307,0.,0.,                 797P   1679
6.283185307,1.570796327,0.,0.,1.,0.,0.,1.;                           797P   1680
124,6.12323399573677E-17,0.,-1.,2.75,0.,1.,0.,0.,1.,0.,              799P   1681
6.12323399573677E-17,18.75;                                          799P   1682
100,10.75,-8.,3.,-7.5,3.,-8.,3.5;                                    801P   1683
126,1,1,1,0,1,0,0.,0.,1.,1.,1.,1.,6.283185307,1.570796327,0.,        803P   1684
4.71238898,1.570796327,0.,0.,1.,0.,0.,1.;                            803P   1685
124,6.12323399573677E-17,-1.,0.,-4.5,6.12323399573677E-17,           805P   1686
3.74939945665464E-33,-1.,13.75,1.,6.12323399573677E-17,              805P   1687
6.12323399573677E-17,18.25;                                          805P   1688
100,10.25,-8.,3.5,-7.5,3.5,-8.,4.;                                   807P   1689
126,1,1,1,0,1,0,0.,0.,1.,1.,1.,1.,4.71238898,1.570796327,0.,         809P   1690
4.71238898,0.,0.,0.,1.,0.,0.,1.;                                     809P   1691
100,10.25,-8.5,3.,-8.5,3.5,-9.,3.;                                   811P   1692
126,1,1,1,0,1,0,0.,0.,1.,1.,1.,1.,4.71238898,0.,0.,6.283185307,      813P   1693
0.,0.,0.,1.,0.,0.,1.;                                                813P   1694
124,-1.,6.98296267768627E-15,0.,-16.,-4.27583144589696E-31,          815P   1695
-6.12323399573677E-17,1.,-7.25,6.98296267768627E-15,1.,              815P   1696
6.12323399573677E-17,7.25000000000005;                               815P   1697
100,10.25,-8.,3.,-7.,3.,-8.,4.;                                      817P   1698
102,4,797,803,809,813;                                               819P   1699
102,4,801,807,811,817;                                               821P   1700
142,1,795,819,821,1;                                                 823P   1701
144,795,1,0,823;                                                     825P   1702
110,8.,3.,-10.75,1008.,3.,-10.75;                                    827P   1703
110,-8.,3.,-11.25,8.,3.,-11.25;                                      829P   1704
120,827,829,0.,6.28318530717959;                                     831P   1705
126,1,1,1,0,1,0,0.,0.,1.,1.,1.,1.,1.,1.570796327,0.,1.,0.,0.,        833P   1706
0.,1.,0.,0.,1.;                                                      833P   1707
124,3.74939945665464E-33,-6.12323399573677E-17,-1.,-2.75,1.,         835P   1708
6.12323399573677E-17,0.,-5.,6.12323399573677E-17,-1.,                835P   1709
6.12323399573677E-17,-7.75;                                          835P   1710
100,-10.75,8.,3.,8.5,3.,8.,3.5;                                      837P   1711
126,1,1,1,0,1,0,0.,0.,1.,1.,1.,1.,1.,0.,0.,0.,0.,0.,0.,1.,0.,        839P   1712
0.,1.;                                                               839P   1713
110,8.,3.,-11.25,-8.,3.,-11.25;                                      841P   1714
126,1,1,1,0,1,0,0.,0.,1.,1.,1.,1.,0.,0.,0.,0.,1.570796327,0.,        843P   1715
0.,1.,0.,0.,1.;                                                      843P   1716
124,6.12323399573677E-17,0.,1.,2.75,0.,1.,0.,0.,-1.,0.,              845P   1717
6.12323399573677E-17,-18.75;                                         845P   1718
100,-10.75,-8.,3.,-7.5,3.,-8.,3.5;                                   847P   1719
126,1,1,1,0,1,0,0.,0.,1.,1.,1.,1.,0.,1.570796327,0.,1.,              849P   1720
1.570796327,0.,0.,1.,0.,0.,1.;                                       849P   1721
110,-8.,3.5,-10.75,8.,3.5,-10.75;                                    851P   1722
102,4,833,839,843,849;                                               853P   1723
102,4,837,841,847,851;                                               855P   1724
142,1,831,853,855,1;                                                 857P   1725
144,831,1,0,857;                                                     859P   1726
110,-8.5,3.,10.25,-8.5,3.,-989.75;                                   861P   1727
110,-9.,3.,10.25,-9.,3.,-10.25;                                      863P   1728
120,861,863,0.,6.28318530717959;                                     865P   1729
126,1,1,1,0,1,0,0.,0.,1.,1.,1.,1.,0.,0.,0.,0.,1.570796327,0.,        867P   1730
0.,1.,0.,0.,1.;                                                      867P   1731
124,-1.,1.11022302462516E-16,6.98296267768627E-15,                   869P   1732
-17.0000000000001,1.11022302462516E-16,1.,                           869P   1733
-4.84540371554089E-29,1.02001740387535E-15,                          869P   1734
-6.98296267768627E-15,-4.76787725609224E-29,-1.,                     869P   1735
20.4999999999999;                                                    869P   1736
100,10.25,-8.5,3.,-8.,3.,-8.5,3.5;                                   871P   1737
126,1,1,1,0,1,0,0.,0.,1.,1.,1.,1.,0.,1.570796327,0.,1.,              873P   1738
1.570796327,0.,0.,1.,0.,0.,1.;                                       873P   1739
110,-8.5,3.5,10.25,-8.5,3.5,-10.25;                                  875P   1740
126,1,1,1,0,1,0,0.,0.,1.,1.,1.,1.,1.,1.570796327,0.,1.,0.,0.,        877P   1741
0.,1.,0.,0.,1.;                                                      877P   1742
100,-10.25,-8.5,3.,-8.5,3.5,-9.,3.;                                  879P   1743
126,1,1,1,0,1,0,0.,0.,1.,1.,1.,1.,1.,0.,0.,0.,0.,0.,0.,1.,0.,        881P   1744
0.,1.;                                                               881P   1745
110,-9.,3.,-10.25,-9.,3.,10.25;                                      883P   1746
102,4,867,873,877,881;                                               885P   1747
102,4,871,875,879,883;                                               887P   1748
142,1,865,885,887,1;                                                 889P   1749
144,865,1,0,889;                                                     891P   1750
128,12,12,3,3,0,0,1,0,0,3.14159265358979,3.14159265358979,           893P   1751
3.14159265358979,3.14159265358979,3.53429173528852,                  893P   1752
3.53429173528852,3.53429173528852,3.92699081698724,                  893P   1753
3.92699081698724,3.92699081698724,4.31968989868597,                  893P   1754
4.31968989868597,4.31968989868597,4.71238898038469,                  893P   1755
4.71238898038469,4.71238898038469,4.71238898038469,0.,0.,0.,0.,      893P   1756
0.392699081698724,0.392699081698724,0.392699081698724,               893P   1757
0.785398163397449,0.785398163397449,0.785398163397449,               893P   1758
1.17809724509617,1.17809724509617,1.17809724509617,                  893P   1759
1.5707963267949,1.5707963267949,1.5707963267949,                     893P   1760
1.5707963267949,1.,1.,1.,1.,1.,1.,1.,1.,1.,1.,1.,1.,1.,1.,1.,        893P   1761
1.,1.,1.,1.,1.,1.,1.,1.,1.,1.,1.,1.,1.,1.,1.,1.,1.,1.,1.,1.,1.,      893P   1762
1.,1.,1.,1.,1.,1.,1.,1.,1.,1.,1.,1.,1.,1.,1.,1.,1.,1.,1.,1.,1.,      893P   1763
1.,1.,1.,1.,1.,1.,1.,1.,1.,1.,1.,1.,1.,1.,1.,1.,1.,1.,1.,1.,1.,      893P   1764
1.,1.,1.,1.,1.,1.,1.,1.,1.,1.,1.,1.,1.,1.,1.,1.,1.,1.,1.,1.,1.,      893P   1765
1.,1.,1.,1.,1.,1.,1.,1.,1.,1.,1.,1.,1.,1.,1.,1.,1.,1.,1.,1.,1.,      893P   1766
1.,1.,1.,1.,1.,1.,1.,1.,1.,1.,1.,1.,1.,1.,1.,1.,1.,1.,1.,1.,1.,      893P   1767
1.,1.,1.,1.,1.,1.,1.,1.,1.,1.,1.,1.,1.,1.,1.,1.,1.,1.,1.,1.,1.,      893P   1768
1.,1.,1.,1.,1.,1.,1.,-8.,3.,-11.25,-8.130899694,3.,-11.25,           893P   1769
-8.261747884,3.,-11.223972677,-8.382683432,3.,-11.173879533,         893P   1770
-8.50361898,3.,-11.123786388,-8.61454672,3.,-11.049666842,           893P   1771
-8.707106781,3.,-10.957106781,-8.799666842,3.,-10.86454672,          893P   1772
-8.873786388,3.,-10.75361898,-8.923879533,3.,-10.632683432,          893P   1773
-8.973972677,3.,-10.511747884,-9.,3.,-10.380899694,-9.,3.,           893P   1774
-10.25,-8.,3.065449847,-11.25,-8.130899694,3.065449847,-11.25,       893P   1775
-8.261747884,3.065449847,-11.223972677,-8.382683432,                 893P   1776
3.065449847,-11.173879533,-8.50361898,3.065449847,                   893P   1777
-11.123786388,-8.61454672,3.065449847,-11.049666842,                 893P   1778
-8.707106781,3.065449847,-10.957106781,-8.799666842,                 893P   1779
3.065449847,-10.86454672,-8.873786388,3.065449847,-10.75361898,      893P   1780
-8.923879533,3.065449847,-10.632683432,-8.973972677,                 893P   1781
3.065449847,-10.511747884,-9.,3.065449847,-10.380899694,-9.,         893P   1782
3.065449847,-10.25,-8.,3.130873942,-11.236986338,-8.12919621,        893P   1783
3.130873942,-11.236986338,-8.258341586,3.130873942,                  893P   1784
-11.211297726,-8.37770332,3.130873942,-11.161856477,                 893P   1785
-8.497065053,3.130873942,-11.112415228,-8.606549217,                 893P   1786
3.130873942,-11.039260249,-8.697904733,3.130873942,                  893P   1787
-10.947904733,-8.789260249,3.130873942,-10.856549217,                893P   1788
-8.862415228,3.130873942,-10.747065053,-8.911856477,                 893P   1789
3.130873942,-10.62770332,-8.961297726,3.130873942,                   893P   1790
-10.508341586,-8.986986338,3.130873942,-10.37919621,                 893P   1791
-8.986986338,3.130873942,-10.25,-8.,3.191341716,-11.211939766,       893P   1792
-8.125917621,3.191341716,-11.211939766,-8.251785699,                 893P   1793
3.191341716,-11.186903049,-8.368118411,3.191341716,                  893P   1794
-11.138716462,-8.484451124,3.191341716,-11.090529874,                893P   1795
-8.591156928,3.191341716,-11.019231335,-8.680194132,                 893P   1796
3.191341716,-10.930194132,-8.769231335,3.191341716,                  893P   1797
-10.841156928,-8.840529874,3.191341716,-10.734451124,                893P   1798
-8.888716462,3.191341716,-10.618118411,-8.936903049,                 893P   1799
3.191341716,-10.501785699,-8.961939766,3.191341716,                  893P   1800
-10.375917621,-8.961939766,3.191341716,-10.25,-8.,3.25180949,        893P   1801
-11.186893194,-8.122639032,3.25180949,-11.186893194,                 893P   1802
-8.245229811,3.25180949,-11.162508372,-8.358533503,3.25180949,       893P   1803
-11.115576446,-8.471837195,3.25180949,-11.06864452,                  893P   1804
-8.575764639,3.25180949,-10.999202422,-8.662483531,3.25180949,       893P   1805
-10.912483531,-8.749202422,3.25180949,-10.825764639,                 893P   1806
-8.81864452,3.25180949,-10.721837195,-8.865576446,3.25180949,        893P   1807
-10.608533503,-8.912508372,3.25180949,-10.495229811,                 893P   1808
-8.936893194,3.25180949,-10.372639032,-8.936893194,3.25180949,       893P   1809
-10.25,-8.,3.30727336,-11.149833421,-8.117787919,3.30727336,         893P   1810
-11.149833421,-8.235529494,3.30727336,-11.126413166,                 893P   1811
-8.344351342,3.30727336,-11.081337681,-8.45317319,3.30727336,        893P   1812
-11.036262195,-8.552989678,3.30727336,-10.969566951,                 893P   1813
-8.636278314,3.30727336,-10.886278314,-8.719566951,3.30727336,       893P   1814
-10.802989678,-8.786262195,3.30727336,-10.70317319,                  893P   1815
-8.831337681,3.30727336,-10.594351342,-8.876413166,3.30727336,       893P   1816
-10.485529494,-8.899833421,3.30727336,-10.367787919,                 893P   1817
-8.899833421,3.30727336,-10.25,-8.,3.353553391,-11.103553391,        893P   1818
-8.111729878,3.353553391,-11.103553391,-8.223415794,                 893P   1819
3.353553391,-11.081337681,-8.326640741,3.353553391,                  893P   1820
-11.038580507,-8.429865688,3.353553391,-10.995823334,                893P   1821
-8.524548437,3.353553391,-10.932558345,-8.603553391,                 893P   1822
3.353553391,-10.853553391,-8.682558345,3.353553391,                  893P   1823
-10.774548437,-8.745823334,3.353553391,-10.679865688,                893P   1824
-8.788580507,3.353553391,-10.576640741,-8.831337681,                 893P   1825
3.353553391,-10.473415794,-8.853553391,3.353553391,                  893P   1826
-10.361729878,-8.853553391,3.353553391,-10.25,-8.,3.399833421,       893P   1827
-11.05727336,-8.105671836,3.399833421,-11.05727336,                  893P   1828
-8.211302094,3.399833421,-11.036262195,-8.30893014,3.399833421,      893P   1829
-10.995823334,-8.406558186,3.399833421,-10.955384474,                893P   1830
-8.496107196,3.399833421,-10.895549739,-8.570828467,                 893P   1831
3.399833421,-10.820828467,-8.645549739,3.399833421,                  893P   1832
-10.746107196,-8.705384474,3.399833421,-10.656558186,                893P   1833
-8.745823334,3.399833421,-10.55893014,-8.786262195,3.399833421,      893P   1834
-10.461302094,-8.80727336,3.399833421,-10.355671836,                 893P   1835
-8.80727336,3.399833421,-10.25,-8.,3.436893194,-11.00180949,         893P   1836
-8.098411632,3.436893194,-11.00180949,-8.196784543,3.436893194,      893P   1837
-10.982241902,-8.287705036,3.436893194,-10.9445814,                  893P   1838
-8.378625529,3.436893194,-10.906920899,-8.462022056,                 893P   1839
3.436893194,-10.851197121,-8.531609589,3.436893194,                  893P   1840
-10.781609589,-8.601197121,3.436893194,-10.712022056,                893P   1841
-8.656920899,3.436893194,-10.628625529,-8.6945814,3.436893194,       893P   1842
-10.537705036,-8.732241902,3.436893194,-10.446784543,                893P   1843
-8.75180949,3.436893194,-10.348411632,-8.75180949,3.436893194,       893P   1844
-10.25,-8.,3.461939766,-10.941341716,-8.090496419,3.461939766,       893P   1845
-10.941341716,-8.180957232,3.461939766,-10.923347942,                893P   1846
-8.264565021,3.461939766,-10.888716462,-8.34817281,3.461939766,      893P   1847
-10.854084981,-8.424861784,3.461939766,-10.802843047,                893P   1848
-8.488852416,3.461939766,-10.738852416,-8.552843047,                 893P   1849
3.461939766,-10.674861784,-8.604084981,3.461939766,                  893P   1850
-10.59817281,-8.638716462,3.461939766,-10.514565021,                 893P   1851
-8.673347942,3.461939766,-10.430957232,-8.691341716,                 893P   1852
3.461939766,-10.340496419,-8.691341716,3.461939766,-10.25,-8.,       893P   1853
3.486986338,-10.880873942,-8.082581206,3.486986338,                  893P   1854
-10.880873942,-8.16512992,3.486986338,-10.864453982,                 893P   1855
-8.241425006,3.486986338,-10.832851523,-8.317720092,                 893P   1856
3.486986338,-10.801249063,-8.387701512,3.486986338,                  893P   1857
-10.754488973,-8.446095243,3.486986338,-10.696095243,                893P   1858
-8.504488973,3.486986338,-10.637701512,-8.551249063,                 893P   1859
3.486986338,-10.567720092,-8.582851523,3.486986338,                  893P   1860
-10.491425006,-8.614453982,3.486986338,-10.41512992,                 893P   1861
-8.630873942,3.486986338,-10.332581206,-8.630873942,                 893P   1862
3.486986338,-10.25,-8.,3.5,-10.815449847,-8.074017212,3.5,           893P   1863
-10.815449847,-8.148005301,3.5,-10.800732701,-8.216388288,3.5,       893P   1864
-10.77240754,-8.284771275,3.5,-10.74408238,-8.347495349,3.5,         893P   1865
-10.702171494,-8.399833421,3.5,-10.649833421,-8.452171494,3.5,       893P   1866
-10.597495349,-8.49408238,3.5,-10.534771275,-8.52240754,3.5,         893P   1867
-10.466388288,-8.550732701,3.5,-10.398005301,-8.565449847,3.5,       893P   1868
-10.324017212,-8.565449847,3.5,-10.25,-8.,3.5,-10.75,                893P   1869
-8.065449847,3.5,-10.75,-8.130873942,3.5,-10.736986338,              893P   1870
-8.191341716,3.5,-10.711939766,-8.25180949,3.5,-10.686893194,        893P   1871
-8.30727336,3.5,-10.649833421,-8.353553391,3.5,-10.603553391,        893P   1872
-8.399833421,3.5,-10.55727336,-8.436893194,3.5,-10.50180949,         893P   1873
-8.461939766,3.5,-10.441341716,-8.486986338,3.5,-10.380873942,       893P   1874
-8.5,3.5,-10.315449847,-8.5,3.5,-10.25,3.14159265358979,             893P   1875
4.71238898038469,0.,1.5707963267949;                                 893P   1876
126,1,1,1,0,1,0,0.,0.,1.,1.,1.,1.,3.141592654,1.570796327,0.,        895P   1877
3.141592654,0.,0.,0.,1.,0.,0.,1.;                                    895P   1878
124,3.74939945665464E-33,-6.12323399573677E-17,-1.,-18.75,1.,        897P   1879
6.12323399573677E-17,0.,11.,6.12323399573677E-17,-1.,                897P   1880
6.12323399573677E-17,-7.75;                                          897P   1881
100,-10.75,-8.,3.,-7.5,3.,-8.,3.5;                                   899P   1882
126,1,1,1,0,1,0,0.,0.,1.,1.,1.,1.,3.141592654,0.,0.,4.71238898,      901P   1883
0.,0.,0.,1.,0.,0.,1.;                                                901P   1884
124,6.12323399573677E-17,-1.,0.,-5.,6.12323399573677E-17,            903P   1885
3.74939945665464E-33,1.,13.25,-1.,-6.12323399573677E-17,             903P   1886
6.12323399573677E-17,-18.25;                                         903P   1887
100,-10.25,-8.,3.,-7.,3.,-8.,4.;                                     905P   1888
126,1,1,1,0,1,0,0.,0.,1.,1.,1.,1.,4.71238898,0.,0.,4.71238898,       907P   1889
1.570796327,0.,0.,1.,0.,0.,1.;                                       907P   1890
124,-1.,1.11022302462516E-16,6.98296267768627E-15,                   909P   1891
-16.9999999999999,1.11022302462516E-16,1.,                           909P   1892
-4.84540371554089E-29,1.02001740387338E-15,                          909P   1893
-6.98296267768627E-15,-4.76787725609224E-29,-1.,                     909P   1894
-20.5000000000001;                                                   909P   1895
100,-10.25,-8.5,3.,-8.,3.,-8.5,3.5;                                  911P   1896
126,1,1,1,0,1,0,0.,0.,1.,1.,1.,1.,4.71238898,1.570796327,0.,         913P   1897
3.141592654,1.570796327,0.,0.,1.,0.,0.,1.;                           913P   1898
124,-1.,6.98296267768627E-15,0.,-16.,-4.27583144589696E-31,          915P   1899
-6.12323399573677E-17,-1.,-6.75,-6.98296267768627E-15,-1.,           915P   1900
6.12323399573677E-17,-6.75000000000006;                              915P   1901
100,-10.25,-8.,3.5,-7.5,3.5,-8.,4.;                                  917P   1902
102,4,895,901,907,913;                                               919P   1903
102,4,899,905,911,917;                                               921P   1904
142,1,893,919,921,1;                                                 923P   1905
144,893,1,0,923;                                                     925P   1906
128,29,2,3,2,0,0,0,0,0,0.,0.,0.,0.,0.000501419104286634,             927P   1907
0.000501419104286634,0.000752128656429951,0.000752128656429951,      927P   1908
0.00100283820857327,0.00100283820857327,0.00112819298464493,         927P   1909
0.00112819298464493,0.00125354776071658,0.00125354776071658,         927P   1910
0.0015042573128599,0.0015042573128599,0.00175496686500322,           927P   1911
0.00175496686500322,0.00200567641714654,0.00200567641714654,         927P   1912
0.00225638596928985,0.00225638596928985,0.00250709552143317,         927P   1913
0.00250709552143317,0.0030085146257198,0.0030085146257198,           927P   1914
0.00325922417786312,0.00325922417786312,0.00350993373000644,         927P   1915
0.00350993373000644,0.00401135283429307,0.00401135283429307,         927P   1916
0.00401135283429307,0.00401135283429307,0.,0.,0.,1.,1.,1.,1.,        927P   1917
1.,1.,1.,1.,1.,1.,1.,1.,1.,1.,1.,1.,1.,1.,1.,1.,1.,1.,1.,1.,1.,      927P   1918
1.,1.,1.,1.,1.,1.,1.,1.,0.998006833375686,0.998122035752477,         927P   1919
0.998220910871599,0.998348948096205,0.998388347968392,               927P   1920
0.998460382001459,0.998492809883223,0.998536902086181,               927P   1921
0.998550839668924,0.998577078849304,0.998589414224169,               927P   1922
0.998624265067506,0.99864463903091,0.998680362321225,                927P   1923
0.998695710044369,0.998721649370833,0.998732290586987,               927P   1924
0.998748390418931,0.998753876335886,0.998760063804573,               927P   1925
0.998760816015642,0.998756417198944,0.998744867339719,               927P   1926
0.99871162257821,0.998697646916957,0.998664898082153,                927P   1927
0.998646037226114,0.998581504344446,0.998527991763854,               927P   1928
0.998460634703072,1.,1.,1.,1.,1.,1.,1.,1.,1.,1.,1.,1.,1.,1.,1.,      927P   1929
1.,1.,1.,1.,1.,1.,1.,1.,1.,1.,1.,1.,1.,1.,1.,6.95990215,             927P   1930
3.420352789,7.532038644,6.976043356,3.424952785,7.649530869,         927P   1931
6.981176152,3.428899593,7.76554704,6.971729399,3.434012407,          927P   1932
7.936019298,6.965789234,3.435585841,7.992175815,6.947662714,         927P   1933
3.438462662,8.103389836,6.935328137,3.439757811,8.158609939,         927P   1934
6.911988965,3.441518892,8.240499847,6.903394703,3.442075585,         927P   1935
8.267648284,6.884779694,3.443123645,8.321090617,6.874743161,         927P   1936
3.443616361,8.347445218,6.842533929,3.445008445,8.425332048,         927P   1937
6.818265799,3.445822295,8.475688758,6.7645042,3.447249315,           927P   1938
8.572823897,6.735010685,3.447862422,8.61960306,6.671029573,          927P   1939
3.448898655,8.709086368,6.636732905,3.449323764,8.751625264,         927P   1940
6.562160496,3.449966946,8.832982346,6.521768257,3.45018611,          927P   1941
8.871876852,6.437156243,3.450433301,8.944078529,6.392758534,         927P   1942
3.450463352,8.977602594,6.254297357,3.450287618,9.070027086,         927P   1943
6.154994132,3.449826191,9.120859435,5.998828747,3.448498099,         927P   1944
9.177950739,5.945517043,3.447939794,9.193686357,5.837321527,         927P   1945
3.446631568,9.218849863,5.78240286,3.445878144,9.228275908,          927P   1946
5.615916267,3.44330038,9.247176725,5.50261075,3.441167159,           927P   1947
9.247333045,5.388944614,3.438472781,9.234488546,7.577723023,         927P   1948
3.5,7.640583586,7.57140528,3.5,7.782478995,7.554154703,3.5,          927P   1949
7.921869461,7.510931556,3.5,8.126264135,7.493662517,3.5,             927P   1950
8.193572115,7.452906922,3.5,8.32660732,7.429351819,3.5,              927P   1951
8.392418933,7.389188991,3.5,8.489862394,7.374985835,3.5,             927P   1952
8.522140975,7.345228606,3.5,8.585668245,7.329646322,3.5,             927P   1953
8.61698933,7.28083721,3.5,8.70958759,7.245551096,3.5,                927P   1954
8.769504883,7.169642632,3.5,8.885462041,7.129020234,3.5,             927P   1955
8.94150315,7.042459077,3.5,9.049383634,6.996611231,3.5,              927P   1956
9.101137373,6.898956063,3.5,9.200504382,6.847036828,3.5,             927P   1957
9.248191067,6.739638582,3.5,9.33739634,6.683922336,3.5,              927P   1958
9.379179008,6.511309358,3.5,9.495981683,6.388988166,3.5,             927P   1959
9.562543205,6.196090861,3.5,9.643593741,6.130078005,3.5,             927P   1960
9.667423916,5.996719134,3.5,9.708257992,5.929196926,3.5,             927P   1961
9.725352883,5.724528484,3.5,9.766957128,5.585286728,3.5,             927P   1962
9.781846898,5.444300957,3.5,9.783793098,8.200504174,3.5,7.75,        927P   1963
8.171255875,3.5,7.916476764,8.131223534,3.5,8.07934248,              927P   1964
8.053712216,3.5,8.317780483,8.024954962,3.5,8.396280503,             927P   1965
7.961276385,3.5,8.551213328,7.926366725,3.5,8.627650046,             927P   1966
7.869195421,3.5,8.740693085,7.849323858,3.5,8.778117492,             927P   1967
7.808310676,3.5,8.851760406,7.787128296,3.5,8.888062798,             927P   1968
7.721561557,3.5,8.995418739,7.675161775,3.5,9.064924265,             927P   1969
7.576927368,3.5,9.199760874,7.525093101,3.5,9.265092232,             927P   1970
7.415794667,3.5,9.391430683,7.35832141,3.5,9.452430795,              927P   1971
7.23744403,3.5,9.569875585,7.173933324,3.5,9.626389618,              927P   1972
7.04362722,3.5,9.732673792,6.976535883,3.5,9.782754438,              927P   1973
6.769606358,3.5,9.92406373,6.624170069,3.5,10.006450409,             927P   1974
6.39437615,3.5,10.111646347,6.315607846,3.5,10.143639479,            927P   1975
6.156975009,3.5,10.200290837,6.076793843,3.5,10.22513351,            927P   1976
5.833776249,3.5,10.28969643,5.668477435,3.5,10.319519924,5.5,        927P   1977
3.5,10.336498292,0.,0.00401135283429307,0.,1.;                       927P   1978
126,1,1,1,0,1,0,0.,0.,1.,1.,1.,1.,0.004011353,0.,0.,                 929P   1979
0.004011353,1.,0.,0.,1.,0.,0.,1.;                                    929P   1980
124,-0.0111055386870505,0.0996505487061084,0.994960519394133,        931P   1981
-4.07559867982908,0.993847278103323,0.110759143219046,0.,            931P   1982
-11.2462255990288,-0.110200974664871,0.988838804020127,              931P   1983
-0.100267466543032,18.406470375787;                                  931P   1984
100,10.336498292,5.5,-6.5,15.5,-6.5,15.438472781,-5.392408568;       933P   1985
126,1,1,1,0,1,0,0.,0.,1.,1.,1.,1.,0.004011353,1.,0.,0.,1.,0.,        935P   1986
0.,1.,0.,0.,1.;                                                      935P   1987
126,5,3,1,0,1,0,0.,0.,0.,0.,0.5,0.5,1.,1.,1.,1.,1.,1.,1.,1.,1.,      937P   1988
1.,5.5,3.5,10.336498292,6.173930261,3.5,10.268582753,                937P   1989
6.814373204,3.5,9.980932352,7.781392236,3.5,9.041374027,             937P   1990
8.083509132,3.5,8.41591752,8.200504174,3.5,7.75,0.,1.,0.,-1.,        937P   1991
0.;                                                                  937P   1992
126,1,1,1,0,1,0,0.,0.,1.,1.,1.,1.,0.,1.,0.,0.,0.,0.,0.,1.,0.,        939P   1993
0.,1.;                                                               939P   1994
124,2.48497383264302E-15,-0.984914853697147,-0.173039680324274,      941P   1995
3.13961514764832,1.,2.04396349345509E-15,2.72679553406571E-15,       941P   1996
-14.7005041741181,-2.3319746349944E-15,-0.173039680324274,           941P   1997
0.984914853697147,-1.00784803825642;                                 941P   1998
100,7.75,8.200504174,-6.5,18.200504174,-6.5,18.120856963,            943P   1999
-5.240396675;                                                        943P   2000
126,1,1,1,0,1,0,0.,0.,1.,1.,1.,1.,0.,0.,0.,0.004011353,0.,0.,        945P   2001
0.,1.,0.,0.,1.;                                                      945P   2002
126,5,3,1,0,1,0,0.,0.,0.,0.,0.5,0.5,1.,1.,1.,1.,1.,1.,1.,1.,1.,      947P   2003
1.,6.95990215,3.420352789,7.532038644,7.021223364,3.437828392,       947P   2004
7.978397219,6.907330506,3.446849462,8.450837057,6.306281862,         947P   2005
3.452310922,9.117578358,5.838807031,3.449136462,9.285323905,         947P   2006
5.388944614,3.438472781,9.234488546,0.,1.,-0.052895616,              947P   2007
0.998093272,-0.031809981;                                            947P   2008
102,4,929,935,939,945;                                               949P   2009
102,4,933,937,943,947;                                               951P   2010
142,1,927,949,951,1;                                                 953P   2011
144,927,1,0,953;                                                     955P   2012
128,55,2,3,2,0,0,0,0,0,-5.18248638448071E-17,                        957P   2013
-5.18248638448071E-17,-5.18248638448071E-17,                         957P   2014
-5.18248638448071E-17,0.000484468515536586,                          957P   2015
0.000484468515536586,0.000605585644420746,0.000605585644420746,      957P   2016
0.000620725285531266,0.000620725285531266,0.000628295106086526,      957P   2017
0.000628295106086526,0.000632080016364156,0.000632080016364156,      957P   2018
0.000633972471502971,0.000633972471502971,0.000635864926641786,      957P   2019
0.000635864926641786,0.000666144208862825,0.000666144208862825,      957P   2020
0.000726702773304905,0.000726702773304905,0.000968937031073224,      957P   2021
0.000968937031073224,0.0019378740621465,0.0019378740621465,          957P   2022
0.00387574812429305,0.00387574812429305,0.00581362218643961,         957P   2023
0.00581362218643961,0.00775149624858616,0.00775149624858616,         957P   2024
0.00968937031073271,0.00968937031073271,0.0116272443728793,          957P   2025
0.0116272443728793,0.0135651184350258,0.0135651184350258,            957P   2026
0.0145340554660991,0.0145340554660991,0.0147762897238674,            957P   2027
0.0147762897238674,0.0148368482883095,0.0148368482883095,            957P   2028
0.0148671275705305,0.0148671275705305,0.0148709124808082,            957P   2029
0.0148709124808082,0.0148746973910858,0.0148746973910858,            957P   2030
0.014882267211641,0.014882267211641,0.0148974068527516,              957P   2031
0.0148974068527516,0.0150185239816357,0.0150185239816357,            957P   2032
0.0155029924971724,0.0155029924971724,0.0155029924971724,            957P   2033
0.0155029924971724,0.,0.,0.,1.,1.,1.,1.,1.,1.,1.,1.,1.,1.,1.,        957P   2034
1.,1.,1.,1.,1.,1.,1.,1.,1.,1.,1.,1.,1.,1.,1.,1.,1.,1.,1.,1.,1.,      957P   2035
1.,1.,1.,1.,1.,1.,1.,1.,1.,1.,1.,1.,1.,1.,1.,1.,1.,1.,1.,1.,1.,      957P   2036
1.,1.,1.,1.,1.,1.,0.998006833375788,0.997895533720852,               957P   2037
0.997770990852233,0.997596669916715,0.997560874409965,               957P   2038
0.997519531916621,0.997514923414088,0.997507988262495,               957P   2039
0.997505672812472,0.9975021940307,0.997501033502383,                 957P   2040
0.997499291307295,0.997498681804564,0.997497576480584,               957P   2041
0.997497267760333,0.997496023924682,0.997494852670397,               957P   2042
0.997491337197809,0.997488991269453,0.997477250860528,               957P   2043
0.997467824007932,0.997420560353754,0.997382315790746,               957P   2044
0.997268397433567,0.997193462371273,0.997061884210886,               957P   2045
0.997005728888427,0.996928911390662,0.996908755247142,               957P   2046
0.996908755608615,0.99692891205404,0.997005739499606,                957P   2047
0.997061892458755,0.997193451216516,0.997268381591005,               957P   2048
0.997382301121431,0.997420545889981,0.997467807648502,               957P   2049
0.997477234018102,0.997488973672334,0.997491319442214,               957P   2050
0.997494834665425,0.997496005834641,0.997497322739172,               957P   2051
0.997498566091221,0.997500889096256,0.997502049665581,               957P   2052
0.997505528576,0.997507844119288,0.997514779573001,                  957P   2053
0.997519388306715,0.997560733144325,0.997596532609216,               957P   2054
0.997770881526676,0.99789547285229,0.998006833375686,1.,1.,1.,       957P   2055
1.,1.,1.,1.,1.,1.,1.,1.,1.,1.,1.,1.,1.,1.,1.,1.,1.,1.,1.,1.,1.,      957P   2056
1.,1.,1.,1.,1.,1.,1.,1.,1.,1.,1.,1.,1.,1.,1.,1.,1.,1.,1.,1.,1.,      957P   2057
1.,1.,1.,1.,1.,1.,1.,1.,1.,1.,1.,6.95990215,3.420352789,             957P   2058
-7.532038644,6.944309434,3.415909106,-7.41853892,6.918749197,        957P   2059
3.410938614,-7.305867642,6.875843834,3.403982292,-7.166456852,       957P   2060
6.866713921,3.402553936,-7.138645284,6.855844721,3.400904331,        957P   2061
-7.107439242,6.854628726,3.400720448,-7.103973041,6.852792323,       957P   2062
3.400443733,-7.098775449,6.852178121,3.400351346,-7.097043203,       957P   2063
6.851253721,3.400212542,-7.094445262,6.850945072,3.400166237,        957P   2064
-7.093579353,6.850481324,3.400096723,-7.092280596,6.850318417,       957P   2065
3.400072405,-7.091858821,6.850025129,3.400028301,-7.090970803,       957P   2066
6.849948467,3.400015984,-7.090431595,6.849795536,3.399966355,        957P   2067
-7.079704162,6.849651537,3.399919622,-7.069607877,6.849219358,       957P   2068
3.399779356,-7.039319392,6.848930993,3.399685754,-7.019127563,       957P   2069
6.847488008,3.399217318,-6.918170943,6.846329909,3.398841197,        957P   2070
-6.837413724,6.840525805,3.396955456,-6.433671457,6.835836678,       957P   2071
3.395429648,-6.110817835,6.821874612,3.390885015,-5.142813815,       957P   2072
6.812700623,3.387895941,-4.498231128,6.796578831,3.382647932,        957P   2073
-3.210846728,6.789691853,3.380408439,-2.568028335,6.780262746,       957P   2074
3.377345058,-1.283613247,6.777789938,3.376541329,-0.641889453,       957P   2075
6.77778996,3.376541337,0.641898357,6.780262872,3.377345084,          957P   2076
1.283647707,6.789693219,3.380408862,2.568082937,6.796579484,         957P   2077
3.382648261,3.210853799,6.812698622,3.387895496,4.498175164,         957P   2078
6.821872807,3.390884383,5.142728578,6.835835348,3.395429063,         957P   2079
6.110694874,6.84052445,3.396954879,6.433536953,6.846328091,          957P   2080
3.398840544,6.837265392,6.847486075,3.399216646,6.918019876,         957P   2081
6.848928888,3.399685052,7.018973106,6.849217218,3.399778647,         957P   2082
7.039164258,6.849649342,3.399918904,7.06945173,6.849793321,          957P   2083
3.399965633,7.079547678,6.849955226,3.400018177,7.090905757,         957P   2084
6.850288259,3.400067787,7.091740036,6.850906654,3.400160475,         957P   2085
7.093471642,6.851215336,3.400206782,7.094337518,6.852139836,         957P   2086
3.400345591,7.096935364,6.852754108,3.400437981,7.098667552,         957P   2087
6.854590725,3.400714709,7.103864986,6.855806872,3.400898601,         957P   2088
7.107331105,6.866677511,3.402548299,7.138536599,6.875809232,         957P   2089
3.403976813,7.166349099,6.918725508,3.410934251,7.305772002,         957P   2090
6.944300894,3.415906672,7.418476756,6.95990215,3.420352789,          957P   2091
7.532038644,7.577723023,3.5,-7.640583586,7.583826941,3.5,            957P   2092
-7.50349057,7.579616891,3.5,-7.366696222,7.563129002,3.5,            957P   2093
-7.196318767,7.559267486,3.5,-7.162268787,7.554309088,3.5,           957P   2094
-7.123998353,7.553749602,3.5,-7.119746423,7.552897624,3.5,           957P   2095
-7.113369264,7.552611505,3.5,-7.11124366,7.552179145,3.5,            957P   2096
-7.108055437,7.552034495,3.5,-7.106992725,7.551816725,3.5,           957P   2097
-7.105398703,7.551739843,3.5,-7.10487296,7.551602452,3.5,            957P   2098
-7.103799128,7.551569187,3.5,-7.103214378,7.551587755,3.5,           957P   2099
-7.092489356,7.55160519,3.5,-7.08239529,7.551657371,3.5,             957P   2100
-7.05211324,7.551691993,3.5,-7.031925478,7.551864264,3.5,            957P   2101
-6.930987218,7.551999385,3.5,-6.850241214,7.552660535,3.5,           957P   2102
-6.446521573,7.553142834,3.5,-6.123624855,7.554416718,3.5,           957P   2103
-5.155172059,7.555029614,3.5,-4.509938953,7.555814941,3.5,           957P   2104
-3.220314572,7.555993472,3.5,-2.575932894,7.55616591,3.5,            957P   2105
-1.287755431,7.556176403,3.5,-0.64393235,7.556176403,3.5,            957P   2106
0.643941282,7.556165956,3.5,1.2877903,7.555993502,3.5,               957P   2107
2.575988445,7.555814538,3.5,3.220321253,7.555029068,3.5,             957P   2108
4.50988162,7.554417001,3.5,5.155086782,7.55314347,3.5,               957P   2109
6.123502434,7.552661133,3.5,6.446387567,7.551999804,3.5,             957P   2110
6.850093128,7.551864641,3.5,6.930836337,7.55169231,3.5,              957P   2111
7.031771121,7.551657676,3.5,7.051958189,7.551605476,3.5,             957P   2112
7.082239198,7.551588034,3.5,7.092332918,7.551568367,3.5,             957P   2113
7.103688433,7.551726038,3.5,7.104735243,7.552016477,3.5,             957P   2114
7.106860532,7.552161167,3.5,7.107923208,7.552593645,3.5,             957P   2115
7.111111328,7.552879845,3.5,7.113236871,7.553732068,3.5,             957P   2116
7.119613865,7.554291721,3.5,7.123865711,7.559251664,3.5,             957P   2117
7.162135645,7.563114813,3.5,7.196186921,7.579611337,3.5,             957P   2118
7.366579896,7.583830282,3.5,7.503415531,7.577723023,3.5,             957P   2119
7.640583586,8.200504174,3.5,-7.75,8.228754252,3.5,-7.589204935,      957P   2120
8.246414762,3.5,-7.428123735,8.257076771,3.5,-7.22647346,            957P   2121
8.258635649,3.5,-7.186128214,8.259764202,3.5,-7.140723253,           957P   2122
8.259880912,3.5,-7.135678028,8.260042998,3.5,-7.128109845,           957P   2123
8.260094864,3.5,-7.125587061,8.260169425,3.5,-7.121802798,           957P   2124
8.260193738,3.5,-7.120541362,8.2602294,3.5,-7.118649188,             957P   2125
8.260241152,3.5,-7.11801846,8.260264388,3.5,-7.116756996,            957P   2126
8.260275842,3.5,-7.11612626,8.260471194,3.5,-7.105403761,            957P   2127
8.26065504,3.5,-7.095311996,8.261206529,3.5,-7.065036702,            957P   2128
8.26157412,3.5,-7.044853171,8.263411632,3.5,-6.943935502,            957P   2129
8.264880226,3.5,-6.863201329,8.272208975,3.5,-6.459530091,           957P   2130
8.278028315,3.5,-6.136591943,8.295036792,3.5,-5.167765594,           957P   2131
8.305772389,3.5,-4.52186538,8.324064267,3.5,-3.229980742,            957P   2132
8.331569558,3.5,-2.583983351,8.341703308,3.5,-1.291999285,           957P   2133
8.344292849,3.5,-0.646000784,8.344292825,3.5,0.646009744,            957P   2134
8.341703272,3.5,1.292034574,8.331568202,3.5,2.584039869,             957P   2135
8.324062771,3.5,3.22998701,8.305773347,3.5,4.521806645,              957P   2136
8.295039234,3.5,5.167680276,8.278030981,3.5,6.136470069,             957P   2137
8.272211588,3.5,6.459396585,8.264882953,3.5,6.863053492,             957P   2138
8.26341439,3.5,6.943784809,8.261576932,3.5,7.044698915,              957P   2139
8.261209353,3.5,7.064881735,8.260657883,3.5,7.095155961,             957P   2140
8.260474043,3.5,7.10524737,8.260267207,3.5,7.116600204,              957P   2141
8.260244196,3.5,7.117861629,8.260196738,3.5,7.120384447,             957P   2142
8.260172469,3.5,7.121645844,8.260098045,3.5,7.125429997,             957P   2143
8.260046271,3.5,7.127952717,8.259884457,3.5,7.135520728,             957P   2144
8.25976793,3.5,7.140565872,8.258641015,3.5,7.185970388,              957P   2145
8.257083578,3.5,7.226317305,8.246427799,3.5,7.427986577,             957P   2146
8.228769706,3.5,7.589116974,8.200504174,3.5,7.75,                    957P   2147
-5.18248638448071E-17,0.0155029924971724,0.,1.;                      957P   2148
126,1,1,1,0,1,0,0.,0.,1.,1.,1.,1.,0.015502992,0.,0.,                 959P   2149
0.015502992,1.,0.,0.,1.,0.,0.,1.;                                    959P   2150
124,-0.124060202442192,0.977070281608891,0.173039680324267,          961P   2151
14.2277596899833,0.992035278929127,0.125960332486101,                961P   2152
-2.7267955340656E-15,-13.816447284571,-0.021796135666936,            961P   2153
0.171661467536291,-0.984914853697148,16.6776289572127;               961P   2154
100,7.75,8.200504174,-6.5,18.200504174,-6.5,18.120856963,            963P   2155
-5.240396675;                                                        963P   2156
126,1,1,1,0,1,0,0.,0.,1.,1.,1.,1.,0.015502992,1.,0.,0.,1.,0.,        965P   2157
0.,1.,0.,0.,1.;                                                      965P   2158
126,17,3,1,0,1,0,0.,0.,0.,0.,0.0624999999999999,                     967P   2159
0.0624999999999999,0.125,0.125,0.25,0.25,0.5,0.5,0.75,0.75,          967P   2160
0.875,0.875,0.9375,0.9375,1.,1.,1.,1.,1.,1.,1.,1.,1.,1.,1.,1.,       967P   2161
1.,1.,1.,1.,1.,1.,1.,1.,1.,1.,8.200504174,3.5,7.75,8.257036274,      967P   2162
3.5,7.428228111,8.260485771,3.5,7.105247637,8.272211588,3.5,         967P   2163
6.459396585,8.278030981,3.5,6.136470069,8.295039234,3.5,             967P   2164
5.167680276,8.305773347,3.5,4.521806645,8.333207484,3.5,             967P   2165
2.584077192,8.344292813,3.5,1.292015008,8.34429286,3.5,              967P   2166
-1.292006047,8.333210206,3.5,-2.584038422,8.305772389,3.5,           967P   2167
-4.52186538,8.295036792,3.5,-5.167765594,8.278028315,3.5,            967P   2168
-6.136591943,8.272208975,3.5,-6.459530091,8.260482976,3.5,           967P   2169
-7.105404073,8.257005329,3.5,-7.428404244,8.200504174,3.5,           967P   2170
-7.75,0.,1.,0.,-1.,0.;                                               967P   2171
126,1,1,1,0,1,0,0.,0.,1.,1.,1.,1.,0.,1.,0.,0.,0.,0.,0.,1.,0.,        969P   2172
0.,1.;                                                               969P   2173
124,6.03086411502232E-17,-0.984914853690263,0.173039680363458,       971P   2174
3.1396151479963,1.,6.12323399573677E-17,0.,-14.7005041740919,        971P   2175
-1.05956245341295E-17,0.173039680363458,0.984914853690263,           971P   2176
1.00784803845554;                                                    971P   2177
100,-7.75,8.200504174,-6.5,18.200504174,-6.5,18.120856963,           973P   2178
-5.240396675;                                                        973P   2179
126,1,1,1,0,1,0,0.,0.,1.,1.,1.,1.,0.,0.,0.,0.000634765,0.,0.,        975P   2180
0.,1.,0.,0.,1.;                                                      975P   2181
126,6,3,1,0,1,0,0.,0.,0.,0.,0.000455120137016581,                    977P   2182
0.000455120137016581,0.000455120137016581,0.00045518013701657,       977P   2183
0.00045518013701657,0.00045518013701657,0.00045518013701657,1.,      977P   2184
1.,1.,1.,1.,1.,1.,6.95990215,3.420352789,-7.532038644,               977P   2185
6.939269972,3.414472936,-7.38185653,6.901037106,3.407665467,         977P   2186
-7.233512168,6.849973996,3.400020738,-7.090862094,6.849967264,       977P   2187
3.40001973,-7.090843288,6.849960531,3.400018722,-7.090824482,        977P   2188
6.849953799,3.400017714,-7.090805676,0.,0.00045518013701657,0.,      977P   2189
0.,0.;                                                               977P   2190
126,1,1,1,0,1,0,0.,0.,1.,1.,1.,1.,0.000634765,0.,0.,                 979P   2191
0.007751492,0.,0.,0.,1.,0.,0.,1.;                                    979P   2192
126,9,3,1,0,1,0,-5.67131469822354E-08,-5.67131469822354E-08,         981P   2193
-5.67131469822354E-08,-5.67131469822354E-08,0.,0.,0.,                981P   2194
0.00410432154200187,0.00410432154200187,0.00410432154200187,         981P   2195
0.00709129352525251,0.00709129352525251,0.00709129352525251,         981P   2196
0.00709129352525251,1.,1.,1.,1.,1.,1.,1.,1.,1.,1.,6.849953799,       981P   2197
3.400017714,-7.090805676,6.849953264,3.400015806,-7.090786876,       981P   2198
6.84995326,3.400017539,-7.090767872,6.849952991,3.400017452,         981P   2199
-7.09074897,6.830451908,3.393689017,-5.722795419,6.809033419,        981P   2200
3.386701184,-4.354863344,6.79455986,3.381992921,-2.986840828,        981P   2201
6.784026823,3.378566513,-1.991271481,6.777789949,3.376541333,        981P   2202
-0.99563096,6.777789949,3.376541333,0.,-5.67131469822354E-08,        981P   2203
0.00709129352525251,0.,0.,0.;                                        981P   2204
126,1,1,1,0,1,0,0.,0.,1.,1.,1.,1.,0.007751492,0.,0.,                 983P   2205
0.014868423,0.,0.,0.,1.,0.,0.,1.;                                    983P   2206
126,9,3,1,0,1,0,0.00709129352525251,0.00709129352525251,             985P   2207
0.00709129352525251,0.00709129352525251,0.0087716776717127,          985P   2208
0.0087716776717127,0.0087716776717127,0.0141825673167035,            985P   2209
0.0141825673167035,0.0141825673167035,0.0141826273167035,            985P   2210
0.0141826273167035,0.0141826273167035,0.0141826273167035,1.,1.,      985P   2211
1.,1.,1.,1.,1.,1.,1.,1.,6.777789949,3.376541333,0.,6.777789949,      985P   2212
3.376541333,0.560120054,6.779655453,3.377148588,1.12024316,          985P   2213
6.783281007,3.378325829,1.680350243,6.794955484,3.382116606,         985P   2214
3.483925043,6.824246799,3.391674858,5.287331611,6.849952944,         985P   2215
3.400017437,7.090745683,6.849953229,3.400017529,7.090765681,         985P   2216
6.849953514,3.400017622,7.090785679,6.849953799,3.400017714,         985P   2217
7.090805676,0.00709129352525251,0.0141826273167035,0.309734805,      985P   2218
-0.950822986,0.;                                                     985P   2219
126,1,1,1,0,1,0,0.,0.,1.,1.,1.,1.,0.014868423,0.,0.,                 987P   2220
0.015502992,0.,0.,0.,1.,0.,0.,1.;                                    987P   2221
126,6,3,1,0,1,0,-5.67135612193768E-08,-5.67135612193768E-08,         989P   2222
-5.67135612193768E-08,-5.67135612193768E-08,0.,0.,0.,                989P   2223
0.000455123407079697,0.000455123407079697,0.000455123407079697,      989P   2224
0.000455123407079697,1.,1.,1.,1.,1.,1.,1.,6.849953799,               989P   2225
3.400017714,7.090805676,6.849960121,3.400017515,7.090823492,         989P   2226
6.849966526,3.40001962,7.090841228,6.849972889,3.400020572,          989P   2227
7.090859004,6.901036554,3.407665369,7.233510035,6.939269824,         989P   2228
3.414472894,7.381855451,6.95990215,3.420352789,7.532038644,          989P   2229
-5.67135612193768E-08,0.000455123407079697,0.,0.,0.;                 989P   2230
102,7,959,965,969,975,979,983,987;                                   991P   2231
102,7,963,967,973,977,981,985,989;                                   993P   2232
142,1,957,991,993,1;                                                 995P   2233
144,957,1,0,995;                                                     997P   2234
128,49,2,3,2,0,0,0,0,0,-2.64545330086463E-17,                        999P   2235
-2.64545330086463E-17,-2.64545330086463E-17,                         999P   2236
-2.64545330086463E-17,0.000171877926149509,                          999P   2237
0.000171877926149509,0.000257816889224277,0.000257816889224277,      999P   2238
0.000300786370761661,0.000300786370761661,0.000311528741146007,      999P   2239
0.000311528741146007,0.00031287153744405,0.00031287153744405,        999P   2240
0.000314214333742093,0.000314214333742093,0.00031689992633818,       999P   2241
0.00031689992633818,0.000322271111530353,0.000322271111530353,       999P   2242
0.000343755852299045,0.000343755852299045,0.000687511704598116,      999P   2243
0.000687511704598116,0.00137502340919626,0.00137502340919626,        999P   2244
0.00275004681839254,0.00275004681839254,0.00550009363678511,         999P   2245
0.00550009363678511,0.00825014045517769,0.00825014045517769,         999P   2246
0.00962516386437397,0.00962516386437397,0.0103126755689721,          999P   2247
0.0103126755689721,0.0106564314212712,0.0106564314212712,            999P   2248
0.0106994009028086,0.0106994009028086,0.0107047720880007,            999P   2249
0.0107047720880007,0.0107101432731929,0.0107101432731929,            999P   2250
0.0107208856435773,0.0107208856435773,0.010742370384346,             999P   2251
0.010742370384346,0.0108283093474207,0.0108283093474207,             999P   2252
0.0110001872735703,0.0110001872735703,0.0110001872735703,            999P   2253
0.0110001872735703,0.,0.,0.,1.,1.,1.,1.,1.,1.,1.,1.,1.,1.,1.,        999P   2254
1.,1.,1.,1.,1.,1.,1.,1.,1.,1.,1.,1.,1.,1.,1.,1.,1.,1.,1.,1.,1.,      999P   2255
1.,1.,1.,1.,1.,1.,1.,1.,1.,1.,1.,1.,1.,1.,1.,1.,1.,1.,1.,1.,1.,      999P   2256
0.998460634703072,0.998437714171793,0.998413284799066,               999P   2257
0.99837410859472,0.998360627553579,0.998339734705103,                999P   2258
0.99833265851167,0.998323669206628,0.998321864142455,                999P   2259
0.998319825280735,0.998319522187747,0.998319221532527,               999P   2260
0.998319210098306,0.998319165216664,0.998319135301499,               999P   2261
0.998319045573807,0.998318985779082,0.998318686924293,               999P   2262
0.998318448220729,0.998314396758115,0.998310681463759,               999P   2263
0.998299853288684,0.998293058170408,0.998274137040019,               999P   2264
0.998263479586119,0.99823883706004,0.998232481239592,                999P   2265
0.998242344402776,0.9982585195707,0.998295549454476,                 999P   2266
0.998309960528212,0.998333817874303,0.998342143735082,               999P   2267
0.998355088502271,0.99835947946537,0.998364495448842,                999P   2268
0.998365053838313,0.998365683198642,0.998365753143849,               999P   2269
0.998365893066759,0.998367069788866,0.998369646607905,               999P   2270
0.998371357478243,0.998376469224022,0.998379849232048,               999P   2271
0.99839661225606,0.998409584391239,0.998447261712272,                999P   2272
0.998470729053527,0.998492721941234,1.,1.,1.,1.,1.,1.,1.,1.,1.,      999P   2273
1.,1.,1.,1.,1.,1.,1.,1.,1.,1.,1.,1.,1.,1.,1.,1.,1.,1.,1.,1.,1.,      999P   2274
1.,1.,1.,1.,1.,1.,1.,1.,1.,1.,1.,1.,1.,1.,1.,1.,1.,1.,1.,1.,         999P   2275
5.388944614,3.438472781,9.234488546,5.350328501,3.437557412,         999P   2276
9.230124847,5.31191114,3.436581732,9.224279438,5.254686391,          999P   2277
3.435017211,9.213304638,5.235678337,3.434478849,9.209278447,         999P   2278
5.207278902,3.433644517,9.202688194,5.197831192,3.43336194,          999P   2279
9.200399609,5.18604626,3.43300297,9.197424139,5.183690508,           999P   2280
3.432930888,9.196823309,5.181041695,3.432849471,9.196140921,         999P   2281
5.180802544,3.432837367,9.196038477,5.180103712,3.432825362,         999P   2282
9.195939542,5.17965401,3.432824905,9.195938214,5.178312632,          999P   2283
3.432823113,9.19593063,5.177418381,3.432821918,9.195925574,          999P   2284
5.174735626,3.432818335,9.195910412,5.172947125,3.432815947,         999P   2285
9.195900307,5.164004621,3.432804013,9.195849805,5.156850635,         999P   2286
3.432794481,9.195809468,5.035233152,3.432632695,9.195124849,         999P   2287
4.920773917,3.432484334,9.194497207,4.577408994,3.43205194,          999P   2288
9.192668169,4.34851612,3.431780599,9.191520661,3.661887215,          999P   2289
3.43102505,9.188323971,3.204201458,3.430599492,9.186521191,          999P   2290
1.831313489,3.429615511,9.182329905,0.916232802,3.429361732,         999P   2291
9.181213564,-0.91397277,3.429755563,9.18274182,-1.829181094,         999P   2292
3.430401426,9.185380566,-3.202378759,3.431880078,9.191513454,        999P   2293
-3.660188854,3.432455541,9.193909079,-4.347016697,3.433408237,       999P   2294
9.197893806,-4.575978153,3.433740718,9.199287263,-4.919447882,       999P   2295
3.434257654,9.201458875,-5.033942376,3.434433004,9.202196323,        999P   2296
-5.162753731,3.434633315,9.203039747,-5.177066174,3.434655615,       999P   2297
9.203133653,-5.19316775,3.434680748,9.203239509,-5.194956816,        999P   2298
3.434683541,9.203251274,-5.198534948,3.434689129,9.203274809,        999P   2299
-5.199471528,3.434736121,9.203677125,-5.203011271,3.434839025,       999P   2300
9.204544272,-5.205372308,3.434907349,9.205116603,-5.212458993,       999P   2301
3.435111486,9.206816288,-5.217188214,3.435246467,9.207926339,        999P   2302
-5.24085746,3.435915904,9.21336123,-5.259866927,3.436433961,         999P   2303
9.217340021,-5.317091011,3.437938676,9.228168236,-5.355501306,       999P   2304
3.438875974,9.233910178,-5.3941005,3.439754315,9.23816616,           999P   2305
5.444300957,3.5,9.783793098,5.396399084,3.5,9.784454346,             999P   2306
5.348591302,3.5,9.783608558,5.277073117,3.5,9.78011876,              999P   2307
5.253265431,3.5,9.77858506,5.217608536,3.5,9.775732297,              999P   2308
5.205731875,3.5,9.774689317,5.190898087,3.5,9.773270823,             999P   2309
5.187931912,3.5,9.772981383,5.18459565,3.5,9.772649311,              999P   2310
5.184252627,3.5,9.772598916,5.183455945,3.5,9.772551581,             999P   2311
5.183007293,3.5,9.772552177,5.181665213,3.5,9.772552211,             999P   2312
5.180770494,3.5,9.772552233,5.178086335,3.5,9.772552301,             999P   2313
5.176296897,3.5,9.772552345,5.167349706,3.5,9.772552567,             999P   2314
5.160191962,3.5,9.77255274,5.038510021,3.5,9.772555617,              999P   2315
4.923988328,3.5,9.772557301,4.580428053,3.5,9.772559514,             999P   2316
4.351397079,3.5,9.772557198,3.664322815,3.5,9.772540984,             999P   2317
3.206309991,3.5,9.772517802,1.83233286,3.5,9.772430395,              999P   2318
0.916463706,3.5,9.772360519,-0.915337882,3.5,9.772254569,            999P   2319
-1.83127215,3.5,9.772217808,-3.20540561,3.5,9.772132698,             999P   2320
-3.663481249,3.5,9.772096986,-4.350655838,3.5,9.772023873,           999P   2321
-4.579721053,3.5,9.771996267,-4.923333827,3.5,9.771949205,           999P   2322
-5.037873108,3.5,9.771932578,-5.166732754,3.5,9.771912756,           999P   2323
-5.18105047,3.5,9.771910538,-5.197157946,3.5,9.771908025,            999P   2324
-5.198947666,3.5,9.771907746,-5.202527105,3.5,9.771907186,           999P   2325
-5.203889191,3.5,9.772103859,-5.208341608,3.5,9.772519562,           999P   2326
-5.211310464,3.5,9.772790916,-5.220218718,3.5,9.773587621,           999P   2327
-5.226159833,3.5,9.774095618,-5.2558761,3.5,9.776519756,             999P   2328
-5.279684561,3.5,9.77808852,-5.351201038,3.5,9.781677148,            999P   2329
-5.399002192,3.5,9.7825804,-5.446890268,3.5,9.781969662,5.5,         999P   2330
3.5,10.336498292,5.442762218,3.5,10.342266447,5.385509076,3.5,       999P   2331
10.346507075,5.299607148,3.5,10.350640188,5.270969456,3.5,           999P   2332
10.351646347,5.228007405,3.5,10.35260424,5.213685802,3.5,            999P   2333
10.352831633,5.195782655,3.5,10.353001528,5.192201969,3.5,           999P   2334
10.353029789,5.188173632,3.5,10.353055158,5.187726038,3.5,           999P   2335
10.35305787,5.186830849,3.5,10.353063185,5.186383254,3.5,            999P   2336
10.353065745,5.185040468,3.5,10.353073554,5.184145278,3.5,           999P   2337
10.353078758,5.181459707,3.5,10.353094368,5.179669327,3.5,           999P   2338
10.35310477,5.170717424,3.5,10.353156756,5.1635559,3.5,              999P   2339
10.353198271,5.041809994,3.5,10.353902754,4.92722542,3.5,            999P   2340
10.354546727,4.583471093,3.5,10.35641803,4.354300734,3.5,            999P   2341
10.35758473,3.666786962,3.5,10.360815507,3.208440834,3.5,            999P   2342
10.362609635,1.833389761,3.5,10.366713536,0.916687154,3.5,           999P   2343
10.367712923,-0.916721748,3.5,10.365937594,-1.83342339,3.5,          999P   2344
10.363167556,-3.208464601,3.5,10.356734138,-3.666810694,3.5,         999P   2345
10.354216611,-4.354323041,3.5,10.350002758,-4.583492896,3.5,         999P   2346
10.348525257,-4.927246481,3.5,10.346214879,-5.04183081,3.5,          999P   2347
10.345429062,-5.170737973,3.5,10.344528765,-5.185060989,3.5,         999P   2348
10.344428506,-5.201174378,3.5,10.344315464,-5.202964754,3.5,         999P   2349
10.3443029,-5.206545507,3.5,10.344277766,-5.208335878,3.5,           999P   2350
10.344264736,-5.213706919,3.5,10.344220108,-5.21728754,3.5,          999P   2351
10.344184581,-5.228029181,3.5,10.344060663,-5.235189982,3.5,         999P   2352
10.343954932,-5.27099251,3.5,10.34331043,-5.299629817,3.5,           999P   2353
10.342424184,-5.385527452,3.5,10.338642286,-5.442773546,3.5,         999P   2354
10.334624463,-5.5,3.5,10.329069202,-2.64545330086463E-17,            999P   2355
0.0110001872735703,0.,1.;                                            999P   2356
126,1,1,1,0,1,0,0.,0.,1.,1.,1.,1.,0.000313096,0.,0.,                1001P   2357
0.010705963,0.,0.,0.,1.,0.,0.,1.;                                   1001P   2358
126,21,3,1,0,1,0,-5.81524391808605E-08,-5.81524391808605E-08,       1003P   2359
-5.81524391808605E-08,-5.81524391808605E-08,0.,0.,0.,               1003P   2360
0.00243080450619284,0.00243080450619284,0.00243080450619284,        1003P   2361
0.00516212725009127,0.00516212725009127,0.00516212725009127,        1003P   2362
0.00652781242371139,0.00652781242371139,0.00652781242371139,        1003P   2363
0.00859945503978106,0.00859945503978106,0.00859945503978106,        1003P   2364
0.0103780538765581,0.0103780538765581,0.0103780538765581,           1003P   2365
0.0103781138765581,0.0103781138765581,0.0103781138765581,           1003P   2366
0.0103781138765581,1.,1.,1.,1.,1.,1.,1.,1.,1.,1.,1.,1.,1.,1.,       1003P   2367
1.,1.,1.,1.,1.,1.,1.,1.,5.180269982,3.432825728,9.195941698,        1003P   2368
5.180250615,3.432824927,9.195941555,5.180231214,3.432825676,        1003P   2369
9.195941478,5.18021183,3.43282565,9.195941369,4.369957341,          1003P   2370
3.431742889,9.1913593,3.559696869,3.430855003,9.187609473,          1003P   2371
2.749432694,3.43027355,9.185132834,1.838997068,3.429620213,         1003P   2372
9.182350012,0.928554082,3.429364565,9.181226199,0.018114287,        1003P   2373
3.429555043,9.181963721,-0.437114249,3.429650284,9.18233249,        1003P   2374
-0.892342591,3.429855374,9.183160269,-1.347569482,3.43015958,       1003P   2375
9.184405152,-2.038114474,3.430621039,9.186293546,-2.728657022,      1003P   2376
3.431313066,9.189153904,-3.419194984,3.43217054,9.192725112,        1003P   2377
-4.012053279,3.432906721,9.195791157,-4.604908855,3.433762015,      1003P   2378
9.199369818,-5.197761985,3.434687922,9.203269726,-5.197781985,      1003P   2379
3.434687953,9.203269857,-5.197801984,3.434687984,9.203269989,       1003P   2380
-5.197821984,3.434688015,9.20327012,-5.81524391808605E-08,          1003P   2381
0.0103781138765581,0.,0.,0.;                                        1003P   2382
126,1,1,1,0,1,0,0.,0.,1.,1.,1.,1.,0.010705963,0.,0.,                1005P   2383
0.011000187,0.,0.,0.,1.,0.,0.,1.;                                   1005P   2384
126,6,3,1,0,1,0,-5.83221497803214E-08,-5.83221497803214E-08,        1007P   2385
-5.83221497803214E-08,-5.83221497803214E-08,0.,0.,0.,               1007P   2386
0.000199362608985062,0.000199362608985062,0.000199362608985062,     1007P   2387
0.000199362608985062,1.,1.,1.,1.,1.,1.,1.,-5.197821984,             1007P   2388
3.434688015,9.20327012,-5.19784086,3.43468796,9.203274771,          1007P   2389
-5.197859716,3.434689116,9.203279441,-5.197878582,3.434689667,      1007P   2390
9.2032841,-5.262368206,3.436571211,9.219212353,-5.328063497,        1007P   2391
3.438251615,9.230884861,-5.3941005,3.439754315,9.23816616,          1007P   2392
-5.83221497803214E-08,0.000199362608985062,0.,0.,0.;                1007P   2393
126,1,1,1,0,1,0,0.,0.,1.,1.,1.,1.,0.011000187,0.,0.,                1009P   2394
0.011000187,1.,0.,0.,1.,0.,0.,1.;                                   1009P   2395
124,0.0105899500674193,-0.0960387920282265,0.99532125637069,        1011P   2396
-16.3467495578747,0.993975431539229,0.109603108972344,0.,           1011P   2397
-0.320714918025816,-0.109090304124487,0.989324875321224,            1011P   2398
0.0966208912020138,15.1616803469353;                                1011P   2399
100,10.329069202,-5.5,-6.5,4.5,-6.5,4.439754315,-5.40396891;        1013P   2400
126,1,1,1,0,1,0,0.,0.,1.,1.,1.,1.,0.011000187,1.,0.,0.,1.,0.,       1015P   2401
0.,1.,0.,0.,1.;                                                     1015P   2402
126,13,3,1,0,1,0,0.,0.,0.,0.,0.125,0.125,0.25,0.25,0.5,0.5,         1017P   2403
0.75,0.75,0.875,0.875,1.,1.,1.,1.,1.,1.,1.,1.,1.,1.,1.,1.,1.,       1017P   2404
1.,1.,1.,1.,1.,-5.5,3.5,10.329069202,-5.042188039,3.5,              1017P   2405
10.373511335,-4.583493823,3.5,10.348598141,-3.666810694,3.5,        1017P   2406
10.354216611,-3.208464601,3.5,10.356734138,-1.83342339,3.5,         1017P   2407
10.363167556,-0.916721748,3.5,10.365937594,0.916687154,3.5,         1017P   2408
10.367712923,1.833389761,3.5,10.366713536,3.208440834,3.5,          1017P   2409
10.362609635,3.666786962,3.5,10.360815508,4.583471991,3.5,          1017P   2410
10.356507804,5.042097405,3.5,10.382643574,5.5,3.5,10.336498292,     1017P   2411
0.,1.,0.,-1.,0.;                                                    1017P   2412
126,1,1,1,0,1,0,0.,0.,1.,1.,1.,1.,0.,1.,0.,0.,0.,0.,0.,1.,0.,       1019P   2413
0.,1.;                                                              1019P   2414
124,-5.28192788291089E-16,-0.100267466543025,                       1021P   2415
-0.994960519394133,15.1326691774456,1.,-5.26783817824338E-15,       1021P   2416
0.,-12.0000000003868,-5.24129100990928E-15,-0.994960519394133,      1021P   2417
0.100267466543025,2.83284041951147;                                 1021P   2418
100,10.336498292,5.5,-6.5,15.5,-6.5,15.438472781,-5.392408568;      1023P   2419
126,1,1,1,0,1,0,0.,0.,1.,1.,1.,1.,0.,0.,0.,0.000313096,0.,0.,       1025P   2420
0.,1.,0.,0.,1.;                                                     1025P   2421
126,6,3,1,0,1,0,0.,0.,0.,0.,0.000212220270890883,                   1027P   2422
0.000212220270890883,0.000212220270890883,0.00021228027089085,      1027P   2423
0.00021228027089085,0.00021228027089085,0.00021228027089085,1.,     1027P   2424
1.,1.,1.,1.,1.,1.,5.388944614,3.438472781,9.234488546,              1027P   2425
5.318671391,3.436807002,9.22654753,5.248788871,3.434934542,         1027P   2426
9.213643887,5.180328048,3.432827515,9.195956701,5.180308693,        1027P   2427
3.43282692,9.1959517,5.180289337,3.432826324,9.195946699,           1027P   2428
5.180269982,3.432825728,9.195941698,0.,0.00021228027089085,0.,      1027P   2429
0.,0.;                                                              1027P   2430
102,6,1001,1005,1009,1015,1019,1025;                                1029P   2431
102,6,1003,1007,1013,1017,1023,1027;                                1031P   2432
142,1,999,1029,1031,1;                                              1033P   2433
144,999,1,0,1033;                                                   1035P   2434
128,23,2,3,2,0,0,0,0,0,0.,0.,0.,0.,0.000501100158915282,            1037P   2435
0.000501100158915282,0.000751650238372923,0.000751650238372923,     1037P   2436
0.00100220031783056,0.00100220031783056,0.00150330047674585,        1037P   2437
0.00150330047674585,0.00200440063566113,0.00200440063566113,        1037P   2438
0.00225495071511877,0.00225495071511877,0.00250550079457641,        1037P   2439
0.00250550079457641,0.00300660095349169,0.00300660095349169,        1037P   2440
0.00325715103294933,0.00325715103294933,0.00350770111240698,        1037P   2441
0.00350770111240698,0.00400880127132226,0.00400880127132226,        1037P   2442
0.00400880127132226,0.00400880127132226,0.,0.,0.,1.,1.,1.,1.,       1037P   2443
1.,1.,1.,1.,1.,1.,1.,1.,1.,1.,1.,1.,1.,1.,1.,1.,1.,1.,1.,1.,1.,     1037P   2444
1.,1.,0.998460634703061,0.998527954279937,0.998581350362417,        1037P   2445
0.998645718617586,0.998664525811845,0.998697190562528,              1037P   2446
0.998711105021428,0.998744714580026,0.998756329448824,              1037P   2447
0.998762310475985,0.998756681182184,0.998732620270991,              1037P   2448
0.998721952801185,0.998695981627449,0.99868061419651,               1037P   2449
0.998627006393553,0.998581500593071,0.998493226596767,              1037P   2450
0.998460747595258,0.998388627043558,0.998349178688715,              1037P   2451
0.998221011263863,0.998122062185217,0.998006833375789,1.,1.,1.,     1037P   2452
1.,1.,1.,1.,1.,1.,1.,1.,1.,1.,1.,1.,1.,1.,1.,1.,1.,1.,1.,1.,1.,     1037P   2453
5.388944613,3.438472781,-9.234488546,5.502550611,3.441165733,       1037P   2454
-9.247326249,5.615621911,3.443294229,-9.247157928,5.781529914,      1037P   2455
3.445865417,-9.228400879,5.836217986,3.446616697,-9.219049618,      1037P   2456
5.943886145,3.447921563,-9.194121135,5.996681464,3.448477423,       1037P   2457
-9.178646731,6.153723554,3.449820088,-9.12149732,6.253385374,       1037P   2458
3.450284112,-9.070530939,6.437967931,3.450523056,-8.947528636,      1037P   2459
6.523006801,3.450298159,-8.875439885,6.635571395,3.449336935,       1037P   2460
-8.753018072,6.670154828,3.448910777,-8.710226541,6.734464358,      1037P   2461
3.447873271,-8.620448563,6.764066021,3.447259377,-8.573555588,      1037P   2462
6.844918994,3.445117933,-8.427651204,6.888283118,3.443300197,       1037P   2463
-8.323432575,6.935156338,3.439774454,-8.159333213,6.947545612,      1037P   2464
3.438477264,-8.103985337,6.965743889,3.435596986,-7.992575901,      1037P   2465
6.971703241,3.434021615,-7.936337833,6.981186974,3.428903601,       1037P   2466
-7.765657745,6.976046986,3.424953819,-7.649557289,6.95990215,       1037P   2467
3.420352789,-7.532038644,5.444300957,3.5,-9.783793098,              1037P   2468
5.58521141,3.5,-9.781847937,5.724166807,3.5,-9.766975515,           1037P   2469
5.928123741,3.5,-9.725598347,5.995361804,3.5,-9.708612729,          1037P   2470
6.128065027,3.5,-9.668099628,6.193436295,3.5,-9.644616129,          1037P   2471
6.387422909,3.5,-9.563382008,6.510182324,3.5,-9.496634182,          1037P   2472
6.740272606,3.5,-9.34115729,6.847732788,3.5,-9.252368606,           1037P   2473
6.995066534,3.5,-9.102834077,7.041286456,3.5,-9.050763565,          1037P   2474
7.128270506,3.5,-8.942517248,7.169033357,3.5,-8.886337323,          1037P   2475
7.28316738,3.5,-8.712152314,7.34844624,3.5,-8.588536006,            1037P   2476
7.429032711,3.5,-8.393280594,7.45266873,3.5,-8.327318202,           1037P   2477
7.493535694,3.5,-8.194052136,7.510841843,3.5,-8.12664582,           1037P   2478
7.554144491,3.5,-7.922002588,7.571403854,3.5,-7.782511031,          1037P   2479
7.577723023,3.5,-7.640583586,5.5,3.5,-10.336498292,5.668386763,     1037P   2480
3.5,-10.319529061,5.833346837,3.5,-10.289752571,6.075519494,        1037P   2481
3.5,-10.225500772,6.155362745,3.5,-10.200802137,6.313211105,        1037P   2482
3.5,-10.144558268,6.391212119,3.5,-10.112997782,6.622308922,        1037P   2483
3.5,-10.007491361,6.768263306,3.5,-9.924865758,7.044081395,3.5,     1037P   2484
-9.736742519,7.174076119,3.5,-9.631184469,7.356391093,3.5,          1037P   2485
-9.454432477,7.414322175,3.5,-9.393051195,7.524138464,3.5,          1037P   2486
-9.266275464,7.576145672,3.5,-9.200780196,7.723825566,3.5,          1037P   2487
-8.99823449,7.811221632,3.5,-8.855171453,7.925898572,3.5,           1037P   2488
-8.628650552,7.960915596,3.5,-8.552039994,8.024745525,3.5,          1037P   2489
-8.396840768,8.053558014,3.5,-8.318225578,8.131191874,3.5,          1037P   2490
-8.079498195,8.17124925,3.5,-7.916514474,8.200504174,3.5,-7.75,     1037P   2491
0.,0.00400880127132226,0.,1.;                                       1037P   2492
126,1,1,1,0,1,0,0.,0.,1.,1.,1.,1.,0.004008801,0.,0.,                1039P   2493
0.004008801,1.,0.,0.,1.,0.,0.,1.;                                   1039P   2494
124,-0.124060202438138,0.977070281602466,-0.173039680363451,        1041P   2495
14.2277596895495,0.992035278929538,0.125960332482865,0.,            1041P   2496
-13.8164472845695,0.021796135671309,-0.171661467575234,             1041P   2497
-0.984914853690264,-16.6776289577427;                               1041P   2498
100,-7.75,8.200504174,-6.5,18.200504174,-6.5,18.120856963,          1043P   2499
-5.240396675;                                                       1043P   2500
126,1,1,1,0,1,0,0.,0.,1.,1.,1.,1.,0.004008801,1.,0.,0.,1.,0.,       1045P   2501
0.,1.,0.,0.,1.;                                                     1045P   2502
126,5,3,1,0,1,0,0.,0.,0.,0.,0.5,0.5,1.,1.,1.,1.,1.,1.,1.,1.,1.,     1047P   2503
1.,8.200504174,3.5,-7.75,8.083482686,3.5,-8.416068046,              1047P   2504
7.781792705,3.5,-9.042011172,6.809446165,3.5,-9.984688443,          1047P   2505
6.173569926,3.5,-10.268619066,5.5,3.5,-10.336498292,0.,1.,0.,       1047P   2506
-1.,0.;                                                             1047P   2507
126,1,1,1,0,1,0,0.,0.,1.,1.,1.,1.,0.,1.,0.,0.,0.,0.,0.,1.,0.,       1049P   2508
0.,1.;                                                              1049P   2509
124,6.13961159765346E-18,-0.100267466536933,0.994960519394747,      1051P   2510
15.1326691774684,1.,6.12323399573677E-17,0.,-12.0000000003626,      1051P   2511
-6.09237607677383E-17,0.994960519394747,0.100267466536933,          1051P   2512
-2.83284041957123;                                                  1051P   2513
100,-10.336498292,5.5,-6.5,15.5,-6.5,15.438472781,-5.392408568;     1053P   2514
126,1,1,1,0,1,0,0.,0.,1.,1.,1.,1.,0.,0.,0.,0.004008801,0.,0.,       1055P   2515
0.,1.,0.,0.,1.;                                                     1055P   2516
126,5,3,1,0,1,0,0.,0.,0.,0.,0.5,0.5,1.,1.,1.,1.,1.,1.,1.,1.,1.,     1057P   2517
1.,5.388944613,3.438472781,-9.234488546,5.838157699,3.44912107,     1057P   2518
-9.285250529,6.302149849,3.452330323,-9.121444286,6.909592565,      1057P   2519
3.446846997,-8.449043256,7.021333876,3.437859886,-7.979201639,      1057P   2520
6.95990215,3.420352789,-7.532038644,0.,1.,-0.019617242,             1057P   2521
0.999159522,0.035991855;                                            1057P   2522
102,4,1039,1045,1049,1055;                                          1059P   2523
102,4,1043,1047,1053,1057;                                          1061P   2524
142,1,1037,1059,1061,1;                                             1063P   2525
144,1037,1,0,1063;                                                  1065P   2526
128,23,2,3,2,0,0,0,0,0,-4.64038529823796E-17,                       1067P   2527
-4.64038529823796E-17,-4.64038529823796E-17,                        1067P   2528
-4.64038529823796E-17,0.00050069462956168,0.00050069462956168,      1067P   2529
0.000751041944342543,0.000751041944342543,0.00100138925912341,      1067P   2530
0.00100138925912341,0.00150208388868513,0.00150208388868513,        1067P   2531
0.00200277851824686,0.00200277851824686,0.00225312583302772,        1067P   2532
0.00225312583302772,0.00250347314780858,0.00250347314780858,        1067P   2533
0.00300416777737031,0.00300416777737031,0.00325451509215117,        1067P   2534
0.00325451509215117,0.00350486240693204,0.00350486240693204,        1067P   2535
0.00400555703649376,0.00400555703649376,0.00400555703649376,        1067P   2536
0.00400555703649376,0.,0.,0.,1.,1.,1.,1.,1.,1.,1.,1.,1.,1.,1.,      1067P   2537
1.,1.,1.,1.,1.,1.,1.,1.,1.,1.,1.,1.,1.,1.,1.,1.,                    1067P   2538
0.998492721941234,0.998557304245807,0.998608333681065,              1067P   2539
0.998669386045495,0.99868712680981,0.998717699807524,               1067P   2540
0.998730563094787,0.998761198096646,0.998771172970005,              1067P   2541
0.998774038522997,0.998766916543212,0.998740304981331,              1067P   2542
0.998728814989354,0.998701274217456,0.998685146084011,              1067P   2543
0.998629246582509,0.998582188138986,0.998491131323641,              1067P   2544
0.998457668522662,0.998383342380408,0.998342772620721,              1067P   2545
0.998211193145598,0.998109887847803,0.997992155993143,1.,1.,1.,     1067P   2546
1.,1.,1.,1.,1.,1.,1.,1.,1.,1.,1.,1.,1.,1.,1.,1.,1.,1.,1.,1.,1.,     1067P   2547
-5.3941005,3.439754315,9.23816616,-5.507646799,3.442338111,         1067P   2548
9.250685874,-5.62059115,3.444372049,9.250180027,-5.786286342,       1067P   2549
3.446810844,9.230829036,-5.840900807,3.447519541,9.221264008,       1067P   2550
-5.948447117,3.448740873,9.195860414,-6.001222973,3.449254751,      1067P   2551
9.180100338,-6.158326194,3.450478608,9.122066025,-6.257938151,      1067P   2552
3.450877119,9.070623049,-6.442160621,3.450991601,8.946825723,       1067P   2553
-6.526866442,3.450707065,8.874421896,-6.638728353,3.449643934,      1067P   2554
8.751488985,-6.673148892,3.449184914,8.708461135,-6.737202026,      1067P   2555
3.448084699,8.618204004,-6.766694397,3.447440413,8.571072871,       1067P   2556
-6.847222,3.445207415,8.424492884,-6.890378101,3.443327655,         1067P   2557
8.319847378,-6.936733525,3.439690768,8.155333854,-6.948918717,      1067P   2558
3.438354289,8.099900151,-6.966665083,3.435385939,7.98831124,        1067P   2559
-6.972426595,3.433765794,7.931949822,-6.98139416,3.428511569,       1067P   2560
7.760856308,-6.97600812,3.424467702,7.644412793,-6.959708393,       1067P   2561
3.419766868,7.526511877,-5.446890268,3.5,9.781969662,               1067P   2562
-5.587745475,3.5,9.780173268,-5.726617342,3.5,9.765391488,          1067P   2563
-5.930450374,3.5,9.724041261,-5.997647973,3.5,9.707045868,          1067P   2564
-6.130288853,3.5,9.666472196,-6.195652411,3.5,9.64292468,           1067P   2565
-6.389692622,3.5,9.561484915,-6.51242923,3.5,9.494670367,           1067P   2566
-6.742400496,3.5,9.339093285,-6.849734225,3.5,9.250277815,          1067P   2567
-6.996774918,3.5,9.100630362,-7.042906624,3.5,9.048508561,          1067P   2568
-7.129796005,3.5,8.940134852,-7.17053023,3.5,8.883891597,           1067P   2569
-7.284609394,3.5,8.709537222,-7.349907649,3.5,8.585798995,          1067P   2570
-7.430430214,3.5,8.390536708,-7.454027097,3.5,8.32461745,           1067P   2571
-7.494819593,3.5,8.191403343,-7.512110178,3.5,8.124002342,          1067P   2572
-7.555439436,3.5,7.919346596,-7.572811335,3.5,7.779804162,          1067P   2573
-7.579351657,3.5,7.637805854,-5.5,3.5,10.329069202,                 1067P   2574
-5.668332695,3.5,10.312728291,-5.833251918,3.5,10.28348032,         1067P   2575
-6.075389123,3.5,10.2198897,-6.155224904,3.5,10.195389492,          1067P   2576
-6.313070305,3.5,10.139507629,-6.391075351,3.5,10.108108736,        1067P   2577
-6.622217843,3.5,10.003087183,-6.768177075,3.5,9.920810694,         1067P   2578
-7.044119507,3.5,9.73329244,-7.174196229,3.5,9.628000441,           1067P   2579
-7.356632297,3.5,9.451539983,-7.414551042,3.5,9.390294766,          1067P   2580
-7.524436946,3.5,9.263747737,-7.576497556,3.5,9.198366042,          1067P   2581
-7.724397483,3.5,8.996163475,-7.812044139,3.5,8.8532873,            1067P   2582
-7.927119375,3.5,8.627171883,-7.962265302,3.5,8.550735222,          1067P   2583
-8.02640565,3.5,8.395822836,-8.055388821,3.5,8.317343382,           1067P   2584
-8.13360472,3.5,8.079010053,-8.174142766,3.5,7.916271363,           1067P   2585
-8.204006723,3.5,7.750000001,-4.64038529823796E-17,                 1067P   2586
0.00400555703649376,0.,1.;                                          1067P   2587
126,1,1,1,0,1,0,0.,0.,1.,1.,1.,1.,0.,1.,0.,0.,0.,0.,0.,1.,0.,       1069P   2588
0.,1.;                                                              1069P   2589
124,-4.88246184859802E-17,0.0966208912020207,                       1071P   2590
-0.995321256370689,5.40877792749853,1.,5.0532154980743E-16,0.,      1071P   2591
-0.999999999810669,5.02957279825515E-16,-0.995321256370689,         1071P   2592
-0.0966208912020207,4.85748490673472;                               1071P   2593
100,10.329069202,-5.5,-6.5,4.5,-6.5,4.439754315,-5.40396891;        1073P   2594
126,1,1,1,0,1,0,0.,0.,1.,1.,1.,1.,0.,0.,0.,0.004005557,0.,0.,       1075P   2595
0.,1.,0.,0.,1.;                                                     1075P   2596
126,5,3,1,0,1,0,0.,0.,0.,0.,0.5,0.5,1.,1.,1.,1.,1.,1.,1.,1.,1.,     1077P   2597
1.,-5.3941005,3.439754315,9.23816616,-5.843928621,3.449990351,      1077P   2598
9.287764615,-6.30809188,3.452953958,9.121358736,-6.911961866,       1077P   2599
3.446874667,8.444516788,-7.021591586,3.437613954,7.974131975,       1077P   2600
-6.959708393,3.419766868,7.526511877,0.,1.,0.018889952,             1077P   2601
0.999212441,-0.03489509;                                            1077P   2602
126,1,1,1,0,1,0,0.,0.,1.,1.,1.,1.,0.004005557,0.,0.,                1079P   2603
0.004005557,1.,0.,0.,1.,0.,0.,1.;                                   1079P   2604
124,0.124429832978379,-0.976353273115216,0.176780945642276,         1081P   2605
-14.8995321410236,0.991976686847684,0.126420934780169,0.,           1081P   2606
2.45991948429926,-0.0223488123994188,0.175362576756025,             1081P   2607
0.984250220857391,1.07856773009672;                                 1081P   2608
100,7.750000001,-8.204006723,-6.5,1.795993277,-6.5,1.715760145,     1083P   2609
-5.235790652;                                                       1083P   2610
126,1,1,1,0,1,0,0.,0.,1.,1.,1.,1.,0.004005557,1.,0.,0.,1.,0.,       1085P   2611
0.,1.,0.,0.,1.;                                                     1085P   2612
126,5,3,1,0,1,0,0.,0.,0.,0.,0.5,0.5,1.,1.,1.,1.,1.,1.,1.,1.,1.,     1087P   2613
1.,-8.204006723,3.5,7.750000001,-8.084549018,3.5,8.41509585,        1087P   2614
-7.782316458,3.5,9.039798922,-6.80932409,3.5,9.98092135,            1087P   2615
-6.173353657,3.5,10.263703341,-5.5,3.5,10.329069202,0.,1.,0.,       1087P   2616
-1.,0.;                                                             1087P   2617
102,4,1069,1075,1079,1085;                                          1089P   2618
102,4,1073,1077,1083,1087;                                          1091P   2619
142,1,1067,1089,1091,1;                                             1093P   2620
144,1067,1,0,1093;                                                  1095P   2621
128,49,2,3,2,0,0,0,0,0,0.,0.,0.,0.,0.000171878942710531,            1097P   2622
0.000171878942710531,0.000257818414065797,0.000257818414065797,     1097P   2623
0.000279303281904613,0.000279303281904613,0.000290045715824021,     1097P   2624
0.000290045715824021,0.000295416932783726,0.000295416932783726,     1097P   2625
0.00030078814974343,0.00030078814974343,0.000343757885421062,       1097P   2626
0.000343757885421062,0.000687515770842125,0.000687515770842125,     1097P   2627
0.00137503154168425,0.00137503154168425,0.0027500630833685,         1097P   2628
0.0027500630833685,0.005500126166737,0.005500126166737,             1097P   2629
0.0082501892501055,0.0082501892501055,0.00962522079178975,          1097P   2630
0.00962522079178975,0.0103127365626319,0.0103127365626319,          1097P   2631
0.0106564944480529,0.0106564944480529,0.0106779793158918,           1097P   2632
0.0106779793158918,0.0106833505328515,0.0106833505328515,           1097P   2633
0.0106860361413313,0.0106860361413313,0.0106873789455712,           1097P   2634
0.0106873789455712,0.0106887217498112,0.0106887217498112,           1097P   2635
0.0106994641837306,0.0106994641837306,0.0107424339194082,           1097P   2636
0.0107424339194082,0.0108283733907635,0.0108283733907635,           1097P   2637
0.011000252333474,0.011000252333474,0.011000252333474,              1097P   2638
0.011000252333474,0.,0.,0.,1.,1.,1.,1.,1.,1.,1.,1.,1.,1.,1.,1.,     1097P   2639
1.,1.,1.,1.,1.,1.,1.,1.,1.,1.,1.,1.,1.,1.,1.,1.,1.,1.,1.,1.,1.,     1097P   2640
1.,1.,1.,1.,1.,1.,1.,1.,1.,1.,1.,1.,1.,1.,1.,1.,1.,1.,1.,1.,        1097P   2641
0.998492721941343,0.998470725369753,0.998447254944887,              1097P   2642
0.998409574465875,0.998396601523152,0.998379837865017,              1097P   2643
0.998376457748963,0.998371345870738,0.998369634961184,              1097P   2644
0.998367058090899,0.998365892115143,0.998365752192669,              1097P   2645
0.99836568224768,0.998365052889321,0.998364494501623,               1097P   2646
0.998359478534322,0.998355087587081,0.998342142871892,              1097P   2647
0.998333817051641,0.998309959842482,0.998295548896763,              1097P   2648
0.998258519147253,0.99824234415945,0.998232481285981,               1097P   2649
0.99823883730058,0.998263480048312,0.998274137659952,               1097P   2650
0.998293058991179,0.998299854172843,0.998310682434127,              1097P   2651
0.998314397755772,0.998318449245607,0.998318687950767,              1097P   2652
0.99831898680754,0.998319046602663,0.998319136330948,               1097P   2653
0.998319166246311,0.998319211128251,0.998319233882818,              1097P   2654
0.998319541059938,0.998319840882311,0.998321879699271,              1097P   2655
0.998323684717623,0.998332673764116,0.998339749656514,              1097P   2656
0.998360641345046,0.998374121270912,0.998413293291488,              1097P   2657
0.99843771876037,0.998460634703062,1.,1.,1.,1.,1.,1.,1.,1.,1.,      1097P   2658
1.,1.,1.,1.,1.,1.,1.,1.,1.,1.,1.,1.,1.,1.,1.,1.,1.,1.,1.,1.,1.,     1097P   2659
1.,1.,1.,1.,1.,1.,1.,1.,1.,1.,1.,1.,1.,1.,1.,1.,1.,1.,1.,1.,        1097P   2660
-5.3941005,3.439754315,-9.23816616,-5.355494835,3.438875827,        1097P   2661
-9.233909465,-5.31708008,3.437938405,-9.228166527,-5.259852179,     1097P   2662
3.436433565,-9.217337051,-5.240841918,3.435915475,-9.213357877,     1097P   2663
-5.217172261,3.435246013,-9.207922622,-5.212442986,3.435111028,     1097P   2664
-9.206812504,-5.205356266,3.434906885,-9.205112727,                 1097P   2665
-5.202995223,3.43483856,-9.204540368,-5.199455484,3.434735654,      1097P   2666
-9.20367318,-5.198510617,3.434689091,-9.203274649,-5.194932488,     1097P   2667
3.434683503,-9.203251114,-5.193143425,3.43468071,-9.203239349,      1097P   2668
-5.177041864,3.434655577,-9.203133493,-5.162729437,3.434633278,     1097P   2669
-9.203039588,-5.033918222,3.434432967,-9.202196167,                 1097P   2670
-4.919423879,3.434257618,-9.201458721,-4.57595469,3.433740683,      1097P   2671
-9.199287119,-4.346993712,3.433408204,-9.197893669,                 1097P   2672
-3.660167714,3.432455513,-9.193908965,-3.202360199,3.431880056,     1097P   2673
-9.191513362,-1.829161147,3.430401409,-9.185380497,                 1097P   2674
-0.913954925,3.429755553,-9.18274178,0.916251501,3.429361733,       1097P   2675
-9.181213573,1.831335445,3.429615521,-9.182329946,3.20422293,       1097P   2676
3.430599511,-9.186521269,3.661912531,3.431025075,-9.188324076,      1097P   2677
4.348544495,3.431780632,-9.1915208,4.577438197,3.432051976,         1097P   2678
-9.192668318,4.920804104,3.432484373,-9.194497371,5.035263624,      1097P   2679
3.432632735,-9.195125017,5.156881367,3.432794522,-9.195809641,      1097P   2680
5.164035368,3.432804054,-9.195849978,5.172977891,3.432815988,       1097P   2681
-9.195900481,5.174766396,3.432818376,-9.195910585,5.177449156,      1097P   2682
3.432821959,-9.195925748,5.178343409,3.432823154,-9.195930804,      1097P   2683
5.17968479,3.432824946,-9.195938388,5.180126325,3.432825855,        1097P   2684
-9.195943644,5.180820449,3.432838121,-9.196044839,5.181061956,      1097P   2685
3.432850094,-9.196146145,5.183710781,3.43293151,-9.196828496,       1097P   2686
5.186066534,3.433003589,-9.197429293,5.197851433,3.433362549,       1097P   2687
-9.20040458,5.207298987,3.433645114,-9.202692989,5.235697561,       1097P   2688
3.4344794,-9.20928264,5.254704514,3.435017717,-9.213308332,         1097P   2689
5.311924333,3.436582071,-9.224281529,5.350336237,3.437557596,       1097P   2690
-9.230125721,5.388944613,3.438472781,-9.234488546,-5.446890268,     1097P   2691
3.5,-9.781969662,-5.398994165,3.5,-9.782580502,-5.351187424,        1097P   2692
3.5,-9.781676817,-5.279666105,3.5,-9.778087418,-5.255856619,        1097P   2693
3.5,-9.776518376,-5.226139796,3.5,-9.774093931,-5.220198606,        1097P   2694
3.5,-9.773585875,-5.211290293,3.5,-9.772789086,-5.208321426,        1097P   2695
3.5,-9.772517704,-5.203869007,3.5,-9.772101961,-5.202502765,        1097P   2696
3.5,-9.77190719,-5.198923329,3.5,-9.77190775,-5.197133612,3.5,      1097P   2697
-9.771908029,-5.181026152,3.5,-9.771910542,-5.166708451,3.5,        1097P   2698
-9.77191276,-5.037848944,3.5,-9.771932581,-4.923309813,3.5,         1097P   2699
-9.771949208,-4.57969758,3.5,-9.77199627,-4.350632843,3.5,          1097P   2700
-9.772023875,-3.663460097,3.5,-9.772096987,-3.205387038,3.5,        1097P   2701
-9.7721327,-1.831252188,3.5,-9.772217809,-0.915320022,3.5,          1097P   2702
-9.77225457,0.916482422,3.5,-9.77236052,1.832354835,3.5,            1097P   2703
-9.772430397,3.206331478,3.5,-9.772517803,3.664348149,3.5,          1097P   2704
-9.772540985,4.351425471,3.5,-9.772557198,4.580457273,3.5,          1097P   2705
-9.772559515,4.924018532,3.5,-9.772557301,5.03854051,3.5,           1097P   2706
-9.772555616,5.16022271,3.5,-9.772552739,5.167380469,3.5,           1097P   2707
-9.772552566,5.176327679,3.5,-9.772552344,5.178117121,3.5,          1097P   2708
-9.7725523,5.180801285,3.5,-9.772552233,5.181696006,3.5,            1097P   2709
-9.77255221,5.183038089,3.5,-9.772552176,5.183482644,3.5,           1097P   2710
-9.772553564,5.184276965,3.5,-9.772602038,5.184621171,3.5,          1097P   2711
-9.772651855,5.18795744,3.5,-9.77298389,5.190923612,3.5,            1097P   2712
-9.773273296,5.205757331,3.5,-9.774691618,5.217633774,3.5,          1097P   2713
-9.775734446,5.253289527,3.5,-9.778586729,5.277095796,3.5,          1097P   2714
-9.780120081,5.348607731,3.5,-9.783608931,5.39640868,3.5,           1097P   2715
-9.784454213,5.444300957,3.5,-9.783793098,-5.5,3.5,                 1097P   2716
-10.329069202,-5.442763954,3.5,-10.334625394,-5.385511141,3.5,      1097P   2717
-10.338643357,-5.299607631,3.5,-10.342424984,-5.270969066,3.5,      1097P   2718
-10.343311059,-5.235165834,3.5,-10.343955315,-5.228004937,3.5,      1097P   2719
-10.344060995,-5.217263214,3.5,-10.344184836,-5.213682577,3.5,      1097P   2720
-10.344220336,-5.208311528,3.5,-10.344264926,-5.206521158,3.5,      1097P   2721
-10.344277937,-5.202940409,3.5,-10.344303071,-5.201150034,3.5,      1097P   2722
-10.344315635,-5.185036662,3.5,-10.344428677,-5.170713661,3.5,      1097P   2723
-10.344528935,-5.041806637,3.5,-10.345429229,-4.927222458,3.5,      1097P   2724
-10.346215042,-4.583469413,3.5,-10.34852541,-4.354300035,3.5,       1097P   2725
-10.350002904,-3.66678953,3.5,-10.354216731,-3.208446018,3.5,       1097P   2726
-10.356734235,-1.833403412,3.5,-10.363167628,-0.916703873,3.5,      1097P   2727
-10.365937636,0.916705887,3.5,-10.367712917,1.833411755,3.5,        1097P   2728
-10.366713497,3.208462338,3.5,-10.362609557,3.666812314,3.5,        1097P   2729
-10.360815403,4.354329144,3.5,-10.357584589,4.583500331,3.5,        1097P   2730
-10.356417877,4.927255641,3.5,-10.354546558,5.041840499,3.5,        1097P   2731
-10.353902581,5.163586665,3.5,-10.353198092,5.170748203,3.5,        1097P   2732
-10.353156577,5.179700125,3.5,-10.353104591,5.181490509,3.5,        1097P   2733
-10.353094189,5.184176085,3.5,-10.353078579,5.185071278,3.5,        1097P   2734
-10.353073375,5.186414066,3.5,-10.353065566,5.186861662,3.5,        1097P   2735
-10.353063006,5.187756853,3.5,-10.353057685,5.188204448,3.5,        1097P   2736
-10.353054968,5.192232788,3.5,-10.353029562,5.195813466,3.5,        1097P   2737
-10.353001268,5.213716507,3.5,-10.352831211,5.22803783,3.5,         1097P   2738
-10.35260369,5.270998455,3.5,-10.351645444,5.299634412,3.5,         1097P   2739
-10.35063909,5.38552876,3.5,-10.3465057,5.442773684,3.5,            1097P   2740
-10.342265292,5.5,3.5,-10.336498292,0.,0.011000252333474,0.,1.;     1097P   2741
126,1,1,1,0,1,0,0.,0.,1.,1.,1.,1.,0.011000252,0.,0.,                1099P   2742
0.011000252,1.,0.,0.,1.,0.,0.,1.;                                   1099P   2743
124,-0.0111055386863999,0.099650548700051,-0.994960519394747,       1101P   2744
-4.07559867990394,0.993847278103296,0.110759143219287,0.,           1101P   2745
-11.2462255990031,0.110200974665178,-0.98883880402071,              1101P   2746
-0.10026746653694,-18.4064703757282;                                1101P   2747
100,-10.336498292,5.5,-6.5,15.5,-6.5,15.438472781,-5.392408568;     1103P   2748
126,1,1,1,0,1,0,0.,0.,1.,1.,1.,1.,0.011000252,1.,0.,0.,1.,0.,       1105P   2749
0.,1.,0.,0.,1.;                                                     1105P   2750
126,13,3,1,0,1,0,0.,0.,0.,0.,0.125,0.125,0.25,0.25,0.5,0.5,         1107P   2751
0.75,0.75,0.875,0.875,1.,1.,1.,1.,1.,1.,1.,1.,1.,1.,1.,1.,1.,       1107P   2752
1.,1.,1.,1.,1.,5.5,3.5,-10.336498292,5.042189137,3.5,               1107P   2753
-10.382634329,4.58350142,3.5,-10.356507651,3.666812314,3.5,         1107P   2754
-10.360815403,3.208462338,3.5,-10.362609557,1.833411755,3.5,        1107P   2755
-10.366713497,0.916705887,3.5,-10.367712917,-0.916703873,3.5,       1107P   2756
-10.365937636,-1.833403412,3.5,-10.363167629,-3.208446018,3.5,      1107P   2757
-10.356734235,-3.66678953,3.5,-10.354216731,-4.583470203,3.5,       1107P   2758
-10.348598295,-5.042111298,3.5,-10.373518784,-5.5,3.5,              1107P   2759
-10.329069202,0.,1.,0.,-1.,0.;                                      1107P   2760
126,1,1,1,0,1,0,0.,0.,1.,1.,1.,1.,0.,1.,0.,0.,0.,0.,0.,1.,0.,       1109P   2761
0.,1.;                                                              1109P   2762
124,-8.004691536343E-14,0.0966208912904542,0.995321256362105,       1111P   2763
5.4087779276733,1.,-5.22874704318942E-14,8.54990052869154E-14,      1111P   2764
-0.999999999526602,6.03038208575384E-14,0.995321256362105,          1111P   2765
-0.0966208912904542,-4.85748490767342;                              1111P   2766
100,-10.329069202,-5.5,-6.5,4.5,-6.5,4.439754315,-5.40396891;       1113P   2767
126,1,1,1,0,1,0,0.,0.,1.,1.,1.,1.,0.,0.,0.,0.000294197,0.,0.,       1115P   2768
0.,1.,0.,0.,1.;                                                     1115P   2769
126,6,3,1,0,1,0,0.,0.,0.,0.,0.000199360935008844,                   1117P   2770
0.000199360935008844,0.000199360935008844,0.000199420935008809,     1117P   2771
0.000199420935008809,0.000199420935008809,0.000199420935008809,     1117P   2772
1.,1.,1.,1.,1.,1.,1.,-5.3941005,3.439754315,-9.23816616,            1117P   2773
-5.328064052,3.438251627,-9.230884922,-5.26236931,3.43657124,       1117P   2774
-9.21921255,-5.19788021,3.434689714,-9.203284503,-5.197860801,      1117P   2775
3.434689148,-9.203279709,-5.197841392,3.434688582,-9.203274914,     1117P   2776
-5.197821984,3.434688015,-9.20327012,0.,0.000199420935008809,       1117P   2777
0.,0.,0.;                                                           1117P   2778
126,1,1,1,0,1,0,0.,0.,1.,1.,1.,1.,0.000294197,0.,0.,                1119P   2779
0.010687129,0.,0.,0.,1.,0.,0.,1.;                                   1119P   2780
126,21,3,1,0,1,0,-5.8321603482095E-08,-5.8321603482095E-08,         1121P   2781
-5.8321603482095E-08,-5.8321603482095E-08,0.,0.,0.,                 1121P   2782
0.00245056720475836,0.00245056720475836,0.00245056720475836,        1121P   2783
0.00518358556145469,0.00518358556145469,0.00518358556145469,        1121P   2784
0.00654986254187969,0.00654986254187969,0.00654986254187969,        1121P   2785
0.00861992251299778,0.00861992251299778,0.00861992251299778,        1121P   2786
0.0103780553943956,0.0103780553943956,0.0103780553943956,           1121P   2787
0.0103781153943956,0.0103781153943956,0.0103781153943956,           1121P   2788
0.0103781153943956,1.,1.,1.,1.,1.,1.,1.,1.,1.,1.,1.,1.,1.,1.,       1121P   2789
1.,1.,1.,1.,1.,1.,1.,1.,-5.197821984,3.434688015,-9.20327012,       1121P   2790
-5.197802558,3.434687268,-9.203269964,-5.197783104,3.434687955,     1121P   2791
-9.203269864,-5.197763664,3.434687924,-9.203269737,                 1121P   2792
-4.380926598,3.433412203,-9.197896417,-3.564084576,3.432270117,     1121P   2793
-9.193131249,-2.747237473,3.431389985,-9.189480735,                 1121P   2794
-1.836241773,3.43040841,-9.185409469,-0.925237339,3.429762945,      1121P   2795
-9.182771956,-0.014232371,3.429561994,-9.181990693,0.441193327,     1121P   2796
3.429461536,-9.181600127,0.896619675,3.429470961,-9.181668604,      1121P   2797
1.352045244,3.42958779,-9.182184491,2.042064717,3.429764799,        1121P   2798
-9.182966118,2.732083494,3.430191995,-9.184791655,3.42209794,       1121P   2799
3.430824136,-9.187471564,4.008137802,3.431361023,-9.189747651,      1121P   2800
4.594175349,3.432042517,-9.192627276,5.180209983,3.432825648,       1121P   2801
-9.195941358,5.180229983,3.432825675,-9.195941471,5.180249982,      1121P   2802
3.432825701,-9.195941584,5.180269982,3.432825728,-9.195941698,      1121P   2803
-5.8321603482095E-08,0.0103781153943956,0.,0.,0.;                   1121P   2804
126,1,1,1,0,1,0,0.,0.,1.,1.,1.,1.,0.010687129,0.,0.,                1123P   2805
0.011000252,0.,0.,0.,1.,0.,0.,1.;                                   1123P   2806
126,6,3,1,0,1,0,-5.81530073639051E-08,-5.81530073639051E-08,        1125P   2807
-5.81530073639051E-08,-5.81530073639051E-08,0.,0.,0.,               1125P   2808
0.00021222211331185,0.00021222211331185,0.00021222211331185,        1125P   2809
0.00021222211331185,1.,1.,1.,1.,1.,1.,1.,5.180269982,               1125P   2810
3.432825728,-9.195941698,5.180288753,3.432825662,-9.195946535,      1125P   2811
5.180307501,3.432826883,-9.195951392,5.180326261,3.43282746,        1125P   2812
-9.195956239,5.248787656,3.43493451,-9.213643663,5.318670781,       1125P   2813
3.436806988,-9.226547461,5.388944613,3.438472781,-9.234488546,      1125P   2814
-5.81530073639051E-08,0.00021222211331185,0.,0.,0.;                 1125P   2815
102,6,1099,1105,1109,1115,1119,1123;                                1127P   2816
102,6,1103,1107,1113,1117,1121,1125;                                1129P   2817
142,1,1097,1127,1129,1;                                             1131P   2818
144,1097,1,0,1131;                                                  1133P   2819
128,53,2,3,2,0,0,0,0,0,0.,0.,0.,0.,0.00048440685847681,             1135P   2820
0.00048440685847681,0.000605508573096013,0.000605508573096013,      1135P   2821
0.000666059430405614,0.000666059430405614,0.000669843858987464,     1135P   2822
0.000669843858987464,0.000673628287569314,0.000673628287569314,     1135P   2823
0.000677412716151164,0.000677412716151164,0.000681197144733015,     1135P   2824
0.000681197144733015,0.000696334859060415,0.000696334859060415,     1135P   2825
0.000726610287715216,0.000726610287715216,0.000968813716953621,     1135P   2826
0.000968813716953621,0.00193762743390724,0.00193762743390724,       1135P   2827
0.00387525486781448,0.00387525486781448,0.00775050973562896,        1135P   2828
0.00775050973562896,0.0116257646034434,0.0116257646034434,          1135P   2829
0.0135633920373507,0.0135633920373507,0.0145322057543043,           1135P   2830
0.0145322057543043,0.0147744091835427,0.0147744091835427,           1135P   2831
0.0148046846121975,0.0148046846121975,0.0148198223265249,           1135P   2832
0.0148198223265249,0.0148236067551068,0.0148236067551068,           1135P   2833
0.0148273911836886,0.0148273911836886,0.0148311756122705,           1135P   2834
0.0148311756122705,0.0148349600408523,0.0148349600408523,           1135P   2835
0.0148955108981619,0.0148955108981619,0.0150166126127811,           1135P   2836
0.0150166126127811,0.0155010194712579,0.0155010194712579,           1135P   2837
0.0155010194712579,0.0155010194712579,0.,0.,0.,1.,1.,1.,1.,1.,      1135P   2838
1.,1.,1.,1.,1.,1.,1.,1.,1.,1.,1.,1.,1.,1.,1.,1.,1.,1.,1.,1.,1.,     1135P   2839
1.,1.,1.,1.,1.,1.,1.,1.,1.,1.,1.,1.,1.,1.,1.,1.,1.,1.,1.,1.,1.,     1135P   2840
1.,1.,1.,1.,1.,1.,1.,1.,1.,1.,0.997992155993143,                    1135P   2841
0.997878482889348,0.997751398319384,0.997573650189163,              1135P   2842
0.997537157073702,0.997480969938262,0.997461999706839,              1135P   2843
0.9974415851282,0.997440383319634,0.997437977799303,                1135P   2844
0.997436388954521,0.997435578862708,0.997435726572675,              1135P   2845
0.997435469250593,0.997435340594177,0.997434697335359,              1135P   2846
0.997434182802704,0.99743263943254,0.997431610822783,               1135P   2847
0.997422356178434,0.997414150015815,0.997373252510979,              1135P   2848
0.997340953296496,0.997246740823224,0.997187432449041,              1135P   2849
0.997034785628885,0.996970218354607,0.996970230311648,              1135P   2850
0.997034807284577,0.997187463424814,0.997246773137073,              1135P   2851
0.997340988673361,0.997373288885882,0.99741418716761,               1135P   2852
0.997422393469901,0.99743164825479,0.99743267687993,                1135P   2853
0.997434220272827,0.997434734813002,0.99743537808115,               1135P   2854
0.997435506739428,0.997435764065227,0.997435418643016,              1135P   2855
0.997436624166733,0.997438328471421,0.997440733626264,              1135P   2856
0.997441935248611,0.997462346602655,0.997481312912797,              1135P   2857
0.997537485795326,0.997573966091103,0.997751635745446,              1135P   2858
0.997878611820654,0.997992155993,1.,1.,1.,1.,1.,1.,1.,1.,1.,1.,     1135P   2859
1.,1.,1.,1.,1.,1.,1.,1.,1.,1.,1.,1.,1.,1.,1.,1.,1.,1.,1.,1.,1.,     1135P   2860
1.,1.,1.,1.,1.,1.,1.,1.,1.,1.,1.,1.,1.,1.,1.,1.,1.,1.,1.,1.,1.,     1135P   2861
1.,1.,-6.959708393,3.419766868,7.526511877,-6.943971427,            1135P   2862
3.415228335,7.412681603,-6.91834934,3.410156652,7.299576132,        1135P   2863
-6.875441131,3.403063726,7.159489753,-6.866314604,3.401607567,      1135P   2864
7.131536316,-6.851833472,3.399365701,7.089704871,-6.846874535,      1135P   2865
3.39860881,7.075777486,-6.841467834,3.397794315,7.060997207,        1135P   2866
-6.841149286,3.397746366,7.060127843,-6.840511178,3.397650391,      1135P   2867
7.058389245,-6.840082878,3.397586999,7.057660138,-6.839894176,      1135P   2868
3.397554681,7.055339809,-6.839955792,3.397560573,7.053978412,       1135P   2869
-6.839923059,3.397550306,7.051456855,-6.839906694,3.397545173,      1135P   2870
7.050196077,-6.839824869,3.397519509,7.043892196,-6.839759422,      1135P   2871
3.39749898,7.038849112,-6.839563119,3.397437404,7.023719922,        1135P   2872
-6.8394323,3.397396365,7.013633878,-6.838255395,3.397027131,        1135P   2873
6.922860228,-6.837212563,3.396699732,6.842177864,-6.832018662,      1135P   2874
3.395068075,6.438793838,-6.827927419,3.393779523,6.116175701,       1135P   2875
-6.816011692,3.390021163,5.148631414,-6.808534108,3.387655457,      1135P   2876
4.504025262,-6.789265445,3.381567068,2.571790848,-6.781124943,      1135P   2877
3.378992326,1.285579565,-6.781126452,3.378992803,-1.285954479,      1135P   2878
-6.789268184,3.381567932,-2.572143385,-6.808538015,3.387656692,     1135P   2879
-4.504378137,-6.81601577,3.390022452,-5.148976648,-6.827931898,     1135P   2880
3.393780934,-6.116532321,-6.832023274,3.395069526,-6.439155721,     1135P   2881
-6.837217283,3.396701214,-6.842543524,-6.838260136,3.397028619,     1135P   2882
-6.923226583,-6.83943706,3.397397859,-7.014000953,-6.839567881,     1135P   2883
3.397438898,-7.024087076,-6.839764188,3.397500475,-7.039216384,     1135P   2884
-6.839829636,3.397521004,-7.044259507,-6.839911462,3.397546669,     1135P   2885
-7.050563437,-6.839927828,3.397551802,-7.051824224,                 1135P   2886
-6.839960562,3.397562069,-7.054345801,-6.839843168,3.397548291,     1135P   2887
-7.055779199,-6.840143426,3.397596381,-7.057955564,                 1135P   2888
-6.840604242,3.397664382,-7.05864257,-6.841242155,3.397760342,      1135P   2889
-7.060381196,-6.841560604,3.397808284,-7.061250571,-6.84696561,     1135P   2890
3.39862265,-7.076031003,-6.851922699,3.399379385,-7.089957879,      1135P   2891
-6.866397639,3.401620683,-7.131785789,-6.875519168,3.403076331,     1135P   2892
-7.159734198,-6.918399504,3.410166128,-7.299781441,                 1135P   2893
-6.943989304,3.41523349,-7.412810908,-6.959708393,3.419766868,      1135P   2894
-7.526511876,-7.579351657,3.5,7.637805854,-7.585667041,3.5,         1135P   2895
7.500691138,-7.581774735,3.5,7.363769283,-7.565790964,3.5,          1135P   2896
7.193107253,-7.562035775,3.5,7.158993942,-7.55559219,3.5,           1135P   2897
7.107861422,-7.553309103,3.5,7.090822973,-7.550741991,3.5,          1135P   2898
7.072726505,-7.550590462,3.5,7.071662011,-7.550286365,3.5,          1135P   2899
7.069533073,-7.55007853,3.5,7.068539043,-7.550001688,3.5,           1135P   2900
7.066117747,-7.550042427,3.5,7.064805978,-7.550044744,3.5,          1135P   2901
7.062283562,-7.550045901,3.5,7.061022355,-7.550051687,3.5,          1135P   2902
7.05471632,-7.550056308,3.5,7.049671503,-7.550070142,3.5,           1135P   2903
7.034537076,-7.55007933,3.5,7.024447502,-7.55016171,3.5,            1135P   2904
6.933641039,-7.550232707,3.5,6.852927302,-7.550576338,3.5,          1135P   2905
6.449361853,-7.550814654,3.5,6.126560125,-7.551416568,3.5,          1135P   2906
5.158268273,-7.551663215,3.5,4.512968542,-7.552034328,3.5,          1135P   2907
2.577734045,-7.551889832,3.5,1.288720607,-7.551889847,3.5,          1135P   2908
-1.289096422,-7.552034347,3.5,-2.578087295,-7.551663104,3.5,        1135P   2909
-4.513321848,-7.551416408,3.5,-5.158613841,-7.550814405,3.5,        1135P   2910
-6.126916969,-7.550576057,3.5,-6.449723925,-7.550232389,3.5,        1135P   2911
-6.853293109,-7.550161385,3.5,-6.934007532,-7.550078996,3.5,        1135P   2912
-7.024814706,-7.550069807,3.5,-7.034904358,-7.550055971,3.5,        1135P   2913
-7.050038902,-7.550051351,3.5,-7.055083757,-7.550045564,3.5,        1135P   2914
-7.06138984,-7.550044406,3.5,-7.062651056,-7.55004209,3.5,          1135P   2915
-7.065173491,-7.549973051,3.5,-7.066521448,-7.550106491,3.5,        1135P   2916
-7.068870406,-7.550330762,3.5,-7.069843282,-7.550634657,3.5,        1135P   2917
-7.071972233,-7.550786085,3.5,-7.07303673,-7.55335147,3.5,          1135P   2918
-7.091133204,-7.555632806,3.5,-7.108170858,-7.562070873,3.5,        1135P   2919
-7.159298553,-7.565822027,3.5,-7.193405391,-7.581785423,3.5,        1135P   2920
-7.364018207,-7.585659871,3.5,-7.500846807,-7.579351657,3.5,        1135P   2921
-7.637805854,-8.204006723,3.5,7.750000001,-8.232834731,3.5,         1135P   2922
7.589496402,-8.251205585,3.5,7.428597628,-8.262897731,3.5,          1135P   2923
7.227057148,-8.264669829,3.5,7.186727934,-8.266505003,3.5,          1135P   2924
7.126203426,-8.266979541,3.5,7.106023475,-8.267340188,3.5,          1135P   2925
7.084576924,-8.267360875,3.5,7.083315342,-8.267401194,3.5,          1135P   2926
7.08079214,-8.267420698,3.5,7.079530515,-8.267459215,3.5,           1135P   2927
7.077007245,-8.267478435,3.5,7.075745609,-8.267516908,3.5,          1135P   2928
7.073222338,-8.267536143,3.5,7.071960702,-8.267632307,3.5,          1135P   2929
7.065652523,-8.267709208,3.5,7.060605979,-8.267939822,3.5,          1135P   2930
7.045466344,-8.268093445,3.5,7.035373249,-8.269474961,3.5,          1135P   2931
6.944535357,-8.27069521,3.5,6.863790273,-8.276753313,3.5,           1135P   2932
6.460063249,-8.281462311,3.5,6.137076503,-8.294997045,3.5,          1135P   2933
5.16809418,-8.303234425,3.5,4.522079838,-8.323939559,3.5,           1135P   2934
2.584014205,-8.332095813,3.5,1.291900109,-8.332094277,3.5,          1135P   2935
-1.292276866,-8.323936756,3.5,-2.584368191,-8.303230157,3.5,        1135P   2936
-4.522433585,-8.294992503,3.5,-5.168440088,-8.281457179,3.5,        1135P   2937
-6.137433572,-8.276747981,3.5,-6.46042551,-8.270689693,3.5,         1135P   2938
-6.864156227,-8.269469409,3.5,-6.944901988,-8.268087856,3.5,        1135P   2939
-7.035740582,-8.267934229,3.5,-7.045833754,-8.267703608,3.5,        1135P   2940
-7.060973504,-8.267626705,3.5,-7.066020086,-8.267530539,3.5,        1135P   2941
-7.072328311,-8.267511304,3.5,-7.073589956,-8.26747283,3.5,         1135P   2942
-7.076113246,-8.267453645,3.5,-7.077374894,-8.267415055,3.5,        1135P   2943
-7.079898179,-8.267395406,3.5,-7.081159805,-8.267354882,3.5,        1135P   2944
-7.083683004,-8.267334093,3.5,-7.084944581,-8.266971705,3.5,        1135P   2945
-7.106390979,-8.266495532,3.5,-7.126569839,-8.264655584,3.5,        1135P   2946
-7.187088191,-8.262880474,3.5,-7.227409459,-8.251175802,3.5,        1135P   2947
-7.428890461,-8.23280202,3.5,-7.589678524,-8.204006723,3.5,         1135P   2948
-7.75,0.,0.0155010194712579,0.,1.;                                  1135P   2949
126,1,1,1,0,1,0,0.,0.,1.,1.,1.,1.,0.007750321,0.,0.,0.01482753,     1137P   2950
0.,0.,0.,1.,0.,0.,1.;                                               1137P   2951
126,15,3,1,0,1,0,0.00705728762994224,0.00705728762994224,           1139P   2952
0.00705728762994224,0.00705728762994224,0.00996598004357209,        1139P   2953
0.00996598004357209,0.00996598004357209,0.011169353140384,          1139P   2954
0.011169353140384,0.011169353140384,0.0129766714894508,             1139P   2955
0.0129766714894508,0.0129766714894508,0.0141146037836743,           1139P   2956
0.0141146037836743,0.0141146037836743,0.0141146637836743,           1139P   2957
0.0141146637836743,0.0141146637836743,0.0141146637836743,1.,1.,     1139P   2958
1.,1.,1.,1.,1.,1.,1.,1.,1.,1.,1.,1.,1.,1.,-6.781125697,             1139P   2959
3.378992564,0.,-6.781125697,3.378992564,-0.969543554,               1139P   2960
-6.785667924,3.380430333,-1.939092895,-6.793487487,3.382901793,     1139P   2961
-2.908601765,-6.796722628,3.383924295,-3.309710867,                 1139P   2962
-6.800511146,3.385120193,-3.710815245,-6.804676667,3.386436721,     1139P   2963
-4.111914907,-6.810932768,3.388413984,-4.714317216,                 1139P   2964
-6.818031766,3.390659173,-5.316709951,-6.825506181,3.393015738,     1139P   2965
-5.919097011,-6.83021226,3.394499491,-6.298374929,-6.835070104,     1139P   2966
3.39602824,-6.677650791,-6.839994054,3.397572573,-7.056925702,      1139P   2967
-6.839994314,3.397572655,-7.0569457,-6.839994574,3.397572736,       1139P   2968
-7.056965698,-6.839994833,3.397572818,-7.056985696,                 1139P   2969
0.00705728762994224,0.0141146637836743,-0.301517474,                1139P   2970
-0.953460651,0.;                                                    1139P   2971
126,1,1,1,0,1,0,0.,0.,1.,1.,1.,1.,0.01482753,0.,0.,0.015501019,     1141P   2972
0.,0.,0.,1.,0.,0.,1.;                                               1141P   2973
126,6,3,1,0,1,0,-5.65076361641881E-08,-5.65076361641881E-08,        1143P   2974
-5.65076361641881E-08,-5.65076361641881E-08,0.,0.,0.,               1143P   2975
0.000484999197679416,0.000484999197679416,0.000484999197679416,     1143P   2976
0.000484999197679416,1.,1.,1.,1.,1.,1.,1.,-6.839994833,             1143P   2977
3.397572818,-7.056985696,-6.84000129,3.397572608,-7.05700339,       1143P   2978
-6.840007829,3.39757477,-7.057021002,-6.840014326,3.397575745,      1143P   2979
-7.057038655,-6.895780328,3.405951865,-7.208551091,-6.93758594,     1143P   2980
3.413386763,-7.36649339,-6.959708393,3.419766868,-7.526511876,      1143P   2981
-5.65076361641881E-08,0.000484999197679416,0.,0.,0.;                1143P   2982
126,1,1,1,0,1,0,0.,0.,1.,1.,1.,1.,0.015501019,0.,0.,                1145P   2983
0.015501019,1.,0.,0.,1.,0.,0.,1.;                                   1145P   2984
124,0.124429832983989,-0.976353273124055,-0.176780945589508,        1147P   2985
-14.8995321406221,0.991976686847113,0.126420934784651,0.,           1147P   2986
2.45991948435969,0.0223488123935402,-0.17536257670358,              1147P   2987
0.984250220866868,-1.07856772972661;                                1147P   2988
100,-7.75,-8.204006723,-6.5,1.795993277,-6.5,1.715760145,           1149P   2989
-5.235790652;                                                       1149P   2990
126,1,1,1,0,1,0,0.,0.,1.,1.,1.,1.,0.015501019,1.,0.,0.,1.,0.,       1151P   2991
0.,1.,0.,0.,1.;                                                     1151P   2992
126,17,3,1,0,1,0,0.,0.,0.,0.,0.0625,0.0625,0.125,0.125,0.25,        1153P   2993
0.25,0.5,0.5,0.75,0.75,0.875,0.875,0.9375,0.9375,1.,1.,1.,1.,       1153P   2994
1.,1.,1.,1.,1.,1.,1.,1.,1.,1.,1.,1.,1.,1.,1.,1.,1.,1.,              1153P   2995
-8.204006723,3.5,-7.75,-8.261598196,3.5,-7.42935221,                1153P   2996
-8.26705472,3.5,-7.106394657,-8.276747981,3.5,-6.46042551,          1153P   2997
-8.281457179,3.5,-6.137433572,-8.294992503,3.5,-5.168440088,        1153P   2998
-8.303230157,3.5,-4.522433585,-8.323936756,3.5,-2.584368191,        1153P   2999
-8.332094277,3.5,-1.292276866,-8.332095813,3.5,1.291900109,         1153P   3000
-8.323939559,3.5,2.584014205,-8.303234425,3.5,4.522079838,          1153P   3001
-8.294997045,3.5,5.16809418,-8.281462311,3.5,6.137076503,           1153P   3002
-8.276753313,3.5,6.460063249,-8.267060348,3.5,7.106026488,          1153P   3003
-8.261663685,3.5,7.428987592,-8.204006723,3.5,7.750000001,0.,       1153P   3004
1.,0.,-1.,0.;                                                       1153P   3005
126,1,1,1,0,1,0,0.,0.,1.,1.,1.,1.,0.,1.,0.,0.,0.,0.,0.,1.,0.,       1155P   3006
0.,1.;                                                              1155P   3007
124,1.46956421593693E-15,0.984250220857392,-0.176780945642269,      1157P   3008
-0.436327958867395,1.,-1.49307989451785E-15,0.,                     1157P   3009
1.70400672327267,-2.63948075672325E-16,-0.176780945642269,          1157P   3010
-0.984250220857392,14.2288630661446;                                1157P   3011
100,7.750000001,-8.204006723,-6.5,1.795993277,-6.5,1.715760145,     1159P   3012
-5.235790652;                                                       1159P   3013
126,1,1,1,0,1,0,0.,0.,1.,1.,1.,1.,0.,0.,0.,0.000673071,0.,0.,       1161P   3014
0.,1.,0.,0.,1.;                                                     1161P   3015
126,6,3,1,0,1,0,0.,0.,0.,0.,0.000484995724002134,                   1163P   3016
0.000484995724002134,0.000484995724002134,0.000485055724002125,     1163P   3017
0.000485055724002125,0.000485055724002125,0.000485055724002125,     1163P   3018
1.,1.,1.,1.,1.,1.,1.,-6.959708393,3.419766868,7.526511877,          1163P   3019
-6.937586099,3.413386808,7.366494536,-6.895780929,3.405951972,      1163P   3020
7.208553354,-6.840015531,3.397575926,7.057041928,-6.840008632,      1163P   3021
3.39757489,7.057023184,-6.840001732,3.397573854,7.05700444,         1163P   3022
-6.839994833,3.397572818,7.056985696,0.,0.000485055724002125,       1163P   3023
0.,0.,0.;                                                           1163P   3024
126,1,1,1,0,1,0,0.,0.,1.,1.,1.,1.,0.000673071,0.,0.,                1165P   3025
0.007750321,0.,0.,0.,1.,0.,0.,1.;                                   1165P   3026
126,15,3,1,0,1,0,-5.65071969274963E-08,-5.65071969274963E-08,       1167P   3027
-5.65071969274963E-08,-5.65071969274963E-08,0.,0.,0.,               1167P   3028
0.00167724129968826,0.00167724129968826,0.00167724129968826,        1167P   3029
0.00283907481364752,0.00283907481364752,0.00283907481364752,        1167P   3030
0.00515968591244865,0.00515968591244865,0.00515968591244865,        1167P   3031
0.00705728762994224,0.00705728762994224,0.00705728762994224,        1167P   3032
0.00705728762994224,1.,1.,1.,1.,1.,1.,1.,1.,1.,1.,1.,1.,1.,1.,      1167P   3033
1.,1.,-6.839994833,3.397572818,7.056985696,-6.839994285,            1167P   3034
3.397570795,7.056966978,-6.839994344,3.397572664,7.056948028,       1167P   3035
-6.8399941,3.397572588,7.056929194,-6.832736489,3.395296332,        1167P   3036
6.497900504,-6.825617364,3.393052291,5.938869731,-6.818929344,      1167P   3037
3.390940517,5.379833291,-6.814296519,3.38947768,4.992585942,        1167P   3038
-6.809873083,3.388079158,4.605335691,-6.805787976,3.386787966,      1167P   3039
4.218081567,-6.797628528,3.384208984,3.444593827,-6.79086962,       1167P   3040
3.382074435,2.671085837,-6.786557392,3.380710435,1.897563986,       1167P   3041
-6.783031258,3.379595085,1.265050619,-6.781125697,3.378992564,      1167P   3042
0.632524179,-6.781125697,3.378992564,0.,-5.65071969274963E-08,      1167P   3043
0.00705728762994224,0.,0.,0.;                                       1167P   3044
102,7,1137,1141,1145,1151,1155,1161,1165;                           1169P   3045
102,7,1139,1143,1149,1153,1159,1163,1167;                           1171P   3046
142,1,1135,1169,1171,1;                                             1173P   3047
144,1135,1,0,1173;                                                  1175P   3048
128,29,2,3,2,0,0,0,0,0,0.,0.,0.,0.,0.000501084209038566,            1177P   3049
0.000501084209038566,0.000751626313557849,0.000751626313557849,     1177P   3050
0.00100216841807713,0.00100216841807713,0.00112743947033677,        1177P   3051
0.00112743947033677,0.00125271052259642,0.00125271052259642,        1177P   3052
0.0015032526271157,0.0015032526271157,0.00175379473163498,          1177P   3053
0.00175379473163498,0.00200433683615426,0.00200433683615426,        1177P   3054
0.00225487894067355,0.00225487894067355,0.00250542104519283,        1177P   3055
0.00250542104519283,0.0030065052542314,0.0030065052542314,          1177P   3056
0.00325704735875068,0.00325704735875068,0.00350758946326996,        1177P   3057
0.00350758946326996,0.00400867367230853,0.00400867367230853,        1177P   3058
0.00400867367230853,0.00400867367230853,0.,0.,0.,1.,1.,1.,1.,       1177P   3059
1.,1.,1.,1.,1.,1.,1.,1.,1.,1.,1.,1.,1.,1.,1.,1.,1.,1.,1.,1.,1.,     1177P   3060
1.,1.,1.,1.,1.,1.,1.,1.,0.997992155993,0.998109859812239,           1177P   3061
0.998211095160975,0.998342552403319,0.998383076293598,              1177P   3062
0.998457322196072,0.998490745876028,0.998536220279553,              1177P   3063
0.9985506019243,0.998577696647934,0.998590444240791,                1177P   3064
0.998626501197337,0.998647639117178,0.998684884253622,              1177P   3065
0.998700990080646,0.998728492543265,0.998739952486199,              1177P   3066
0.998757739954932,0.998764035913033,0.99877179126958,               1177P   3067
0.998773306716699,0.998771246647643,0.99876132777664,               1177P   3068
0.998731050967754,0.998718139254156,0.998687489440917,              1177P   3069
0.998669697467985,0.998608485764415,0.998557340691919,              1177P   3070
0.998492721941343,1.,1.,1.,1.,1.,1.,1.,1.,1.,1.,1.,1.,1.,1.,1.,     1177P   3071
1.,1.,1.,1.,1.,1.,1.,1.,1.,1.,1.,1.,1.,1.,1.,-6.959708393,          1177P   3072
3.419766868,-7.526511876,-6.976004305,3.424466602,-7.644385197,     1177P   3073
-6.981384029,3.428507657,-7.760749837,-6.972449982,3.433757,        1177P   3074
-7.931653035,-6.966705489,3.435375313,-7.987940448,                 1177P   3075
-6.949024343,3.438340457,-8.099351736,-6.936884565,3.439675374,     1177P   3076
-8.154684393,-6.913801654,3.44149166,-8.236773673,-6.905286102,     1177P   3077
3.442066088,-8.263996648,-6.886816403,3.443148321,-8.317600524,     1177P   3078
-6.876846941,3.443657504,-8.344041569,-6.844827096,3.445097766,     1177P   3079
-8.422203844,-6.820669321,3.445942135,-8.472765996,                 1177P   3080
-6.767127617,3.447429954,-8.570342784,-6.737743742,3.448073348,     1177P   3081
-8.617358198,-6.674015338,3.449172033,-8.707320901,                 1177P   3082
-6.639858188,3.449629852,-8.750117015,-6.565779352,3.450340461,     1177P   3083
-8.831783328,-6.52559465,3.450591988,-8.870842105,-6.441316017,     1177P   3084
3.45090182,-8.943385873,-6.397047245,3.450962364,-8.977088295,      1177P   3085
-6.258866313,3.450880063,-9.070104855,-6.159599816,3.450483789,     1177P   3086
-9.121416794,-6.003428834,3.449274241,-9.179372445,-5.95013279,     1177P   3087
3.448758429,-9.195402625,-5.842040201,3.447534027,-9.221052948,     1177P   3088
-5.787187152,3.446823284,-9.23069653,-5.620893722,3.444378124,      1177P   3089
-9.25019878,-5.507707785,3.442339498,-9.250692599,-5.3941005,       1177P   3090
3.439754315,-9.23816616,-7.579351657,3.5,-7.637805854,              1177P   3091
-7.572812872,3.5,-7.779770808,-7.555449812,3.5,-7.919218918,        1177P   3092
-7.512193598,3.5,-8.123647533,-7.494936763,3.5,-8.190959291,        1177P   3093
-7.454245796,3.5,-8.323964162,-7.430715174,3.5,-8.389764717,        1177P   3094
-7.390583091,3.5,-8.48720319,-7.376387797,3.5,-8.519485589,         1177P   3095
-7.346643729,3.5,-8.583028655,-7.331067189,3.5,-8.614360889,        1177P   3096
-7.282275644,3.5,-8.707002124,-7.247001657,3.5,-8.766961086,        1177P   3097
-7.171134606,3.5,-8.883021569,-7.130541617,3.5,-8.939124418,        1177P   3098
-7.04407144,3.5,-9.047134433,-6.998285274,3.5,-9.098964458,         1177P   3099
-6.900859493,3.5,-9.198370263,-6.849025439,3.5,-9.246082217,        1177P   3100
-6.741757775,3.5,-9.335331092,-6.686089517,3.5,-9.377131914,        1177P   3101
-6.513577097,3.5,-9.494004371,-6.391261891,3.5,-9.560639401,        1177P   3102
-6.198378816,3.5,-9.641871309,-6.132370714,3.5,-9.665771748,        1177P   3103
-5.999050432,3.5,-9.706678854,-5.931558603,3.5,-9.723787624,        1177P   3104
-5.726989294,3.5,-9.765373129,-5.587821852,3.5,-9.780172294,        1177P   3105
-5.446890268,3.5,-9.781969662,-8.204006723,3.5,-7.75,               1177P   3106
-8.174149801,3.5,-7.916232191,-8.133636008,3.5,-8.078861013,        1177P   3107
-8.055533165,3.5,-8.316930319,-8.026600661,3.5,-8.395305248,        1177P   3108
-7.962598493,3.5,-8.549976706,-7.927539848,3.5,-8.626276967,        1177P   3109
-7.870169757,3.5,-8.739107854,-7.850233957,3.5,-8.776464438,        1177P   3110
-7.809099484,3.5,-8.849975553,-7.787860463,3.5,-8.886212864,        1177P   3111
-7.722136482,3.5,-8.993376559,-7.67564892,3.5,-9.062758039,         1177P   3112
-7.577274426,3.5,-9.197355659,-7.52538798,3.5,-9.262572174,         1177P   3113
-7.416016246,3.5,-9.388685983,-7.358525613,3.5,-9.449579153,        1177P   3114
-7.237610642,3.5,-9.566787941,-7.174061573,3.5,-9.623186,           1177P   3115
-7.043681328,3.5,-9.729210663,-6.97655628,3.5,-9.779146844,         1177P   3116
-6.769545639,3.5,-9.919996054,-6.624083979,3.5,-10.002044233,       1177P   3117
-6.394324539,3.5,-10.106727329,-6.315550093,3.5,-10.138562427,      1177P   3118
-6.156891608,3.5,-10.19486498,-6.076705721,3.5,-10.219513654,       1177P   3119
-5.83369367,3.5,-10.28342429,-5.668424631,3.5,-10.312719366,        1177P   3120
-5.5,3.5,-10.329069202,0.,0.00400867367230853,0.,1.;                1177P   3121
126,1,1,1,0,1,0,0.,0.,1.,1.,1.,1.,0.004008674,0.,0.,                1179P   3122
0.004008674,1.,0.,0.,1.,0.,0.,1.;                                   1179P   3123
124,0.0105899500766461,-0.0960387921161786,-0.995321256362105,      1181P   3124
-16.3467495585601,0.993975431539664,0.109603108968399,              1181P   3125
-8.54990052869155E-14,-0.320714917768134,0.109090304119628,         1181P   3126
-0.989324875313123,0.0966208912904472,-15.1616803459401;            1181P   3127
100,-10.329069202,-5.5,-6.5,4.5,-6.5,4.439754315,-5.40396891;       1183P   3128
126,1,1,1,0,1,0,0.,0.,1.,1.,1.,1.,0.004008674,1.,0.,0.,1.,0.,       1185P   3129
0.,1.,0.,0.,1.;                                                     1185P   3130
126,5,3,1,0,1,0,0.,0.,0.,0.,0.5,0.5,1.,1.,1.,1.,1.,1.,1.,1.,1.,     1187P   3131
1.,-5.5,3.5,-10.329069202,-6.173718984,3.5,-10.263667877,           1187P   3132
-6.814408247,3.5,-9.977018703,-7.781728008,3.5,-9.039348391,        1187P   3133
-8.084577109,3.5,-8.414939446,-8.204006723,3.5,-7.75,0.,1.,0.,      1187P   3134
-1.,0.;                                                             1187P   3135
126,1,1,1,0,1,0,0.,0.,1.,1.,1.,1.,0.,1.,0.,0.,0.,0.,0.,1.,0.,       1189P   3136
0.,1.;                                                              1189P   3137
124,-6.02679441272344E-17,0.98425022086687,0.176780945589501,       1191P   3138
-0.43632795928676,1.,6.12323399573677E-17,0.,1.70400672330895,      1191P   3139
-1.08247109583213E-17,0.176780945589501,-0.98425022086687,          1191P   3140
-14.2288630661599;                                                  1191P   3141
100,-7.75,-8.204006723,-6.5,1.795993277,-6.5,1.715760145,           1193P   3142
-5.235790652;                                                       1193P   3143
126,1,1,1,0,1,0,0.,0.,1.,1.,1.,1.,0.,0.,0.,0.004008674,0.,0.,       1195P   3144
0.,1.,0.,0.,1.;                                                     1195P   3145
126,5,3,1,0,1,0,0.,0.,0.,0.,0.5,0.5,1.,1.,1.,1.,1.,1.,1.,1.,1.,     1197P   3146
1.,-6.959708393,3.419766868,-7.526511876,-7.021463222,              1197P   3147
3.437576934,-7.973203476,-6.90976151,3.44687558,-8.446162342,       1197P   3148
-6.312400425,3.452931747,-9.117347349,-5.844625871,3.450006217,     1197P   3149
-9.287841494,-5.3941005,3.439754315,-9.23816616,0.,1.,              1197P   3150
0.053870594,0.998023938,0.032344692;                                1197P   3151
102,4,1179,1185,1189,1195;                                          1199P   3152
102,4,1183,1187,1193,1197;                                          1201P   3153
142,1,1177,1199,1201,1;                                             1203P   3154
144,1177,1,0,1203;                                                  1205P   3155
128,1,1,1,1,0,0,1,0,0,0.,0.,1.,1.,0.,0.,1.,1.,1.,1.,1.,1.,6.25,     1207P   3156
0.2,-9.25,-6.25,0.2,-9.25,6.25,1.5,-9.25,-6.25,1.5,-9.25,0.,1.,     1207P   3157
0.,1.;                                                              1207P   3158
126,1,1,1,0,1,0,0.,0.,1.,1.,1.,1.,1.,1.,0.,0.,1.,0.,0.,1.,0.,       1209P   3159
0.,1.;                                                              1209P   3160
110,-6.25,1.5,-9.25,6.25,1.5,-9.25;                                 1211P   3161
126,1,1,1,0,1,0,0.,0.,1.,1.,1.,1.,0.,1.,0.,0.,0.,0.,0.,1.,0.,       1213P   3162
0.,1.;                                                              1213P   3163
110,6.25,1.5,-9.25,6.25,0.2,-9.25;                                  1215P   3164
126,1,1,1,0,1,0,0.,0.,1.,1.,1.,1.,0.,0.,0.,1.,0.,0.,0.,1.,0.,       1217P   3165
0.,1.;                                                              1217P   3166
110,6.25,0.2,-9.25,-6.25,0.2,-9.25;                                 1219P   3167
126,1,1,1,0,1,0,0.,0.,1.,1.,1.,1.,1.,0.,0.,1.,1.,0.,0.,1.,0.,       1221P   3168
0.,1.;                                                              1221P   3169
110,-6.25,0.2,-9.25,-6.25,1.5,-9.25;                                1223P   3170
102,4,1209,1213,1217,1221;                                          1225P   3171
102,4,1211,1215,1219,1223;                                          1227P   3172
142,1,1207,1225,1227,1;                                             1229P   3173
144,1207,1,0,1229;                                                  1231P   3174
110,6.25,26.700215516,-8.5,6.25,-973.299784484,-8.5;                1233P   3175
110,6.25,1.5,-9.25,6.25,0.2,-9.25;                                  1235P   3176
120,1233,1235,0.,6.28318530717959;                                  1237P   3177
126,1,1,1,0,1,0,0.,0.,1.,1.,1.,1.,0.,0.,0.,0.,1.570796327,0.,       1239P   3178
0.,1.,0.,0.,1.;                                                     1239P   3179
124,1.40271576953299E-14,1.,0.,4.74999999999991,                    1241P   3180
-6.12323399573677E-17,8.58915688636046E-31,-1.,-7.,-1.,             1241P   3181
1.40271576953299E-14,6.12323399573677E-17,-2.25000000000002;        1241P   3182
100,-8.5,6.25,1.5,7.,1.5,6.25,2.25;                                 1243P   3183
126,1,1,1,0,1,0,0.,0.,1.,1.,1.,1.,0.,1.570796327,0.,1.,             1245P   3184
1.570796327,0.,0.,1.,0.,0.,1.;                                      1245P   3185
110,7.,1.5,-8.5,7.,0.2,-8.5;                                        1247P   3186
126,1,1,1,0,1,0,0.,0.,1.,1.,1.,1.,1.,1.570796327,0.,1.,0.,0.,       1249P   3187
0.,1.,0.,0.,1.;                                                     1249P   3188
124,1.,-1.39659253553725E-14,0.,2.91137765482047E-15,               1251P   3189
8.55166289179392E-31,6.12323399573677E-17,1.,8.7,                   1251P   3190
-1.39659253553725E-14,-1.,6.12323399573677E-17,                     1251P   3191
-8.29999999999991;                                                  1251P   3192
100,-8.5,6.25,0.2,7.,0.2,6.25,0.95;                                 1253P   3193
126,1,1,1,0,1,0,0.,0.,1.,1.,1.,1.,1.,0.,0.,0.,0.,0.,0.,1.,0.,       1255P   3194
0.,1.;                                                              1255P   3195
110,6.25,0.2,-9.25,6.25,1.5,-9.25;                                  1257P   3196
102,4,1239,1245,1249,1255;                                          1259P   3197
102,4,1243,1247,1253,1257;                                          1261P   3198
142,1,1237,1259,1261,1;                                             1263P   3199
144,1237,1,0,1263;                                                  1265P   3200
128,1,1,1,1,0,0,1,0,0,0.,0.,1.,1.,0.,0.,1.,1.,1.,1.,1.,1.,7.,       1267P   3201
0.2,8.5,7.,0.2,-8.5,7.,1.5,8.5,7.,1.5,-8.5,0.,1.,0.,1.;             1267P   3202
126,1,1,1,0,1,0,0.,0.,1.,1.,1.,1.,1.,1.,0.,0.,1.,0.,0.,1.,0.,       1269P   3203
0.,1.;                                                              1269P   3204
110,7.,1.5,-8.5,7.,1.5,8.5;                                         1271P   3205
126,1,1,1,0,1,0,0.,0.,1.,1.,1.,1.,0.,1.,0.,0.,0.,0.,0.,1.,0.,       1273P   3206
0.,1.;                                                              1273P   3207
110,7.,1.5,8.5,7.,0.2,8.5;                                          1275P   3208
126,1,1,1,0,1,0,0.,0.,1.,1.,1.,1.,0.,0.,0.,1.,0.,0.,0.,1.,0.,       1277P   3209
0.,1.;                                                              1277P   3210
110,7.,0.2,8.5,7.,0.2,-8.5;                                         1279P   3211
126,1,1,1,0,1,0,0.,0.,1.,1.,1.,1.,1.,0.,0.,1.,1.,0.,0.,1.,0.,       1281P   3212
0.,1.;                                                              1281P   3213
110,7.,0.2,-8.5,7.,1.5,-8.5;                                        1283P   3214
102,4,1269,1273,1277,1281;                                          1285P   3215
102,4,1271,1275,1279,1283;                                          1287P   3216
142,1,1267,1285,1287,1;                                             1289P   3217
144,1267,1,0,1289;                                                  1291P   3218
110,6.25,26.700215516,8.5,6.25,-973.299784484,8.5;                  1293P   3219
110,6.25,1.5,7.75,6.25,0.2,7.75;                                    1295P   3220
120,1293,1295,0.,6.28318530717959;                                  1297P   3221
126,1,1,1,0,1,0,0.,0.,1.,1.,1.,1.,0.,1.570796327,0.,0.,             1299P   3222
3.141592654,0.,0.,1.,0.,0.,1.;                                      1299P   3223
124,1.,0.,0.,0.,0.,6.12323399573677E-17,-1.,10.,0.,1.,              1301P   3224
6.12323399573677E-17,6.99999999999999;                              1301P   3225
100,8.5,6.25,1.5,7.,1.5,6.25,2.25;                                  1303P   3226
126,1,1,1,0,1,0,0.,0.,1.,1.,1.,1.,0.,3.141592654,0.,1.,             1305P   3227
3.141592654,0.,0.,1.,0.,0.,1.;                                      1305P   3228
110,6.25,1.5,9.25,6.25,0.2,9.25;                                    1307P   3229
126,1,1,1,0,1,0,0.,0.,1.,1.,1.,1.,1.,3.141592654,0.,1.,             1309P   3230
1.570796327,0.,0.,1.,0.,0.,1.;                                      1309P   3231
124,1.40271576953299E-14,1.,0.,6.04999999999992,                    1311P   3232
-6.12323399573677E-17,8.58915688636046E-31,1.,-8.3,1.,              1311P   3233
-1.40271576953299E-14,6.12323399573677E-17,2.25;                    1311P   3234
100,8.5,6.25,0.2,7.,0.2,6.25,0.95;                                  1313P   3235
126,1,1,1,0,1,0,0.,0.,1.,1.,1.,1.,1.,1.570796327,0.,0.,             1315P   3236
1.570796327,0.,0.,1.,0.,0.,1.;                                      1315P   3237
110,7.,0.2,8.5,7.,1.5,8.5;                                          1317P   3238
102,4,1299,1305,1309,1315;                                          1319P   3239
102,4,1303,1307,1313,1317;                                          1321P   3240
142,1,1297,1319,1321,1;                                             1323P   3241
144,1297,1,0,1323;                                                  1325P   3242
128,1,1,1,1,0,0,1,0,0,0.,0.,1.,1.,0.,0.,1.,1.,1.,1.,1.,1.,          1327P   3243
-6.25,0.2,9.25,6.25,0.2,9.25,-6.25,1.5,9.25,6.25,1.5,9.25,0.,       1327P   3244
1.,0.,1.;                                                           1327P   3245
126,1,1,1,0,1,0,0.,0.,1.,1.,1.,1.,1.,1.,0.,0.,1.,0.,0.,1.,0.,       1329P   3246
0.,1.;                                                              1329P   3247
110,6.25,1.5,9.25,-6.25,1.5,9.25;                                   1331P   3248
126,1,1,1,0,1,0,0.,0.,1.,1.,1.,1.,0.,1.,0.,0.,0.,0.,0.,1.,0.,       1333P   3249
0.,1.;                                                              1333P   3250
110,-6.25,1.5,9.25,-6.25,0.2,9.25;                                  1335P   3251
126,1,1,1,0,1,0,0.,0.,1.,1.,1.,1.,0.,0.,0.,1.,0.,0.,0.,1.,0.,       1337P   3252
0.,1.;                                                              1337P   3253
110,-6.25,0.2,9.25,6.25,0.2,9.25;                                   1339P   3254
126,1,1,1,0,1,0,0.,0.,1.,1.,1.,1.,1.,0.,0.,1.,1.,0.,0.,1.,0.,       1341P   3255
0.,1.;                                                              1341P   3256
110,6.25,0.2,9.25,6.25,1.5,9.25;                                    1343P   3257
102,4,1329,1333,1337,1341;                                          1345P   3258
102,4,1331,1335,1339,1343;                                          1347P   3259
142,1,1327,1345,1347,1;                                             1349P   3260
144,1327,1,0,1349;                                                  1351P   3261
110,-6.25,26.700215516,8.5,-6.25,-973.299784484,8.5;                1353P   3262
110,-6.25,1.5,7.75,-6.25,0.2,7.75;                                  1355P   3263
120,1353,1355,0.,6.28318530717959;                                  1357P   3264
126,1,1,1,0,1,0,0.,0.,1.,1.,1.,1.,0.,3.141592654,0.,0.,             1359P   3265
4.71238898,0.,0.,1.,0.,0.,1.;                                       1359P   3266
124,-1.04899068466779E-15,-1.,0.,-4.75000000000001,                 1361P   3267
6.12323399573677E-17,-6.42321542156899E-32,-1.,10.,1.,              1361P   3268
-1.04899068466779E-15,6.12323399573677E-17,14.75;                   1361P   3269
100,8.5,-6.25,1.5,-5.5,1.5,-6.25,2.25;                              1363P   3270
126,1,1,1,0,1,0,0.,0.,1.,1.,1.,1.,0.,4.71238898,0.,1.,              1365P   3271
4.71238898,0.,0.,1.,0.,0.,1.;                                       1365P   3272
110,-7.,1.5,8.5,-7.,0.2,8.5;                                        1367P   3273
126,1,1,1,0,1,0,0.,0.,1.,1.,1.,1.,1.,4.71238898,0.,1.,              1369P   3274
3.141592654,0.,0.,1.,0.,0.,1.;                                      1369P   3275
124,-1.,6.98296267768627E-15,0.,-12.5,-4.27583144589696E-31,        1371P   3276
-6.12323399573677E-17,1.,-8.3,6.98296267768627E-15,1.,              1371P   3277
6.12323399573677E-17,8.30000000000004;                              1371P   3278
100,8.5,-6.25,0.2,-5.5,0.2,-6.25,0.95;                              1373P   3279
126,1,1,1,0,1,0,0.,0.,1.,1.,1.,1.,1.,3.141592654,0.,0.,             1375P   3280
3.141592654,0.,0.,1.,0.,0.,1.;                                      1375P   3281
110,-6.25,0.2,9.25,-6.25,1.5,9.25;                                  1377P   3282
102,4,1359,1365,1369,1375;                                          1379P   3283
102,4,1363,1367,1373,1377;                                          1381P   3284
142,1,1357,1379,1381,1;                                             1383P   3285
144,1357,1,0,1383;                                                  1385P   3286
128,1,1,1,1,0,0,1,0,0,0.,0.,1.,1.,0.,0.,1.,1.,1.,1.,1.,1.,-7.,      1387P   3287
0.2,-8.5,-7.,0.2,8.5,-7.,1.5,-8.5,-7.,1.5,8.5,0.,1.,0.,1.;          1387P   3288
126,1,1,1,0,1,0,0.,0.,1.,1.,1.,1.,1.,1.,0.,0.,1.,0.,0.,1.,0.,       1389P   3289
0.,1.;                                                              1389P   3290
110,-7.,1.5,8.5,-7.,1.5,-8.5;                                       1391P   3291
126,1,1,1,0,1,0,0.,0.,1.,1.,1.,1.,0.,1.,0.,0.,0.,0.,0.,1.,0.,       1393P   3292
0.,1.;                                                              1393P   3293
110,-7.,1.5,-8.5,-7.,0.2,-8.5;                                      1395P   3294
126,1,1,1,0,1,0,0.,0.,1.,1.,1.,1.,0.,0.,0.,1.,0.,0.,0.,1.,0.,       1397P   3295
0.,1.;                                                              1397P   3296
110,-7.,0.2,-8.5,-7.,0.2,8.5;                                       1399P   3297
126,1,1,1,0,1,0,0.,0.,1.,1.,1.,1.,1.,0.,0.,1.,1.,0.,0.,1.,0.,       1401P   3298
0.,1.;                                                              1401P   3299
110,-7.,0.2,8.5,-7.,1.5,8.5;                                        1403P   3300
102,4,1389,1393,1397,1401;                                          1405P   3301
102,4,1391,1395,1399,1403;                                          1407P   3302
142,1,1387,1405,1407,1;                                             1409P   3303
144,1387,1,0,1409;                                                  1411P   3304
110,-6.25,26.700215516,-8.5,-6.25,-973.299784484,-8.5;              1413P   3305
110,-6.25,1.5,-9.25,-6.25,0.2,-9.25;                                1415P   3306
120,1413,1415,0.,6.28318530717959;                                  1417P   3307
126,1,1,1,0,1,0,0.,0.,1.,1.,1.,1.,0.,4.71238898,0.,0.,              1419P   3308
6.283185307,0.,0.,1.,0.,0.,1.;                                      1419P   3309
124,-1.,-1.22464679914735E-16,0.,-12.5,7.49879891330929E-33,        1421P   3310
-6.12323399573677E-17,-1.,-7.,1.22464679914735E-16,-1.,             1421P   3311
6.12323399573677E-17,-7.;                                           1421P   3312
100,-8.5,-6.25,1.5,-5.5,1.5,-6.25,2.25;                             1423P   3313
126,1,1,1,0,1,0,0.,0.,1.,1.,1.,1.,0.,6.283185307,0.,1.,             1425P   3314
6.283185307,0.,0.,1.,0.,0.,1.;                                      1425P   3315
110,-6.25,1.5,-9.25,-6.25,0.2,-9.25;                                1427P   3316
126,1,1,1,0,1,0,0.,0.,1.,1.,1.,1.,1.,6.283185307,0.,1.,             1429P   3317
4.71238898,0.,0.,1.,0.,0.,1.;                                       1429P   3318
124,6.12323399573677E-17,-1.,0.,-6.05000000000001,                  1431P   3319
6.12323399573677E-17,3.74939945665464E-33,1.,8.7,-1.,               1431P   3320
-6.12323399573677E-17,6.12323399573677E-17,-14.75;                  1431P   3321
100,-8.5,-6.25,0.2,-5.5,0.2,-6.25,0.95;                             1433P   3322
126,1,1,1,0,1,0,0.,0.,1.,1.,1.,1.,1.,4.71238898,0.,0.,              1435P   3323
4.71238898,0.,0.,1.,0.,0.,1.;                                       1435P   3324
110,-7.,0.2,-8.5,-7.,1.5,-8.5;                                      1437P   3325
102,4,1419,1425,1429,1435;                                          1439P   3326
102,4,1423,1427,1433,1437;                                          1441P   3327
142,1,1417,1439,1441,1;                                             1443P   3328
144,1417,1,0,1443;                                                  1445P   3329
128,1,1,1,1,0,0,1,0,0,0.,0.,1.,1.,0.,0.,1.,1.,1.,1.,1.,1.,6.25,     1447P   3330
0.2,9.25,-6.25,0.2,9.25,6.25,0.,9.45,-6.25,0.,9.45,0.,1.,0.,1.;     1447P   3331
126,1,1,1,0,1,0,0.,0.,1.,1.,1.,1.,0.,0.,0.,1.,0.,0.,0.,1.,0.,       1449P   3332
0.,1.;                                                              1449P   3333
110,6.25,0.2,9.25,-6.25,0.2,9.25;                                   1451P   3334
126,1,1,1,0,1,0,0.,0.,1.,1.,1.,1.,1.,0.,0.,1.,1.,0.,0.,1.,0.,       1453P   3335
0.,1.;                                                              1453P   3336
110,-6.25,0.2,9.25,-6.25,0.,9.45;                                   1455P   3337
126,1,1,1,0,1,0,0.,0.,1.,1.,1.,1.,1.,1.,0.,0.,1.,0.,0.,1.,0.,       1457P   3338
0.,1.;                                                              1457P   3339
110,-6.25,0.,9.45,6.25,0.,9.45;                                     1459P   3340
126,1,1,1,0,1,0,0.,0.,1.,1.,1.,1.,0.,1.,0.,0.,0.,0.,0.,1.,0.,       1461P   3341
0.,1.;                                                              1461P   3342
110,6.25,0.,9.45,6.25,0.2,9.25;                                     1463P   3343
102,4,1449,1453,1457,1461;                                          1465P   3344
102,4,1451,1455,1459,1463;                                          1467P   3345
142,1,1447,1465,1467,1;                                             1469P   3346
144,1447,1,0,1469;                                                  1471P   3347
110,-6.25,1000.2,8.5,-6.25,0.2,8.5;                                 1473P   3348
110,-6.25,0.2,7.75,-6.25,0.,7.55;                                   1475P   3349
120,1473,1475,0.,6.28318530717959;                                  1477P   3350
126,1,1,1,0,1,0,0.,0.,1.,1.,1.,1.,0.,3.141592654,0.,0.,             1479P   3351
4.71238898,0.,0.,1.,0.,0.,1.;                                       1479P   3352
124,6.12323399573677E-17,-1.,0.,-6.05,6.12323399573677E-17,         1481P   3353
3.74939945665464E-33,-1.,8.7,1.,6.12323399573677E-17,               1481P   3354
6.12323399573677E-17,14.75;                                         1481P   3355
100,8.5,-6.25,0.2,-5.5,0.2,-6.25,0.95;                              1483P   3356
126,1,1,1,0,1,0,0.,0.,1.,1.,1.,1.,0.,4.71238898,0.,1.,              1485P   3357
4.71238898,0.,0.,1.,0.,0.,1.;                                       1485P   3358
110,-7.,0.2,8.5,-7.2,0.,8.5;                                        1487P   3359
126,1,1,1,0,1,0,0.,0.,1.,1.,1.,1.,1.,4.71238898,0.,1.,              1489P   3360
3.141592654,0.,0.,1.,0.,0.,1.;                                      1489P   3361
124,-1.,6.98296267768627E-15,0.,-12.5,-4.27583144589696E-31,        1491P   3362
-6.12323399573677E-17,1.,-8.5,6.98296267768627E-15,1.,              1491P   3363
6.12323399573677E-17,8.50000000000004;                              1491P   3364
100,8.5,-6.25,0.,-5.3,0.,-6.25,0.95;                                1493P   3365
126,1,1,1,0,1,0,0.,0.,1.,1.,1.,1.,1.,3.141592654,0.,0.,             1495P   3366
3.141592654,0.,0.,1.,0.,0.,1.;                                      1495P   3367
110,-6.25,0.,9.45,-6.25,0.2,9.25;                                   1497P   3368
102,4,1479,1485,1489,1495;                                          1499P   3369
102,4,1483,1487,1493,1497;                                          1501P   3370
142,1,1477,1499,1501,1;                                             1503P   3371
144,1477,1,0,1503;                                                  1505P   3372
110,6.25,1000.2,8.5,6.25,0.2,8.5;                                   1507P   3373
110,6.25,0.2,7.75,6.25,0.,7.55;                                     1509P   3374
120,1507,1509,0.,6.28318530717959;                                  1511P   3375
126,1,1,1,0,1,0,0.,0.,1.,1.,1.,1.,1.,3.141592654,0.,1.,             1513P   3376
1.570796327,0.,0.,1.,0.,0.,1.;                                      1513P   3377
124,1.40271576953299E-14,1.,0.,6.24999999999991,                    1515P   3378
-6.12323399573677E-17,8.58915688636046E-31,1.,-8.5,1.,              1515P   3379
-1.40271576953299E-14,6.12323399573677E-17,2.25;                    1515P   3380
100,8.5,6.25,0.,7.2,0.,6.25,0.95;                                   1517P   3381
126,1,1,1,0,1,0,0.,0.,1.,1.,1.,1.,1.,1.570796327,0.,0.,             1519P   3382
1.570796327,0.,0.,1.,0.,0.,1.;                                      1519P   3383
110,7.2,0.,8.5,7.,0.2,8.5;                                          1521P   3384
126,1,1,1,0,1,0,0.,0.,1.,1.,1.,1.,0.,1.570796327,0.,0.,             1523P   3385
3.141592654,0.,0.,1.,0.,0.,1.;                                      1523P   3386
124,1.,0.,0.,0.,0.,6.12323399573677E-17,-1.,8.7,0.,1.,              1525P   3387
6.12323399573677E-17,8.3;                                           1525P   3388
100,8.5,6.25,0.2,7.,0.2,6.25,0.95;                                  1527P   3389
126,1,1,1,0,1,0,0.,0.,1.,1.,1.,1.,0.,3.141592654,0.,1.,             1529P   3390
3.141592654,0.,0.,1.,0.,0.,1.;                                      1529P   3391
110,6.25,0.2,9.25,6.25,0.,9.45;                                     1531P   3392
102,4,1513,1519,1523,1529;                                          1533P   3393
102,4,1517,1521,1527,1531;                                          1535P   3394
142,1,1511,1533,1535,1;                                             1537P   3395
144,1511,1,0,1537;                                                  1539P   3396
128,1,1,1,1,0,0,1,0,0,0.,0.,1.,1.,0.,0.,1.,1.,1.,1.,1.,1.,-7.,      1541P   3397
0.2,8.5,-7.,0.2,-8.5,-7.2,0.,8.5,-7.2,0.,-8.5,0.,1.,0.,1.;          1541P   3398
126,1,1,1,0,1,0,0.,0.,1.,1.,1.,1.,0.,0.,0.,1.,0.,0.,0.,1.,0.,       1543P   3399
0.,1.;                                                              1543P   3400
110,-7.,0.2,8.5,-7.,0.2,-8.5;                                       1545P   3401
126,1,1,1,0,1,0,0.,0.,1.,1.,1.,1.,1.,0.,0.,1.,1.,0.,0.,1.,0.,       1547P   3402
0.,1.;                                                              1547P   3403
110,-7.,0.2,-8.5,-7.2,0.,-8.5;                                      1549P   3404
126,1,1,1,0,1,0,0.,0.,1.,1.,1.,1.,1.,1.,0.,0.,1.,0.,0.,1.,0.,       1551P   3405
0.,1.;                                                              1551P   3406
110,-7.2,0.,-8.5,-7.2,0.,8.5;                                       1553P   3407
126,1,1,1,0,1,0,0.,0.,1.,1.,1.,1.,0.,1.,0.,0.,0.,0.,0.,1.,0.,       1555P   3408
0.,1.;                                                              1555P   3409
110,-7.2,0.,8.5,-7.,0.2,8.5;                                        1557P   3410
102,4,1543,1547,1551,1555;                                          1559P   3411
102,4,1545,1549,1553,1557;                                          1561P   3412
142,1,1541,1559,1561,1;                                             1563P   3413
144,1541,1,0,1563;                                                  1565P   3414
128,1,1,1,1,0,0,1,0,0,0.,0.,1.,1.,0.,0.,1.,1.,1.,1.,1.,1.,7.,       1567P   3415
0.2,-8.5,7.,0.2,8.5,7.2,0.,-8.5,7.2,0.,8.5,0.,1.,0.,1.;             1567P   3416
126,1,1,1,0,1,0,0.,0.,1.,1.,1.,1.,1.,1.,0.,0.,1.,0.,0.,1.,0.,       1569P   3417
0.,1.;                                                              1569P   3418
110,7.2,0.,8.5,7.2,0.,-8.5;                                         1571P   3419
126,1,1,1,0,1,0,0.,0.,1.,1.,1.,1.,0.,1.,0.,0.,0.,0.,0.,1.,0.,       1573P   3420
0.,1.;                                                              1573P   3421
110,7.2,0.,-8.5,7.,0.2,-8.5;                                        1575P   3422
126,1,1,1,0,1,0,0.,0.,1.,1.,1.,1.,0.,0.,0.,1.,0.,0.,0.,1.,0.,       1577P   3423
0.,1.;                                                              1577P   3424
110,7.,0.2,-8.5,7.,0.2,8.5;                                         1579P   3425
126,1,1,1,0,1,0,0.,0.,1.,1.,1.,1.,1.,0.,0.,1.,1.,0.,0.,1.,0.,       1581P   3426
0.,1.;                                                              1581P   3427
110,7.,0.2,8.5,7.2,0.,8.5;                                          1583P   3428
102,4,1569,1573,1577,1581;                                          1585P   3429
102,4,1571,1575,1579,1583;                                          1587P   3430
142,1,1567,1585,1587,1;                                             1589P   3431
144,1567,1,0,1589;                                                  1591P   3432
110,-6.25,1000.2,-8.5,-6.25,0.2,-8.5;                               1593P   3433
110,-6.25,0.2,-9.25,-6.25,0.,-9.45;                                 1595P   3434
120,1593,1595,0.,6.28318530717959;                                  1597P   3435
126,1,1,1,0,1,0,0.,0.,1.,1.,1.,1.,0.,4.71238898,0.,0.,              1599P   3436
6.283185307,0.,0.,1.,0.,0.,1.;                                      1599P   3437
124,-1.,6.98296267768627E-15,0.,-12.5,-4.27583144589696E-31,        1601P   3438
-6.12323399573677E-17,-1.,-8.3,-6.98296267768627E-15,-1.,           1601P   3439
6.12323399573677E-17,-8.30000000000005;                             1601P   3440
100,-8.5,-6.25,0.2,-5.5,0.2,-6.25,0.95;                             1603P   3441
126,1,1,1,0,1,0,0.,0.,1.,1.,1.,1.,0.,6.283185307,0.,1.,             1605P   3442
6.283185307,0.,0.,1.,0.,0.,1.;                                      1605P   3443
110,-6.25,0.2,-9.25,-6.25,0.,-9.45;                                 1607P   3444
126,1,1,1,0,1,0,0.,0.,1.,1.,1.,1.,1.,6.283185307,0.,1.,             1609P   3445
4.71238898,0.,0.,1.,0.,0.,1.;                                       1609P   3446
124,6.12323399573677E-17,-1.,0.,-6.25,6.12323399573677E-17,         1611P   3447
3.74939945665464E-33,1.,8.5,-1.,-6.12323399573677E-17,              1611P   3448
6.12323399573677E-17,-14.75;                                        1611P   3449
100,-8.5,-6.25,0.,-5.3,0.,-6.25,0.95;                               1613P   3450
126,1,1,1,0,1,0,0.,0.,1.,1.,1.,1.,1.,4.71238898,0.,0.,              1615P   3451
4.71238898,0.,0.,1.,0.,0.,1.;                                       1615P   3452
110,-7.2,0.,-8.5,-7.,0.2,-8.5;                                      1617P   3453
102,4,1599,1605,1609,1615;                                          1619P   3454
102,4,1603,1607,1613,1617;                                          1621P   3455
142,1,1597,1619,1621,1;                                             1623P   3456
144,1597,1,0,1623;                                                  1625P   3457
110,6.25,1000.2,-8.5,6.25,0.2,-8.5;                                 1627P   3458
110,6.25,0.2,-9.25,6.25,0.,-9.45;                                   1629P   3459
120,1627,1629,0.,6.28318530717959;                                  1631P   3460
126,1,1,1,0,1,0,0.,0.,1.,1.,1.,1.,1.,1.570796327,0.,1.,0.,0.,       1633P   3461
0.,1.,0.,0.,1.;                                                     1633P   3462
124,1.,-1.39659253553725E-14,0.,1.18192583745986E-16,               1635P   3463
8.55166289179392E-31,6.12323399573677E-17,1.,8.5,                   1635P   3464
-1.39659253553725E-14,-1.,6.12323399573677E-17,                     1635P   3465
-8.49999999999991;                                                  1635P   3466
100,-8.5,6.25,0.,7.2,0.,6.25,0.95;                                  1637P   3467
126,1,1,1,0,1,0,0.,0.,1.,1.,1.,1.,1.,0.,0.,0.,0.,0.,0.,1.,0.,       1639P   3468
0.,1.;                                                              1639P   3469
110,6.25,0.,-9.45,6.25,0.2,-9.25;                                   1641P   3470
126,1,1,1,0,1,0,0.,0.,1.,1.,1.,1.,0.,0.,0.,0.,1.570796327,0.,       1643P   3471
0.,1.,0.,0.,1.;                                                     1643P   3472
124,1.40271576953299E-14,1.,0.,6.04999999999991,                    1645P   3473
-6.12323399573677E-17,8.58915688636046E-31,-1.,-8.3,-1.,            1645P   3474
1.40271576953299E-14,6.12323399573677E-17,-2.25;                    1645P   3475
100,-8.5,6.25,0.2,7.,0.2,6.25,0.95;                                 1647P   3476
126,1,1,1,0,1,0,0.,0.,1.,1.,1.,1.,0.,1.570796327,0.,1.,             1649P   3477
1.570796327,0.,0.,1.,0.,0.,1.;                                      1649P   3478
110,7.,0.2,-8.5,7.2,0.,-8.5;                                        1651P   3479
102,4,1633,1639,1643,1649;                                          1653P   3480
102,4,1637,1641,1647,1651;                                          1655P   3481
142,1,1631,1653,1655,1;                                             1657P   3482
144,1631,1,0,1657;                                                  1659P   3483
128,1,1,1,1,0,0,1,0,0,0.,0.,1.,1.,0.,0.,1.,1.,1.,1.,1.,1.,          1661P   3484
-6.25,0.2,-9.25,6.25,0.2,-9.25,-6.25,0.,-9.45,6.25,0.,-9.45,0.,     1661P   3485
1.,0.,1.;                                                           1661P   3486
126,1,1,1,0,1,0,0.,0.,1.,1.,1.,1.,0.,0.,0.,1.,0.,0.,0.,1.,0.,       1663P   3487
0.,1.;                                                              1663P   3488
110,-6.25,0.2,-9.25,6.25,0.2,-9.25;                                 1665P   3489
126,1,1,1,0,1,0,0.,0.,1.,1.,1.,1.,1.,0.,0.,1.,1.,0.,0.,1.,0.,       1667P   3490
0.,1.;                                                              1667P   3491
110,6.25,0.2,-9.25,6.25,0.,-9.45;                                   1669P   3492
126,1,1,1,0,1,0,0.,0.,1.,1.,1.,1.,1.,1.,0.,0.,1.,0.,0.,1.,0.,       1671P   3493
0.,1.;                                                              1671P   3494
110,6.25,0.,-9.45,-6.25,0.,-9.45;                                   1673P   3495
126,1,1,1,0,1,0,0.,0.,1.,1.,1.,1.,0.,1.,0.,0.,0.,0.,0.,1.,0.,       1675P   3496
0.,1.;                                                              1675P   3497
110,-6.25,0.,-9.45,-6.25,0.2,-9.25;                                 1677P   3498
102,4,1663,1667,1671,1675;                                          1679P   3499
102,4,1665,1669,1673,1677;                                          1681P   3500
142,1,1661,1679,1681,1;                                             1683P   3501
144,1661,1,0,1683;                                                  1685P   3502
128,1,1,1,1,0,0,1,0,0,0.,0.,1.,1.,0.,0.,1.,1.,1.,1.,1.,1.,          1687P   3503
-3.675,1.5,-1.7204,-3.456278341,-1.,-1.7204,-3.675,1.5,1.7204,      1687P   3504
-3.456278341,-1.,1.7204,0.,1.,0.,1.;                                1687P   3505
126,1,1,1,0,1,0,0.,0.,1.,1.,1.,1.,0.,0.994071146,0.,0.,             1689P   3506
0.005928854,0.,0.,1.,0.,0.,1.;                                      1689P   3507
110,-3.675,1.5,1.7,-3.675,1.5,-1.7;                                 1691P   3508
126,1,1,1,0,1,0,0.,0.,1.,1.,1.,1.,0.,0.005928854,0.,1.,             1693P   3509
0.069495948,0.,0.,1.,0.,0.,1.;                                      1693P   3510
110,-3.675,1.5,-1.7,-3.456278341,-1.,-1.481278341;                  1695P   3511
126,1,1,1,0,1,0,0.,0.,1.,1.,1.,1.,1.,0.069495948,0.,1.,             1697P   3512
0.930504052,0.,0.,1.,0.,0.,1.;                                      1697P   3513
110,-3.456278341,-1.,-1.481278341,-3.456278341,-1.,1.481278341;     1699P   3514
126,1,1,1,0,1,0,0.,0.,1.,1.,1.,1.,1.,0.930504052,0.,0.,             1701P   3515
0.994071146,0.,0.,1.,0.,0.,1.;                                      1701P   3516
110,-3.456278341,-1.,1.481278341,-3.675,1.5,1.7;                    1703P   3517
102,4,1689,1693,1697,1701;                                          1705P   3518
102,4,1691,1695,1699,1703;                                          1707P   3519
142,1,1687,1705,1707,1;                                             1709P   3520
144,1687,1,0,1709;                                                  1711P   3521
128,1,1,1,1,0,0,1,0,0,0.,0.,1.,1.,0.,0.,1.,1.,1.,1.,1.,1.,          1713P   3522
-3.6849,-1.,-1.481278341,-3.6849,1.5,-1.7,-2.0151,-1.,              1713P   3523
-1.481278341,-2.0151,1.5,-1.7,0.,1.,0.,1.;                          1713P   3524
126,1,1,1,0,1,0,0.,0.,1.,1.,1.,1.,1.,0.005928854,0.,1.,             1715P   3525
0.994071146,0.,0.,1.,0.,0.,1.;                                      1715P   3526
110,-3.675,1.5,-1.7,-2.025,1.5,-1.7;                                1717P   3527
126,1,1,1,0,1,0,0.,0.,1.,1.,1.,1.,1.,0.994071146,0.,0.,             1719P   3528
0.863084406,0.,0.,1.,0.,0.,1.;                                      1719P   3529
110,-2.025,1.5,-1.7,-2.243721659,-1.,-1.481278341;                  1721P   3530
126,1,1,1,0,1,0,0.,0.,1.,1.,1.,1.,0.,0.863084406,0.,0.,             1723P   3531
0.136915594,0.,0.,1.,0.,0.,1.;                                      1723P   3532
110,-2.243721659,-1.,-1.481278341,-3.456278341,-1.,                 1725P   3533
-1.481278341;                                                       1725P   3534
126,1,1,1,0,1,0,0.,0.,1.,1.,1.,1.,0.,0.136915594,0.,1.,             1727P   3535
0.005928854,0.,0.,1.,0.,0.,1.;                                      1727P   3536
110,-3.456278341,-1.,-1.481278341,-3.675,1.5,-1.7;                  1729P   3537
102,4,1715,1719,1723,1727;                                          1731P   3538
102,4,1717,1721,1725,1729;                                          1733P   3539
142,1,1713,1731,1733,1;                                             1735P   3540
144,1713,1,0,1735;                                                  1737P   3541
128,1,1,1,1,0,0,1,0,0,0.,0.,1.,1.,0.,0.,1.,1.,1.,1.,1.,1.,          1739P   3542
-2.243721659,-1.,-1.7204,-2.025,1.5,-1.7204,-2.243721659,-1.,       1739P   3543
1.7204,-2.025,1.5,1.7204,0.,1.,0.,1.;                               1739P   3544
126,1,1,1,0,1,0,0.,0.,1.,1.,1.,1.,1.,0.005928854,0.,1.,             1741P   3545
0.994071146,0.,0.,1.,0.,0.,1.;                                      1741P   3546
110,-2.025,1.5,-1.7,-2.025,1.5,1.7;                                 1743P   3547
126,1,1,1,0,1,0,0.,0.,1.,1.,1.,1.,1.,0.994071146,0.,0.,             1745P   3548
0.930504052,0.,0.,1.,0.,0.,1.;                                      1745P   3549
110,-2.025,1.5,1.7,-2.243721659,-1.,1.481278341;                    1747P   3550
126,1,1,1,0,1,0,0.,0.,1.,1.,1.,1.,0.,0.930504052,0.,0.,             1749P   3551
0.069495948,0.,0.,1.,0.,0.,1.;                                      1749P   3552
110,-2.243721659,-1.,1.481278341,-2.243721659,-1.,-1.481278341;     1751P   3553
126,1,1,1,0,1,0,0.,0.,1.,1.,1.,1.,0.,0.069495948,0.,1.,             1753P   3554
0.005928854,0.,0.,1.,0.,0.,1.;                                      1753P   3555
110,-2.243721659,-1.,-1.481278341,-2.025,1.5,-1.7;                  1755P   3556
102,4,1741,1745,1749,1753;                                          1757P   3557
102,4,1743,1747,1751,1755;                                          1759P   3558
142,1,1739,1757,1759,1;                                             1761P   3559
144,1739,1,0,1761;                                                  1763P   3560
128,1,1,1,1,0,0,1,0,0,0.,0.,1.,1.,0.,0.,1.,1.,1.,1.,1.,1.,          1765P   3561
-3.6849,1.5,1.7,-3.6849,-1.,1.481278341,-2.0151,1.5,1.7,            1765P   3562
-2.0151,-1.,1.481278341,0.,1.,0.,1.;                                1765P   3563
126,1,1,1,0,1,0,0.,0.,1.,1.,1.,1.,0.,0.994071146,0.,0.,             1767P   3564
0.005928854,0.,0.,1.,0.,0.,1.;                                      1767P   3565
110,-2.025,1.5,1.7,-3.675,1.5,1.7;                                  1769P   3566
126,1,1,1,0,1,0,0.,0.,1.,1.,1.,1.,0.,0.005928854,0.,1.,             1771P   3567
0.136915594,0.,0.,1.,0.,0.,1.;                                      1771P   3568
110,-3.675,1.5,1.7,-3.456278341,-1.,1.481278341;                    1773P   3569
126,1,1,1,0,1,0,0.,0.,1.,1.,1.,1.,1.,0.136915594,0.,1.,             1775P   3570
0.863084406,0.,0.,1.,0.,0.,1.;                                      1775P   3571
110,-3.456278341,-1.,1.481278341,-2.243721659,-1.,1.481278341;      1777P   3572
126,1,1,1,0,1,0,0.,0.,1.,1.,1.,1.,1.,0.863084406,0.,0.,             1779P   3573
0.994071146,0.,0.,1.,0.,0.,1.;                                      1779P   3574
110,-2.243721659,-1.,1.481278341,-2.025,1.5,1.7;                    1781P   3575
102,4,1767,1771,1775,1779;                                          1783P   3576
102,4,1769,1773,1777,1781;                                          1785P   3577
142,1,1765,1783,1785,1;                                             1787P   3578
144,1765,1,0,1787;                                                  1789P   3579
128,1,1,1,1,0,0,1,0,0,0.,0.,1.,1.,0.,0.,1.,1.,1.,1.,1.,1.,          1791P   3580
-3.456278341,-1.,1.481278341,-3.456278341,-1.,-1.481278341,         1791P   3581
-2.243721659,-1.,1.481278341,-2.243721659,-1.,-1.481278341,0.,      1791P   3582
1.,0.,1.;                                                           1791P   3583
126,1,1,1,0,1,0,0.,0.,1.,1.,1.,1.,0.,0.,0.,1.,0.,0.,0.,1.,0.,       1793P   3584
0.,1.;                                                              1793P   3585
110,-3.456278341,-1.,1.481278341,-3.456278341,-1.,-1.481278341;     1795P   3586
126,1,1,1,0,1,0,0.,0.,1.,1.,1.,1.,1.,0.,0.,1.,1.,0.,0.,1.,0.,       1797P   3587
0.,1.;                                                              1797P   3588
110,-3.456278341,-1.,-1.481278341,-2.243721659,-1.,                 1799P   3589
-1.481278341;                                                       1799P   3590
126,1,1,1,0,1,0,0.,0.,1.,1.,1.,1.,1.,1.,0.,0.,1.,0.,0.,1.,0.,       1801P   3591
0.,1.;                                                              1801P   3592
110,-2.243721659,-1.,-1.481278341,-2.243721659,-1.,1.481278341;     1803P   3593
126,1,1,1,0,1,0,0.,0.,1.,1.,1.,1.,0.,1.,0.,0.,0.,0.,0.,1.,0.,       1805P   3594
0.,1.;                                                              1805P   3595
110,-2.243721659,-1.,1.481278341,-3.456278341,-1.,1.481278341;      1807P   3596
102,4,1793,1797,1801,1805;                                          1809P   3597
102,4,1795,1799,1803,1807;                                          1811P   3598
142,1,1791,1809,1811,1;                                             1813P   3599
144,1791,1,0,1813;                                                  1815P   3600
128,1,1,1,1,0,0,1,0,0,0.,0.,1.,1.,0.,0.,1.,1.,1.,1.,1.,1.,          1817P   3601
2.025,1.5,-1.7204,2.243721659,-1.,-1.7204,2.025,1.5,1.7204,         1817P   3602
2.243721659,-1.,1.7204,0.,1.,0.,1.;                                 1817P   3603
126,1,1,1,0,1,0,0.,0.,1.,1.,1.,1.,0.,0.994071146,0.,0.,             1819P   3604
0.005928854,0.,0.,1.,0.,0.,1.;                                      1819P   3605
110,2.025,1.5,1.7,2.025,1.5,-1.7;                                   1821P   3606
126,1,1,1,0,1,0,0.,0.,1.,1.,1.,1.,0.,0.005928854,0.,1.,             1823P   3607
0.069495948,0.,0.,1.,0.,0.,1.;                                      1823P   3608
110,2.025,1.5,-1.7,2.243721659,-1.,-1.481278341;                    1825P   3609
126,1,1,1,0,1,0,0.,0.,1.,1.,1.,1.,1.,0.069495948,0.,1.,             1827P   3610
0.930504052,0.,0.,1.,0.,0.,1.;                                      1827P   3611
110,2.243721659,-1.,-1.481278341,2.243721659,-1.,1.481278341;       1829P   3612
126,1,1,1,0,1,0,0.,0.,1.,1.,1.,1.,1.,0.930504052,0.,0.,             1831P   3613
0.994071146,0.,0.,1.,0.,0.,1.;                                      1831P   3614
110,2.243721659,-1.,1.481278341,2.025,1.5,1.7;                      1833P   3615
102,4,1819,1823,1827,1831;                                          1835P   3616
102,4,1821,1825,1829,1833;                                          1837P   3617
142,1,1817,1835,1837,1;                                             1839P   3618
144,1817,1,0,1839;                                                  1841P   3619
128,1,1,1,1,0,0,1,0,0,0.,0.,1.,1.,0.,0.,1.,1.,1.,1.,1.,1.,          1843P   3620
2.0151,-1.,-1.481278341,2.0151,1.5,-1.7,3.6849,-1.,                 1843P   3621
-1.481278341,3.6849,1.5,-1.7,0.,1.,0.,1.;                           1843P   3622
126,1,1,1,0,1,0,0.,0.,1.,1.,1.,1.,1.,0.005928854,0.,1.,             1845P   3623
0.994071146,0.,0.,1.,0.,0.,1.;                                      1845P   3624
110,2.025,1.5,-1.7,3.675,1.5,-1.7;                                  1847P   3625
126,1,1,1,0,1,0,0.,0.,1.,1.,1.,1.,1.,0.994071146,0.,0.,             1849P   3626
0.863084406,0.,0.,1.,0.,0.,1.;                                      1849P   3627
110,3.675,1.5,-1.7,3.456278341,-1.,-1.481278341;                    1851P   3628
126,1,1,1,0,1,0,0.,0.,1.,1.,1.,1.,0.,0.863084406,0.,0.,             1853P   3629
0.136915594,0.,0.,1.,0.,0.,1.;                                      1853P   3630
110,3.456278341,-1.,-1.481278341,2.243721659,-1.,-1.481278341;      1855P   3631
126,1,1,1,0,1,0,0.,0.,1.,1.,1.,1.,0.,0.136915594,0.,1.,             1857P   3632
0.005928854,0.,0.,1.,0.,0.,1.;                                      1857P   3633
110,2.243721659,-1.,-1.481278341,2.025,1.5,-1.7;                    1859P   3634
102,4,1845,1849,1853,1857;                                          1861P   3635
102,4,1847,1851,1855,1859;                                          1863P   3636
142,1,1843,1861,1863,1;                                             1865P   3637
144,1843,1,0,1865;                                                  1867P   3638
128,1,1,1,1,0,0,1,0,0,0.,0.,1.,1.,0.,0.,1.,1.,1.,1.,1.,1.,          1869P   3639
3.456278341,-1.,-1.7204,3.675,1.5,-1.7204,3.456278341,-1.,          1869P   3640
1.7204,3.675,1.5,1.7204,0.,1.,0.,1.;                                1869P   3641
126,1,1,1,0,1,0,0.,0.,1.,1.,1.,1.,1.,0.005928854,0.,1.,             1871P   3642
0.994071146,0.,0.,1.,0.,0.,1.;                                      1871P   3643
110,3.675,1.5,-1.7,3.675,1.5,1.7;                                   1873P   3644
126,1,1,1,0,1,0,0.,0.,1.,1.,1.,1.,1.,0.994071146,0.,0.,             1875P   3645
0.930504052,0.,0.,1.,0.,0.,1.;                                      1875P   3646
110,3.675,1.5,1.7,3.456278341,-1.,1.481278341;                      1877P   3647
126,1,1,1,0,1,0,0.,0.,1.,1.,1.,1.,0.,0.930504052,0.,0.,             1879P   3648
0.069495948,0.,0.,1.,0.,0.,1.;                                      1879P   3649
110,3.456278341,-1.,1.481278341,3.456278341,-1.,-1.481278341;       1881P   3650
126,1,1,1,0,1,0,0.,0.,1.,1.,1.,1.,0.,0.069495948,0.,1.,             1883P   3651
0.005928854,0.,0.,1.,0.,0.,1.;                                      1883P   3652
110,3.456278341,-1.,-1.481278341,3.675,1.5,-1.7;                    1885P   3653
102,4,1871,1875,1879,1883;                                          1887P   3654
102,4,1873,1877,1881,1885;                                          1889P   3655
142,1,1869,1887,1889,1;                                             1891P   3656
144,1869,1,0,1891;                                                  1893P   3657
128,1,1,1,1,0,0,1,0,0,0.,0.,1.,1.,0.,0.,1.,1.,1.,1.,1.,1.,          1895P   3658
2.0151,1.5,1.7,2.0151,-1.,1.481278341,3.6849,1.5,1.7,3.6849,        1895P   3659
-1.,1.481278341,0.,1.,0.,1.;                                        1895P   3660
126,1,1,1,0,1,0,0.,0.,1.,1.,1.,1.,0.,0.994071146,0.,0.,             1897P   3661
0.005928854,0.,0.,1.,0.,0.,1.;                                      1897P   3662
110,3.675,1.5,1.7,2.025,1.5,1.7;                                    1899P   3663
126,1,1,1,0,1,0,0.,0.,1.,1.,1.,1.,0.,0.005928854,0.,1.,             1901P   3664
0.136915594,0.,0.,1.,0.,0.,1.;                                      1901P   3665
110,2.025,1.5,1.7,2.243721659,-1.,1.481278341;                      1903P   3666
126,1,1,1,0,1,0,0.,0.,1.,1.,1.,1.,1.,0.136915594,0.,1.,             1905P   3667
0.863084406,0.,0.,1.,0.,0.,1.;                                      1905P   3668
110,2.243721659,-1.,1.481278341,3.456278341,-1.,1.481278341;        1907P   3669
126,1,1,1,0,1,0,0.,0.,1.,1.,1.,1.,1.,0.863084406,0.,0.,             1909P   3670
0.994071146,0.,0.,1.,0.,0.,1.;                                      1909P   3671
110,3.456278341,-1.,1.481278341,3.675,1.5,1.7;                      1911P   3672
102,4,1897,1901,1905,1909;                                          1913P   3673
102,4,1899,1903,1907,1911;                                          1915P   3674
142,1,1895,1913,1915,1;                                             1917P   3675
144,1895,1,0,1917;                                                  1919P   3676
128,1,1,1,1,0,0,1,0,0,0.,0.,1.,1.,0.,0.,1.,1.,1.,1.,1.,1.,          1921P   3677
2.243721659,-1.,1.481278341,2.243721659,-1.,-1.481278341,           1921P   3678
3.456278341,-1.,1.481278341,3.456278341,-1.,-1.481278341,0.,1.,     1921P   3679
0.,1.;                                                              1921P   3680
126,1,1,1,0,1,0,0.,0.,1.,1.,1.,1.,0.,0.,0.,1.,0.,0.,0.,1.,0.,       1923P   3681
0.,1.;                                                              1923P   3682
110,2.243721659,-1.,1.481278341,2.243721659,-1.,-1.481278341;       1925P   3683
126,1,1,1,0,1,0,0.,0.,1.,1.,1.,1.,1.,0.,0.,1.,1.,0.,0.,1.,0.,       1927P   3684
0.,1.;                                                              1927P   3685
110,2.243721659,-1.,-1.481278341,3.456278341,-1.,-1.481278341;      1929P   3686
126,1,1,1,0,1,0,0.,0.,1.,1.,1.,1.,1.,1.,0.,0.,1.,0.,0.,1.,0.,       1931P   3687
0.,1.;                                                              1931P   3688
110,3.456278341,-1.,-1.481278341,3.456278341,-1.,1.481278341;       1933P   3689
126,1,1,1,0,1,0,0.,0.,1.,1.,1.,1.,0.,1.,0.,0.,0.,0.,0.,1.,0.,       1935P   3690
0.,1.;                                                              1935P   3691
110,3.456278341,-1.,1.481278341,2.243721659,-1.,1.481278341;        1937P   3692
102,4,1923,1927,1931,1935;                                          1939P   3693
102,4,1925,1929,1933,1937;                                          1941P   3694
142,1,1921,1939,1941,1;                                             1943P   3695
144,1921,1,0,1943;                                                  1945P   3696
S      1G      4D   1946P   3696                                        T      1
