SolidWorks IGES file using analytic representation for surfaces         S      1
1H,,1H;,22HKailh LP Keycap.SLDPRT,38HG:\byScottua\Keyboards\Kailh\1x1.5.G      1
IGS,15HSolidWorks 2018,15HSolidWorks 2018,32,308,15,308,15,22HKailh LP KG      2
eycap.SLDPRT,1.,2,2HMM,50,0.125,13H200324.122152,1E-08,499990.,6HPHFHXE,G      3
,11,0,13H200324.122152;                                                 G      4
     314       1       0       0       0                        00000200D      1
     314       0       8       1       0                               0D      2
     128       2       0       0       0                        01010000D      3
     128       0       0      73       0                               0D      4
     126      75       0       0       0                        01010500D      5
     126       0       0       2       0                               0D      6
     126      77       0       0       0                        01010000D      7
     126       0       0       4       0                               0D      8
     126      81       0       0       0                        01010500D      9
     126       0       0       8       0                               0D     10
     126      89       0       0       0                        01010000D     11
     126       0       0      13       0                               0D     12
     126     102       0       0       0                        01010500D     13
     126       0       0       8       0                               0D     14
     126     110       0       0       0                        01010000D     15
     126       0       0       9       0                               0D     16
     126     119       0       0       0                        01010500D     17
     126       0       0      10       0                               0D     18
     126     129       0       0       0                        01010000D     19
     126       0       0       6       0                               0D     20
     126     135       0       0       0                        01010500D     21
     126       0       0       3       0                               0D     22
     126     138       0       0       0                        01010000D     23
     126       0       0       9       0                               0D     24
     126     147       0       0       0                        01010500D     25
     126       0       0       8       0                               0D     26
     126     155       0       0       0                        01010000D     27
     126       0       0      21       0                               0D     28
     126     176       0       0       0                        01010500D     29
     126       0       0       3       0                               0D     30
     126     179       0       0       0                        01010000D     31
     126       0       0      10       0                               0D     32
     126     189       0       0       0                        01010500D     33
     126       0       0      10       0                               0D     34
     126     199       0       0       0                        01010000D     35
     126       0       0      27       0                               0D     36
     126     226       0       0       0                        01010500D     37
     126       0       0       3       0                               0D     38
     126     229       0       0       0                        01010000D     39
     126       0       0       9       0                               0D     40
     126     238       0       0       0                        01010500D     41
     126       0       0       8       0                               0D     42
     126     246       0       0       0                        01010000D     43
     126       0       0      18       0                               0D     44
     126     264       0       0       0                        01010500D     45
     126       0       0       2       0                               0D     46
     126     266       0       0       0                        01010000D     47
     126       0       0       5       0                               0D     48
     126     271       0       0       0                        01010500D     49
     126       0       0       2       0                               0D     50
     124     273       0       0       0                        00000000D     51
     124       0       0       3       0                               0D     52
     100     276       0       0       0              51        01010000D     53
     100       0       0       1       0                               0D     54
     102     277       0       0       0                        01010500D     55
     102       0       0       1       0                               0D     56
     102     278       0       0       0                        01010000D     57
     102       0       0       1       0                               0D     58
     142     279       0       0       0                        00010500D     59
     142       0       0       1       0                               0D     60
     144     280       0       0       0                        00000000D     61
     144       0      -1       1       0                               0D     62
     128     281       0       0       0                        01010000D     63
     128       0       0       2       0                               0D     64
     126     283       0       0       0                        01010500D     65
     126       0       0       2       0                               0D     66
     110     285       0       0       0                        01010000D     67
     110       0       0       1       0                               0D     68
     126     286       0       0       0                        01010500D     69
     126       0       0       6       0                               0D     70
     124     292       0       0       0                        00000000D     71
     124       0       0       3       0                               0D     72
     100     295       0       0       0              71        01010000D     73
     100       0       0       1       0                               0D     74
     126     296       0       0       0                        01010500D     75
     126       0       0       2       0                               0D     76
     110     298       0       0       0                        01010000D     77
     110       0       0       1       0                               0D     78
     126     299       0       0       0                        01010500D     79
     126       0       0       6       0                               0D     80
     124     305       0       0       0                        00000000D     81
     124       0       0       3       0                               0D     82
     100     308       0       0       0              81        01010000D     83
     100       0       0       1       0                               0D     84
     126     309       0       0       0                        01010500D     85
     126       0       0       2       0                               0D     86
     110     311       0       0       0                        01010000D     87
     110       0       0       1       0                               0D     88
     126     312       0       0       0                        01010500D     89
     126       0       0       6       0                               0D     90
     124     318       0       0       0                        00000000D     91
     124       0       0       2       0                               0D     92
     100     320       0       0       0              91        01010000D     93
     100       0       0       1       0                               0D     94
     126     321       0       0       0                        01010500D     95
     126       0       0       2       0                               0D     96
     110     323       0       0       0                        01010000D     97
     110       0       0       1       0                               0D     98
     126     324       0       0       0                        01010500D     99
     126       0       0       6       0                               0D    100
     124     330       0       0       0                        00000000D    101
     124       0       0       3       0                               0D    102
     100     333       0       0       0             101        01010000D    103
     100       0       0       1       0                               0D    104
     102     334       0       0       0                        01010500D    105
     102       0       0       1       0                               0D    106
     102     335       0       0       0                        01010000D    107
     102       0       0       1       0                               0D    108
     142     336       0       0       0                        00010500D    109
     142       0       0       1       0                               0D    110
     126     337       0       0       0                        01010500D    111
     126       0       0       2       0                               0D    112
     110     339       0       0       0                        01010000D    113
     110       0       0       1       0                               0D    114
     126     340       0       0       0                        01010500D    115
     126       0       0       2       0                               0D    116
     110     342       0       0       0                        01010000D    117
     110       0       0       1       0                               0D    118
     126     343       0       0       0                        01010500D    119
     126       0       0       2       0                               0D    120
     110     345       0       0       0                        01010000D    121
     110       0       0       1       0                               0D    122
     126     346       0       0       0                        01010500D    123
     126       0       0       2       0                               0D    124
     110     348       0       0       0                        01010000D    125
     110       0       0       1       0                               0D    126
     102     349       0       0       0                        01010500D    127
     102       0       0       1       0                               0D    128
     102     350       0       0       0                        01010000D    129
     102       0       0       1       0                               0D    130
     142     351       0       0       0                        00010500D    131
     142       0       0       1       0                               0D    132
     126     352       0       0       0                        01010500D    133
     126       0       0       2       0                               0D    134
     110     354       0       0       0                        01010000D    135
     110       0       0       1       0                               0D    136
     126     355       0       0       0                        01010500D    137
     126       0       0       2       0                               0D    138
     110     357       0       0       0                        01010000D    139
     110       0       0       1       0                               0D    140
     126     358       0       0       0                        01010500D    141
     126       0       0       2       0                               0D    142
     110     360       0       0       0                        01010000D    143
     110       0       0       1       0                               0D    144
     126     361       0       0       0                        01010500D    145
     126       0       0       2       0                               0D    146
     110     363       0       0       0                        01010000D    147
     110       0       0       1       0                               0D    148
     102     364       0       0       0                        01010500D    149
     102       0       0       1       0                               0D    150
     102     365       0       0       0                        01010000D    151
     102       0       0       1       0                               0D    152
     142     366       0       0       0                        00010500D    153
     142       0       0       1       0                               0D    154
     144     367       0       0       0                        00000000D    155
     144       0      -1       1       0                               0D    156
     110     368       0       0       0                        01010000D    157
     110       0       0       1       0                               0D    158
     110     369       0       0       0                        01010000D    159
     110       0       0       1       0                               0D    160
     120     370       0       0       0                        01010000D    161
     120       0       0       1       0                               0D    162
     126     371       0       0       0                        01010500D    163
     126       0       0       2       0                               0D    164
     110     373       0       0       0                        01010000D    165
     110       0       0       1       0                               0D    166
     126     374       0       0       0                        01010500D    167
     126       0       0       2       0                               0D    168
     124     376       0       0       0                        00000000D    169
     124       0       0       2       0                               0D    170
     100     378       0       0       0             169        01010000D    171
     100       0       0       1       0                               0D    172
     126     379       0       0       0                        01010500D    173
     126       0       0       2       0                               0D    174
     110     381       0       0       0                        01010000D    175
     110       0       0       1       0                               0D    176
     126     382       0       0       0                        01010500D    177
     126       0       0       2       0                               0D    178
     124     384       0       0       0                        00000000D    179
     124       0       0       3       0                               0D    180
     100     387       0       0       0             179        01010000D    181
     100       0       0       1       0                               0D    182
     102     388       0       0       0                        01010500D    183
     102       0       0       1       0                               0D    184
     102     389       0       0       0                        01010000D    185
     102       0       0       1       0                               0D    186
     142     390       0       0       0                        00010500D    187
     142       0       0       1       0                               0D    188
     144     391       0       0       0                        00000000D    189
     144       0      -1       1       0                               0D    190
     128     392       0       0       0                        01010000D    191
     128       0       0       2       0                               0D    192
     126     394       0       0       0                        01010500D    193
     126       0       0       2       0                               0D    194
     110     396       0       0       0                        01010000D    195
     110       0       0       1       0                               0D    196
     126     397       0       0       0                        01010500D    197
     126       0       0       2       0                               0D    198
     110     399       0       0       0                        01010000D    199
     110       0       0       1       0                               0D    200
     126     400       0       0       0                        01010500D    201
     126       0       0       2       0                               0D    202
     110     402       0       0       0                        01010000D    203
     110       0       0       1       0                               0D    204
     126     403       0       0       0                        01010500D    205
     126       0       0       2       0                               0D    206
     110     405       0       0       0                        01010000D    207
     110       0       0       1       0                               0D    208
     102     406       0       0       0                        01010500D    209
     102       0       0       1       0                               0D    210
     102     407       0       0       0                        01010000D    211
     102       0       0       1       0                               0D    212
     142     408       0       0       0                        00010500D    213
     142       0       0       1       0                               0D    214
     144     409       0       0       0                        00000000D    215
     144       0      -1       1       0                               0D    216
     110     410       0       0       0                        01010000D    217
     110       0       0       1       0                               0D    218
     110     411       0       0       0                        01010000D    219
     110       0       0       1       0                               0D    220
     120     412       0       0       0                        01010000D    221
     120       0       0       1       0                               0D    222
     126     413       0       0       0                        01010500D    223
     126       0       0       2       0                               0D    224
     110     415       0       0       0                        01010000D    225
     110       0       0       1       0                               0D    226
     126     416       0       0       0                        01010500D    227
     126       0       0       2       0                               0D    228
     124     418       0       0       0                        00000000D    229
     124       0       0       4       0                               0D    230
     100     422       0       0       0             229        01010000D    231
     100       0       0       1       0                               0D    232
     126     423       0       0       0                        01010500D    233
     126       0       0       2       0                               0D    234
     110     425       0       0       0                        01010000D    235
     110       0       0       1       0                               0D    236
     126     426       0       0       0                        01010500D    237
     126       0       0       2       0                               0D    238
     124     428       0       0       0                        00000000D    239
     124       0       0       2       0                               0D    240
     100     430       0       0       0             239        01010000D    241
     100       0       0       1       0                               0D    242
     102     431       0       0       0                        01010500D    243
     102       0       0       1       0                               0D    244
     102     432       0       0       0                        01010000D    245
     102       0       0       1       0                               0D    246
     142     433       0       0       0                        00010500D    247
     142       0       0       1       0                               0D    248
     144     434       0       0       0                        00000000D    249
     144       0      -1       1       0                               0D    250
     128     435       0       0       0                        01010000D    251
     128       0       0       2       0                               0D    252
     126     437       0       0       0                        01010500D    253
     126       0       0       2       0                               0D    254
     110     439       0       0       0                        01010000D    255
     110       0       0       1       0                               0D    256
     126     440       0       0       0                        01010500D    257
     126       0       0       2       0                               0D    258
     110     442       0       0       0                        01010000D    259
     110       0       0       1       0                               0D    260
     126     443       0       0       0                        01010500D    261
     126       0       0       2       0                               0D    262
     110     445       0       0       0                        01010000D    263
     110       0       0       1       0                               0D    264
     126     446       0       0       0                        01010500D    265
     126       0       0       2       0                               0D    266
     110     448       0       0       0                        01010000D    267
     110       0       0       1       0                               0D    268
     102     449       0       0       0                        01010500D    269
     102       0       0       1       0                               0D    270
     102     450       0       0       0                        01010000D    271
     102       0       0       1       0                               0D    272
     142     451       0       0       0                        00010500D    273
     142       0       0       1       0                               0D    274
     144     452       0       0       0                        00000000D    275
     144       0      -1       1       0                               0D    276
     110     453       0       0       0                        01010000D    277
     110       0       0       1       0                               0D    278
     110     454       0       0       0                        01010000D    279
     110       0       0       1       0                               0D    280
     120     455       0       0       0                        01010000D    281
     120       0       0       1       0                               0D    282
     126     456       0       0       0                        01010500D    283
     126       0       0       2       0                               0D    284
     110     458       0       0       0                        01010000D    285
     110       0       0       1       0                               0D    286
     126     459       0       0       0                        01010500D    287
     126       0       0       2       0                               0D    288
     124     461       0       0       0                        00000000D    289
     124       0       0       4       0                               0D    290
     100     465       0       0       0             289        01010000D    291
     100       0       0       1       0                               0D    292
     126     466       0       0       0                        01010500D    293
     126       0       0       2       0                               0D    294
     110     468       0       0       0                        01010000D    295
     110       0       0       1       0                               0D    296
     126     469       0       0       0                        01010500D    297
     126       0       0       2       0                               0D    298
     124     471       0       0       0                        00000000D    299
     124       0       0       3       0                               0D    300
     100     474       0       0       0             299        01010000D    301
     100       0       0       1       0                               0D    302
     102     475       0       0       0                        01010500D    303
     102       0       0       1       0                               0D    304
     102     476       0       0       0                        01010000D    305
     102       0       0       1       0                               0D    306
     142     477       0       0       0                        00010500D    307
     142       0       0       1       0                               0D    308
     144     478       0       0       0                        00000000D    309
     144       0      -1       1       0                               0D    310
     128     479       0       0       0                        01010000D    311
     128       0       0       2       0                               0D    312
     126     481       0       0       0                        01010500D    313
     126       0       0       2       0                               0D    314
     110     483       0       0       0                        01010000D    315
     110       0       0       1       0                               0D    316
     126     484       0       0       0                        01010500D    317
     126       0       0       2       0                               0D    318
     110     486       0       0       0                        01010000D    319
     110       0       0       1       0                               0D    320
     126     487       0       0       0                        01010500D    321
     126       0       0       2       0                               0D    322
     110     489       0       0       0                        01010000D    323
     110       0       0       1       0                               0D    324
     126     490       0       0       0                        01010500D    325
     126       0       0       2       0                               0D    326
     110     492       0       0       0                        01010000D    327
     110       0       0       1       0                               0D    328
     102     493       0       0       0                        01010500D    329
     102       0       0       1       0                               0D    330
     102     494       0       0       0                        01010000D    331
     102       0       0       1       0                               0D    332
     142     495       0       0       0                        00010500D    333
     142       0       0       1       0                               0D    334
     144     496       0       0       0                        00000000D    335
     144       0      -1       1       0                               0D    336
     110     497       0       0       0                        01010000D    337
     110       0       0       1       0                               0D    338
     110     498       0       0       0                        01010000D    339
     110       0       0       1       0                               0D    340
     120     499       0       0       0                        01010000D    341
     120       0       0       1       0                               0D    342
     126     500       0       0       0                        01010500D    343
     126       0       0       2       0                               0D    344
     110     502       0       0       0                        01010000D    345
     110       0       0       1       0                               0D    346
     126     503       0       0       0                        01010500D    347
     126       0       0       2       0                               0D    348
     124     505       0       0       0                        00000000D    349
     124       0       0       3       0                               0D    350
     100     508       0       0       0             349        01010000D    351
     100       0       0       1       0                               0D    352
     126     509       0       0       0                        01010500D    353
     126       0       0       2       0                               0D    354
     110     511       0       0       0                        01010000D    355
     110       0       0       1       0                               0D    356
     126     512       0       0       0                        01010500D    357
     126       0       0       2       0                               0D    358
     124     514       0       0       0                        00000000D    359
     124       0       0       3       0                               0D    360
     100     517       0       0       0             359        01010000D    361
     100       0       0       1       0                               0D    362
     102     518       0       0       0                        01010500D    363
     102       0       0       1       0                               0D    364
     102     519       0       0       0                        01010000D    365
     102       0       0       1       0                               0D    366
     142     520       0       0       0                        00010500D    367
     142       0       0       1       0                               0D    368
     144     521       0       0       0                        00000000D    369
     144       0      -1       1       0                               0D    370
     128     522       0       0       0                        01010000D    371
     128       0       0       2       0                               0D    372
     126     524       0       0       0                        01010500D    373
     126       0       0       2       0                               0D    374
     110     526       0       0       0                        01010000D    375
     110       0       0       1       0                               0D    376
     126     527       0       0       0                        01010500D    377
     126       0       0       2       0                               0D    378
     110     529       0       0       0                        01010000D    379
     110       0       0       1       0                               0D    380
     126     530       0       0       0                        01010500D    381
     126       0       0       2       0                               0D    382
     110     532       0       0       0                        01010000D    383
     110       0       0       1       0                               0D    384
     126     533       0       0       0                        01010500D    385
     126       0       0       2       0                               0D    386
     110     535       0       0       0                        01010000D    387
     110       0       0       1       0                               0D    388
     102     536       0       0       0                        01010500D    389
     102       0       0       1       0                               0D    390
     102     537       0       0       0                        01010000D    391
     102       0       0       1       0                               0D    392
     142     538       0       0       0                        00010500D    393
     142       0       0       1       0                               0D    394
     144     539       0       0       0                        00000000D    395
     144       0      -1       1       0                               0D    396
     128     540       0       0       0                        01010000D    397
     128       0       0       3       0                               0D    398
     126     543       0       0       0                        01010500D    399
     126       0       0       2       0                               0D    400
     110     545       0       0       0                        01010000D    401
     110       0       0       1       0                               0D    402
     126     546       0       0       0                        01010500D    403
     126       0       0       6       0                               0D    404
     124     552       0       0       0                        00000000D    405
     124       0       0       3       0                               0D    406
     100     555       0       0       0             405        01010000D    407
     100       0       0       1       0                               0D    408
     126     556       0       0       0                        01010500D    409
     126       0       0       2       0                               0D    410
     110     558       0       0       0                        01010000D    411
     110       0       0       1       0                               0D    412
     126     559       0       0       0                        01010500D    413
     126       0       0       6       0                               0D    414
     124     565       0       0       0                        00000000D    415
     124       0       0       3       0                               0D    416
     100     568       0       0       0             415        01010000D    417
     100       0       0       1       0                               0D    418
     126     569       0       0       0                        01010500D    419
     126       0       0       2       0                               0D    420
     110     571       0       0       0                        01010000D    421
     110       0       0       1       0                               0D    422
     126     572       0       0       0                        01010500D    423
     126       0       0       6       0                               0D    424
     124     578       0       0       0                        00000000D    425
     124       0       0       3       0                               0D    426
     100     581       0       0       0             425        01010000D    427
     100       0       0       1       0                               0D    428
     126     582       0       0       0                        01010500D    429
     126       0       0       2       0                               0D    430
     110     584       0       0       0                        01010000D    431
     110       0       0       1       0                               0D    432
     126     585       0       0       0                        01010500D    433
     126       0       0       6       0                               0D    434
     124     591       0       0       0                        00000000D    435
     124       0       0       2       0                               0D    436
     100     593       0       0       0             435        01010000D    437
     100       0       0       1       0                               0D    438
     102     594       0       0       0                        01010500D    439
     102       0       0       1       0                               0D    440
     102     595       0       0       0                        01010000D    441
     102       0       0       1       0                               0D    442
     142     596       0       0       0                        00010500D    443
     142       0       0       1       0                               0D    444
     126     597       0       0       0                        01010500D    445
     126       0       0      10       0                               0D    446
     126     607       0       0       0                        01010000D    447
     126       0       0       5       0                               0D    448
     126     612       0       0       0                        01010500D    449
     126       0       0      20       0                               0D    450
     126     632       0       0       0                        01010000D    451
     126       0       0      12       0                               0D    452
     126     644       0       0       0                        01010500D    453
     126       0       0      10       0                               0D    454
     126     654       0       0       0                        01010000D    455
     126       0       0       5       0                               0D    456
     126     659       0       0       0                        01010500D    457
     126       0       0      17       0                               0D    458
     126     676       0       0       0                        01010000D    459
     126       0       0      10       0                               0D    460
     126     686       0       0       0                        01010500D    461
     126       0       0      10       0                               0D    462
     126     696       0       0       0                        01010000D    463
     126       0       0       5       0                               0D    464
     126     701       0       0       0                        01010500D    465
     126       0       0      23       0                               0D    466
     126     724       0       0       0                        01010000D    467
     126       0       0      12       0                               0D    468
     126     736       0       0       0                        01010500D    469
     126       0       0      10       0                               0D    470
     126     746       0       0       0                        01010000D    471
     126       0       0       5       0                               0D    472
     126     751       0       0       0                        01010500D    473
     126       0       0      17       0                               0D    474
     126     768       0       0       0                        01010000D    475
     126       0       0       9       0                               0D    476
     102     777       0       0       0                        01010500D    477
     102       0       0       1       0                               0D    478
     102     778       0       0       0                        01010000D    479
     102       0       0       1       0                               0D    480
     142     779       0       0       0                        00010500D    481
     142       0       0       1       0                               0D    482
     144     780       0       0       0                        00000000D    483
     144       0      -1       1       0                               0D    484
     128     781       0       0       0                        01010000D    485
     128       0       0       2       0                               0D    486
     126     783       0       0       0                        01010500D    487
     126       0       0       2       0                               0D    488
     110     785       0       0       0                        01010000D    489
     110       0       0       1       0                               0D    490
     126     786       0       0       0                        01010500D    491
     126       0       0      11       0                               0D    492
     124     797       0       0       0                        00000000D    493
     124       0       0       2       0                               0D    494
     100     799       0       0       0             493        01010000D    495
     100       0       0       1       0                               0D    496
     126     800       0       0       0                        01010500D    497
     126       0       0       2       0                               0D    498
     110     802       0       0       0                        01010000D    499
     110       0       0       1       0                               0D    500
     126     803       0       0       0                        01010500D    501
     126       0       0      11       0                               0D    502
     124     814       0       0       0                        00000000D    503
     124       0       0       3       0                               0D    504
     100     817       0       0       0             503        01010000D    505
     100       0       0       1       0                               0D    506
     126     818       0       0       0                        01010500D    507
     126       0       0       2       0                               0D    508
     110     820       0       0       0                        01010000D    509
     110       0       0       1       0                               0D    510
     126     821       0       0       0                        01010500D    511
     126       0       0      11       0                               0D    512
     124     832       0       0       0                        00000000D    513
     124       0       0       3       0                               0D    514
     100     835       0       0       0             513        01010000D    515
     100       0       0       1       0                               0D    516
     126     836       0       0       0                        01010500D    517
     126       0       0       2       0                               0D    518
     110     838       0       0       0                        01010000D    519
     110       0       0       1       0                               0D    520
     126     839       0       0       0                        01010500D    521
     126       0       0      11       0                               0D    522
     124     850       0       0       0                        00000000D    523
     124       0       0       3       0                               0D    524
     100     853       0       0       0             523        01010000D    525
     100       0       0       1       0                               0D    526
     102     854       0       0       0                        01010500D    527
     102       0       0       1       0                               0D    528
     102     855       0       0       0                        01010000D    529
     102       0       0       1       0                               0D    530
     142     856       0       0       0                        00010500D    531
     142       0       0       1       0                               0D    532
     126     857       0       0       0                        01010500D    533
     126       0       0       2       0                               0D    534
     110     859       0       0       0                        01010000D    535
     110       0       0       1       0                               0D    536
     126     860       0       0       0                        01010500D    537
     126       0       0      11       0                               0D    538
     124     871       0       0       0                        00000000D    539
     124       0       0       2       0                               0D    540
     100     873       0       0       0             539        01010000D    541
     100       0       0       1       0                               0D    542
     126     874       0       0       0                        01010500D    543
     126       0       0       2       0                               0D    544
     110     876       0       0       0                        01010000D    545
     110       0       0       1       0                               0D    546
     126     877       0       0       0                        01010500D    547
     126       0       0      11       0                               0D    548
     124     888       0       0       0                        00000000D    549
     124       0       0       3       0                               0D    550
     100     891       0       0       0             549        01010000D    551
     100       0       0       1       0                               0D    552
     126     892       0       0       0                        01010500D    553
     126       0       0       2       0                               0D    554
     110     894       0       0       0                        01010000D    555
     110       0       0       1       0                               0D    556
     126     895       0       0       0                        01010500D    557
     126       0       0      11       0                               0D    558
     124     906       0       0       0                        00000000D    559
     124       0       0       3       0                               0D    560
     100     909       0       0       0             559        01010000D    561
     100       0       0       1       0                               0D    562
     126     910       0       0       0                        01010500D    563
     126       0       0       2       0                               0D    564
     110     912       0       0       0                        01010000D    565
     110       0       0       1       0                               0D    566
     126     913       0       0       0                        01010500D    567
     126       0       0      11       0                               0D    568
     124     924       0       0       0                        00000000D    569
     124       0       0       3       0                               0D    570
     100     927       0       0       0             569        01010000D    571
     100       0       0       1       0                               0D    572
     102     928       0       0       0                        01010500D    573
     102       0       0       1       0                               0D    574
     102     929       0       0       0                        01010000D    575
     102       0       0       1       0                               0D    576
     142     930       0       0       0                        00010500D    577
     142       0       0       1       0                               0D    578
     144     931       0       0       0                        00000000D    579
     144       0      -1       1       0                               0D    580
     128     932       0       0       0                        01010000D    581
     128       0       0       4       0                               0D    582
     126     936       0       0       0                        01010500D    583
     126       0       0      22       0                               0D    584
     124     958       0       0       0                        00000000D    585
     124       0       0       2       0                               0D    586
     100     960       0       0       0             585        01010000D    587
     100       0       0       1       0                               0D    588
     126     961       0       0       0                        01010500D    589
     126       0       0      21       0                               0D    590
     124     982       0       0       0                        00000000D    591
     124       0       0       3       0                               0D    592
     100     985       0       0       0             591        01010000D    593
     100       0       0       1       0                               0D    594
     102     986       0       0       0                        01010500D    595
     102       0       0       1       0                               0D    596
     102     987       0       0       0                        01010000D    597
     102       0       0       1       0                               0D    598
     142     988       0       0       0                        00010500D    599
     142       0       0       1       0                               0D    600
     144     989       0       0       0                        00000000D    601
     144       0      -1       1       0                               0D    602
     128     990       0       0       0                        01010000D    603
     128       0       0      69       0                               0D    604
     126    1059       0       0       0                        01010500D    605
     126       0       0       6       0                               0D    606
     126    1065       0       0       0                        01010000D    607
     126       0       0      16       0                               0D    608
     126    1081       0       0       0                        01010500D    609
     126       0       0       8       0                               0D    610
     126    1089       0       0       0                        01010000D    611
     126       0       0      10       0                               0D    612
     126    1099       0       0       0                        01010500D    613
     126       0       0      10       0                               0D    614
     126    1109       0       0       0                        01010000D    615
     126       0       0       6       0                               0D    616
     126    1115       0       0       0                        01010500D    617
     126       0       0       3       0                               0D    618
     126    1118       0       0       0                        01010000D    619
     126       0       0       9       0                               0D    620
     126    1127       0       0       0                        01010500D    621
     126       0       0       7       0                               0D    622
     126    1134       0       0       0                        01010000D    623
     126       0       0      19       0                               0D    624
     126    1153       0       0       0                        01010500D    625
     126       0       0       3       0                               0D    626
     126    1156       0       0       0                        01010000D    627
     126       0       0      10       0                               0D    628
     126    1166       0       0       0                        01010500D    629
     126       0       0      10       0                               0D    630
     126    1176       0       0       0                        01010000D    631
     126       0       0      25       0                               0D    632
     126    1201       0       0       0                        01010500D    633
     126       0       0       3       0                               0D    634
     126    1204       0       0       0                        01010000D    635
     126       0       0       9       0                               0D    636
     126    1213       0       0       0                        01010500D    637
     126       0       0      31       0                               0D    638
     126    1244       0       0       0                        01010000D    639
     126       0       0      12       0                               0D    640
     126    1256       0       0       0                        01010500D    641
     126       0       0       2       0                               0D    642
     126    1258       0       0       0                        01010000D    643
     126       0       0       4       0                               0D    644
     126    1262       0       0       0                        01010500D    645
     126       0       0       2       0                               0D    646
     124    1264       0       0       0                        00000000D    647
     124       0       0       2       0                               0D    648
     100    1266       0       0       0             647        01010000D    649
     100       0       0       1       0                               0D    650
     126    1267       0       0       0                        01010500D    651
     126       0       0       2       0                               0D    652
     126    1269       0       0       0                        01010000D    653
     126       0       0       5       0                               0D    654
     102    1274       0       0       0                        01010500D    655
     102       0       0       1       0                               0D    656
     102    1275       0       0       0                        01010000D    657
     102       0       0       1       0                               0D    658
     142    1276       0       0       0                        00010500D    659
     142       0       0       1       0                               0D    660
     144    1277       0       0       0                        00000000D    661
     144       0      -1       1       0                               0D    662
     128    1278       0       0       0                        01010000D    663
     128       0       0     111       0                               0D    664
     126    1389       0       0       0                        01010500D    665
     126       0       0       2       0                               0D    666
     124    1391       0       0       0                        00000000D    667
     124       0       0       3       0                               0D    668
     100    1394       0       0       0             667        01010000D    669
     100       0       0       1       0                               0D    670
     126    1395       0       0       0                        01010500D    671
     126       0       0       2       0                               0D    672
     124    1397       0       0       0                        00000000D    673
     124       0       0       3       0                               0D    674
     100    1400       0       0       0             673        01010000D    675
     100       0       0       1       0                               0D    676
     126    1401       0       0       0                        01010500D    677
     126       0       0       2       0                               0D    678
     100    1403       0       0       0                        01010000D    679
     100       0       0       1       0                               0D    680
     126    1404       0       0       0                        01010500D    681
     126       0       0       2       0                               0D    682
     124    1406       0       0       0                        00000000D    683
     124       0       0       2       0                               0D    684
     100    1408       0       0       0             683        01010000D    685
     100       0       0       1       0                               0D    686
     102    1409       0       0       0                        01010500D    687
     102       0       0       1       0                               0D    688
     102    1410       0       0       0                        01010000D    689
     102       0       0       1       0                               0D    690
     142    1411       0       0       0                        00010500D    691
     142       0       0       1       0                               0D    692
     144    1412       0       0       0                        00000000D    693
     144       0      -1       1       0                               0D    694
     110    1413       0       0       0                        01010000D    695
     110       0       0       1       0                               0D    696
     110    1414       0       0       0                        01010000D    697
     110       0       0       1       0                               0D    698
     120    1415       0       0       0                        01010000D    699
     120       0       0       1       0                               0D    700
     126    1416       0       0       0                        01010500D    701
     126       0       0       2       0                               0D    702
     124    1418       0       0       0                        00000000D    703
     124       0       0       3       0                               0D    704
     100    1421       0       0       0             703        01010000D    705
     100       0       0       1       0                               0D    706
     126    1422       0       0       0                        01010500D    707
     126       0       0       2       0                               0D    708
     110    1424       0       0       0                        01010000D    709
     110       0       0       1       0                               0D    710
     126    1425       0       0       0                        01010500D    711
     126       0       0       2       0                               0D    712
     100    1427       0       0       0                        01010000D    713
     100       0       0       1       0                               0D    714
     126    1428       0       0       0                        01010500D    715
     126       0       0       2       0                               0D    716
     110    1430       0       0       0                        01010000D    717
     110       0       0       1       0                               0D    718
     102    1431       0       0       0                        01010500D    719
     102       0       0       1       0                               0D    720
     102    1432       0       0       0                        01010000D    721
     102       0       0       1       0                               0D    722
     142    1433       0       0       0                        00010500D    723
     142       0       0       1       0                               0D    724
     144    1434       0       0       0                        00000000D    725
     144       0      -1       1       0                               0D    726
     110    1435       0       0       0                        01010000D    727
     110       0       0       1       0                               0D    728
     110    1436       0       0       0                        01010000D    729
     110       0       0       1       0                               0D    730
     120    1437       0       0       0                        01010000D    731
     120       0       0       1       0                               0D    732
     126    1438       0       0       0                        01010500D    733
     126       0       0       2       0                               0D    734
     124    1440       0       0       0                        00000000D    735
     124       0       0       2       0                               0D    736
     100    1442       0       0       0             735        01010000D    737
     100       0       0       1       0                               0D    738
     126    1443       0       0       0                        01010500D    739
     126       0       0       2       0                               0D    740
     110    1445       0       0       0                        01010000D    741
     110       0       0       1       0                               0D    742
     126    1446       0       0       0                        01010500D    743
     126       0       0       2       0                               0D    744
     124    1448       0       0       0                        00000000D    745
     124       0       0       3       0                               0D    746
     100    1451       0       0       0             745        01010000D    747
     100       0       0       1       0                               0D    748
     126    1452       0       0       0                        01010500D    749
     126       0       0       2       0                               0D    750
     110    1454       0       0       0                        01010000D    751
     110       0       0       1       0                               0D    752
     102    1455       0       0       0                        01010500D    753
     102       0       0       1       0                               0D    754
     102    1456       0       0       0                        01010000D    755
     102       0       0       1       0                               0D    756
     142    1457       0       0       0                        00010500D    757
     142       0       0       1       0                               0D    758
     144    1458       0       0       0                        00000000D    759
     144       0      -1       1       0                               0D    760
     128    1459       0       0       0                        01010000D    761
     128       0       0     118       0                               0D    762
     126    1577       0       0       0                        01010500D    763
     126       0       0       2       0                               0D    764
     124    1579       0       0       0                        00000000D    765
     124       0       0       3       0                               0D    766
     100    1582       0       0       0             765        01010000D    767
     100       0       0       1       0                               0D    768
     126    1583       0       0       0                        01010500D    769
     126       0       0       2       0                               0D    770
     124    1585       0       0       0                        00000000D    771
     124       0       0       2       0                               0D    772
     100    1587       0       0       0             771        01010000D    773
     100       0       0       1       0                               0D    774
     126    1588       0       0       0                        01010500D    775
     126       0       0       2       0                               0D    776
     124    1590       0       0       0                        00000000D    777
     124       0       0       2       0                               0D    778
     100    1592       0       0       0             777        01010000D    779
     100       0       0       1       0                               0D    780
     126    1593       0       0       0                        01010500D    781
     126       0       0       2       0                               0D    782
     124    1595       0       0       0                        00000000D    783
     124       0       0       4       0                               0D    784
     100    1599       0       0       0             783        01010000D    785
     100       0       0       1       0                               0D    786
     102    1600       0       0       0                        01010500D    787
     102       0       0       1       0                               0D    788
     102    1601       0       0       0                        01010000D    789
     102       0       0       1       0                               0D    790
     142    1602       0       0       0                        00010500D    791
     142       0       0       1       0                               0D    792
     144    1603       0       0       0                        00000000D    793
     144       0      -1       1       0                               0D    794
     128    1604       0       0       0                        01010000D    795
     128       0       0     117       0                               0D    796
     126    1721       0       0       0                        01010500D    797
     126       0       0       2       0                               0D    798
     124    1723       0       0       0                        00000000D    799
     124       0       0       2       0                               0D    800
     100    1725       0       0       0             799        01010000D    801
     100       0       0       1       0                               0D    802
     126    1726       0       0       0                        01010500D    803
     126       0       0       2       0                               0D    804
     124    1728       0       0       0                        00000000D    805
     124       0       0       3       0                               0D    806
     100    1731       0       0       0             805        01010000D    807
     100       0       0       1       0                               0D    808
     126    1732       0       0       0                        01010500D    809
     126       0       0       2       0                               0D    810
     100    1734       0       0       0                        01010000D    811
     100       0       0       1       0                               0D    812
     126    1735       0       0       0                        01010500D    813
     126       0       0       2       0                               0D    814
     124    1737       0       0       0                        00000000D    815
     124       0       0       3       0                               0D    816
     100    1740       0       0       0             815        01010000D    817
     100       0       0       1       0                               0D    818
     102    1741       0       0       0                        01010500D    819
     102       0       0       1       0                               0D    820
     102    1742       0       0       0                        01010000D    821
     102       0       0       1       0                               0D    822
     142    1743       0       0       0                        00010500D    823
     142       0       0       1       0                               0D    824
     144    1744       0       0       0                        00000000D    825
     144       0      -1       1       0                               0D    826
     110    1745       0       0       0                        01010000D    827
     110       0       0       1       0                               0D    828
     110    1746       0       0       0                        01010000D    829
     110       0       0       1       0                               0D    830
     120    1747       0       0       0                        01010000D    831
     120       0       0       1       0                               0D    832
     126    1748       0       0       0                        01010500D    833
     126       0       0       2       0                               0D    834
     124    1750       0       0       0                        00000000D    835
     124       0       0       3       0                               0D    836
     100    1753       0       0       0             835        01010000D    837
     100       0       0       1       0                               0D    838
     126    1754       0       0       0                        01010500D    839
     126       0       0       2       0                               0D    840
     110    1756       0       0       0                        01010000D    841
     110       0       0       1       0                               0D    842
     126    1757       0       0       0                        01010500D    843
     126       0       0       2       0                               0D    844
     124    1759       0       0       0                        00000000D    845
     124       0       0       2       0                               0D    846
     100    1761       0       0       0             845        01010000D    847
     100       0       0       1       0                               0D    848
     126    1762       0       0       0                        01010500D    849
     126       0       0       2       0                               0D    850
     110    1764       0       0       0                        01010000D    851
     110       0       0       1       0                               0D    852
     102    1765       0       0       0                        01010500D    853
     102       0       0       1       0                               0D    854
     102    1766       0       0       0                        01010000D    855
     102       0       0       1       0                               0D    856
     142    1767       0       0       0                        00010500D    857
     142       0       0       1       0                               0D    858
     144    1768       0       0       0                        00000000D    859
     144       0      -1       1       0                               0D    860
     110    1769       0       0       0                        01010000D    861
     110       0       0       1       0                               0D    862
     110    1770       0       0       0                        01010000D    863
     110       0       0       1       0                               0D    864
     120    1771       0       0       0                        01010000D    865
     120       0       0       1       0                               0D    866
     126    1772       0       0       0                        01010500D    867
     126       0       0       2       0                               0D    868
     124    1774       0       0       0                        00000000D    869
     124       0       0       2       0                               0D    870
     100    1776       0       0       0             869        01010000D    871
     100       0       0       1       0                               0D    872
     126    1777       0       0       0                        01010500D    873
     126       0       0       2       0                               0D    874
     110    1779       0       0       0                        01010000D    875
     110       0       0       1       0                               0D    876
     126    1780       0       0       0                        01010500D    877
     126       0       0       2       0                               0D    878
     100    1782       0       0       0                        01010000D    879
     100       0       0       1       0                               0D    880
     126    1783       0       0       0                        01010500D    881
     126       0       0       2       0                               0D    882
     110    1785       0       0       0                        01010000D    883
     110       0       0       1       0                               0D    884
     102    1786       0       0       0                        01010500D    885
     102       0       0       1       0                               0D    886
     102    1787       0       0       0                        01010000D    887
     102       0       0       1       0                               0D    888
     142    1788       0       0       0                        00010500D    889
     142       0       0       1       0                               0D    890
     144    1789       0       0       0                        00000000D    891
     144       0      -1       1       0                               0D    892
     128    1790       0       0       0                        01010000D    893
     128       0       0     126       0                               0D    894
     126    1916       0       0       0                        01010500D    895
     126       0       0       2       0                               0D    896
     124    1918       0       0       0                        00000000D    897
     124       0       0       3       0                               0D    898
     100    1921       0       0       0             897        01010000D    899
     100       0       0       1       0                               0D    900
     126    1922       0       0       0                        01010500D    901
     126       0       0       2       0                               0D    902
     124    1924       0       0       0                        00000000D    903
     124       0       0       3       0                               0D    904
     100    1927       0       0       0             903        01010000D    905
     100       0       0       1       0                               0D    906
     126    1928       0       0       0                        01010500D    907
     126       0       0       2       0                               0D    908
     124    1930       0       0       0                        00000000D    909
     124       0       0       2       0                               0D    910
     100    1932       0       0       0             909        01010000D    911
     100       0       0       1       0                               0D    912
     126    1933       0       0       0                        01010500D    913
     126       0       0       2       0                               0D    914
     124    1935       0       0       0                        00000000D    915
     124       0       0       4       0                               0D    916
     100    1939       0       0       0             915        01010000D    917
     100       0       0       1       0                               0D    918
     102    1940       0       0       0                        01010500D    919
     102       0       0       1       0                               0D    920
     102    1941       0       0       0                        01010000D    921
     102       0       0       1       0                               0D    922
     142    1942       0       0       0                        00010500D    923
     142       0       0       1       0                               0D    924
     144    1943       0       0       0                        00000000D    925
     144       0      -1       1       0                               0D    926
     128    1944       0       0       0                        01010000D    927
     128       0       0     159       0                               0D    928
     126    2103       0       0       0                        01010500D    929
     126       0       0       2       0                               0D    930
     124    2105       0       0       0                        00000000D    931
     124       0       0       4       0                               0D    932
     100    2109       0       0       0             931        01010000D    933
     100       0       0       2       0                               0D    934
     126    2111       0       0       0                        01010500D    935
     126       0       0       2       0                               0D    936
     126    2113       0       0       0                        01010000D    937
     126       0       0      12       0                               0D    938
     126    2125       0       0       0                        01010500D    939
     126       0       0       2       0                               0D    940
     124    2127       0       0       0                        00000000D    941
     124       0       0       4       0                               0D    942
     100    2131       0       0       0             941        01010000D    943
     100       0       0       2       0                               0D    944
     126    2133       0       0       0                        01010500D    945
     126       0       0       2       0                               0D    946
     126    2135       0       0       0                        01010000D    947
     126       0       0       9       0                               0D    948
     126    2144       0       0       0                        01010500D    949
     126       0       0       2       0                               0D    950
     126    2146       0       0       0                        01010000D    951
     126       0       0      12       0                               0D    952
     126    2158       0       0       0                        01010500D    953
     126       0       0       2       0                               0D    954
     126    2160       0       0       0                        01010000D    955
     126       0       0      13       0                               0D    956
     126    2173       0       0       0                        01010500D    957
     126       0       0       2       0                               0D    958
     126    2175       0       0       0                        01010000D    959
     126       0       0       9       0                               0D    960
     102    2184       0       0       0                        01010500D    961
     102       0       0       1       0                               0D    962
     102    2185       0       0       0                        01010000D    963
     102       0       0       1       0                               0D    964
     142    2186       0       0       0                        00010500D    965
     142       0       0       1       0                               0D    966
     144    2187       0       0       0                        00000000D    967
     144       0      -1       1       0                               0D    968
     128    2188       0       0       0                        01010000D    969
     128       0       0      71       0                               0D    970
     126    2259       0       0       0                        01010500D    971
     126       0       0       2       0                               0D    972
     124    2261       0       0       0                        00000000D    973
     124       0       0       4       0                               0D    974
     100    2265       0       0       0             973        01010000D    975
     100       0       0       2       0                               0D    976
     126    2267       0       0       0                        01010500D    977
     126       0       0       2       0                               0D    978
     126    2269       0       0       0                        01010000D    979
     126       0       0       5       0                               0D    980
     126    2274       0       0       0                        01010500D    981
     126       0       0       2       0                               0D    982
     124    2276       0       0       0                        00000000D    983
     124       0       0       4       0                               0D    984
     100    2280       0       0       0             983        01010000D    985
     100       0       0       1       0                               0D    986
     126    2281       0       0       0                        01010500D    987
     126       0       0       2       0                               0D    988
     126    2283       0       0       0                        01010000D    989
     126       0       0      25       0                               0D    990
     102    2308       0       0       0                        01010500D    991
     102       0       0       1       0                               0D    992
     102    2309       0       0       0                        01010000D    993
     102       0       0       1       0                               0D    994
     142    2310       0       0       0                        00010500D    995
     142       0       0       1       0                               0D    996
     144    2311       0       0       0                        00000000D    997
     144       0      -1       1       0                               0D    998
     128    2312       0       0       0                        01010000D    999
     128       0       0      67       0                               0D   1000
     126    2379       0       0       0                        01010500D   1001
     126       0       0       2       0                               0D   1002
     124    2381       0       0       0                        00000000D   1003
     124       0       0       4       0                               0D   1004
     100    2385       0       0       0            1003        01010000D   1005
     100       0       0       2       0                               0D   1006
     126    2387       0       0       0                        01010500D   1007
     126       0       0       2       0                               0D   1008
     126    2389       0       0       0                        01010000D   1009
     126       0       0       6       0                               0D   1010
     126    2395       0       0       0                        01010500D   1011
     126       0       0       2       0                               0D   1012
     124    2397       0       0       0                        00000000D   1013
     124       0       0       4       0                               0D   1014
     100    2401       0       0       0            1013        01010000D   1015
     100       0       0       1       0                               0D   1016
     126    2402       0       0       0                        01010500D   1017
     126       0       0       2       0                               0D   1018
     126    2404       0       0       0                        01010000D   1019
     126       0       0       5       0                               0D   1020
     102    2409       0       0       0                        01010500D   1021
     102       0       0       1       0                               0D   1022
     102    2410       0       0       0                        01010000D   1023
     102       0       0       1       0                               0D   1024
     142    2411       0       0       0                        00010500D   1025
     142       0       0       1       0                               0D   1026
     144    2412       0       0       0                        00000000D   1027
     144       0      -1       1       0                               0D   1028
     128    2413       0       0       0                        01010000D   1029
     128       0       0     125       0                               0D   1030
     126    2538       0       0       0                        01010500D   1031
     126       0       0       2       0                               0D   1032
     124    2540       0       0       0                        00000000D   1033
     124       0       0       4       0                               0D   1034
     100    2544       0       0       0            1033        01010000D   1035
     100       0       0       1       0                               0D   1036
     126    2545       0       0       0                        01010500D   1037
     126       0       0       2       0                               0D   1038
     126    2547       0       0       0                        01010000D   1039
     126       0       0      10       0                               0D   1040
     126    2557       0       0       0                        01010500D   1041
     126       0       0       2       0                               0D   1042
     124    2559       0       0       0                        00000000D   1043
     124       0       0       4       0                               0D   1044
     100    2563       0       0       0            1043        01010000D   1045
     100       0       0       1       0                               0D   1046
     126    2564       0       0       0                        01010500D   1047
     126       0       0       2       0                               0D   1048
     126    2566       0       0       0                        01010000D   1049
     126       0       0       9       0                               0D   1050
     126    2575       0       0       0                        01010500D   1051
     126       0       0       2       0                               0D   1052
     126    2577       0       0       0                        01010000D   1053
     126       0       0      19       0                               0D   1054
     126    2596       0       0       0                        01010500D   1055
     126       0       0       2       0                               0D   1056
     126    2598       0       0       0                        01010000D   1057
     126       0       0      10       0                               0D   1058
     102    2608       0       0       0                        01010500D   1059
     102       0       0       1       0                               0D   1060
     102    2609       0       0       0                        01010000D   1061
     102       0       0       1       0                               0D   1062
     142    2610       0       0       0                        00010500D   1063
     142       0       0       1       0                               0D   1064
     144    2611       0       0       0                        00000000D   1065
     144       0      -1       1       0                               0D   1066
     128    2612       0       0       0                        01010000D   1067
     128       0       0     115       0                               0D   1068
     126    2727       0       0       0                        01010500D   1069
     126       0       0       2       0                               0D   1070
     126    2729       0       0       0                        01010000D   1071
     126       0       0      21       0                               0D   1072
     126    2750       0       0       0                        01010500D   1073
     126       0       0       2       0                               0D   1074
     126    2752       0       0       0                        01010000D   1075
     126       0       0      10       0                               0D   1076
     126    2762       0       0       0                        01010500D   1077
     126       0       0       2       0                               0D   1078
     124    2764       0       0       0                        00000000D   1079
     124       0       0       4       0                               0D   1080
     100    2768       0       0       0            1079        01010000D   1081
     100       0       0       1       0                               0D   1082
     126    2769       0       0       0                        01010500D   1083
     126       0       0       2       0                               0D   1084
     126    2771       0       0       0                        01010000D   1085
     126       0       0       9       0                               0D   1086
     126    2780       0       0       0                        01010500D   1087
     126       0       0       2       0                               0D   1088
     124    2782       0       0       0                        00000000D   1089
     124       0       0       4       0                               0D   1090
     100    2786       0       0       0            1089        01010000D   1091
     100       0       0       1       0                               0D   1092
     126    2787       0       0       0                        01010500D   1093
     126       0       0       2       0                               0D   1094
     126    2789       0       0       0                        01010000D   1095
     126       0       0       9       0                               0D   1096
     102    2798       0       0       0                        01010500D   1097
     102       0       0       1       0                               0D   1098
     102    2799       0       0       0                        01010000D   1099
     102       0       0       1       0                               0D   1100
     142    2800       0       0       0                        00010500D   1101
     142       0       0       1       0                               0D   1102
     144    2801       0       0       0                        00000000D   1103
     144       0      -1       1       0                               0D   1104
     128    2802       0       0       0                        01010000D   1105
     128       0       0      71       0                               0D   1106
     126    2873       0       0       0                        01010500D   1107
     126       0       0       2       0                               0D   1108
     124    2875       0       0       0                        00000000D   1109
     124       0       0       4       0                               0D   1110
     100    2879       0       0       0            1109        01010000D   1111
     100       0       0       1       0                               0D   1112
     126    2880       0       0       0                        01010500D   1113
     126       0       0       2       0                               0D   1114
     126    2882       0       0       0                        01010000D   1115
     126       0       0       5       0                               0D   1116
     126    2887       0       0       0                        01010500D   1117
     126       0       0       2       0                               0D   1118
     124    2889       0       0       0                        00000000D   1119
     124       0       0       4       0                               0D   1120
     100    2893       0       0       0            1119        01010000D   1121
     100       0       0       2       0                               0D   1122
     126    2895       0       0       0                        01010500D   1123
     126       0       0       2       0                               0D   1124
     126    2897       0       0       0                        01010000D   1125
     126       0       0       6       0                               0D   1126
     102    2903       0       0       0                        01010500D   1127
     102       0       0       1       0                               0D   1128
     102    2904       0       0       0                        01010000D   1129
     102       0       0       1       0                               0D   1130
     142    2905       0       0       0                        00010500D   1131
     142       0       0       1       0                               0D   1132
     144    2906       0       0       0                        00000000D   1133
     144       0      -1       1       0                               0D   1134
     128    2907       0       0       0                        01010000D   1135
     128       0       0      75       0                               0D   1136
     126    2982       0       0       0                        01010500D   1137
     126       0       0       2       0                               0D   1138
     124    2984       0       0       0                        00000000D   1139
     124       0       0       4       0                               0D   1140
     100    2988       0       0       0            1139        01010000D   1141
     100       0       0       1       0                               0D   1142
     126    2989       0       0       0                        01010500D   1143
     126       0       0       2       0                               0D   1144
     126    2991       0       0       0                        01010000D   1145
     126       0       0      27       0                               0D   1146
     126    3018       0       0       0                        01010500D   1147
     126       0       0       2       0                               0D   1148
     124    3020       0       0       0                        00000000D   1149
     124       0       0       4       0                               0D   1150
     100    3024       0       0       0            1149        01010000D   1151
     100       0       0       2       0                               0D   1152
     126    3026       0       0       0                        01010500D   1153
     126       0       0       2       0                               0D   1154
     126    3028       0       0       0                        01010000D   1155
     126       0       0       5       0                               0D   1156
     102    3033       0       0       0                        01010500D   1157
     102       0       0       1       0                               0D   1158
     102    3034       0       0       0                        01010000D   1159
     102       0       0       1       0                               0D   1160
     142    3035       0       0       0                        00010500D   1161
     142       0       0       1       0                               0D   1162
     144    3036       0       0       0                        00000000D   1163
     144       0      -1       1       0                               0D   1164
     128    3037       0       0       0                        01010000D   1165
     128       0       0     151       0                               0D   1166
     126    3188       0       0       0                        01010500D   1167
     126       0       0       2       0                               0D   1168
     124    3190       0       0       0                        00000000D   1169
     124       0       0       4       0                               0D   1170
     100    3194       0       0       0            1169        01010000D   1171
     100       0       0       2       0                               0D   1172
     126    3196       0       0       0                        01010500D   1173
     126       0       0       2       0                               0D   1174
     126    3198       0       0       0                        01010000D   1175
     126       0       0      13       0                               0D   1176
     126    3211       0       0       0                        01010500D   1177
     126       0       0       2       0                               0D   1178
     124    3213       0       0       0                        00000000D   1179
     124       0       0       4       0                               0D   1180
     100    3217       0       0       0            1179        01010000D   1181
     100       0       0       2       0                               0D   1182
     126    3219       0       0       0                        01010500D   1183
     126       0       0       2       0                               0D   1184
     126    3221       0       0       0                        01010000D   1185
     126       0       0       9       0                               0D   1186
     126    3230       0       0       0                        01010500D   1187
     126       0       0       2       0                               0D   1188
     126    3232       0       0       0                        01010000D   1189
     126       0       0      18       0                               0D   1190
     126    3250       0       0       0                        01010500D   1191
     126       0       0       2       0                               0D   1192
     126    3252       0       0       0                        01010000D   1193
     126       0       0      16       0                               0D   1194
     126    3268       0       0       0                        01010500D   1195
     126       0       0       2       0                               0D   1196
     126    3270       0       0       0                        01010000D   1197
     126       0       0      10       0                               0D   1198
     102    3280       0       0       0                        01010500D   1199
     102       0       0       1       0                               0D   1200
     102    3281       0       0       0                        01010000D   1201
     102       0       0       1       0                               0D   1202
     142    3282       0       0       0                        00010500D   1203
     142       0       0       1       0                               0D   1204
     144    3283       0       0       0                        00000000D   1205
     144       0      -1       1       0                               0D   1206
     128    3284       0       0       0                        01010000D   1207
     128       0       0       3       0                               0D   1208
     126    3287       0       0       0                        01010500D   1209
     126       0       0       2       0                               0D   1210
     110    3289       0       0       0                        01010000D   1211
     110       0       0       1       0                               0D   1212
     126    3290       0       0       0                        01010500D   1213
     126       0       0       2       0                               0D   1214
     110    3292       0       0       0                        01010000D   1215
     110       0       0       1       0                               0D   1216
     126    3293       0       0       0                        01010500D   1217
     126       0       0       2       0                               0D   1218
     110    3295       0       0       0                        01010000D   1219
     110       0       0       1       0                               0D   1220
     126    3296       0       0       0                        01010500D   1221
     126       0       0       2       0                               0D   1222
     110    3298       0       0       0                        01010000D   1223
     110       0       0       1       0                               0D   1224
     102    3299       0       0       0                        01010500D   1225
     102       0       0       1       0                               0D   1226
     102    3300       0       0       0                        01010000D   1227
     102       0       0       1       0                               0D   1228
     142    3301       0       0       0                        00010500D   1229
     142       0       0       1       0                               0D   1230
     144    3302       0       0       0                        00000000D   1231
     144       0      -1       1       0                               0D   1232
     110    3303       0       0       0                        01010000D   1233
     110       0       0       1       0                               0D   1234
     110    3304       0       0       0                        01010000D   1235
     110       0       0       1       0                               0D   1236
     120    3305       0       0       0                        01010000D   1237
     120       0       0       1       0                               0D   1238
     126    3306       0       0       0                        01010500D   1239
     126       0       0       2       0                               0D   1240
     124    3308       0       0       0                        00000000D   1241
     124       0       0       4       0                               0D   1242
     100    3312       0       0       0            1241        01010000D   1243
     100       0       0       1       0                               0D   1244
     126    3313       0       0       0                        01010500D   1245
     126       0       0       2       0                               0D   1246
     110    3315       0       0       0                        01010000D   1247
     110       0       0       1       0                               0D   1248
     126    3316       0       0       0                        01010500D   1249
     126       0       0       2       0                               0D   1250
     124    3318       0       0       0                        00000000D   1251
     124       0       0       2       0                               0D   1252
     100    3320       0       0       0            1251        01010000D   1253
     100       0       0       1       0                               0D   1254
     126    3321       0       0       0                        01010500D   1255
     126       0       0       2       0                               0D   1256
     110    3323       0       0       0                        01010000D   1257
     110       0       0       1       0                               0D   1258
     102    3324       0       0       0                        01010500D   1259
     102       0       0       1       0                               0D   1260
     102    3325       0       0       0                        01010000D   1261
     102       0       0       1       0                               0D   1262
     142    3326       0       0       0                        00010500D   1263
     142       0       0       1       0                               0D   1264
     144    3327       0       0       0                        00000000D   1265
     144       0      -1       1       0                               0D   1266
     128    3328       0       0       0                        01010000D   1267
     128       0       0       2       0                               0D   1268
     126    3330       0       0       0                        01010500D   1269
     126       0       0       2       0                               0D   1270
     110    3332       0       0       0                        01010000D   1271
     110       0       0       1       0                               0D   1272
     126    3333       0       0       0                        01010500D   1273
     126       0       0       2       0                               0D   1274
     110    3335       0       0       0                        01010000D   1275
     110       0       0       1       0                               0D   1276
     126    3336       0       0       0                        01010500D   1277
     126       0       0       2       0                               0D   1278
     110    3338       0       0       0                        01010000D   1279
     110       0       0       1       0                               0D   1280
     126    3339       0       0       0                        01010500D   1281
     126       0       0       2       0                               0D   1282
     110    3341       0       0       0                        01010000D   1283
     110       0       0       1       0                               0D   1284
     102    3342       0       0       0                        01010500D   1285
     102       0       0       1       0                               0D   1286
     102    3343       0       0       0                        01010000D   1287
     102       0       0       1       0                               0D   1288
     142    3344       0       0       0                        00010500D   1289
     142       0       0       1       0                               0D   1290
     144    3345       0       0       0                        00000000D   1291
     144       0      -1       1       0                               0D   1292
     110    3346       0       0       0                        01010000D   1293
     110       0       0       1       0                               0D   1294
     110    3347       0       0       0                        01010000D   1295
     110       0       0       1       0                               0D   1296
     120    3348       0       0       0                        01010000D   1297
     120       0       0       1       0                               0D   1298
     126    3349       0       0       0                        01010500D   1299
     126       0       0       2       0                               0D   1300
     124    3351       0       0       0                        00000000D   1301
     124       0       0       3       0                               0D   1302
     100    3354       0       0       0            1301        01010000D   1303
     100       0       0       1       0                               0D   1304
     126    3355       0       0       0                        01010500D   1305
     126       0       0       2       0                               0D   1306
     110    3357       0       0       0                        01010000D   1307
     110       0       0       1       0                               0D   1308
     126    3358       0       0       0                        01010500D   1309
     126       0       0       2       0                               0D   1310
     124    3360       0       0       0                        00000000D   1311
     124       0       0       3       0                               0D   1312
     100    3363       0       0       0            1311        01010000D   1313
     100       0       0       1       0                               0D   1314
     126    3364       0       0       0                        01010500D   1315
     126       0       0       2       0                               0D   1316
     110    3366       0       0       0                        01010000D   1317
     110       0       0       1       0                               0D   1318
     102    3367       0       0       0                        01010500D   1319
     102       0       0       1       0                               0D   1320
     102    3368       0       0       0                        01010000D   1321
     102       0       0       1       0                               0D   1322
     142    3369       0       0       0                        00010500D   1323
     142       0       0       1       0                               0D   1324
     144    3370       0       0       0                        00000000D   1325
     144       0      -1       1       0                               0D   1326
     128    3371       0       0       0                        01010000D   1327
     128       0       0       3       0                               0D   1328
     126    3374       0       0       0                        01010500D   1329
     126       0       0       2       0                               0D   1330
     110    3376       0       0       0                        01010000D   1331
     110       0       0       1       0                               0D   1332
     126    3377       0       0       0                        01010500D   1333
     126       0       0       2       0                               0D   1334
     110    3379       0       0       0                        01010000D   1335
     110       0       0       1       0                               0D   1336
     126    3380       0       0       0                        01010500D   1337
     126       0       0       2       0                               0D   1338
     110    3382       0       0       0                        01010000D   1339
     110       0       0       1       0                               0D   1340
     126    3383       0       0       0                        01010500D   1341
     126       0       0       2       0                               0D   1342
     110    3385       0       0       0                        01010000D   1343
     110       0       0       1       0                               0D   1344
     102    3386       0       0       0                        01010500D   1345
     102       0       0       1       0                               0D   1346
     102    3387       0       0       0                        01010000D   1347
     102       0       0       1       0                               0D   1348
     142    3388       0       0       0                        00010500D   1349
     142       0       0       1       0                               0D   1350
     144    3389       0       0       0                        00000000D   1351
     144       0      -1       1       0                               0D   1352
     110    3390       0       0       0                        01010000D   1353
     110       0       0       1       0                               0D   1354
     110    3391       0       0       0                        01010000D   1355
     110       0       0       1       0                               0D   1356
     120    3392       0       0       0                        01010000D   1357
     120       0       0       1       0                               0D   1358
     126    3393       0       0       0                        01010500D   1359
     126       0       0       2       0                               0D   1360
     124    3395       0       0       0                        00000000D   1361
     124       0       0       3       0                               0D   1362
     100    3398       0       0       0            1361        01010000D   1363
     100       0       0       1       0                               0D   1364
     126    3399       0       0       0                        01010500D   1365
     126       0       0       2       0                               0D   1366
     110    3401       0       0       0                        01010000D   1367
     110       0       0       1       0                               0D   1368
     126    3402       0       0       0                        01010500D   1369
     126       0       0       2       0                               0D   1370
     124    3404       0       0       0                        00000000D   1371
     124       0       0       3       0                               0D   1372
     100    3407       0       0       0            1371        01010000D   1373
     100       0       0       1       0                               0D   1374
     126    3408       0       0       0                        01010500D   1375
     126       0       0       2       0                               0D   1376
     110    3410       0       0       0                        01010000D   1377
     110       0       0       1       0                               0D   1378
     102    3411       0       0       0                        01010500D   1379
     102       0       0       1       0                               0D   1380
     102    3412       0       0       0                        01010000D   1381
     102       0       0       1       0                               0D   1382
     142    3413       0       0       0                        00010500D   1383
     142       0       0       1       0                               0D   1384
     144    3414       0       0       0                        00000000D   1385
     144       0      -1       1       0                               0D   1386
     128    3415       0       0       0                        01010000D   1387
     128       0       0       3       0                               0D   1388
     126    3418       0       0       0                        01010500D   1389
     126       0       0       2       0                               0D   1390
     110    3420       0       0       0                        01010000D   1391
     110       0       0       1       0                               0D   1392
     126    3421       0       0       0                        01010500D   1393
     126       0       0       2       0                               0D   1394
     110    3423       0       0       0                        01010000D   1395
     110       0       0       1       0                               0D   1396
     126    3424       0       0       0                        01010500D   1397
     126       0       0       2       0                               0D   1398
     110    3426       0       0       0                        01010000D   1399
     110       0       0       1       0                               0D   1400
     126    3427       0       0       0                        01010500D   1401
     126       0       0       2       0                               0D   1402
     110    3429       0       0       0                        01010000D   1403
     110       0       0       1       0                               0D   1404
     102    3430       0       0       0                        01010500D   1405
     102       0       0       1       0                               0D   1406
     102    3431       0       0       0                        01010000D   1407
     102       0       0       1       0                               0D   1408
     142    3432       0       0       0                        00010500D   1409
     142       0       0       1       0                               0D   1410
     144    3433       0       0       0                        00000000D   1411
     144       0      -1       1       0                               0D   1412
     110    3434       0       0       0                        01010000D   1413
     110       0       0       1       0                               0D   1414
     110    3435       0       0       0                        01010000D   1415
     110       0       0       1       0                               0D   1416
     120    3436       0       0       0                        01010000D   1417
     120       0       0       1       0                               0D   1418
     126    3437       0       0       0                        01010500D   1419
     126       0       0       2       0                               0D   1420
     124    3439       0       0       0                        00000000D   1421
     124       0       0       4       0                               0D   1422
     100    3443       0       0       0            1421        01010000D   1423
     100       0       0       1       0                               0D   1424
     126    3444       0       0       0                        01010500D   1425
     126       0       0       2       0                               0D   1426
     110    3446       0       0       0                        01010000D   1427
     110       0       0       1       0                               0D   1428
     126    3447       0       0       0                        01010500D   1429
     126       0       0       2       0                               0D   1430
     124    3449       0       0       0                        00000000D   1431
     124       0       0       3       0                               0D   1432
     100    3452       0       0       0            1431        01010000D   1433
     100       0       0       1       0                               0D   1434
     126    3453       0       0       0                        01010500D   1435
     126       0       0       2       0                               0D   1436
     110    3455       0       0       0                        01010000D   1437
     110       0       0       1       0                               0D   1438
     102    3456       0       0       0                        01010500D   1439
     102       0       0       1       0                               0D   1440
     102    3457       0       0       0                        01010000D   1441
     102       0       0       1       0                               0D   1442
     142    3458       0       0       0                        00010500D   1443
     142       0       0       1       0                               0D   1444
     144    3459       0       0       0                        00000000D   1445
     144       0      -1       1       0                               0D   1446
     128    3460       0       0       0                        01010000D   1447
     128       0       0       2       0                               0D   1448
     126    3462       0       0       0                        01010500D   1449
     126       0       0       2       0                               0D   1450
     110    3464       0       0       0                        01010000D   1451
     110       0       0       1       0                               0D   1452
     126    3465       0       0       0                        01010500D   1453
     126       0       0       2       0                               0D   1454
     110    3467       0       0       0                        01010000D   1455
     110       0       0       1       0                               0D   1456
     126    3468       0       0       0                        01010500D   1457
     126       0       0       2       0                               0D   1458
     110    3470       0       0       0                        01010000D   1459
     110       0       0       1       0                               0D   1460
     126    3471       0       0       0                        01010500D   1461
     126       0       0       2       0                               0D   1462
     110    3473       0       0       0                        01010000D   1463
     110       0       0       1       0                               0D   1464
     102    3474       0       0       0                        01010500D   1465
     102       0       0       1       0                               0D   1466
     102    3475       0       0       0                        01010000D   1467
     102       0       0       1       0                               0D   1468
     142    3476       0       0       0                        00010500D   1469
     142       0       0       1       0                               0D   1470
     144    3477       0       0       0                        00000000D   1471
     144       0      -1       1       0                               0D   1472
     110    3478       0       0       0                        01010000D   1473
     110       0       0       1       0                               0D   1474
     110    3479       0       0       0                        01010000D   1475
     110       0       0       1       0                               0D   1476
     120    3480       0       0       0                        01010000D   1477
     120       0       0       1       0                               0D   1478
     126    3481       0       0       0                        01010500D   1479
     126       0       0       2       0                               0D   1480
     124    3483       0       0       0                        00000000D   1481
     124       0       0       3       0                               0D   1482
     100    3486       0       0       0            1481        01010000D   1483
     100       0       0       1       0                               0D   1484
     126    3487       0       0       0                        01010500D   1485
     126       0       0       2       0                               0D   1486
     110    3489       0       0       0                        01010000D   1487
     110       0       0       1       0                               0D   1488
     126    3490       0       0       0                        01010500D   1489
     126       0       0       2       0                               0D   1490
     124    3492       0       0       0                        00000000D   1491
     124       0       0       3       0                               0D   1492
     100    3495       0       0       0            1491        01010000D   1493
     100       0       0       1       0                               0D   1494
     126    3496       0       0       0                        01010500D   1495
     126       0       0       2       0                               0D   1496
     110    3498       0       0       0                        01010000D   1497
     110       0       0       1       0                               0D   1498
     102    3499       0       0       0                        01010500D   1499
     102       0       0       1       0                               0D   1500
     102    3500       0       0       0                        01010000D   1501
     102       0       0       1       0                               0D   1502
     142    3501       0       0       0                        00010500D   1503
     142       0       0       1       0                               0D   1504
     144    3502       0       0       0                        00000000D   1505
     144       0      -1       1       0                               0D   1506
     110    3503       0       0       0                        01010000D   1507
     110       0       0       1       0                               0D   1508
     110    3504       0       0       0                        01010000D   1509
     110       0       0       1       0                               0D   1510
     120    3505       0       0       0                        01010000D   1511
     120       0       0       1       0                               0D   1512
     126    3506       0       0       0                        01010500D   1513
     126       0       0       2       0                               0D   1514
     124    3508       0       0       0                        00000000D   1515
     124       0       0       3       0                               0D   1516
     100    3511       0       0       0            1515        01010000D   1517
     100       0       0       1       0                               0D   1518
     126    3512       0       0       0                        01010500D   1519
     126       0       0       2       0                               0D   1520
     110    3514       0       0       0                        01010000D   1521
     110       0       0       1       0                               0D   1522
     126    3515       0       0       0                        01010500D   1523
     126       0       0       2       0                               0D   1524
     124    3517       0       0       0                        00000000D   1525
     124       0       0       2       0                               0D   1526
     100    3519       0       0       0            1525        01010000D   1527
     100       0       0       1       0                               0D   1528
     126    3520       0       0       0                        01010500D   1529
     126       0       0       2       0                               0D   1530
     110    3522       0       0       0                        01010000D   1531
     110       0       0       1       0                               0D   1532
     102    3523       0       0       0                        01010500D   1533
     102       0       0       1       0                               0D   1534
     102    3524       0       0       0                        01010000D   1535
     102       0       0       1       0                               0D   1536
     142    3525       0       0       0                        00010500D   1537
     142       0       0       1       0                               0D   1538
     144    3526       0       0       0                        00000000D   1539
     144       0      -1       1       0                               0D   1540
     128    3527       0       0       0                        01010000D   1541
     128       0       0       3       0                               0D   1542
     126    3530       0       0       0                        01010500D   1543
     126       0       0       2       0                               0D   1544
     110    3532       0       0       0                        01010000D   1545
     110       0       0       1       0                               0D   1546
     126    3533       0       0       0                        01010500D   1547
     126       0       0       2       0                               0D   1548
     110    3535       0       0       0                        01010000D   1549
     110       0       0       1       0                               0D   1550
     126    3536       0       0       0                        01010500D   1551
     126       0       0       2       0                               0D   1552
     110    3538       0       0       0                        01010000D   1553
     110       0       0       1       0                               0D   1554
     126    3539       0       0       0                        01010500D   1555
     126       0       0       2       0                               0D   1556
     110    3541       0       0       0                        01010000D   1557
     110       0       0       1       0                               0D   1558
     102    3542       0       0       0                        01010500D   1559
     102       0       0       1       0                               0D   1560
     102    3543       0       0       0                        01010000D   1561
     102       0       0       1       0                               0D   1562
     142    3544       0       0       0                        00010500D   1563
     142       0       0       1       0                               0D   1564
     144    3545       0       0       0                        00000000D   1565
     144       0      -1       1       0                               0D   1566
     128    3546       0       0       0                        01010000D   1567
     128       0       0       2       0                               0D   1568
     126    3548       0       0       0                        01010500D   1569
     126       0       0       2       0                               0D   1570
     110    3550       0       0       0                        01010000D   1571
     110       0       0       1       0                               0D   1572
     126    3551       0       0       0                        01010500D   1573
     126       0       0       2       0                               0D   1574
     110    3553       0       0       0                        01010000D   1575
     110       0       0       1       0                               0D   1576
     126    3554       0       0       0                        01010500D   1577
     126       0       0       2       0                               0D   1578
     110    3556       0       0       0                        01010000D   1579
     110       0       0       1       0                               0D   1580
     126    3557       0       0       0                        01010500D   1581
     126       0       0       2       0                               0D   1582
     110    3559       0       0       0                        01010000D   1583
     110       0       0       1       0                               0D   1584
     102    3560       0       0       0                        01010500D   1585
     102       0       0       1       0                               0D   1586
     102    3561       0       0       0                        01010000D   1587
     102       0       0       1       0                               0D   1588
     142    3562       0       0       0                        00010500D   1589
     142       0       0       1       0                               0D   1590
     144    3563       0       0       0                        00000000D   1591
     144       0      -1       1       0                               0D   1592
     110    3564       0       0       0                        01010000D   1593
     110       0       0       1       0                               0D   1594
     110    3565       0       0       0                        01010000D   1595
     110       0       0       1       0                               0D   1596
     120    3566       0       0       0                        01010000D   1597
     120       0       0       1       0                               0D   1598
     126    3567       0       0       0                        01010500D   1599
     126       0       0       2       0                               0D   1600
     124    3569       0       0       0                        00000000D   1601
     124       0       0       3       0                               0D   1602
     100    3572       0       0       0            1601        01010000D   1603
     100       0       0       1       0                               0D   1604
     126    3573       0       0       0                        01010500D   1605
     126       0       0       2       0                               0D   1606
     110    3575       0       0       0                        01010000D   1607
     110       0       0       1       0                               0D   1608
     126    3576       0       0       0                        01010500D   1609
     126       0       0       2       0                               0D   1610
     124    3578       0       0       0                        00000000D   1611
     124       0       0       3       0                               0D   1612
     100    3581       0       0       0            1611        01010000D   1613
     100       0       0       1       0                               0D   1614
     126    3582       0       0       0                        01010500D   1615
     126       0       0       2       0                               0D   1616
     110    3584       0       0       0                        01010000D   1617
     110       0       0       1       0                               0D   1618
     102    3585       0       0       0                        01010500D   1619
     102       0       0       1       0                               0D   1620
     102    3586       0       0       0                        01010000D   1621
     102       0       0       1       0                               0D   1622
     142    3587       0       0       0                        00010500D   1623
     142       0       0       1       0                               0D   1624
     144    3588       0       0       0                        00000000D   1625
     144       0      -1       1       0                               0D   1626
     110    3589       0       0       0                        01010000D   1627
     110       0       0       1       0                               0D   1628
     110    3590       0       0       0                        01010000D   1629
     110       0       0       1       0                               0D   1630
     120    3591       0       0       0                        01010000D   1631
     120       0       0       1       0                               0D   1632
     126    3592       0       0       0                        01010500D   1633
     126       0       0       2       0                               0D   1634
     124    3594       0       0       0                        00000000D   1635
     124       0       0       2       0                               0D   1636
     100    3596       0       0       0            1635        01010000D   1637
     100       0       0       1       0                               0D   1638
     126    3597       0       0       0                        01010500D   1639
     126       0       0       2       0                               0D   1640
     110    3599       0       0       0                        01010000D   1641
     110       0       0       1       0                               0D   1642
     126    3600       0       0       0                        01010500D   1643
     126       0       0       2       0                               0D   1644
     124    3602       0       0       0                        00000000D   1645
     124       0       0       3       0                               0D   1646
     100    3605       0       0       0            1645        01010000D   1647
     100       0       0       1       0                               0D   1648
     126    3606       0       0       0                        01010500D   1649
     126       0       0       2       0                               0D   1650
     110    3608       0       0       0                        01010000D   1651
     110       0       0       1       0                               0D   1652
     102    3609       0       0       0                        01010500D   1653
     102       0       0       1       0                               0D   1654
     102    3610       0       0       0                        01010000D   1655
     102       0       0       1       0                               0D   1656
     142    3611       0       0       0                        00010500D   1657
     142       0       0       1       0                               0D   1658
     144    3612       0       0       0                        00000000D   1659
     144       0      -1       1       0                               0D   1660
     128    3613       0       0       0                        01010000D   1661
     128       0       0       3       0                               0D   1662
     126    3616       0       0       0                        01010500D   1663
     126       0       0       2       0                               0D   1664
     110    3618       0       0       0                        01010000D   1665
     110       0       0       1       0                               0D   1666
     126    3619       0       0       0                        01010500D   1667
     126       0       0       2       0                               0D   1668
     110    3621       0       0       0                        01010000D   1669
     110       0       0       1       0                               0D   1670
     126    3622       0       0       0                        01010500D   1671
     126       0       0       2       0                               0D   1672
     110    3624       0       0       0                        01010000D   1673
     110       0       0       1       0                               0D   1674
     126    3625       0       0       0                        01010500D   1675
     126       0       0       2       0                               0D   1676
     110    3627       0       0       0                        01010000D   1677
     110       0       0       1       0                               0D   1678
     102    3628       0       0       0                        01010500D   1679
     102       0       0       1       0                               0D   1680
     102    3629       0       0       0                        01010000D   1681
     102       0       0       1       0                               0D   1682
     142    3630       0       0       0                        00010500D   1683
     142       0       0       1       0                               0D   1684
     144    3631       0       0       0                        00000000D   1685
     144       0      -1       1       0                               0D   1686
     128    3632       0       0       0                        01010000D   1687
     128       0       0       3       0                               0D   1688
     126    3635       0       0       0                        01010500D   1689
     126       0       0       2       0                               0D   1690
     110    3637       0       0       0                        01010000D   1691
     110       0       0       1       0                               0D   1692
     126    3638       0       0       0                        01010500D   1693
     126       0       0       2       0                               0D   1694
     110    3640       0       0       0                        01010000D   1695
     110       0       0       1       0                               0D   1696
     126    3641       0       0       0                        01010500D   1697
     126       0       0       2       0                               0D   1698
     110    3643       0       0       0                        01010000D   1699
     110       0       0       1       0                               0D   1700
     126    3644       0       0       0                        01010500D   1701
     126       0       0       2       0                               0D   1702
     110    3646       0       0       0                        01010000D   1703
     110       0       0       1       0                               0D   1704
     102    3647       0       0       0                        01010500D   1705
     102       0       0       1       0                               0D   1706
     102    3648       0       0       0                        01010000D   1707
     102       0       0       1       0                               0D   1708
     142    3649       0       0       0                        00010500D   1709
     142       0       0       1       0                               0D   1710
     144    3650       0       0       0                        00000000D   1711
     144       0      -1       1       0                               0D   1712
     128    3651       0       0       0                        01010000D   1713
     128       0       0       3       0                               0D   1714
     126    3654       0       0       0                        01010500D   1715
     126       0       0       2       0                               0D   1716
     110    3656       0       0       0                        01010000D   1717
     110       0       0       1       0                               0D   1718
     126    3657       0       0       0                        01010500D   1719
     126       0       0       2       0                               0D   1720
     110    3659       0       0       0                        01010000D   1721
     110       0       0       1       0                               0D   1722
     126    3660       0       0       0                        01010500D   1723
     126       0       0       2       0                               0D   1724
     110    3662       0       0       0                        01010000D   1725
     110       0       0       2       0                               0D   1726
     126    3664       0       0       0                        01010500D   1727
     126       0       0       2       0                               0D   1728
     110    3666       0       0       0                        01010000D   1729
     110       0       0       1       0                               0D   1730
     102    3667       0       0       0                        01010500D   1731
     102       0       0       1       0                               0D   1732
     102    3668       0       0       0                        01010000D   1733
     102       0       0       1       0                               0D   1734
     142    3669       0       0       0                        00010500D   1735
     142       0       0       1       0                               0D   1736
     144    3670       0       0       0                        00000000D   1737
     144       0      -1       1       0                               0D   1738
     128    3671       0       0       0                        01010000D   1739
     128       0       0       3       0                               0D   1740
     126    3674       0       0       0                        01010500D   1741
     126       0       0       2       0                               0D   1742
     110    3676       0       0       0                        01010000D   1743
     110       0       0       1       0                               0D   1744
     126    3677       0       0       0                        01010500D   1745
     126       0       0       2       0                               0D   1746
     110    3679       0       0       0                        01010000D   1747
     110       0       0       1       0                               0D   1748
     126    3680       0       0       0                        01010500D   1749
     126       0       0       2       0                               0D   1750
     110    3682       0       0       0                        01010000D   1751
     110       0       0       1       0                               0D   1752
     126    3683       0       0       0                        01010500D   1753
     126       0       0       2       0                               0D   1754
     110    3685       0       0       0                        01010000D   1755
     110       0       0       1       0                               0D   1756
     102    3686       0       0       0                        01010500D   1757
     102       0       0       1       0                               0D   1758
     102    3687       0       0       0                        01010000D   1759
     102       0       0       1       0                               0D   1760
     142    3688       0       0       0                        00010500D   1761
     142       0       0       1       0                               0D   1762
     144    3689       0       0       0                        00000000D   1763
     144       0      -1       1       0                               0D   1764
     128    3690       0       0       0                        01010000D   1765
     128       0       0       3       0                               0D   1766
     126    3693       0       0       0                        01010500D   1767
     126       0       0       2       0                               0D   1768
     110    3695       0       0       0                        01010000D   1769
     110       0       0       1       0                               0D   1770
     126    3696       0       0       0                        01010500D   1771
     126       0       0       2       0                               0D   1772
     110    3698       0       0       0                        01010000D   1773
     110       0       0       1       0                               0D   1774
     126    3699       0       0       0                        01010500D   1775
     126       0       0       2       0                               0D   1776
     110    3701       0       0       0                        01010000D   1777
     110       0       0       1       0                               0D   1778
     126    3702       0       0       0                        01010500D   1779
     126       0       0       2       0                               0D   1780
     110    3704       0       0       0                        01010000D   1781
     110       0       0       1       0                               0D   1782
     102    3705       0       0       0                        01010500D   1783
     102       0       0       1       0                               0D   1784
     102    3706       0       0       0                        01010000D   1785
     102       0       0       1       0                               0D   1786
     142    3707       0       0       0                        00010500D   1787
     142       0       0       1       0                               0D   1788
     144    3708       0       0       0                        00000000D   1789
     144       0      -1       1       0                               0D   1790
     128    3709       0       0       0                        01010000D   1791
     128       0       0       4       0                               0D   1792
     126    3713       0       0       0                        01010500D   1793
     126       0       0       2       0                               0D   1794
     110    3715       0       0       0                        01010000D   1795
     110       0       0       1       0                               0D   1796
     126    3716       0       0       0                        01010500D   1797
     126       0       0       2       0                               0D   1798
     110    3718       0       0       0                        01010000D   1799
     110       0       0       2       0                               0D   1800
     126    3720       0       0       0                        01010500D   1801
     126       0       0       2       0                               0D   1802
     110    3722       0       0       0                        01010000D   1803
     110       0       0       1       0                               0D   1804
     126    3723       0       0       0                        01010500D   1805
     126       0       0       2       0                               0D   1806
     110    3725       0       0       0                        01010000D   1807
     110       0       0       1       0                               0D   1808
     102    3726       0       0       0                        01010500D   1809
     102       0       0       1       0                               0D   1810
     102    3727       0       0       0                        01010000D   1811
     102       0       0       1       0                               0D   1812
     142    3728       0       0       0                        00010500D   1813
     142       0       0       1       0                               0D   1814
     144    3729       0       0       0                        00000000D   1815
     144       0      -1       1       0                               0D   1816
     128    3730       0       0       0                        01010000D   1817
     128       0       0       3       0                               0D   1818
     126    3733       0       0       0                        01010500D   1819
     126       0       0       2       0                               0D   1820
     110    3735       0       0       0                        01010000D   1821
     110       0       0       1       0                               0D   1822
     126    3736       0       0       0                        01010500D   1823
     126       0       0       2       0                               0D   1824
     110    3738       0       0       0                        01010000D   1825
     110       0       0       1       0                               0D   1826
     126    3739       0       0       0                        01010500D   1827
     126       0       0       2       0                               0D   1828
     110    3741       0       0       0                        01010000D   1829
     110       0       0       1       0                               0D   1830
     126    3742       0       0       0                        01010500D   1831
     126       0       0       2       0                               0D   1832
     110    3744       0       0       0                        01010000D   1833
     110       0       0       1       0                               0D   1834
     102    3745       0       0       0                        01010500D   1835
     102       0       0       1       0                               0D   1836
     102    3746       0       0       0                        01010000D   1837
     102       0       0       1       0                               0D   1838
     142    3747       0       0       0                        00010500D   1839
     142       0       0       1       0                               0D   1840
     144    3748       0       0       0                        00000000D   1841
     144       0      -1       1       0                               0D   1842
     128    3749       0       0       0                        01010000D   1843
     128       0       0       3       0                               0D   1844
     126    3752       0       0       0                        01010500D   1845
     126       0       0       2       0                               0D   1846
     110    3754       0       0       0                        01010000D   1847
     110       0       0       1       0                               0D   1848
     126    3755       0       0       0                        01010500D   1849
     126       0       0       2       0                               0D   1850
     110    3757       0       0       0                        01010000D   1851
     110       0       0       1       0                               0D   1852
     126    3758       0       0       0                        01010500D   1853
     126       0       0       2       0                               0D   1854
     110    3760       0       0       0                        01010000D   1855
     110       0       0       1       0                               0D   1856
     126    3761       0       0       0                        01010500D   1857
     126       0       0       2       0                               0D   1858
     110    3763       0       0       0                        01010000D   1859
     110       0       0       1       0                               0D   1860
     102    3764       0       0       0                        01010500D   1861
     102       0       0       1       0                               0D   1862
     102    3765       0       0       0                        01010000D   1863
     102       0       0       1       0                               0D   1864
     142    3766       0       0       0                        00010500D   1865
     142       0       0       1       0                               0D   1866
     144    3767       0       0       0                        00000000D   1867
     144       0      -1       1       0                               0D   1868
     128    3768       0       0       0                        01010000D   1869
     128       0       0       3       0                               0D   1870
     126    3771       0       0       0                        01010500D   1871
     126       0       0       2       0                               0D   1872
     110    3773       0       0       0                        01010000D   1873
     110       0       0       1       0                               0D   1874
     126    3774       0       0       0                        01010500D   1875
     126       0       0       2       0                               0D   1876
     110    3776       0       0       0                        01010000D   1877
     110       0       0       1       0                               0D   1878
     126    3777       0       0       0                        01010500D   1879
     126       0       0       2       0                               0D   1880
     110    3779       0       0       0                        01010000D   1881
     110       0       0       1       0                               0D   1882
     126    3780       0       0       0                        01010500D   1883
     126       0       0       2       0                               0D   1884
     110    3782       0       0       0                        01010000D   1885
     110       0       0       1       0                               0D   1886
     102    3783       0       0       0                        01010500D   1887
     102       0       0       1       0                               0D   1888
     102    3784       0       0       0                        01010000D   1889
     102       0       0       1       0                               0D   1890
     142    3785       0       0       0                        00010500D   1891
     142       0       0       1       0                               0D   1892
     144    3786       0       0       0                        00000000D   1893
     144       0      -1       1       0                               0D   1894
     128    3787       0       0       0                        01010000D   1895
     128       0       0       3       0                               0D   1896
     126    3790       0       0       0                        01010500D   1897
     126       0       0       2       0                               0D   1898
     110    3792       0       0       0                        01010000D   1899
     110       0       0       1       0                               0D   1900
     126    3793       0       0       0                        01010500D   1901
     126       0       0       2       0                               0D   1902
     110    3795       0       0       0                        01010000D   1903
     110       0       0       1       0                               0D   1904
     126    3796       0       0       0                        01010500D   1905
     126       0       0       2       0                               0D   1906
     110    3798       0       0       0                        01010000D   1907
     110       0       0       1       0                               0D   1908
     126    3799       0       0       0                        01010500D   1909
     126       0       0       2       0                               0D   1910
     110    3801       0       0       0                        01010000D   1911
     110       0       0       1       0                               0D   1912
     102    3802       0       0       0                        01010500D   1913
     102       0       0       1       0                               0D   1914
     102    3803       0       0       0                        01010000D   1915
     102       0       0       1       0                               0D   1916
     142    3804       0       0       0                        00010500D   1917
     142       0       0       1       0                               0D   1918
     144    3805       0       0       0                        00000000D   1919
     144       0      -1       1       0                               0D   1920
     128    3806       0       0       0                        01010000D   1921
     128       0       0       4       0                               0D   1922
     126    3810       0       0       0                        01010500D   1923
     126       0       0       2       0                               0D   1924
     110    3812       0       0       0                        01010000D   1925
     110       0       0       1       0                               0D   1926
     126    3813       0       0       0                        01010500D   1927
     126       0       0       2       0                               0D   1928
     110    3815       0       0       0                        01010000D   1929
     110       0       0       1       0                               0D   1930
     126    3816       0       0       0                        01010500D   1931
     126       0       0       2       0                               0D   1932
     110    3818       0       0       0                        01010000D   1933
     110       0       0       1       0                               0D   1934
     126    3819       0       0       0                        01010500D   1935
     126       0       0       2       0                               0D   1936
     110    3821       0       0       0                        01010000D   1937
     110       0       0       1       0                               0D   1938
     102    3822       0       0       0                        01010500D   1939
     102       0       0       1       0                               0D   1940
     102    3823       0       0       0                        01010000D   1941
     102       0       0       1       0                               0D   1942
     142    3824       0       0       0                        00010500D   1943
     142       0       0       1       0                               0D   1944
     144    3825       0       0       0                        00000000D   1945
     144       0      -1       1       0                               0D   1946
314,79.2156862745098,81.9607843137255,93.3333333333333,;               1P      1
128,25,3,3,3,0,0,1,0,0,0.499988892322383,0.499988892322383,            3P      2
0.499988892322383,0.499988892322383,0.5,0.56838442055987,              3P      3
0.63676884111974,0.63676884111974,0.64619551223966,                    3P      4
0.655622183359581,0.665048854479502,0.674475525599422,                 3P      5
0.674475525599422,0.709955265967378,0.745435006335334,                 3P      6
0.780914746703289,0.816394487071245,0.816394487071245,                 3P      7
0.825980216285205,0.835565945499165,0.845151674713126,                 3P      8
0.854737403927086,0.854737403927086,0.891053052945315,                 3P      9
0.927368701963543,0.963684350981772,1.,1.,1.,1.,0.,0.,0.,0.,           3P     10
0.96987609917905,0.96987609917905,0.96987609917905,                    3P     11
0.96987609917905,1.,1.,1.,1.,1.,1.,1.,1.,1.,1.,1.,1.,1.,1.,1.,         3P     12
1.,1.,1.,1.,1.,1.,1.,1.,1.,1.,1.,1.,1.,1.,1.,1.,1.,1.,1.,1.,1.,        3P     13
1.,1.,1.,1.,1.,1.,1.,1.,1.,1.,1.,1.,1.,1.,1.,1.,1.,1.,1.,1.,1.,        3P     14
1.,1.,1.,1.,1.,1.,1.,1.,1.,1.,1.,1.,1.,1.,1.,1.,1.,1.,1.,1.,1.,        3P     15
1.,1.,1.,1.,1.,1.,1.,1.,1.,1.,1.,1.,1.,1.,1.,1.,1.,1.,1.,1.,1.,        3P     16
1.,1.,1.,1.,1.,-2.000153596,3.,-0.000143444,-2.000153599,3.,           3P     17
-9.563E-05,-2.000164386,3.,0.294323833,-1.867359194,3.,                3P     18
0.883114944,-1.501057336,3.,1.352535445,-1.249947276,3.,               3P     19
1.561793829,-1.193230487,3.,1.606128602,-1.111054798,3.,               3P     20
1.66399286,-1.027039928,3.,1.717122461,-0.966489313,3.,                3P     21
1.751367578,-0.809418224,3.,1.834266208,-0.54437625,3.,                3P     22
1.940527887,-0.116542928,3.,2.012278892,0.317256757,3.,                3P     23
1.990383587,0.593595203,3.,1.915069412,0.76036574,3.,                  3P     24
1.850214203,0.826236403,3.,1.822326525,0.918840585,3.,                 3P     25
1.777444245,1.010553645,3.,1.727001538,1.074651206,3.,                 3P     26
1.687266713,1.241048095,3.,1.576335453,1.487826407,3.,                 3P     27
1.366355288,1.777030188,3.,0.961957162,1.959403123,3.,                 3P     28
0.494363231,2.,3.,0.163798953,2.,3.,0.,-3.767161851,3.,                3P     29
-0.000357467,-3.767161853,3.,-0.000238311,-3.767169153,3.,             3P     30
0.733463012,-3.677298821,3.,2.200746503,-3.429419436,3.,               3P     31
3.600264889,-3.259491257,3.,4.365329416,-3.194336606,3.,               3P     32
4.556141914,-2.996320783,3.,4.822863237,-2.711305933,3.,               3P     33
5.011194431,-2.501065372,3.,5.06466879,-2.013785428,3.,                3P     34
5.120766953,-1.239026193,3.,5.192675078,-0.066154683,3.,               3P     35
5.241229555,1.110015855,3.,5.226412827,1.890895231,3.,                 3P     36
5.175447125,2.384738868,3.,5.131559088,2.600994272,3.,                 3P     37
5.081491304,2.892494143,3.,4.895463175,3.094018442,3.,                 3P     38
4.633554415,3.162963551,3.,4.448644049,3.275565652,3.,                 3P     39
4.019528298,3.442562502,3.,3.328641155,3.638269004,3.,                 3P     40
2.250931293,3.761682222,3.,1.137673357,3.789154452,3.,                 3P     41
0.380254084,3.789154452,3.,0.,-5.537869611,3.157414421,                3P     42
-0.00057149,-5.537869613,3.157414421,-0.000380993,-5.537873425,        3P     43
3.157414421,1.17260219,-5.490937954,3.157414421,3.518378061,           3P     44
-5.361481041,3.157414421,5.847994333,-5.272734744,3.157414421,         3P     45
7.168865003,-5.19914223,3.157414421,7.506155227,-4.885286272,          3P     46
3.157414421,7.981733615,-4.399271443,3.157414421,8.305266402,          3P     47
-4.039340936,3.157414421,8.377970002,-3.221852138,3.157414421,         3P     48
8.407267698,-1.937375641,3.157414421,8.444822269,-0.019465943,         3P     49
3.157414421,8.470180217,1.899075447,3.157414421,8.462442068,           3P     50
3.184495753,3.157414421,8.435824838,4.005412491,3.157414421,           3P     51
8.412903974,4.372052637,3.157414421,8.340656084,4.862448196,           3P     52
3.157414421,8.013482106,5.173783735,3.157414421,7.540107292,           3P     53
5.247576391,3.157414421,7.210021384,5.306383703,3.157414421,           3P     54
6.462721143,5.393599091,3.157414421,5.290927021,5.495808315,           3P     55
3.157414421,3.539905424,5.560261816,3.157414421,1.780983483,           3P     56
5.574609399,3.157414421,0.596709215,5.574609399,3.157414421,0.,        3P     57
-7.332690678,3.470387464,-0.000785513,-7.332690678,3.470387464,        3P     58
-0.000523675,-7.332691003,3.470387464,1.611741369,-7.328690393,        3P     59
3.470387464,4.83600962,-7.317655952,3.470387464,8.095723778,           3P     60
-7.310091537,3.470387464,9.972400589,-7.228061161,3.470387464,         3P     61
10.45616854,-6.798365068,3.470387464,11.140603992,-6.11135026,         3P     62
3.470387464,11.599338373,-5.601729806,3.470387464,11.691271213,        3P     63
-4.454032154,3.470387464,11.693768443,-2.659838395,3.470387464,        3P     64
11.69696946,0.003109491,3.470387464,11.69913088,2.664021732,           3P     65
3.470387464,11.698471308,4.45398297,3.470387464,11.696202551,          3P     66
5.601972807,3.470387464,11.694248859,6.118997695,3.470387464,          3P     67
11.599820864,6.808288942,3.470387464,11.131501036,7.229435721,         3P     68
3.470387464,10.446660169,7.308075924,3.470387464,9.97139872,           3P     69
7.313088448,3.470387464,8.905913988,7.320522373,3.470387464,           3P     70
7.253212888,7.329234319,3.470387464,4.828879555,7.334728103,           3P     71
3.470387464,2.424293608,7.33595104,3.470387464,0.813164346,            3P     72
7.33595104,3.470387464,0.,0.499988892322383,1.,0.,                     3P     73
0.96987609917905;                                                      3P     74
126,1,1,1,0,1,0,0.,0.,1.,1.,1.,1.,1.,0.,0.,1.,0.86756968,0.,0.,        5P     75
1.,0.,0.,1.;                                                           5P     76
126,3,3,1,0,1,0,0.,0.,0.,0.,0.867569679854765,                         7P     77
0.867569679854765,0.867569679854765,0.867569679854765,1.,1.,1.,        7P     78
1.,2.,3.,0.,3.600427268,3.,0.,5.197894343,3.125956544,0.,              7P     79
6.777789949,3.376541333,0.,0.,0.867569679854765,0.,0.,-1.;             7P     80
126,10,2,1,0,1,0,0.,0.,0.,0.25,0.25,0.5,0.5,0.75,0.75,0.875,           9P     81
0.875,1.,1.,1.,1.,1.,1.,1.,1.,1.,1.,1.,1.,1.,1.,1.,0.86756968,         9P     82
0.,0.981687974,0.86756968,0.,0.962572705,0.870587428,0.,               9P     83
0.945750486,0.873243169,0.,0.925464389,0.87869971,0.,                  9P     84
0.91151741,0.882451158,0.,0.889388234,0.889372537,0.,                  9P     85
0.880623603,0.892113865,0.,0.87186686,0.894880288,0.,                  9P     86
0.863797683,0.897429496,0.,0.854737404,0.90020694,0.,0.,1.,0.,         9P     87
0.,1.;                                                                 9P     88
126,9,3,1,0,1,0,0.00916862427484313,0.00916862427484313,              11P     89
0.00916862427484313,0.00916862427484313,0.0108464180830562,           11P     90
0.0108464180830562,0.0108464180830562,0.018337278338333,              11P     91
0.018337278338333,0.018337278338333,0.018337338338333,                11P     92
0.018337338338333,0.018337338338333,0.018337338338333,1.,1.,1.,       11P     93
1.,1.,1.,1.,1.,1.,1.,6.777789949,3.376541333,0.,6.777789949,          11P     94
3.376541333,0.559265663,6.779275848,3.377021217,1.118533298,          11P     95
6.782176396,3.377956483,1.677790657,6.795126398,3.382132142,          11P     96
4.174692387,6.835390938,3.395189478,6.671358844,6.867141282,          11P     97
3.405350524,9.168075098,6.867141536,3.405350606,9.168095096,          11P     98
6.867141791,3.405350687,9.168115094,6.867142045,3.405350768,          11P     99
9.168135093,0.00916862427484313,0.018337338338333,0.308007636,        11P    100
-0.951383885,0.;                                                      11P    101
126,10,2,1,0,1,0,0.,0.,0.,0.0625,0.0625,0.125,0.125,0.25,0.25,        13P    102
0.5,0.5,1.,1.,1.,1.,1.,1.,1.,1.,1.,1.,1.,1.,1.,1.,0.854737404,        13P    103
0.90020694,0.,0.854586528,0.901275483,0.,0.854448435,                 13P    104
0.902345753,0.,0.854400152,0.902719965,0.,0.8541553,                  13P    105
0.904446747,0.,0.853859697,0.906531439,0.,0.853556363,                13P    106
0.90853528,0.,0.852947812,0.9125554,0.,0.852306521,0.91626049,        13P    107
0.,0.851018037,0.923704765,0.,0.849586006,0.929939435,0.,0.,1.,       13P    108
0.,0.,1.;                                                             13P    109
126,6,3,1,0,1,0,-5.65620890412889E-08,-5.65620890412889E-08,          15P    110
-5.65620890412889E-08,-5.65620890412889E-08,0.,0.,0.,                 15P    111
0.000622075127218268,0.000622075127218268,0.000622075127218268,       15P    112
0.000622075127218268,1.,1.,1.,1.,1.,1.,1.,6.867142045,                15P    113
3.405350768,9.168135093,6.867148462,3.405350562,9.16815282,           15P    114
6.867154958,3.405352639,9.168170471,6.867161414,3.405353575,          15P    115
9.168188161,6.938169245,3.415641069,9.362737773,6.992569842,          15P    116
3.424820524,9.565388636,7.018393116,3.43251692,9.770988782,           15P    117
-5.65620890412889E-08,0.000622075127218268,0.,0.,0.;                  15P    118
126,14,2,1,0,1,0,0.,0.,0.,0.25,0.25,0.375,0.375,0.5,0.5,0.625,        17P    119
0.625,0.75,0.75,0.875,0.875,1.,1.,1.,1.,1.,1.,1.,1.,1.,1.,1.,         17P    120
1.,1.,1.,1.,1.,1.,1.,0.849586006,0.929939435,0.,0.846408644,          17P    121
0.943772795,0.,0.842643847,0.951398142,0.,0.840848448,                17P    122
0.955034605,0.,0.838765169,0.957732051,0.,0.836760391,                17P    123
0.960327853,0.,0.834789687,0.961746664,0.,0.832864494,                17P    124
0.96313271,0.,0.830675588,0.963594709,0.,0.828564142,                 17P    125
0.964040359,0.,0.826539866,0.96356778,0.,0.824459869,                 17P    126
0.963082193,0.,0.82233053,0.961577039,0.,0.820123703,                 17P    127
0.960017111,0.,0.818158059,0.957549698,0.,0.,1.,0.,0.,-1.;            17P    128
126,5,3,1,0,1,0,0.,0.,0.,0.,0.5,0.5,1.,1.,1.,1.,1.,1.,1.,1.,1.,       19P    129
1.,7.018393116,3.43251692,9.770988782,7.075992596,3.44968393,         19P    130
10.229585216,6.968715311,3.458819659,10.713240524,6.370351053,        19P    131
3.466280935,11.412605145,5.897518993,3.465228836,11.604539753,        19P    132
5.434122766,3.458529887,11.564661941,0.,1.,-0.053280221,              19P    133
0.998108464,-0.030671029;                                             19P    134
126,2,2,1,0,1,0,0.,0.,0.,1.,1.,1.,1.,1.,1.,0.818158059,               21P    135
0.957549698,0.,0.817240565,0.956397996,0.,0.816394487,                21P    136
0.955066807,0.,0.,1.,0.,0.,-1.;                                       21P    137
126,6,3,1,0,1,0,0.,0.,0.,0.,0.000147633945853712,                     23P    138
0.000147633945853712,0.000147633945853712,0.000147693945853669,       23P    139
0.000147693945853669,0.000147693945853669,0.000147693945853669,       23P    140
1.,1.,1.,1.,1.,1.,1.,5.434122766,3.458529887,11.564661941,            23P    141
5.385097748,3.457821172,11.560443067,5.336219592,3.457035833,         23P    142
11.553757961,5.287881753,3.456160741,11.544568777,5.287862108,        23P    143
3.456160385,11.544565042,5.287842463,3.45616003,11.544561307,         23P    144
5.287822818,3.456159674,11.544557572,0.,0.000147693945853669,         23P    145
0.,0.,0.;                                                             23P    146
126,10,2,1,0,1,0,0.,0.,0.,0.0714285714285714,                         25P    147
0.0714285714285714,0.125,0.125,0.25,0.25,0.5,0.5,1.,1.,1.,1.,         25P    148
1.,1.,1.,1.,1.,1.,1.,1.,1.,1.,0.816394487,0.955066807,0.,             25P    149
0.815228674,0.955001492,0.,0.806364579,0.954709365,0.,                25P    150
0.802549825,0.954583645,0.,0.798805287,0.954476228,0.,                25P    151
0.789773532,0.95421714,0.,0.781067768,0.9540624,0.,0.76305604,        25P    152
0.953742251,0.,0.745356681,0.953853273,0.,0.712706813,                25P    153
0.954058076,0.,0.674475526,0.955861777,0.,0.,1.,0.,0.,1.;             25P    154
126,18,3,1,0,1,0,-5.89635747928587E-08,-5.89635747928587E-08,         27P    155
-5.89635747928587E-08,-5.89635747928587E-08,0.,0.,0.,                 27P    156
0.0025379494151953,0.0025379494151953,0.0025379494151953,             27P    157
0.00527907490230435,0.00527907490230435,0.00527907490230435,          27P    158
0.00664964183631991,0.00664964183631991,0.00664964183631991,          27P    159
0.0105838207788573,0.0105838207788573,0.0105838207788573,             27P    160
0.0105838807788573,0.0105838807788573,0.0105838807788573,             27P    161
0.0105838807788573,1.,1.,1.,1.,1.,1.,1.,1.,1.,1.,1.,1.,1.,1.,         27P    162
1.,1.,1.,1.,1.,5.287822818,3.456159674,11.544557572,                  27P    163
5.287803169,3.456159248,11.544557513,5.287783509,3.456159655,         27P    164
11.544557471,5.287763855,3.456159646,11.544557421,4.441783591,        27P    165
3.45575164,11.542390366,3.595801864,3.45543051,11.54068741,           27P    166
2.74981944,3.455227816,11.539606175,1.836111827,3.455008896,          27P    167
11.538438383,0.922402881,3.454930052,11.538007583,0.008694571,        27P    168
3.455002413,11.538371407,-0.448161109,3.455038594,11.538553319,       27P    169
-0.905016747,3.455112237,11.538932318,-1.361872104,3.455220855,       27P    170
11.539496158,-2.673263653,3.455532641,11.541114648,                   27P    171
-3.984653491,3.456140429,11.544296832,-5.296039389,3.456917865,       27P    172
11.548411477,-5.296059389,3.456917877,11.54841154,-5.296079389,       27P    173
3.456917889,11.548411603,-5.296099389,3.456917901,11.548411666,       27P    174
-5.89635747928587E-08,0.0105838807788573,0.,0.,0.;                    27P    175
126,2,2,1,0,1,0,0.,0.,0.,1.,1.,1.,1.,1.,1.,0.674475526,               29P    176
0.955861777,0.,0.673611191,0.95714934,0.,0.672781627,                 29P    177
0.958155997,0.,0.,1.,0.,0.,-1.;                                       29P    178
126,6,3,1,0,1,0,-5.90410978707027E-08,-5.90410978707027E-08,          31P    179
-5.90410978707027E-08,-5.90410978707027E-08,0.,0.,0.,                 31P    180
0.000141481349715464,0.000141481349715464,0.000141481349715464,       31P    181
0.000141481349715464,1.,1.,1.,1.,1.,1.,1.,-5.296099389,               31P    182
3.456917901,11.548411666,-5.296118747,3.45691788,11.548415213,        31P    183
-5.296138098,3.456918574,11.548418767,-5.296157453,3.45691891,        31P    184
11.548422317,-5.342537265,3.457725194,11.556929431,                   31P    185
-5.389393814,3.458451807,11.563145028,-5.436383751,3.4591096,         31P    186
11.56709739,-5.90410978707027E-08,0.000141481349715464,0.,0.,         31P    187
0.;                                                                   31P    188
126,14,2,1,0,1,0,0.,0.,0.,0.125,0.125,0.25,0.25,0.375,0.375,          33P    189
0.5,0.5,0.625,0.625,0.75,0.75,1.,1.,1.,1.,1.,1.,1.,1.,1.,1.,1.,       33P    190
1.,1.,1.,1.,1.,1.,1.,0.672781627,0.958155997,0.,0.670799601,          33P    191
0.960561144,0.,0.66859164,0.962050089,0.,0.666484865,0.9634708,       33P    192
0.,0.664427348,0.963898461,0.,0.662389791,0.964321974,0.,             33P    193
0.660298867,0.963824074,0.,0.658144038,0.963310956,0.,                33P    194
0.656261968,0.961880865,0.,0.654293285,0.960384961,0.,                33P    195
0.652328661,0.957727131,0.,0.650296003,0.954977261,0.,                33P    196
0.648564347,0.95129302,0.,0.644921646,0.943542871,0.,                 33P    197
0.641864254,0.929394346,0.,0.,1.,0.,0.,-1.;                           33P    198
126,24,3,1,0,1,0,0.,0.,0.,0.,0.00017519401431943,                     35P    199
0.00017519401431943,0.00017519401431943,0.000673430288795297,         35P    200
0.000673430288795297,0.000673430288795297,0.000852209886729481,       35P    201
0.000852209886729481,0.000852209886729481,0.00134779127379588,        35P    202
0.00134779127379588,0.00134779127379588,0.00149992449679533,          35P    203
0.00149992449679533,0.00149992449679533,0.00201788709521837,          35P    204
0.00201788709521837,0.00201788709521837,0.00219183033427905,          35P    205
0.00219183033427905,0.00219183033427905,0.00278204084819632,          35P    206
0.00278204084819632,0.00278204084819632,0.00278204084819632,1.,       35P    207
1.,1.,1.,1.,1.,1.,1.,1.,1.,1.,1.,1.,1.,1.,1.,1.,1.,1.,1.,1.,1.,       35P    208
1.,1.,1.,-5.436383751,3.4591096,11.56709739,-5.494570613,             35P    209
3.459924134,11.571991534,-5.553148855,3.460635927,11.573430966,       35P    210
-5.611510262,3.461258454,11.571459782,-5.775453257,3.463007194,       35P    211
11.56592253,-5.940971803,3.464107331,11.53303129,-6.093738811,        35P    212
3.464561204,11.473256213,-6.149266541,3.464726178,11.451529177,       35P    213
-6.203490764,3.464802881,11.426172066,-6.255877241,3.46480322,        35P    214
11.397692652,-6.399366939,3.46480415,11.319685832,-6.531956741,       35P    215
3.464264125,11.216641484,-6.64170584,3.463025687,11.095695385,        35P    216
-6.675835486,3.462640559,11.058083709,-6.707864484,3.462174483,       35P    217
11.018471776,-6.737670212,3.46164419,10.977350534,-6.837871201,       35P    218
3.459861451,10.839109019,-6.91498281,3.457366003,10.681570758,        35P    219
-6.964817563,3.453983381,10.518294342,-6.981753387,3.452833832,       35P    220
10.462806544,-6.995675165,3.451572324,10.406309606,                   35P    221
-7.006438368,3.45018298,10.349307303,-7.042511204,3.4455266,          35P    222
10.158264288,-7.042616841,3.439319145,9.959124474,-7.018487062,       35P    223
3.432010983,9.766291101,0.,0.00278204084819632,0.011903501,           35P    224
0.999620431,-0.024845547;                                             35P    225
126,2,2,1,0,1,0,0.,0.,0.,1.,1.,1.,1.,1.,1.,0.641864254,               37P    226
0.929394346,0.,0.639014694,0.916207595,0.,0.636768841,                37P    227
0.897481224,0.,0.,1.,0.,0.,-1.;                                       37P    228
126,6,3,1,0,1,0,0.,0.,0.,0.,0.000654703039883546,                     39P    229
0.000654703039883546,0.000654703039883546,0.000654763039883538,       39P    230
0.000654763039883538,0.000654763039883538,0.000654763039883538,       39P    231
1.,1.,1.,1.,1.,1.,1.,-7.018487062,3.432010983,9.766291101,            39P    232
-6.991409249,3.423809952,9.549898483,-6.933164465,3.413963413,        39P    233
9.33674435,-6.85739983,3.402907285,9.132382631,-6.857392886,          39P    234
3.402906272,9.132363902,-6.857385942,3.402905258,9.132345174,         39P    235
-6.857378999,3.402904245,9.132326445,0.,0.000654763039883538,         39P    236
0.06197355,0.997625201,-0.03005392;                                   39P    237
126,10,2,1,0,1,0,0.,0.,0.,0.125,0.125,0.25,0.25,0.5,0.5,0.75,         41P    238
0.75,1.,1.,1.,1.,1.,1.,1.,1.,1.,1.,1.,1.,1.,1.,0.636768841,           41P    239
0.897481224,0.,0.636706142,0.897430507,0.,0.620363896,                41P    240
0.892665108,0.,0.610931039,0.889914487,0.,0.60373835,                 41P    241
0.887892651,0.,0.584342429,0.882440533,0.,0.569832106,                41P    242
0.87911319,0.,0.551383302,0.874882718,0.,0.535153118,                 41P    243
0.872757926,0.,0.517076237,0.870391372,0.,0.5,0.870391372,0.,         41P    244
0.,1.,0.,0.,1.;                                                       41P    245
126,15,3,1,0,1,0,-5.64455235699079E-08,-5.64455235699079E-08,         43P    246
-5.64455235699079E-08,-5.64455235699079E-08,0.,0.,0.,                 43P    247
0.00372802635910928,0.00372802635910928,0.00372802635910928,          43P    248
0.0059788495049631,0.0059788495049631,0.0059788495049631,             43P    249
0.00822735662310858,0.00822735662310858,0.00822735662310858,          43P    250
0.00913268934598799,0.00913268934598799,0.00913268934598799,          43P    251
0.00913268934598799,1.,1.,1.,1.,1.,1.,1.,1.,1.,1.,1.,1.,1.,1.,        43P    252
1.,1.,-6.857378999,3.402904245,9.132326445,-6.857378281,              43P    253
3.402901904,9.13230779,-6.857378542,3.402904103,9.132288818,          43P    254
-6.857378313,3.402904033,9.132270004,-6.842284959,3.398223072,        43P    255
7.889695032,-6.827009396,3.393421186,6.647121551,-6.813841115,        43P    256
3.389281483,5.404522766,-6.805890674,3.386782108,4.654295079,         43P    257
-6.798774245,3.384546913,3.904055889,-6.793285328,3.382819436,        43P    258
3.15380398,-6.787802067,3.381093739,2.404325027,-6.783926034,         43P    259
3.379873018,1.654829887,-6.782182041,3.379324295,0.90533112,          43P    260
-6.781479844,3.379103359,0.60355475,-6.781120205,3.378990301,         43P    261
0.301777268,-6.781120205,3.378990301,0.,-5.64455235699079E-08,        43P    262
0.00913268934598799,0.,0.,0.;                                         43P    263
126,1,1,1,0,1,0,0.,0.,1.,1.,1.,1.,0.5,0.870391372,0.,0.5,0.,0.,       45P    264
0.,1.,0.,0.,1.;                                                       45P    265
126,3,3,1,0,1,0,0.129608628101909,0.129608628101909,                  47P    266
0.129608628101909,0.129608628101909,1.,1.,1.,1.,1.,1.,1.,1.,          47P    267
-6.781120205,3.378990301,0.,-5.174648986,3.126777201,0.,              47P    268
-3.585911554,3.,0.,-2.000153601,3.,0.,0.129608628101909,1.,0.,        47P    269
0.,-1.;                                                               47P    270
126,1,1,1,0,1,0,0.,0.,1.,1.,1.,1.,0.499999997,0.,0.,1.,0.,0.,         49P    271
0.,1.,0.,0.,1.;                                                       49P    272
124,-1.,-2.10734244613446E-08,0.,6.32202733840338E-08,                51P    273
1.29037509068296E-24,-6.12323399573676E-17,1.,3.,                     51P    274
-2.10734244613446E-08,1.,6.12323399573677E-17,-3.;                    51P    275
100,0.,0.,3.,2.,3.,-2.,2.999999958;                                   53P    276
102,12,5,9,13,17,21,25,29,33,37,41,45,49;                             55P    277
102,12,7,11,15,19,23,27,31,35,39,43,47,53;                            57P    278
142,1,3,55,57,1;                                                      59P    279
144,3,1,0,59;                                                         61P    280
128,1,1,1,1,0,0,1,0,0,0.,0.,1.,1.,0.,0.,1.,1.,1.,1.,1.,1.,-7.,        63P    281
1.5,-11.5,-7.,1.5,11.5,7.,1.5,-11.5,7.,1.5,11.5,0.,1.,0.,1.;          63P    282
126,1,1,1,0,1,0,0.,0.,1.,1.,1.,1.,0.032608696,0.,0.,                  65P    283
0.967391304,0.,0.,0.,1.,0.,0.,1.;                                     65P    284
110,-7.,1.5,-10.75,-7.,1.5,10.75;                                     67P    285
126,8,2,1,0,1,0,0.,0.,0.,0.25,0.25,0.5,0.5,0.75,0.75,1.,1.,1.,        69P    286
1.,1.,1.,1.,1.,1.,1.,1.,1.,0.967391304,0.,0.,0.973877577,0.,0.,       69P    287
0.979870112,0.004077882,0.,0.985862647,0.008155764,0.,                69P    288
0.990449134,0.015690708,0.,0.995035622,0.023225652,0.,                69P    289
0.997517811,0.03307053,0.,1.,0.042915409,0.,1.,0.053571429,0.,        69P    290
0.,1.,0.,0.,-1.;                                                      69P    291
124,-1.,1.40883900352873E-14,0.,-12.5,-8.62665088092701E-31,          71P    292
-6.12323399573677E-17,1.,-9.25,1.40883900352873E-14,1.,               71P    293
6.12323399573677E-17,9.25000000000009;                                71P    294
100,10.75,-6.25,1.5,-5.5,1.5,-6.25,2.25;                              73P    295
126,1,1,1,0,1,0,0.,0.,1.,1.,1.,1.,1.,0.053571429,0.,1.,               75P    296
0.946428571,0.,0.,1.,0.,0.,1.;                                        75P    297
110,-6.25,1.5,11.5,6.25,1.5,11.5;                                     77P    298
126,8,2,1,0,1,0,0.,0.,0.,0.25,0.25,0.5,0.5,0.75,0.75,1.,1.,1.,        79P    299
1.,1.,1.,1.,1.,1.,1.,1.,1.,1.,0.946428571,0.,1.,0.957084591,0.,       79P    300
0.997517811,0.96692947,0.,0.995035622,0.976774348,0.,                 79P    301
0.990449134,0.984309292,0.,0.985862647,0.991844236,0.,                79P    302
0.979870112,0.995922118,0.,0.973877577,1.,0.,0.967391304,1.,0.,       79P    303
0.,1.,0.,0.,-1.;                                                      79P    304
124,1.40271576953299E-14,1.,0.,4.74999999999991,                      81P    305
-6.12323399573677E-17,8.58915688636046E-31,1.,-9.25,1.,               81P    306
-1.40271576953299E-14,6.12323399573677E-17,4.50000000000002;          81P    307
100,10.75,6.25,1.5,7.,1.5,6.25,2.25;                                  83P    308
126,1,1,1,0,1,0,0.,0.,1.,1.,1.,1.,0.967391304,1.,0.,                  85P    309
0.032608696,1.,0.,0.,1.,0.,0.,1.;                                     85P    310
110,7.,1.5,10.75,7.,1.5,-10.75;                                       87P    311
126,8,2,1,0,1,0,0.,0.,0.,0.25,0.25,0.5,0.5,0.75,0.75,1.,1.,1.,        89P    312
1.,1.,1.,1.,1.,1.,1.,1.,1.,0.032608696,1.,0.,0.026122423,1.,0.,       89P    313
0.020129888,0.995922118,0.,0.014137353,0.991844236,0.,                89P    314
0.009550866,0.984309292,0.,0.004964378,0.976774348,0.,                89P    315
0.002482189,0.96692947,0.,0.,0.957084591,0.,0.,0.946428571,0.,        89P    316
0.,1.,0.,0.,-1.;                                                      89P    317
124,1.,0.,0.,0.,0.,6.12323399573677E-17,1.,12.25,0.,-1.,              91P    318
6.12323399573677E-17,-9.25000000000001;                               91P    319
100,-10.75,6.25,1.5,7.,1.5,6.25,2.25;                                 93P    320
126,1,1,1,0,1,0,0.,0.,1.,1.,1.,1.,0.,0.946428571,0.,0.,               95P    321
0.053571429,0.,0.,1.,0.,0.,1.;                                        95P    322
110,6.25,1.5,-11.5,-6.25,1.5,-11.5;                                   97P    323
126,8,2,1,0,1,0,0.,0.,0.,0.25,0.25,0.5,0.5,0.75,0.75,1.,1.,1.,        99P    324
1.,1.,1.,1.,1.,1.,1.,1.,1.,0.,0.053571429,0.,0.,0.042915409,0.,       99P    325
0.002482189,0.03307053,0.,0.004964378,0.023225652,0.,                 99P    326
0.009550866,0.015690708,0.,0.014137353,0.008155764,0.,                99P    327
0.020129888,0.004077882,0.,0.026122423,0.,0.,0.032608696,0.,0.,       99P    328
0.,1.,0.,0.,-1.;                                                      99P    329
124,6.12323399573677E-17,-1.,0.,-4.75,6.12323399573677E-17,          101P    330
3.74939945665464E-33,1.,12.25,-1.,-6.12323399573677E-17,             101P    331
6.12323399573677E-17,-17.;                                           101P    332
100,-10.75,-6.25,1.5,-5.5,1.5,-6.25,2.25;                            103P    333
102,8,65,69,75,79,85,89,95,99;                                       105P    334
102,8,67,73,77,83,87,93,97,103;                                      107P    335
142,1,63,105,107,1;                                                  109P    336
126,1,1,1,0,1,0,0.,0.,1.,1.,1.,1.,0.426086957,0.2375,0.,             111P    337
0.426086957,0.355357143,0.,0.,1.,0.,0.,1.;                           111P    338
110,-3.675,1.5,-1.7,-2.025,1.5,-1.7;                                 113P    339
126,1,1,1,0,1,0,0.,0.,1.,1.,1.,1.,0.426086957,0.355357143,0.,        115P    340
0.573913043,0.355357143,0.,0.,1.,0.,0.,1.;                           115P    341
110,-2.025,1.5,-1.7,-2.025,1.5,1.7;                                  117P    342
126,1,1,1,0,1,0,0.,0.,1.,1.,1.,1.,0.573913043,0.355357143,0.,        119P    343
0.573913043,0.2375,0.,0.,1.,0.,0.,1.;                                119P    344
110,-2.025,1.5,1.7,-3.675,1.5,1.7;                                   121P    345
126,1,1,1,0,1,0,0.,0.,1.,1.,1.,1.,0.573913043,0.2375,0.,             123P    346
0.426086957,0.2375,0.,0.,1.,0.,0.,1.;                                123P    347
110,-3.675,1.5,1.7,-3.675,1.5,-1.7;                                  125P    348
102,4,111,115,119,123;                                               127P    349
102,4,113,117,121,125;                                               129P    350
142,1,63,127,129,1;                                                  131P    351
126,1,1,1,0,1,0,0.,0.,1.,1.,1.,1.,0.426086957,0.644642857,0.,        133P    352
0.426086957,0.7625,0.,0.,1.,0.,0.,1.;                                133P    353
110,2.025,1.5,-1.7,3.675,1.5,-1.7;                                   135P    354
126,1,1,1,0,1,0,0.,0.,1.,1.,1.,1.,0.426086957,0.7625,0.,             137P    355
0.573913043,0.7625,0.,0.,1.,0.,0.,1.;                                137P    356
110,3.675,1.5,-1.7,3.675,1.5,1.7;                                    139P    357
126,1,1,1,0,1,0,0.,0.,1.,1.,1.,1.,0.573913043,0.7625,0.,             141P    358
0.573913043,0.644642857,0.,0.,1.,0.,0.,1.;                           141P    359
110,3.675,1.5,1.7,2.025,1.5,1.7;                                     143P    360
126,1,1,1,0,1,0,0.,0.,1.,1.,1.,1.,0.573913043,0.644642857,0.,        145P    361
0.426086957,0.644642857,0.,0.,1.,0.,0.,1.;                           145P    362
110,2.025,1.5,1.7,2.025,1.5,-1.7;                                    147P    363
102,4,133,137,141,145;                                               149P    364
102,4,135,139,143,147;                                               151P    365
142,1,63,149,151,1;                                                  153P    366
144,63,1,2,109,131,153;                                              155P    367
110,8.,3.5,12.5,8.,-996.5,12.5;                                      157P    368
110,8.,3.,11.5,8.,0.,11.5;                                           159P    369
120,157,159,0.,6.28318530717959;                                     161P    370
126,1,1,1,0,1,0,0.,0.,1.,1.,1.,1.,1.,1.570796327,0.,0.,              163P    371
1.570796327,0.,0.,1.,0.,0.,1.;                                       163P    372
110,9.,0.,12.5,9.,3.,12.5;                                           165P    373
126,1,1,1,0,1,0,0.,0.,1.,1.,1.,1.,0.,1.570796327,0.,0.,              167P    374
3.141592654,0.,0.,1.,0.,0.,1.;                                       167P    375
124,1.,0.,0.,0.,0.,6.12323399573677E-17,-1.,15.5,0.,1.,              169P    376
6.12323399573677E-17,9.5;                                            169P    377
100,12.5,8.,3.,9.,3.,8.,4.;                                          171P    378
126,1,1,1,0,1,0,0.,0.,1.,1.,1.,1.,0.,3.141592654,0.,1.,              173P    379
3.141592654,0.,0.,1.,0.,0.,1.;                                       173P    380
110,8.,3.,13.5,8.,0.,13.5;                                           175P    381
126,1,1,1,0,1,0,0.,0.,1.,1.,1.,1.,1.,3.141592654,0.,1.,              177P    382
1.570796327,0.,0.,1.,0.,0.,1.;                                       177P    383
124,1.40271576953299E-14,1.,0.,7.99999999999989,                     179P    384
-6.12323399573677E-17,8.58915688636046E-31,1.,-12.5,1.,              179P    385
-1.40271576953299E-14,6.12323399573677E-17,4.5;                      179P    386
100,12.5,8.,0.,9.,0.,8.,1.;                                          181P    387
102,4,163,167,173,177;                                               183P    388
102,4,165,171,175,181;                                               185P    389
142,1,161,183,185,1;                                                 187P    390
144,161,1,0,187;                                                     189P    391
128,1,1,1,1,0,0,1,0,0,0.,0.,1.,1.,0.,0.,1.,1.,1.,1.,1.,1.,9.,        191P    392
0.,-12.5,9.,0.,12.5,9.,3.,-12.5,9.,3.,12.5,0.,1.,0.,1.;              191P    393
126,1,1,1,0,1,0,0.,0.,1.,1.,1.,1.,0.,0.,0.,1.,0.,0.,0.,1.,0.,        193P    394
0.,1.;                                                               193P    395
110,9.,0.,-12.5,9.,0.,12.5;                                          195P    396
126,1,1,1,0,1,0,0.,0.,1.,1.,1.,1.,1.,0.,0.,1.,1.,0.,0.,1.,0.,        197P    397
0.,1.;                                                               197P    398
110,9.,0.,12.5,9.,3.,12.5;                                           199P    399
126,1,1,1,0,1,0,0.,0.,1.,1.,1.,1.,1.,1.,0.,0.,1.,0.,0.,1.,0.,        201P    400
0.,1.;                                                               201P    401
110,9.,3.,12.5,9.,3.,-12.5;                                          203P    402
126,1,1,1,0,1,0,0.,0.,1.,1.,1.,1.,0.,1.,0.,0.,0.,0.,0.,1.,0.,        205P    403
0.,1.;                                                               205P    404
110,9.,3.,-12.5,9.,0.,-12.5;                                         207P    405
102,4,193,197,201,205;                                               209P    406
102,4,195,199,203,207;                                               211P    407
142,1,191,209,211,1;                                                 213P    408
144,191,1,0,213;                                                     215P    409
110,8.,3.5,-12.5,8.,-996.5,-12.5;                                    217P    410
110,8.,3.,-13.5,8.,0.,-13.5;                                         219P    411
120,217,219,0.,6.28318530717959;                                     221P    412
126,1,1,1,0,1,0,0.,0.,1.,1.,1.,1.,1.,0.,0.,0.,0.,0.,0.,1.,0.,        223P    413
0.,1.;                                                               223P    414
110,8.,0.,-13.5,8.,3.,-13.5;                                         225P    415
126,1,1,1,0,1,0,0.,0.,1.,1.,1.,1.,0.,0.,0.,0.,1.570796327,0.,        227P    416
0.,1.,0.,0.,1.;                                                      227P    417
124,1.40271576953299E-14,1.,0.,4.99999999999988,                     229P    418
-6.12323399573677E-17,8.58915688636046E-31,-1.,                      229P    419
-9.50000000000001,-1.,1.40271576953299E-14,                          229P    420
6.12323399573677E-17,-4.50000000000005;                              229P    421
100,-12.5,8.,3.,9.,3.,8.,4.;                                         231P    422
126,1,1,1,0,1,0,0.,0.,1.,1.,1.,1.,0.,1.570796327,0.,1.,              233P    423
1.570796327,0.,0.,1.,0.,0.,1.;                                       233P    424
110,9.,3.,-12.5,9.,0.,-12.5;                                         235P    425
126,1,1,1,0,1,0,0.,0.,1.,1.,1.,1.,1.,1.570796327,0.,1.,0.,0.,        237P    426
0.,1.,0.,0.,1.;                                                      237P    427
124,1.,0.,0.,0.,0.,6.12323399573677E-17,1.,12.5,0.,-1.,              239P    428
6.12323399573677E-17,-12.5;                                          239P    429
100,-12.5,8.,0.,9.,0.,8.,1.;                                         241P    430
102,4,223,227,233,237;                                               243P    431
102,4,225,231,235,241;                                               245P    432
142,1,221,243,245,1;                                                 247P    433
144,221,1,0,247;                                                     249P    434
128,1,1,1,1,0,0,1,0,0,0.,0.,1.,1.,0.,0.,1.,1.,1.,1.,1.,1.,-8.,       251P    435
0.,-13.5,8.,0.,-13.5,-8.,3.,-13.5,8.,3.,-13.5,0.,1.,0.,1.;           251P    436
126,1,1,1,0,1,0,0.,0.,1.,1.,1.,1.,0.,0.,0.,1.,0.,0.,0.,1.,0.,        253P    437
0.,1.;                                                               253P    438
110,-8.,0.,-13.5,8.,0.,-13.5;                                        255P    439
126,1,1,1,0,1,0,0.,0.,1.,1.,1.,1.,1.,0.,0.,1.,1.,0.,0.,1.,0.,        257P    440
0.,1.;                                                               257P    441
110,8.,0.,-13.5,8.,3.,-13.5;                                         259P    442
126,1,1,1,0,1,0,0.,0.,1.,1.,1.,1.,1.,1.,0.,0.,1.,0.,0.,1.,0.,        261P    443
0.,1.;                                                               261P    444
110,8.,3.,-13.5,-8.,3.,-13.5;                                        263P    445
126,1,1,1,0,1,0,0.,0.,1.,1.,1.,1.,0.,1.,0.,0.,0.,0.,0.,1.,0.,        265P    446
0.,1.;                                                               265P    447
110,-8.,3.,-13.5,-8.,0.,-13.5;                                       267P    448
102,4,253,257,261,265;                                               269P    449
102,4,255,259,263,267;                                               271P    450
142,1,251,269,271,1;                                                 273P    451
144,251,1,0,273;                                                     275P    452
110,-8.,3.5,-12.5,-8.,-996.5,-12.5;                                  277P    453
110,-8.,3.,-13.5,-8.,0.,-13.5;                                       279P    454
120,277,279,0.,6.28318530717959;                                     281P    455
126,1,1,1,0,1,0,0.,0.,1.,1.,1.,1.,1.,4.71238898,0.,0.,               283P    456
4.71238898,0.,0.,1.,0.,0.,1.;                                        283P    457
110,-9.,0.,-12.5,-9.,3.,-12.5;                                       285P    458
126,1,1,1,0,1,0,0.,0.,1.,1.,1.,1.,0.,4.71238898,0.,0.,               287P    459
6.283185307,0.,0.,1.,0.,0.,1.;                                       287P    460
124,-1.,6.98296267768627E-15,0.,-16.,-4.27583144589696E-31,          289P    461
-6.12323399573677E-17,-1.,-9.50000000000001,                         289P    462
-6.98296267768627E-15,-1.,6.12323399573677E-17,                      289P    463
-9.50000000000006;                                                   289P    464
100,-12.5,-8.,3.,-7.,3.,-8.,4.;                                      291P    465
126,1,1,1,0,1,0,0.,0.,1.,1.,1.,1.,0.,6.283185307,0.,1.,              293P    466
6.283185307,0.,0.,1.,0.,0.,1.;                                       293P    467
110,-8.,3.,-13.5,-8.,0.,-13.5;                                       295P    468
126,1,1,1,0,1,0,0.,0.,1.,1.,1.,1.,1.,6.283185307,0.,1.,              297P    469
4.71238898,0.,0.,1.,0.,0.,1.;                                        297P    470
124,6.12323399573677E-17,-1.,0.,-8.,6.12323399573677E-17,            299P    471
3.74939945665464E-33,1.,12.5,-1.,-6.12323399573677E-17,              299P    472
6.12323399573677E-17,-20.5;                                          299P    473
100,-12.5,-8.,0.,-7.,0.,-8.,1.;                                      301P    474
102,4,283,287,293,297;                                               303P    475
102,4,285,291,295,301;                                               305P    476
142,1,281,303,305,1;                                                 307P    477
144,281,1,0,307;                                                     309P    478
128,1,1,1,1,0,0,1,0,0,0.,0.,1.,1.,0.,0.,1.,1.,1.,1.,1.,1.,-9.,       311P    479
0.,12.5,-9.,0.,-12.5,-9.,3.,12.5,-9.,3.,-12.5,0.,1.,0.,1.;           311P    480
126,1,1,1,0,1,0,0.,0.,1.,1.,1.,1.,0.,0.,0.,1.,0.,0.,0.,1.,0.,        313P    481
0.,1.;                                                               313P    482
110,-9.,0.,12.5,-9.,0.,-12.5;                                        315P    483
126,1,1,1,0,1,0,0.,0.,1.,1.,1.,1.,1.,0.,0.,1.,1.,0.,0.,1.,0.,        317P    484
0.,1.;                                                               317P    485
110,-9.,0.,-12.5,-9.,3.,-12.5;                                       319P    486
126,1,1,1,0,1,0,0.,0.,1.,1.,1.,1.,1.,1.,0.,0.,1.,0.,0.,1.,0.,        321P    487
0.,1.;                                                               321P    488
110,-9.,3.,-12.5,-9.,3.,12.5;                                        323P    489
126,1,1,1,0,1,0,0.,0.,1.,1.,1.,1.,0.,1.,0.,0.,0.,0.,0.,1.,0.,        325P    490
0.,1.;                                                               325P    491
110,-9.,3.,12.5,-9.,0.,12.5;                                         327P    492
102,4,313,317,321,325;                                               329P    493
102,4,315,319,323,327;                                               331P    494
142,1,311,329,331,1;                                                 333P    495
144,311,1,0,333;                                                     335P    496
110,-8.,3.5,12.5,-8.,-996.5,12.5;                                    337P    497
110,-8.,3.,11.5,-8.,0.,11.5;                                         339P    498
120,337,339,0.,6.28318530717959;                                     341P    499
126,1,1,1,0,1,0,0.,0.,1.,1.,1.,1.,1.,3.141592654,0.,0.,              343P    500
3.141592654,0.,0.,1.,0.,0.,1.;                                       343P    501
110,-8.,0.,13.5,-8.,3.,13.5;                                         345P    502
126,1,1,1,0,1,0,0.,0.,1.,1.,1.,1.,0.,3.141592654,0.,0.,              347P    503
4.71238898,0.,0.,1.,0.,0.,1.;                                        347P    504
124,6.12323399573677E-17,-1.,0.,-5.,6.12323399573677E-17,            349P    505
3.74939945665464E-33,-1.,15.5,1.,6.12323399573677E-17,               349P    506
6.12323399573677E-17,20.5;                                           349P    507
100,12.5,-8.,3.,-7.,3.,-8.,4.;                                       351P    508
126,1,1,1,0,1,0,0.,0.,1.,1.,1.,1.,0.,4.71238898,0.,1.,               353P    509
4.71238898,0.,0.,1.,0.,0.,1.;                                        353P    510
110,-9.,3.,12.5,-9.,0.,12.5;                                         355P    511
126,1,1,1,0,1,0,0.,0.,1.,1.,1.,1.,1.,4.71238898,0.,1.,               357P    512
3.141592654,0.,0.,1.,0.,0.,1.;                                       357P    513
124,-1.,6.98296267768627E-15,0.,-16.,-4.27583144589696E-31,          359P    514
-6.12323399573677E-17,1.,-12.5,6.98296267768627E-15,1.,              359P    515
6.12323399573677E-17,12.5000000000001;                               359P    516
100,12.5,-8.,0.,-7.,0.,-8.,1.;                                       361P    517
102,4,343,347,353,357;                                               363P    518
102,4,345,351,355,361;                                               365P    519
142,1,341,363,365,1;                                                 367P    520
144,341,1,0,367;                                                     369P    521
128,1,1,1,1,0,0,1,0,0,0.,0.,1.,1.,0.,0.,1.,1.,1.,1.,1.,1.,8.,        371P    522
0.,13.5,-8.,0.,13.5,8.,3.,13.5,-8.,3.,13.5,0.,1.,0.,1.;              371P    523
126,1,1,1,0,1,0,0.,0.,1.,1.,1.,1.,0.,0.,0.,1.,0.,0.,0.,1.,0.,        373P    524
0.,1.;                                                               373P    525
110,8.,0.,13.5,-8.,0.,13.5;                                          375P    526
126,1,1,1,0,1,0,0.,0.,1.,1.,1.,1.,1.,0.,0.,1.,1.,0.,0.,1.,0.,        377P    527
0.,1.;                                                               377P    528
110,-8.,0.,13.5,-8.,3.,13.5;                                         379P    529
126,1,1,1,0,1,0,0.,0.,1.,1.,1.,1.,1.,1.,0.,0.,1.,0.,0.,1.,0.,        381P    530
0.,1.;                                                               381P    531
110,-8.,3.,13.5,8.,3.,13.5;                                          383P    532
126,1,1,1,0,1,0,0.,0.,1.,1.,1.,1.,0.,1.,0.,0.,0.,0.,0.,1.,0.,        385P    533
0.,1.;                                                               385P    534
110,8.,3.,13.5,8.,0.,13.5;                                           387P    535
102,4,373,377,381,385;                                               389P    536
102,4,375,379,383,387;                                               391P    537
142,1,371,389,391,1;                                                 393P    538
144,371,1,0,393;                                                     395P    539
128,1,1,1,1,0,0,1,0,0,0.,0.,1.,1.,0.,0.,1.,1.,1.,1.,1.,1.,           397P    540
-8.690794652,3.5,-13.,-8.690794652,3.5,13.,8.806429944,3.5,          397P    541
-13.,8.806429944,3.5,13.,0.,1.,0.,1.;                                397P    542
126,1,1,1,0,1,0,0.,0.,1.,1.,1.,1.,0.,0.953910979,0.,0.,              399P    543
0.039480241,0.,0.,1.,0.,0.,1.;                                       399P    544
110,8.,3.5,-13.,-8.,3.5,-13.;                                        401P    545
126,8,2,1,0,1,0,0.,0.,0.,0.25,0.25,0.5,0.5,0.75,0.75,1.,1.,1.,       403P    546
1.,1.,1.,1.,1.,1.,1.,1.,1.,0.,0.039480241,0.,0.,0.03379613,0.,       403P    547
0.001463855,0.028544695,0.,0.00292771,0.02329326,0.,                 403P    548
0.005632562,0.019273986,0.,0.008337414,0.015254712,0.,               403P    549
0.011871472,0.013079496,0.,0.015405531,0.010904281,0.,               403P    550
0.019230769,0.010904281,0.,0.,1.,0.,0.,-1.;                          403P    551
124,6.12323399573677E-17,-1.,0.,-4.5,6.12323399573677E-17,           405P    552
3.74939945665464E-33,1.,16.,-1.,-6.12323399573677E-17,               405P    553
6.12323399573677E-17,-20.5;                                          405P    554
100,-12.5,-8.,3.5,-7.5,3.5,-8.,4.;                                   407P    555
126,1,1,1,0,1,0,0.,0.,1.,1.,1.,1.,0.019230769,0.010904281,0.,        409P    556
0.980769231,0.010904281,0.,0.,1.,0.,0.,1.;                           409P    557
110,-8.5,3.5,-12.5,-8.5,3.5,12.5;                                    411P    558
126,8,2,1,0,1,0,0.,0.,0.,0.25,0.25,0.5,0.5,0.75,0.75,1.,1.,1.,       413P    559
1.,1.,1.,1.,1.,1.,1.,1.,1.,0.980769231,0.010904281,0.,               413P    560
0.984594469,0.010904281,0.,0.988128528,0.013079496,0.,               413P    561
0.991662586,0.015254712,0.,0.994367438,0.019273986,0.,               413P    562
0.99707229,0.02329326,0.,0.998536145,0.028544695,0.,1.,              413P    563
0.03379613,0.,1.,0.039480241,0.,0.,1.,0.,0.,-1.;                     413P    564
124,-1.,6.98296267768627E-15,0.,-16.,-4.27583144589696E-31,          415P    565
-6.12323399573677E-17,1.,-9.,6.98296267768627E-15,1.,                415P    566
6.12323399573677E-17,9.00000000000006;                               415P    567
100,12.5,-8.,3.5,-7.5,3.5,-8.,4.;                                    417P    568
126,1,1,1,0,1,0,0.,0.,1.,1.,1.,1.,1.,0.039480241,0.,1.,              419P    569
0.953910979,0.,0.,1.,0.,0.,1.;                                       419P    570
110,-8.,3.5,13.,8.,3.5,13.;                                          421P    571
126,8,2,1,0,1,0,0.,0.,0.,0.25,0.25,0.5,0.5,0.75,0.75,1.,1.,1.,       423P    572
1.,1.,1.,1.,1.,1.,1.,1.,1.,1.,0.953910979,0.,1.,0.959595091,0.,      423P    573
0.998536145,0.964846526,0.,0.99707229,0.970097961,0.,                423P    574
0.994367438,0.974117235,0.,0.991662586,0.978136509,0.,               423P    575
0.988128528,0.980311725,0.,0.984594469,0.98248694,0.,                423P    576
0.980769231,0.98248694,0.,0.,1.,0.,0.,-1.;                           423P    577
124,1.40271576953299E-14,1.,0.,4.49999999999989,                     425P    578
-6.12323399573677E-17,8.58915688636046E-31,1.,-9.,1.,                425P    579
-1.40271576953299E-14,6.12323399573677E-17,4.50000000000005;         425P    580
100,12.5,8.,3.5,8.5,3.5,8.,4.;                                       427P    581
126,1,1,1,0,1,0,0.,0.,1.,1.,1.,1.,0.980769231,0.98248694,0.,         429P    582
0.019230769,0.98248694,0.,0.,1.,0.,0.,1.;                            429P    583
110,8.5,3.5,12.5,8.5,3.5,-12.5;                                      431P    584
126,8,2,1,0,1,0,0.,0.,0.,0.25,0.25,0.5,0.5,0.75,0.75,1.,1.,1.,       433P    585
1.,1.,1.,1.,1.,1.,1.,1.,1.,0.019230769,0.98248694,0.,                433P    586
0.015405531,0.98248694,0.,0.011871472,0.980311725,0.,                433P    587
0.008337414,0.978136509,0.,0.005632562,0.974117235,0.,               433P    588
0.00292771,0.970097961,0.,0.001463855,0.964846526,0.,0.,             433P    589
0.959595091,0.,0.,0.953910979,0.,0.,1.,0.,0.,-1.;                    433P    590
124,1.,0.,0.,0.,0.,6.12323399573677E-17,1.,16.,0.,-1.,               435P    591
6.12323399573677E-17,-9.00000000000001;                              435P    592
100,-12.5,8.,3.5,8.5,3.5,8.,4.;                                      437P    593
102,8,399,403,409,413,419,423,429,433;                               439P    594
102,8,401,407,411,417,421,427,431,437;                               441P    595
142,1,397,439,441,1;                                                 443P    596
126,14,2,1,0,1,0,0.,0.,0.,0.125,0.125,0.25,0.25,0.375,0.375,         445P    597
0.5,0.5,0.625,0.625,0.75,0.75,1.,1.,1.,1.,1.,1.,1.,1.,1.,1.,1.,      445P    598
1.,1.,1.,1.,1.,1.,1.,0.979548353,0.182360044,0.,0.978880674,         445P    599
0.168305872,0.,0.976677151,0.154797326,0.,0.974438796,               445P    600
0.141075241,0.,0.97068206,0.128350155,0.,0.966920191,                445P    601
0.11560768,0.,0.961673644,0.103899882,0.,0.956433464,                445P    602
0.092206293,0.,0.949949716,0.082079383,0.,0.943543387,               445P    603
0.072073392,0.,0.935895346,0.063617843,0.,0.928417469,               445P    604
0.055350427,0.,0.919958207,0.048781185,0.,0.903816682,               445P    605
0.0362461,0.,0.884615385,0.030398893,0.,0.,1.,0.,0.,1.;              445P    606
126,5,3,1,0,1,0,0.,0.,0.,0.,0.5,0.5,1.,1.,1.,1.,1.,1.,1.,1.,1.,      447P    607
1.,-5.5,3.5,12.46825717,-6.155804133,3.5,12.421961497,               447P    608
-6.7791064,3.5,12.151098654,-7.730160118,3.5,11.246286603,           447P    609
-8.027219205,3.5,10.642544772,-8.158898387,3.5,10.,0.,1.,0.,1.,      447P    610
0.;                                                                  447P    611
126,28,2,1,0,1,0,0.,0.,0.,0.03125,0.03125,0.0390625,0.0390625,       449P    612
0.046875,0.046875,0.0625,0.0625,0.125,0.125,0.25,0.25,0.5,0.5,       449P    613
0.75,0.75,0.875,0.875,0.9375,0.9375,0.953125,0.953125,               449P    614
0.9609375,0.9609375,0.96875,0.96875,1.,1.,1.,1.,1.,1.,1.,1.,1.,      449P    615
1.,1.,1.,1.,1.,1.,1.,1.,1.,1.,1.,1.,1.,1.,1.,1.,1.,1.,1.,1.,1.,      449P    616
1.,1.,0.884615385,0.030398893,0.,0.873152744,0.026908273,0.,         449P    617
0.860656626,0.025811561,0.,0.857682829,0.025550569,0.,               449P    618
0.854651418,0.025425353,0.,0.853338681,0.025371129,0.,               449P    619
0.848641525,0.025268788,0.,0.842439075,0.02513365,0.,                449P    620
0.836620674,0.025007905,0.,0.810295168,0.02443897,0.,                449P    621
0.788536704,0.023991995,0.,0.734677061,0.022885579,0.,               449P    622
0.692364072,0.02219515,0.,0.588470684,0.020499903,0.,                449P    623
0.500004655,0.020499862,0.,0.411538386,0.02049982,0.,                449P    624
0.307646241,0.022194982,0.,0.265334301,0.022885367,0.,               449P    625
0.211477297,0.023991708,0.,0.189719144,0.024438668,0.,               449P    626
0.163394769,0.025007571,0.,0.157576488,0.025133312,0.,               449P    627
0.151374251,0.025268444,0.,0.146669377,0.025370952,0.,               449P    628
0.145364419,0.0254247,0.,0.142332588,0.025549572,0.,0.13935838,      449P    629
0.025810245,0.,0.126854144,0.026906176,0.,0.115384615,               449P    630
0.030398893,0.,0.,1.,0.,0.,1.;                                       449P    631
126,17,3,1,0,1,0,0.,0.,0.,0.,0.0625,0.0625,0.125,0.125,0.25,         451P    632
0.25,0.5,0.5,0.75,0.75,0.875,0.875,0.9375,0.9375,1.,1.,1.,1.,        451P    633
1.,1.,1.,1.,1.,1.,1.,1.,1.,1.,1.,1.,1.,1.,1.,1.,1.,1.,               451P    634
-8.158898387,3.5,10.,-8.243809294,3.5,9.585666787,-8.247164922,      451P    635
3.5,9.168861148,-8.259286517,3.5,8.335413889,-8.265240183,3.5,       451P    636
7.918687011,-8.282523606,3.5,6.668488869,-8.293288189,3.5,           451P    637
5.834992408,-8.320746989,3.5,3.334412799,-8.332103438,3.5,           451P    638
1.667271049,-8.332104495,3.5,-1.667028974,-8.320748582,3.5,          451P    639
-3.334204146,-8.293291809,3.5,-5.834694533,-8.282528041,3.5,         451P    640
-6.668151719,-8.265245514,3.5,-7.918309554,-8.259292116,3.5,         451P    641
-8.3350241,-8.247171002,3.5,-9.168447923,-8.243899138,3.5,           451P    642
-9.585228379,-8.158898387,3.5,-10.,0.,1.,0.,1.,0.;                   451P    643
126,14,2,1,0,1,0,0.,0.,0.,0.25,0.25,0.375,0.375,0.5,0.5,0.625,       453P    644
0.625,0.75,0.75,0.875,0.875,1.,1.,1.,1.,1.,1.,1.,1.,1.,1.,1.,        453P    645
1.,1.,1.,1.,1.,1.,1.,0.115384615,0.030398893,0.,0.096177189,         453P    646
0.036247967,0.,0.080031445,0.048789222,0.,0.071584614,               453P    647
0.055350324,0.,0.064116395,0.063604865,0.,0.056491195,               453P    648
0.072032915,0.,0.050100373,0.082001202,0.,0.043604725,               453P    649
0.092132994,0.,0.03835472,0.103836618,0.,0.033120462,                453P    650
0.115505141,0.,0.029360999,0.128204503,0.,0.025582184,               453P    651
0.140969232,0.,0.023332562,0.154737826,0.,0.021120809,               453P    652
0.168274648,0.,0.020451647,0.182360044,0.,0.,1.,0.,0.,1.;            453P    653
126,5,3,1,0,1,0,0.,0.,0.,0.,0.5,0.5,1.,1.,1.,1.,1.,1.,1.,1.,1.,      455P    654
1.,-8.158898387,3.5,-10.,-8.027227059,3.5,-10.642506446,             455P    655
-7.729359298,3.5,-11.246438435,-6.782643112,3.5,-12.148342193,       455P    656
-6.156197988,3.5,-12.421933693,-5.5,3.5,-12.46825717,0.,1.,0.,       455P    657
1.,0.;                                                               455P    658
126,24,2,1,0,1,0,0.,0.,0.,0.015625,0.015625,0.03125,0.03125,         457P    659
0.0625,0.0625,0.125,0.125,0.25,0.25,0.5,0.5,0.75,0.75,0.875,         457P    660
0.875,0.9375,0.9375,0.96875,0.96875,0.984375,0.984375,1.,1.,1.,      457P    661
1.,1.,1.,1.,1.,1.,1.,1.,1.,1.,1.,1.,1.,1.,1.,1.,1.,1.,1.,1.,1.,      457P    662
1.,1.,1.,1.,0.020451647,0.182360044,0.,0.020218963,0.187257879,      457P    663
0.,0.020176196,0.192181808,0.,0.020168746,0.193039635,0.,            457P    664
0.020149599,0.202004762,0.,0.02012843,0.211917125,0.,                457P    665
0.020108542,0.221650727,0.,0.020067729,0.241626217,0.,               457P    666
0.020032129,0.260942686,0.,0.019957667,0.301345106,0.,               457P    667
0.019904852,0.339526726,0.,0.019793506,0.420023533,0.,               457P    668
0.019770855,0.496695382,0.,0.019747879,0.5744645,0.,                 457P    669
0.019814394,0.653864346,0.,0.019846638,0.692353954,0.,               457P    670
0.019900736,0.732448561,0.,0.019926916,0.751852038,0.,               457P    671
0.01995835,0.771740596,0.,0.019973771,0.781497563,0.,                457P    672
0.019990479,0.791386597,0.,0.020005205,0.800102363,0.,               457P    673
0.020016493,0.801209548,0.,0.020066693,0.806133422,0.,               457P    674
0.02030599,0.811031177,0.,0.,1.,0.,0.,1.;                            457P    675
126,13,3,1,0,1,0,0.,0.,0.,0.,0.125,0.125,0.25,0.25,0.5,0.5,          459P    676
0.75,0.75,0.875,0.875,1.,1.,1.,1.,1.,1.,1.,1.,1.,1.,1.,1.,1.,        459P    677
1.,1.,1.,1.,1.,-5.5,3.5,-12.46825717,-5.041766377,3.5,               459P    678
-12.5006056,-4.583355574,3.5,-12.477909443,-3.666688159,3.5,         459P    679
-12.480419849,-3.20835399,3.5,-12.481531762,-1.833349844,3.5,        459P    680
-12.484357987,-0.916678201,3.5,-12.485555366,0.916670196,3.5,        459P    681
-12.486360196,1.83334503,3.5,-12.485966836,3.208352491,3.5,          459P    682
-12.484255209,3.666687687,3.5,-12.483499799,4.583356975,3.5,         459P    683
-12.481661936,5.041774559,3.5,-12.505312076,5.5,3.5,                 459P    684
-12.472044264,0.,1.,0.,1.,0.;                                        459P    685
126,14,2,1,0,1,0,0.,0.,0.,0.125,0.125,0.25,0.25,0.375,0.375,         461P    686
0.5,0.5,0.625,0.625,0.75,0.75,1.,1.,1.,1.,1.,1.,1.,1.,1.,1.,1.,      461P    687
1.,1.,1.,1.,1.,1.,1.,0.02030599,0.811031177,0.,0.020991569,          461P    688
0.825063078,0.,0.023200601,0.838546238,0.,0.025438629,               461P    689
0.852206375,0.,0.02917027,0.864853985,0.,0.03293641,                 461P    690
0.877618524,0.,0.038200969,0.889361263,0.,0.043404405,               461P    691
0.900967665,0.,0.049831257,0.911036055,0.,0.056267701,               461P    692
0.921119472,0.,0.063943351,0.929606241,0.,0.071397976,               461P    693
0.937848627,0.,0.079837566,0.944399,0.,0.096092014,0.95701486,       461P    694
0.,0.115384615,0.962789292,0.,0.,1.,0.,0.,1.;                        461P    695
126,5,3,1,0,1,0,0.,0.,0.,0.,0.5,0.5,1.,1.,1.,1.,1.,1.,1.,1.,1.,      463P    696
1.,5.5,3.5,-12.472044264,6.155848778,3.5,-12.424428719,              463P    697
6.777558049,3.5,-12.152321501,7.722057591,3.5,-11.256453148,         463P    698
8.025604306,3.5,-10.644116859,8.155345837,3.5,-10.,0.,1.,0.,1.,      463P    699
0.;                                                                  463P    700
126,32,2,1,0,1,0,0.,0.,0.,0.03125,0.03125,0.0390625,0.0390625,       465P    701
0.046875,0.046875,0.0625,0.0625,0.125,0.125,0.25,0.25,0.375,         465P    702
0.375,0.5,0.5,0.625,0.625,0.75,0.75,0.875,0.875,0.9375,0.9375,       465P    703
0.953125,0.953125,0.9609375,0.9609375,0.96875,0.96875,1.,1.,1.,      465P    704
1.,1.,1.,1.,1.,1.,1.,1.,1.,1.,1.,1.,1.,1.,1.,1.,1.,1.,1.,1.,1.,      465P    705
1.,1.,1.,1.,1.,1.,1.,1.,1.,1.,1.,1.,0.115384615,0.962789292,0.,      465P    706
0.126864235,0.966225236,0.,0.139364858,0.967229123,0.,               465P    707
0.142340056,0.967468052,0.,0.145371923,0.967568987,0.,               465P    708
0.145921823,0.967587293,0.,0.151381891,0.967722645,0.,               465P    709
0.156600102,0.967852002,0.,0.163401966,0.968021035,0.,               465P    710
0.19996258,0.968929601,0.,0.211482299,0.969212397,0.,                465P    711
0.269383573,0.970633807,0.,0.307645658,0.971422373,0.,               465P    712
0.359754236,0.97249631,0.,0.403818643,0.973014863,0.,                465P    713
0.452519921,0.973587983,0.,0.500001102,0.973587976,0.,               465P    714
0.547482144,0.97358797,0.,0.596183394,0.973014839,0.,                465P    715
0.64024698,0.972496286,0.,0.692354492,0.97142237,0.,                 465P    716
0.730616203,0.970633811,0.,0.788516376,0.96921243,0.,                465P    717
0.800037327,0.968929604,0.,0.836596029,0.968021085,0.,               465P    718
0.843397905,0.967852051,0.,0.848615934,0.967722699,0.,               465P    719
0.854077076,0.967587321,0.,0.85462582,0.967569062,0.,                465P    720
0.857657709,0.967468179,0.,0.860632929,0.967229301,0.,               465P    721
0.873134747,0.966225541,0.,0.884615385,0.962789292,0.,0.,1.,0.,      465P    722
0.,1.;                                                               465P    723
126,17,3,1,0,1,0,0.,0.,0.,0.,0.0625,0.0625,0.125,0.125,0.25,         467P    724
0.25,0.5,0.5,0.75,0.75,0.875,0.875,0.9375,0.9375,1.,1.,1.,1.,        467P    725
1.,1.,1.,1.,1.,1.,1.,1.,1.,1.,1.,1.,1.,1.,1.,1.,1.,1.,               467P    726
8.155345837,3.5,-10.,8.238921541,3.5,-9.585078741,8.239918005,       467P    727
3.5,-9.168244648,8.253855608,3.5,-8.334853145,8.260848224,3.5,       467P    728
-7.918157944,8.281500572,3.5,-6.668064804,8.294841182,3.5,           467P    729
-5.834659472,8.329520013,3.5,-3.334319713,8.344292991,3.5,           467P    730
-1.667141616,8.344292683,3.5,1.667198939,8.329519579,3.5,            467P    731
3.334351831,8.294841318,3.5,5.834649283,8.281500932,3.5,             467P    732
6.668042274,8.260848898,3.5,7.918117534,8.253856383,3.5,             467P    733
8.334806882,8.239918974,3.5,9.168186633,8.238935541,3.5,             467P    734
9.585009235,8.155345837,3.5,10.,0.,1.,0.,1.,0.;                      467P    735
126,14,2,1,0,1,0,0.,0.,0.,0.25,0.25,0.375,0.375,0.5,0.5,0.625,       469P    736
0.625,0.75,0.75,0.875,0.875,1.,1.,1.,1.,1.,1.,1.,1.,1.,1.,1.,        469P    737
1.,1.,1.,1.,1.,1.,1.,0.884615385,0.962789292,0.,0.903812978,         469P    738
0.957043297,0.,0.920001945,0.944523339,0.,0.928460173,               469P    739
0.937982054,0.,0.935933188,0.929742557,0.,0.943558195,               469P    740
0.921335477,0.,0.949961566,0.911359717,0.,0.956461776,               469P    741
0.901233093,0.,0.961720487,0.889536211,0.,0.966968134,               469P    742
0.877863941,0.,0.970734863,0.865174543,0.,0.974518893,               469P    743
0.85242686,0.,0.976782566,0.838648834,0.,0.979005799,                469P    744
0.825116948,0.,0.97969401,0.811031177,0.,0.,1.,0.,0.,1.;             469P    745
126,5,3,1,0,1,0,0.,0.,0.,0.,0.5,0.5,1.,1.,1.,1.,1.,1.,1.,1.,1.,      471P    746
1.,8.155345837,3.5,10.,8.025812666,3.5,10.643082433,                 471P    747
7.728702032,3.5,11.247623064,6.782239973,3.5,12.150378375,           471P    748
6.156179482,3.5,12.424404709,5.5,3.5,12.472044264,0.,1.,0.,1.,       471P    749
0.;                                                                  471P    750
126,24,2,1,0,1,0,0.,0.,0.,0.015625,0.015625,0.03125,0.03125,         473P    751
0.0625,0.0625,0.125,0.125,0.25,0.25,0.5,0.5,0.75,0.75,0.875,         473P    752
0.875,0.9375,0.9375,0.96875,0.96875,0.984375,0.984375,1.,1.,1.,      473P    753
1.,1.,1.,1.,1.,1.,1.,1.,1.,1.,1.,1.,1.,1.,1.,1.,1.,1.,1.,1.,1.,      473P    754
1.,1.,1.,1.,0.97969401,0.811031177,0.,0.979933295,0.806133675,       473P    755
0.,0.979983502,0.801210055,0.,0.979994794,0.800102625,0.,            473P    756
0.98000952,0.791387114,0.,0.980026229,0.781498069,0.,                473P    757
0.980041649,0.771741093,0.,0.980073083,0.751852508,0.,               473P    758
0.980099264,0.732449006,0.,0.980153362,0.692354316,0.,               473P    759
0.980185606,0.653864633,0.,0.980252121,0.574464724,0.,               473P    760
0.980229145,0.496695549,0.,0.980206494,0.420023571,0.,               473P    761
0.980095147,0.339526622,0.,0.980042333,0.301344947,0.,               473P    762
0.979967871,0.260942465,0.,0.97993227,0.241625975,0.,                473P    763
0.979891457,0.221650463,0.,0.97987157,0.211916852,0.,0.9798504,      473P    764
0.202004479,0.,0.979831254,0.193039487,0.,0.979823801,               473P    765
0.192181523,0.,0.97978103,0.187257737,0.,0.979548353,                473P    766
0.182360044,0.,0.,1.,0.,0.,1.;                                       473P    767
126,12,3,1,0,1,0,0.,0.,0.,0.,0.125,0.125,0.25,0.25,0.5,0.75,         475P    768
0.75,0.875,0.875,1.,1.,1.,1.,1.,1.,1.,1.,1.,1.,1.,1.,1.,1.,1.,       475P    769
1.,1.,5.5,3.5,12.472044264,5.041815028,3.5,12.505309138,             475P    770
4.583365469,3.5,12.481661917,3.666694769,3.5,12.483499786,           475P    771
3.208358658,3.5,12.4842552,1.833347752,3.5,12.485966835,             475P    772
-1.226E-06,3.5,12.48675275,-1.833350058,3.5,12.484357987,            475P    773
-3.208356619,3.5,12.481531756,-3.666691461,3.5,12.48041984,          475P    774
-4.58336,3.5,12.47790943,-5.041789969,3.5,12.500603935,-5.5,         475P    775
3.5,12.46825717,0.,1.,0.,1.,0.;                                      475P    776
102,8,445,449,453,457,461,465,469,473;                               477P    777
102,8,447,451,455,459,463,467,471,475;                               479P    778
142,1,397,477,479,1;                                                 481P    779
144,397,1,1,443,481;                                                 483P    780
128,1,1,1,1,0,0,1,0,0,0.,0.,1.,1.,0.,0.,1.,1.,1.,1.,1.,1.,-9.,       485P    781
0.,-13.5,-9.,0.,13.5,9.,0.,-13.5,9.,0.,13.5,0.,1.,0.,1.;             485P    782
126,1,1,1,0,1,0,0.,0.,1.,1.,1.,1.,0.962962963,1.,0.,                 487P    783
0.037037037,1.,0.,0.,1.,0.,0.,1.;                                    487P    784
110,9.,0.,12.5,9.,0.,-12.5;                                          489P    785
126,16,2,1,0,1,0,0.,0.,0.,0.125,0.125,0.25,0.25,0.375,0.375,         491P    786
0.5,0.5,0.625,0.625,0.75,0.75,0.875,0.875,1.,1.,1.,1.,1.,1.,1.,      491P    787
1.,1.,1.,1.,1.,1.,1.,1.,1.,1.,1.,1.,1.,0.037037037,1.,0.,            491P    788
0.033389207,1.,0.,0.02981147,0.998932516,0.,0.026233732,             491P    789
0.997865031,0.,0.022863577,0.995771085,0.,0.019493421,               491P    790
0.993677139,0.,0.016460362,0.990637201,0.,0.013427302,               491P    791
0.987597262,0.,0.010847897,0.983728155,0.,0.008268492,               491P    792
0.979859047,0.,0.006241866,0.975309457,0.,0.004215241,               491P    793
0.970759868,0.,0.002819277,0.965704635,0.,0.001423313,               491P    794
0.960649402,0.,0.000711656,0.955282796,0.,0.,0.949916189,0.,0.,      491P    795
0.944444444,0.,0.,1.,0.,0.,-1.;                                      491P    796
124,1.,0.,0.,0.,0.,6.12323399573677E-17,1.,12.5,0.,-1.,              493P    797
6.12323399573677E-17,-12.5;                                          493P    798
100,-12.5,8.,0.,9.,0.,8.,1.;                                         495P    799
126,1,1,1,0,1,0,0.,0.,1.,1.,1.,1.,0.,0.944444444,0.,0.,              497P    800
0.055555556,0.,0.,1.,0.,0.,1.;                                       497P    801
110,8.,0.,-13.5,-8.,0.,-13.5;                                        499P    802
126,16,2,1,0,1,0,0.,0.,0.,0.125,0.125,0.25,0.25,0.375,0.375,         501P    803
0.5,0.5,0.625,0.625,0.75,0.75,0.875,0.875,1.,1.,1.,1.,1.,1.,1.,      501P    804
1.,1.,1.,1.,1.,1.,1.,1.,1.,1.,1.,1.,1.,0.,0.055555556,0.,0.,         501P    805
0.050083811,0.,0.000711656,0.044717204,0.,0.001423313,               501P    806
0.039350598,0.,0.002819277,0.034295365,0.,0.004215241,               501P    807
0.029240132,0.,0.006241866,0.024690543,0.,0.008268492,               501P    808
0.020140953,0.,0.010847897,0.016271845,0.,0.013427302,               501P    809
0.012402738,0.,0.016460362,0.009362799,0.,0.019493421,               501P    810
0.006322861,0.,0.022863577,0.004228915,0.,0.026233732,               501P    811
0.002134969,0.,0.02981147,0.001067484,0.,0.033389207,0.,0.,          501P    812
0.037037037,0.,0.,0.,1.,0.,0.,-1.;                                   501P    813
124,6.12323399573677E-17,-1.,0.,-8.,6.12323399573677E-17,            503P    814
3.74939945665464E-33,1.,12.5,-1.,-6.12323399573677E-17,              503P    815
6.12323399573677E-17,-20.5;                                          503P    816
100,-12.5,-8.,0.,-7.,0.,-8.,1.;                                      505P    817
126,1,1,1,0,1,0,0.,0.,1.,1.,1.,1.,0.037037037,0.,0.,                 507P    818
0.962962963,0.,0.,0.,1.,0.,0.,1.;                                    507P    819
110,-9.,0.,-12.5,-9.,0.,12.5;                                        509P    820
126,16,2,1,0,1,0,0.,0.,0.,0.125,0.125,0.25,0.25,0.375,0.375,         511P    821
0.5,0.5,0.625,0.625,0.75,0.75,0.875,0.875,1.,1.,1.,1.,1.,1.,1.,      511P    822
1.,1.,1.,1.,1.,1.,1.,1.,1.,1.,1.,1.,1.,0.962962963,0.,0.,            511P    823
0.966610793,0.,0.,0.97018853,0.001067484,0.,0.973766268,             511P    824
0.002134969,0.,0.977136423,0.004228915,0.,0.980506579,               511P    825
0.006322861,0.,0.983539638,0.009362799,0.,0.986572698,               511P    826
0.012402738,0.,0.989152103,0.016271845,0.,0.991731508,               511P    827
0.020140953,0.,0.993758134,0.024690543,0.,0.995784759,               511P    828
0.029240132,0.,0.997180723,0.034295365,0.,0.998576687,               511P    829
0.039350598,0.,0.999288344,0.044717204,0.,1.,0.050083811,0.,1.,      511P    830
0.055555556,0.,0.,1.,0.,0.,-1.;                                      511P    831
124,-1.,6.98296267768627E-15,0.,-16.,-4.27583144589696E-31,          513P    832
-6.12323399573677E-17,1.,-12.5,6.98296267768627E-15,1.,              513P    833
6.12323399573677E-17,12.5000000000001;                               513P    834
100,12.5,-8.,0.,-7.,0.,-8.,1.;                                       515P    835
126,1,1,1,0,1,0,0.,0.,1.,1.,1.,1.,1.,0.055555556,0.,1.,              517P    836
0.944444444,0.,0.,1.,0.,0.,1.;                                       517P    837
110,-8.,0.,13.5,8.,0.,13.5;                                          519P    838
126,16,2,1,0,1,0,0.,0.,0.,0.125,0.125,0.25,0.25,0.375,0.375,         521P    839
0.5,0.5,0.625,0.625,0.75,0.75,0.875,0.875,1.,1.,1.,1.,1.,1.,1.,      521P    840
1.,1.,1.,1.,1.,1.,1.,1.,1.,1.,1.,1.,1.,1.,0.944444444,0.,1.,         521P    841
0.949916189,0.,0.999288344,0.955282796,0.,0.998576687,               521P    842
0.960649402,0.,0.997180723,0.965704635,0.,0.995784759,               521P    843
0.970759868,0.,0.993758134,0.975309457,0.,0.991731508,               521P    844
0.979859047,0.,0.989152103,0.983728155,0.,0.986572698,               521P    845
0.987597262,0.,0.983539638,0.990637201,0.,0.980506579,               521P    846
0.993677139,0.,0.977136423,0.995771085,0.,0.973766268,               521P    847
0.997865031,0.,0.97018853,0.998932516,0.,0.966610793,1.,0.,          521P    848
0.962962963,1.,0.,0.,1.,0.,0.,-1.;                                   521P    849
124,1.40271576953299E-14,1.,0.,7.99999999999989,                     523P    850
-6.12323399573677E-17,8.58915688636046E-31,1.,-12.5,1.,              523P    851
-1.40271576953299E-14,6.12323399573677E-17,4.5;                      523P    852
100,12.5,8.,0.,9.,0.,8.,1.;                                          525P    853
102,8,487,491,497,501,507,511,517,521;                               527P    854
102,8,489,495,499,505,509,515,519,525;                               529P    855
142,1,485,527,529,1;                                                 531P    856
126,1,1,1,0,1,0,0.,0.,1.,1.,1.,1.,0.101851852,0.9,0.,                533P    857
0.898148148,0.9,0.,0.,1.,0.,0.,1.;                                   533P    858
110,7.2,0.,-10.75,7.2,0.,10.75;                                      535P    859
126,16,2,1,0,1,0,0.,0.,0.,0.125,0.125,0.25,0.25,0.375,0.375,         537P    860
0.5,0.5,0.625,0.625,0.75,0.75,0.875,0.875,1.,1.,1.,1.,1.,1.,1.,      537P    861
1.,1.,1.,1.,1.,1.,1.,1.,1.,1.,1.,1.,1.,0.898148148,0.9,0.,           537P    862
0.901613586,0.9,0.,0.905012437,0.89898589,0.,0.908411288,            537P    863
0.89797178,0.,0.911612936,0.895982531,0.,0.914814583,                537P    864
0.893993282,0.,0.91769599,0.891105341,0.,0.920577396,                537P    865
0.888217399,0.,0.923027831,0.884541747,0.,0.925478266,               537P    866
0.880866094,0.,0.92740356,0.876543985,0.,0.929328855,                537P    867
0.872221875,0.,0.930655021,0.867419403,0.,0.931981186,               537P    868
0.862616932,0.,0.93265726,0.857518656,0.,0.933333333,                537P    869
0.85242038,0.,0.933333333,0.847222222,0.,0.,1.,0.,0.,1.;             537P    870
124,1.,0.,0.,0.,0.,6.12323399573677E-17,-1.,10.75,0.,1.,             539P    871
6.12323399573677E-17,10.75;                                          539P    872
100,10.75,6.25,0.,7.2,0.,6.25,0.95;                                  541P    873
126,1,1,1,0,1,0,0.,0.,1.,1.,1.,1.,0.933333333,0.847222222,0.,        543P    874
0.933333333,0.152777778,0.,0.,1.,0.,0.,1.;                           543P    875
110,6.25,0.,11.7,-6.25,0.,11.7;                                      545P    876
126,16,2,1,0,1,0,0.,0.,0.,0.125,0.125,0.25,0.25,0.375,0.375,         547P    877
0.5,0.5,0.625,0.625,0.75,0.75,0.875,0.875,1.,1.,1.,1.,1.,1.,1.,      547P    878
1.,1.,1.,1.,1.,1.,1.,1.,1.,1.,1.,1.,1.,0.933333333,0.152777778,      547P    879
0.,0.933333333,0.14757962,0.,0.93265726,0.142481344,0.,              547P    880
0.931981186,0.137383068,0.,0.930655021,0.132580597,0.,               547P    881
0.929328855,0.127778125,0.,0.92740356,0.123456015,0.,                547P    882
0.925478266,0.119133906,0.,0.923027831,0.115458253,0.,               547P    883
0.920577396,0.111782601,0.,0.91769599,0.108894659,0.,                547P    884
0.914814583,0.106006718,0.,0.911612936,0.104017469,0.,               547P    885
0.908411288,0.10202822,0.,0.905012437,0.10101411,0.,                 547P    886
0.901613586,0.1,0.,0.898148148,0.1,0.,0.,1.,0.,0.,1.;                547P    887
124,6.12323399573677E-17,-1.,0.,-6.25,6.12323399573677E-17,          549P    888
3.74939945665464E-33,-1.,10.75,1.,6.12323399573677E-17,              549P    889
6.12323399573677E-17,17.;                                            549P    890
100,10.75,-6.25,0.,-5.3,0.,-6.25,0.95;                               551P    891
126,1,1,1,0,1,0,0.,0.,1.,1.,1.,1.,0.898148148,0.1,0.,                553P    892
0.101851852,0.1,0.,0.,1.,0.,0.,1.;                                   553P    893
110,-7.2,0.,10.75,-7.2,0.,-10.75;                                    555P    894
126,16,2,1,0,1,0,0.,0.,0.,0.125,0.125,0.25,0.25,0.375,0.375,         557P    895
0.5,0.5,0.625,0.625,0.75,0.75,0.875,0.875,1.,1.,1.,1.,1.,1.,1.,      557P    896
1.,1.,1.,1.,1.,1.,1.,1.,1.,1.,1.,1.,1.,0.101851852,0.1,0.,           557P    897
0.098386414,0.1,0.,0.094987563,0.10101411,0.,0.091588712,            557P    898
0.10202822,0.,0.088387064,0.104017469,0.,0.085185417,                557P    899
0.106006718,0.,0.08230401,0.108894659,0.,0.079422604,                557P    900
0.111782601,0.,0.076972169,0.115458253,0.,0.074521734,               557P    901
0.119133906,0.,0.07259644,0.123456015,0.,0.070671145,                557P    902
0.127778125,0.,0.069344979,0.132580597,0.,0.068018814,               557P    903
0.137383068,0.,0.06734274,0.142481344,0.,0.066666667,                557P    904
0.14757962,0.,0.066666667,0.152777778,0.,0.,1.,0.,0.,1.;             557P    905
124,-1.,6.98296267768627E-15,0.,-12.5,-4.27583144589696E-31,         559P    906
-6.12323399573677E-17,-1.,-10.75,-6.98296267768627E-15,-1.,          559P    907
6.12323399573677E-17,-10.7500000000001;                              559P    908
100,-10.75,-6.25,0.,-5.3,0.,-6.25,0.95;                              561P    909
126,1,1,1,0,1,0,0.,0.,1.,1.,1.,1.,0.066666667,0.152777778,0.,        563P    910
0.066666667,0.847222222,0.,0.,1.,0.,0.,1.;                           563P    911
110,-6.25,0.,-11.7,6.25,0.,-11.7;                                    565P    912
126,16,2,1,0,1,0,0.,0.,0.,0.125,0.125,0.25,0.25,0.375,0.375,         567P    913
0.5,0.5,0.625,0.625,0.75,0.75,0.875,0.875,1.,1.,1.,1.,1.,1.,1.,      567P    914
1.,1.,1.,1.,1.,1.,1.,1.,1.,1.,1.,1.,1.,0.066666667,0.847222222,      567P    915
0.,0.066666667,0.85242038,0.,0.06734274,0.857518656,0.,              567P    916
0.068018814,0.862616932,0.,0.069344979,0.867419403,0.,               567P    917
0.070671145,0.872221875,0.,0.07259644,0.876543985,0.,                567P    918
0.074521734,0.880866094,0.,0.076972169,0.884541747,0.,               567P    919
0.079422604,0.888217399,0.,0.08230401,0.891105341,0.,                567P    920
0.085185417,0.893993282,0.,0.088387064,0.895982531,0.,               567P    921
0.091588712,0.89797178,0.,0.094987563,0.89898589,0.,                 567P    922
0.098386414,0.9,0.,0.101851852,0.9,0.,0.,1.,0.,0.,1.;                567P    923
124,1.40271576953299E-14,1.,0.,6.24999999999991,                     569P    924
-6.12323399573677E-17,8.58915688636046E-31,-1.,-10.75,-1.,           569P    925
1.40271576953299E-14,6.12323399573677E-17,-4.50000000000001;         569P    926
100,-10.75,6.25,0.,7.2,0.,6.25,0.95;                                 571P    927
102,8,533,537,543,547,553,557,563,567;                               573P    928
102,8,535,541,545,551,555,561,565,571;                               575P    929
142,1,485,573,575,1;                                                 577P    930
144,485,1,1,531,577;                                                 579P    931
128,1,1,1,1,0,0,1,0,0,0.,0.,1.,1.,0.,0.,1.,1.,1.,1.,1.,1.,           581P    932
-2.024054501,3.,-2.024054343,-2.024054501,3.,2.024000324,            581P    933
2.024027496,3.,-2.024054343,2.024027496,3.,2.024000324,0.,1.,        581P    934
0.,1.;                                                               581P    935
126,32,2,1,0,1,0,0.,0.,0.,0.0625,0.0625,0.125,0.125,0.1875,          583P    936
0.1875,0.25,0.25,0.3125,0.3125,0.375,0.375,0.4375,0.4375,0.5,        583P    937
0.5,0.5625,0.5625,0.625,0.625,0.6875,0.6875,0.75,0.75,0.8125,        583P    938
0.8125,0.875,0.875,0.9375,0.9375,1.,1.,1.,1.,1.,1.,1.,1.,1.,1.,      583P    939
1.,1.,1.,1.,1.,1.,1.,1.,1.,1.,1.,1.,1.,1.,1.,1.,1.,1.,1.,1.,1.,      583P    940
1.,1.,1.,1.,1.,0.500006672,0.994064474,0.,0.451209705,               583P    941
0.994051055,0.,0.403619476,0.984571228,0.,0.355762746,               583P    942
0.975038315,0.,0.310936385,0.95645631,0.,0.265859001,                583P    943
0.937770247,0.,0.225519159,0.91080016,0.,0.184953419,                583P    944
0.883679043,0.,0.150650334,0.849357319,0.,0.116155156,               583P    945
0.814843397,0.,0.089207077,0.774489,0.,0.062108092,0.733908624,      583P    946
0.,0.043550618,0.689072351,0.,0.024889225,0.643985002,0.,            583P    947
0.015435509,0.596389887,0.,0.005928854,0.548528245,0.,               583P    948
0.005942198,0.500003341,0.,0.005955617,0.451206703,0.,               583P    949
0.015435507,0.403616795,0.,0.024968484,0.355760389,0.,               583P    950
0.043550614,0.310934329,0.,0.062236802,0.26585725,0.,                583P    951
0.089207072,0.22551768,0.,0.116328371,0.184952213,0.,                583P    952
0.150650327,0.15064936,0.,0.185164481,0.116154415,0.,                583P    953
0.22551915,0.089206517,0.,0.2660998,0.062107714,0.,0.310936375,      583P    954
0.043550365,0.,0.356024029,0.024889097,0.,0.403619465,               583P    955
0.015435445,0.,0.45148143,0.005928854,0.,0.500006662,                583P    956
0.005942197,0.,0.,1.,0.,0.,-1.;                                      583P    957
124,1.,0.,0.,0.,0.,6.12323399573677E-17,1.,3.,0.,-1.,                585P    958
6.12323399573677E-17,3.;                                             585P    959
100,0.,0.,3.,2.,3.,-2.,3.000000042;                                  587P    960
126,30,2,1,0,1,0,0.,0.,0.,0.0625,0.0625,0.125,0.125,0.1875,          589P    961
0.1875,0.25,0.25,0.3125,0.3125,0.375,0.375,0.5,0.5,0.5625,           589P    962
0.5625,0.625,0.625,0.6875,0.6875,0.75,0.75,0.8125,0.8125,0.875,      589P    963
0.875,0.9375,0.9375,1.,1.,1.,1.,1.,1.,1.,1.,1.,1.,1.,1.,1.,1.,       589P    964
1.,1.,1.,1.,1.,1.,1.,1.,1.,1.,1.,1.,1.,1.,1.,1.,1.,1.,1.,1.,         589P    965
0.500006662,0.005942197,0.,0.54880363,0.005955615,0.,                589P    966
0.59639386,0.015435441,0.,0.64425059,0.024968354,0.,                 589P    967
0.689076953,0.043550358,0.,0.734154337,0.06223642,0.,                589P    968
0.77449418,0.089206508,0.,0.815059921,0.116327624,0.,                589P    969
0.849363007,0.150649349,0.,0.883858185,0.185163271,0.,               589P    970
0.910806265,0.225517668,0.,0.937905251,0.266098045,0.,               589P    971
0.956462725,0.310934317,0.,0.994071145,0.401799127,0.,               589P    972
0.994071146,0.50000333,0.,0.994071147,0.548732603,0.,                589P    973
0.984577837,0.596389878,0.,0.97504486,0.644246284,0.,                589P    974
0.956462729,0.689072344,0.,0.937776541,0.734149425,0.,               589P    975
0.910806271,0.774488995,0.,0.883684971,0.815054462,0.,               589P    976
0.849363014,0.849357315,0.,0.814848859,0.88385226,0.,                589P    977
0.774494189,0.910800158,0.,0.733913538,0.93789896,0.,                589P    978
0.689076962,0.956456309,0.,0.643989307,0.975117576,0.,               589P    979
0.59639387,0.984571228,0.,0.548531905,0.994077818,0.,                589P    980
0.500006672,0.994064474,0.,0.,1.,0.,0.,-1.;                          589P    981
124,-1.,-2.10734244613446E-08,0.,6.32202733840338E-08,               591P    982
1.29037509068296E-24,-6.12323399573676E-17,1.,3.,                    591P    983
-2.10734244613446E-08,1.,6.12323399573677E-17,-3.;                   591P    984
100,0.,0.,3.,2.,3.,-2.,2.999999958;                                  593P    985
102,2,583,589;                                                       595P    986
102,2,587,593;                                                       597P    987
142,1,581,595,597,1;                                                 599P    988
144,581,1,0,599;                                                     601P    989
128,24,3,3,3,0,0,1,0,0,0.,0.,0.,0.,0.0363156490182285,               603P    990
0.072631298036457,0.108946947054685,0.145262596072914,               603P    991
0.145262596072914,0.154848325286874,0.164434054500835,               603P    992
0.174019783714795,0.183605512928756,0.183605512928756,               603P    993
0.219085253296711,0.254564993664667,0.290044734032622,               603P    994
0.325524474400578,0.325524474400578,0.334951145520498,               603P    995
0.344377816640419,0.35380448776034,0.36323115888026,                 603P    996
0.36323115888026,0.43161557944013,0.5,0.5,0.5,0.5,0.,0.,0.,0.,       603P    997
0.970032781212256,0.970032781212256,0.970032781212256,               603P    998
0.970032781212256,1.,1.,1.,1.,1.,1.,1.,1.,1.,1.,1.,1.,1.,1.,1.,      603P    999
1.,1.,1.,1.,1.,1.,1.,1.,1.,1.,1.,1.,1.,1.,1.,1.,1.,1.,1.,1.,1.,      603P   1000
1.,1.,1.,1.,1.,1.,1.,1.,1.,1.,1.,1.,1.,1.,1.,1.,1.,1.,1.,1.,1.,      603P   1001
1.,1.,1.,1.,1.,1.,1.,1.,1.,1.,1.,1.,1.,1.,1.,1.,1.,1.,1.,1.,1.,      603P   1002
1.,1.,1.,1.,1.,1.,1.,1.,1.,1.,1.,1.,1.,1.,1.,1.,1.,1.,1.,1.,1.,      603P   1003
1.,2.,3.,0.,2.,3.,-0.163798953,1.959403123,3.,-0.494363231,          603P   1004
1.777030188,3.,-0.961957162,1.487826407,3.,-1.366355288,             603P   1005
1.241048095,3.,-1.576335453,1.074651206,3.,-1.687266713,             603P   1006
1.010553645,3.,-1.727001538,0.918840585,3.,-1.777444245,             603P   1007
0.826236403,3.,-1.822326525,0.76036574,3.,-1.850214203,              603P   1008
0.593595203,3.,-1.915069412,0.317256757,3.,-1.990383587,             603P   1009
-0.116542928,3.,-2.012278892,-0.54437625,3.,-1.940527887,            603P   1010
-0.809418224,3.,-1.834266208,-0.966489313,3.,-1.751367578,           603P   1011
-1.027039928,3.,-1.717122461,-1.111054798,3.,-1.66399286,            603P   1012
-1.193230487,3.,-1.606128602,-1.249947276,3.,-1.561793829,           603P   1013
-1.501057336,3.,-1.352535445,-1.867359194,3.,-0.883114944,           603P   1014
-2.000153601,3.,-0.294371648,-2.000153601,3.,0.,3.789443487,3.,      603P   1015
0.,3.789443487,3.,-0.380289052,3.761973378,3.,-1.137777283,          603P   1016
3.638569684,3.,-2.251139525,3.442878286,3.,-3.328958159,             603P   1017
3.275894325,3.,-4.019922992,3.163300915,3.,-4.449090145,             603P   1018
3.094355023,3.,-4.634023964,2.892812984,3.,-4.895966887,             603P   1019
2.601280982,3.,-5.082017818,2.385001283,3.,-5.132089185,             603P   1020
1.891104807,3.,-5.175973834,1.110143924,3.,-5.226935603,             603P   1021
-0.066146543,3.,-5.241751187,-1.239138413,3.,-5.193200458,           603P   1022
-2.013979992,3.,-5.121297883,-2.50131328,3.,-5.065204049,            603P   1023
-2.711578024,3.,-5.011726584,-2.996625344,3.,-4.823373548,           603P   1024
-3.194659882,3.,-4.556618485,-3.259815896,3.,-4.365782323,           603P   1025
-3.42973096,3.,-3.600628007,-3.677591214,3.,-2.200959364,            603P   1026
-3.767447312,3.,-0.733653121,-3.767447312,3.,0.,5.575186274,         603P   1027
3.157465286,0.,5.575186274,3.157465286,-0.596779151,                 603P   1028
5.560842931,3.157465286,-1.781191334,5.49640848,3.157465286,         603P   1029
-3.540321888,5.394229465,3.157465286,-5.29156103,5.307039854,        603P   1030
3.157465286,-6.463510531,5.248249923,3.157465286,-7.210913577,       603P   1031
5.174455701,3.157465286,-7.54104639,4.863084682,3.157465286,         603P   1032
-8.014489528,4.37262486,3.157465286,-8.341709111,4.005936126,        603P   1033
3.157465286,-8.413964167,3.184913712,3.157465286,-8.436878256,       603P   1034
1.899330389,3.157465286,-8.463487619,-0.019450858,3.157465286,       603P   1035
-8.471223482,-1.937601276,3.157465286,-8.445873028,                  603P   1036
-3.222242461,3.157465286,-8.408329557,-4.039837948,3.157465286,      603P   1037
-8.379040519,-4.39981682,3.157465286,-8.306330707,-4.885896591,      603P   1038
3.157465286,-7.982754236,-5.199789977,3.157465286,-7.507108367,      603P   1039
-5.273385217,3.157465286,-7.169770817,-5.362105284,3.157465286,      603P   1040
-5.848720568,-5.491523935,3.157465286,-3.518803784,                  603P   1041
-5.538441724,3.157465286,-1.172934595,-5.538441724,3.157465286,      603P   1042
0.,7.336804664,3.470539157,0.,7.336804664,3.470539157,               603P   1043
-0.81326925,7.335588089,3.470539157,-2.424605386,7.330122879,        603P   1044
3.470539157,-4.82950425,7.321456246,3.470539157,-7.254163901,        603P   1045
7.314060986,3.470539157,-8.90709807,7.309074534,3.470539157,         603P   1046
-9.972737009,7.230431982,3.470539157,-10.448068816,6.809231984,      603P   1047
3.470539157,-11.13301217,6.119844342,3.470539157,-11.601400404,      603P   1048
5.602746571,3.470539157,-11.695839148,4.454598219,3.470539157,       603P   1049
-11.697782679,2.664392458,3.470539157,-11.700039635,0.00312043,      603P   1050
3.470539157,-11.700695776,-2.660188536,3.470539157,                  603P   1051
-11.698545598,-4.454629326,3.470539157,-11.695361231,                603P   1052
-5.602487013,3.470539157,-11.69287699,-6.112180013,3.470539157,      603P   1053
-11.60093483,-6.799292235,3.470539157,-11.142134924,                 603P   1054
-7.229044469,3.470539157,-10.45759825,-7.311078935,3.470539157,      603P   1055
-9.97375931,-7.318604005,3.470539157,-8.09681313,-7.329581053,       603P   1056
3.470539157,-4.836648204,-7.333560532,3.470539157,-1.612216068,      603P   1057
-7.333560532,3.470539157,0.,0.,0.5,0.,0.970032781212256;             603P   1058
126,8,2,1,0,1,0,0.,0.,0.,0.25,0.25,0.5,0.5,0.75,0.75,1.,1.,1.,       605P   1059
1.,1.,1.,1.,1.,1.,1.,1.,1.,0.5,0.870391372,0.,0.482923738,           605P   1060
0.870391372,0.,0.464846827,0.872757933,0.,0.448616629,               605P   1061
0.87488273,0.,0.430167802,0.879113211,0.,0.415657502,                605P   1062
0.882440552,0.,0.396261614,0.887892661,0.,0.386002209,               605P   1063
0.89077654,0.,0.363231159,0.897481224,0.,0.,1.,0.,0.,1.;             605P   1064
126,12,3,1,0,1,0,0.00913268934598799,0.00913268934598799,            607P   1065
0.00913268934598799,0.00913268934598799,0.010474882835747,           607P   1066
0.010474882835747,0.010474882835747,0.0127237735917723,              607P   1067
0.0127237735917723,0.0127237735917723,0.0182653906251829,            607P   1068
0.0182653906251829,0.0182653906251829,0.0182654506251829,            607P   1069
0.0182654506251829,0.0182654506251829,0.0182654506251829,1.,1.,      607P   1070
1.,1.,1.,1.,1.,1.,1.,1.,1.,1.,1.,-6.781120205,3.378990301,0.,        607P   1071
-6.781120205,3.378990301,-0.447396975,-6.781913317,3.379239661,      607P   1072
-0.894794599,-6.783434362,3.379718391,-1.342188733,                  607P   1073
-6.785982926,3.380520519,-2.091813023,-6.790581702,3.381969185,      607P   1074
-2.841431173,-6.796659632,3.383881174,-3.591033146,                  607P   1075
-6.811636573,3.388592605,-5.438165957,-6.834942455,3.395945913,      607P   1076
-7.285216276,-6.85737827,3.402904019,-9.13226645,-6.857378513,       607P   1077
3.402904094,-9.132286449,-6.857378756,3.40290417,-9.132306447,       607P   1078
-6.857378999,3.402904245,-9.132326445,0.00913268934598799,           607P   1079
0.0182654506251829,-0.300152184,-0.953891328,0.;                     607P   1080
126,10,2,1,0,1,0,0.,0.,0.,0.0625,0.0625,0.125,0.125,0.25,0.25,       609P   1081
0.5,0.5,1.,1.,1.,1.,1.,1.,1.,1.,1.,1.,1.,1.,1.,1.,0.363231159,       609P   1082
0.897481224,0.,0.363083917,0.898633209,0.,0.362949839,               609P   1083
0.8997868,0.,0.362902307,0.900195764,0.,0.36266384,0.902050602,      609P   1084
0.,0.362375003,0.904297226,0.,0.362077594,0.906452649,0.,            609P   1085
0.361480389,0.910780806,0.,0.360846577,0.914755547,0.,               609P   1086
0.359572468,0.92274571,0.,0.358135746,0.929394346,0.,0.,1.,0.,       609P   1087
0.,1.;                                                               609P   1088
126,6,3,1,0,1,0,-5.64458342543061E-08,-5.64458342543061E-08,         611P   1089
-5.64458342543061E-08,-5.64458342543061E-08,0.,0.,0.,                611P   1090
0.000654706573901554,0.000654706573901554,0.000654706573901554,      611P   1091
0.000654706573901554,1.,1.,1.,1.,1.,1.,1.,-6.857378999,              611P   1092
3.402904245,-9.132326445,-6.857385492,3.402904034,-9.132344103,      611P   1093
-6.857392063,3.402906152,-9.132361684,-6.857398596,3.402907105,      611P   1094
-9.132379303,-6.933163837,3.413963306,-9.336742051,                  611P   1095
-6.991409103,3.423809908,-9.549897315,-7.018487062,3.432010983,      611P   1096
-9.766291101,-5.64458342543061E-08,0.000654706573901554,0.,0.,       611P   1097
0.;                                                                  611P   1098
126,14,2,1,0,1,0,0.,0.,0.,0.25,0.25,0.375,0.375,0.5,0.5,0.625,       613P   1099
0.625,0.75,0.75,0.875,0.875,1.,1.,1.,1.,1.,1.,1.,1.,1.,1.,1.,        613P   1100
1.,1.,1.,1.,1.,1.,1.,0.358135746,0.929394346,0.,0.355085932,         613P   1101
0.943507802,0.,0.351455315,0.951251136,0.,0.34971629,                613P   1102
0.954960106,0.,0.347672903,0.957725015,0.,0.345723881,               613P   1103
0.960362237,0.,0.343768318,0.961857777,0.,0.341873937,               613P   1104
0.963306528,0.,0.339701758,0.963823925,0.,0.337621408,               613P   1105
0.964319449,0.,0.335592969,0.96390266,0.,0.333518765,                613P   1106
0.963476468,0.,0.331394837,0.96204096,0.,0.329194171,                613P   1107
0.960553586,0.,0.327218373,0.958155997,0.,0.,1.,0.,0.,-1.;           613P   1108
126,5,3,1,0,1,0,0.,0.,0.,0.,0.5,0.5,1.,1.,1.,1.,1.,1.,1.,1.,1.,      615P   1109
1.,-7.018487062,3.432010983,-9.766291101,-7.075944591,               615P   1110
3.449413088,-10.225463535,-6.970064334,3.458753095,                  615P   1111
-10.709745767,-6.373964366,3.466560851,-11.412561789,                615P   1112
-5.900502257,3.465606606,-11.606134775,-5.436383752,3.4591096,       615P   1113
-11.56709739,0.,1.,0.054037796,0.998055605,0.031063255;              615P   1114
126,2,2,1,0,1,0,0.,0.,0.,1.,1.,1.,1.,1.,1.,0.327218373,              617P   1115
0.958155997,0.,0.326340156,0.957090299,0.,0.325524474,               617P   1116
0.955861777,0.,0.,1.,0.,0.,-1.;                                      617P   1117
126,6,3,1,0,1,0,0.,0.,0.,0.,0.000141480392073796,                    619P   1118
0.000141480392073796,0.000141480392073796,0.000141540392072524,      619P   1119
0.000141540392072524,0.000141540392072524,0.000141540392072524,      619P   1120
1.,1.,1.,1.,1.,1.,1.,-5.436383752,3.4591096,-11.56709739,            619P   1121
-5.389394133,3.458451811,-11.563145055,-5.342537899,                 619P   1122
3.457725203,-11.556929516,-5.296158396,3.456918927,                  619P   1123
-11.54842249,-5.296138727,3.456918585,-11.548418882,                 619P   1124
-5.296119058,3.456918243,-11.548415274,-5.296099389,                 619P   1125
3.456917901,-11.548411666,0.,0.000141540392072524,0.,0.,0.;          619P   1126
126,8,2,1,0,1,0,0.,0.,0.,0.125,0.125,0.25,0.25,0.5,0.5,1.,1.,        621P   1127
1.,1.,1.,1.,1.,1.,1.,1.,1.,1.,0.325524474,0.955861777,0.,            621P   1128
0.322539212,0.955671749,0.,0.308002597,0.955104022,0.,               621P   1129
0.298927068,0.954749577,0.,0.290314277,0.954497225,0.,               621P   1130
0.272066111,0.953962561,0.,0.254643333,0.953853274,0.,               621P   1131
0.220873466,0.953641445,0.,0.183605513,0.955066807,0.,0.,1.,0.,      621P   1132
0.,1.;                                                               621P   1133
126,15,3,1,0,1,0,-5.90406573602514E-08,-5.90406573602514E-08,        623P   1134
-5.90406573602514E-08,-5.90406573602514E-08,0.,0.,0.,                623P   1135
0.00529535100339799,0.00529535100339799,0.00529535100339799,         623P   1136
0.00666981664429363,0.00666981664429363,0.00666981664429363,         623P   1137
0.0105838146054361,0.0105838146054361,0.0105838146054361,            623P   1138
0.0105838746054361,0.0105838746054361,0.0105838746054361,            623P   1139
0.0105838746054361,1.,1.,1.,1.,1.,1.,1.,1.,1.,1.,1.,1.,1.,1.,        623P   1140
1.,1.,-5.296099389,3.456917901,-11.548411666,-5.296079713,           623P   1141
3.456917495,-11.548411597,-5.296060029,3.456917878,                  623P   1142
-11.548411542,-5.296040349,3.456917866,-11.54841148,                 623P   1143
-3.530932346,3.455871447,-11.542873222,-1.765816054,                 623P   1144
3.455144928,-11.539088424,-0.000699203,3.455003162,                  623P   1145
-11.538375175,0.457456456,3.454966365,-11.538190043,0.91561224,      623P   1146
3.45496724,-11.53820307,1.373767889,3.45500508,-11.53841026,         623P   1147
2.678434394,3.455112835,-11.539000263,3.983100608,3.455530424,       623P   1148
-11.541215408,5.287762819,3.456159645,-11.544557418,                 623P   1149
5.287782818,3.456159655,-11.544557469,5.287802818,3.456159664,       623P   1150
-11.54455752,5.287822818,3.456159674,-11.544557572,                  623P   1151
-5.90406573602514E-08,0.0105838746054361,0.,0.,0.;                   623P   1152
126,2,2,1,0,1,0,0.,0.,0.,1.,1.,1.,1.,1.,1.,0.183605513,              625P   1153
0.955066807,0.,0.182709357,0.956460857,0.,0.181841941,               625P   1154
0.957549698,0.,0.,1.,0.,0.,-1.;                                      625P   1155
126,6,3,1,0,1,0,-5.89640355805274E-08,-5.89640355805274E-08,         627P   1156
-5.89640355805274E-08,-5.89640355805274E-08,0.,0.,0.,                627P   1157
0.000147634980546291,0.000147634980546291,0.000147634980546291,      627P   1158
0.000147634980546291,1.,1.,1.,1.,1.,1.,1.,5.287822818,               627P   1159
3.456159674,-11.544557572,5.287842128,3.45615965,-11.544561239,      627P   1160
5.28786143,3.456160373,-11.544564913,5.287880736,3.456160723,        627P   1161
-11.544568583,5.336218906,3.457035822,-11.553757867,                 627P   1162
5.385097405,3.457821167,-11.560443038,5.434122766,3.458529887,       627P   1163
-11.564661941,-5.89640355805274E-08,0.000147634980546291,0.,0.,      627P   1164
0.;                                                                  627P   1165
126,14,2,1,0,1,0,0.,0.,0.,0.125,0.125,0.25,0.25,0.375,0.375,         629P   1166
0.5,0.5,0.625,0.625,0.75,0.75,1.,1.,1.,1.,1.,1.,1.,1.,1.,1.,1.,      629P   1167
1.,1.,1.,1.,1.,1.,1.,0.181841941,0.957549698,0.,0.179867823,         629P   1168
0.960027749,0.,0.177650921,0.961590131,0.,0.175543944,               629P   1169
0.963075043,0.,0.173485414,0.96356184,0.,0.171447037,                629P   1170
0.964043871,0.,0.169319271,0.963593622,0.,0.167153238,               629P   1171
0.963135275,0.,0.165244824,0.961771419,0.,0.163252315,               629P   1172
0.960347464,0.,0.161224641,0.957718849,0.,0.159158679,               629P   1173
0.955040597,0.,0.157375941,0.951438176,0.,0.153598975,               629P   1174
0.943805965,0.,0.150413994,0.929939435,0.,0.,1.,0.,0.,-1.;           629P   1175
126,21,3,1,0,1,0,0.,0.,0.,0.,0.000260224335700169,                   631P   1176
0.000260224335700169,0.000260224335700169,0.000755303311081802,      631P   1177
0.000755303311081802,0.000755303311081802,0.00101941798853555,       631P   1178
0.00101941798853555,0.00101941798853555,0.0015112052449665,          631P   1179
0.0015112052449665,0.0015112052449665,0.00166229705712661,           631P   1180
0.00166229705712661,0.00166229705712661,0.00218380621177898,         631P   1181
0.00218380621177898,0.00218380621177898,0.00277226104244916,         631P   1182
0.00277226104244916,0.00277226104244916,0.00277226104244916,1.,      631P   1183
1.,1.,1.,1.,1.,1.,1.,1.,1.,1.,1.,1.,1.,1.,1.,1.,1.,1.,1.,1.,1.,      631P   1184
5.434122766,3.458529887,-11.564661941,5.520535837,3.459779092,       631P   1185
-11.572098265,5.607930021,3.460799538,-11.571909996,                 631P   1186
5.694328275,3.46163242,-11.564246679,5.856999224,3.463200572,        631P   1187
-11.549818156,6.019790524,3.464150932,-11.508026066,                 631P   1188
6.168242501,3.464433687,-11.439949566,6.248315715,3.464586201,       631P   1189
-11.403229918,6.32528478,3.464559533,-11.358939755,6.397506275,      631P   1190
3.464371295,-11.308500725,6.530619496,3.464024349,                   631P   1191
-11.215535303,6.650293619,3.463102634,-11.098938907,                 631P   1192
6.744611313,3.461414571,-10.966790723,6.773991365,3.460888738,       631P   1193
-10.925626437,6.801268842,3.460299016,-10.882886522,                 631P   1194
6.826334881,3.45964534,-10.838963534,6.911782476,3.457417024,        631P   1195
-10.689234501,6.972758038,3.454427117,-10.523036811,                 631P   1196
7.005315787,3.450387751,-10.353777493,7.042026797,3.4458331,         631P   1197
-10.162926452,7.042603011,3.439732463,-9.963743496,7.018393116,      631P   1198
3.43251692,-9.770988782,0.,0.00277226104244916,-0.012294711,         631P   1199
0.999610544,0.02505196;                                              631P   1200
126,2,2,1,0,1,0,0.,0.,0.,1.,1.,1.,1.,1.,1.,0.150413994,              633P   1201
0.929939435,0.,0.147569303,0.917554433,0.,0.145262596,               633P   1202
0.90020694,0.,0.,1.,0.,0.,-1.;                                       633P   1203
126,6,3,1,0,1,0,0.,0.,0.,0.,0.000622071707924006,                    635P   1204
0.000622071707924006,0.000622071707924006,0.000622131707924,         635P   1205
0.000622131707924,0.000622131707924,0.000622131707924,1.,1.,1.,      635P   1206
1.,1.,1.,1.,7.018393116,3.43251692,-9.770988782,6.992569984,         635P   1207
3.424820567,-9.565389766,6.938169842,3.415641171,-9.362739999,       635P   1208
6.867162592,3.405353745,-9.168191386,6.867155743,3.405352753,        635P   1209
-9.168172622,6.867148894,3.405351761,-9.168153857,6.867142045,       635P   1210
3.405350768,-9.168135093,0.,0.000622131707924,-0.060747878,          635P   1211
0.997710641,0.029718203;                                             635P   1212
126,40,2,1,0,1,0,0.,0.,0.,3.814697265625E-06,                        637P   1213
3.814697265625E-06,7.62939453125E-06,7.62939453125E-06,              637P   1214
1.52587890625E-05,1.52587890625E-05,3.0517578125E-05,                637P   1215
3.0517578125E-05,6.103515625E-05,6.103515625E-05,                    637P   1216
0.0001220703125,0.0001220703125,0.000244140625,0.000244140625,       637P   1217
0.00048828125,0.00048828125,0.0009765625,0.0009765625,               637P   1218
0.001953125,0.001953125,0.00390625,0.00390625,0.0078125,             637P   1219
0.0078125,0.015625,0.015625,0.03125,0.03125,0.0625,0.0625,           637P   1220
0.125,0.125,0.25,0.25,0.5,0.5,0.75,0.75,1.,1.,1.,1.,1.,1.,1.,        637P   1221
1.,1.,1.,1.,1.,1.,1.,1.,1.,1.,1.,1.,1.,1.,1.,1.,1.,1.,1.,1.,1.,      637P   1222
1.,1.,1.,1.,1.,1.,1.,1.,1.,1.,1.,1.,1.,1.,1.,1.,0.145262596,         637P   1223
0.90020694,0.,0.145262366,0.900206769,0.,0.145262094,                637P   1224
0.900206736,0.,0.145261821,0.900206703,0.,0.145261563,               637P   1225
0.900206624,0.,0.145261047,0.900206465,0.,0.14526053,                637P   1226
0.900206307,0.,0.145259497,0.90020599,0.,0.145258464,                637P   1227
0.900205674,0.,0.1452564,0.900205041,0.,0.145254332,                 637P   1228
0.900204407,0.,0.1452502,0.90020314,0.,0.145246068,0.900201874,      637P   1229
0.,0.145237804,0.90019934,0.,0.14522954,0.900196807,0.,              637P   1230
0.145213013,0.90019174,0.,0.145196481,0.900186671,0.,                637P   1231
0.145163433,0.900176539,0.,0.14513036,0.900166397,0.,                637P   1232
0.145064278,0.900146134,0.,0.144998099,0.900125835,0.,               637P   1233
0.144865995,0.900085316,0.,0.144733501,0.900044654,0.,               637P   1234
0.144469549,0.899963649,0.,0.144203999,0.899882065,0.,               637P   1235
0.143677239,0.89972023,0.,0.143143777,0.899555989,0.,                637P   1236
0.142095912,0.899233374,0.,0.14101848,0.898900334,0.,                637P   1237
0.138956839,0.898263068,0.,0.136748618,0.897575756,0.,               637P   1238
0.132949847,0.896393383,0.,0.128133111,0.894880279,0.,               637P   1239
0.119371885,0.892128075,0.,0.110611711,0.88937252,0.,                637P   1240
0.089348313,0.882684016,0.,0.07453549,0.878699677,0.,                637P   1241
0.054249331,0.873243125,0.,0.037427058,0.87058739,0.,                637P   1242
0.018311916,0.86756968,0.,0.,0.86756968,0.,0.,1.,0.,0.,1.;           637P   1243
126,9,3,1,0,1,0,-5.65617691620431E-08,-5.65617691620431E-08,         639P   1244
-5.65617691620431E-08,-5.65617691620431E-08,0.,0.,0.,                639P   1245
0.00700957752721075,0.00700957752721075,0.00700957752721075,         639P   1246
0.00916862427484313,0.00916862427484313,0.00916862427484313,         639P   1247
0.00916862427484313,1.,1.,1.,1.,1.,1.,1.,1.,1.,1.,6.867142045,       639P   1248
3.405350768,-9.168135093,6.867141373,3.405348545,-9.168116382,       639P   1249
6.867141565,3.405350615,-9.168097388,6.867141326,3.405350538,        639P   1250
-9.168078536,6.83743075,3.395842278,-6.831760945,6.800395208,        639P   1251
3.383827502,-4.495502137,6.785011323,3.378870292,-2.159032198,       639P   1252
6.780272876,3.377343404,-1.439367573,6.777789949,3.376541333,        639P   1253
-0.719681844,6.777789949,3.376541333,0.,-5.65617691620431E-08,       639P   1254
0.00916862427484313,0.,0.,0.;                                        639P   1255
126,1,1,1,0,1,0,0.,0.,1.,1.,1.,1.,0.,0.86756968,0.,0.,0.,0.,0.,      641P   1256
1.,0.,0.,1.;                                                         641P   1257
126,3,3,1,0,1,0,0.132430320145235,0.132430320145235,                 643P   1258
0.132430320145235,0.132430320145235,1.,1.,1.,1.,1.,1.,1.,1.,         643P   1259
6.777789949,3.376541333,0.,5.197894343,3.125956544,0.,               643P   1260
3.600427268,3.,0.,2.,3.,0.,0.132430320145235,1.,0.,0.,1.;            643P   1261
126,1,1,1,0,1,0,0.,0.,1.,1.,1.,1.,0.,0.,0.,0.5,0.,0.,0.,1.,0.,       645P   1262
0.,1.;                                                               645P   1263
124,1.,0.,0.,0.,0.,6.12323399573677E-17,1.,3.,0.,-1.,                647P   1264
6.12323399573677E-17,3.;                                             647P   1265
100,0.,0.,3.,2.,3.,-2.,3.000000042;                                  649P   1266
126,1,1,1,0,1,0,0.,0.,1.,1.,1.,1.,0.5,0.,0.,0.5,0.870391372,0.,      651P   1267
0.,1.,0.,0.,1.;                                                      651P   1268
126,3,3,1,0,1,0,0.,0.,0.,0.,0.870391371898089,                       653P   1269
0.870391371898089,0.870391371898089,0.870391371898089,1.,1.,1.,      653P   1270
1.,-2.000153601,3.,0.,-3.585911554,3.,0.,-5.174648986,               653P   1271
3.126777201,0.,-6.781120205,3.378990301,0.,0.,                       653P   1272
0.870391371898089,0.,0.,1.;                                          653P   1273
102,12,605,609,613,617,621,625,629,633,637,641,645,651;              655P   1274
102,12,607,611,615,619,623,627,631,635,639,643,649,653;              657P   1275
142,1,603,655,657,1;                                                 659P   1276
144,603,1,0,659;                                                     661P   1277
128,12,12,3,3,0,0,1,0,0,0.,0.,0.,0.,0.392699081698724,               663P   1278
0.392699081698724,0.392699081698724,0.785398163397448,               663P   1279
0.785398163397448,0.785398163397448,1.17809724509617,                663P   1280
1.17809724509617,1.17809724509617,1.5707963267949,                   663P   1281
1.5707963267949,1.5707963267949,1.5707963267949,0.,0.,0.,0.,         663P   1282
0.392699081698724,0.392699081698724,0.392699081698724,               663P   1283
0.785398163397449,0.785398163397449,0.785398163397449,               663P   1284
1.17809724509617,1.17809724509617,1.17809724509617,                  663P   1285
1.5707963267949,1.5707963267949,1.5707963267949,                     663P   1286
1.5707963267949,1.,1.,1.,1.,1.,1.,1.,1.,1.,1.,1.,1.,1.,1.,1.,        663P   1287
1.,1.,1.,1.,1.,1.,1.,1.,1.,1.,1.,1.,1.,1.,1.,1.,1.,1.,1.,1.,1.,      663P   1288
1.,1.,1.,1.,1.,1.,1.,1.,1.,1.,1.,1.,1.,1.,1.,1.,1.,1.,1.,1.,1.,      663P   1289
1.,1.,1.,1.,1.,1.,1.,1.,1.,1.,1.,1.,1.,1.,1.,1.,1.,1.,1.,1.,1.,      663P   1290
1.,1.,1.,1.,1.,1.,1.,1.,1.,1.,1.,1.,1.,1.,1.,1.,1.,1.,1.,1.,1.,      663P   1291
1.,1.,1.,1.,1.,1.,1.,1.,1.,1.,1.,1.,1.,1.,1.,1.,1.,1.,1.,1.,1.,      663P   1292
1.,1.,1.,1.,1.,1.,1.,1.,1.,1.,1.,1.,1.,1.,1.,1.,1.,1.,1.,1.,1.,      663P   1293
1.,1.,1.,1.,1.,1.,1.,1.,1.,1.,1.,1.,1.,1.,1.,1.,1.,1.,1.,1.,1.,      663P   1294
1.,1.,1.,1.,1.,1.,1.,8.,3.,13.5,8.130899694,3.,13.5,                 663P   1295
8.261747884,3.,13.473972677,8.382683432,3.,13.423879533,             663P   1296
8.50361898,3.,13.373786388,8.61454672,3.,13.299666842,               663P   1297
8.707106781,3.,13.207106781,8.799666842,3.,13.11454672,              663P   1298
8.873786388,3.,13.00361898,8.923879533,3.,12.882683432,              663P   1299
8.973972677,3.,12.761747884,9.,3.,12.630899694,9.,3.,12.5,8.,        663P   1300
3.065449847,13.5,8.130899694,3.065449847,13.5,8.261747884,           663P   1301
3.065449847,13.473972677,8.382683432,3.065449847,13.423879533,       663P   1302
8.50361898,3.065449847,13.373786388,8.61454672,3.065449847,          663P   1303
13.299666842,8.707106781,3.065449847,13.207106781,8.799666842,       663P   1304
3.065449847,13.11454672,8.873786388,3.065449847,13.00361898,         663P   1305
8.923879533,3.065449847,12.882683432,8.973972677,3.065449847,        663P   1306
12.761747884,9.,3.065449847,12.630899694,9.,3.065449847,12.5,        663P   1307
8.,3.130873942,13.486986338,8.12919621,3.130873942,                  663P   1308
13.486986338,8.258341586,3.130873942,13.461297726,8.37770332,        663P   1309
3.130873942,13.411856477,8.497065053,3.130873942,13.362415228,       663P   1310
8.606549217,3.130873942,13.289260249,8.697904733,3.130873942,        663P   1311
13.197904733,8.789260249,3.130873942,13.106549217,8.862415228,       663P   1312
3.130873942,12.997065053,8.911856477,3.130873942,12.87770332,        663P   1313
8.961297726,3.130873942,12.758341586,8.986986338,3.130873942,        663P   1314
12.62919621,8.986986338,3.130873942,12.5,8.,3.191341716,             663P   1315
13.461939766,8.125917621,3.191341716,13.461939766,8.251785699,       663P   1316
3.191341716,13.436903049,8.368118411,3.191341716,13.388716462,       663P   1317
8.484451124,3.191341716,13.340529874,8.591156928,3.191341716,        663P   1318
13.269231335,8.680194132,3.191341716,13.180194132,8.769231335,       663P   1319
3.191341716,13.091156928,8.840529874,3.191341716,12.984451124,       663P   1320
8.888716462,3.191341716,12.868118411,8.936903049,3.191341716,        663P   1321
12.751785699,8.961939766,3.191341716,12.625917621,8.961939766,       663P   1322
3.191341716,12.5,8.,3.25180949,13.436893194,8.122639032,             663P   1323
3.25180949,13.436893194,8.245229811,3.25180949,13.412508372,         663P   1324
8.358533503,3.25180949,13.365576446,8.471837195,3.25180949,          663P   1325
13.31864452,8.575764639,3.25180949,13.249202422,8.662483531,         663P   1326
3.25180949,13.162483531,8.749202422,3.25180949,13.075764639,         663P   1327
8.81864452,3.25180949,12.971837195,8.865576446,3.25180949,           663P   1328
12.858533503,8.912508372,3.25180949,12.745229811,8.936893194,        663P   1329
3.25180949,12.622639032,8.936893194,3.25180949,12.5,8.,              663P   1330
3.30727336,13.399833421,8.117787919,3.30727336,13.399833421,         663P   1331
8.235529494,3.30727336,13.376413166,8.344351342,3.30727336,          663P   1332
13.331337681,8.45317319,3.30727336,13.286262195,8.552989678,         663P   1333
3.30727336,13.219566951,8.636278314,3.30727336,13.136278314,         663P   1334
8.719566951,3.30727336,13.052989678,8.786262195,3.30727336,          663P   1335
12.95317319,8.831337681,3.30727336,12.844351342,8.876413166,         663P   1336
3.30727336,12.735529494,8.899833421,3.30727336,12.617787919,         663P   1337
8.899833421,3.30727336,12.5,8.,3.353553391,13.353553391,             663P   1338
8.111729878,3.353553391,13.353553391,8.223415794,3.353553391,        663P   1339
13.331337681,8.326640741,3.353553391,13.288580507,8.429865688,       663P   1340
3.353553391,13.245823334,8.524548437,3.353553391,13.182558345,       663P   1341
8.603553391,3.353553391,13.103553391,8.682558345,3.353553391,        663P   1342
13.024548437,8.745823334,3.353553391,12.929865688,8.788580507,       663P   1343
3.353553391,12.826640741,8.831337681,3.353553391,12.723415794,       663P   1344
8.853553391,3.353553391,12.611729878,8.853553391,3.353553391,        663P   1345
12.5,8.,3.399833421,13.30727336,8.105671836,3.399833421,             663P   1346
13.30727336,8.211302094,3.399833421,13.286262195,8.30893014,         663P   1347
3.399833421,13.245823334,8.406558186,3.399833421,13.205384474,       663P   1348
8.496107196,3.399833421,13.145549739,8.570828467,3.399833421,        663P   1349
13.070828467,8.645549739,3.399833421,12.996107196,8.705384474,       663P   1350
3.399833421,12.906558186,8.745823334,3.399833421,12.80893014,        663P   1351
8.786262195,3.399833421,12.711302094,8.80727336,3.399833421,         663P   1352
12.605671836,8.80727336,3.399833421,12.5,8.,3.436893194,             663P   1353
13.25180949,8.098411632,3.436893194,13.25180949,8.196784543,         663P   1354
3.436893194,13.232241902,8.287705036,3.436893194,13.1945814,         663P   1355
8.378625529,3.436893194,13.156920899,8.462022056,3.436893194,        663P   1356
13.101197121,8.531609589,3.436893194,13.031609589,8.601197121,       663P   1357
3.436893194,12.962022056,8.656920899,3.436893194,12.878625529,       663P   1358
8.6945814,3.436893194,12.787705036,8.732241902,3.436893194,          663P   1359
12.696784543,8.75180949,3.436893194,12.598411632,8.75180949,         663P   1360
3.436893194,12.5,8.,3.461939766,13.191341716,8.090496419,            663P   1361
3.461939766,13.191341716,8.180957232,3.461939766,13.173347942,       663P   1362
8.264565021,3.461939766,13.138716462,8.34817281,3.461939766,         663P   1363
13.104084981,8.424861784,3.461939766,13.052843047,8.488852416,       663P   1364
3.461939766,12.988852416,8.552843047,3.461939766,12.924861784,       663P   1365
8.604084981,3.461939766,12.84817281,8.638716462,3.461939766,         663P   1366
12.764565021,8.673347942,3.461939766,12.680957232,8.691341716,       663P   1367
3.461939766,12.590496419,8.691341716,3.461939766,12.5,8.,            663P   1368
3.486986338,13.130873942,8.082581206,3.486986338,13.130873942,       663P   1369
8.16512992,3.486986338,13.114453982,8.241425006,3.486986338,         663P   1370
13.082851523,8.317720092,3.486986338,13.051249063,8.387701512,       663P   1371
3.486986338,13.004488973,8.446095243,3.486986338,12.946095243,       663P   1372
8.504488973,3.486986338,12.887701512,8.551249063,3.486986338,        663P   1373
12.817720092,8.582851523,3.486986338,12.741425006,8.614453982,       663P   1374
3.486986338,12.66512992,8.630873942,3.486986338,12.582581206,        663P   1375
8.630873942,3.486986338,12.5,8.,3.5,13.065449847,8.074017212,        663P   1376
3.5,13.065449847,8.148005301,3.5,13.050732701,8.216388288,3.5,       663P   1377
13.02240754,8.284771275,3.5,12.99408238,8.347495349,3.5,             663P   1378
12.952171494,8.399833421,3.5,12.899833421,8.452171494,3.5,           663P   1379
12.847495349,8.49408238,3.5,12.784771275,8.52240754,3.5,             663P   1380
12.716388288,8.550732701,3.5,12.648005301,8.565449847,3.5,           663P   1381
12.574017212,8.565449847,3.5,12.5,8.,3.5,13.,8.065449847,3.5,        663P   1382
13.,8.130873942,3.5,12.986986338,8.191341716,3.5,12.961939766,       663P   1383
8.25180949,3.5,12.936893194,8.30727336,3.5,12.899833421,             663P   1384
8.353553391,3.5,12.853553391,8.399833421,3.5,12.80727336,            663P   1385
8.436893194,3.5,12.75180949,8.461939766,3.5,12.691341716,            663P   1386
8.486986338,3.5,12.630873942,8.5,3.5,12.565449847,8.5,3.5,12.5,      663P   1387
0.,1.5707963267949,0.,1.5707963267949;                               663P   1388
126,1,1,1,0,1,0,0.,0.,1.,1.,1.,1.,0.,1.570796327,0.,0.,0.,0.,        665P   1389
0.,1.,0.,0.,1.;                                                      665P   1390
124,3.74939945665464E-33,-6.12323399573677E-17,1.,-5.,1.,            667P   1391
6.12323399573677E-17,0.,-5.,-6.12323399573677E-17,1.,                667P   1392
6.12323399573677E-17,10.;                                            667P   1393
100,13.,8.,3.,8.5,3.,8.,3.5;                                         669P   1394
126,1,1,1,0,1,0,0.,0.,1.,1.,1.,1.,0.,0.,0.,1.570796327,0.,0.,        671P   1395
0.,1.,0.,0.,1.;                                                      671P   1396
124,1.40271576953299E-14,1.,0.,4.99999999999989,                     673P   1397
-6.12323399573677E-17,8.58915688636046E-31,1.,-9.5,1.,               673P   1398
-1.40271576953299E-14,6.12323399573677E-17,4.50000000000004;         673P   1399
100,12.5,8.,3.,9.,3.,8.,4.;                                          675P   1400
126,1,1,1,0,1,0,0.,0.,1.,1.,1.,1.,1.570796327,0.,0.,                 677P   1401
1.570796327,1.570796327,0.,0.,1.,0.,0.,1.;                           677P   1402
100,12.5,8.5,3.,9.,3.,8.5,3.5;                                       679P   1403
126,1,1,1,0,1,0,0.,0.,1.,1.,1.,1.,1.570796327,1.570796327,0.,        681P   1404
0.,1.570796327,0.,0.,1.,0.,0.,1.;                                    681P   1405
124,1.,0.,0.,0.,0.,6.12323399573677E-17,-1.,16.,0.,1.,               683P   1406
6.12323399573677E-17,9.;                                             683P   1407
100,12.5,8.,3.5,8.5,3.5,8.,4.;                                       685P   1408
102,4,665,671,677,681;                                               687P   1409
102,4,669,675,679,685;                                               689P   1410
142,1,663,687,689,1;                                                 691P   1411
144,663,1,0,691;                                                     693P   1412
110,8.5,3.,12.5,8.5,3.,1012.5;                                       695P   1413
110,9.,3.,-12.5,9.,3.,12.5;                                          697P   1414
120,695,697,0.,6.28318530717959;                                     699P   1415
126,1,1,1,0,1,0,0.,0.,1.,1.,1.,1.,1.,1.570796327,0.,1.,0.,0.,        701P   1416
0.,1.,0.,0.,1.;                                                      701P   1417
124,6.12323399573677E-17,1.,0.,5.5,1.,-6.12323399573677E-17,         703P   1418
-6.98296267768627E-15,-5.49999999999991,-6.98296267768627E-15,       703P   1419
4.27583144589696E-31,-1.,25.0000000000001;                           703P   1420
100,12.5,8.5,3.,9.,3.,8.5,3.5;                                       705P   1421
126,1,1,1,0,1,0,0.,0.,1.,1.,1.,1.,1.,0.,0.,0.,0.,0.,0.,1.,0.,        707P   1422
0.,1.;                                                               707P   1423
110,9.,3.,12.5,9.,3.,-12.5;                                          709P   1424
126,1,1,1,0,1,0,0.,0.,1.,1.,1.,1.,0.,0.,0.,0.,1.570796327,0.,        711P   1425
0.,1.,0.,0.,1.;                                                      711P   1426
100,-12.5,8.5,3.,9.,3.,8.5,3.5;                                      713P   1427
126,1,1,1,0,1,0,0.,0.,1.,1.,1.,1.,0.,1.570796327,0.,1.,              715P   1428
1.570796327,0.,0.,1.,0.,0.,1.;                                       715P   1429
110,8.5,3.5,-12.5,8.5,3.5,12.5;                                      717P   1430
102,4,701,707,711,715;                                               719P   1431
102,4,705,709,713,717;                                               721P   1432
142,1,699,719,721,1;                                                 723P   1433
144,699,1,0,723;                                                     725P   1434
110,8.,3.,13.,-992.,3.,13.;                                          727P   1435
110,8.,3.,13.5,-8.,3.,13.5;                                          729P   1436
120,727,729,0.,6.28318530717959;                                     731P   1437
126,1,1,1,0,1,0,0.,0.,1.,1.,1.,1.,0.,0.,0.,0.,1.570796327,0.,        733P   1438
0.,1.,0.,0.,1.;                                                      733P   1439
124,6.12323399573677E-17,0.,-1.,21.,0.,1.,0.,0.,1.,0.,               735P   1440
6.12323399573677E-17,5.;                                             735P   1441
100,13.,8.,3.,8.5,3.,8.,3.5;                                         737P   1442
126,1,1,1,0,1,0,0.,0.,1.,1.,1.,1.,0.,1.570796327,0.,1.,              739P   1443
1.570796327,0.,0.,1.,0.,0.,1.;                                       739P   1444
110,8.,3.5,13.,-8.,3.5,13.;                                          741P   1445
126,1,1,1,0,1,0,0.,0.,1.,1.,1.,1.,1.,1.570796327,0.,1.,0.,0.,        743P   1446
0.,1.,0.,0.,1.;                                                      743P   1447
124,3.74939945665464E-33,-6.12323399573677E-17,1.,-21.,1.,           745P   1448
6.12323399573677E-17,0.,11.,-6.12323399573677E-17,1.,                745P   1449
6.12323399573677E-17,10.;                                            745P   1450
100,13.,-8.,3.,-7.5,3.,-8.,3.5;                                      747P   1451
126,1,1,1,0,1,0,0.,0.,1.,1.,1.,1.,1.,0.,0.,0.,0.,0.,0.,1.,0.,        749P   1452
0.,1.;                                                               749P   1453
110,-8.,3.,13.5,8.,3.,13.5;                                          751P   1454
102,4,733,739,743,749;                                               753P   1455
102,4,737,741,747,751;                                               755P   1456
142,1,731,753,755,1;                                                 757P   1457
144,731,1,0,757;                                                     759P   1458
128,12,12,3,3,0,0,1,0,0,1.5707963267949,1.5707963267949,             761P   1459
1.5707963267949,1.5707963267949,1.96349540849362,                    761P   1460
1.96349540849362,1.96349540849362,2.35619449019234,                  761P   1461
2.35619449019234,2.35619449019234,2.74889357189107,                  761P   1462
2.74889357189107,2.74889357189107,3.14159265358979,                  761P   1463
3.14159265358979,3.14159265358979,3.14159265358979,0.,0.,0.,0.,      761P   1464
0.392699081698724,0.392699081698724,0.392699081698724,               761P   1465
0.785398163397448,0.785398163397448,0.785398163397448,               761P   1466
1.17809724509617,1.17809724509617,1.17809724509617,                  761P   1467
1.5707963267949,1.5707963267949,1.5707963267949,                     761P   1468
1.5707963267949,1.,1.,1.,1.,1.,1.,1.,1.,1.,1.,1.,1.,1.,1.,1.,        761P   1469
1.,1.,1.,1.,1.,1.,1.,1.,1.,1.,1.,1.,1.,1.,1.,1.,1.,1.,1.,1.,1.,      761P   1470
1.,1.,1.,1.,1.,1.,1.,1.,1.,1.,1.,1.,1.,1.,1.,1.,1.,1.,1.,1.,1.,      761P   1471
1.,1.,1.,1.,1.,1.,1.,1.,1.,1.,1.,1.,1.,1.,1.,1.,1.,1.,1.,1.,1.,      761P   1472
1.,1.,1.,1.,1.,1.,1.,1.,1.,1.,1.,1.,1.,1.,1.,1.,1.,1.,1.,1.,1.,      761P   1473
1.,1.,1.,1.,1.,1.,1.,1.,1.,1.,1.,1.,1.,1.,1.,1.,1.,1.,1.,1.,1.,      761P   1474
1.,1.,1.,1.,1.,1.,1.,1.,1.,1.,1.,1.,1.,1.,1.,1.,1.,1.,1.,1.,1.,      761P   1475
1.,1.,1.,1.,1.,1.,1.,1.,1.,1.,1.,1.,1.,1.,1.,1.,1.,1.,1.,1.,1.,      761P   1476
1.,1.,1.,1.,1.,1.,1.,9.,3.,-12.5,9.,3.,-12.630899694,                761P   1477
8.973972677,3.,-12.761747884,8.923879533,3.,-12.882683432,           761P   1478
8.873786388,3.,-13.00361898,8.799666842,3.,-13.11454672,             761P   1479
8.707106781,3.,-13.207106781,8.61454672,3.,-13.299666842,            761P   1480
8.50361898,3.,-13.373786388,8.382683432,3.,-13.423879533,            761P   1481
8.261747884,3.,-13.473972677,8.130899694,3.,-13.5,8.,3.,-13.5,       761P   1482
9.,3.065449847,-12.5,9.,3.065449847,-12.630899694,8.973972677,       761P   1483
3.065449847,-12.761747884,8.923879533,3.065449847,                   761P   1484
-12.882683432,8.873786388,3.065449847,-13.00361898,8.799666842,      761P   1485
3.065449847,-13.11454672,8.707106781,3.065449847,-13.207106781,      761P   1486
8.61454672,3.065449847,-13.299666842,8.50361898,3.065449847,         761P   1487
-13.373786388,8.382683432,3.065449847,-13.423879533,                 761P   1488
8.261747884,3.065449847,-13.473972677,8.130899694,3.065449847,       761P   1489
-13.5,8.,3.065449847,-13.5,8.986986338,3.130873942,-12.5,            761P   1490
8.986986338,3.130873942,-12.62919621,8.961297726,3.130873942,        761P   1491
-12.758341586,8.911856477,3.130873942,-12.87770332,8.862415228,      761P   1492
3.130873942,-12.997065053,8.789260249,3.130873942,                   761P   1493
-13.106549217,8.697904733,3.130873942,-13.197904733,                 761P   1494
8.606549217,3.130873942,-13.289260249,8.497065053,3.130873942,       761P   1495
-13.362415228,8.37770332,3.130873942,-13.411856477,8.258341586,      761P   1496
3.130873942,-13.461297726,8.12919621,3.130873942,-13.486986338,      761P   1497
8.,3.130873942,-13.486986338,8.961939766,3.191341716,-12.5,          761P   1498
8.961939766,3.191341716,-12.625917621,8.936903049,3.191341716,       761P   1499
-12.751785699,8.888716462,3.191341716,-12.868118411,                 761P   1500
8.840529874,3.191341716,-12.984451124,8.769231335,3.191341716,       761P   1501
-13.091156928,8.680194132,3.191341716,-13.180194132,                 761P   1502
8.591156928,3.191341716,-13.269231335,8.484451124,3.191341716,       761P   1503
-13.340529874,8.368118411,3.191341716,-13.388716462,                 761P   1504
8.251785699,3.191341716,-13.436903049,8.125917621,3.191341716,       761P   1505
-13.461939766,8.,3.191341716,-13.461939766,8.936893194,              761P   1506
3.25180949,-12.5,8.936893194,3.25180949,-12.622639032,               761P   1507
8.912508372,3.25180949,-12.745229811,8.865576446,3.25180949,         761P   1508
-12.858533503,8.81864452,3.25180949,-12.971837195,8.749202422,       761P   1509
3.25180949,-13.075764639,8.662483531,3.25180949,-13.162483531,       761P   1510
8.575764639,3.25180949,-13.249202422,8.471837195,3.25180949,         761P   1511
-13.31864452,8.358533503,3.25180949,-13.365576446,8.245229811,       761P   1512
3.25180949,-13.412508372,8.122639032,3.25180949,-13.436893194,       761P   1513
8.,3.25180949,-13.436893194,8.899833421,3.30727336,-12.5,            761P   1514
8.899833421,3.30727336,-12.617787919,8.876413166,3.30727336,         761P   1515
-12.735529494,8.831337681,3.30727336,-12.844351342,8.786262195,      761P   1516
3.30727336,-12.95317319,8.719566951,3.30727336,-13.052989678,        761P   1517
8.636278314,3.30727336,-13.136278314,8.552989678,3.30727336,         761P   1518
-13.219566951,8.45317319,3.30727336,-13.286262195,8.344351342,       761P   1519
3.30727336,-13.331337681,8.235529494,3.30727336,-13.376413166,       761P   1520
8.117787919,3.30727336,-13.399833421,8.,3.30727336,                  761P   1521
-13.399833421,8.853553391,3.353553391,-12.5,8.853553391,             761P   1522
3.353553391,-12.611729878,8.831337681,3.353553391,                   761P   1523
-12.723415794,8.788580507,3.353553391,-12.826640741,                 761P   1524
8.745823334,3.353553391,-12.929865688,8.682558345,3.353553391,       761P   1525
-13.024548437,8.603553391,3.353553391,-13.103553391,                 761P   1526
8.524548437,3.353553391,-13.182558345,8.429865688,3.353553391,       761P   1527
-13.245823334,8.326640741,3.353553391,-13.288580507,                 761P   1528
8.223415794,3.353553391,-13.331337681,8.111729878,3.353553391,       761P   1529
-13.353553391,8.,3.353553391,-13.353553391,8.80727336,               761P   1530
3.399833421,-12.5,8.80727336,3.399833421,-12.605671836,              761P   1531
8.786262195,3.399833421,-12.711302094,8.745823334,3.399833421,       761P   1532
-12.80893014,8.705384474,3.399833421,-12.906558186,8.645549739,      761P   1533
3.399833421,-12.996107196,8.570828467,3.399833421,                   761P   1534
-13.070828467,8.496107196,3.399833421,-13.145549739,                 761P   1535
8.406558186,3.399833421,-13.205384474,8.30893014,3.399833421,        761P   1536
-13.245823334,8.211302094,3.399833421,-13.286262195,                 761P   1537
8.105671836,3.399833421,-13.30727336,8.,3.399833421,                 761P   1538
-13.30727336,8.75180949,3.436893194,-12.5,8.75180949,                761P   1539
3.436893194,-12.598411632,8.732241902,3.436893194,                   761P   1540
-12.696784543,8.6945814,3.436893194,-12.787705036,8.656920899,       761P   1541
3.436893194,-12.878625529,8.601197121,3.436893194,                   761P   1542
-12.962022056,8.531609589,3.436893194,-13.031609589,                 761P   1543
8.462022056,3.436893194,-13.101197121,8.378625529,3.436893194,       761P   1544
-13.156920899,8.287705036,3.436893194,-13.1945814,8.196784543,       761P   1545
3.436893194,-13.232241902,8.098411632,3.436893194,-13.25180949,      761P   1546
8.,3.436893194,-13.25180949,8.691341716,3.461939766,-12.5,           761P   1547
8.691341716,3.461939766,-12.590496419,8.673347942,3.461939766,       761P   1548
-12.680957232,8.638716462,3.461939766,-12.764565021,                 761P   1549
8.604084981,3.461939766,-12.84817281,8.552843047,3.461939766,        761P   1550
-12.924861784,8.488852416,3.461939766,-12.988852416,                 761P   1551
8.424861784,3.461939766,-13.052843047,8.34817281,3.461939766,        761P   1552
-13.104084981,8.264565021,3.461939766,-13.138716462,                 761P   1553
8.180957232,3.461939766,-13.173347942,8.090496419,3.461939766,       761P   1554
-13.191341716,8.,3.461939766,-13.191341716,8.630873942,              761P   1555
3.486986338,-12.5,8.630873942,3.486986338,-12.582581206,             761P   1556
8.614453982,3.486986338,-12.66512992,8.582851523,3.486986338,        761P   1557
-12.741425006,8.551249063,3.486986338,-12.817720092,                 761P   1558
8.504488973,3.486986338,-12.887701512,8.446095243,3.486986338,       761P   1559
-12.946095243,8.387701512,3.486986338,-13.004488973,                 761P   1560
8.317720092,3.486986338,-13.051249063,8.241425006,3.486986338,       761P   1561
-13.082851523,8.16512992,3.486986338,-13.114453982,8.082581206,      761P   1562
3.486986338,-13.130873942,8.,3.486986338,-13.130873942,              761P   1563
8.565449847,3.5,-12.5,8.565449847,3.5,-12.574017212,                 761P   1564
8.550732701,3.5,-12.648005301,8.52240754,3.5,-12.716388288,          761P   1565
8.49408238,3.5,-12.784771275,8.452171494,3.5,-12.847495349,          761P   1566
8.399833421,3.5,-12.899833421,8.347495349,3.5,-12.952171494,         761P   1567
8.284771275,3.5,-12.99408238,8.216388288,3.5,-13.02240754,           761P   1568
8.148005301,3.5,-13.050732701,8.074017212,3.5,-13.065449847,8.,      761P   1569
3.5,-13.065449847,8.5,3.5,-12.5,8.5,3.5,-12.565449847,               761P   1570
8.486986338,3.5,-12.630873942,8.461939766,3.5,-12.691341716,         761P   1571
8.436893194,3.5,-12.75180949,8.399833421,3.5,-12.80727336,           761P   1572
8.353553391,3.5,-12.853553391,8.30727336,3.5,-12.899833421,          761P   1573
8.25180949,3.5,-12.936893194,8.191341716,3.5,-12.961939766,          761P   1574
8.130873942,3.5,-12.986986338,8.065449847,3.5,-13.,8.,3.5,-13.,      761P   1575
1.5707963267949,3.14159265358979,0.,1.5707963267949;                 761P   1576
126,1,1,1,0,1,0,0.,0.,1.,1.,1.,1.,1.570796327,1.570796327,0.,        763P   1577
1.570796327,0.,0.,0.,1.,0.,0.,1.;                                    763P   1578
124,6.12323399573677E-17,1.,0.,5.5,1.,-6.12323399573677E-17,         765P   1579
-6.98296267768627E-15,-5.50000000000008,-6.98296267768627E-15,       765P   1580
4.27583144589696E-31,-1.,-25.;                                       765P   1581
100,-12.5,8.5,3.,9.,3.,8.5,3.5;                                      767P   1582
126,1,1,1,0,1,0,0.,0.,1.,1.,1.,1.,1.570796327,0.,0.,                 769P   1583
3.141592654,0.,0.,0.,1.,0.,0.,1.;                                    769P   1584
124,1.,0.,0.,0.,0.,6.12323399573677E-17,1.,15.5,0.,-1.,              771P   1585
6.12323399573677E-17,-9.50000000000001;                              771P   1586
100,-12.5,8.,3.,9.,3.,8.,4.;                                         773P   1587
126,1,1,1,0,1,0,0.,0.,1.,1.,1.,1.,3.141592654,0.,0.,                 775P   1588
3.141592654,1.570796327,0.,0.,1.,0.,0.,1.;                           775P   1589
124,6.12323399573677E-17,0.,1.,21.,0.,1.,0.,0.,-1.,0.,               777P   1590
6.12323399573677E-17,-5.00000000000001;                              777P   1591
100,-13.,8.,3.,8.5,3.,8.,3.5;                                        779P   1592
126,1,1,1,0,1,0,0.,0.,1.,1.,1.,1.,3.141592654,1.570796327,0.,        781P   1593
1.570796327,1.570796327,0.,0.,1.,0.,0.,1.;                           781P   1594
124,1.40271576953299E-14,1.,0.,4.49999999999989,                     783P   1595
-6.12323399573677E-17,8.58915688636046E-31,-1.,                      783P   1596
-9.00000000000001,-1.,1.40271576953299E-14,                          783P   1597
6.12323399573677E-17,-4.50000000000006;                              783P   1598
100,-12.5,8.,3.5,8.5,3.5,8.,4.;                                      785P   1599
102,4,763,769,775,781;                                               787P   1600
102,4,767,773,779,785;                                               789P   1601
142,1,761,787,789,1;                                                 791P   1602
144,761,1,0,791;                                                     793P   1603
128,12,12,3,3,0,0,1,0,0,4.71238898038469,4.71238898038469,           795P   1604
4.71238898038469,4.71238898038469,5.10508806208341,                  795P   1605
5.10508806208341,5.10508806208341,5.49778714378214,                  795P   1606
5.49778714378214,5.49778714378214,5.89048622548086,                  795P   1607
5.89048622548086,5.89048622548086,6.28318530717959,                  795P   1608
6.28318530717959,6.28318530717959,6.28318530717959,0.,0.,0.,0.,      795P   1609
0.392699081698725,0.392699081698725,0.392699081698725,               795P   1610
0.785398163397449,0.785398163397449,0.785398163397449,               795P   1611
1.17809724509617,1.17809724509617,1.17809724509617,                  795P   1612
1.5707963267949,1.5707963267949,1.5707963267949,                     795P   1613
1.5707963267949,1.,1.,1.,1.,1.,1.,1.,1.,1.,1.,1.,1.,1.,1.,1.,        795P   1614
1.,1.,1.,1.,1.,1.,1.,1.,1.,1.,1.,1.,1.,1.,1.,1.,1.,1.,1.,1.,1.,      795P   1615
1.,1.,1.,1.,1.,1.,1.,1.,1.,1.,1.,1.,1.,1.,1.,1.,1.,1.,1.,1.,1.,      795P   1616
1.,1.,1.,1.,1.,1.,1.,1.,1.,1.,1.,1.,1.,1.,1.,1.,1.,1.,1.,1.,1.,      795P   1617
1.,1.,1.,1.,1.,1.,1.,1.,1.,1.,1.,1.,1.,1.,1.,1.,1.,1.,1.,1.,1.,      795P   1618
1.,1.,1.,1.,1.,1.,1.,1.,1.,1.,1.,1.,1.,1.,1.,1.,1.,1.,1.,1.,1.,      795P   1619
1.,1.,1.,1.,1.,1.,1.,1.,1.,1.,1.,1.,1.,1.,1.,1.,1.,1.,1.,1.,1.,      795P   1620
1.,1.,1.,1.,1.,1.,1.,1.,1.,1.,1.,1.,1.,1.,1.,1.,1.,1.,1.,1.,1.,      795P   1621
1.,1.,1.,1.,1.,1.,1.,-9.,3.,12.5,-9.,3.,12.630899694,                795P   1622
-8.973972677,3.,12.761747884,-8.923879533,3.,12.882683432,           795P   1623
-8.873786388,3.,13.00361898,-8.799666842,3.,13.11454672,             795P   1624
-8.707106781,3.,13.207106781,-8.61454672,3.,13.299666842,            795P   1625
-8.50361898,3.,13.373786388,-8.382683432,3.,13.423879533,            795P   1626
-8.261747884,3.,13.473972677,-8.130899694,3.,13.5,-8.,3.,13.5,       795P   1627
-9.,3.065449847,12.5,-9.,3.065449847,12.630899694,-8.973972677,      795P   1628
3.065449847,12.761747884,-8.923879533,3.065449847,12.882683432,      795P   1629
-8.873786388,3.065449847,13.00361898,-8.799666842,3.065449847,       795P   1630
13.11454672,-8.707106781,3.065449847,13.207106781,-8.61454672,       795P   1631
3.065449847,13.299666842,-8.50361898,3.065449847,13.373786388,       795P   1632
-8.382683432,3.065449847,13.423879533,-8.261747884,3.065449847,      795P   1633
13.473972677,-8.130899694,3.065449847,13.5,-8.,3.065449847,          795P   1634
13.5,-8.986986338,3.130873942,12.5,-8.986986338,3.130873942,         795P   1635
12.62919621,-8.961297726,3.130873942,12.758341586,-8.911856477,      795P   1636
3.130873942,12.87770332,-8.862415228,3.130873942,12.997065053,       795P   1637
-8.789260249,3.130873942,13.106549217,-8.697904733,3.130873942,      795P   1638
13.197904733,-8.606549217,3.130873942,13.289260249,                  795P   1639
-8.497065053,3.130873942,13.362415228,-8.37770332,3.130873942,       795P   1640
13.411856477,-8.258341586,3.130873942,13.461297726,-8.12919621,      795P   1641
3.130873942,13.486986338,-8.,3.130873942,13.486986338,               795P   1642
-8.961939766,3.191341716,12.5,-8.961939766,3.191341716,              795P   1643
12.625917621,-8.936903049,3.191341716,12.751785699,                  795P   1644
-8.888716462,3.191341716,12.868118411,-8.840529874,3.191341716,      795P   1645
12.984451124,-8.769231335,3.191341716,13.091156928,                  795P   1646
-8.680194132,3.191341716,13.180194132,-8.591156928,3.191341716,      795P   1647
13.269231335,-8.484451124,3.191341716,13.340529874,                  795P   1648
-8.368118411,3.191341716,13.388716462,-8.251785699,3.191341716,      795P   1649
13.436903049,-8.125917621,3.191341716,13.461939766,-8.,              795P   1650
3.191341716,13.461939766,-8.936893194,3.25180949,12.5,               795P   1651
-8.936893194,3.25180949,12.622639032,-8.912508372,3.25180949,        795P   1652
12.745229811,-8.865576446,3.25180949,12.858533503,-8.81864452,       795P   1653
3.25180949,12.971837195,-8.749202422,3.25180949,13.075764639,        795P   1654
-8.662483531,3.25180949,13.162483531,-8.575764639,3.25180949,        795P   1655
13.249202422,-8.471837195,3.25180949,13.31864452,-8.358533503,       795P   1656
3.25180949,13.365576446,-8.245229811,3.25180949,13.412508372,        795P   1657
-8.122639032,3.25180949,13.436893194,-8.,3.25180949,                 795P   1658
13.436893194,-8.899833421,3.30727336,12.5,-8.899833421,              795P   1659
3.30727336,12.617787919,-8.876413166,3.30727336,12.735529494,        795P   1660
-8.831337681,3.30727336,12.844351342,-8.786262195,3.30727336,        795P   1661
12.95317319,-8.719566951,3.30727336,13.052989678,-8.636278314,       795P   1662
3.30727336,13.136278314,-8.552989678,3.30727336,13.219566951,        795P   1663
-8.45317319,3.30727336,13.286262195,-8.344351342,3.30727336,         795P   1664
13.331337681,-8.235529494,3.30727336,13.376413166,-8.117787919,      795P   1665
3.30727336,13.399833421,-8.,3.30727336,13.399833421,                 795P   1666
-8.853553391,3.353553391,12.5,-8.853553391,3.353553391,              795P   1667
12.611729878,-8.831337681,3.353553391,12.723415794,                  795P   1668
-8.788580507,3.353553391,12.826640741,-8.745823334,3.353553391,      795P   1669
12.929865688,-8.682558345,3.353553391,13.024548437,                  795P   1670
-8.603553391,3.353553391,13.103553391,-8.524548437,3.353553391,      795P   1671
13.182558345,-8.429865688,3.353553391,13.245823334,                  795P   1672
-8.326640741,3.353553391,13.288580507,-8.223415794,3.353553391,      795P   1673
13.331337681,-8.111729878,3.353553391,13.353553391,-8.,              795P   1674
3.353553391,13.353553391,-8.80727336,3.399833421,12.5,               795P   1675
-8.80727336,3.399833421,12.605671836,-8.786262195,3.399833421,       795P   1676
12.711302094,-8.745823334,3.399833421,12.80893014,-8.705384474,      795P   1677
3.399833421,12.906558186,-8.645549739,3.399833421,12.996107196,      795P   1678
-8.570828467,3.399833421,13.070828467,-8.496107196,3.399833421,      795P   1679
13.145549739,-8.406558186,3.399833421,13.205384474,-8.30893014,      795P   1680
3.399833421,13.245823334,-8.211302094,3.399833421,13.286262195,      795P   1681
-8.105671836,3.399833421,13.30727336,-8.,3.399833421,                795P   1682
13.30727336,-8.75180949,3.436893194,12.5,-8.75180949,                795P   1683
3.436893194,12.598411632,-8.732241902,3.436893194,12.696784543,      795P   1684
-8.6945814,3.436893194,12.787705036,-8.656920899,3.436893194,        795P   1685
12.878625529,-8.601197121,3.436893194,12.962022056,                  795P   1686
-8.531609589,3.436893194,13.031609589,-8.462022056,3.436893194,      795P   1687
13.101197121,-8.378625529,3.436893194,13.156920899,                  795P   1688
-8.287705036,3.436893194,13.1945814,-8.196784543,3.436893194,        795P   1689
13.232241902,-8.098411632,3.436893194,13.25180949,-8.,               795P   1690
3.436893194,13.25180949,-8.691341716,3.461939766,12.5,               795P   1691
-8.691341716,3.461939766,12.590496419,-8.673347942,3.461939766,      795P   1692
12.680957232,-8.638716462,3.461939766,12.764565021,                  795P   1693
-8.604084981,3.461939766,12.84817281,-8.552843047,3.461939766,       795P   1694
12.924861784,-8.488852416,3.461939766,12.988852416,                  795P   1695
-8.424861784,3.461939766,13.052843047,-8.34817281,3.461939766,       795P   1696
13.104084981,-8.264565021,3.461939766,13.138716462,                  795P   1697
-8.180957232,3.461939766,13.173347942,-8.090496419,3.461939766,      795P   1698
13.191341716,-8.,3.461939766,13.191341716,-8.630873942,              795P   1699
3.486986338,12.5,-8.630873942,3.486986338,12.582581206,              795P   1700
-8.614453982,3.486986338,12.66512992,-8.582851523,3.486986338,       795P   1701
12.741425006,-8.551249063,3.486986338,12.817720092,                  795P   1702
-8.504488973,3.486986338,12.887701512,-8.446095243,3.486986338,      795P   1703
12.946095243,-8.387701512,3.486986338,13.004488973,                  795P   1704
-8.317720092,3.486986338,13.051249063,-8.241425006,3.486986338,      795P   1705
13.082851523,-8.16512992,3.486986338,13.114453982,-8.082581206,      795P   1706
3.486986338,13.130873942,-8.,3.486986338,13.130873942,               795P   1707
-8.565449847,3.5,12.5,-8.565449847,3.5,12.574017212,                 795P   1708
-8.550732701,3.5,12.648005301,-8.52240754,3.5,12.716388288,          795P   1709
-8.49408238,3.5,12.784771275,-8.452171494,3.5,12.847495349,          795P   1710
-8.399833421,3.5,12.899833421,-8.347495349,3.5,12.952171494,         795P   1711
-8.284771275,3.5,12.99408238,-8.216388288,3.5,13.02240754,           795P   1712
-8.148005301,3.5,13.050732701,-8.074017212,3.5,13.065449847,         795P   1713
-8.,3.5,13.065449847,-8.5,3.5,12.5,-8.5,3.5,12.565449847,            795P   1714
-8.486986338,3.5,12.630873942,-8.461939766,3.5,12.691341716,         795P   1715
-8.436893194,3.5,12.75180949,-8.399833421,3.5,12.80727336,           795P   1716
-8.353553391,3.5,12.853553391,-8.30727336,3.5,12.899833421,          795P   1717
-8.25180949,3.5,12.936893194,-8.191341716,3.5,12.961939766,          795P   1718
-8.130873942,3.5,12.986986338,-8.065449847,3.5,13.,-8.,3.5,13.,      795P   1719
4.71238898038469,6.28318530717959,0.,1.5707963267949;                795P   1720
126,1,1,1,0,1,0,0.,0.,1.,1.,1.,1.,6.283185307,0.,0.,                 797P   1721
6.283185307,1.570796327,0.,0.,1.,0.,0.,1.;                           797P   1722
124,6.12323399573677E-17,0.,-1.,5.,0.,1.,0.,0.,1.,0.,                799P   1723
6.12323399573677E-17,21.;                                            799P   1724
100,13.,-8.,3.,-7.5,3.,-8.,3.5;                                      801P   1725
126,1,1,1,0,1,0,0.,0.,1.,1.,1.,1.,6.283185307,1.570796327,0.,        803P   1726
4.71238898,1.570796327,0.,0.,1.,0.,0.,1.;                            803P   1727
124,6.12323399573677E-17,-1.,0.,-4.5,6.12323399573677E-17,           805P   1728
3.74939945665464E-33,-1.,16.,1.,6.12323399573677E-17,                805P   1729
6.12323399573677E-17,20.5;                                           805P   1730
100,12.5,-8.,3.5,-7.5,3.5,-8.,4.;                                    807P   1731
126,1,1,1,0,1,0,0.,0.,1.,1.,1.,1.,4.71238898,1.570796327,0.,         809P   1732
4.71238898,0.,0.,0.,1.,0.,0.,1.;                                     809P   1733
100,12.5,-8.5,3.,-8.5,3.5,-9.,3.;                                    811P   1734
126,1,1,1,0,1,0,0.,0.,1.,1.,1.,1.,4.71238898,0.,0.,6.283185307,      813P   1735
0.,0.,0.,1.,0.,0.,1.;                                                813P   1736
124,-1.,6.98296267768627E-15,0.,-16.,-4.27583144589696E-31,          815P   1737
-6.12323399573677E-17,1.,-9.5,6.98296267768627E-15,1.,               815P   1738
6.12323399573677E-17,9.50000000000006;                               815P   1739
100,12.5,-8.,3.,-7.,3.,-8.,4.;                                       817P   1740
102,4,797,803,809,813;                                               819P   1741
102,4,801,807,811,817;                                               821P   1742
142,1,795,819,821,1;                                                 823P   1743
144,795,1,0,823;                                                     825P   1744
110,8.,3.,-13.,1008.,3.,-13.;                                        827P   1745
110,-8.,3.,-13.5,8.,3.,-13.5;                                        829P   1746
120,827,829,0.,6.28318530717959;                                     831P   1747
126,1,1,1,0,1,0,0.,0.,1.,1.,1.,1.,1.,1.570796327,0.,1.,0.,0.,        833P   1748
0.,1.,0.,0.,1.;                                                      833P   1749
124,3.74939945665464E-33,-6.12323399573677E-17,-1.,                  835P   1750
-5.00000000000001,1.,6.12323399573677E-17,0.,-5.,                    835P   1751
6.12323399573677E-17,-1.,6.12323399573677E-17,-10.;                  835P   1752
100,-13.,8.,3.,8.5,3.,8.,3.5;                                        837P   1753
126,1,1,1,0,1,0,0.,0.,1.,1.,1.,1.,1.,0.,0.,0.,0.,0.,0.,1.,0.,        839P   1754
0.,1.;                                                               839P   1755
110,8.,3.,-13.5,-8.,3.,-13.5;                                        841P   1756
126,1,1,1,0,1,0,0.,0.,1.,1.,1.,1.,0.,0.,0.,0.,1.570796327,0.,        843P   1757
0.,1.,0.,0.,1.;                                                      843P   1758
124,6.12323399573677E-17,0.,1.,5.00000000000001,0.,1.,0.,0.,         845P   1759
-1.,0.,6.12323399573677E-17,-21.;                                    845P   1760
100,-13.,-8.,3.,-7.5,3.,-8.,3.5;                                     847P   1761
126,1,1,1,0,1,0,0.,0.,1.,1.,1.,1.,0.,1.570796327,0.,1.,              849P   1762
1.570796327,0.,0.,1.,0.,0.,1.;                                       849P   1763
110,-8.,3.5,-13.,8.,3.5,-13.;                                        851P   1764
102,4,833,839,843,849;                                               853P   1765
102,4,837,841,847,851;                                               855P   1766
142,1,831,853,855,1;                                                 857P   1767
144,831,1,0,857;                                                     859P   1768
110,-8.5,3.,12.5,-8.5,3.,-987.5;                                     861P   1769
110,-9.,3.,12.5,-9.,3.,-12.5;                                        863P   1770
120,861,863,0.,6.28318530717959;                                     865P   1771
126,1,1,1,0,1,0,0.,0.,1.,1.,1.,1.,0.,0.,0.,0.,1.570796327,0.,        867P   1772
0.,1.,0.,0.,1.;                                                      867P   1773
124,-1.,0.,6.98296267768627E-15,-17.0000000000001,0.,1.,0.,0.,       869P   1774
-6.98296267768627E-15,0.,-1.,24.9999999999999;                       869P   1775
100,12.5,-8.5,3.,-8.,3.,-8.5,3.5;                                    871P   1776
126,1,1,1,0,1,0,0.,0.,1.,1.,1.,1.,0.,1.570796327,0.,1.,              873P   1777
1.570796327,0.,0.,1.,0.,0.,1.;                                       873P   1778
110,-8.5,3.5,12.5,-8.5,3.5,-12.5;                                    875P   1779
126,1,1,1,0,1,0,0.,0.,1.,1.,1.,1.,1.,1.570796327,0.,1.,0.,0.,        877P   1780
0.,1.,0.,0.,1.;                                                      877P   1781
100,-12.5,-8.5,3.,-8.5,3.5,-9.,3.;                                   879P   1782
126,1,1,1,0,1,0,0.,0.,1.,1.,1.,1.,1.,0.,0.,0.,0.,0.,0.,1.,0.,        881P   1783
0.,1.;                                                               881P   1784
110,-9.,3.,-12.5,-9.,3.,12.5;                                        883P   1785
102,4,867,873,877,881;                                               885P   1786
102,4,871,875,879,883;                                               887P   1787
142,1,865,885,887,1;                                                 889P   1788
144,865,1,0,889;                                                     891P   1789
128,12,12,3,3,0,0,1,0,0,3.14159265358979,3.14159265358979,           893P   1790
3.14159265358979,3.14159265358979,3.53429173528852,                  893P   1791
3.53429173528852,3.53429173528852,3.92699081698724,                  893P   1792
3.92699081698724,3.92699081698724,4.31968989868597,                  893P   1793
4.31968989868597,4.31968989868597,4.71238898038469,                  893P   1794
4.71238898038469,4.71238898038469,4.71238898038469,0.,0.,0.,0.,      893P   1795
0.392699081698724,0.392699081698724,0.392699081698724,               893P   1796
0.785398163397449,0.785398163397449,0.785398163397449,               893P   1797
1.17809724509617,1.17809724509617,1.17809724509617,                  893P   1798
1.5707963267949,1.5707963267949,1.5707963267949,                     893P   1799
1.5707963267949,1.,1.,1.,1.,1.,1.,1.,1.,1.,1.,1.,1.,1.,1.,1.,        893P   1800
1.,1.,1.,1.,1.,1.,1.,1.,1.,1.,1.,1.,1.,1.,1.,1.,1.,1.,1.,1.,1.,      893P   1801
1.,1.,1.,1.,1.,1.,1.,1.,1.,1.,1.,1.,1.,1.,1.,1.,1.,1.,1.,1.,1.,      893P   1802
1.,1.,1.,1.,1.,1.,1.,1.,1.,1.,1.,1.,1.,1.,1.,1.,1.,1.,1.,1.,1.,      893P   1803
1.,1.,1.,1.,1.,1.,1.,1.,1.,1.,1.,1.,1.,1.,1.,1.,1.,1.,1.,1.,1.,      893P   1804
1.,1.,1.,1.,1.,1.,1.,1.,1.,1.,1.,1.,1.,1.,1.,1.,1.,1.,1.,1.,1.,      893P   1805
1.,1.,1.,1.,1.,1.,1.,1.,1.,1.,1.,1.,1.,1.,1.,1.,1.,1.,1.,1.,1.,      893P   1806
1.,1.,1.,1.,1.,1.,1.,1.,1.,1.,1.,1.,1.,1.,1.,1.,1.,1.,1.,1.,1.,      893P   1807
1.,1.,1.,1.,1.,1.,1.,-8.,3.,-13.5,-8.130899694,3.,-13.5,             893P   1808
-8.261747884,3.,-13.473972677,-8.382683432,3.,-13.423879533,         893P   1809
-8.50361898,3.,-13.373786388,-8.61454672,3.,-13.299666842,           893P   1810
-8.707106781,3.,-13.207106781,-8.799666842,3.,-13.11454672,          893P   1811
-8.873786388,3.,-13.00361898,-8.923879533,3.,-12.882683432,          893P   1812
-8.973972677,3.,-12.761747884,-9.,3.,-12.630899694,-9.,3.,           893P   1813
-12.5,-8.,3.065449847,-13.5,-8.130899694,3.065449847,-13.5,          893P   1814
-8.261747884,3.065449847,-13.473972677,-8.382683432,                 893P   1815
3.065449847,-13.423879533,-8.50361898,3.065449847,                   893P   1816
-13.373786388,-8.61454672,3.065449847,-13.299666842,                 893P   1817
-8.707106781,3.065449847,-13.207106781,-8.799666842,                 893P   1818
3.065449847,-13.11454672,-8.873786388,3.065449847,-13.00361898,      893P   1819
-8.923879533,3.065449847,-12.882683432,-8.973972677,                 893P   1820
3.065449847,-12.761747884,-9.,3.065449847,-12.630899694,-9.,         893P   1821
3.065449847,-12.5,-8.,3.130873942,-13.486986338,-8.12919621,         893P   1822
3.130873942,-13.486986338,-8.258341586,3.130873942,                  893P   1823
-13.461297726,-8.37770332,3.130873942,-13.411856477,                 893P   1824
-8.497065053,3.130873942,-13.362415228,-8.606549217,                 893P   1825
3.130873942,-13.289260249,-8.697904733,3.130873942,                  893P   1826
-13.197904733,-8.789260249,3.130873942,-13.106549217,                893P   1827
-8.862415228,3.130873942,-12.997065053,-8.911856477,                 893P   1828
3.130873942,-12.87770332,-8.961297726,3.130873942,                   893P   1829
-12.758341586,-8.986986338,3.130873942,-12.62919621,                 893P   1830
-8.986986338,3.130873942,-12.5,-8.,3.191341716,-13.461939766,        893P   1831
-8.125917621,3.191341716,-13.461939766,-8.251785699,                 893P   1832
3.191341716,-13.436903049,-8.368118411,3.191341716,                  893P   1833
-13.388716462,-8.484451124,3.191341716,-13.340529874,                893P   1834
-8.591156928,3.191341716,-13.269231335,-8.680194132,                 893P   1835
3.191341716,-13.180194132,-8.769231335,3.191341716,                  893P   1836
-13.091156928,-8.840529874,3.191341716,-12.984451124,                893P   1837
-8.888716462,3.191341716,-12.868118411,-8.936903049,                 893P   1838
3.191341716,-12.751785699,-8.961939766,3.191341716,                  893P   1839
-12.625917621,-8.961939766,3.191341716,-12.5,-8.,3.25180949,         893P   1840
-13.436893194,-8.122639032,3.25180949,-13.436893194,                 893P   1841
-8.245229811,3.25180949,-13.412508372,-8.358533503,3.25180949,       893P   1842
-13.365576446,-8.471837195,3.25180949,-13.31864452,                  893P   1843
-8.575764639,3.25180949,-13.249202422,-8.662483531,3.25180949,       893P   1844
-13.162483531,-8.749202422,3.25180949,-13.075764639,                 893P   1845
-8.81864452,3.25180949,-12.971837195,-8.865576446,3.25180949,        893P   1846
-12.858533503,-8.912508372,3.25180949,-12.745229811,                 893P   1847
-8.936893194,3.25180949,-12.622639032,-8.936893194,3.25180949,       893P   1848
-12.5,-8.,3.30727336,-13.399833421,-8.117787919,3.30727336,          893P   1849
-13.399833421,-8.235529494,3.30727336,-13.376413166,                 893P   1850
-8.344351342,3.30727336,-13.331337681,-8.45317319,3.30727336,        893P   1851
-13.286262195,-8.552989678,3.30727336,-13.219566951,                 893P   1852
-8.636278314,3.30727336,-13.136278314,-8.719566951,3.30727336,       893P   1853
-13.052989678,-8.786262195,3.30727336,-12.95317319,                  893P   1854
-8.831337681,3.30727336,-12.844351342,-8.876413166,3.30727336,       893P   1855
-12.735529494,-8.899833421,3.30727336,-12.617787919,                 893P   1856
-8.899833421,3.30727336,-12.5,-8.,3.353553391,-13.353553391,         893P   1857
-8.111729878,3.353553391,-13.353553391,-8.223415794,                 893P   1858
3.353553391,-13.331337681,-8.326640741,3.353553391,                  893P   1859
-13.288580507,-8.429865688,3.353553391,-13.245823334,                893P   1860
-8.524548437,3.353553391,-13.182558345,-8.603553391,                 893P   1861
3.353553391,-13.103553391,-8.682558345,3.353553391,                  893P   1862
-13.024548437,-8.745823334,3.353553391,-12.929865688,                893P   1863
-8.788580507,3.353553391,-12.826640741,-8.831337681,                 893P   1864
3.353553391,-12.723415794,-8.853553391,3.353553391,                  893P   1865
-12.611729878,-8.853553391,3.353553391,-12.5,-8.,3.399833421,        893P   1866
-13.30727336,-8.105671836,3.399833421,-13.30727336,                  893P   1867
-8.211302094,3.399833421,-13.286262195,-8.30893014,3.399833421,      893P   1868
-13.245823334,-8.406558186,3.399833421,-13.205384474,                893P   1869
-8.496107196,3.399833421,-13.145549739,-8.570828467,                 893P   1870
3.399833421,-13.070828467,-8.645549739,3.399833421,                  893P   1871
-12.996107196,-8.705384474,3.399833421,-12.906558186,                893P   1872
-8.745823334,3.399833421,-12.80893014,-8.786262195,3.399833421,      893P   1873
-12.711302094,-8.80727336,3.399833421,-12.605671836,                 893P   1874
-8.80727336,3.399833421,-12.5,-8.,3.436893194,-13.25180949,          893P   1875
-8.098411632,3.436893194,-13.25180949,-8.196784543,3.436893194,      893P   1876
-13.232241902,-8.287705036,3.436893194,-13.1945814,                  893P   1877
-8.378625529,3.436893194,-13.156920899,-8.462022056,                 893P   1878
3.436893194,-13.101197121,-8.531609589,3.436893194,                  893P   1879
-13.031609589,-8.601197121,3.436893194,-12.962022056,                893P   1880
-8.656920899,3.436893194,-12.878625529,-8.6945814,3.436893194,       893P   1881
-12.787705036,-8.732241902,3.436893194,-12.696784543,                893P   1882
-8.75180949,3.436893194,-12.598411632,-8.75180949,3.436893194,       893P   1883
-12.5,-8.,3.461939766,-13.191341716,-8.090496419,3.461939766,        893P   1884
-13.191341716,-8.180957232,3.461939766,-13.173347942,                893P   1885
-8.264565021,3.461939766,-13.138716462,-8.34817281,3.461939766,      893P   1886
-13.104084981,-8.424861784,3.461939766,-13.052843047,                893P   1887
-8.488852416,3.461939766,-12.988852416,-8.552843047,                 893P   1888
3.461939766,-12.924861784,-8.604084981,3.461939766,                  893P   1889
-12.84817281,-8.638716462,3.461939766,-12.764565021,                 893P   1890
-8.673347942,3.461939766,-12.680957232,-8.691341716,                 893P   1891
3.461939766,-12.590496419,-8.691341716,3.461939766,-12.5,-8.,        893P   1892
3.486986338,-13.130873942,-8.082581206,3.486986338,                  893P   1893
-13.130873942,-8.16512992,3.486986338,-13.114453982,                 893P   1894
-8.241425006,3.486986338,-13.082851523,-8.317720092,                 893P   1895
3.486986338,-13.051249063,-8.387701512,3.486986338,                  893P   1896
-13.004488973,-8.446095243,3.486986338,-12.946095243,                893P   1897
-8.504488973,3.486986338,-12.887701512,-8.551249063,                 893P   1898
3.486986338,-12.817720092,-8.582851523,3.486986338,                  893P   1899
-12.741425006,-8.614453982,3.486986338,-12.66512992,                 893P   1900
-8.630873942,3.486986338,-12.582581206,-8.630873942,                 893P   1901
3.486986338,-12.5,-8.,3.5,-13.065449847,-8.074017212,3.5,            893P   1902
-13.065449847,-8.148005301,3.5,-13.050732701,-8.216388288,3.5,       893P   1903
-13.02240754,-8.284771275,3.5,-12.99408238,-8.347495349,3.5,         893P   1904
-12.952171494,-8.399833421,3.5,-12.899833421,-8.452171494,3.5,       893P   1905
-12.847495349,-8.49408238,3.5,-12.784771275,-8.52240754,3.5,         893P   1906
-12.716388288,-8.550732701,3.5,-12.648005301,-8.565449847,3.5,       893P   1907
-12.574017212,-8.565449847,3.5,-12.5,-8.,3.5,-13.,-8.065449847,      893P   1908
3.5,-13.,-8.130873942,3.5,-12.986986338,-8.191341716,3.5,            893P   1909
-12.961939766,-8.25180949,3.5,-12.936893194,-8.30727336,3.5,         893P   1910
-12.899833421,-8.353553391,3.5,-12.853553391,-8.399833421,3.5,       893P   1911
-12.80727336,-8.436893194,3.5,-12.75180949,-8.461939766,3.5,         893P   1912
-12.691341716,-8.486986338,3.5,-12.630873942,-8.5,3.5,               893P   1913
-12.565449847,-8.5,3.5,-12.5,3.14159265358979,4.71238898038469,      893P   1914
0.,1.5707963267949;                                                  893P   1915
126,1,1,1,0,1,0,0.,0.,1.,1.,1.,1.,3.141592654,1.570796327,0.,        895P   1916
3.141592654,0.,0.,0.,1.,0.,0.,1.;                                    895P   1917
124,3.74939945665464E-33,-6.12323399573677E-17,-1.,-21.,1.,          897P   1918
6.12323399573677E-17,0.,11.,6.12323399573677E-17,-1.,                897P   1919
6.12323399573677E-17,-10.;                                           897P   1920
100,-13.,-8.,3.,-7.5,3.,-8.,3.5;                                     899P   1921
126,1,1,1,0,1,0,0.,0.,1.,1.,1.,1.,3.141592654,0.,0.,4.71238898,      901P   1922
0.,0.,0.,1.,0.,0.,1.;                                                901P   1923
124,6.12323399573677E-17,-1.,0.,-5.,6.12323399573677E-17,            903P   1924
3.74939945665464E-33,1.,15.5,-1.,-6.12323399573677E-17,              903P   1925
6.12323399573677E-17,-20.5;                                          903P   1926
100,-12.5,-8.,3.,-7.,3.,-8.,4.;                                      905P   1927
126,1,1,1,0,1,0,0.,0.,1.,1.,1.,1.,4.71238898,0.,0.,4.71238898,       907P   1928
1.570796327,0.,0.,1.,0.,0.,1.;                                       907P   1929
124,-1.,0.,6.98296267768627E-15,-16.9999999999999,0.,1.,0.,0.,       909P   1930
-6.98296267768627E-15,0.,-1.,-25.0000000000001;                      909P   1931
100,-12.5,-8.5,3.,-8.,3.,-8.5,3.5;                                   911P   1932
126,1,1,1,0,1,0,0.,0.,1.,1.,1.,1.,4.71238898,1.570796327,0.,         913P   1933
3.141592654,1.570796327,0.,0.,1.,0.,0.,1.;                           913P   1934
124,-1.,6.98296267768627E-15,0.,-16.,-4.27583144589696E-31,          915P   1935
-6.12323399573677E-17,-1.,-9.00000000000001,                         915P   1936
-6.98296267768627E-15,-1.,6.12323399573677E-17,                      915P   1937
-9.00000000000006;                                                   915P   1938
100,-12.5,-8.,3.5,-7.5,3.5,-8.,4.;                                   917P   1939
102,4,895,901,907,913;                                               919P   1940
102,4,899,905,911,917;                                               921P   1941
142,1,893,919,921,1;                                                 923P   1942
144,893,1,0,923;                                                     925P   1943
128,65,2,3,2,0,0,0,0,0,-2.01612814984542E-15,                        927P   1944
-2.01612814984542E-15,-2.01612814984542E-15,                         927P   1945
-2.01612814984542E-15,0.000625118079564696,                          927P   1946
0.000625118079564696,0.000781397599456375,0.000781397599456375,      927P   1947
0.000800932539442834,0.000800932539442834,0.000805816274439449,      927P   1948
0.000805816274439449,0.000808258141937757,0.000808258141937757,      927P   1949
0.000810700009436064,0.000810700009436064,0.000813141876934372,      927P   1950
0.000813141876934372,0.000815583744432679,0.000815583744432679,      927P   1951
0.000820467479429294,0.000820467479429294,0.000859537359402214,      927P   1952
0.000859537359402214,0.000937677119348053,0.000937677119348053,      927P   1953
0.00125023615913141,0.00125023615913141,0.00250047231826483,         927P   1954
0.00250047231826483,0.00500094463653168,0.00500094463653168,         927P   1955
0.00750141695479853,0.00750141695479853,0.0100018892730654,          927P   1956
0.0100018892730654,0.0125023615913322,0.0125023615913322,            927P   1957
0.0150028339095991,0.0150028339095991,0.0175033062278659,            927P   1958
0.0175033062278659,0.0187535423869994,0.0187535423869994,            927P   1959
0.0190661014267827,0.0190661014267827,0.0191442411867286,            927P   1960
0.0191442411867286,0.0191833110667015,0.0191833110667015,            927P   1961
0.0191881948016981,0.0191881948016981,0.0191906366691964,            927P   1962
0.0191906366691964,0.0191930785366947,0.0191930785366947,            927P   1963
0.019195520404193,0.019195520404193,0.0191979622716913,              927P   1964
0.0191979622716913,0.0192028460066879,0.0192028460066879,            927P   1965
0.0192223809466744,0.0192223809466744,0.0193786604665661,            927P   1966
0.0193786604665661,0.0200037785461328,0.0200037785461328,            927P   1967
0.0200037785461328,0.0200037785461328,0.,0.,0.,1.,1.,1.,1.,1.,       927P   1968
1.,1.,1.,1.,1.,1.,1.,1.,1.,1.,1.,1.,1.,1.,1.,1.,1.,1.,1.,1.,1.,      927P   1969
1.,1.,1.,1.,1.,1.,1.,1.,1.,1.,1.,1.,1.,1.,1.,1.,1.,1.,1.,1.,1.,      927P   1970
1.,1.,1.,1.,1.,1.,1.,1.,1.,1.,1.,1.,1.,1.,1.,1.,1.,1.,1.,1.,1.,      927P   1971
1.,0.998311497487317,0.99816500374052,0.997996885521258,             927P   1972
0.997758847576872,0.997709852133183,0.997653183267033,               927P   1973
0.997646865227916,0.997638940849713,0.99763735463259,                927P   1974
0.997634973295624,0.997634179181399,0.997632590282683,               927P   1975
0.997631453012496,0.997630547744679,0.997630800802497,               927P   1976
0.997630634647482,0.997630551565166,0.997630302303807,               927P   1977
0.997630136110349,0.997628640196553,0.997627309267371,               927P   1978
0.997623312841866,0.997620643707238,0.997607274410601,               927P   1979
0.997596503283235,0.997542313303343,0.997497863069812,               927P   1980
0.997363555704389,0.997272505758682,0.997108418899949,               927P   1981
0.997036052329537,0.996935732121075,0.99690875423265,                927P   1982
0.996908756623127,0.996935735520753,0.997036055303486,               927P   1983
0.997108420644021,0.997272504785019,0.997363553252051,               927P   1984
0.99749785874407,0.997542308401141,0.997596497728266,                927P   1985
0.997607268728394,0.997620637870146,0.997623306974003,               927P   1986
0.997627303353667,0.997628634267619,0.99763013016434,                927P   1987
0.997630296355902,0.997630545614418,0.997630628695786,               927P   1988
0.997630794848906,0.997630529128499,0.997631392846701,               927P   1989
0.99763253328643,0.997634122195429,0.997634916314992,                927P   1990
0.997637297668574,0.997638883897557,0.997646808339015,               927P   1991
0.997653126441326,0.997709795987975,0.997758792831942,               927P   1992
0.997996841292361,0.998164979186293,0.998311497487348,1.,1.,1.,      927P   1993
1.,1.,1.,1.,1.,1.,1.,1.,1.,1.,1.,1.,1.,1.,1.,1.,1.,1.,1.,1.,1.,      927P   1994
1.,1.,1.,1.,1.,1.,1.,1.,1.,1.,1.,1.,1.,1.,1.,1.,1.,1.,1.,1.,1.,      927P   1995
1.,1.,1.,1.,1.,1.,1.,1.,1.,1.,1.,1.,1.,1.,1.,1.,1.,1.,1.,1.,1.,      927P   1996
7.018393116,3.43251692,-9.770988782,6.998754379,3.426663771,         927P   1997
-9.614628829,6.962663506,3.419954945,-9.459403405,6.90168947,        927P   1998
3.410454313,-9.26667604,6.888697144,3.40849893,-9.22819435,          927P   1999
6.873241316,3.406237481,-9.184967618,6.87151234,3.405985353,         927P   2000
-9.18016555,6.869336665,3.405669126,-9.174164077,6.868900807,        927P   2001
3.405605827,-9.172963838,6.868245938,3.405510799,-9.171163562,       927P   2002
6.868027469,3.405479109,-9.170563484,6.867590169,3.405415704,        927P   2003
-9.169363355,6.867270964,3.405370319,-9.168866445,6.867033694,       927P   2004
3.405334198,-9.167460091,6.867121815,3.405344294,-9.166544321,       927P   2005
6.867101097,3.405337664,-9.164915305,6.867090737,3.405334348,        927P   2006
-9.164100797,6.867059657,3.405324401,-9.161657275,6.867038935,       927P   2007
3.40531777,-9.160028262,6.866852416,3.405258075,-9.145367159,        927P   2008
6.866686486,3.405204964,-9.132335171,6.866188297,3.405045486,        927P   2009
-9.093239521,6.865855638,3.404938975,-9.067176175,6.86418975,        927P   2010
3.404405477,-8.936861599,6.862848732,3.403975665,-8.832616839,       927P   2011
6.856107171,3.401813299,-8.311431426,6.850594014,3.400039696,        927P   2012
-7.894605348,6.833961618,3.394681085,-6.644659091,6.822724767,       927P   2013
3.39104888,-5.812080414,6.802469526,3.384503846,-4.148908299,        927P   2014
6.793532467,3.381617743,-3.318327478,6.781125919,3.377617029,        927P   2015
-1.65860098,6.777789875,3.376541309,-0.829357795,6.777790023,        927P   2016
3.376541357,0.829414829,6.781126341,3.377617165,1.65867259,          927P   2017
6.793532834,3.381617861,3.318361314,6.802469741,3.384503916,         927P   2018
4.148926271,6.822724646,3.391048841,5.812070251,6.833961315,         927P   2019
3.394680987,6.644636583,6.850593478,3.400039524,7.894564933,         927P   2020
6.856106563,3.401813103,8.311385145,6.86284804,3.403975443,          927P   2021
8.832563196,6.864189042,3.40440525,8.936806482,6.865854911,          927P   2022
3.404938742,9.067119212,6.866187566,3.405045252,9.093182189,         927P   2023
6.866685749,3.405204728,9.132277284,6.866851677,3.405257838,         927P   2024
9.145309087,6.867038194,3.405317532,9.159969982,6.867058916,         927P   2025
3.405324164,9.161598972,6.867089995,3.405334111,9.16404246,          927P   2026
6.867100355,3.405337426,9.164856956,6.867121073,3.405344057,         927P   2027
9.166485949,6.867029239,3.405333455,9.167405519,6.867254338,         927P   2028
3.405367918,9.168824368,6.867574478,3.405413429,9.169320318,         927P   2029
6.868011789,3.405476835,9.170520429,6.868230264,3.405508525,         927P   2030
9.171120498,6.86888515,3.405603554,9.172920748,6.86932102,           927P   2031
3.405666853,9.174120971,6.871496754,3.405983083,9.180122364,         927P   2032
6.873225782,3.406235213,9.184924376,6.88868211,3.408496689,          927P   2033
9.228150692,6.901675121,3.410452128,9.266632591,6.962653481,         927P   2034
3.419953179,9.459364097,6.998751091,3.426662792,9.614602658,         927P   2035
7.018393116,3.43251692,9.770988782,7.584944856,3.5,                  927P   2036
-9.885106723,7.59575129,3.5,-9.703226395,7.589700061,3.5,            927P   2037
-9.521745951,7.565766667,3.5,-9.295441097,7.560153904,3.5,           927P   2038
-9.250197651,7.552965406,3.5,-9.199325806,7.552154497,3.5,           927P   2039
-9.19367347,7.551125792,3.5,-9.186608503,7.550919296,3.5,            927P   2040
-9.185195524,7.550608424,3.5,-9.183076088,7.550504611,3.5,           927P   2041
-9.182369614,7.550296611,3.5,-9.180956677,7.550141505,3.5,           927P   2042
-9.18030202,7.550034589,3.5,-9.17878549,7.550085934,3.5,             927P   2043
-9.177920438,7.550088788,3.5,-9.176292063,7.550090215,3.5,           927P   2044
-9.175477876,7.550094495,3.5,-9.173035314,7.550097348,3.5,           927P   2045
-9.17140694,7.550123018,3.5,-9.156751568,7.550145792,3.5,            927P   2046
-9.143724639,7.550213984,3.5,-9.104643958,7.55025927,3.5,            927P   2047
-9.078590419,7.550484802,3.5,-8.948322769,7.550662345,3.5,           927P   2048
-8.844112969,7.55153403,3.5,-8.323066406,7.552179773,3.5,            927P   2049
-7.906303789,7.553901957,3.5,-6.656225173,7.554753152,3.5,           927P   2050
-5.823239463,7.555815573,3.5,-4.158213878,7.556031265,3.5,           927P   2051
-3.326212581,7.556195288,3.5,-1.662809046,7.556176403,3.5,           927P   2052
-0.831444098,7.556176403,3.5,0.831501273,7.556195287,3.5,            927P   2053
1.662880833,7.556031256,3.5,3.326246476,7.555815562,3.5,             927P   2054
4.158231874,7.554753157,3.5,5.82322929,7.55390198,3.5,               927P   2055
6.656202655,7.552179832,3.5,7.906263377,7.551534103,3.5,             927P   2056
8.323020134,7.550662436,3.5,8.844059343,7.550484897,3.5,             927P   2057
8.948267671,7.550259369,3.5,9.078533477,7.550214084,3.5,             927P   2058
9.104586648,7.550145893,3.5,9.143666774,7.550123119,3.5,             927P   2059
9.156693519,7.55009745,3.5,9.171348683,7.550094597,3.5,              927P   2060
9.172977034,7.550090317,3.5,9.175419561,7.55008889,3.5,              927P   2061
9.176233737,7.550086036,3.5,9.177862089,7.550032807,3.5,             927P   2062
9.178729043,7.550133556,3.5,9.180251839,7.550289143,3.5,             927P   2063
9.180906007,7.550497158,3.5,9.182318925,7.550600978,3.5,             927P   2064
9.183025389,7.550911873,3.5,9.185144796,7.551118384,3.5,             927P   2065
9.186557757,7.552147167,3.5,9.193622634,7.55295814,3.5,              927P   2066
9.19927491,7.560147235,3.5,9.250146303,7.565760655,3.5,              927P   2067
9.295390034,7.589697636,3.5,9.521699935,7.595753097,3.5,             927P   2068
9.703195979,7.584944856,3.5,9.885106723,8.155345837,3.5,-10.,        927P   2069
8.197131794,3.5,-9.792548742,8.221780279,3.5,-9.584681687,           927P   2070
8.235843119,3.5,-9.324471699,8.237810417,3.5,-9.272410122,           927P   2071
8.239123069,3.5,-9.213819988,8.239256406,3.5,-9.207309683,           927P   2072
8.23940754,3.5,-9.199171442,8.239436989,3.5,-9.197543776,            927P   2073
8.239480001,3.5,-9.19510225,8.239494144,3.5,-9.194288403,            927P   2074
8.239522043,3.5,-9.192660701,8.239535762,3.5,-9.191846845,           927P   2075
8.23956296,3.5,-9.190219127,8.239576474,3.5,-9.189405265,            927P   2076
8.239603587,3.5,-9.187777545,8.239617144,3.5,-9.186963685,           927P   2077
8.239657815,3.5,-9.184522105,8.23968493,3.5,-9.182894384,            927P   2078
8.239928973,3.5,-9.168244902,8.240145956,3.5,-9.155223142,           927P   2079
8.240797064,3.5,-9.116157863,8.241231349,3.5,-9.09011435,            927P   2080
8.24340371,3.5,-8.959896802,8.245144606,3.5,-8.855722834,            927P   2081
8.253855608,3.5,-8.334853145,8.260848224,3.5,-7.918157944,           927P   2082
8.281500572,3.5,-6.668064804,8.294841183,3.5,-5.834659472,           927P   2083
8.317960403,3.5,-4.1677663,8.327663508,3.5,-3.33427671,              927P   2084
8.340866382,3.5,-1.667153839,8.344292914,3.5,-0.833556477,           927P   2085
8.34429276,3.5,0.8336138,8.340865942,3.5,1.667225802,                927P   2086
8.327663109,3.5,3.334310663,8.317960159,3.5,4.167784315,             927P   2087
8.294841318,3.5,5.834649283,8.281500932,3.5,6.668042274,             927P   2088
8.260848898,3.5,7.918117534,8.253856383,3.5,8.334806882,             927P   2089
8.245145502,3.5,8.855669226,8.24340463,3.5,8.959841724,              927P   2090
8.241232298,3.5,9.09005743,8.240798019,3.5,9.116100575,              927P   2091
8.24014692,3.5,9.1551653,8.239929939,3.5,9.168186876,8.2396859,      927P   2092
3.5,9.182836151,8.239658786,3.5,9.184463848,8.239618115,3.5,         927P   2093
9.186905394,8.239604558,3.5,9.187719242,8.239577446,3.5,             927P   2094
9.189346939,8.239563927,3.5,9.190160789,8.239536739,3.5,             927P   2095
9.191788484,8.239523034,3.5,9.19260233,8.239495154,3.5,              927P   2096
9.19423001,8.23948102,3.5,9.195043846,8.239438037,3.5,               927P   2097
9.19748534,8.239408606,3.5,9.199112986,8.239257567,3.5,              927P   2098
9.207251129,8.239124306,3.5,9.213761368,8.237812343,3.5,             927P   2099
9.27235102,8.235845669,3.5,9.324412959,8.221785627,3.5,              927P   2100
9.584628927,8.197138776,3.5,9.792514074,8.155345837,3.5,10.,         927P   2101
-2.01612814984542E-15,0.0200037785461328,0.,1.;                      927P   2102
126,1,1,1,0,1,0,0.,0.,1.,1.,1.,1.,0.020003779,0.,0.,                 929P   2103
0.020003779,1.,0.,0.,1.,0.,0.,1.;                                    929P   2104
124,-0.113695272094052,0.973695585840008,0.197459593889847,          931P   2105
13.4369954704489,0.993251692030865,0.115978775117794,0.,             931P   2106
-13.846449013848,-0.0229011218346015,0.196127075738818,              931P   2107
-0.980311026552725,21.264702826843;                                  931P   2108
100,10.,8.155345837,-6.5,18.155345837,-6.5,18.087862758,             933P   2109
-5.340212249;                                                        933P   2110
126,1,1,1,0,1,0,0.,0.,1.,1.,1.,1.,0.020003779,1.,0.,0.,1.,0.,        935P   2111
0.,1.,0.,0.,1.;                                                      935P   2112
126,17,3,1,0,1,0,0.,0.,0.,0.,0.0625,0.0625,0.125,0.125,0.25,         937P   2113
0.25,0.5,0.5,0.75,0.75,0.875,0.875,0.9375,0.9375,1.,1.,1.,1.,        937P   2114
1.,1.,1.,1.,1.,1.,1.,1.,1.,1.,1.,1.,1.,1.,1.,1.,1.,1.,               937P   2115
8.155345837,3.5,10.,8.238935541,3.5,9.585009235,8.239918974,         937P   2116
3.5,9.168186633,8.253856383,3.5,8.334806882,8.260848898,3.5,         937P   2117
7.918117534,8.281500932,3.5,6.668042274,8.294841318,3.5,             937P   2118
5.834649283,8.329519579,3.5,3.334351831,8.344292683,3.5,             937P   2119
1.667198939,8.344292991,3.5,-1.667141616,8.329520013,3.5,            937P   2120
-3.334319713,8.294841182,3.5,-5.834659472,8.281500572,3.5,           937P   2121
-6.668064804,8.260848224,3.5,-7.918157944,8.253855608,3.5,           937P   2122
-8.334853145,8.239918005,3.5,-9.168244648,8.238921541,3.5,           937P   2123
-9.585078741,8.155345837,3.5,-10.,0.,1.,0.,-1.,0.;                   937P   2124
126,1,1,1,0,1,0,0.,0.,1.,1.,1.,1.,0.,1.,0.,0.,0.,0.,0.,1.,0.,        939P   2125
0.,1.;                                                               939P   2126
124,1.74836028597278E-13,-0.980311026554904,0.197459593879026,       941P   2127
3.75792010363768,1.,1.50676091325571E-13,-1.37377953128202E-13,      941P   2128
-14.6553458374265,1.04920682456693E-13,0.197459593879026,            941P   2129
0.980311026554904,1.08659762575891;                                  941P   2130
100,-10.,8.155345837,-6.5,18.155345837,-6.5,18.087862758,            943P   2131
-5.340212249;                                                        943P   2132
126,1,1,1,0,1,0,0.,0.,1.,1.,1.,1.,0.,0.,0.,0.000810732,0.,0.,        945P   2133
0.,1.,0.,0.,1.;                                                      945P   2134
126,6,3,1,0,1,0,0.,0.,0.,0.,0.000622071707924006,                    947P   2135
0.000622071707924006,0.000622071707924006,0.000622131707924,         947P   2136
0.000622131707924,0.000622131707924,0.000622131707924,1.,1.,1.,      947P   2137
1.,1.,1.,1.,7.018393116,3.43251692,-9.770988782,6.992569984,         947P   2138
3.424820567,-9.565389766,6.938169842,3.415641171,-9.362739999,       947P   2139
6.867162592,3.405353745,-9.168191386,6.867155743,3.405352753,        947P   2140
-9.168172622,6.867148894,3.405351761,-9.168153857,6.867142045,       947P   2141
3.405350768,-9.168135093,0.,0.000622131707924,-0.060747878,          947P   2142
0.997710641,0.029718203;                                             947P   2143
126,1,1,1,0,1,0,0.,0.,1.,1.,1.,1.,0.000810732,0.,0.,                 949P   2144
0.010001861,0.,0.,0.,1.,0.,0.,1.;                                    949P   2145
126,9,3,1,0,1,0,-5.65617691620431E-08,-5.65617691620431E-08,         951P   2146
-5.65617691620431E-08,-5.65617691620431E-08,0.,0.,0.,                951P   2147
0.00700957752721075,0.00700957752721075,0.00700957752721075,         951P   2148
0.00916862427484313,0.00916862427484313,0.00916862427484313,         951P   2149
0.00916862427484313,1.,1.,1.,1.,1.,1.,1.,1.,1.,1.,6.867142045,       951P   2150
3.405350768,-9.168135093,6.867141373,3.405348545,-9.168116382,       951P   2151
6.867141565,3.405350615,-9.168097388,6.867141326,3.405350538,        951P   2152
-9.168078536,6.83743075,3.395842278,-6.831760945,6.800395208,        951P   2153
3.383827502,-4.495502137,6.785011323,3.378870292,-2.159032198,       951P   2154
6.780272876,3.377343404,-1.439367573,6.777789949,3.376541333,        951P   2155
-0.719681844,6.777789949,3.376541333,0.,-5.65617691620431E-08,       951P   2156
0.00916862427484313,0.,0.,0.;                                        951P   2157
126,1,1,1,0,1,0,0.,0.,1.,1.,1.,1.,0.010001861,0.,0.,                 953P   2158
0.019193102,0.,0.,0.,1.,0.,0.,1.;                                    953P   2159
126,9,3,1,0,1,0,0.00916862427484313,0.00916862427484313,             955P   2160
0.00916862427484313,0.00916862427484313,0.0108464180830562,          955P   2161
0.0108464180830562,0.0108464180830562,0.018337278338333,             955P   2162
0.018337278338333,0.018337278338333,0.018337338338333,               955P   2163
0.018337338338333,0.018337338338333,0.018337338338333,1.,1.,1.,      955P   2164
1.,1.,1.,1.,1.,1.,1.,6.777789949,3.376541333,0.,6.777789949,         955P   2165
3.376541333,0.559265663,6.779275848,3.377021217,1.118533298,         955P   2166
6.782176396,3.377956483,1.677790657,6.795126398,3.382132142,         955P   2167
4.174692387,6.835390938,3.395189478,6.671358844,6.867141282,         955P   2168
3.405350524,9.168075098,6.867141536,3.405350606,9.168095096,         955P   2169
6.867141791,3.405350687,9.168115094,6.867142045,3.405350768,         955P   2170
9.168135093,0.00916862427484313,0.018337338338333,0.308007636,       955P   2171
-0.951383885,0.;                                                     955P   2172
126,1,1,1,0,1,0,0.,0.,1.,1.,1.,1.,0.019193102,0.,0.,                 957P   2173
0.020003779,0.,0.,0.,1.,0.,0.,1.;                                    957P   2174
126,6,3,1,0,1,0,-5.65620890412889E-08,-5.65620890412889E-08,         959P   2175
-5.65620890412889E-08,-5.65620890412889E-08,0.,0.,0.,                959P   2176
0.000622075127218268,0.000622075127218268,0.000622075127218268,      959P   2177
0.000622075127218268,1.,1.,1.,1.,1.,1.,1.,6.867142045,               959P   2178
3.405350768,9.168135093,6.867148462,3.405350562,9.16815282,          959P   2179
6.867154958,3.405352639,9.168170471,6.867161414,3.405353575,         959P   2180
9.168188161,6.938169245,3.415641069,9.362737773,6.992569842,         959P   2181
3.424820524,9.565388636,7.018393116,3.43251692,9.770988782,          959P   2182
-5.65620890412889E-08,0.000622075127218268,0.,0.,0.;                 959P   2183
102,7,929,935,939,945,949,953,957;                                   961P   2184
102,7,933,937,943,947,951,955,959;                                   963P   2185
142,1,927,961,963,1;                                                 965P   2186
144,927,1,0,965;                                                     967P   2187
128,27,2,3,2,0,0,0,0,0,-6.93889390390723E-17,                        969P   2188
-6.93889390390723E-17,-6.93889390390723E-17,                         969P   2189
-6.93889390390723E-17,0.000484689249336232,                          969P   2190
0.000484689249336232,0.000727033874004382,0.000727033874004382,      969P   2191
0.000969378498672533,0.000969378498672533,0.00121172312334068,       969P   2192
0.00121172312334068,0.00145406774800883,0.00145406774800883,         969P   2193
0.00193875699734514,0.00193875699734514,0.00205992930967921,         969P   2194
0.00205992930967921,0.00218110162201329,0.00218110162201329,         969P   2195
0.00242344624668144,0.00242344624668144,0.00290813549601774,         969P   2196
0.00290813549601774,0.00315048012068589,0.00315048012068589,         969P   2197
0.00339282474535404,0.00339282474535404,0.00387751399469034,         969P   2198
0.00387751399469034,0.00387751399469034,0.00387751399469034,0.,      969P   2199
0.,0.,1.,1.,1.,1.,1.,1.,1.,1.,1.,1.,1.,1.,1.,1.,1.,1.,1.,1.,1.,      969P   2200
1.,1.,1.,1.,1.,1.,1.,1.,1.,1.,1.,1.,0.998962709189994,               969P   2201
0.999004321126708,0.999035399638765,0.999070526704062,               969P   2202
0.999080289075362,0.999096118235151,0.999102213183865,               969P   2203
0.999110431956657,0.999112549855675,0.999113171144698,               969P   2204
0.999111705312218,0.999102171338228,0.999089196469048,               969P   2205
0.999061925928722,0.99905590062079,0.999042557892379,                969P   2206
0.999035310871173,0.999012052889854,0.998994535429256,               969P   2207
0.998935505597838,0.998887712976075,0.998798326287998,               969P   2208
0.998765406380194,0.998692786776709,0.998652970105695,               969P   2209
0.998524100377076,0.998425250963164,0.998311497487317,1.,1.,1.,      969P   2210
1.,1.,1.,1.,1.,1.,1.,1.,1.,1.,1.,1.,1.,1.,1.,1.,1.,1.,1.,1.,1.,      969P   2211
1.,1.,1.,1.,5.434122766,3.458529887,-11.564661941,5.549490704,       969P   2212
3.460197669,-11.574589986,5.66432787,3.461434584,-11.570895672,      969P   2213
5.832471836,3.462838344,-11.546567445,5.887839958,3.463228479,       969P   2214
-11.535303127,5.996710492,3.463861068,-11.506469948,                 969P   2215
6.050019874,3.464104648,-11.488996352,6.155216921,3.464433104,       969P   2216
-11.447106397,6.207414787,3.464517746,-11.422509289,                 969P   2217
6.307822437,3.464542575,-11.36777744,6.356327167,3.464483994,        969P   2218
-11.337546192,6.495955978,3.464102975,-11.239119177,                 969P   2219
6.581257982,3.46358444,-11.163257631,6.674774539,3.462494636,        969P   2220
-11.057211116,6.692817448,3.46225385,-11.035435274,6.727476946,      969P   2221
3.461720649,-10.990769028,6.74429369,3.461431046,-10.967711777,      969P   2222
6.792721687,3.460501632,-10.897089854,6.822289847,3.459801629,       969P   2223
-10.848129645,6.90280241,3.457442856,-10.696417429,6.945618085,      969P   2224
3.455533191,-10.588855927,6.992085819,3.451961914,                   969P   2225
-10.420482077,7.004624026,3.450646713,-10.362985182,                 969P   2226
7.023191324,3.447745621,-10.247056913,7.029138168,3.446155057,       969P   2227
-10.188765644,7.038646392,3.441007433,-10.012150594,                 969P   2228
7.033633454,3.437059166,-9.892329519,7.018393116,3.43251692,         969P   2229
-9.770988782,5.466992943,3.5,-12.017410417,5.606601106,3.5,          969P   2230
-12.016482745,5.744219708,3.5,-12.002118446,5.945993733,3.5,         969P   2231
-11.961346623,6.01247656,3.5,-11.944529342,6.143608113,3.5,          969P   2232
-11.904330543,6.208159795,3.5,-11.880993312,6.335600887,3.5,         969P   2233
-11.827246852,6.398731431,3.5,-11.796693818,6.520439946,3.5,         969P   2234
-11.73011304,6.579375074,3.5,-11.693956258,6.750142283,3.5,          969P   2235
-11.577474685,6.85600266,3.5,-11.489215837,6.976481265,3.5,          969P   2236
-11.36621945,6.999980105,3.5,-11.340979498,7.045715243,3.5,          969P   2237
-11.289208631,7.068086125,3.5,-11.262553665,7.133056507,3.5,         969P   2238
-11.181112101,7.173506381,3.5,-11.124896426,7.286549557,3.5,         969P   2239
-10.951084935,7.350895884,3.5,-10.828358727,7.430667883,3.5,         969P   2240
-10.635649157,7.454515329,3.5,-10.569739533,7.496026837,3.5,         969P   2241
-10.436426673,7.513637253,3.5,-10.369138101,7.558123938,3.5,         969P   2242
-10.165071192,7.576559786,3.5,-10.026233653,7.584944856,3.5,         969P   2243
-9.885106723,5.5,3.5,-12.472044264,5.66395373,3.5,-12.46014099,      969P   2244
5.824429277,3.5,-12.435008374,6.059941178,3.5,-12.37767236,          969P   2245
6.137574556,3.5,-12.355265396,6.291039927,3.5,-12.303633679,         969P   2246
6.366870119,3.5,-12.27440211,6.516629421,3.5,-12.208743856,          969P   2247
6.590729379,3.5,-12.172210737,6.733814075,3.5,-12.093737932,         969P   2248
6.803217487,3.5,-12.051636986,7.005242347,3.5,-11.917050461,         969P   2249
7.131745379,3.5,-11.81637087,7.279323431,3.5,-11.676391438,          969P   2250
7.308306121,3.5,-11.647681845,7.365175963,3.5,-11.588795473,         969P   2251
7.393131721,3.5,-11.558537665,7.474738888,3.5,-11.466262777,         969P   2252
7.526138097,3.5,-11.402783124,7.671927404,3.5,-11.206852344,         969P   2253
7.757972154,3.5,-11.068950527,7.87136405,3.5,-10.851859662,          969P   2254
7.906634803,3.5,-10.777525473,7.971342897,3.5,-10.626797301,         969P   2255
8.000755927,3.5,-10.55049448,8.08067093,3.5,-10.318929071,           969P   2256
8.12291076,3.5,-10.161027716,8.155345837,3.5,-10.,                   969P   2257
-6.93889390390723E-17,0.00387751399469034,0.,1.;                     969P   2258
126,1,1,1,0,1,0,0.,0.,1.,1.,1.,1.,0.003877514,0.,0.,                 971P   2259
0.003877514,1.,0.,0.,1.,0.,0.,1.;                                    971P   2260
124,-0.113695272095127,0.973695585842078,-0.197459593879019,         973P   2261
13.4369954705954,0.993251692030764,0.11597877511866,                 973P   2262
1.37377953128197E-13,-13.8464490138469,0.0229011218336505,           973P   2263
-0.196127075728027,-0.980311026554906,-21.2647028267013;             973P   2264
100,-10.,8.155345837,-6.5,18.155345837,-6.5,18.087862758,            975P   2265
-5.340212249;                                                        975P   2266
126,1,1,1,0,1,0,0.,0.,1.,1.,1.,1.,0.003877514,1.,0.,0.,1.,0.,        977P   2267
0.,1.,0.,0.,1.;                                                      977P   2268
126,5,3,1,0,1,0,0.,0.,0.,0.,0.5,0.5,1.,1.,1.,1.,1.,1.,1.,1.,1.,      979P   2269
1.,8.155345837,3.5,-10.,8.025604306,3.5,-10.644116859,               979P   2270
7.722057591,3.5,-11.256453148,6.777558049,3.5,-12.152321501,         979P   2271
6.155848778,3.5,-12.424428719,5.5,3.5,-12.472044264,0.,1.,0.,        979P   2272
-1.,0.;                                                              979P   2273
126,1,1,1,0,1,0,0.,0.,1.,1.,1.,1.,0.,1.,0.,0.,0.,0.,0.,1.,0.,        981P   2274
0.,1.;                                                               981P   2275
124,5.93339420841442E-14,-0.0724108215598469,0.99737489086152,       983P   2276
17.4686334467006,1.,-3.21222496204178E-14,                           983P   2277
-6.18222306722079E-14,-12.0000000004434,3.65145237230276E-14,        983P   2278
0.99737489086152,0.0724108215598469,-5.08599650149978;               983P   2279
100,-12.472044264,5.5,-6.5,15.5,-6.5,15.458529887,-5.590229431;      985P   2280
126,1,1,1,0,1,0,0.,0.,1.,1.,1.,1.,0.,0.,0.,0.003877514,0.,0.,        987P   2281
0.,1.,0.,0.,1.;                                                      987P   2282
126,21,3,1,0,1,0,0.,0.,0.,0.,0.000260224335700169,                   989P   2283
0.000260224335700169,0.000260224335700169,0.000755303311081802,      989P   2284
0.000755303311081802,0.000755303311081802,0.00101941798853555,       989P   2285
0.00101941798853555,0.00101941798853555,0.0015112052449665,          989P   2286
0.0015112052449665,0.0015112052449665,0.00166229705712661,           989P   2287
0.00166229705712661,0.00166229705712661,0.00218380621177898,         989P   2288
0.00218380621177898,0.00218380621177898,0.00277226104244916,         989P   2289
0.00277226104244916,0.00277226104244916,0.00277226104244916,1.,      989P   2290
1.,1.,1.,1.,1.,1.,1.,1.,1.,1.,1.,1.,1.,1.,1.,1.,1.,1.,1.,1.,1.,      989P   2291
5.434122766,3.458529887,-11.564661941,5.520535837,3.459779092,       989P   2292
-11.572098265,5.607930021,3.460799538,-11.571909996,                 989P   2293
5.694328275,3.46163242,-11.564246679,5.856999224,3.463200572,        989P   2294
-11.549818156,6.019790524,3.464150932,-11.508026066,                 989P   2295
6.168242501,3.464433687,-11.439949566,6.248315715,3.464586201,       989P   2296
-11.403229918,6.32528478,3.464559533,-11.358939755,6.397506275,      989P   2297
3.464371295,-11.308500725,6.530619496,3.464024349,                   989P   2298
-11.215535303,6.650293619,3.463102634,-11.098938907,                 989P   2299
6.744611313,3.461414571,-10.966790723,6.773991365,3.460888738,       989P   2300
-10.925626437,6.801268842,3.460299016,-10.882886522,                 989P   2301
6.826334881,3.45964534,-10.838963534,6.911782476,3.457417024,        989P   2302
-10.689234501,6.972758038,3.454427117,-10.523036811,                 989P   2303
7.005315787,3.450387751,-10.353777493,7.042026797,3.4458331,         989P   2304
-10.162926452,7.042603011,3.439732463,-9.963743496,7.018393116,      989P   2305
3.43251692,-9.770988782,0.,0.00277226104244916,-0.012294711,         989P   2306
0.999610544,0.02505196;                                              989P   2307
102,4,971,977,981,987;                                               991P   2308
102,4,975,979,985,989;                                               993P   2309
142,1,969,991,993,1;                                                 995P   2310
144,969,1,0,995;                                                     997P   2311
128,27,2,3,2,0,0,0,0,0,0.,0.,0.,0.,0.000486977190290827,             999P   2312
0.000486977190290827,0.00073046578543624,0.00073046578543624,        999P   2313
0.000973954380581654,0.000973954380581654,0.00121744297572707,       999P   2314
0.00121744297572707,0.00146093157087248,0.00146093157087248,         999P   2315
0.00170442016601789,0.00170442016601789,0.00194790876116331,         999P   2316
0.00194790876116331,0.00219139735630872,0.00219139735630872,         999P   2317
0.00243488595145413,0.00243488595145413,0.00292186314174496,         999P   2318
0.00292186314174496,0.00316535173689037,0.00316535173689037,         999P   2319
0.00340884033203579,0.00340884033203579,0.00389581752232661,         999P   2320
0.00389581752232661,0.00389581752232661,0.00389581752232661,0.,      999P   2321
0.,0.,1.,1.,1.,1.,1.,1.,1.,1.,1.,1.,1.,1.,1.,1.,1.,1.,1.,1.,1.,      999P   2322
1.,1.,1.,1.,1.,1.,1.,1.,1.,1.,1.,1.,0.998311497487349,               999P   2323
0.998425067257074,0.99852354947363,0.998651794176942,                999P   2324
0.998691394295725,0.998763602140942,0.99879638286777,                999P   2325
0.998856419508137,0.998883539155022,0.998932400106843,               999P   2326
0.99895424960569,0.998993531218916,0.999010961504494,                999P   2327
0.999041779466536,0.999055221150211,0.999077429407564,               999P   2328
0.999086350962612,0.999100177029032,0.999105145215207,               999P   2329
0.999114854367409,0.999114639075863,0.999102620600262,               999P   2330
0.999096529024077,0.999080656578173,0.999070847509798,               999P   2331
0.999035560315649,0.999004344815076,0.99896270918996,1.,1.,1.,       999P   2332
1.,1.,1.,1.,1.,1.,1.,1.,1.,1.,1.,1.,1.,1.,1.,1.,1.,1.,1.,1.,1.,      999P   2333
1.,1.,1.,1.,7.018393116,3.43251692,9.770988782,7.033609044,          999P   2334
3.437051891,9.892135175,7.038594561,3.440985431,10.011513045,        999P   2335
7.029270388,3.446108084,10.187096304,7.023425672,3.447689995,        999P   2336
10.244980689,7.005201735,3.450574633,10.359964594,6.992915499,       999P   2337
3.451884271,10.417000414,6.962056545,3.454282918,10.529740684,       999P   2338
6.943522171,3.455366484,10.585211902,6.901043055,3.457318788,        999P   2339
10.692601789,6.877046478,3.458191848,10.744724088,6.823840758,       999P   2340
3.459761501,10.84542233,6.794631738,3.460458019,10.893999071,        999P   2341
6.731160175,3.461689538,10.987146849,6.697056805,3.462226696,        999P   2342
11.031588153,6.622254921,3.463114196,11.117090425,6.581604352,       999P   2343
3.463470733,11.158138648,6.496335727,3.464023274,11.234632076,       999P   2344
6.451553364,3.464221824,11.270296068,6.311849513,3.464609844,        999P   2345
11.369137845,6.211601151,3.464601239,11.424271641,6.054037283,       999P   2346
3.464120929,11.487577192,5.999940189,3.463877485,11.505498525,       999P   2347
5.889982513,3.463243166,11.534846234,5.834142607,3.462851164,        999P   2348
11.546275076,5.664831224,3.461441005,11.570922398,5.549547572,       999P   2349
3.460198491,11.57459488,5.434122766,3.458529887,11.564661941,        999P   2350
7.584944856,3.5,9.885106723,7.576573241,3.5,10.026007191,            999P   2351
7.558196168,3.5,10.164331762,7.514101121,3.5,10.36721085,            999P   2352
7.496674157,3.5,10.434032924,7.455688876,3.5,10.56627195,            999P   2353
7.432183747,3.5,10.63166017,7.379028171,3.5,10.760706782,            999P   2354
7.349459717,3.5,10.824099863,7.285202257,3.5,10.946846882,           999P   2355
7.250421214,3.5,11.006434687,7.175649958,3.5,11.12179089,            999P   2356
7.135659941,3.5,11.177560577,7.050429076,3.5,11.284953709,           999P   2357
7.005257329,3.5,11.33650456,6.908756454,3.5,11.43566625,             999P   2358
6.857364461,3.5,11.483337348,6.751019609,3.5,11.57256882,            999P   2359
6.69584918,3.5,11.614382453,6.524955993,3.5,11.731319443,            999P   2360
6.403896496,3.5,11.798050045,6.213031596,3.5,11.879124876,           999P   2361
6.147505235,3.5,11.90301419,6.015050489,3.5,11.943856174,            999P   2362
5.947999266,3.5,11.960888714,5.744822458,3.5,12.002100195,           999P   2363
5.606671636,3.5,12.016482277,5.466992943,3.5,12.017410417,           999P   2364
8.155345837,3.5,10.,8.122962887,3.5,10.160768924,8.08086927,         999P   2365
3.5,10.318087179,8.001555581,3.5,10.548308697,7.972408068,3.5,       999P   2366
10.624085337,7.908410472,3.5,10.773610098,7.873572828,3.5,           999P   2367
10.847362643,7.797911867,3.5,10.992738509,7.757214577,3.5,           999P   2368
11.064062607,7.671005473,3.5,11.202185537,7.625361185,3.5,           999P   2369
11.269246894,7.528878175,3.5,11.39927886,7.478039996,3.5,            999P   2370
11.462249894,7.370923822,3.5,11.583907968,7.314624881,3.5,           999P   2371
11.642578512,7.196317123,3.5,11.755422926,7.134134564,3.5,           999P   2372
11.809729125,7.006622038,3.5,11.911726536,6.941021675,3.5,           999P   2373
11.959704667,6.738817319,3.5,12.094788686,6.596877722,3.5,           999P   2374
12.173155029,6.372599111,3.5,12.272082142,6.295606669,3.5,           999P   2375
12.301970478,6.140581285,3.5,12.354374544,6.062282599,3.5,           999P   2376
12.377047751,5.825131854,3.5,12.434944659,5.664038104,3.5,           999P   2377
12.460134865,5.5,3.5,12.472044264,0.,0.00389581752232661,0.,1.;      999P   2378
126,1,1,1,0,1,0,0.,0.,1.,1.,1.,1.,0.,1.,0.,0.,0.,0.,0.,1.,0.,       1001P   2379
0.,1.;                                                              1001P   2380
124,1.14839061101459E-15,-0.980311026552723,-0.197459593889854,     1003P   2381
3.75792010376386,1.,1.17145536458252E-15,0.,-14.6553458374194,      1003P   2382
2.31315100550556E-16,-0.197459593889854,0.980311026552723,          1003P   2383
-1.08659762580743;                                                  1003P   2384
100,10.,8.155345837,-6.5,18.155345837,-6.5,18.087862758,            1005P   2385
-5.340212249;                                                       1005P   2386
126,1,1,1,0,1,0,0.,0.,1.,1.,1.,1.,0.,0.,0.,0.003895818,0.,0.,       1007P   2387
0.,1.,0.,0.,1.;                                                     1007P   2388
126,5,3,1,0,1,0,0.,0.,0.,0.,0.5,0.5,1.,1.,1.,1.,1.,1.,1.,1.,1.,     1009P   2389
1.,7.018393116,3.43251692,9.770988782,7.075992596,3.44968393,       1009P   2390
10.229585216,6.968715311,3.458819659,10.713240524,6.370351053,      1009P   2391
3.466280935,11.412605145,5.897518993,3.465228836,11.604539753,      1009P   2392
5.434122766,3.458529887,11.564661941,0.,1.,-0.053280221,            1009P   2393
0.998108464,-0.030671029;                                           1009P   2394
126,1,1,1,0,1,0,0.,0.,1.,1.,1.,1.,0.003895818,0.,0.,                1011P   2395
0.003895818,1.,0.,0.,1.,0.,0.,1.;                                   1011P   2396
124,-0.0065877234317505,0.0721105330202297,0.997374890864777,       1013P   2397
-6.43435284262908,0.99585298870429,0.0909770569359898,0.,           1013P   2398
-11.3858405680987,-0.0907382322327315,0.993238765926303,            1013P   2399
-0.072410821514984,20.33026749072;                                  1013P   2400
100,12.472044264,5.5,-6.5,15.5,-6.5,15.458529887,-5.590229431;      1015P   2401
126,1,1,1,0,1,0,0.,0.,1.,1.,1.,1.,0.003895818,1.,0.,0.,1.,0.,       1017P   2402
0.,1.,0.,0.,1.;                                                     1017P   2403
126,5,3,1,0,1,0,0.,0.,0.,0.,0.5,0.5,1.,1.,1.,1.,1.,1.,1.,1.,1.,     1019P   2404
1.,5.5,3.5,12.472044264,6.156179482,3.5,12.424404709,               1019P   2405
6.782239973,3.5,12.150378375,7.728702032,3.5,11.247623064,          1019P   2406
8.025812666,3.5,10.643082433,8.155345837,3.5,10.,0.,1.,0.,-1.,      1019P   2407
0.;                                                                 1019P   2408
102,4,1001,1007,1011,1017;                                          1021P   2409
102,4,1005,1009,1015,1019;                                          1023P   2410
142,1,999,1021,1023,1;                                              1025P   2411
144,999,1,0,1025;                                                   1027P   2412
128,49,2,3,2,0,0,0,0,0,-1.70219741080224E-17,                       1029P   2413
-1.70219741080224E-17,-1.70219741080224E-17,                        1029P   2414
-1.70219741080224E-17,0.000171875765019655,                         1029P   2415
0.000171875765019655,0.000193360235647114,0.000193360235647114,     1029P   2416
0.000198731353303979,0.000198731353303979,0.000201416912132412,     1029P   2417
0.000201416912132412,0.000204102470960844,0.000204102470960844,     1029P   2418
0.000214844706274573,0.000214844706274573,0.000257813647529492,     1029P   2419
0.000257813647529492,0.000343751530039328,0.000343751530039328,     1029P   2420
0.000687503060078672,0.000687503060078672,0.00137500612015736,      1029P   2421
0.00137500612015736,0.00275001224031474,0.00275001224031474,        1029P   2422
0.0055000244806295,0.0055000244806295,0.00825003672094426,          1029P   2423
0.00825003672094426,0.00962504284110163,0.00962504284110163,        1029P   2424
0.0103125459011803,0.0103125459011803,0.0106562974312197,           1029P   2425
0.0106562974312197,0.0107422353137295,0.0107422353137295,           1029P   2426
0.0107852042549844,0.0107852042549844,0.0107878898138129,           1029P   2427
0.0107878898138129,0.0107905753726413,0.0107905753726413,           1029P   2428
0.0107959464902982,0.0107959464902982,0.0108066887256119,           1029P   2429
0.0108066887256119,0.0108281731962393,0.0108281731962393,           1029P   2430
0.011000048961259,0.011000048961259,0.011000048961259,              1029P   2431
0.011000048961259,0.,0.,0.,1.,1.,1.,1.,1.,1.,1.,1.,1.,1.,1.,1.,     1029P   2432
1.,1.,1.,1.,1.,1.,1.,1.,1.,1.,1.,1.,1.,1.,1.,1.,1.,1.,1.,1.,1.,     1029P   2433
1.,1.,1.,1.,1.,1.,1.,1.,1.,1.,1.,1.,1.,1.,1.,1.,1.,1.,1.,1.,        1029P   2434
0.998977216956788,0.998963090065275,0.998947746922061,              1029P   2435
0.998928893462405,0.998926776469749,0.998924101965489,              1029P   2436
0.998923565651697,0.998922759050206,0.998922438619531,              1029P   2437
0.998922280692256,0.998922333104464,0.9989222667404,                1029P   2438
0.99892221368011,0.998921948533823,0.998921736913306,               1029P   2439
0.998921103554838,0.998920683319958,0.998918592346923,              1029P   2440
0.998916952211487,0.998912136713457,0.998909066260158,              1029P   2441
0.998900330658893,0.998895141883576,0.998881919404219,              1029P   2442
0.998876281907346,0.998872604859247,0.998874570986667,              1029P   2443
0.998882808124748,0.998886420217359,0.998892959396735,              1029P   2444
0.998895325651168,0.998899130428406,0.998900441242931,              1029P   2445
0.998902130353238,0.998902470704799,0.998902984977277,              1029P   2446
0.998903157025627,0.998903340485844,0.998903351280044,              1029P   2447
0.998903372873286,0.998903302868524,0.998903869334262,              1029P   2448
0.998904610033031,0.998906280957419,0.998907389058905,              1029P   2449
0.998910696000527,0.998912877475724,0.998932306574953,              1029P   2450
0.998948127994201,0.998962709189994,1.,1.,1.,1.,1.,1.,1.,1.,1.,     1029P   2451
1.,1.,1.,1.,1.,1.,1.,1.,1.,1.,1.,1.,1.,1.,1.,1.,1.,1.,1.,1.,1.,     1029P   2452
1.,1.,1.,1.,1.,1.,1.,1.,1.,1.,1.,1.,1.,1.,1.,1.,1.,1.,1.,1.,        1029P   2453
-5.436383752,3.4591096,-11.56709739,-5.396063845,3.458545178,       1029P   2454
-11.56370605,-5.355977326,3.457932016,-11.55866328,                 1029P   2455
-5.311259189,3.457178684,-11.551117604,-5.306295778,                1029P   2456
3.457094095,-11.550253165,-5.300098361,3.45698723,-11.54914002,     1029P   2457
-5.29885922,3.4569658,-11.548915761,-5.297001026,3.456933571,       1029P   2458
-11.548576927,-5.296436719,3.456920766,-11.548441346,               1029P   2459
-5.294788332,3.456914458,-11.548378931,-5.293822756,                1029P   2460
3.456916551,-11.548404523,-5.289348334,3.4569139,-11.548390489,     1029P   2461
-5.285768797,3.45691178,-11.548379268,-5.26787112,3.456901185,      1029P   2462
-11.5483232,-5.253552998,3.45689273,-11.548278455,-5.210598692,     1029P   2463
3.456867423,-11.54814455,-5.181962568,3.456850631,                  1029P   2464
-11.548055721,-5.038782348,3.456767083,-11.547613816,               1029P   2465
-4.92423945,3.456701548,-11.547267464,-4.580614604,3.456509137,     1029P   2466
-11.546251305,-4.351536511,3.456386453,-11.545604396,               1029P   2467
-3.664317539,3.456037411,-11.543766396,-3.206192076,                1029P   2468
3.455830089,-11.542678142,-1.831872934,3.455301777,                 1029P   2469
-11.539911807,-0.915718986,3.455076531,-11.538744278,               1029P   2470
0.916542949,3.454929615,-11.538005175,1.832673096,3.455008171,      1029P   2471
-11.538434506,3.206923524,3.455337287,-11.540190133,                1029P   2472
3.665021347,3.45548161,-11.540957161,4.352193763,3.455742887,       1029P   2473
-11.542344586,4.581255492,3.455837432,-11.542846487,                1029P   2474
4.924854784,3.455989455,-11.543653632,5.039388997,3.45604183,       1029P   2475
-11.543931728,5.182558178,3.45610932,-11.544290141,5.211192085,     1029P   2476
3.45612292,-11.544362364,5.254143052,3.456143468,-11.544471497,     1029P   2477
5.268460059,3.456150342,-11.544508008,5.283671898,3.456157673,      1029P   2478
-11.544546942,5.284566712,3.456158104,-11.544549233,5.28635634,     1029P   2479
3.456158967,-11.544553815,5.287334309,3.456156171,                  1029P   2480
-11.544521598,5.289469413,3.456178802,-11.544756781,                1029P   2481
5.290518518,3.456208399,-11.545068021,5.294228895,3.456275163,      1029P   2482
-11.545762714,5.296703912,3.456319438,-11.546219313,5.30413318,     1029P   2483
3.456451572,-11.547569535,5.309091649,3.456538736,                  1029P   2484
-11.548443587,5.353766609,3.457315056,-11.556075615,                1029P   2485
5.393824055,3.457947321,-11.561194015,5.434122766,3.458529887,      1029P   2486
-11.564661941,-5.46812671,3.5,-12.016754173,-5.419342967,3.5,       1029P   2487
-12.017059896,-5.370674625,3.5,-12.015706058,-5.316111727,3.5,      1029P   2488
-12.012322747,-5.310051707,3.5,-12.011920954,-5.302480091,3.5,      1029P   2489
-12.011386373,-5.300965935,3.5,-12.011277839,-5.298694959,3.5,      1029P   2490
-12.011112613,-5.297965571,3.5,-12.011045884,-5.296246349,3.5,      1029P   2491
-12.011017366,-5.295315894,3.5,-12.01103167,-5.29084073,3.5,        1029P   2492
-12.011031783,-5.2872606,3.5,-12.011031873,-5.269359948,3.5,        1029P   2493
-12.011032322,-5.255039438,3.5,-12.011032678,-5.21207793,3.5,       1029P   2494
-12.011033735,-5.18343697,3.5,-12.011034428,-5.040232185,3.5,       1029P   2495
-12.011037826,-4.925669137,3.5,-12.011040344,-4.581981308,3.5,      1029P   2496
-12.011047349,-4.352859049,3.5,-12.011051289,-3.665497565,3.5,      1029P   2497
-12.011061426,-3.207268618,3.5,-12.011065938,-1.832601644,3.5,      1029P   2498
-12.011077189,-0.916195826,3.5,-12.011084079,0.916608116,3.5,       1029P   2499
-12.011111706,1.833003265,3.5,-12.0111325,3.207635148,3.5,          1029P   2500
-12.011166202,3.665850658,3.5,-12.011177135,4.353188995,3.5,        1029P   2501
-12.011190895,4.582303258,3.5,-12.01119504,4.925978474,3.5,         1029P   2502
-12.011200321,5.040537267,3.5,-12.011201925,5.183736607,3.5,        1029P   2503
-12.011203709,5.21237648,3.5,-12.011204054,5.25533635,3.5,          1029P   2504
-12.011204556,5.269656312,3.5,-12.01120472,5.284871284,3.5,         1029P   2505
-12.011204891,5.285766282,3.5,-12.011204901,5.287556279,3.5,        1029P   2506
-12.011204921,5.288492946,3.5,-12.011187619,5.290902668,3.5,        1029P   2507
-12.01130236,5.292321589,3.5,-12.011455862,5.296860493,3.5,         1029P   2508
-12.011793588,5.299887142,3.5,-12.012012279,5.308969169,3.5,        1029P   2509
-12.012648976,5.31502665,3.5,-12.013047609,5.369567314,3.5,         1029P   2510
-12.016402866,5.418220493,3.5,-12.017734499,5.466992943,3.5,        1029P   2511
-12.017410417,-5.5,3.5,-12.46825717,-5.442720842,3.5,               1029P   2512
-12.47230072,-5.385436236,3.5,-12.474679494,-5.320985168,3.5,       1029P   2513
-12.475511322,-5.313823855,3.5,-12.475578105,-5.304872112,3.5,      1029P   2514
-12.475629564,-5.303081758,3.5,-12.475638255,-5.300396219,3.5,      1029P   2515
-12.47564889,-5.299501038,3.5,-12.47565191,-5.297710675,3.5,        1029P   2516
-12.475657729,-5.296815493,3.5,-12.475660599,-5.292339585,3.5,      1029P   2517
-12.475675043,-5.288758859,3.5,-12.475686592,-5.270855226,3.5,      1029P   2518
-12.475744297,-5.25653232,3.5,-12.475790344,-5.2135636,3.5,         1029P   2519
-12.47592813,-5.184917785,3.5,-12.476019516,-5.041688701,3.5,       1029P   2520
-12.476474051,-4.92710541,3.5,-12.476830018,-4.583355459,3.5,       1029P   2521
-12.477873651,-4.35418872,3.5,-12.478537044,-3.666688159,3.5,       1029P   2522
-12.480419849,-3.20835399,3.5,-12.481531762,-1.833349844,3.5,       1029P   2523
-12.484357987,-0.916678201,3.5,-12.485555366,0.916670196,3.5,       1029P   2524
-12.486360196,1.83334503,3.5,-12.485966836,3.208352491,3.5,         1029P   2525
-12.484255209,3.666687687,3.5,-12.483499799,4.354189653,3.5,        1029P   2526
-12.482121402,4.583356837,3.5,-12.481621109,4.927107422,3.5,        1029P   2527
-12.480813802,5.041690918,3.5,-12.480535225,5.18492025,3.5,         1029P   2528
-12.480175626,5.213566114,3.5,-12.480103137,5.256534908,3.5,        1029P   2529
-12.47999356,5.270857839,3.5,-12.479956894,5.286075952,3.5,         1029P   2530
-12.479917787,5.286971135,3.5,-12.479915486,5.288761502,3.5,        1029P   2531
-12.479910883,5.289656685,3.5,-12.479908693,5.292342233,3.5,        1029P   2532
-12.479901397,5.294132594,3.5,-12.479895074,5.299503658,3.5,        1029P   2533
-12.479871123,5.303084347,3.5,-12.479848781,5.313826347,3.5,        1029P   2534
-12.47976262,5.320987594,3.5,-12.47967967,5.385438043,3.5,          1029P   2535
-12.478703281,5.442721867,3.5,-12.476202736,5.5,3.5,                1029P   2536
-12.472044264,-1.70219741080224E-17,0.011000048961259,0.,1.;        1029P   2537
126,1,1,1,0,1,0,0.,0.,1.,1.,1.,1.,0.011000049,0.,0.,                1031P   2538
0.011000049,1.,0.,0.,1.,0.,0.,1.;                                   1031P   2539
124,-0.00658772343566492,0.0721105330649288,-0.997374890861519,     1033P   2540
-6.43435284213389,0.995852988704424,0.0909770569345217,             1033P   2541
6.18222306722079E-14,-11.3858405682398,0.0907382322309753,          1033P   2542
-0.993238765923192,-0.0724108215598539,-20.3302674912515;           1033P   2543
100,-12.472044264,5.5,-6.5,15.5,-6.5,15.458529887,-5.590229431;     1035P   2544
126,1,1,1,0,1,0,0.,0.,1.,1.,1.,1.,0.011000049,1.,0.,0.,1.,0.,       1037P   2545
0.,1.,0.,0.,1.;                                                     1037P   2546
126,13,3,1,0,1,0,0.,0.,0.,0.,0.125,0.125,0.25,0.25,0.5,0.5,         1039P   2547
0.75,0.75,0.875,0.875,1.,1.,1.,1.,1.,1.,1.,1.,1.,1.,1.,1.,1.,       1039P   2548
1.,1.,1.,1.,1.,5.5,3.5,-12.472044264,5.041774559,3.5,               1039P   2549
-12.505312076,4.583356975,3.5,-12.481661936,3.666687687,3.5,        1039P   2550
-12.483499799,3.208352491,3.5,-12.484255209,1.83334503,3.5,         1039P   2551
-12.485966836,0.916670196,3.5,-12.486360196,-0.916678201,3.5,       1039P   2552
-12.485555366,-1.833349844,3.5,-12.484357987,-3.20835399,3.5,       1039P   2553
-12.481531762,-3.666688159,3.5,-12.480419849,-4.583355574,3.5,      1039P   2554
-12.477909443,-5.041766377,3.5,-12.5006056,-5.5,3.5,                1039P   2555
-12.46825717,0.,1.,0.,-1.,0.;                                       1039P   2556
126,1,1,1,0,1,0,0.,0.,1.,1.,1.,1.,0.,1.,0.,0.,0.,0.,0.,1.,0.,       1041P   2557
0.,1.;                                                              1041P   2558
124,-8.51373336711837E-15,0.0704185041530886,0.997517535822224,     1043P   2559
7.39502544483645,1.,-4.22667665414858E-15,8.83329796040061E-15,     1043P   2560
-0.999999999694086,4.83821170987355E-15,0.997517535822224,          1043P   2561
-0.0704185041530886,-6.86238920638899;                              1043P   2562
100,-12.46825717,-5.5,-6.5,4.5,-6.5,4.4591096,-5.596597556;         1045P   2563
126,1,1,1,0,1,0,0.,0.,1.,1.,1.,1.,0.,0.,0.,0.000200854,0.,0.,       1047P   2564
0.,1.,0.,0.,1.;                                                     1047P   2565
126,6,3,1,0,1,0,0.,0.,0.,0.,0.000141480392073796,                   1049P   2566
0.000141480392073796,0.000141480392073796,0.000141540392072524,     1049P   2567
0.000141540392072524,0.000141540392072524,0.000141540392072524,     1049P   2568
1.,1.,1.,1.,1.,1.,1.,-5.436383752,3.4591096,-11.56709739,           1049P   2569
-5.389394133,3.458451811,-11.563145055,-5.342537899,                1049P   2570
3.457725203,-11.556929516,-5.296158396,3.456918927,                 1049P   2571
-11.54842249,-5.296138727,3.456918585,-11.548418882,                1049P   2572
-5.296119058,3.456918243,-11.548415274,-5.296099389,                1049P   2573
3.456917901,-11.548411666,0.,0.000141540392072524,0.,0.,0.;         1049P   2574
126,1,1,1,0,1,0,0.,0.,1.,1.,1.,1.,0.000200854,0.,0.,                1051P   2575
0.010790304,0.,0.,0.,1.,0.,0.,1.;                                   1051P   2576
126,15,3,1,0,1,0,-5.90406573602514E-08,-5.90406573602514E-08,       1053P   2577
-5.90406573602514E-08,-5.90406573602514E-08,0.,0.,0.,               1053P   2578
0.00529535100339799,0.00529535100339799,0.00529535100339799,        1053P   2579
0.00666981664429363,0.00666981664429363,0.00666981664429363,        1053P   2580
0.0105838146054361,0.0105838146054361,0.0105838146054361,           1053P   2581
0.0105838746054361,0.0105838746054361,0.0105838746054361,           1053P   2582
0.0105838746054361,1.,1.,1.,1.,1.,1.,1.,1.,1.,1.,1.,1.,1.,1.,       1053P   2583
1.,1.,-5.296099389,3.456917901,-11.548411666,-5.296079713,          1053P   2584
3.456917495,-11.548411597,-5.296060029,3.456917878,                 1053P   2585
-11.548411542,-5.296040349,3.456917866,-11.54841148,                1053P   2586
-3.530932346,3.455871447,-11.542873222,-1.765816054,                1053P   2587
3.455144928,-11.539088424,-0.000699203,3.455003162,                 1053P   2588
-11.538375175,0.457456456,3.454966365,-11.538190043,0.91561224,     1053P   2589
3.45496724,-11.53820307,1.373767889,3.45500508,-11.53841026,        1053P   2590
2.678434394,3.455112835,-11.539000263,3.983100608,3.455530424,      1053P   2591
-11.541215408,5.287762819,3.456159645,-11.544557418,                1053P   2592
5.287782818,3.456159655,-11.544557469,5.287802818,3.456159664,      1053P   2593
-11.54455752,5.287822818,3.456159674,-11.544557572,                 1053P   2594
-5.90406573602514E-08,0.0105838746054361,0.,0.,0.;                  1053P   2595
126,1,1,1,0,1,0,0.,0.,1.,1.,1.,1.,0.010790304,0.,0.,                1055P   2596
0.011000049,0.,0.,0.,1.,0.,0.,1.;                                   1055P   2597
126,6,3,1,0,1,0,-5.89640355805274E-08,-5.89640355805274E-08,        1057P   2598
-5.89640355805274E-08,-5.89640355805274E-08,0.,0.,0.,               1057P   2599
0.000147634980546291,0.000147634980546291,0.000147634980546291,     1057P   2600
0.000147634980546291,1.,1.,1.,1.,1.,1.,1.,5.287822818,              1057P   2601
3.456159674,-11.544557572,5.287842128,3.45615965,-11.544561239,     1057P   2602
5.28786143,3.456160373,-11.544564913,5.287880736,3.456160723,       1057P   2603
-11.544568583,5.336218906,3.457035822,-11.553757867,                1057P   2604
5.385097405,3.457821167,-11.560443038,5.434122766,3.458529887,      1057P   2605
-11.564661941,-5.89640355805274E-08,0.000147634980546291,0.,0.,     1057P   2606
0.;                                                                 1057P   2607
102,6,1031,1037,1041,1047,1051,1055;                                1059P   2608
102,6,1035,1039,1045,1049,1053,1057;                                1061P   2609
142,1,1029,1059,1061,1;                                             1063P   2610
144,1029,1,0,1063;                                                  1065P   2611
128,47,2,3,2,0,0,0,0,0,0.,0.,0.,0.,0.000171875500865785,            1067P   2612
0.000171875500865785,0.000193359938474008,0.000193359938474008,     1067P   2613
0.000204102157278119,0.000204102157278119,0.000209473266680175,     1067P   2614
0.000209473266680175,0.000214844376082231,0.000214844376082231,     1067P   2615
0.000257813251298677,0.000257813251298677,0.00034375100173157,      1067P   2616
0.00034375100173157,0.000687502003463139,0.000687502003463139,      1067P   2617
0.00137500400692628,0.00137500400692628,0.00275000801385256,        1067P   2618
0.00275000801385256,0.00550001602770511,0.00550001602770511,        1067P   2619
0.00825002404155767,0.00825002404155767,0.00962502804848395,        1067P   2620
0.00962502804848395,0.0103125300519471,0.0103125300519471,          1067P   2621
0.0106562810536787,0.0106562810536787,0.0107422188041116,           1067P   2622
0.0107422188041116,0.010785187679328,0.010785187679328,             1067P   2623
0.0107959298981321,0.0107959298981321,0.0107986154528331,           1067P   2624
0.0107986154528331,0.0108013010075342,0.0108013010075342,           1067P   2625
0.0108066721169362,0.0108066721169362,0.0108281565545444,           1067P   2626
0.0108281565545444,0.0110000320554102,0.0110000320554102,           1067P   2627
0.0110000320554102,0.0110000320554102,0.,0.,0.,1.,1.,1.,1.,1.,      1067P   2628
1.,1.,1.,1.,1.,1.,1.,1.,1.,1.,1.,1.,1.,1.,1.,1.,1.,1.,1.,1.,1.,     1067P   2629
1.,1.,1.,1.,1.,1.,1.,1.,1.,1.,1.,1.,1.,1.,1.,1.,1.,1.,1.,1.,1.,     1067P   2630
1.,1.,1.,1.,0.99896270918996,0.998948129279336,                     1067P   2631
0.998932308839221,0.99891288020408,0.998910698771529,               1067P   2632
0.998907391879605,0.998906283792307,0.998904612885516,              1067P   2633
0.998903874657828,0.998903114447777,0.99890335138796,               1067P   2634
0.998903157135509,0.998902985086751,0.998902470813044,              1067P   2635
0.998902130460656,0.998900441346172,0.998899130528189,              1067P   2636
0.998895325740306,0.998892959478378,0.998886420276299,              1067P   2637
0.998882808167977,0.998874570990405,0.998872604860661,              1067P   2638
0.998876281894174,0.998881919402151,0.998895141910916,              1067P   2639
0.998900330697287,0.998909066314602,0.998912136773181,              1067P   2640
0.998916952278825,0.998918592416746,0.998920683392815,              1067P   2641
0.998921103628297,0.998921736987662,0.998921948608477,              1067P   2642
0.998922213755136,0.9989222668155,0.998922333179656,                1067P   2643
0.998922280118062,0.998922439344184,0.998922760575445,              1067P   2644
0.998923567173133,0.998924103484021,0.998926777971957,              1067P   2645
0.998928894945766,0.998947748186932,0.99896309079101,               1067P   2646
0.99897721695675,1.,1.,1.,1.,1.,1.,1.,1.,1.,1.,1.,1.,1.,1.,1.,      1067P   2647
1.,1.,1.,1.,1.,1.,1.,1.,1.,1.,1.,1.,1.,1.,1.,1.,1.,1.,1.,1.,1.,     1067P   2648
1.,1.,1.,1.,1.,1.,1.,1.,1.,1.,1.,1.,5.434122766,3.458529887,        1067P   2649
11.564661941,5.393827615,3.457947372,11.561194321,5.353772197,      1067P   2650
3.457315147,11.556076391,5.309097875,3.456538845,11.548444673,      1067P   2651
5.304139454,3.456451682,11.547570653,5.296710224,3.456319551,       1067P   2652
11.546220472,5.294235214,3.456275276,11.545763886,5.29052484,       1067P   2653
3.456208513,11.54506921,5.289473201,3.456179014,11.544759033,       1067P   2654
5.286631458,3.456148643,11.544443353,5.284575858,3.456158108,       1067P   2655
11.544549256,5.268469192,3.456150347,11.544508032,5.254152173,      1067P   2656
3.456143472,11.54447152,5.21120117,3.456122924,11.544362387,        1067P   2657
5.182567238,3.456109325,11.544290164,5.039397928,3.456041834,       1067P   2658
11.54393175,4.924863601,3.455989459,11.543653653,4.58126393,        1067P   2659
3.455837436,11.542846506,4.3522019,3.45574289,11.542344604,         1067P   2660
3.665028426,3.455481612,11.540957173,3.206929688,3.455337289,       1067P   2661
11.540190142,1.832675816,3.455008171,11.538434507,0.916546251,      1067P   2662
3.454929615,11.538005175,-0.915716429,3.455076531,11.538744275,     1067P   2663
-1.831873147,3.455301777,11.539911806,-3.206194703,3.45583009,      1067P   2664
11.542678147,-3.664320839,3.456037413,11.543766404,                 1067P   2665
-4.351540654,3.456386455,11.545604408,-4.580619,3.45650914,         1067P   2666
11.546251318,-4.924244188,3.456701551,11.547267478,                 1067P   2667
-5.038787193,3.456767085,11.547613831,-5.181967541,3.456850634,     1067P   2668
11.548055736,-5.21060369,3.456867425,11.548144565,-5.253558033,     1067P   2669
3.456892733,11.548278471,-5.267876167,3.456901188,11.548323216,     1067P   2670
-5.28577386,3.456911783,11.548379284,-5.289353399,3.456913903,      1067P   2671
11.548390505,-5.293827825,3.456916555,11.548404539,-5.2947941,      1067P   2672
3.456914435,11.548378666,-5.296441092,3.456920795,11.548441642,     1067P   2673
-5.297004537,3.456933632,11.548577569,-5.298862731,3.456965861,     1067P   2674
11.548916398,-5.300101873,3.45698729,11.549140654,-5.306299286,     1067P   2675
3.457094155,11.550253782,-5.311262681,3.457178743,11.551118206,     1067P   2676
-5.355980541,3.457932066,11.558663722,-5.396065921,3.458545207,     1067P   2677
11.563706225,-5.436383751,3.4591096,11.56709739,5.466992943,        1067P   2678
3.5,12.017410417,5.4182248,3.5,12.017734471,5.369574109,3.5,        1067P   2679
12.016403112,5.315034255,3.5,12.013048098,5.308976835,3.5,          1067P   2680
12.012649491,5.29989486,3.5,12.012012831,5.296868222,3.5,           1067P   2681
12.011794152,5.292329324,3.5,12.011456443,5.290909133,3.5,          1067P   2682
12.01130348,5.287698705,3.5,12.011149437,5.28577543,3.5,            1067P   2683
12.011204901,5.269665447,3.5,12.01120472,5.255345472,3.5,           1067P   2684
12.011204556,5.212385567,3.5,12.011204055,5.183745668,3.5,          1067P   2685
12.011203709,5.0405462,3.5,12.011201925,4.925987293,3.5,            1067P   2686
12.011200321,4.582311698,3.5,12.01119504,4.353197134,3.5,           1067P   2687
12.011190895,3.665857738,3.5,12.011177136,3.207641314,3.5,          1067P   2688
12.011166203,1.833005986,3.5,12.0111325,0.916611419,3.5,            1067P   2689
12.011111706,-0.916193268,3.5,12.011084079,-1.832601857,3.5,        1067P   2690
12.011077189,-3.207271246,3.5,12.011065938,-3.665500866,3.5,        1067P   2691
12.011061426,-4.352863193,3.5,12.011051288,-4.581985705,3.5,        1067P   2692
12.011047349,-4.925673876,3.5,12.011040344,-5.040237031,3.5,        1067P   2693
12.011037826,-5.183441943,3.5,12.011034428,-5.212082929,3.5,        1067P   2694
12.011033735,-5.255044474,3.5,12.011032677,-5.269364996,3.5,        1067P   2695
12.011032322,-5.287265663,3.5,12.011031873,-5.290845797,3.5,        1067P   2696
12.011031783,-5.295320964,3.5,12.01103167,-5.29625177,3.5,          1067P   2697
12.011017225,-5.297970293,3.5,12.011046025,-5.29869925,3.5,         1067P   2698
12.011112926,-5.300970226,3.5,12.011278148,-5.302484382,3.5,        1067P   2699
12.011386679,-5.310055991,3.5,12.011921245,-5.316115989,3.5,        1067P   2700
12.012323023,-5.370678534,3.5,12.015706203,-5.419345479,3.5,        1067P   2701
12.01705988,-5.46812671,3.5,12.016754173,5.5,3.5,12.472044264,      1067P   2702
5.442726924,3.5,12.476202369,5.385446052,3.5,12.478702991,          1067P   2703
5.320996582,3.5,12.479679555,5.313835411,3.5,12.479762526,          1067P   2704
5.303093477,3.5,12.479848718,5.299512803,3.5,12.479871071,          1067P   2705
5.294141747,3.5,12.479895039,5.292351387,3.5,12.479901368,          1067P   2706
5.288770654,3.5,12.479911105,5.286980285,3.5,12.479915463,          1067P   2707
5.270866975,3.5,12.47995687,5.256544033,3.5,12.479993537,           1067P   2708
5.213575203,3.5,12.480103114,5.184929313,3.5,12.480175603,          1067P   2709
5.041699853,3.5,12.480535203,4.927116243,3.5,12.480813781,          1067P   2710
4.583365279,3.5,12.48162109,4.354197794,3.5,12.482121385,           1067P   2711
3.666694769,3.5,12.483499786,3.208358658,3.5,12.4842552,            1067P   2712
1.833347752,3.5,12.485966835,0.9166735,3.5,12.486360196,            1067P   2713
-0.916675642,3.5,12.485555369,-1.833350058,3.5,12.484357987,        1067P   2714
-3.208356619,3.5,12.481531756,-3.666691461,3.5,12.48041984,         1067P   2715
-4.354192865,3.5,12.478537033,-4.583359857,3.5,12.477873638,        1067P   2716
-4.92711015,3.5,12.476830004,-5.041693549,3.5,12.476474036,         1067P   2717
-5.184922759,3.5,12.4760195,-5.213568599,3.5,12.475928114,          1067P   2718
-5.256537357,3.5,12.475790328,-5.270860275,3.5,12.475744281,        1067P   2719
-5.288763923,3.5,12.475686575,-5.292344652,3.5,12.475675027,        1067P   2720
-5.296820564,3.5,12.475660583,-5.297715747,3.5,12.475657713,        1067P   2721
-5.299506111,3.5,12.475651894,-5.300401293,3.5,12.475648872,        1067P   2722
-5.303086832,3.5,12.475638232,-5.304877186,3.5,12.475629538,        1067P   2723
-5.313828919,3.5,12.475578064,-5.320990203,3.5,12.475511269,        1067P   2724
-5.385440841,3.5,12.474679339,-5.442723791,3.5,12.472300512,        1067P   2725
-5.5,3.5,12.46825717,0.,0.0110000320554102,0.,1.;                   1067P   2726
126,1,1,1,0,1,0,0.,0.,1.,1.,1.,1.,0.000209756,0.,0.,                1069P   2727
0.010799173,0.,0.,0.,1.,0.,0.,1.;                                   1069P   2728
126,18,3,1,0,1,0,-5.89635747928587E-08,-5.89635747928587E-08,       1071P   2729
-5.89635747928587E-08,-5.89635747928587E-08,0.,0.,0.,               1071P   2730
0.0025379494151953,0.0025379494151953,0.0025379494151953,           1071P   2731
0.00527907490230435,0.00527907490230435,0.00527907490230435,        1071P   2732
0.00664964183631991,0.00664964183631991,0.00664964183631991,        1071P   2733
0.0105838207788573,0.0105838207788573,0.0105838207788573,           1071P   2734
0.0105838807788573,0.0105838807788573,0.0105838807788573,           1071P   2735
0.0105838807788573,1.,1.,1.,1.,1.,1.,1.,1.,1.,1.,1.,1.,1.,1.,       1071P   2736
1.,1.,1.,1.,1.,5.287822818,3.456159674,11.544557572,                1071P   2737
5.287803169,3.456159248,11.544557513,5.287783509,3.456159655,       1071P   2738
11.544557471,5.287763855,3.456159646,11.544557421,4.441783591,      1071P   2739
3.45575164,11.542390366,3.595801864,3.45543051,11.54068741,         1071P   2740
2.74981944,3.455227816,11.539606175,1.836111827,3.455008896,        1071P   2741
11.538438383,0.922402881,3.454930052,11.538007583,0.008694571,      1071P   2742
3.455002413,11.538371407,-0.448161109,3.455038594,11.538553319,     1071P   2743
-0.905016747,3.455112237,11.538932318,-1.361872104,3.455220855,     1071P   2744
11.539496158,-2.673263653,3.455532641,11.541114648,                 1071P   2745
-3.984653491,3.456140429,11.544296832,-5.296039389,3.456917865,     1071P   2746
11.548411477,-5.296059389,3.456917877,11.54841154,-5.296079389,     1071P   2747
3.456917889,11.548411603,-5.296099389,3.456917901,11.548411666,     1071P   2748
-5.89635747928587E-08,0.0105838807788573,0.,0.,0.;                  1071P   2749
126,1,1,1,0,1,0,0.,0.,1.,1.,1.,1.,0.010799173,0.,0.,                1073P   2750
0.011000032,0.,0.,0.,1.,0.,0.,1.;                                   1073P   2751
126,6,3,1,0,1,0,-5.90410978707027E-08,-5.90410978707027E-08,        1075P   2752
-5.90410978707027E-08,-5.90410978707027E-08,0.,0.,0.,               1075P   2753
0.000141481349715464,0.000141481349715464,0.000141481349715464,     1075P   2754
0.000141481349715464,1.,1.,1.,1.,1.,1.,1.,-5.296099389,             1075P   2755
3.456917901,11.548411666,-5.296118747,3.45691788,11.548415213,      1075P   2756
-5.296138098,3.456918574,11.548418767,-5.296157453,3.45691891,      1075P   2757
11.548422317,-5.342537265,3.457725194,11.556929431,                 1075P   2758
-5.389393814,3.458451807,11.563145028,-5.436383751,3.4591096,       1075P   2759
11.56709739,-5.90410978707027E-08,0.000141481349715464,0.,0.,       1075P   2760
0.;                                                                 1075P   2761
126,1,1,1,0,1,0,0.,0.,1.,1.,1.,1.,0.011000032,0.,0.,                1077P   2762
0.011000032,1.,0.,0.,1.,0.,0.,1.;                                   1077P   2763
124,0.00636162487040046,-0.0701305600210929,0.99751753582588,       1079P   2764
-18.3581648717046,0.995910959997306,0.0903402443944227,0.,          1079P   2765
-0.435278131299656,-0.0901159779742323,0.9934386467185,             1079P   2766
0.0704185041012929,17.5519744760825;                                1079P   2767
100,12.46825717,-5.5,-6.5,4.5,-6.5,4.4591096,-5.596597556;          1081P   2768
126,1,1,1,0,1,0,0.,0.,1.,1.,1.,1.,0.011000032,1.,0.,0.,1.,0.,       1083P   2769
0.,1.,0.,0.,1.;                                                     1083P   2770
126,12,3,1,0,1,0,0.,0.,0.,0.,0.125,0.125,0.25,0.25,0.5,0.75,        1085P   2771
0.75,0.875,0.875,1.,1.,1.,1.,1.,1.,1.,1.,1.,1.,1.,1.,1.,1.,1.,      1085P   2772
1.,1.,-5.5,3.5,12.46825717,-5.041789969,3.5,12.500603935,           1085P   2773
-4.58336,3.5,12.47790943,-3.666691461,3.5,12.48041984,              1085P   2774
-3.208356619,3.5,12.481531756,-1.833350058,3.5,12.484357987,        1085P   2775
-1.226E-06,3.5,12.48675275,1.833347752,3.5,12.485966835,            1085P   2776
3.208358658,3.5,12.4842552,3.666694769,3.5,12.483499786,            1085P   2777
4.583365469,3.5,12.481661917,5.041815028,3.5,12.505309138,5.5,      1085P   2778
3.5,12.472044264,0.,1.,0.,-1.,0.;                                   1085P   2779
126,1,1,1,0,1,0,0.,0.,1.,1.,1.,1.,0.,1.,0.,0.,0.,0.,0.,1.,0.,       1087P   2780
0.,1.;                                                              1087P   2781
124,-4.38014127271727E-17,-0.072410821514977,                       1089P   2782
-0.997374890864777,17.4686334469105,1.,-6.04901474817726E-16,       1089P   2783
0.,-12.0000000003103,-6.03313542430272E-16,-0.997374890864777,      1089P   2784
0.072410821514977,5.08599650204686;                                 1089P   2785
100,12.472044264,5.5,-6.5,15.5,-6.5,15.458529887,-5.590229431;      1091P   2786
126,1,1,1,0,1,0,0.,0.,1.,1.,1.,1.,0.,0.,0.,0.000209756,0.,0.,       1093P   2787
0.,1.,0.,0.,1.;                                                     1093P   2788
126,6,3,1,0,1,0,0.,0.,0.,0.,0.000147633945853712,                   1095P   2789
0.000147633945853712,0.000147633945853712,0.000147693945853669,     1095P   2790
0.000147693945853669,0.000147693945853669,0.000147693945853669,     1095P   2791
1.,1.,1.,1.,1.,1.,1.,5.434122766,3.458529887,11.564661941,          1095P   2792
5.385097748,3.457821172,11.560443067,5.336219592,3.457035833,       1095P   2793
11.553757961,5.287881753,3.456160741,11.544568777,5.287862108,      1095P   2794
3.456160385,11.544565042,5.287842463,3.45616003,11.544561307,       1095P   2795
5.287822818,3.456159674,11.544557572,0.,0.000147693945853669,       1095P   2796
0.,0.,0.;                                                           1095P   2797
102,6,1069,1073,1077,1083,1087,1093;                                1097P   2798
102,6,1071,1075,1081,1085,1091,1095;                                1099P   2799
142,1,1067,1097,1099,1;                                             1101P   2800
144,1067,1,0,1101;                                                  1103P   2801
128,27,2,3,2,0,0,0,0,0,0.,0.,0.,0.,0.000486924715884959,            1105P   2802
0.000486924715884959,0.000730387073827438,0.000730387073827438,     1105P   2803
0.000973849431769918,0.000973849431769918,0.0012173117897124,       1105P   2804
0.0012173117897124,0.00146077414765488,0.00146077414765488,         1105P   2805
0.00170423650559736,0.00170423650559736,0.00194769886353984,        1105P   2806
0.00194769886353984,0.00219116122148231,0.00219116122148231,        1105P   2807
0.00243462357942479,0.00243462357942479,0.00292154829530975,        1105P   2808
0.00292154829530975,0.00316501065325223,0.00316501065325223,        1105P   2809
0.00340847301119471,0.00340847301119471,0.00389539772707967,        1105P   2810
0.00389539772707967,0.00389539772707967,0.00389539772707967,0.,     1105P   2811
0.,0.,1.,1.,1.,1.,1.,1.,1.,1.,1.,1.,1.,1.,1.,1.,1.,1.,1.,1.,1.,     1105P   2812
1.,1.,1.,1.,1.,1.,1.,1.,1.,1.,1.,1.,0.998298827572578,              1105P   2813
0.998414194116217,0.998514373824375,0.998645114449013,              1105P   2814
0.998685575494088,0.998759371999819,0.998792862618015,              1105P   2815
0.998854176847942,0.998881870011691,0.998931771056932,              1105P   2816
0.998954091870729,0.998994276875679,0.999012139485994,              1105P   2817
0.999043831602725,0.999057748349209,0.999080928773428,              1105P   2818
0.999090314104695,0.999105005294632,0.999110377185856,              1105P   2819
0.999121269338877,0.999121799299572,0.999111186432249,              1105P   2820
0.999105597944677,0.999090718701104,0.999081413197582,              1105P   2821
0.999047680878297,0.999017556414587,0.998977216956788,1.,1.,1.,     1105P   2822
1.,1.,1.,1.,1.,1.,1.,1.,1.,1.,1.,1.,1.,1.,1.,1.,1.,1.,1.,1.,1.,     1105P   2823
1.,1.,1.,1.,-7.018487062,3.432010983,-9.766291101,-7.033697079,     1105P   2824
3.436617625,-9.887842087,-7.038764329,3.440618943,                  1105P   2825
-10.007595556,-7.029731406,3.445841254,-10.183621657,               1105P   2826
-7.024034459,3.447457547,-10.241617944,-7.006098913,                1105P   2827
3.450405636,-10.356799768,-6.993939801,3.45174363,-10.41393548,     1105P   2828
-6.963291833,3.454193313,-10.526896185,-6.944836075,                1105P   2829
3.455299792,-10.582503309,-6.90247621,3.457293652,                  1105P   2830
-10.690189521,-6.878520286,3.458185545,-10.742475775,               1105P   2831
-6.825381208,3.459791296,-10.843531745,-6.796198327,                1105P   2832
3.460505092,-10.892302273,-6.732794028,3.461771544,                 1105P   2833
-10.985857143,-6.698772422,3.462327688,-11.030494871,               1105P   2834
-6.624275017,3.463254042,-11.116255792,-6.583761204,                1105P   2835
3.463629114,-11.157432127,-6.498709605,3.464216231,                 1105P   2836
-11.234172447,-6.454014886,3.464430916,-11.269951059,               1105P   2837
-6.314488906,3.464866216,-11.369153076,-6.21424135,3.464887396,     1105P   2838
-11.424549965,-6.056509526,3.464463257,-11.488442678,               1105P   2839
-6.002387998,3.464239916,-11.506558867,-5.892368398,                1105P   2840
3.463645283,-11.536256792,-5.836512138,3.463273401,                 1105P   2841
-11.547842015,-5.667163877,3.461925363,-11.572914677,               1105P   2842
-5.55187144,3.460726265,-11.576811149,-5.436383752,3.4591096,       1105P   2843
-11.56709739,-7.586747727,3.5,-9.882746955,-7.578110014,3.5,        1105P   2844
-10.023778665,-7.559565377,3.5,-10.162225982,-7.515360886,3.5,      1105P   2845
-10.365225317,-7.497932278,3.5,-10.432068907,-7.456948944,3.5,      1105P   2846
-10.564332754,-7.433441266,3.5,-10.629731486,-7.380271263,3.5,      1105P   2847
-10.758805012,-7.350683127,3.5,-10.822232439,-7.286383194,3.5,      1105P   2848
-10.94505909,-7.251578262,3.5,-11.004695928,-7.176768393,3.5,       1105P   2849
-11.120169714,-7.136763785,3.5,-11.176008013,-7.051529203,3.5,      1105P   2850
-11.28355347,-7.006390884,3.5,-11.335181284,-6.910027098,3.5,       1105P   2851
-11.434420093,-6.858686147,3.5,-11.482134056,-6.752408444,3.5,      1105P   2852
-11.571438068,-6.697262421,3.5,-11.613276035,-6.526407341,3.5,      1105P   2853
-11.730278165,-6.405323706,3.5,-11.797041974,-6.214381242,3.5,      1105P   2854
-11.878275513,-6.148838637,3.5,-11.902225876,-6.016315364,3.5,      1105P   2855
-11.943170025,-5.94924073,3.5,-11.960238757,-5.746008533,3.5,       1105P   2856
-12.001514344,-5.607839977,3.5,-12.015878601,-5.46812671,3.5,       1105P   2857
-12.016754173,-8.158898387,3.5,-10.,-8.12598093,3.5,                1105P   2858
-10.160624797,-8.083463991,3.5,-10.31781011,-8.003631428,3.5,       1105P   2859
-10.547825374,-7.97432998,3.5,-10.623532,-7.910042839,3.5,          1105P   2860
-10.772906283,-7.875070854,3.5,-10.846578859,-7.799166493,3.5,      1105P   2861
-10.991785988,-7.758349753,3.5,-11.063041809,-7.67193402,3.5,       1105P   2862
-11.201025617,-7.626200322,3.5,-11.268020053,-7.529571777,3.5,      1105P   2863
-11.397927408,-7.478677583,3.5,-11.460840843,-7.371485477,3.5,      1105P   2864
-11.582394366,-7.315170967,3.5,-11.641021329,-7.196831443,3.5,      1105P   2865
-11.753759299,-7.13461357,3.5,-11.808022109,-7.007017277,3.5,       1105P   2866
-11.909915729,-6.941377685,3.5,-11.957826915,-6.739070682,3.5,      1105P   2867
-12.092677978,-6.597081802,3.5,-12.170845409,-6.372816593,3.5,      1105P   2868
-12.269498353,-6.295816191,3.5,-12.299312397,-6.140715905,3.5,      1105P   2869
-12.351567504,-6.0623869,3.5,-12.374155121,-5.825162689,3.5,        1105P   2870
-12.431749902,-5.664042882,3.5,-12.456676766,-5.5,3.5,              1105P   2871
-12.46825717,0.,0.00389539772707967,0.,1.;                          1105P   2872
126,1,1,1,0,1,0,0.,0.,1.,1.,1.,1.,0.003895398,0.,0.,                1107P   2873
0.003895398,1.,0.,0.,1.,0.,0.,1.;                                   1107P   2874
124,0.00636162487495266,-0.0701305600726813,-0.997517535822224,     1109P   2875
-18.3581648721113,0.995910959997458,0.0903402443927523,             1109P   2876
-8.83329796040061E-15,-0.435278131156621,0.0901159779722364,        1109P   2877
-0.99343864671501,0.0704185041530816,-17.5519744754011;             1109P   2878
100,-12.46825717,-5.5,-6.5,4.5,-6.5,4.4591096,-5.596597556;         1111P   2879
126,1,1,1,0,1,0,0.,0.,1.,1.,1.,1.,0.003895398,1.,0.,0.,1.,0.,       1113P   2880
0.,1.,0.,0.,1.;                                                     1113P   2881
126,5,3,1,0,1,0,0.,0.,0.,0.,0.5,0.5,1.,1.,1.,1.,1.,1.,1.,1.,1.,     1115P   2882
1.,-5.5,3.5,-12.46825717,-6.156197988,3.5,-12.421933693,            1115P   2883
-6.782643112,3.5,-12.148342193,-7.729359298,3.5,-11.246438435,      1115P   2884
-8.027227059,3.5,-10.642506446,-8.158898387,3.5,-10.,0.,1.,0.,      1115P   2885
-1.,0.;                                                             1115P   2886
126,1,1,1,0,1,0,0.,0.,1.,1.,1.,1.,0.,1.,0.,0.,0.,0.,0.,1.,0.,       1117P   2887
0.,1.;                                                              1117P   2888
124,-7.75775610054E-15,0.979640159972859,0.200761442932529,         1119P   2889
0.216377081843853,1.,6.42084816117767E-15,7.31034485170397E-15,     1119P   2890
1.65889838736438,5.87244865829133E-15,0.200761442932529,            1119P   2891
-0.979640159972859,-18.4914522212519;                               1119P   2892
100,-10.,-8.158898387,-6.5,1.841101613,-6.5,1.773112595,            1121P   2893
-5.335887531;                                                       1121P   2894
126,1,1,1,0,1,0,0.,0.,1.,1.,1.,1.,0.,0.,0.,0.003895398,0.,0.,       1123P   2895
0.,1.,0.,0.,1.;                                                     1123P   2896
126,5,3,1,0,1,0,0.,0.,0.,0.,0.5,0.5,1.,1.,1.,1.,1.,1.,1.,1.,1.,     1125P   2897
1.,-7.018487062,3.432010983,-9.766291101,-7.075944591,              1125P   2898
3.449413088,-10.225463535,-6.970064334,3.458753095,                 1125P   2899
-10.709745767,-6.373964366,3.466560851,-11.412561789,               1125P   2900
-5.900502257,3.465606606,-11.606134775,-5.436383752,3.4591096,      1125P   2901
-11.56709739,0.,1.,0.054037796,0.998055605,0.031063255;             1125P   2902
102,4,1107,1113,1117,1123;                                          1127P   2903
102,4,1111,1115,1121,1125;                                          1129P   2904
142,1,1105,1127,1129,1;                                             1131P   2905
144,1105,1,0,1131;                                                  1133P   2906
128,29,2,3,2,0,0,0,0,0,-2.81892564846231E-17,                       1135P   2907
-2.81892564846231E-17,-2.81892564846231E-17,                        1135P   2908
-2.81892564846231E-17,0.000486376850475305,                         1135P   2909
0.000486376850475305,0.000729565275712971,0.000729565275712971,     1135P   2910
0.000972753700950638,0.000972753700950638,0.00145913055142597,      1135P   2911
0.00145913055142597,0.00170231897666364,0.00170231897666364,        1135P   2912
0.00182391318928247,0.00182391318928247,0.0019455074019013,         1135P   2913
0.0019455074019013,0.00218869582713897,0.00218869582713897,         1135P   2914
0.00243188425237664,0.00243188425237664,0.0026750726776143,         1135P   2915
0.0026750726776143,0.00291826110285197,0.00291826110285197,         1135P   2916
0.00316144952808964,0.00316144952808964,0.0034046379533273,         1135P   2917
0.0034046379533273,0.00389101480380264,0.00389101480380264,         1135P   2918
0.00389101480380264,0.00389101480380264,0.,0.,0.,1.,1.,1.,1.,       1135P   2919
1.,1.,1.,1.,1.,1.,1.,1.,1.,1.,1.,1.,1.,1.,1.,1.,1.,1.,1.,1.,1.,     1135P   2920
1.,1.,1.,1.,1.,1.,1.,1.,0.99897721695675,0.999017531118679,         1135P   2921
0.99904758376545,0.999081239537195,0.99909052436484,                1135P   2922
0.999105390131134,0.999110999514025,0.999121809127945,              1135P   2923
0.999121292010847,0.999110454995474,0.999105105703992,              1135P   2924
0.99909415335609,0.999090011043513,0.999080645072105,               1135P   2925
0.999075406182308,0.999058005696826,0.999044064989941,              1135P   2926
0.999012310548107,0.99899441094307,0.998954146634005,               1135P   2927
0.998931783429211,0.998881797603116,0.998854048647619,              1135P   2928
0.998792763581788,0.99875928770045,0.998685519298549,               1135P   2929
0.998645072051627,0.998514366259661,0.998414200899996,              1135P   2930
0.998298827572696,1.,1.,1.,1.,1.,1.,1.,1.,1.,1.,1.,1.,1.,1.,1.,     1135P   2931
1.,1.,1.,1.,1.,1.,1.,1.,1.,1.,1.,1.,1.,1.,1.,-5.436383751,          1135P   2932
3.4591096,11.56709739,-5.551802737,3.460725303,11.57680537,         1135P   2933
-5.666837976,3.461921483,11.57290463,-5.83556028,3.463266461,       1135P   2934
11.548011803,-5.891167994,3.463637516,11.53651741,-6.000621167,     1135P   2935
3.464231611,11.507097508,-6.054388581,3.464455787,11.489214923,     1135P   2936
-6.213106064,3.464887789,11.425179275,-6.313663037,3.464867122,     1135P   2937
11.36965211,-6.453282605,3.464434025,11.270515243,-6.497946982,     1135P   2938
3.464220244,11.234800233,-6.561622655,3.463782545,11.177436558,     1135P   2939
-6.582293576,3.463617003,11.157682208,-6.622430782,3.463242707,     1135P   2940
11.116928362,-6.641942391,3.463033344,11.095874584,                 1135P   2941
-6.698102209,3.462337972,11.031348825,-6.732270494,3.461780871,     1135P   2942
10.986580456,-6.79591199,3.460511928,10.892773325,-6.825186335,     1135P   2943
3.459796654,10.843881119,-6.878465375,3.458187734,10.742601323,     1135P   2944
-6.902469745,3.457294146,10.690212886,-6.9448935,3.455296899,       1135P   2945
10.58235039,-6.963367222,3.454188191,10.526648706,-6.993977955,     1135P   2946
3.451739673,10.413764358,-7.0061245,3.450402268,10.356662013,       1135P   2947
-7.024043008,3.447455302,10.241536425,-7.029735748,3.445839561,     1135P   2948
10.183562794,-7.038762025,3.440618641,10.007588934,                 1135P   2949
-7.033697991,3.436617901,9.887849379,-7.018487062,3.432010983,      1135P   2950
9.766291101,-5.46812671,3.5,12.016754173,-5.60775606,3.5,           1135P   2951
12.015879127,-5.745618172,3.5,12.001533026,-5.948098077,3.5,        1135P   2952
11.960500824,-6.014873148,3.5,11.943549253,-6.146706799,3.5,        1135P   2953
11.902949106,-6.211811973,3.5,11.879278914,-6.403952754,3.5,        1135P   2954
11.797800051,-6.525405154,3.5,11.730874692,-6.6963612,3.5,          1135P   2955
11.613937531,-6.751464801,3.5,11.57217131,-6.831017728,3.5,         1135P   2956
11.505412502,-6.857017591,3.5,11.482473053,-6.907923225,3.5,        1135P   2957
11.435216618,-6.932888056,3.5,11.410836795,-7.005507918,3.5,        1135P   2958
11.336168437,-7.050832082,3.5,11.284386888,-7.136372286,3.5,        1135P   2959
11.176547587,-7.176497456,3.5,11.120569272,-7.251497571,3.5,        1135P   2960
11.004839042,-7.286372128,3.5,10.945085737,-7.350771552,3.5,        1135P   2961
10.822058013,-7.380396105,3.5,10.758522509,-7.433513424,3.5,        1135P   2962
10.629535681,-7.457001992,3.5,10.564174837,-7.497957242,3.5,        1135P   2963
10.431975035,-7.515377027,3.5,10.365157479,-7.559564317,3.5,        1135P   2964
10.162218271,-7.578109498,3.5,10.023787089,-7.586747727,3.5,        1135P   2965
9.882746955,-5.5,3.5,12.46825717,-5.663943628,3.5,12.456683772,     1135P   2966
-5.824707604,3.5,12.431797608,-6.061052817,3.5,12.374510099,        1135P   2967
-6.139031083,3.5,12.352066096,-6.293318149,3.5,12.300221214,        1135P   2968
-6.369797534,3.5,12.270734023,-6.595474408,3.5,12.171732669,        1135P   2969
-6.737891546,3.5,12.093372301,-6.940306849,3.5,11.958585962,        1135P   2970
-7.00589187,3.5,11.910754662,-7.101391756,3.5,11.834580817,         1135P   2971
-7.132744444,3.5,11.808450183,-7.194468591,3.5,11.754679415,        1135P   2972
-7.22491283,3.5,11.726968005,-7.314074117,3.5,11.642141875,         1135P   2973
-7.370613792,3.5,11.583338042,-7.478180259,3.5,11.461449026,        1135P   2974
-7.529224269,3.5,11.398377216,-7.626093651,3.5,11.268180761,        1135P   2975
-7.671918306,3.5,11.201055559,-7.758469427,3.5,11.062845863,        1135P   2976
-7.799341236,3.5,10.991468415,-7.875177361,3.5,10.846358331,        1135P   2977
-7.91012364,3.5,10.772728169,-7.974371556,3.5,10.623425747,         1135P   2978
-8.003659516,3.5,10.547748539,-8.083464208,3.5,10.317801292,        1135P   2979
-8.125978969,3.5,10.160634364,-8.158898387,3.5,10.,                 1135P   2980
-2.81892564846231E-17,0.00389101480380264,0.,1.;                    1135P   2981
126,1,1,1,0,1,0,0.,0.,1.,1.,1.,1.,0.,1.,0.,0.,0.,0.,0.,1.,0.,       1137P   2982
0.,1.;                                                              1137P   2983
124,7.3868354830504E-17,0.0704185041012999,-0.99751753582588,       1139P   2984
7.39502544471006,1.,-1.04899068466779E-15,0.,                       1139P   2985
-0.999999999847972,-1.04638660287412E-15,-0.99751753582588,         1139P   2986
-0.0704185041012999,6.86238920573113;                               1139P   2987
100,12.46825717,-5.5,-6.5,4.5,-6.5,4.4591096,-5.596597556;          1141P   2988
126,1,1,1,0,1,0,0.,0.,1.,1.,1.,1.,0.,0.,0.,0.003891015,0.,0.,       1143P   2989
0.,1.,0.,0.,1.;                                                     1143P   2990
126,24,3,1,0,1,0,0.,0.,0.,0.,0.00017519401431943,                   1145P   2991
0.00017519401431943,0.00017519401431943,0.000673430288795297,       1145P   2992
0.000673430288795297,0.000673430288795297,0.000852209886729481,     1145P   2993
0.000852209886729481,0.000852209886729481,0.00134779127379588,      1145P   2994
0.00134779127379588,0.00134779127379588,0.00149992449679533,        1145P   2995
0.00149992449679533,0.00149992449679533,0.00201788709521837,        1145P   2996
0.00201788709521837,0.00201788709521837,0.00219183033427905,        1145P   2997
0.00219183033427905,0.00219183033427905,0.00278204084819632,        1145P   2998
0.00278204084819632,0.00278204084819632,0.00278204084819632,1.,     1145P   2999
1.,1.,1.,1.,1.,1.,1.,1.,1.,1.,1.,1.,1.,1.,1.,1.,1.,1.,1.,1.,1.,     1145P   3000
1.,1.,1.,-5.436383751,3.4591096,11.56709739,-5.494570613,           1145P   3001
3.459924134,11.571991534,-5.553148855,3.460635927,11.573430966,     1145P   3002
-5.611510262,3.461258454,11.571459782,-5.775453257,3.463007194,     1145P   3003
11.56592253,-5.940971803,3.464107331,11.53303129,-6.093738811,      1145P   3004
3.464561204,11.473256213,-6.149266541,3.464726178,11.451529177,     1145P   3005
-6.203490764,3.464802881,11.426172066,-6.255877241,3.46480322,      1145P   3006
11.397692652,-6.399366939,3.46480415,11.319685832,-6.531956741,     1145P   3007
3.464264125,11.216641484,-6.64170584,3.463025687,11.095695385,      1145P   3008
-6.675835486,3.462640559,11.058083709,-6.707864484,3.462174483,     1145P   3009
11.018471776,-6.737670212,3.46164419,10.977350534,-6.837871201,     1145P   3010
3.459861451,10.839109019,-6.91498281,3.457366003,10.681570758,      1145P   3011
-6.964817563,3.453983381,10.518294342,-6.981753387,3.452833832,     1145P   3012
10.462806544,-6.995675165,3.451572324,10.406309606,                 1145P   3013
-7.006438368,3.45018298,10.349307303,-7.042511204,3.4455266,        1145P   3014
10.158264288,-7.042616841,3.439319145,9.959124474,-7.018487062,     1145P   3015
3.432010983,9.766291101,0.,0.00278204084819632,0.011903501,         1145P   3016
0.999620431,-0.024845547;                                           1145P   3017
126,1,1,1,0,1,0,0.,0.,1.,1.,1.,1.,0.003891015,0.,0.,                1147P   3018
0.003891015,1.,0.,0.,1.,0.,0.,1.;                                   1147P   3019
124,0.114041132526743,-0.972979682780945,0.200761442980242,         1149P   3020
-15.5604307430323,0.993201098266136,0.116411246891961,0.,           1149P   3021
2.36009994372669,-0.0233708899051593,0.19939648565747,              1149P   3022
0.979640159963081,1.30899484119477;                                 1149P   3023
100,10.,-8.158898387,-6.5,1.841101613,-6.5,1.773112595,             1151P   3024
-5.335887531;                                                       1151P   3025
126,1,1,1,0,1,0,0.,0.,1.,1.,1.,1.,0.003891015,1.,0.,0.,1.,0.,       1153P   3026
0.,1.,0.,0.,1.;                                                     1153P   3027
126,5,3,1,0,1,0,0.,0.,0.,0.,0.5,0.5,1.,1.,1.,1.,1.,1.,1.,1.,1.,     1155P   3028
1.,-8.158898387,3.5,10.,-8.027219205,3.5,10.642544772,              1155P   3029
-7.730160118,3.5,11.246286603,-6.7791064,3.5,12.151098654,          1155P   3030
-6.155804133,3.5,12.421961497,-5.5,3.5,12.46825717,0.,1.,0.,        1155P   3031
-1.,0.;                                                             1155P   3032
102,4,1137,1143,1147,1153;                                          1157P   3033
102,4,1141,1145,1151,1155;                                          1159P   3034
142,1,1135,1157,1159,1;                                             1161P   3035
144,1135,1,0,1161;                                                  1163P   3036
128,61,2,3,2,0,0,0,0,0,-7.60955426275245E-15,                       1165P   3037
-7.60955426275245E-15,-7.60955426275245E-15,                        1165P   3038
-7.60955426275245E-15,0.000625073879312245,                         1165P   3039
0.000625073879312245,0.000781342349142208,0.000781342349142208,     1165P   3040
0.000820409466599699,0.000820409466599699,0.000839943025328445,     1165P   3041
0.000839943025328445,0.000844826415010631,0.000844826415010631,     1165P   3042
0.000847268109851724,0.000847268109851724,0.000849709804692817,     1165P   3043
0.000849709804692817,0.00085215149953391,0.00085215149953391,       1165P   3044
0.000854593194375004,0.000854593194375004,0.00085947658405719,      1165P   3045
0.00085947658405719,0.000937610818972172,0.000937610818972172,      1165P   3046
0.0012501477586321,0.0012501477586321,0.00250029551727181,          1165P   3047
0.00250029551727181,0.00500059103455122,0.00500059103455122,        1165P   3048
0.00750088655183064,0.00750088655183064,0.0100011820691101,         1165P   3049
0.0100011820691101,0.0125014775863895,0.0125014775863895,           1165P   3050
0.0150017731036689,0.0150017731036689,0.0175020686209483,           1165P   3051
0.0175020686209483,0.018752216379588,0.018752216379588,             1165P   3052
0.0190647533192479,0.0190647533192479,0.0191428875541629,           1165P   3053
0.0191428875541629,0.0191477709438451,0.0191477709438451,           1165P   3054
0.0191526543335273,0.0191526543335273,0.0191575377232095,           1165P   3055
0.0191575377232095,0.0191624211128917,0.0191624211128917,           1165P   3056
0.0191819546716204,0.0191819546716204,0.0192210217890779,           1165P   3057
0.0192210217890779,0.0193772902589079,0.0193772902589079,           1165P   3058
0.0200023641382277,0.0200023641382277,0.0200023641382277,           1165P   3059
0.0200023641382277,0.,0.,0.,1.,1.,1.,1.,1.,1.,1.,1.,1.,1.,1.,       1165P   3060
1.,1.,1.,1.,1.,1.,1.,1.,1.,1.,1.,1.,1.,1.,1.,1.,1.,1.,1.,1.,1.,     1165P   3061
1.,1.,1.,1.,1.,1.,1.,1.,1.,1.,1.,1.,1.,1.,1.,1.,1.,1.,1.,1.,1.,     1165P   3062
1.,1.,1.,1.,1.,1.,1.,1.,1.,1.,1.,1.,0.998298827572696,              1165P   3063
0.99815010196113,0.997979529316085,0.997738094756771,               1165P   3064
0.997688404566734,0.99762455437206,0.997611697525521,               1165P   3065
0.99759228255595,0.997585789283453,0.997577645732732,               1165P   3066
0.997576015674559,0.997573568566519,0.997572752527017,              1165P   3067
0.997571119774637,0.997570022509023,0.997569251784963,              1165P   3068
0.997569483475402,0.997569329801611,0.997569252963983,              1165P   3069
0.997569022448916,0.997568868769288,0.997566256166564,              1165P   3070
0.99756379650713,0.997551495090504,0.997541643923702,               1165P   3071
0.997492376828804,0.99745291281087,0.997336196084396,               1165P   3072
0.997260419304799,0.997127346572886,0.997070646123947,              1165P   3073
0.996991991080346,0.996970171727392,0.996970163445687,              1165P   3074
0.996991982987164,0.99707063135309,0.997127329579214,               1165P   3075
0.997260393491385,0.997336165277949,0.997452877237523,              1165P   3076
0.99749233994028,0.997541605677766,0.997551456587293,               1165P   3077
0.997563757699056,0.997566217298349,0.997568829838049,              1165P   3078
0.997568983513973,0.997569290859995,0.997569132832992,              1165P   3079
0.99757006356152,0.997572339021984,0.997575602214413,               1165P   3080
0.997577232467911,0.997585377017519,0.997591871160388,              1165P   3081
0.99761128895188,0.997624147960784,0.9976880103326,                 1165P   3082
0.997737714635684,0.997979238898234,0.998149944554419,              1165P   3083
0.998298827572578,1.,1.,1.,1.,1.,1.,1.,1.,1.,1.,1.,1.,1.,1.,1.,     1165P   3084
1.,1.,1.,1.,1.,1.,1.,1.,1.,1.,1.,1.,1.,1.,1.,1.,1.,1.,1.,1.,1.,     1165P   3085
1.,1.,1.,1.,1.,1.,1.,1.,1.,1.,1.,1.,1.,1.,1.,1.,1.,1.,1.,1.,1.,     1165P   3086
1.,1.,1.,1.,1.,-7.018487062,3.432010983,9.766291101,                1165P   3087
-6.998865745,3.426068295,9.609487197,-6.962932752,3.419262072,      1165P   3088
9.453688883,-6.902271469,3.409626068,9.260113244,-6.889348181,      1165P   3089
3.407643,9.221454984,-6.872270068,3.405095026,9.173195546,          1165P   3090
-6.868808237,3.404581977,9.163546817,-6.863547367,3.403807243,      1165P   3091
9.149078285,-6.86178239,3.403548139,9.144256201,-6.8595621,         1165P   3092
3.403223185,9.138229527,-6.859117338,3.403158141,9.137024239,       1165P   3093
-6.858449143,3.403060494,9.135216376,-6.858226236,3.403027932,      1165P   3094
9.134613766,-6.857780071,3.40296278,9.133408571,-6.857475859,       1165P   3095
3.402918995,9.132886048,-6.857278102,3.402888244,9.131434487,       1165P   3096
-6.857357208,3.402897487,9.130532539,-6.857337437,3.402891355,      1165P   3097
9.128904812,-6.857327551,3.402888289,9.128090949,-6.857297893,      1165P   3098
3.402879091,9.12564936,-6.857278121,3.402872959,9.124021635,        1165P   3099
-6.856941999,3.402768709,9.096350335,-6.856625643,3.402670562,      1165P   3100
9.070307089,-6.855043894,3.402179705,8.940092533,-6.853778595,      1165P   3101
3.401786625,8.835926249,-6.847457064,3.399820806,8.315123388,       1165P   3102
-6.842414021,3.398246235,7.898572446,-6.827537663,3.393589639,      1165P   3103
6.649263622,-6.817930901,3.39056679,5.816848515,-6.801043357,       1165P   3104
3.385258817,4.153295051,-6.793850139,3.382997436,3.322140504,       1165P   3105
-6.783886241,3.379860575,1.660628866,-6.781120467,3.378990384,      1165P   3106
0.830308679,-6.781119942,3.378990219,-0.830067588,-6.783885216,     1165P   3107
3.379860252,-1.660387815,-6.793848268,3.382996847,-3.321898554,     1165P   3108
-6.801041198,3.385258139,-4.153057299,-6.817927627,3.39056576,      1165P   3109
-5.816551124,-6.827533751,3.39358841,-6.648926852,-6.84240948,      1165P   3110
3.398244816,-7.898195188,-6.847452344,3.399819334,-8.314733736,     1165P   3111
-6.853773684,3.401785099,-8.835521876,-6.855038947,3.402178169,     1165P   3112
-8.939685256,-6.856620652,3.402669013,-9.069896221,-6.856937,       1165P   3113
3.402767158,-9.095938751,-6.857273113,3.402871405,-9.123609291,     1165P   3114
-6.857292884,3.402877537,-9.125236971,-6.857332426,3.402889801,     1165P   3115
-9.128492334,-6.857262285,3.402883496,-9.130209,-6.857481653,       1165P   3116
3.402920634,-9.133286402,-6.858113346,3.403011432,-9.134308217,     1165P   3117
-6.85900449,3.403141643,-9.136718631,-6.859449361,3.403206695,      1165P   3118
-9.137923887,-6.861670208,3.403531688,-9.143950418,                 1165P   3119
-6.863435652,3.403790827,-9.148772438,-6.868697983,3.404565674,     1165P   3120
-9.163240934,-6.872160872,3.405078809,-9.172889844,                 1165P   3121
-6.889244666,3.407627267,-9.221151235,-6.90217376,3.409610898,      1165P   3122
-9.259814401,-6.962868553,3.419250478,-9.453432433,                 1165P   3123
-6.998844997,3.426062011,-9.609321391,-7.018487062,3.432010983,     1165P   3124
-9.766291101,-7.586747727,3.5,9.882746955,-7.597892039,3.5,         1165P   3125
9.700788835,-7.592350238,3.5,9.519109263,-7.569213277,3.5,          1165P   3126
9.292432395,-7.563768219,3.5,9.247108107,-7.5560012,3.5,            1165P   3127
9.19047455,-7.554399665,3.5,9.179148369,-7.551926362,3.5,           1165P   3128
9.162160594,-7.551090086,3.5,9.156498196,-7.550030062,3.5,          1165P   3129
9.149420513,-7.549817322,3.5,9.148004984,-7.549497113,3.5,          1165P   3130
9.145881712,-7.549390194,3.5,9.145173958,-7.549175988,3.5,          1165P   3131
9.143758457,-7.54902761,3.5,9.14309093,-7.548939097,3.5,            1165P   3132
9.141551655,-7.548985104,3.5,9.140693516,-7.548986853,3.5,          1165P   3133
9.13906574,-7.548987728,3.5,9.138251852,-7.548990351,3.5,           1165P   3134
9.135810188,-7.5489921,3.5,9.134182413,-7.549021808,3.5,            1165P   3135
9.106510184,-7.549049595,3.5,9.080465953,-7.549187645,3.5,          1165P   3136
8.950244653,-7.549295258,3.5,8.846070991,-7.549818554,3.5,          1165P   3137
8.325201098,-7.550189582,3.5,7.908562038,-7.55114104,3.5,           1165P   3138
6.658759779,-7.551552219,3.5,5.825814879,-7.551961852,3.5,          1165P   3139
4.160519265,-7.551977498,3.5,3.32819786,-7.551943103,3.5,           1165P   3140
1.663897954,-7.551891425,3.5,0.831992047,-7.551891417,3.5,          1165P   3141
-0.831750475,-7.55194309,3.5,-1.663656459,-7.551977502,3.5,         1165P   3142
-3.327955548,-7.551961869,3.5,-4.160281199,-7.551552334,3.5,        1165P   3143
-5.825517253,-7.551141234,3.5,-6.658422824,-7.550189901,3.5,        1165P   3144
-7.908184682,-7.549818915,3.5,-8.324811378,-7.549295672,3.5,        1165P   3145
-8.845666587,-7.549188069,3.5,-8.94983735,-7.549050032,3.5,         1165P   3146
-9.080055068,-7.549022248,3.5,-9.106098584,-7.548992542,3.5,        1165P   3147
-9.133770057,-7.548990794,3.5,-9.135397787,-7.548987297,3.5,        1165P   3148
-9.138653249,-7.548939942,3.5,-9.140325683,-7.549027652,3.5,        1165P   3149
-9.143491743,-7.549336118,3.5,-9.144815102,-7.549763302,3.5,        1165P   3150
-9.147646064,-7.549976162,3.5,-9.149061563,-7.551036788,3.5,        1165P   3151
-9.156139111,-7.551873558,3.5,-9.161801463,-7.554348371,3.5,        1165P   3152
-9.178789279,-7.555950957,3.5,-9.190115729,-7.563723412,3.5,        1165P   3153
-9.246751867,-7.569173417,3.5,-9.292082154,-7.592336042,3.5,        1165P   3154
-9.518809868,-7.597903813,3.5,-9.70059659,-7.586747727,3.5,         1165P   3155
-9.882746955,-8.158898387,3.5,10.,-8.201351984,3.5,9.792842414,     1165P   3156
-8.226874132,3.5,9.585153382,-8.242236422,3.5,9.325051999,          1165P   3157
-8.244474125,3.5,9.273006416,-8.246283394,3.5,9.207919489,          1165P   3158
-8.246595835,3.5,9.194900606,-8.246991365,3.5,9.175370064,          1165P   3159
-8.247111019,3.5,9.168859514,-8.247245452,3.5,9.160720867,          1165P   3160
-8.247271582,3.5,9.159093115,-8.247309643,3.5,9.156651452,          1165P   3161
-8.247322142,3.5,9.155837559,-8.247346761,3.5,9.154209761,          1165P   3162
-8.247358832,3.5,9.153395854,-8.247382801,3.5,9.151768037,          1165P   3163
-8.247394732,3.5,9.150954126,-8.247418647,3.5,9.149326307,          1165P   3164
-8.247430603,3.5,9.148512397,-8.247466473,3.5,9.146070668,          1165P   3165
-8.247490385,3.5,9.144442848,-8.247896866,3.5,9.116769916,          1165P   3166
-8.248279104,3.5,9.090724794,-8.25018855,3.5,8.960499128,           1165P   3167
-8.25171052,3.5,8.856318426,-8.259286516,3.5,8.335413889,           1165P   3168
-8.265240183,3.5,7.918687011,-8.282523606,3.5,6.66848887,           1165P   3169
-8.293288189,3.5,5.834992408,-8.311594055,3.5,4.167939335,          1165P   3170
-8.31907934,3.5,3.334393185,-8.329338747,3.5,1.667273068,           1165P   3171
-8.332103702,3.5,0.833696043,-8.332104231,3.5,-0.833453969,         1165P   3172
-8.329339784,3.5,-1.667031118,-8.319081286,3.5,-3.334150502,        1165P   3173
-8.311596324,3.5,-4.167700942,-8.293291809,3.5,-5.834694533,        1165P   3174
-8.282528041,3.5,-6.668151719,-8.265245514,3.5,-7.918309554,        1165P   3175
-8.259292116,3.5,-8.3350241,-8.25171642,3.5,-8.85591399,            1165P   3176
-8.250194508,3.5,-8.960091801,-8.248285133,3.5,-9.090313894,        1165P   3177
-8.247902908,3.5,-9.116358304,-8.247496443,3.5,-9.144030481,        1165P   3178
-8.247472531,3.5,-9.145658256,-8.247424707,3.5,-9.148913806,        1165P   3179
-8.247400807,3.5,-9.150541581,-8.24735295,3.5,-9.15379713,          1165P   3180
-8.247328619,3.5,-9.155424895,-8.247278127,3.5,-9.15868038,         1165P   3181
-8.247252126,3.5,-9.160308103,-8.247118335,3.5,-9.168446629,        1165P   3182
-8.246999196,3.5,-9.174957152,-8.24660521,3.5,-9.194487821,         1165P   3183
-8.246293799,3.5,-9.20750707,-8.244489654,3.5,-9.272597237,         1165P   3184
-8.242255969,3.5,-9.324649944,-8.226911083,3.5,-9.584810825,        1165P   3185
-8.201396805,3.5,-9.792623704,-8.158898387,3.5,-10.,                1165P   3186
-7.60955426275245E-15,0.0200023641382277,0.,1.;                     1165P   3187
126,1,1,1,0,1,0,0.,0.,1.,1.,1.,1.,0.020002364,0.,0.,                1167P   3188
0.020002364,1.,0.,0.,1.,0.,0.,1.;                                   1167P   3189
124,0.114041132532619,-0.9729796827901,-0.200761442932536,          1169P   3190
-15.560430742571,0.993201098265569,0.116411246896799,               1169P   3191
-7.31034485170422E-15,2.36009994379649,0.0233708899005842,          1169P   3192
-0.199396485609974,0.979640159972858,-1.30899484082113;             1169P   3193
100,-10.,-8.158898387,-6.5,1.841101613,-6.5,1.773112595,            1171P   3194
-5.335887531;                                                       1171P   3195
126,1,1,1,0,1,0,0.,0.,1.,1.,1.,1.,0.020002364,1.,0.,0.,1.,0.,       1173P   3196
0.,1.,0.,0.,1.;                                                     1173P   3197
126,17,3,1,0,1,0,0.,0.,0.,0.,0.0624999999999999,                    1175P   3198
0.0624999999999999,0.125,0.125,0.25,0.25,0.5,0.5,0.75,0.75,         1175P   3199
0.875,0.875,0.9375,0.9375,1.,1.,1.,1.,1.,1.,1.,1.,1.,1.,1.,1.,      1175P   3200
1.,1.,1.,1.,1.,1.,1.,1.,1.,1.,-8.158898387,3.5,-10.,                1175P   3201
-8.243899138,3.5,-9.585228379,-8.247171002,3.5,-9.168447923,        1175P   3202
-8.259292116,3.5,-8.3350241,-8.265245514,3.5,-7.918309554,          1175P   3203
-8.282528041,3.5,-6.668151719,-8.293291809,3.5,-5.834694533,        1175P   3204
-8.320748582,3.5,-3.334204146,-8.332104495,3.5,-1.667028974,        1175P   3205
-8.332103438,3.5,1.667271049,-8.320746989,3.5,3.334412799,          1175P   3206
-8.293288189,3.5,5.834992408,-8.282523606,3.5,6.66848887,           1175P   3207
-8.265240183,3.5,7.918687011,-8.259286517,3.5,8.335413889,          1175P   3208
-8.247164922,3.5,9.168861148,-8.243809294,3.5,9.585666787,          1175P   3209
-8.158898387,3.5,10.,0.,1.,0.,-1.,0.;                               1175P   3210
126,1,1,1,0,1,0,0.,0.,1.,1.,1.,1.,0.,1.,0.,0.,0.,0.,0.,1.,0.,       1177P   3211
0.,1.;                                                              1177P   3212
124,-5.99856593107495E-17,0.979640159963083,-0.200761442980235,     1179P   3213
0.216377082334964,1.,6.12323399573677E-17,0.,1.65889838732092,      1179P   3214
1.22930929268974E-17,-0.200761442980235,-0.979640159963083,         1179P   3215
18.4914522211812;                                                   1179P   3216
100,10.,-8.158898387,-6.5,1.841101613,-6.5,1.773112595,             1181P   3217
-5.335887531;                                                       1181P   3218
126,1,1,1,0,1,0,0.,0.,1.,1.,1.,1.,0.,0.,0.,0.000849519,0.,0.,       1183P   3219
0.,1.,0.,0.,1.;                                                     1183P   3220
126,6,3,1,0,1,0,0.,0.,0.,0.,0.000654703039883546,                   1185P   3221
0.000654703039883546,0.000654703039883546,0.000654763039883538,     1185P   3222
0.000654763039883538,0.000654763039883538,0.000654763039883538,     1185P   3223
1.,1.,1.,1.,1.,1.,1.,-7.018487062,3.432010983,9.766291101,          1185P   3224
-6.991409249,3.423809952,9.549898483,-6.933164465,3.413963413,      1185P   3225
9.33674435,-6.85739983,3.402907285,9.132382631,-6.857392886,        1185P   3226
3.402906272,9.132363902,-6.857385942,3.402905258,9.132345174,       1185P   3227
-6.857378999,3.402904245,9.132326445,0.,0.000654763039883538,       1185P   3228
0.06197355,0.997625201,-0.03005392;                                 1185P   3229
126,1,1,1,0,1,0,0.,0.,1.,1.,1.,1.,0.000849519,0.,0.,                1187P   3230
0.010001303,0.,0.,0.,1.,0.,0.,1.;                                   1187P   3231
126,15,3,1,0,1,0,-5.64455235699079E-08,-5.64455235699079E-08,       1189P   3232
-5.64455235699079E-08,-5.64455235699079E-08,0.,0.,0.,               1189P   3233
0.00372802635910928,0.00372802635910928,0.00372802635910928,        1189P   3234
0.0059788495049631,0.0059788495049631,0.0059788495049631,           1189P   3235
0.00822735662310858,0.00822735662310858,0.00822735662310858,        1189P   3236
0.00913268934598799,0.00913268934598799,0.00913268934598799,        1189P   3237
0.00913268934598799,1.,1.,1.,1.,1.,1.,1.,1.,1.,1.,1.,1.,1.,1.,      1189P   3238
1.,1.,-6.857378999,3.402904245,9.132326445,-6.857378281,            1189P   3239
3.402901904,9.13230779,-6.857378542,3.402904103,9.132288818,        1189P   3240
-6.857378313,3.402904033,9.132270004,-6.842284959,3.398223072,      1189P   3241
7.889695032,-6.827009396,3.393421186,6.647121551,-6.813841115,      1189P   3242
3.389281483,5.404522766,-6.805890674,3.386782108,4.654295079,       1189P   3243
-6.798774245,3.384546913,3.904055889,-6.793285328,3.382819436,      1189P   3244
3.15380398,-6.787802067,3.381093739,2.404325027,-6.783926034,       1189P   3245
3.379873018,1.654829887,-6.782182041,3.379324295,0.90533112,        1189P   3246
-6.781479844,3.379103359,0.60355475,-6.781120205,3.378990301,       1189P   3247
0.301777268,-6.781120205,3.378990301,0.,-5.64455235699079E-08,      1189P   3248
0.00913268934598799,0.,0.,0.;                                       1189P   3249
126,1,1,1,0,1,0,0.,0.,1.,1.,1.,1.,0.010001303,0.,0.,                1191P   3250
0.019153294,0.,0.,0.,1.,0.,0.,1.;                                   1191P   3251
126,12,3,1,0,1,0,0.00913268934598799,0.00913268934598799,           1193P   3252
0.00913268934598799,0.00913268934598799,0.010474882835747,          1193P   3253
0.010474882835747,0.010474882835747,0.0127237735917723,             1193P   3254
0.0127237735917723,0.0127237735917723,0.0182653906251829,           1193P   3255
0.0182653906251829,0.0182653906251829,0.0182654506251829,           1193P   3256
0.0182654506251829,0.0182654506251829,0.0182654506251829,1.,1.,     1193P   3257
1.,1.,1.,1.,1.,1.,1.,1.,1.,1.,1.,-6.781120205,3.378990301,0.,       1193P   3258
-6.781120205,3.378990301,-0.447396975,-6.781913317,3.379239661,     1193P   3259
-0.894794599,-6.783434362,3.379718391,-1.342188733,                 1193P   3260
-6.785982926,3.380520519,-2.091813023,-6.790581702,3.381969185,     1193P   3261
-2.841431173,-6.796659632,3.383881174,-3.591033146,                 1193P   3262
-6.811636573,3.388592605,-5.438165957,-6.834942455,3.395945913,     1193P   3263
-7.285216276,-6.85737827,3.402904019,-9.13226645,-6.857378513,      1193P   3264
3.402904094,-9.132286449,-6.857378756,3.40290417,-9.132306447,      1193P   3265
-6.857378999,3.402904245,-9.132326445,0.00913268934598799,          1193P   3266
0.0182654506251829,-0.300152184,-0.953891328,0.;                    1193P   3267
126,1,1,1,0,1,0,0.,0.,1.,1.,1.,1.,0.019153294,0.,0.,                1195P   3268
0.020002364,0.,0.,0.,1.,0.,0.,1.;                                   1195P   3269
126,6,3,1,0,1,0,-5.64458342543061E-08,-5.64458342543061E-08,        1197P   3270
-5.64458342543061E-08,-5.64458342543061E-08,0.,0.,0.,               1197P   3271
0.000654706573901554,0.000654706573901554,0.000654706573901554,     1197P   3272
0.000654706573901554,1.,1.,1.,1.,1.,1.,1.,-6.857378999,             1197P   3273
3.402904245,-9.132326445,-6.857385492,3.402904034,-9.132344103,     1197P   3274
-6.857392063,3.402906152,-9.132361684,-6.857398596,3.402907105,     1197P   3275
-9.132379303,-6.933163837,3.413963306,-9.336742051,                 1197P   3276
-6.991409103,3.423809908,-9.549897315,-7.018487062,3.432010983,     1197P   3277
-9.766291101,-5.64458342543061E-08,0.000654706573901554,0.,0.,      1197P   3278
0.;                                                                 1197P   3279
102,7,1167,1173,1177,1183,1187,1191,1195;                           1199P   3280
102,7,1171,1175,1181,1185,1189,1193,1197;                           1201P   3281
142,1,1165,1199,1201,1;                                             1203P   3282
144,1165,1,0,1203;                                                  1205P   3283
128,1,1,1,1,0,0,1,0,0,0.,0.,1.,1.,0.,0.,1.,1.,1.,1.,1.,1.,6.25,     1207P   3284
0.2,-11.5,-6.25,0.2,-11.5,6.25,1.5,-11.5,-6.25,1.5,-11.5,0.,1.,     1207P   3285
0.,1.;                                                              1207P   3286
126,1,1,1,0,1,0,0.,0.,1.,1.,1.,1.,1.,1.,0.,0.,1.,0.,0.,1.,0.,       1209P   3287
0.,1.;                                                              1209P   3288
110,-6.25,1.5,-11.5,6.25,1.5,-11.5;                                 1211P   3289
126,1,1,1,0,1,0,0.,0.,1.,1.,1.,1.,0.,1.,0.,0.,0.,0.,0.,1.,0.,       1213P   3290
0.,1.;                                                              1213P   3291
110,6.25,1.5,-11.5,6.25,0.2,-11.5;                                  1215P   3292
126,1,1,1,0,1,0,0.,0.,1.,1.,1.,1.,0.,0.,0.,1.,0.,0.,0.,1.,0.,       1217P   3293
0.,1.;                                                              1217P   3294
110,6.25,0.2,-11.5,-6.25,0.2,-11.5;                                 1219P   3295
126,1,1,1,0,1,0,0.,0.,1.,1.,1.,1.,1.,0.,0.,1.,1.,0.,0.,1.,0.,       1221P   3296
0.,1.;                                                              1221P   3297
110,-6.25,0.2,-11.5,-6.25,1.5,-11.5;                                1223P   3298
102,4,1209,1213,1217,1221;                                          1225P   3299
102,4,1211,1215,1219,1223;                                          1227P   3300
142,1,1207,1225,1227,1;                                             1229P   3301
144,1207,1,0,1229;                                                  1231P   3302
110,6.25,30.425824036,-10.75,6.25,-969.574175964,-10.75;            1233P   3303
110,6.25,1.5,-11.5,6.25,0.2,-11.5;                                  1235P   3304
120,1233,1235,0.,6.28318530717959;                                  1237P   3305
126,1,1,1,0,1,0,0.,0.,1.,1.,1.,1.,0.,0.,0.,0.,1.570796327,0.,       1239P   3306
0.,1.,0.,0.,1.;                                                     1239P   3307
124,1.40271576953299E-14,1.,0.,4.74999999999991,                    1241P   3308
-6.12323399573677E-17,8.58915688636046E-31,-1.,                     1241P   3309
-9.25000000000001,-1.,1.40271576953299E-14,                         1241P   3310
6.12323399573677E-17,-4.50000000000003;                             1241P   3311
100,-10.75,6.25,1.5,7.,1.5,6.25,2.25;                               1243P   3312
126,1,1,1,0,1,0,0.,0.,1.,1.,1.,1.,0.,1.570796327,0.,1.,             1245P   3313
1.570796327,0.,0.,1.,0.,0.,1.;                                      1245P   3314
110,7.,1.5,-10.75,7.,0.2,-10.75;                                    1247P   3315
126,1,1,1,0,1,0,0.,0.,1.,1.,1.,1.,1.,1.570796327,0.,1.,0.,0.,       1249P   3316
0.,1.,0.,0.,1.;                                                     1249P   3317
124,1.,0.,0.,0.,0.,6.12323399573677E-17,1.,10.95,0.,-1.,            1251P   3318
6.12323399573677E-17,-10.55;                                        1251P   3319
100,-10.75,6.25,0.2,7.,0.2,6.25,0.95;                               1253P   3320
126,1,1,1,0,1,0,0.,0.,1.,1.,1.,1.,1.,0.,0.,0.,0.,0.,0.,1.,0.,       1255P   3321
0.,1.;                                                              1255P   3322
110,6.25,0.2,-11.5,6.25,1.5,-11.5;                                  1257P   3323
102,4,1239,1245,1249,1255;                                          1259P   3324
102,4,1243,1247,1253,1257;                                          1261P   3325
142,1,1237,1259,1261,1;                                             1263P   3326
144,1237,1,0,1263;                                                  1265P   3327
128,1,1,1,1,0,0,1,0,0,0.,0.,1.,1.,0.,0.,1.,1.,1.,1.,1.,1.,7.,       1267P   3328
0.2,10.75,7.,0.2,-10.75,7.,1.5,10.75,7.,1.5,-10.75,0.,1.,0.,1.;     1267P   3329
126,1,1,1,0,1,0,0.,0.,1.,1.,1.,1.,1.,1.,0.,0.,1.,0.,0.,1.,0.,       1269P   3330
0.,1.;                                                              1269P   3331
110,7.,1.5,-10.75,7.,1.5,10.75;                                     1271P   3332
126,1,1,1,0,1,0,0.,0.,1.,1.,1.,1.,0.,1.,0.,0.,0.,0.,0.,1.,0.,       1273P   3333
0.,1.;                                                              1273P   3334
110,7.,1.5,10.75,7.,0.2,10.75;                                      1275P   3335
126,1,1,1,0,1,0,0.,0.,1.,1.,1.,1.,0.,0.,0.,1.,0.,0.,0.,1.,0.,       1277P   3336
0.,1.;                                                              1277P   3337
110,7.,0.2,10.75,7.,0.2,-10.75;                                     1279P   3338
126,1,1,1,0,1,0,0.,0.,1.,1.,1.,1.,1.,0.,0.,1.,1.,0.,0.,1.,0.,       1281P   3339
0.,1.;                                                              1281P   3340
110,7.,0.2,-10.75,7.,1.5,-10.75;                                    1283P   3341
102,4,1269,1273,1277,1281;                                          1285P   3342
102,4,1271,1275,1279,1283;                                          1287P   3343
142,1,1267,1285,1287,1;                                             1289P   3344
144,1267,1,0,1289;                                                  1291P   3345
110,6.25,30.425824036,10.75,6.25,-969.574175964,10.75;              1293P   3346
110,6.25,1.5,10.,6.25,0.2,10.;                                      1295P   3347
120,1293,1295,0.,6.28318530717959;                                  1297P   3348
126,1,1,1,0,1,0,0.,0.,1.,1.,1.,1.,0.,1.570796327,0.,0.,             1299P   3349
3.141592654,0.,0.,1.,0.,0.,1.;                                      1299P   3350
124,1.,-1.39659253553725E-14,0.,2.08687711347991E-14,               1301P   3351
8.55166289179392E-31,6.12323399573677E-17,-1.,12.25,                1301P   3352
1.39659253553725E-14,1.,6.12323399573677E-17,9.24999999999991;      1301P   3353
100,10.75,6.25,1.5,7.,1.5,6.25,2.25;                                1303P   3354
126,1,1,1,0,1,0,0.,0.,1.,1.,1.,1.,0.,3.141592654,0.,1.,             1305P   3355
3.141592654,0.,0.,1.,0.,0.,1.;                                      1305P   3356
110,6.25,1.5,11.5,6.25,0.2,11.5;                                    1307P   3357
126,1,1,1,0,1,0,0.,0.,1.,1.,1.,1.,1.,3.141592654,0.,1.,             1309P   3358
1.570796327,0.,0.,1.,0.,0.,1.;                                      1309P   3359
124,1.40271576953299E-14,1.,0.,6.04999999999991,                    1311P   3360
-6.12323399573677E-17,8.58915688636046E-31,1.,-10.55,1.,            1311P   3361
-1.40271576953299E-14,6.12323399573677E-17,4.5;                     1311P   3362
100,10.75,6.25,0.2,7.,0.2,6.25,0.95;                                1313P   3363
126,1,1,1,0,1,0,0.,0.,1.,1.,1.,1.,1.,1.570796327,0.,0.,             1315P   3364
1.570796327,0.,0.,1.,0.,0.,1.;                                      1315P   3365
110,7.,0.2,10.75,7.,1.5,10.75;                                      1317P   3366
102,4,1299,1305,1309,1315;                                          1319P   3367
102,4,1303,1307,1313,1317;                                          1321P   3368
142,1,1297,1319,1321,1;                                             1323P   3369
144,1297,1,0,1323;                                                  1325P   3370
128,1,1,1,1,0,0,1,0,0,0.,0.,1.,1.,0.,0.,1.,1.,1.,1.,1.,1.,          1327P   3371
-6.25,0.2,11.5,6.25,0.2,11.5,-6.25,1.5,11.5,6.25,1.5,11.5,0.,       1327P   3372
1.,0.,1.;                                                           1327P   3373
126,1,1,1,0,1,0,0.,0.,1.,1.,1.,1.,1.,1.,0.,0.,1.,0.,0.,1.,0.,       1329P   3374
0.,1.;                                                              1329P   3375
110,6.25,1.5,11.5,-6.25,1.5,11.5;                                   1331P   3376
126,1,1,1,0,1,0,0.,0.,1.,1.,1.,1.,0.,1.,0.,0.,0.,0.,0.,1.,0.,       1333P   3377
0.,1.;                                                              1333P   3378
110,-6.25,1.5,11.5,-6.25,0.2,11.5;                                  1335P   3379
126,1,1,1,0,1,0,0.,0.,1.,1.,1.,1.,0.,0.,0.,1.,0.,0.,0.,1.,0.,       1337P   3380
0.,1.;                                                              1337P   3381
110,-6.25,0.2,11.5,6.25,0.2,11.5;                                   1339P   3382
126,1,1,1,0,1,0,0.,0.,1.,1.,1.,1.,1.,0.,0.,1.,1.,0.,0.,1.,0.,       1341P   3383
0.,1.;                                                              1341P   3384
110,6.25,0.2,11.5,6.25,1.5,11.5;                                    1343P   3385
102,4,1329,1333,1337,1341;                                          1345P   3386
102,4,1331,1335,1339,1343;                                          1347P   3387
142,1,1327,1345,1347,1;                                             1349P   3388
144,1327,1,0,1349;                                                  1351P   3389
110,-6.25,30.425824036,10.75,-6.25,-969.574175964,10.75;            1353P   3390
110,-6.25,1.5,10.,-6.25,0.2,10.;                                    1355P   3391
120,1353,1355,0.,6.28318530717959;                                  1357P   3392
126,1,1,1,0,1,0,0.,0.,1.,1.,1.,1.,0.,3.141592654,0.,0.,             1359P   3393
4.71238898,0.,0.,1.,0.,0.,1.;                                       1359P   3394
124,6.12323399573677E-17,-1.,0.,-4.75,6.12323399573677E-17,         1361P   3395
3.74939945665464E-33,-1.,12.25,1.,6.12323399573677E-17,             1361P   3396
6.12323399573677E-17,17.;                                           1361P   3397
100,10.75,-6.25,1.5,-5.5,1.5,-6.25,2.25;                            1363P   3398
126,1,1,1,0,1,0,0.,0.,1.,1.,1.,1.,0.,4.71238898,0.,1.,              1365P   3399
4.71238898,0.,0.,1.,0.,0.,1.;                                       1365P   3400
110,-7.,1.5,10.75,-7.,0.2,10.75;                                    1367P   3401
126,1,1,1,0,1,0,0.,0.,1.,1.,1.,1.,1.,4.71238898,0.,1.,              1369P   3402
3.141592654,0.,0.,1.,0.,0.,1.;                                      1369P   3403
124,-1.,1.40883900352873E-14,0.,-12.5,-8.62665088092701E-31,        1371P   3404
-6.12323399573677E-17,1.,-10.55,1.40883900352873E-14,1.,            1371P   3405
6.12323399573677E-17,10.5500000000001;                              1371P   3406
100,10.75,-6.25,0.2,-5.5,0.2,-6.25,0.95;                            1373P   3407
126,1,1,1,0,1,0,0.,0.,1.,1.,1.,1.,1.,3.141592654,0.,0.,             1375P   3408
3.141592654,0.,0.,1.,0.,0.,1.;                                      1375P   3409
110,-6.25,0.2,11.5,-6.25,1.5,11.5;                                  1377P   3410
102,4,1359,1365,1369,1375;                                          1379P   3411
102,4,1363,1367,1373,1377;                                          1381P   3412
142,1,1357,1379,1381,1;                                             1383P   3413
144,1357,1,0,1383;                                                  1385P   3414
128,1,1,1,1,0,0,1,0,0,0.,0.,1.,1.,0.,0.,1.,1.,1.,1.,1.,1.,-7.,      1387P   3415
0.2,-10.75,-7.,0.2,10.75,-7.,1.5,-10.75,-7.,1.5,10.75,0.,1.,0.,     1387P   3416
1.;                                                                 1387P   3417
126,1,1,1,0,1,0,0.,0.,1.,1.,1.,1.,1.,1.,0.,0.,1.,0.,0.,1.,0.,       1389P   3418
0.,1.;                                                              1389P   3419
110,-7.,1.5,10.75,-7.,1.5,-10.75;                                   1391P   3420
126,1,1,1,0,1,0,0.,0.,1.,1.,1.,1.,0.,1.,0.,0.,0.,0.,0.,1.,0.,       1393P   3421
0.,1.;                                                              1393P   3422
110,-7.,1.5,-10.75,-7.,0.2,-10.75;                                  1395P   3423
126,1,1,1,0,1,0,0.,0.,1.,1.,1.,1.,0.,0.,0.,1.,0.,0.,0.,1.,0.,       1397P   3424
0.,1.;                                                              1397P   3425
110,-7.,0.2,-10.75,-7.,0.2,10.75;                                   1399P   3426
126,1,1,1,0,1,0,0.,0.,1.,1.,1.,1.,1.,0.,0.,1.,1.,0.,0.,1.,0.,       1401P   3427
0.,1.;                                                              1401P   3428
110,-7.,0.2,10.75,-7.,1.5,10.75;                                    1403P   3429
102,4,1389,1393,1397,1401;                                          1405P   3430
102,4,1391,1395,1399,1403;                                          1407P   3431
142,1,1387,1405,1407,1;                                             1409P   3432
144,1387,1,0,1409;                                                  1411P   3433
110,-6.25,30.425824036,-10.75,-6.25,-969.574175964,-10.75;          1413P   3434
110,-6.25,1.5,-11.5,-6.25,0.2,-11.5;                                1415P   3435
120,1413,1415,0.,6.28318530717959;                                  1417P   3436
126,1,1,1,0,1,0,0.,0.,1.,1.,1.,1.,0.,4.71238898,0.,0.,              1419P   3437
6.283185307,0.,0.,1.,0.,0.,1.;                                      1419P   3438
124,-1.,-1.22464679914735E-16,0.,-12.5,7.49879891330929E-33,        1421P   3439
-6.12323399573677E-17,-1.,-9.25000000000001,                        1421P   3440
1.22464679914735E-16,-1.,6.12323399573677E-17,                      1421P   3441
-9.25000000000001;                                                  1421P   3442
100,-10.75,-6.25,1.5,-5.5,1.5,-6.25,2.25;                           1423P   3443
126,1,1,1,0,1,0,0.,0.,1.,1.,1.,1.,0.,6.283185307,0.,1.,             1425P   3444
6.283185307,0.,0.,1.,0.,0.,1.;                                      1425P   3445
110,-6.25,1.5,-11.5,-6.25,0.2,-11.5;                                1427P   3446
126,1,1,1,0,1,0,0.,0.,1.,1.,1.,1.,1.,6.283185307,0.,1.,             1429P   3447
4.71238898,0.,0.,1.,0.,0.,1.;                                       1429P   3448
124,6.12323399573677E-17,-1.,0.,-6.05,6.12323399573677E-17,         1431P   3449
3.74939945665464E-33,1.,10.95,-1.,-6.12323399573677E-17,            1431P   3450
6.12323399573677E-17,-17.;                                          1431P   3451
100,-10.75,-6.25,0.2,-5.5,0.2,-6.25,0.95;                           1433P   3452
126,1,1,1,0,1,0,0.,0.,1.,1.,1.,1.,1.,4.71238898,0.,0.,              1435P   3453
4.71238898,0.,0.,1.,0.,0.,1.;                                       1435P   3454
110,-7.,0.2,-10.75,-7.,1.5,-10.75;                                  1437P   3455
102,4,1419,1425,1429,1435;                                          1439P   3456
102,4,1423,1427,1433,1437;                                          1441P   3457
142,1,1417,1439,1441,1;                                             1443P   3458
144,1417,1,0,1443;                                                  1445P   3459
128,1,1,1,1,0,0,1,0,0,0.,0.,1.,1.,0.,0.,1.,1.,1.,1.,1.,1.,6.25,     1447P   3460
0.2,11.5,-6.25,0.2,11.5,6.25,0.,11.7,-6.25,0.,11.7,0.,1.,0.,1.;     1447P   3461
126,1,1,1,0,1,0,0.,0.,1.,1.,1.,1.,0.,0.,0.,1.,0.,0.,0.,1.,0.,       1449P   3462
0.,1.;                                                              1449P   3463
110,6.25,0.2,11.5,-6.25,0.2,11.5;                                   1451P   3464
126,1,1,1,0,1,0,0.,0.,1.,1.,1.,1.,1.,0.,0.,1.,1.,0.,0.,1.,0.,       1453P   3465
0.,1.;                                                              1453P   3466
110,-6.25,0.2,11.5,-6.25,0.,11.7;                                   1455P   3467
126,1,1,1,0,1,0,0.,0.,1.,1.,1.,1.,1.,1.,0.,0.,1.,0.,0.,1.,0.,       1457P   3468
0.,1.;                                                              1457P   3469
110,-6.25,0.,11.7,6.25,0.,11.7;                                     1459P   3470
126,1,1,1,0,1,0,0.,0.,1.,1.,1.,1.,0.,1.,0.,0.,0.,0.,0.,1.,0.,       1461P   3471
0.,1.;                                                              1461P   3472
110,6.25,0.,11.7,6.25,0.2,11.5;                                     1463P   3473
102,4,1449,1453,1457,1461;                                          1465P   3474
102,4,1451,1455,1459,1463;                                          1467P   3475
142,1,1447,1465,1467,1;                                             1469P   3476
144,1447,1,0,1469;                                                  1471P   3477
110,-6.25,1000.2,10.75,-6.25,0.2,10.75;                             1473P   3478
110,-6.25,0.2,10.,-6.25,0.,9.8;                                     1475P   3479
120,1473,1475,0.,6.28318530717959;                                  1477P   3480
126,1,1,1,0,1,0,0.,0.,1.,1.,1.,1.,0.,3.141592654,0.,0.,             1479P   3481
4.71238898,0.,0.,1.,0.,0.,1.;                                       1479P   3482
124,6.12323399573677E-17,-1.,0.,-6.05,6.12323399573677E-17,         1481P   3483
3.74939945665464E-33,-1.,10.95,1.,6.12323399573677E-17,             1481P   3484
6.12323399573677E-17,17.;                                           1481P   3485
100,10.75,-6.25,0.2,-5.5,0.2,-6.25,0.95;                            1483P   3486
126,1,1,1,0,1,0,0.,0.,1.,1.,1.,1.,0.,4.71238898,0.,1.,              1485P   3487
4.71238898,0.,0.,1.,0.,0.,1.;                                       1485P   3488
110,-7.,0.2,10.75,-7.2,0.,10.75;                                    1487P   3489
126,1,1,1,0,1,0,0.,0.,1.,1.,1.,1.,1.,4.71238898,0.,1.,              1489P   3490
3.141592654,0.,0.,1.,0.,0.,1.;                                      1489P   3491
124,-1.,1.40883900352873E-14,0.,-12.5,-8.62665088092701E-31,        1491P   3492
-6.12323399573677E-17,1.,-10.75,1.40883900352873E-14,1.,            1491P   3493
6.12323399573677E-17,10.7500000000001;                              1491P   3494
100,10.75,-6.25,0.,-5.3,0.,-6.25,0.95;                              1493P   3495
126,1,1,1,0,1,0,0.,0.,1.,1.,1.,1.,1.,3.141592654,0.,0.,             1495P   3496
3.141592654,0.,0.,1.,0.,0.,1.;                                      1495P   3497
110,-6.25,0.,11.7,-6.25,0.2,11.5;                                   1497P   3498
102,4,1479,1485,1489,1495;                                          1499P   3499
102,4,1483,1487,1493,1497;                                          1501P   3500
142,1,1477,1499,1501,1;                                             1503P   3501
144,1477,1,0,1503;                                                  1505P   3502
110,6.25,1000.2,10.75,6.25,0.2,10.75;                               1507P   3503
110,6.25,0.2,10.,6.25,0.,9.8;                                       1509P   3504
120,1507,1509,0.,6.28318530717959;                                  1511P   3505
126,1,1,1,0,1,0,0.,0.,1.,1.,1.,1.,1.,3.141592654,0.,1.,             1513P   3506
1.570796327,0.,0.,1.,0.,0.,1.;                                      1513P   3507
124,1.40271576953299E-14,1.,0.,6.24999999999991,                    1515P   3508
-6.12323399573677E-17,8.58915688636046E-31,1.,-10.75,1.,            1515P   3509
-1.40271576953299E-14,6.12323399573677E-17,4.5;                     1515P   3510
100,10.75,6.25,0.,7.2,0.,6.25,0.95;                                 1517P   3511
126,1,1,1,0,1,0,0.,0.,1.,1.,1.,1.,1.,1.570796327,0.,0.,             1519P   3512
1.570796327,0.,0.,1.,0.,0.,1.;                                      1519P   3513
110,7.2,0.,10.75,7.,0.2,10.75;                                      1521P   3514
126,1,1,1,0,1,0,0.,0.,1.,1.,1.,1.,0.,1.570796327,0.,0.,             1523P   3515
3.141592654,0.,0.,1.,0.,0.,1.;                                      1523P   3516
124,1.,0.,0.,0.,0.,6.12323399573677E-17,-1.,10.95,0.,1.,            1525P   3517
6.12323399573677E-17,10.55;                                         1525P   3518
100,10.75,6.25,0.2,7.,0.2,6.25,0.95;                                1527P   3519
126,1,1,1,0,1,0,0.,0.,1.,1.,1.,1.,0.,3.141592654,0.,1.,             1529P   3520
3.141592654,0.,0.,1.,0.,0.,1.;                                      1529P   3521
110,6.25,0.2,11.5,6.25,0.,11.7;                                     1531P   3522
102,4,1513,1519,1523,1529;                                          1533P   3523
102,4,1517,1521,1527,1531;                                          1535P   3524
142,1,1511,1533,1535,1;                                             1537P   3525
144,1511,1,0,1537;                                                  1539P   3526
128,1,1,1,1,0,0,1,0,0,0.,0.,1.,1.,0.,0.,1.,1.,1.,1.,1.,1.,-7.,      1541P   3527
0.2,10.75,-7.,0.2,-10.75,-7.2,0.,10.75,-7.2,0.,-10.75,0.,1.,0.,     1541P   3528
1.;                                                                 1541P   3529
126,1,1,1,0,1,0,0.,0.,1.,1.,1.,1.,0.,0.,0.,1.,0.,0.,0.,1.,0.,       1543P   3530
0.,1.;                                                              1543P   3531
110,-7.,0.2,10.75,-7.,0.2,-10.75;                                   1545P   3532
126,1,1,1,0,1,0,0.,0.,1.,1.,1.,1.,1.,0.,0.,1.,1.,0.,0.,1.,0.,       1547P   3533
0.,1.;                                                              1547P   3534
110,-7.,0.2,-10.75,-7.2,0.,-10.75;                                  1549P   3535
126,1,1,1,0,1,0,0.,0.,1.,1.,1.,1.,1.,1.,0.,0.,1.,0.,0.,1.,0.,       1551P   3536
0.,1.;                                                              1551P   3537
110,-7.2,0.,-10.75,-7.2,0.,10.75;                                   1553P   3538
126,1,1,1,0,1,0,0.,0.,1.,1.,1.,1.,0.,1.,0.,0.,0.,0.,0.,1.,0.,       1555P   3539
0.,1.;                                                              1555P   3540
110,-7.2,0.,10.75,-7.,0.2,10.75;                                    1557P   3541
102,4,1543,1547,1551,1555;                                          1559P   3542
102,4,1545,1549,1553,1557;                                          1561P   3543
142,1,1541,1559,1561,1;                                             1563P   3544
144,1541,1,0,1563;                                                  1565P   3545
128,1,1,1,1,0,0,1,0,0,0.,0.,1.,1.,0.,0.,1.,1.,1.,1.,1.,1.,7.,       1567P   3546
0.2,-10.75,7.,0.2,10.75,7.2,0.,-10.75,7.2,0.,10.75,0.,1.,0.,1.;     1567P   3547
126,1,1,1,0,1,0,0.,0.,1.,1.,1.,1.,1.,1.,0.,0.,1.,0.,0.,1.,0.,       1569P   3548
0.,1.;                                                              1569P   3549
110,7.2,0.,10.75,7.2,0.,-10.75;                                     1571P   3550
126,1,1,1,0,1,0,0.,0.,1.,1.,1.,1.,0.,1.,0.,0.,0.,0.,0.,1.,0.,       1573P   3551
0.,1.;                                                              1573P   3552
110,7.2,0.,-10.75,7.,0.2,-10.75;                                    1575P   3553
126,1,1,1,0,1,0,0.,0.,1.,1.,1.,1.,0.,0.,0.,1.,0.,0.,0.,1.,0.,       1577P   3554
0.,1.;                                                              1577P   3555
110,7.,0.2,-10.75,7.,0.2,10.75;                                     1579P   3556
126,1,1,1,0,1,0,0.,0.,1.,1.,1.,1.,1.,0.,0.,1.,1.,0.,0.,1.,0.,       1581P   3557
0.,1.;                                                              1581P   3558
110,7.,0.2,10.75,7.2,0.,10.75;                                      1583P   3559
102,4,1569,1573,1577,1581;                                          1585P   3560
102,4,1571,1575,1579,1583;                                          1587P   3561
142,1,1567,1585,1587,1;                                             1589P   3562
144,1567,1,0,1589;                                                  1591P   3563
110,-6.25,1000.2,-10.75,-6.25,0.2,-10.75;                           1593P   3564
110,-6.25,0.2,-11.5,-6.25,0.,-11.7;                                 1595P   3565
120,1593,1595,0.,6.28318530717959;                                  1597P   3566
126,1,1,1,0,1,0,0.,0.,1.,1.,1.,1.,0.,4.71238898,0.,0.,              1599P   3567
6.283185307,0.,0.,1.,0.,0.,1.;                                      1599P   3568
124,-1.,6.98296267768627E-15,0.,-12.5,-4.27583144589696E-31,        1601P   3569
-6.12323399573677E-17,-1.,-10.55,-6.98296267768627E-15,-1.,         1601P   3570
6.12323399573677E-17,-10.5500000000001;                             1601P   3571
100,-10.75,-6.25,0.2,-5.5,0.2,-6.25,0.95;                           1603P   3572
126,1,1,1,0,1,0,0.,0.,1.,1.,1.,1.,0.,6.283185307,0.,1.,             1605P   3573
6.283185307,0.,0.,1.,0.,0.,1.;                                      1605P   3574
110,-6.25,0.2,-11.5,-6.25,0.,-11.7;                                 1607P   3575
126,1,1,1,0,1,0,0.,0.,1.,1.,1.,1.,1.,6.283185307,0.,1.,             1609P   3576
4.71238898,0.,0.,1.,0.,0.,1.;                                       1609P   3577
124,6.12323399573677E-17,-1.,0.,-6.25,6.12323399573677E-17,         1611P   3578
3.74939945665464E-33,1.,10.75,-1.,-6.12323399573677E-17,            1611P   3579
6.12323399573677E-17,-17.;                                          1611P   3580
100,-10.75,-6.25,0.,-5.3,0.,-6.25,0.95;                             1613P   3581
126,1,1,1,0,1,0,0.,0.,1.,1.,1.,1.,1.,4.71238898,0.,0.,              1615P   3582
4.71238898,0.,0.,1.,0.,0.,1.;                                       1615P   3583
110,-7.2,0.,-10.75,-7.,0.2,-10.75;                                  1617P   3584
102,4,1599,1605,1609,1615;                                          1619P   3585
102,4,1603,1607,1613,1617;                                          1621P   3586
142,1,1597,1619,1621,1;                                             1623P   3587
144,1597,1,0,1623;                                                  1625P   3588
110,6.25,1000.2,-10.75,6.25,0.2,-10.75;                             1627P   3589
110,6.25,0.2,-11.5,6.25,0.,-11.7;                                   1629P   3590
120,1627,1629,0.,6.28318530717959;                                  1631P   3591
126,1,1,1,0,1,0,0.,0.,1.,1.,1.,1.,1.,1.570796327,0.,1.,0.,0.,       1633P   3592
0.,1.,0.,0.,1.;                                                     1633P   3593
124,1.,0.,0.,0.,0.,6.12323399573677E-17,1.,10.75,0.,-1.,            1635P   3594
6.12323399573677E-17,-10.75;                                        1635P   3595
100,-10.75,6.25,0.,7.2,0.,6.25,0.95;                                1637P   3596
126,1,1,1,0,1,0,0.,0.,1.,1.,1.,1.,1.,0.,0.,0.,0.,0.,0.,1.,0.,       1639P   3597
0.,1.;                                                              1639P   3598
110,6.25,0.,-11.7,6.25,0.2,-11.5;                                   1641P   3599
126,1,1,1,0,1,0,0.,0.,1.,1.,1.,1.,0.,0.,0.,0.,1.570796327,0.,       1643P   3600
0.,1.,0.,0.,1.;                                                     1643P   3601
124,1.40271576953299E-14,1.,0.,6.04999999999991,                    1645P   3602
-6.12323399573677E-17,8.58915688636046E-31,-1.,-10.55,-1.,          1645P   3603
1.40271576953299E-14,6.12323399573677E-17,-4.50000000000001;        1645P   3604
100,-10.75,6.25,0.2,7.,0.2,6.25,0.95;                               1647P   3605
126,1,1,1,0,1,0,0.,0.,1.,1.,1.,1.,0.,1.570796327,0.,1.,             1649P   3606
1.570796327,0.,0.,1.,0.,0.,1.;                                      1649P   3607
110,7.,0.2,-10.75,7.2,0.,-10.75;                                    1651P   3608
102,4,1633,1639,1643,1649;                                          1653P   3609
102,4,1637,1641,1647,1651;                                          1655P   3610
142,1,1631,1653,1655,1;                                             1657P   3611
144,1631,1,0,1657;                                                  1659P   3612
128,1,1,1,1,0,0,1,0,0,0.,0.,1.,1.,0.,0.,1.,1.,1.,1.,1.,1.,          1661P   3613
-6.25,0.2,-11.5,6.25,0.2,-11.5,-6.25,0.,-11.7,6.25,0.,-11.7,0.,     1661P   3614
1.,0.,1.;                                                           1661P   3615
126,1,1,1,0,1,0,0.,0.,1.,1.,1.,1.,0.,0.,0.,1.,0.,0.,0.,1.,0.,       1663P   3616
0.,1.;                                                              1663P   3617
110,-6.25,0.2,-11.5,6.25,0.2,-11.5;                                 1665P   3618
126,1,1,1,0,1,0,0.,0.,1.,1.,1.,1.,1.,0.,0.,1.,1.,0.,0.,1.,0.,       1667P   3619
0.,1.;                                                              1667P   3620
110,6.25,0.2,-11.5,6.25,0.,-11.7;                                   1669P   3621
126,1,1,1,0,1,0,0.,0.,1.,1.,1.,1.,1.,1.,0.,0.,1.,0.,0.,1.,0.,       1671P   3622
0.,1.;                                                              1671P   3623
110,6.25,0.,-11.7,-6.25,0.,-11.7;                                   1673P   3624
126,1,1,1,0,1,0,0.,0.,1.,1.,1.,1.,0.,1.,0.,0.,0.,0.,0.,1.,0.,       1675P   3625
0.,1.;                                                              1675P   3626
110,-6.25,0.,-11.7,-6.25,0.2,-11.5;                                 1677P   3627
102,4,1663,1667,1671,1675;                                          1679P   3628
102,4,1665,1669,1673,1677;                                          1681P   3629
142,1,1661,1679,1681,1;                                             1683P   3630
144,1661,1,0,1683;                                                  1685P   3631
128,1,1,1,1,0,0,1,0,0,0.,0.,1.,1.,0.,0.,1.,1.,1.,1.,1.,1.,          1687P   3632
-3.675,1.5,-1.7204,-3.456278341,-1.,-1.7204,-3.675,1.5,1.7204,      1687P   3633
-3.456278341,-1.,1.7204,0.,1.,0.,1.;                                1687P   3634
126,1,1,1,0,1,0,0.,0.,1.,1.,1.,1.,0.,0.994071146,0.,0.,             1689P   3635
0.005928854,0.,0.,1.,0.,0.,1.;                                      1689P   3636
110,-3.675,1.5,1.7,-3.675,1.5,-1.7;                                 1691P   3637
126,1,1,1,0,1,0,0.,0.,1.,1.,1.,1.,0.,0.005928854,0.,1.,             1693P   3638
0.069495948,0.,0.,1.,0.,0.,1.;                                      1693P   3639
110,-3.675,1.5,-1.7,-3.456278341,-1.,-1.481278341;                  1695P   3640
126,1,1,1,0,1,0,0.,0.,1.,1.,1.,1.,1.,0.069495948,0.,1.,             1697P   3641
0.930504052,0.,0.,1.,0.,0.,1.;                                      1697P   3642
110,-3.456278341,-1.,-1.481278341,-3.456278341,-1.,1.481278341;     1699P   3643
126,1,1,1,0,1,0,0.,0.,1.,1.,1.,1.,1.,0.930504052,0.,0.,             1701P   3644
0.994071146,0.,0.,1.,0.,0.,1.;                                      1701P   3645
110,-3.456278341,-1.,1.481278341,-3.675,1.5,1.7;                    1703P   3646
102,4,1689,1693,1697,1701;                                          1705P   3647
102,4,1691,1695,1699,1703;                                          1707P   3648
142,1,1687,1705,1707,1;                                             1709P   3649
144,1687,1,0,1709;                                                  1711P   3650
128,1,1,1,1,0,0,1,0,0,0.,0.,1.,1.,0.,0.,1.,1.,1.,1.,1.,1.,          1713P   3651
-3.6849,-1.,-1.481278341,-3.6849,1.5,-1.7,-2.0151,-1.,              1713P   3652
-1.481278341,-2.0151,1.5,-1.7,0.,1.,0.,1.;                          1713P   3653
126,1,1,1,0,1,0,0.,0.,1.,1.,1.,1.,1.,0.005928854,0.,1.,             1715P   3654
0.994071146,0.,0.,1.,0.,0.,1.;                                      1715P   3655
110,-3.675,1.5,-1.7,-2.025,1.5,-1.7;                                1717P   3656
126,1,1,1,0,1,0,0.,0.,1.,1.,1.,1.,1.,0.994071146,0.,0.,             1719P   3657
0.863084406,0.,0.,1.,0.,0.,1.;                                      1719P   3658
110,-2.025,1.5,-1.7,-2.243721659,-1.,-1.481278341;                  1721P   3659
126,1,1,1,0,1,0,0.,0.,1.,1.,1.,1.,0.,0.863084406,0.,0.,             1723P   3660
0.136915594,0.,0.,1.,0.,0.,1.;                                      1723P   3661
110,-2.243721659,-1.,-1.481278341,-3.456278341,-1.,                 1725P   3662
-1.481278341;                                                       1725P   3663
126,1,1,1,0,1,0,0.,0.,1.,1.,1.,1.,0.,0.136915594,0.,1.,             1727P   3664
0.005928854,0.,0.,1.,0.,0.,1.;                                      1727P   3665
110,-3.456278341,-1.,-1.481278341,-3.675,1.5,-1.7;                  1729P   3666
102,4,1715,1719,1723,1727;                                          1731P   3667
102,4,1717,1721,1725,1729;                                          1733P   3668
142,1,1713,1731,1733,1;                                             1735P   3669
144,1713,1,0,1735;                                                  1737P   3670
128,1,1,1,1,0,0,1,0,0,0.,0.,1.,1.,0.,0.,1.,1.,1.,1.,1.,1.,          1739P   3671
-2.243721659,-1.,-1.7204,-2.025,1.5,-1.7204,-2.243721659,-1.,       1739P   3672
1.7204,-2.025,1.5,1.7204,0.,1.,0.,1.;                               1739P   3673
126,1,1,1,0,1,0,0.,0.,1.,1.,1.,1.,1.,0.005928854,0.,1.,             1741P   3674
0.994071146,0.,0.,1.,0.,0.,1.;                                      1741P   3675
110,-2.025,1.5,-1.7,-2.025,1.5,1.7;                                 1743P   3676
126,1,1,1,0,1,0,0.,0.,1.,1.,1.,1.,1.,0.994071146,0.,0.,             1745P   3677
0.930504052,0.,0.,1.,0.,0.,1.;                                      1745P   3678
110,-2.025,1.5,1.7,-2.243721659,-1.,1.481278341;                    1747P   3679
126,1,1,1,0,1,0,0.,0.,1.,1.,1.,1.,0.,0.930504052,0.,0.,             1749P   3680
0.069495948,0.,0.,1.,0.,0.,1.;                                      1749P   3681
110,-2.243721659,-1.,1.481278341,-2.243721659,-1.,-1.481278341;     1751P   3682
126,1,1,1,0,1,0,0.,0.,1.,1.,1.,1.,0.,0.069495948,0.,1.,             1753P   3683
0.005928854,0.,0.,1.,0.,0.,1.;                                      1753P   3684
110,-2.243721659,-1.,-1.481278341,-2.025,1.5,-1.7;                  1755P   3685
102,4,1741,1745,1749,1753;                                          1757P   3686
102,4,1743,1747,1751,1755;                                          1759P   3687
142,1,1739,1757,1759,1;                                             1761P   3688
144,1739,1,0,1761;                                                  1763P   3689
128,1,1,1,1,0,0,1,0,0,0.,0.,1.,1.,0.,0.,1.,1.,1.,1.,1.,1.,          1765P   3690
-3.6849,1.5,1.7,-3.6849,-1.,1.481278341,-2.0151,1.5,1.7,            1765P   3691
-2.0151,-1.,1.481278341,0.,1.,0.,1.;                                1765P   3692
126,1,1,1,0,1,0,0.,0.,1.,1.,1.,1.,0.,0.994071146,0.,0.,             1767P   3693
0.005928854,0.,0.,1.,0.,0.,1.;                                      1767P   3694
110,-2.025,1.5,1.7,-3.675,1.5,1.7;                                  1769P   3695
126,1,1,1,0,1,0,0.,0.,1.,1.,1.,1.,0.,0.005928854,0.,1.,             1771P   3696
0.136915594,0.,0.,1.,0.,0.,1.;                                      1771P   3697
110,-3.675,1.5,1.7,-3.456278341,-1.,1.481278341;                    1773P   3698
126,1,1,1,0,1,0,0.,0.,1.,1.,1.,1.,1.,0.136915594,0.,1.,             1775P   3699
0.863084406,0.,0.,1.,0.,0.,1.;                                      1775P   3700
110,-3.456278341,-1.,1.481278341,-2.243721659,-1.,1.481278341;      1777P   3701
126,1,1,1,0,1,0,0.,0.,1.,1.,1.,1.,1.,0.863084406,0.,0.,             1779P   3702
0.994071146,0.,0.,1.,0.,0.,1.;                                      1779P   3703
110,-2.243721659,-1.,1.481278341,-2.025,1.5,1.7;                    1781P   3704
102,4,1767,1771,1775,1779;                                          1783P   3705
102,4,1769,1773,1777,1781;                                          1785P   3706
142,1,1765,1783,1785,1;                                             1787P   3707
144,1765,1,0,1787;                                                  1789P   3708
128,1,1,1,1,0,0,1,0,0,0.,0.,1.,1.,0.,0.,1.,1.,1.,1.,1.,1.,          1791P   3709
-3.456278341,-1.,1.481278341,-3.456278341,-1.,-1.481278341,         1791P   3710
-2.243721659,-1.,1.481278341,-2.243721659,-1.,-1.481278341,0.,      1791P   3711
1.,0.,1.;                                                           1791P   3712
126,1,1,1,0,1,0,0.,0.,1.,1.,1.,1.,0.,0.,0.,1.,0.,0.,0.,1.,0.,       1793P   3713
0.,1.;                                                              1793P   3714
110,-3.456278341,-1.,1.481278341,-3.456278341,-1.,-1.481278341;     1795P   3715
126,1,1,1,0,1,0,0.,0.,1.,1.,1.,1.,1.,0.,0.,1.,1.,0.,0.,1.,0.,       1797P   3716
0.,1.;                                                              1797P   3717
110,-3.456278341,-1.,-1.481278341,-2.243721659,-1.,                 1799P   3718
-1.481278341;                                                       1799P   3719
126,1,1,1,0,1,0,0.,0.,1.,1.,1.,1.,1.,1.,0.,0.,1.,0.,0.,1.,0.,       1801P   3720
0.,1.;                                                              1801P   3721
110,-2.243721659,-1.,-1.481278341,-2.243721659,-1.,1.481278341;     1803P   3722
126,1,1,1,0,1,0,0.,0.,1.,1.,1.,1.,0.,1.,0.,0.,0.,0.,0.,1.,0.,       1805P   3723
0.,1.;                                                              1805P   3724
110,-2.243721659,-1.,1.481278341,-3.456278341,-1.,1.481278341;      1807P   3725
102,4,1793,1797,1801,1805;                                          1809P   3726
102,4,1795,1799,1803,1807;                                          1811P   3727
142,1,1791,1809,1811,1;                                             1813P   3728
144,1791,1,0,1813;                                                  1815P   3729
128,1,1,1,1,0,0,1,0,0,0.,0.,1.,1.,0.,0.,1.,1.,1.,1.,1.,1.,          1817P   3730
2.025,1.5,-1.7204,2.243721659,-1.,-1.7204,2.025,1.5,1.7204,         1817P   3731
2.243721659,-1.,1.7204,0.,1.,0.,1.;                                 1817P   3732
126,1,1,1,0,1,0,0.,0.,1.,1.,1.,1.,0.,0.994071146,0.,0.,             1819P   3733
0.005928854,0.,0.,1.,0.,0.,1.;                                      1819P   3734
110,2.025,1.5,1.7,2.025,1.5,-1.7;                                   1821P   3735
126,1,1,1,0,1,0,0.,0.,1.,1.,1.,1.,0.,0.005928854,0.,1.,             1823P   3736
0.069495948,0.,0.,1.,0.,0.,1.;                                      1823P   3737
110,2.025,1.5,-1.7,2.243721659,-1.,-1.481278341;                    1825P   3738
126,1,1,1,0,1,0,0.,0.,1.,1.,1.,1.,1.,0.069495948,0.,1.,             1827P   3739
0.930504052,0.,0.,1.,0.,0.,1.;                                      1827P   3740
110,2.243721659,-1.,-1.481278341,2.243721659,-1.,1.481278341;       1829P   3741
126,1,1,1,0,1,0,0.,0.,1.,1.,1.,1.,1.,0.930504052,0.,0.,             1831P   3742
0.994071146,0.,0.,1.,0.,0.,1.;                                      1831P   3743
110,2.243721659,-1.,1.481278341,2.025,1.5,1.7;                      1833P   3744
102,4,1819,1823,1827,1831;                                          1835P   3745
102,4,1821,1825,1829,1833;                                          1837P   3746
142,1,1817,1835,1837,1;                                             1839P   3747
144,1817,1,0,1839;                                                  1841P   3748
128,1,1,1,1,0,0,1,0,0,0.,0.,1.,1.,0.,0.,1.,1.,1.,1.,1.,1.,          1843P   3749
2.0151,-1.,-1.481278341,2.0151,1.5,-1.7,3.6849,-1.,                 1843P   3750
-1.481278341,3.6849,1.5,-1.7,0.,1.,0.,1.;                           1843P   3751
126,1,1,1,0,1,0,0.,0.,1.,1.,1.,1.,1.,0.005928854,0.,1.,             1845P   3752
0.994071146,0.,0.,1.,0.,0.,1.;                                      1845P   3753
110,2.025,1.5,-1.7,3.675,1.5,-1.7;                                  1847P   3754
126,1,1,1,0,1,0,0.,0.,1.,1.,1.,1.,1.,0.994071146,0.,0.,             1849P   3755
0.863084406,0.,0.,1.,0.,0.,1.;                                      1849P   3756
110,3.675,1.5,-1.7,3.456278341,-1.,-1.481278341;                    1851P   3757
126,1,1,1,0,1,0,0.,0.,1.,1.,1.,1.,0.,0.863084406,0.,0.,             1853P   3758
0.136915594,0.,0.,1.,0.,0.,1.;                                      1853P   3759
110,3.456278341,-1.,-1.481278341,2.243721659,-1.,-1.481278341;      1855P   3760
126,1,1,1,0,1,0,0.,0.,1.,1.,1.,1.,0.,0.136915594,0.,1.,             1857P   3761
0.005928854,0.,0.,1.,0.,0.,1.;                                      1857P   3762
110,2.243721659,-1.,-1.481278341,2.025,1.5,-1.7;                    1859P   3763
102,4,1845,1849,1853,1857;                                          1861P   3764
102,4,1847,1851,1855,1859;                                          1863P   3765
142,1,1843,1861,1863,1;                                             1865P   3766
144,1843,1,0,1865;                                                  1867P   3767
128,1,1,1,1,0,0,1,0,0,0.,0.,1.,1.,0.,0.,1.,1.,1.,1.,1.,1.,          1869P   3768
3.456278341,-1.,-1.7204,3.675,1.5,-1.7204,3.456278341,-1.,          1869P   3769
1.7204,3.675,1.5,1.7204,0.,1.,0.,1.;                                1869P   3770
126,1,1,1,0,1,0,0.,0.,1.,1.,1.,1.,1.,0.005928854,0.,1.,             1871P   3771
0.994071146,0.,0.,1.,0.,0.,1.;                                      1871P   3772
110,3.675,1.5,-1.7,3.675,1.5,1.7;                                   1873P   3773
126,1,1,1,0,1,0,0.,0.,1.,1.,1.,1.,1.,0.994071146,0.,0.,             1875P   3774
0.930504052,0.,0.,1.,0.,0.,1.;                                      1875P   3775
110,3.675,1.5,1.7,3.456278341,-1.,1.481278341;                      1877P   3776
126,1,1,1,0,1,0,0.,0.,1.,1.,1.,1.,0.,0.930504052,0.,0.,             1879P   3777
0.069495948,0.,0.,1.,0.,0.,1.;                                      1879P   3778
110,3.456278341,-1.,1.481278341,3.456278341,-1.,-1.481278341;       1881P   3779
126,1,1,1,0,1,0,0.,0.,1.,1.,1.,1.,0.,0.069495948,0.,1.,             1883P   3780
0.005928854,0.,0.,1.,0.,0.,1.;                                      1883P   3781
110,3.456278341,-1.,-1.481278341,3.675,1.5,-1.7;                    1885P   3782
102,4,1871,1875,1879,1883;                                          1887P   3783
102,4,1873,1877,1881,1885;                                          1889P   3784
142,1,1869,1887,1889,1;                                             1891P   3785
144,1869,1,0,1891;                                                  1893P   3786
128,1,1,1,1,0,0,1,0,0,0.,0.,1.,1.,0.,0.,1.,1.,1.,1.,1.,1.,          1895P   3787
2.0151,1.5,1.7,2.0151,-1.,1.481278341,3.6849,1.5,1.7,3.6849,        1895P   3788
-1.,1.481278341,0.,1.,0.,1.;                                        1895P   3789
126,1,1,1,0,1,0,0.,0.,1.,1.,1.,1.,0.,0.994071146,0.,0.,             1897P   3790
0.005928854,0.,0.,1.,0.,0.,1.;                                      1897P   3791
110,3.675,1.5,1.7,2.025,1.5,1.7;                                    1899P   3792
126,1,1,1,0,1,0,0.,0.,1.,1.,1.,1.,0.,0.005928854,0.,1.,             1901P   3793
0.136915594,0.,0.,1.,0.,0.,1.;                                      1901P   3794
110,2.025,1.5,1.7,2.243721659,-1.,1.481278341;                      1903P   3795
126,1,1,1,0,1,0,0.,0.,1.,1.,1.,1.,1.,0.136915594,0.,1.,             1905P   3796
0.863084406,0.,0.,1.,0.,0.,1.;                                      1905P   3797
110,2.243721659,-1.,1.481278341,3.456278341,-1.,1.481278341;        1907P   3798
126,1,1,1,0,1,0,0.,0.,1.,1.,1.,1.,1.,0.863084406,0.,0.,             1909P   3799
0.994071146,0.,0.,1.,0.,0.,1.;                                      1909P   3800
110,3.456278341,-1.,1.481278341,3.675,1.5,1.7;                      1911P   3801
102,4,1897,1901,1905,1909;                                          1913P   3802
102,4,1899,1903,1907,1911;                                          1915P   3803
142,1,1895,1913,1915,1;                                             1917P   3804
144,1895,1,0,1917;                                                  1919P   3805
128,1,1,1,1,0,0,1,0,0,0.,0.,1.,1.,0.,0.,1.,1.,1.,1.,1.,1.,          1921P   3806
2.243721659,-1.,1.481278341,2.243721659,-1.,-1.481278341,           1921P   3807
3.456278341,-1.,1.481278341,3.456278341,-1.,-1.481278341,0.,1.,     1921P   3808
0.,1.;                                                              1921P   3809
126,1,1,1,0,1,0,0.,0.,1.,1.,1.,1.,0.,0.,0.,1.,0.,0.,0.,1.,0.,       1923P   3810
0.,1.;                                                              1923P   3811
110,2.243721659,-1.,1.481278341,2.243721659,-1.,-1.481278341;       1925P   3812
126,1,1,1,0,1,0,0.,0.,1.,1.,1.,1.,1.,0.,0.,1.,1.,0.,0.,1.,0.,       1927P   3813
0.,1.;                                                              1927P   3814
110,2.243721659,-1.,-1.481278341,3.456278341,-1.,-1.481278341;      1929P   3815
126,1,1,1,0,1,0,0.,0.,1.,1.,1.,1.,1.,1.,0.,0.,1.,0.,0.,1.,0.,       1931P   3816
0.,1.;                                                              1931P   3817
110,3.456278341,-1.,-1.481278341,3.456278341,-1.,1.481278341;       1933P   3818
126,1,1,1,0,1,0,0.,0.,1.,1.,1.,1.,0.,1.,0.,0.,0.,0.,0.,1.,0.,       1935P   3819
0.,1.;                                                              1935P   3820
110,3.456278341,-1.,1.481278341,2.243721659,-1.,1.481278341;        1937P   3821
102,4,1923,1927,1931,1935;                                          1939P   3822
102,4,1925,1929,1933,1937;                                          1941P   3823
142,1,1921,1939,1941,1;                                             1943P   3824
144,1921,1,0,1943;                                                  1945P   3825
S      1G      4D   1946P   3825                                        T      1
