SolidWorks IGES file using analytic representation for surfaces         S      1
1H,,1H;,22HKailh LP Keycap.SLDPRT,36HG:\byScottua\Keyboards\Kailh\1x1.IGG      1
S,15HSolidWorks 2018,15HSolidWorks 2018,32,308,15,308,15,22HKailh LP KeyG      2
cap.SLDPRT,1.,2,2HMM,50,0.125,13H200324.122143,1E-08,499990.,6HPHFHXE,, G      3
11,0,13H200324.122143;                                                  G      4
     314       1       0       0       0                        00000200D      1
     314       0       8       1       0                               0D      2
     128       2       0       0       0                        01010000D      3
     128       0       0      73       0                               0D      4
     126      75       0       0       0                        01010500D      5
     126       0       0       2       0                               0D      6
     126      77       0       0       0                        01010000D      7
     126       0       0       4       0                               0D      8
     126      81       0       0       0                        01010500D      9
     126       0       0       5       0                               0D     10
     126      86       0       0       0                        01010000D     11
     126       0       0       4       0                               0D     12
     126      90       0       0       0                        01010500D     13
     126       0       0       7       0                               0D     14
     126      97       0       0       0                        01010000D     15
     126       0       0       9       0                               0D     16
     126     106       0       0       0                        01010500D     17
     126       0       0      11       0                               0D     18
     126     117       0       0       0                        01010000D     19
     126       0       0      24       0                               0D     20
     126     141       0       0       0                        01010500D     21
     126       0       0       3       0                               0D     22
     126     144       0       0       0                        01010000D     23
     126       0       0       9       0                               0D     24
     126     153       0       0       0                        01010500D     25
     126       0       0      11       0                               0D     26
     126     164       0       0       0                        01010000D     27
     126       0       0      10       0                               0D     28
     126     174       0       0       0                        01010500D     29
     126       0       0       7       0                               0D     30
     126     181       0       0       0                        01010000D     31
     126       0       0       9       0                               0D     32
     126     190       0       0       0                        01010500D     33
     126       0       0      13       0                               0D     34
     126     203       0       0       0                        01010000D     35
     126       0       0      24       0                               0D     36
     126     227       0       0       0                        01010500D     37
     126       0       0       3       0                               0D     38
     126     230       0       0       0                        01010000D     39
     126       0       0       9       0                               0D     40
     126     239       0       0       0                        01010500D     41
     126       0       0       6       0                               0D     42
     126     245       0       0       0                        01010000D     43
     126       0       0       8       0                               0D     44
     126     253       0       0       0                        01010500D     45
     126       0       0       2       0                               0D     46
     126     255       0       0       0                        01010000D     47
     126       0       0       5       0                               0D     48
     126     260       0       0       0                        01010500D     49
     126       0       0       2       0                               0D     50
     124     262       0       0       0                        00000000D     51
     124       0       0       3       0                               0D     52
     100     265       0       0       0              51        01010000D     53
     100       0       0       1       0                               0D     54
     102     266       0       0       0                        01010500D     55
     102       0       0       1       0                               0D     56
     102     267       0       0       0                        01010000D     57
     102       0       0       1       0                               0D     58
     142     268       0       0       0                        00010500D     59
     142       0       0       1       0                               0D     60
     144     269       0       0       0                        00000000D     61
     144       0      -1       1       0                               0D     62
     128     270       0       0       0                        01010000D     63
     128       0       0       2       0                               0D     64
     126     272       0       0       0                        01010500D     65
     126       0       0       2       0                               0D     66
     110     274       0       0       0                        01010000D     67
     110       0       0       1       0                               0D     68
     126     275       0       0       0                        01010500D     69
     126       0       0       6       0                               0D     70
     124     281       0       0       0                        00000000D     71
     124       0       0       3       0                               0D     72
     100     284       0       0       0              71        01010000D     73
     100       0       0       1       0                               0D     74
     126     285       0       0       0                        01010500D     75
     126       0       0       2       0                               0D     76
     110     287       0       0       0                        01010000D     77
     110       0       0       1       0                               0D     78
     126     288       0       0       0                        01010500D     79
     126       0       0       6       0                               0D     80
     124     294       0       0       0                        00000000D     81
     124       0       0       4       0                               0D     82
     100     298       0       0       0              81        01010000D     83
     100       0       0       1       0                               0D     84
     126     299       0       0       0                        01010500D     85
     126       0       0       2       0                               0D     86
     110     301       0       0       0                        01010000D     87
     110       0       0       1       0                               0D     88
     126     302       0       0       0                        01010500D     89
     126       0       0       6       0                               0D     90
     124     308       0       0       0                        00000000D     91
     124       0       0       2       0                               0D     92
     100     310       0       0       0              91        01010000D     93
     100       0       0       1       0                               0D     94
     126     311       0       0       0                        01010500D     95
     126       0       0       2       0                               0D     96
     110     313       0       0       0                        01010000D     97
     110       0       0       1       0                               0D     98
     126     314       0       0       0                        01010500D     99
     126       0       0       6       0                               0D    100
     124     320       0       0       0                        00000000D    101
     124       0       0       3       0                               0D    102
     100     323       0       0       0             101        01010000D    103
     100       0       0       1       0                               0D    104
     102     324       0       0       0                        01010500D    105
     102       0       0       1       0                               0D    106
     102     325       0       0       0                        01010000D    107
     102       0       0       1       0                               0D    108
     142     326       0       0       0                        00010500D    109
     142       0       0       1       0                               0D    110
     126     327       0       0       0                        01010500D    111
     126       0       0       2       0                               0D    112
     110     329       0       0       0                        01010000D    113
     110       0       0       1       0                               0D    114
     126     330       0       0       0                        01010500D    115
     126       0       0       2       0                               0D    116
     110     332       0       0       0                        01010000D    117
     110       0       0       1       0                               0D    118
     126     333       0       0       0                        01010500D    119
     126       0       0       2       0                               0D    120
     110     335       0       0       0                        01010000D    121
     110       0       0       1       0                               0D    122
     126     336       0       0       0                        01010500D    123
     126       0       0       2       0                               0D    124
     110     338       0       0       0                        01010000D    125
     110       0       0       1       0                               0D    126
     102     339       0       0       0                        01010500D    127
     102       0       0       1       0                               0D    128
     102     340       0       0       0                        01010000D    129
     102       0       0       1       0                               0D    130
     142     341       0       0       0                        00010500D    131
     142       0       0       1       0                               0D    132
     126     342       0       0       0                        01010500D    133
     126       0       0       2       0                               0D    134
     110     344       0       0       0                        01010000D    135
     110       0       0       1       0                               0D    136
     126     345       0       0       0                        01010500D    137
     126       0       0       2       0                               0D    138
     110     347       0       0       0                        01010000D    139
     110       0       0       1       0                               0D    140
     126     348       0       0       0                        01010500D    141
     126       0       0       2       0                               0D    142
     110     350       0       0       0                        01010000D    143
     110       0       0       1       0                               0D    144
     126     351       0       0       0                        01010500D    145
     126       0       0       2       0                               0D    146
     110     353       0       0       0                        01010000D    147
     110       0       0       1       0                               0D    148
     102     354       0       0       0                        01010500D    149
     102       0       0       1       0                               0D    150
     102     355       0       0       0                        01010000D    151
     102       0       0       1       0                               0D    152
     142     356       0       0       0                        00010500D    153
     142       0       0       1       0                               0D    154
     144     357       0       0       0                        00000000D    155
     144       0      -1       1       0                               0D    156
     110     358       0       0       0                        01010000D    157
     110       0       0       1       0                               0D    158
     110     359       0       0       0                        01010000D    159
     110       0       0       1       0                               0D    160
     120     360       0       0       0                        01010000D    161
     120       0       0       1       0                               0D    162
     126     361       0       0       0                        01010500D    163
     126       0       0       2       0                               0D    164
     110     363       0       0       0                        01010000D    165
     110       0       0       1       0                               0D    166
     126     364       0       0       0                        01010500D    167
     126       0       0       2       0                               0D    168
     124     366       0       0       0                        00000000D    169
     124       0       0       2       0                               0D    170
     100     368       0       0       0             169        01010000D    171
     100       0       0       1       0                               0D    172
     126     369       0       0       0                        01010500D    173
     126       0       0       2       0                               0D    174
     110     371       0       0       0                        01010000D    175
     110       0       0       1       0                               0D    176
     126     372       0       0       0                        01010500D    177
     126       0       0       2       0                               0D    178
     124     374       0       0       0                        00000000D    179
     124       0       0       4       0                               0D    180
     100     378       0       0       0             179        01010000D    181
     100       0       0       1       0                               0D    182
     102     379       0       0       0                        01010500D    183
     102       0       0       1       0                               0D    184
     102     380       0       0       0                        01010000D    185
     102       0       0       1       0                               0D    186
     142     381       0       0       0                        00010500D    187
     142       0       0       1       0                               0D    188
     144     382       0       0       0                        00000000D    189
     144       0      -1       1       0                               0D    190
     128     383       0       0       0                        01010000D    191
     128       0       0       2       0                               0D    192
     126     385       0       0       0                        01010500D    193
     126       0       0       2       0                               0D    194
     110     387       0       0       0                        01010000D    195
     110       0       0       1       0                               0D    196
     126     388       0       0       0                        01010500D    197
     126       0       0       2       0                               0D    198
     110     390       0       0       0                        01010000D    199
     110       0       0       1       0                               0D    200
     126     391       0       0       0                        01010500D    201
     126       0       0       2       0                               0D    202
     110     393       0       0       0                        01010000D    203
     110       0       0       1       0                               0D    204
     126     394       0       0       0                        01010500D    205
     126       0       0       2       0                               0D    206
     110     396       0       0       0                        01010000D    207
     110       0       0       1       0                               0D    208
     102     397       0       0       0                        01010500D    209
     102       0       0       1       0                               0D    210
     102     398       0       0       0                        01010000D    211
     102       0       0       1       0                               0D    212
     142     399       0       0       0                        00010500D    213
     142       0       0       1       0                               0D    214
     144     400       0       0       0                        00000000D    215
     144       0      -1       1       0                               0D    216
     110     401       0       0       0                        01010000D    217
     110       0       0       1       0                               0D    218
     110     402       0       0       0                        01010000D    219
     110       0       0       1       0                               0D    220
     120     403       0       0       0                        01010000D    221
     120       0       0       1       0                               0D    222
     126     404       0       0       0                        01010500D    223
     126       0       0       2       0                               0D    224
     110     406       0       0       0                        01010000D    225
     110       0       0       1       0                               0D    226
     126     407       0       0       0                        01010500D    227
     126       0       0       2       0                               0D    228
     124     409       0       0       0                        00000000D    229
     124       0       0       3       0                               0D    230
     100     412       0       0       0             229        01010000D    231
     100       0       0       1       0                               0D    232
     126     413       0       0       0                        01010500D    233
     126       0       0       2       0                               0D    234
     110     415       0       0       0                        01010000D    235
     110       0       0       1       0                               0D    236
     126     416       0       0       0                        01010500D    237
     126       0       0       2       0                               0D    238
     124     418       0       0       0                        00000000D    239
     124       0       0       2       0                               0D    240
     100     420       0       0       0             239        01010000D    241
     100       0       0       1       0                               0D    242
     102     421       0       0       0                        01010500D    243
     102       0       0       1       0                               0D    244
     102     422       0       0       0                        01010000D    245
     102       0       0       1       0                               0D    246
     142     423       0       0       0                        00010500D    247
     142       0       0       1       0                               0D    248
     144     424       0       0       0                        00000000D    249
     144       0      -1       1       0                               0D    250
     128     425       0       0       0                        01010000D    251
     128       0       0       2       0                               0D    252
     126     427       0       0       0                        01010500D    253
     126       0       0       2       0                               0D    254
     110     429       0       0       0                        01010000D    255
     110       0       0       1       0                               0D    256
     126     430       0       0       0                        01010500D    257
     126       0       0       2       0                               0D    258
     110     432       0       0       0                        01010000D    259
     110       0       0       1       0                               0D    260
     126     433       0       0       0                        01010500D    261
     126       0       0       2       0                               0D    262
     110     435       0       0       0                        01010000D    263
     110       0       0       1       0                               0D    264
     126     436       0       0       0                        01010500D    265
     126       0       0       2       0                               0D    266
     110     438       0       0       0                        01010000D    267
     110       0       0       1       0                               0D    268
     102     439       0       0       0                        01010500D    269
     102       0       0       1       0                               0D    270
     102     440       0       0       0                        01010000D    271
     102       0       0       1       0                               0D    272
     142     441       0       0       0                        00010500D    273
     142       0       0       1       0                               0D    274
     144     442       0       0       0                        00000000D    275
     144       0      -1       1       0                               0D    276
     110     443       0       0       0                        01010000D    277
     110       0       0       1       0                               0D    278
     110     444       0       0       0                        01010000D    279
     110       0       0       1       0                               0D    280
     120     445       0       0       0                        01010000D    281
     120       0       0       1       0                               0D    282
     126     446       0       0       0                        01010500D    283
     126       0       0       2       0                               0D    284
     110     448       0       0       0                        01010000D    285
     110       0       0       1       0                               0D    286
     126     449       0       0       0                        01010500D    287
     126       0       0       2       0                               0D    288
     124     451       0       0       0                        00000000D    289
     124       0       0       3       0                               0D    290
     100     454       0       0       0             289        01010000D    291
     100       0       0       1       0                               0D    292
     126     455       0       0       0                        01010500D    293
     126       0       0       2       0                               0D    294
     110     457       0       0       0                        01010000D    295
     110       0       0       1       0                               0D    296
     126     458       0       0       0                        01010500D    297
     126       0       0       2       0                               0D    298
     124     460       0       0       0                        00000000D    299
     124       0       0       3       0                               0D    300
     100     463       0       0       0             299        01010000D    301
     100       0       0       1       0                               0D    302
     102     464       0       0       0                        01010500D    303
     102       0       0       1       0                               0D    304
     102     465       0       0       0                        01010000D    305
     102       0       0       1       0                               0D    306
     142     466       0       0       0                        00010500D    307
     142       0       0       1       0                               0D    308
     144     467       0       0       0                        00000000D    309
     144       0      -1       1       0                               0D    310
     128     468       0       0       0                        01010000D    311
     128       0       0       2       0                               0D    312
     126     470       0       0       0                        01010500D    313
     126       0       0       2       0                               0D    314
     110     472       0       0       0                        01010000D    315
     110       0       0       1       0                               0D    316
     126     473       0       0       0                        01010500D    317
     126       0       0       2       0                               0D    318
     110     475       0       0       0                        01010000D    319
     110       0       0       1       0                               0D    320
     126     476       0       0       0                        01010500D    321
     126       0       0       2       0                               0D    322
     110     478       0       0       0                        01010000D    323
     110       0       0       1       0                               0D    324
     126     479       0       0       0                        01010500D    325
     126       0       0       2       0                               0D    326
     110     481       0       0       0                        01010000D    327
     110       0       0       1       0                               0D    328
     102     482       0       0       0                        01010500D    329
     102       0       0       1       0                               0D    330
     102     483       0       0       0                        01010000D    331
     102       0       0       1       0                               0D    332
     142     484       0       0       0                        00010500D    333
     142       0       0       1       0                               0D    334
     144     485       0       0       0                        00000000D    335
     144       0      -1       1       0                               0D    336
     110     486       0       0       0                        01010000D    337
     110       0       0       1       0                               0D    338
     110     487       0       0       0                        01010000D    339
     110       0       0       1       0                               0D    340
     120     488       0       0       0                        01010000D    341
     120       0       0       1       0                               0D    342
     126     489       0       0       0                        01010500D    343
     126       0       0       2       0                               0D    344
     110     491       0       0       0                        01010000D    345
     110       0       0       1       0                               0D    346
     126     492       0       0       0                        01010500D    347
     126       0       0       2       0                               0D    348
     124     494       0       0       0                        00000000D    349
     124       0       0       3       0                               0D    350
     100     497       0       0       0             349        01010000D    351
     100       0       0       1       0                               0D    352
     126     498       0       0       0                        01010500D    353
     126       0       0       2       0                               0D    354
     110     500       0       0       0                        01010000D    355
     110       0       0       1       0                               0D    356
     126     501       0       0       0                        01010500D    357
     126       0       0       2       0                               0D    358
     124     503       0       0       0                        00000000D    359
     124       0       0       3       0                               0D    360
     100     506       0       0       0             359        01010000D    361
     100       0       0       1       0                               0D    362
     102     507       0       0       0                        01010500D    363
     102       0       0       1       0                               0D    364
     102     508       0       0       0                        01010000D    365
     102       0       0       1       0                               0D    366
     142     509       0       0       0                        00010500D    367
     142       0       0       1       0                               0D    368
     144     510       0       0       0                        00000000D    369
     144       0      -1       1       0                               0D    370
     128     511       0       0       0                        01010000D    371
     128       0       0       2       0                               0D    372
     126     513       0       0       0                        01010500D    373
     126       0       0       2       0                               0D    374
     110     515       0       0       0                        01010000D    375
     110       0       0       1       0                               0D    376
     126     516       0       0       0                        01010500D    377
     126       0       0       2       0                               0D    378
     110     518       0       0       0                        01010000D    379
     110       0       0       1       0                               0D    380
     126     519       0       0       0                        01010500D    381
     126       0       0       2       0                               0D    382
     110     521       0       0       0                        01010000D    383
     110       0       0       1       0                               0D    384
     126     522       0       0       0                        01010500D    385
     126       0       0       2       0                               0D    386
     110     524       0       0       0                        01010000D    387
     110       0       0       1       0                               0D    388
     102     525       0       0       0                        01010500D    389
     102       0       0       1       0                               0D    390
     102     526       0       0       0                        01010000D    391
     102       0       0       1       0                               0D    392
     142     527       0       0       0                        00010500D    393
     142       0       0       1       0                               0D    394
     144     528       0       0       0                        00000000D    395
     144       0      -1       1       0                               0D    396
     128     529       0       0       0                        01010000D    397
     128       0       0       4       0                               0D    398
     126     533       0       0       0                        01010500D    399
     126       0       0       2       0                               0D    400
     110     535       0       0       0                        01010000D    401
     110       0       0       1       0                               0D    402
     126     536       0       0       0                        01010500D    403
     126       0       0       7       0                               0D    404
     124     543       0       0       0                        00000000D    405
     124       0       0       3       0                               0D    406
     100     546       0       0       0             405        01010000D    407
     100       0       0       1       0                               0D    408
     126     547       0       0       0                        01010500D    409
     126       0       0       2       0                               0D    410
     110     549       0       0       0                        01010000D    411
     110       0       0       1       0                               0D    412
     126     550       0       0       0                        01010500D    413
     126       0       0       7       0                               0D    414
     124     557       0       0       0                        00000000D    415
     124       0       0       3       0                               0D    416
     100     560       0       0       0             415        01010000D    417
     100       0       0       1       0                               0D    418
     126     561       0       0       0                        01010500D    419
     126       0       0       2       0                               0D    420
     110     563       0       0       0                        01010000D    421
     110       0       0       1       0                               0D    422
     126     564       0       0       0                        01010500D    423
     126       0       0       7       0                               0D    424
     124     571       0       0       0                        00000000D    425
     124       0       0       4       0                               0D    426
     100     575       0       0       0             425        01010000D    427
     100       0       0       1       0                               0D    428
     126     576       0       0       0                        01010500D    429
     126       0       0       2       0                               0D    430
     110     578       0       0       0                        01010000D    431
     110       0       0       1       0                               0D    432
     126     579       0       0       0                        01010500D    433
     126       0       0       7       0                               0D    434
     124     586       0       0       0                        00000000D    435
     124       0       0       2       0                               0D    436
     100     588       0       0       0             435        01010000D    437
     100       0       0       1       0                               0D    438
     102     589       0       0       0                        01010500D    439
     102       0       0       1       0                               0D    440
     102     590       0       0       0                        01010000D    441
     102       0       0       1       0                               0D    442
     142     591       0       0       0                        00010500D    443
     142       0       0       1       0                               0D    444
     126     592       0       0       0                        01010500D    445
     126       0       0       9       0                               0D    446
     126     601       0       0       0                        01010000D    447
     126       0       0       5       0                               0D    448
     126     606       0       0       0                        01010500D    449
     126       0       0      19       0                               0D    450
     126     625       0       0       0                        01010000D    451
     126       0       0      10       0                               0D    452
     126     635       0       0       0                        01010500D    453
     126       0       0       9       0                               0D    454
     126     644       0       0       0                        01010000D    455
     126       0       0       5       0                               0D    456
     126     649       0       0       0                        01010500D    457
     126       0       0      20       0                               0D    458
     126     669       0       0       0                        01010000D    459
     126       0       0      10       0                               0D    460
     126     679       0       0       0                        01010500D    461
     126       0       0       9       0                               0D    462
     126     688       0       0       0                        01010000D    463
     126       0       0       4       0                               0D    464
     126     692       0       0       0                        01010500D    465
     126       0       0      19       0                               0D    466
     126     711       0       0       0                        01010000D    467
     126       0       0      10       0                               0D    468
     126     721       0       0       0                        01010500D    469
     126       0       0       9       0                               0D    470
     126     730       0       0       0                        01010000D    471
     126       0       0       5       0                               0D    472
     126     735       0       0       0                        01010500D    473
     126       0       0      17       0                               0D    474
     126     752       0       0       0                        01010000D    475
     126       0       0       9       0                               0D    476
     102     761       0       0       0                        01010500D    477
     102       0       0       1       0                               0D    478
     102     762       0       0       0                        01010000D    479
     102       0       0       1       0                               0D    480
     142     763       0       0       0                        00010500D    481
     142       0       0       1       0                               0D    482
     144     764       0       0       0                        00000000D    483
     144       0      -1       1       0                               0D    484
     128     765       0       0       0                        01010000D    485
     128       0       0       2       0                               0D    486
     126     767       0       0       0                        01010500D    487
     126       0       0       2       0                               0D    488
     110     769       0       0       0                        01010000D    489
     110       0       0       1       0                               0D    490
     126     770       0       0       0                        01010500D    491
     126       0       0      11       0                               0D    492
     124     781       0       0       0                        00000000D    493
     124       0       0       2       0                               0D    494
     100     783       0       0       0             493        01010000D    495
     100       0       0       1       0                               0D    496
     126     784       0       0       0                        01010500D    497
     126       0       0       2       0                               0D    498
     110     786       0       0       0                        01010000D    499
     110       0       0       1       0                               0D    500
     126     787       0       0       0                        01010500D    501
     126       0       0      11       0                               0D    502
     124     798       0       0       0                        00000000D    503
     124       0       0       3       0                               0D    504
     100     801       0       0       0             503        01010000D    505
     100       0       0       1       0                               0D    506
     126     802       0       0       0                        01010500D    507
     126       0       0       2       0                               0D    508
     110     804       0       0       0                        01010000D    509
     110       0       0       1       0                               0D    510
     126     805       0       0       0                        01010500D    511
     126       0       0      11       0                               0D    512
     124     816       0       0       0                        00000000D    513
     124       0       0       3       0                               0D    514
     100     819       0       0       0             513        01010000D    515
     100       0       0       1       0                               0D    516
     126     820       0       0       0                        01010500D    517
     126       0       0       2       0                               0D    518
     110     822       0       0       0                        01010000D    519
     110       0       0       1       0                               0D    520
     126     823       0       0       0                        01010500D    521
     126       0       0      11       0                               0D    522
     124     834       0       0       0                        00000000D    523
     124       0       0       4       0                               0D    524
     100     838       0       0       0             523        01010000D    525
     100       0       0       1       0                               0D    526
     102     839       0       0       0                        01010500D    527
     102       0       0       1       0                               0D    528
     102     840       0       0       0                        01010000D    529
     102       0       0       1       0                               0D    530
     142     841       0       0       0                        00010500D    531
     142       0       0       1       0                               0D    532
     126     842       0       0       0                        01010500D    533
     126       0       0       2       0                               0D    534
     110     844       0       0       0                        01010000D    535
     110       0       0       1       0                               0D    536
     126     845       0       0       0                        01010500D    537
     126       0       0      11       0                               0D    538
     124     856       0       0       0                        00000000D    539
     124       0       0       2       0                               0D    540
     100     858       0       0       0             539        01010000D    541
     100       0       0       1       0                               0D    542
     126     859       0       0       0                        01010500D    543
     126       0       0       2       0                               0D    544
     110     861       0       0       0                        01010000D    545
     110       0       0       1       0                               0D    546
     126     862       0       0       0                        01010500D    547
     126       0       0      11       0                               0D    548
     124     873       0       0       0                        00000000D    549
     124       0       0       3       0                               0D    550
     100     876       0       0       0             549        01010000D    551
     100       0       0       1       0                               0D    552
     126     877       0       0       0                        01010500D    553
     126       0       0       2       0                               0D    554
     110     879       0       0       0                        01010000D    555
     110       0       0       1       0                               0D    556
     126     880       0       0       0                        01010500D    557
     126       0       0      11       0                               0D    558
     124     891       0       0       0                        00000000D    559
     124       0       0       3       0                               0D    560
     100     894       0       0       0             559        01010000D    561
     100       0       0       1       0                               0D    562
     126     895       0       0       0                        01010500D    563
     126       0       0       2       0                               0D    564
     110     897       0       0       0                        01010000D    565
     110       0       0       1       0                               0D    566
     126     898       0       0       0                        01010500D    567
     126       0       0      11       0                               0D    568
     124     909       0       0       0                        00000000D    569
     124       0       0       4       0                               0D    570
     100     913       0       0       0             569        01010000D    571
     100       0       0       1       0                               0D    572
     102     914       0       0       0                        01010500D    573
     102       0       0       1       0                               0D    574
     102     915       0       0       0                        01010000D    575
     102       0       0       1       0                               0D    576
     142     916       0       0       0                        00010500D    577
     142       0       0       1       0                               0D    578
     144     917       0       0       0                        00000000D    579
     144       0      -1       1       0                               0D    580
     128     918       0       0       0                        01010000D    581
     128       0       0       4       0                               0D    582
     126     922       0       0       0                        01010500D    583
     126       0       0      22       0                               0D    584
     124     944       0       0       0                        00000000D    585
     124       0       0       2       0                               0D    586
     100     946       0       0       0             585        01010000D    587
     100       0       0       1       0                               0D    588
     126     947       0       0       0                        01010500D    589
     126       0       0      22       0                               0D    590
     124     969       0       0       0                        00000000D    591
     124       0       0       3       0                               0D    592
     100     972       0       0       0             591        01010000D    593
     100       0       0       1       0                               0D    594
     102     973       0       0       0                        01010500D    595
     102       0       0       1       0                               0D    596
     102     974       0       0       0                        01010000D    597
     102       0       0       1       0                               0D    598
     142     975       0       0       0                        00010500D    599
     142       0       0       1       0                               0D    600
     144     976       0       0       0                        00000000D    601
     144       0      -1       1       0                               0D    602
     128     977       0       0       0                        01010000D    603
     128       0       0      69       0                               0D    604
     126    1046       0       0       0                        01010500D    605
     126       0       0       4       0                               0D    606
     126    1050       0       0       0                        01010000D    607
     126       0       0       4       0                               0D    608
     126    1054       0       0       0                        01010500D    609
     126       0       0       7       0                               0D    610
     126    1061       0       0       0                        01010000D    611
     126       0       0      10       0                               0D    612
     126    1071       0       0       0                        01010500D    613
     126       0       0      13       0                               0D    614
     126    1084       0       0       0                        01010000D    615
     126       0       0      25       0                               0D    616
     126    1109       0       0       0                        01010500D    617
     126       0       0       3       0                               0D    618
     126    1112       0       0       0                        01010000D    619
     126       0       0       9       0                               0D    620
     126    1121       0       0       0                        01010500D    621
     126       0       0       9       0                               0D    622
     126    1130       0       0       0                        01010000D    623
     126       0       0      10       0                               0D    624
     126    1140       0       0       0                        01010500D    625
     126       0       0       7       0                               0D    626
     126    1147       0       0       0                        01010000D    627
     126       0       0       9       0                               0D    628
     126    1156       0       0       0                        01010500D    629
     126       0       0      13       0                               0D    630
     126    1169       0       0       0                        01010000D    631
     126       0       0       6       0                               0D    632
     126    1175       0       0       0                        01010500D    633
     126       0       0       3       0                               0D    634
     126    1178       0       0       0                        01010000D    635
     126       0       0       9       0                               0D    636
     126    1187       0       0       0                        01010500D    637
     126       0       0       6       0                               0D    638
     126    1193       0       0       0                        01010000D    639
     126       0       0       9       0                               0D    640
     126    1202       0       0       0                        01010500D    641
     126       0       0       2       0                               0D    642
     126    1204       0       0       0                        01010000D    643
     126       0       0       4       0                               0D    644
     126    1208       0       0       0                        01010500D    645
     126       0       0       2       0                               0D    646
     124    1210       0       0       0                        00000000D    647
     124       0       0       2       0                               0D    648
     100    1212       0       0       0             647        01010000D    649
     100       0       0       1       0                               0D    650
     126    1213       0       0       0                        01010500D    651
     126       0       0       2       0                               0D    652
     126    1215       0       0       0                        01010000D    653
     126       0       0       5       0                               0D    654
     102    1220       0       0       0                        01010500D    655
     102       0       0       1       0                               0D    656
     102    1221       0       0       0                        01010000D    657
     102       0       0       1       0                               0D    658
     142    1222       0       0       0                        00010500D    659
     142       0       0       1       0                               0D    660
     144    1223       0       0       0                        00000000D    661
     144       0      -1       1       0                               0D    662
     128    1224       0       0       0                        01010000D    663
     128       0       0     110       0                               0D    664
     126    1334       0       0       0                        01010500D    665
     126       0       0       2       0                               0D    666
     124    1336       0       0       0                        00000000D    667
     124       0       0       4       0                               0D    668
     100    1340       0       0       0             667        01010000D    669
     100       0       0       1       0                               0D    670
     126    1341       0       0       0                        01010500D    671
     126       0       0       2       0                               0D    672
     124    1343       0       0       0                        00000000D    673
     124       0       0       4       0                               0D    674
     100    1347       0       0       0             673        01010000D    675
     100       0       0       1       0                               0D    676
     126    1348       0       0       0                        01010500D    677
     126       0       0       2       0                               0D    678
     100    1350       0       0       0                        01010000D    679
     100       0       0       1       0                               0D    680
     126    1351       0       0       0                        01010500D    681
     126       0       0       2       0                               0D    682
     124    1353       0       0       0                        00000000D    683
     124       0       0       2       0                               0D    684
     100    1355       0       0       0             683        01010000D    685
     100       0       0       1       0                               0D    686
     102    1356       0       0       0                        01010500D    687
     102       0       0       1       0                               0D    688
     102    1357       0       0       0                        01010000D    689
     102       0       0       1       0                               0D    690
     142    1358       0       0       0                        00010500D    691
     142       0       0       1       0                               0D    692
     144    1359       0       0       0                        00000000D    693
     144       0      -1       1       0                               0D    694
     110    1360       0       0       0                        01010000D    695
     110       0       0       1       0                               0D    696
     110    1361       0       0       0                        01010000D    697
     110       0       0       1       0                               0D    698
     120    1362       0       0       0                        01010000D    699
     120       0       0       1       0                               0D    700
     126    1363       0       0       0                        01010500D    701
     126       0       0       2       0                               0D    702
     124    1365       0       0       0                        00000000D    703
     124       0       0       3       0                               0D    704
     100    1368       0       0       0             703        01010000D    705
     100       0       0       1       0                               0D    706
     126    1369       0       0       0                        01010500D    707
     126       0       0       2       0                               0D    708
     110    1371       0       0       0                        01010000D    709
     110       0       0       1       0                               0D    710
     126    1372       0       0       0                        01010500D    711
     126       0       0       2       0                               0D    712
     100    1374       0       0       0                        01010000D    713
     100       0       0       1       0                               0D    714
     126    1375       0       0       0                        01010500D    715
     126       0       0       2       0                               0D    716
     110    1377       0       0       0                        01010000D    717
     110       0       0       1       0                               0D    718
     102    1378       0       0       0                        01010500D    719
     102       0       0       1       0                               0D    720
     102    1379       0       0       0                        01010000D    721
     102       0       0       1       0                               0D    722
     142    1380       0       0       0                        00010500D    723
     142       0       0       1       0                               0D    724
     144    1381       0       0       0                        00000000D    725
     144       0      -1       1       0                               0D    726
     110    1382       0       0       0                        01010000D    727
     110       0       0       1       0                               0D    728
     110    1383       0       0       0                        01010000D    729
     110       0       0       1       0                               0D    730
     120    1384       0       0       0                        01010000D    731
     120       0       0       1       0                               0D    732
     126    1385       0       0       0                        01010500D    733
     126       0       0       2       0                               0D    734
     124    1387       0       0       0                        00000000D    735
     124       0       0       2       0                               0D    736
     100    1389       0       0       0             735        01010000D    737
     100       0       0       1       0                               0D    738
     126    1390       0       0       0                        01010500D    739
     126       0       0       2       0                               0D    740
     110    1392       0       0       0                        01010000D    741
     110       0       0       1       0                               0D    742
     126    1393       0       0       0                        01010500D    743
     126       0       0       2       0                               0D    744
     124    1395       0       0       0                        00000000D    745
     124       0       0       3       0                               0D    746
     100    1398       0       0       0             745        01010000D    747
     100       0       0       1       0                               0D    748
     126    1399       0       0       0                        01010500D    749
     126       0       0       2       0                               0D    750
     110    1401       0       0       0                        01010000D    751
     110       0       0       1       0                               0D    752
     102    1402       0       0       0                        01010500D    753
     102       0       0       1       0                               0D    754
     102    1403       0       0       0                        01010000D    755
     102       0       0       1       0                               0D    756
     142    1404       0       0       0                        00010500D    757
     142       0       0       1       0                               0D    758
     144    1405       0       0       0                        00000000D    759
     144       0      -1       1       0                               0D    760
     128    1406       0       0       0                        01010000D    761
     128       0       0     113       0                               0D    762
     126    1519       0       0       0                        01010500D    763
     126       0       0       2       0                               0D    764
     124    1521       0       0       0                        00000000D    765
     124       0       0       3       0                               0D    766
     100    1524       0       0       0             765        01010000D    767
     100       0       0       1       0                               0D    768
     126    1525       0       0       0                        01010500D    769
     126       0       0       2       0                               0D    770
     124    1527       0       0       0                        00000000D    771
     124       0       0       2       0                               0D    772
     100    1529       0       0       0             771        01010000D    773
     100       0       0       1       0                               0D    774
     126    1530       0       0       0                        01010500D    775
     126       0       0       2       0                               0D    776
     124    1532       0       0       0                        00000000D    777
     124       0       0       2       0                               0D    778
     100    1534       0       0       0             777        01010000D    779
     100       0       0       1       0                               0D    780
     126    1535       0       0       0                        01010500D    781
     126       0       0       2       0                               0D    782
     124    1537       0       0       0                        00000000D    783
     124       0       0       4       0                               0D    784
     100    1541       0       0       0             783        01010000D    785
     100       0       0       1       0                               0D    786
     102    1542       0       0       0                        01010500D    787
     102       0       0       1       0                               0D    788
     102    1543       0       0       0                        01010000D    789
     102       0       0       1       0                               0D    790
     142    1544       0       0       0                        00010500D    791
     142       0       0       1       0                               0D    792
     144    1545       0       0       0                        00000000D    793
     144       0      -1       1       0                               0D    794
     128    1546       0       0       0                        01010000D    795
     128       0       0     113       0                               0D    796
     126    1659       0       0       0                        01010500D    797
     126       0       0       2       0                               0D    798
     124    1661       0       0       0                        00000000D    799
     124       0       0       2       0                               0D    800
     100    1663       0       0       0             799        01010000D    801
     100       0       0       1       0                               0D    802
     126    1664       0       0       0                        01010500D    803
     126       0       0       2       0                               0D    804
     124    1666       0       0       0                        00000000D    805
     124       0       0       3       0                               0D    806
     100    1669       0       0       0             805        01010000D    807
     100       0       0       1       0                               0D    808
     126    1670       0       0       0                        01010500D    809
     126       0       0       2       0                               0D    810
     100    1672       0       0       0                        01010000D    811
     100       0       0       1       0                               0D    812
     126    1673       0       0       0                        01010500D    813
     126       0       0       2       0                               0D    814
     124    1675       0       0       0                        00000000D    815
     124       0       0       3       0                               0D    816
     100    1678       0       0       0             815        01010000D    817
     100       0       0       1       0                               0D    818
     102    1679       0       0       0                        01010500D    819
     102       0       0       1       0                               0D    820
     102    1680       0       0       0                        01010000D    821
     102       0       0       1       0                               0D    822
     142    1681       0       0       0                        00010500D    823
     142       0       0       1       0                               0D    824
     144    1682       0       0       0                        00000000D    825
     144       0      -1       1       0                               0D    826
     110    1683       0       0       0                        01010000D    827
     110       0       0       1       0                               0D    828
     110    1684       0       0       0                        01010000D    829
     110       0       0       1       0                               0D    830
     120    1685       0       0       0                        01010000D    831
     120       0       0       1       0                               0D    832
     126    1686       0       0       0                        01010500D    833
     126       0       0       2       0                               0D    834
     124    1688       0       0       0                        00000000D    835
     124       0       0       4       0                               0D    836
     100    1692       0       0       0             835        01010000D    837
     100       0       0       1       0                               0D    838
     126    1693       0       0       0                        01010500D    839
     126       0       0       2       0                               0D    840
     110    1695       0       0       0                        01010000D    841
     110       0       0       1       0                               0D    842
     126    1696       0       0       0                        01010500D    843
     126       0       0       2       0                               0D    844
     124    1698       0       0       0                        00000000D    845
     124       0       0       2       0                               0D    846
     100    1700       0       0       0             845        01010000D    847
     100       0       0       1       0                               0D    848
     126    1701       0       0       0                        01010500D    849
     126       0       0       2       0                               0D    850
     110    1703       0       0       0                        01010000D    851
     110       0       0       1       0                               0D    852
     102    1704       0       0       0                        01010500D    853
     102       0       0       1       0                               0D    854
     102    1705       0       0       0                        01010000D    855
     102       0       0       1       0                               0D    856
     142    1706       0       0       0                        00010500D    857
     142       0       0       1       0                               0D    858
     144    1707       0       0       0                        00000000D    859
     144       0      -1       1       0                               0D    860
     110    1708       0       0       0                        01010000D    861
     110       0       0       1       0                               0D    862
     110    1709       0       0       0                        01010000D    863
     110       0       0       1       0                               0D    864
     120    1710       0       0       0                        01010000D    865
     120       0       0       1       0                               0D    866
     126    1711       0       0       0                        01010500D    867
     126       0       0       2       0                               0D    868
     124    1713       0       0       0                        00000000D    869
     124       0       0       5       0                               0D    870
     100    1718       0       0       0             869        01010000D    871
     100       0       0       1       0                               0D    872
     126    1719       0       0       0                        01010500D    873
     126       0       0       2       0                               0D    874
     110    1721       0       0       0                        01010000D    875
     110       0       0       1       0                               0D    876
     126    1722       0       0       0                        01010500D    877
     126       0       0       2       0                               0D    878
     100    1724       0       0       0                        01010000D    879
     100       0       0       1       0                               0D    880
     126    1725       0       0       0                        01010500D    881
     126       0       0       2       0                               0D    882
     110    1727       0       0       0                        01010000D    883
     110       0       0       1       0                               0D    884
     102    1728       0       0       0                        01010500D    885
     102       0       0       1       0                               0D    886
     102    1729       0       0       0                        01010000D    887
     102       0       0       1       0                               0D    888
     142    1730       0       0       0                        00010500D    889
     142       0       0       1       0                               0D    890
     144    1731       0       0       0                        00000000D    891
     144       0      -1       1       0                               0D    892
     128    1732       0       0       0                        01010000D    893
     128       0       0     115       0                               0D    894
     126    1847       0       0       0                        01010500D    895
     126       0       0       2       0                               0D    896
     124    1849       0       0       0                        00000000D    897
     124       0       0       3       0                               0D    898
     100    1852       0       0       0             897        01010000D    899
     100       0       0       1       0                               0D    900
     126    1853       0       0       0                        01010500D    901
     126       0       0       2       0                               0D    902
     124    1855       0       0       0                        00000000D    903
     124       0       0       3       0                               0D    904
     100    1858       0       0       0             903        01010000D    905
     100       0       0       1       0                               0D    906
     126    1859       0       0       0                        01010500D    907
     126       0       0       2       0                               0D    908
     124    1861       0       0       0                        00000000D    909
     124       0       0       4       0                               0D    910
     100    1865       0       0       0             909        01010000D    911
     100       0       0       1       0                               0D    912
     126    1866       0       0       0                        01010500D    913
     126       0       0       2       0                               0D    914
     124    1868       0       0       0                        00000000D    915
     124       0       0       3       0                               0D    916
     100    1871       0       0       0             915        01010000D    917
     100       0       0       1       0                               0D    918
     102    1872       0       0       0                        01010500D    919
     102       0       0       1       0                               0D    920
     102    1873       0       0       0                        01010000D    921
     102       0       0       1       0                               0D    922
     142    1874       0       0       0                        00010500D    923
     142       0       0       1       0                               0D    924
     144    1875       0       0       0                        00000000D    925
     144       0      -1       1       0                               0D    926
     128    1876       0       0       0                        01010000D    927
     128       0       0     129       0                               0D    928
     126    2005       0       0       0                        01010500D    929
     126       0       0       2       0                               0D    930
     124    2007       0       0       0                        00000000D    931
     124       0       0       4       0                               0D    932
     100    2011       0       0       0             931        01010000D    933
     100       0       0       1       0                               0D    934
     126    2012       0       0       0                        01010500D    935
     126       0       0       2       0                               0D    936
     126    2014       0       0       0                        01010000D    937
     126       0       0      10       0                               0D    938
     126    2024       0       0       0                        01010500D    939
     126       0       0       2       0                               0D    940
     124    2026       0       0       0                        00000000D    941
     124       0       0       4       0                               0D    942
     100    2030       0       0       0             941        01010000D    943
     100       0       0       1       0                               0D    944
     126    2031       0       0       0                        01010500D    945
     126       0       0       2       0                               0D    946
     126    2033       0       0       0                        01010000D    947
     126       0       0       9       0                               0D    948
     126    2042       0       0       0                        01010500D    949
     126       0       0       2       0                               0D    950
     126    2044       0       0       0                        01010000D    951
     126       0       0      10       0                               0D    952
     126    2054       0       0       0                        01010500D    953
     126       0       0       2       0                               0D    954
     126    2056       0       0       0                        01010000D    955
     126       0       0       9       0                               0D    956
     102    2065       0       0       0                        01010500D    957
     102       0       0       1       0                               0D    958
     102    2066       0       0       0                        01010000D    959
     102       0       0       1       0                               0D    960
     142    2067       0       0       0                        00010500D    961
     142       0       0       1       0                               0D    962
     144    2068       0       0       0                        00000000D    963
     144       0      -1       1       0                               0D    964
     128    2069       0       0       0                        01010000D    965
     128       0       0      63       0                               0D    966
     126    2132       0       0       0                        01010500D    967
     126       0       0       2       0                               0D    968
     124    2134       0       0       0                        00000000D    969
     124       0       0       4       0                               0D    970
     100    2138       0       0       0             969        01010000D    971
     100       0       0       1       0                               0D    972
     126    2139       0       0       0                        01010500D    973
     126       0       0       2       0                               0D    974
     126    2141       0       0       0                        01010000D    975
     126       0       0       4       0                               0D    976
     126    2145       0       0       0                        01010500D    977
     126       0       0       2       0                               0D    978
     124    2147       0       0       0                        00000000D    979
     124       0       0       4       0                               0D    980
     100    2151       0       0       0             979        01010000D    981
     100       0       0       2       0                               0D    982
     126    2153       0       0       0                        01010500D    983
     126       0       0       2       0                               0D    984
     126    2155       0       0       0                        01010000D    985
     126       0       0      24       0                               0D    986
     102    2179       0       0       0                        01010500D    987
     102       0       0       1       0                               0D    988
     102    2180       0       0       0                        01010000D    989
     102       0       0       1       0                               0D    990
     142    2181       0       0       0                        00010500D    991
     142       0       0       1       0                               0D    992
     144    2182       0       0       0                        00000000D    993
     144       0      -1       1       0                               0D    994
     128    2183       0       0       0                        01010000D    995
     128       0       0      66       0                               0D    996
     126    2249       0       0       0                        01010500D    997
     126       0       0       2       0                               0D    998
     124    2251       0       0       0                        00000000D    999
     124       0       0       4       0                               0D   1000
     100    2255       0       0       0             999        01010000D   1001
     100       0       0       1       0                               0D   1002
     126    2256       0       0       0                        01010500D   1003
     126       0       0       2       0                               0D   1004
     126    2258       0       0       0                        01010000D   1005
     126       0       0      24       0                               0D   1006
     126    2282       0       0       0                        01010500D   1007
     126       0       0       2       0                               0D   1008
     124    2284       0       0       0                        00000000D   1009
     124       0       0       4       0                               0D   1010
     100    2288       0       0       0            1009        01010000D   1011
     100       0       0       2       0                               0D   1012
     126    2290       0       0       0                        01010500D   1013
     126       0       0       2       0                               0D   1014
     126    2292       0       0       0                        01010000D   1015
     126       0       0       5       0                               0D   1016
     102    2297       0       0       0                        01010500D   1017
     102       0       0       1       0                               0D   1018
     102    2298       0       0       0                        01010000D   1019
     102       0       0       1       0                               0D   1020
     142    2299       0       0       0                        00010500D   1021
     142       0       0       1       0                               0D   1022
     144    2300       0       0       0                        00000000D   1023
     144       0      -1       1       0                               0D   1024
     128    2301       0       0       0                        01010000D   1025
     128       0       0     129       0                               0D   1026
     126    2430       0       0       0                        01010500D   1027
     126       0       0       2       0                               0D   1028
     124    2432       0       0       0                        00000000D   1029
     124       0       0       4       0                               0D   1030
     100    2436       0       0       0            1029        01010000D   1031
     100       0       0       2       0                               0D   1032
     126    2438       0       0       0                        01010500D   1033
     126       0       0       2       0                               0D   1034
     126    2440       0       0       0                        01010000D   1035
     126       0       0      10       0                               0D   1036
     126    2450       0       0       0                        01010500D   1037
     126       0       0       2       0                               0D   1038
     124    2452       0       0       0                        00000000D   1039
     124       0       0       4       0                               0D   1040
     100    2456       0       0       0            1039        01010000D   1041
     100       0       0       2       0                               0D   1042
     126    2458       0       0       0                        01010500D   1043
     126       0       0       2       0                               0D   1044
     126    2460       0       0       0                        01010000D   1045
     126       0       0       9       0                               0D   1046
     126    2469       0       0       0                        01010500D   1047
     126       0       0       2       0                               0D   1048
     126    2471       0       0       0                        01010000D   1049
     126       0       0       9       0                               0D   1050
     126    2480       0       0       0                        01010500D   1051
     126       0       0       2       0                               0D   1052
     126    2482       0       0       0                        01010000D   1053
     126       0       0       4       0                               0D   1054
     126    2486       0       0       0                        01010500D   1055
     126       0       0       2       0                               0D   1056
     126    2488       0       0       0                        01010000D   1057
     126       0       0       9       0                               0D   1058
     102    2497       0       0       0                        01010500D   1059
     102       0       0       1       0                               0D   1060
     102    2498       0       0       0                        01010000D   1061
     102       0       0       1       0                               0D   1062
     142    2499       0       0       0                        00010500D   1063
     142       0       0       1       0                               0D   1064
     144    2500       0       0       0                        00000000D   1065
     144       0      -1       1       0                               0D   1066
     128    2501       0       0       0                        01010000D   1067
     128       0       0     110       0                               0D   1068
     126    2611       0       0       0                        01010500D   1069
     126       0       0       2       0                               0D   1070
     126    2613       0       0       0                        01010000D   1071
     126       0       0       4       0                               0D   1072
     126    2617       0       0       0                        01010500D   1073
     126       0       0       2       0                               0D   1074
     126    2619       0       0       0                        01010000D   1075
     126       0       0      10       0                               0D   1076
     126    2629       0       0       0                        01010500D   1077
     126       0       0       2       0                               0D   1078
     124    2631       0       0       0                        00000000D   1079
     124       0       0       4       0                               0D   1080
     100    2635       0       0       0            1079        01010000D   1081
     100       0       0       2       0                               0D   1082
     126    2637       0       0       0                        01010500D   1083
     126       0       0       2       0                               0D   1084
     126    2639       0       0       0                        01010000D   1085
     126       0       0       9       0                               0D   1086
     126    2648       0       0       0                        01010500D   1087
     126       0       0       2       0                               0D   1088
     124    2650       0       0       0                        00000000D   1089
     124       0       0       4       0                               0D   1090
     100    2654       0       0       0            1089        01010000D   1091
     100       0       0       2       0                               0D   1092
     126    2656       0       0       0                        01010500D   1093
     126       0       0       2       0                               0D   1094
     126    2658       0       0       0                        01010000D   1095
     126       0       0       9       0                               0D   1096
     126    2667       0       0       0                        01010500D   1097
     126       0       0       2       0                               0D   1098
     126    2669       0       0       0                        01010000D   1099
     126       0       0       8       0                               0D   1100
     102    2677       0       0       0                        01010500D   1101
     102       0       0       1       0                               0D   1102
     102    2678       0       0       0                        01010000D   1103
     102       0       0       1       0                               0D   1104
     142    2679       0       0       0                        00010500D   1105
     142       0       0       1       0                               0D   1106
     144    2680       0       0       0                        00000000D   1107
     144       0      -1       1       0                               0D   1108
     128    2681       0       0       0                        01010000D   1109
     128       0       0      67       0                               0D   1110
     126    2748       0       0       0                        01010500D   1111
     126       0       0       2       0                               0D   1112
     124    2750       0       0       0                        00000000D   1113
     124       0       0       4       0                               0D   1114
     100    2754       0       0       0            1113        01010000D   1115
     100       0       0       2       0                               0D   1116
     126    2756       0       0       0                        01010500D   1117
     126       0       0       2       0                               0D   1118
     126    2758       0       0       0                        01010000D   1119
     126       0       0       5       0                               0D   1120
     126    2763       0       0       0                        01010500D   1121
     126       0       0       2       0                               0D   1122
     124    2765       0       0       0                        00000000D   1123
     124       0       0       4       0                               0D   1124
     100    2769       0       0       0            1123        01010000D   1125
     100       0       0       1       0                               0D   1126
     126    2770       0       0       0                        01010500D   1127
     126       0       0       2       0                               0D   1128
     126    2772       0       0       0                        01010000D   1129
     126       0       0       6       0                               0D   1130
     102    2778       0       0       0                        01010500D   1131
     102       0       0       1       0                               0D   1132
     102    2779       0       0       0                        01010000D   1133
     102       0       0       1       0                               0D   1134
     142    2780       0       0       0                        00010500D   1135
     142       0       0       1       0                               0D   1136
     144    2781       0       0       0                        00000000D   1137
     144       0      -1       1       0                               0D   1138
     128    2782       0       0       0                        01010000D   1139
     128       0       0      64       0                               0D   1140
     126    2846       0       0       0                        01010500D   1141
     126       0       0       2       0                               0D   1142
     124    2848       0       0       0                        00000000D   1143
     124       0       0       4       0                               0D   1144
     100    2852       0       0       0            1143        01010000D   1145
     100       0       0       2       0                               0D   1146
     126    2854       0       0       0                        01010500D   1147
     126       0       0       2       0                               0D   1148
     126    2856       0       0       0                        01010000D   1149
     126       0       0      25       0                               0D   1150
     126    2881       0       0       0                        01010500D   1151
     126       0       0       2       0                               0D   1152
     124    2883       0       0       0                        00000000D   1153
     124       0       0       4       0                               0D   1154
     100    2887       0       0       0            1153        01010000D   1155
     100       0       0       1       0                               0D   1156
     126    2888       0       0       0                        01010500D   1157
     126       0       0       2       0                               0D   1158
     126    2890       0       0       0                        01010000D   1159
     126       0       0       5       0                               0D   1160
     102    2895       0       0       0                        01010500D   1161
     102       0       0       1       0                               0D   1162
     102    2896       0       0       0                        01010000D   1163
     102       0       0       1       0                               0D   1164
     142    2897       0       0       0                        00010500D   1165
     142       0       0       1       0                               0D   1166
     144    2898       0       0       0                        00000000D   1167
     144       0      -1       1       0                               0D   1168
     128    2899       0       0       0                        01010000D   1169
     128       0       0     132       0                               0D   1170
     126    3031       0       0       0                        01010500D   1171
     126       0       0       2       0                               0D   1172
     124    3033       0       0       0                        00000000D   1173
     124       0       0       4       0                               0D   1174
     100    3037       0       0       0            1173        01010000D   1175
     100       0       0       1       0                               0D   1176
     126    3038       0       0       0                        01010500D   1177
     126       0       0       2       0                               0D   1178
     126    3040       0       0       0                        01010000D   1179
     126       0       0      10       0                               0D   1180
     126    3050       0       0       0                        01010500D   1181
     126       0       0       2       0                               0D   1182
     124    3052       0       0       0                        00000000D   1183
     124       0       0       4       0                               0D   1184
     100    3056       0       0       0            1183        01010000D   1185
     100       0       0       1       0                               0D   1186
     126    3057       0       0       0                        01010500D   1187
     126       0       0       2       0                               0D   1188
     126    3059       0       0       0                        01010000D   1189
     126       0       0       9       0                               0D   1190
     126    3068       0       0       0                        01010500D   1191
     126       0       0       2       0                               0D   1192
     126    3070       0       0       0                        01010000D   1193
     126       0       0      10       0                               0D   1194
     126    3080       0       0       0                        01010500D   1195
     126       0       0       2       0                               0D   1196
     126    3082       0       0       0                        01010000D   1197
     126       0       0       9       0                               0D   1198
     102    3091       0       0       0                        01010500D   1199
     102       0       0       1       0                               0D   1200
     102    3092       0       0       0                        01010000D   1201
     102       0       0       1       0                               0D   1202
     142    3093       0       0       0                        00010500D   1203
     142       0       0       1       0                               0D   1204
     144    3094       0       0       0                        00000000D   1205
     144       0      -1       1       0                               0D   1206
     128    3095       0       0       0                        01010000D   1207
     128       0       0       2       0                               0D   1208
     126    3097       0       0       0                        01010500D   1209
     126       0       0       2       0                               0D   1210
     110    3099       0       0       0                        01010000D   1211
     110       0       0       1       0                               0D   1212
     126    3100       0       0       0                        01010500D   1213
     126       0       0       2       0                               0D   1214
     110    3102       0       0       0                        01010000D   1215
     110       0       0       1       0                               0D   1216
     126    3103       0       0       0                        01010500D   1217
     126       0       0       2       0                               0D   1218
     110    3105       0       0       0                        01010000D   1219
     110       0       0       1       0                               0D   1220
     126    3106       0       0       0                        01010500D   1221
     126       0       0       2       0                               0D   1222
     110    3108       0       0       0                        01010000D   1223
     110       0       0       1       0                               0D   1224
     102    3109       0       0       0                        01010500D   1225
     102       0       0       1       0                               0D   1226
     102    3110       0       0       0                        01010000D   1227
     102       0       0       1       0                               0D   1228
     142    3111       0       0       0                        00010500D   1229
     142       0       0       1       0                               0D   1230
     144    3112       0       0       0                        00000000D   1231
     144       0      -1       1       0                               0D   1232
     110    3113       0       0       0                        01010000D   1233
     110       0       0       1       0                               0D   1234
     110    3114       0       0       0                        01010000D   1235
     110       0       0       1       0                               0D   1236
     120    3115       0       0       0                        01010000D   1237
     120       0       0       1       0                               0D   1238
     126    3116       0       0       0                        01010500D   1239
     126       0       0       2       0                               0D   1240
     124    3118       0       0       0                        00000000D   1241
     124       0       0       3       0                               0D   1242
     100    3121       0       0       0            1241        01010000D   1243
     100       0       0       1       0                               0D   1244
     126    3122       0       0       0                        01010500D   1245
     126       0       0       2       0                               0D   1246
     110    3124       0       0       0                        01010000D   1247
     110       0       0       1       0                               0D   1248
     126    3125       0       0       0                        01010500D   1249
     126       0       0       2       0                               0D   1250
     124    3127       0       0       0                        00000000D   1251
     124       0       0       2       0                               0D   1252
     100    3129       0       0       0            1251        01010000D   1253
     100       0       0       1       0                               0D   1254
     126    3130       0       0       0                        01010500D   1255
     126       0       0       2       0                               0D   1256
     110    3132       0       0       0                        01010000D   1257
     110       0       0       1       0                               0D   1258
     102    3133       0       0       0                        01010500D   1259
     102       0       0       1       0                               0D   1260
     102    3134       0       0       0                        01010000D   1261
     102       0       0       1       0                               0D   1262
     142    3135       0       0       0                        00010500D   1263
     142       0       0       1       0                               0D   1264
     144    3136       0       0       0                        00000000D   1265
     144       0      -1       1       0                               0D   1266
     128    3137       0       0       0                        01010000D   1267
     128       0       0       2       0                               0D   1268
     126    3139       0       0       0                        01010500D   1269
     126       0       0       2       0                               0D   1270
     110    3141       0       0       0                        01010000D   1271
     110       0       0       1       0                               0D   1272
     126    3142       0       0       0                        01010500D   1273
     126       0       0       2       0                               0D   1274
     110    3144       0       0       0                        01010000D   1275
     110       0       0       1       0                               0D   1276
     126    3145       0       0       0                        01010500D   1277
     126       0       0       2       0                               0D   1278
     110    3147       0       0       0                        01010000D   1279
     110       0       0       1       0                               0D   1280
     126    3148       0       0       0                        01010500D   1281
     126       0       0       2       0                               0D   1282
     110    3150       0       0       0                        01010000D   1283
     110       0       0       1       0                               0D   1284
     102    3151       0       0       0                        01010500D   1285
     102       0       0       1       0                               0D   1286
     102    3152       0       0       0                        01010000D   1287
     102       0       0       1       0                               0D   1288
     142    3153       0       0       0                        00010500D   1289
     142       0       0       1       0                               0D   1290
     144    3154       0       0       0                        00000000D   1291
     144       0      -1       1       0                               0D   1292
     110    3155       0       0       0                        01010000D   1293
     110       0       0       1       0                               0D   1294
     110    3156       0       0       0                        01010000D   1295
     110       0       0       1       0                               0D   1296
     120    3157       0       0       0                        01010000D   1297
     120       0       0       1       0                               0D   1298
     126    3158       0       0       0                        01010500D   1299
     126       0       0       2       0                               0D   1300
     124    3160       0       0       0                        00000000D   1301
     124       0       0       2       0                               0D   1302
     100    3162       0       0       0            1301        01010000D   1303
     100       0       0       1       0                               0D   1304
     126    3163       0       0       0                        01010500D   1305
     126       0       0       2       0                               0D   1306
     110    3165       0       0       0                        01010000D   1307
     110       0       0       1       0                               0D   1308
     126    3166       0       0       0                        01010500D   1309
     126       0       0       2       0                               0D   1310
     124    3168       0       0       0                        00000000D   1311
     124       0       0       4       0                               0D   1312
     100    3172       0       0       0            1311        01010000D   1313
     100       0       0       1       0                               0D   1314
     126    3173       0       0       0                        01010500D   1315
     126       0       0       2       0                               0D   1316
     110    3175       0       0       0                        01010000D   1317
     110       0       0       1       0                               0D   1318
     102    3176       0       0       0                        01010500D   1319
     102       0       0       1       0                               0D   1320
     102    3177       0       0       0                        01010000D   1321
     102       0       0       1       0                               0D   1322
     142    3178       0       0       0                        00010500D   1323
     142       0       0       1       0                               0D   1324
     144    3179       0       0       0                        00000000D   1325
     144       0      -1       1       0                               0D   1326
     128    3180       0       0       0                        01010000D   1327
     128       0       0       2       0                               0D   1328
     126    3182       0       0       0                        01010500D   1329
     126       0       0       2       0                               0D   1330
     110    3184       0       0       0                        01010000D   1331
     110       0       0       1       0                               0D   1332
     126    3185       0       0       0                        01010500D   1333
     126       0       0       2       0                               0D   1334
     110    3187       0       0       0                        01010000D   1335
     110       0       0       1       0                               0D   1336
     126    3188       0       0       0                        01010500D   1337
     126       0       0       2       0                               0D   1338
     110    3190       0       0       0                        01010000D   1339
     110       0       0       1       0                               0D   1340
     126    3191       0       0       0                        01010500D   1341
     126       0       0       2       0                               0D   1342
     110    3193       0       0       0                        01010000D   1343
     110       0       0       1       0                               0D   1344
     102    3194       0       0       0                        01010500D   1345
     102       0       0       1       0                               0D   1346
     102    3195       0       0       0                        01010000D   1347
     102       0       0       1       0                               0D   1348
     142    3196       0       0       0                        00010500D   1349
     142       0       0       1       0                               0D   1350
     144    3197       0       0       0                        00000000D   1351
     144       0      -1       1       0                               0D   1352
     110    3198       0       0       0                        01010000D   1353
     110       0       0       1       0                               0D   1354
     110    3199       0       0       0                        01010000D   1355
     110       0       0       1       0                               0D   1356
     120    3200       0       0       0                        01010000D   1357
     120       0       0       1       0                               0D   1358
     126    3201       0       0       0                        01010500D   1359
     126       0       0       2       0                               0D   1360
     124    3203       0       0       0                        00000000D   1361
     124       0       0       3       0                               0D   1362
     100    3206       0       0       0            1361        01010000D   1363
     100       0       0       1       0                               0D   1364
     126    3207       0       0       0                        01010500D   1365
     126       0       0       2       0                               0D   1366
     110    3209       0       0       0                        01010000D   1367
     110       0       0       1       0                               0D   1368
     126    3210       0       0       0                        01010500D   1369
     126       0       0       2       0                               0D   1370
     124    3212       0       0       0                        00000000D   1371
     124       0       0       3       0                               0D   1372
     100    3215       0       0       0            1371        01010000D   1373
     100       0       0       1       0                               0D   1374
     126    3216       0       0       0                        01010500D   1375
     126       0       0       2       0                               0D   1376
     110    3218       0       0       0                        01010000D   1377
     110       0       0       1       0                               0D   1378
     102    3219       0       0       0                        01010500D   1379
     102       0       0       1       0                               0D   1380
     102    3220       0       0       0                        01010000D   1381
     102       0       0       1       0                               0D   1382
     142    3221       0       0       0                        00010500D   1383
     142       0       0       1       0                               0D   1384
     144    3222       0       0       0                        00000000D   1385
     144       0      -1       1       0                               0D   1386
     128    3223       0       0       0                        01010000D   1387
     128       0       0       2       0                               0D   1388
     126    3225       0       0       0                        01010500D   1389
     126       0       0       2       0                               0D   1390
     110    3227       0       0       0                        01010000D   1391
     110       0       0       1       0                               0D   1392
     126    3228       0       0       0                        01010500D   1393
     126       0       0       2       0                               0D   1394
     110    3230       0       0       0                        01010000D   1395
     110       0       0       1       0                               0D   1396
     126    3231       0       0       0                        01010500D   1397
     126       0       0       2       0                               0D   1398
     110    3233       0       0       0                        01010000D   1399
     110       0       0       1       0                               0D   1400
     126    3234       0       0       0                        01010500D   1401
     126       0       0       2       0                               0D   1402
     110    3236       0       0       0                        01010000D   1403
     110       0       0       1       0                               0D   1404
     102    3237       0       0       0                        01010500D   1405
     102       0       0       1       0                               0D   1406
     102    3238       0       0       0                        01010000D   1407
     102       0       0       1       0                               0D   1408
     142    3239       0       0       0                        00010500D   1409
     142       0       0       1       0                               0D   1410
     144    3240       0       0       0                        00000000D   1411
     144       0      -1       1       0                               0D   1412
     110    3241       0       0       0                        01010000D   1413
     110       0       0       1       0                               0D   1414
     110    3242       0       0       0                        01010000D   1415
     110       0       0       1       0                               0D   1416
     120    3243       0       0       0                        01010000D   1417
     120       0       0       1       0                               0D   1418
     126    3244       0       0       0                        01010500D   1419
     126       0       0       2       0                               0D   1420
     124    3246       0       0       0                        00000000D   1421
     124       0       0       3       0                               0D   1422
     100    3249       0       0       0            1421        01010000D   1423
     100       0       0       1       0                               0D   1424
     126    3250       0       0       0                        01010500D   1425
     126       0       0       2       0                               0D   1426
     110    3252       0       0       0                        01010000D   1427
     110       0       0       1       0                               0D   1428
     126    3253       0       0       0                        01010500D   1429
     126       0       0       2       0                               0D   1430
     124    3255       0       0       0                        00000000D   1431
     124       0       0       3       0                               0D   1432
     100    3258       0       0       0            1431        01010000D   1433
     100       0       0       1       0                               0D   1434
     126    3259       0       0       0                        01010500D   1435
     126       0       0       2       0                               0D   1436
     110    3261       0       0       0                        01010000D   1437
     110       0       0       1       0                               0D   1438
     102    3262       0       0       0                        01010500D   1439
     102       0       0       1       0                               0D   1440
     102    3263       0       0       0                        01010000D   1441
     102       0       0       1       0                               0D   1442
     142    3264       0       0       0                        00010500D   1443
     142       0       0       1       0                               0D   1444
     144    3265       0       0       0                        00000000D   1445
     144       0      -1       1       0                               0D   1446
     128    3266       0       0       0                        01010000D   1447
     128       0       0       2       0                               0D   1448
     126    3268       0       0       0                        01010500D   1449
     126       0       0       2       0                               0D   1450
     110    3270       0       0       0                        01010000D   1451
     110       0       0       1       0                               0D   1452
     126    3271       0       0       0                        01010500D   1453
     126       0       0       2       0                               0D   1454
     110    3273       0       0       0                        01010000D   1455
     110       0       0       1       0                               0D   1456
     126    3274       0       0       0                        01010500D   1457
     126       0       0       2       0                               0D   1458
     110    3276       0       0       0                        01010000D   1459
     110       0       0       1       0                               0D   1460
     126    3277       0       0       0                        01010500D   1461
     126       0       0       2       0                               0D   1462
     110    3279       0       0       0                        01010000D   1463
     110       0       0       1       0                               0D   1464
     102    3280       0       0       0                        01010500D   1465
     102       0       0       1       0                               0D   1466
     102    3281       0       0       0                        01010000D   1467
     102       0       0       1       0                               0D   1468
     142    3282       0       0       0                        00010500D   1469
     142       0       0       1       0                               0D   1470
     144    3283       0       0       0                        00000000D   1471
     144       0      -1       1       0                               0D   1472
     110    3284       0       0       0                        01010000D   1473
     110       0       0       1       0                               0D   1474
     110    3285       0       0       0                        01010000D   1475
     110       0       0       1       0                               0D   1476
     120    3286       0       0       0                        01010000D   1477
     120       0       0       1       0                               0D   1478
     126    3287       0       0       0                        01010500D   1479
     126       0       0       2       0                               0D   1480
     124    3289       0       0       0                        00000000D   1481
     124       0       0       3       0                               0D   1482
     100    3292       0       0       0            1481        01010000D   1483
     100       0       0       1       0                               0D   1484
     126    3293       0       0       0                        01010500D   1485
     126       0       0       2       0                               0D   1486
     110    3295       0       0       0                        01010000D   1487
     110       0       0       1       0                               0D   1488
     126    3296       0       0       0                        01010500D   1489
     126       0       0       2       0                               0D   1490
     124    3298       0       0       0                        00000000D   1491
     124       0       0       3       0                               0D   1492
     100    3301       0       0       0            1491        01010000D   1493
     100       0       0       1       0                               0D   1494
     126    3302       0       0       0                        01010500D   1495
     126       0       0       2       0                               0D   1496
     110    3304       0       0       0                        01010000D   1497
     110       0       0       1       0                               0D   1498
     102    3305       0       0       0                        01010500D   1499
     102       0       0       1       0                               0D   1500
     102    3306       0       0       0                        01010000D   1501
     102       0       0       1       0                               0D   1502
     142    3307       0       0       0                        00010500D   1503
     142       0       0       1       0                               0D   1504
     144    3308       0       0       0                        00000000D   1505
     144       0      -1       1       0                               0D   1506
     110    3309       0       0       0                        01010000D   1507
     110       0       0       1       0                               0D   1508
     110    3310       0       0       0                        01010000D   1509
     110       0       0       1       0                               0D   1510
     120    3311       0       0       0                        01010000D   1511
     120       0       0       1       0                               0D   1512
     126    3312       0       0       0                        01010500D   1513
     126       0       0       2       0                               0D   1514
     124    3314       0       0       0                        00000000D   1515
     124       0       0       3       0                               0D   1516
     100    3317       0       0       0            1515        01010000D   1517
     100       0       0       1       0                               0D   1518
     126    3318       0       0       0                        01010500D   1519
     126       0       0       2       0                               0D   1520
     110    3320       0       0       0                        01010000D   1521
     110       0       0       1       0                               0D   1522
     126    3321       0       0       0                        01010500D   1523
     126       0       0       2       0                               0D   1524
     124    3323       0       0       0                        00000000D   1525
     124       0       0       2       0                               0D   1526
     100    3325       0       0       0            1525        01010000D   1527
     100       0       0       1       0                               0D   1528
     126    3326       0       0       0                        01010500D   1529
     126       0       0       2       0                               0D   1530
     110    3328       0       0       0                        01010000D   1531
     110       0       0       1       0                               0D   1532
     102    3329       0       0       0                        01010500D   1533
     102       0       0       1       0                               0D   1534
     102    3330       0       0       0                        01010000D   1535
     102       0       0       1       0                               0D   1536
     142    3331       0       0       0                        00010500D   1537
     142       0       0       1       0                               0D   1538
     144    3332       0       0       0                        00000000D   1539
     144       0      -1       1       0                               0D   1540
     128    3333       0       0       0                        01010000D   1541
     128       0       0       2       0                               0D   1542
     126    3335       0       0       0                        01010500D   1543
     126       0       0       2       0                               0D   1544
     110    3337       0       0       0                        01010000D   1545
     110       0       0       1       0                               0D   1546
     126    3338       0       0       0                        01010500D   1547
     126       0       0       2       0                               0D   1548
     110    3340       0       0       0                        01010000D   1549
     110       0       0       1       0                               0D   1550
     126    3341       0       0       0                        01010500D   1551
     126       0       0       2       0                               0D   1552
     110    3343       0       0       0                        01010000D   1553
     110       0       0       1       0                               0D   1554
     126    3344       0       0       0                        01010500D   1555
     126       0       0       2       0                               0D   1556
     110    3346       0       0       0                        01010000D   1557
     110       0       0       1       0                               0D   1558
     102    3347       0       0       0                        01010500D   1559
     102       0       0       1       0                               0D   1560
     102    3348       0       0       0                        01010000D   1561
     102       0       0       1       0                               0D   1562
     142    3349       0       0       0                        00010500D   1563
     142       0       0       1       0                               0D   1564
     144    3350       0       0       0                        00000000D   1565
     144       0      -1       1       0                               0D   1566
     128    3351       0       0       0                        01010000D   1567
     128       0       0       2       0                               0D   1568
     126    3353       0       0       0                        01010500D   1569
     126       0       0       2       0                               0D   1570
     110    3355       0       0       0                        01010000D   1571
     110       0       0       1       0                               0D   1572
     126    3356       0       0       0                        01010500D   1573
     126       0       0       2       0                               0D   1574
     110    3358       0       0       0                        01010000D   1575
     110       0       0       1       0                               0D   1576
     126    3359       0       0       0                        01010500D   1577
     126       0       0       2       0                               0D   1578
     110    3361       0       0       0                        01010000D   1579
     110       0       0       1       0                               0D   1580
     126    3362       0       0       0                        01010500D   1581
     126       0       0       2       0                               0D   1582
     110    3364       0       0       0                        01010000D   1583
     110       0       0       1       0                               0D   1584
     102    3365       0       0       0                        01010500D   1585
     102       0       0       1       0                               0D   1586
     102    3366       0       0       0                        01010000D   1587
     102       0       0       1       0                               0D   1588
     142    3367       0       0       0                        00010500D   1589
     142       0       0       1       0                               0D   1590
     144    3368       0       0       0                        00000000D   1591
     144       0      -1       1       0                               0D   1592
     110    3369       0       0       0                        01010000D   1593
     110       0       0       1       0                               0D   1594
     110    3370       0       0       0                        01010000D   1595
     110       0       0       1       0                               0D   1596
     120    3371       0       0       0                        01010000D   1597
     120       0       0       1       0                               0D   1598
     126    3372       0       0       0                        01010500D   1599
     126       0       0       2       0                               0D   1600
     124    3374       0       0       0                        00000000D   1601
     124       0       0       4       0                               0D   1602
     100    3378       0       0       0            1601        01010000D   1603
     100       0       0       1       0                               0D   1604
     126    3379       0       0       0                        01010500D   1605
     126       0       0       2       0                               0D   1606
     110    3381       0       0       0                        01010000D   1607
     110       0       0       1       0                               0D   1608
     126    3382       0       0       0                        01010500D   1609
     126       0       0       2       0                               0D   1610
     124    3384       0       0       0                        00000000D   1611
     124       0       0       3       0                               0D   1612
     100    3387       0       0       0            1611        01010000D   1613
     100       0       0       1       0                               0D   1614
     126    3388       0       0       0                        01010500D   1615
     126       0       0       2       0                               0D   1616
     110    3390       0       0       0                        01010000D   1617
     110       0       0       1       0                               0D   1618
     102    3391       0       0       0                        01010500D   1619
     102       0       0       1       0                               0D   1620
     102    3392       0       0       0                        01010000D   1621
     102       0       0       1       0                               0D   1622
     142    3393       0       0       0                        00010500D   1623
     142       0       0       1       0                               0D   1624
     144    3394       0       0       0                        00000000D   1625
     144       0      -1       1       0                               0D   1626
     110    3395       0       0       0                        01010000D   1627
     110       0       0       1       0                               0D   1628
     110    3396       0       0       0                        01010000D   1629
     110       0       0       1       0                               0D   1630
     120    3397       0       0       0                        01010000D   1631
     120       0       0       1       0                               0D   1632
     126    3398       0       0       0                        01010500D   1633
     126       0       0       2       0                               0D   1634
     124    3400       0       0       0                        00000000D   1635
     124       0       0       2       0                               0D   1636
     100    3402       0       0       0            1635        01010000D   1637
     100       0       0       1       0                               0D   1638
     126    3403       0       0       0                        01010500D   1639
     126       0       0       2       0                               0D   1640
     110    3405       0       0       0                        01010000D   1641
     110       0       0       1       0                               0D   1642
     126    3406       0       0       0                        01010500D   1643
     126       0       0       2       0                               0D   1644
     124    3408       0       0       0                        00000000D   1645
     124       0       0       4       0                               0D   1646
     100    3412       0       0       0            1645        01010000D   1647
     100       0       0       1       0                               0D   1648
     126    3413       0       0       0                        01010500D   1649
     126       0       0       2       0                               0D   1650
     110    3415       0       0       0                        01010000D   1651
     110       0       0       1       0                               0D   1652
     102    3416       0       0       0                        01010500D   1653
     102       0       0       1       0                               0D   1654
     102    3417       0       0       0                        01010000D   1655
     102       0       0       1       0                               0D   1656
     142    3418       0       0       0                        00010500D   1657
     142       0       0       1       0                               0D   1658
     144    3419       0       0       0                        00000000D   1659
     144       0      -1       1       0                               0D   1660
     128    3420       0       0       0                        01010000D   1661
     128       0       0       3       0                               0D   1662
     126    3423       0       0       0                        01010500D   1663
     126       0       0       2       0                               0D   1664
     110    3425       0       0       0                        01010000D   1665
     110       0       0       1       0                               0D   1666
     126    3426       0       0       0                        01010500D   1667
     126       0       0       2       0                               0D   1668
     110    3428       0       0       0                        01010000D   1669
     110       0       0       1       0                               0D   1670
     126    3429       0       0       0                        01010500D   1671
     126       0       0       2       0                               0D   1672
     110    3431       0       0       0                        01010000D   1673
     110       0       0       1       0                               0D   1674
     126    3432       0       0       0                        01010500D   1675
     126       0       0       2       0                               0D   1676
     110    3434       0       0       0                        01010000D   1677
     110       0       0       1       0                               0D   1678
     102    3435       0       0       0                        01010500D   1679
     102       0       0       1       0                               0D   1680
     102    3436       0       0       0                        01010000D   1681
     102       0       0       1       0                               0D   1682
     142    3437       0       0       0                        00010500D   1683
     142       0       0       1       0                               0D   1684
     144    3438       0       0       0                        00000000D   1685
     144       0      -1       1       0                               0D   1686
     128    3439       0       0       0                        01010000D   1687
     128       0       0       3       0                               0D   1688
     126    3442       0       0       0                        01010500D   1689
     126       0       0       2       0                               0D   1690
     110    3444       0       0       0                        01010000D   1691
     110       0       0       1       0                               0D   1692
     126    3445       0       0       0                        01010500D   1693
     126       0       0       2       0                               0D   1694
     110    3447       0       0       0                        01010000D   1695
     110       0       0       1       0                               0D   1696
     126    3448       0       0       0                        01010500D   1697
     126       0       0       2       0                               0D   1698
     110    3450       0       0       0                        01010000D   1699
     110       0       0       1       0                               0D   1700
     126    3451       0       0       0                        01010500D   1701
     126       0       0       2       0                               0D   1702
     110    3453       0       0       0                        01010000D   1703
     110       0       0       1       0                               0D   1704
     102    3454       0       0       0                        01010500D   1705
     102       0       0       1       0                               0D   1706
     102    3455       0       0       0                        01010000D   1707
     102       0       0       1       0                               0D   1708
     142    3456       0       0       0                        00010500D   1709
     142       0       0       1       0                               0D   1710
     144    3457       0       0       0                        00000000D   1711
     144       0      -1       1       0                               0D   1712
     128    3458       0       0       0                        01010000D   1713
     128       0       0       3       0                               0D   1714
     126    3461       0       0       0                        01010500D   1715
     126       0       0       2       0                               0D   1716
     110    3463       0       0       0                        01010000D   1717
     110       0       0       1       0                               0D   1718
     126    3464       0       0       0                        01010500D   1719
     126       0       0       2       0                               0D   1720
     110    3466       0       0       0                        01010000D   1721
     110       0       0       1       0                               0D   1722
     126    3467       0       0       0                        01010500D   1723
     126       0       0       2       0                               0D   1724
     110    3469       0       0       0                        01010000D   1725
     110       0       0       2       0                               0D   1726
     126    3471       0       0       0                        01010500D   1727
     126       0       0       2       0                               0D   1728
     110    3473       0       0       0                        01010000D   1729
     110       0       0       1       0                               0D   1730
     102    3474       0       0       0                        01010500D   1731
     102       0       0       1       0                               0D   1732
     102    3475       0       0       0                        01010000D   1733
     102       0       0       1       0                               0D   1734
     142    3476       0       0       0                        00010500D   1735
     142       0       0       1       0                               0D   1736
     144    3477       0       0       0                        00000000D   1737
     144       0      -1       1       0                               0D   1738
     128    3478       0       0       0                        01010000D   1739
     128       0       0       3       0                               0D   1740
     126    3481       0       0       0                        01010500D   1741
     126       0       0       2       0                               0D   1742
     110    3483       0       0       0                        01010000D   1743
     110       0       0       1       0                               0D   1744
     126    3484       0       0       0                        01010500D   1745
     126       0       0       2       0                               0D   1746
     110    3486       0       0       0                        01010000D   1747
     110       0       0       1       0                               0D   1748
     126    3487       0       0       0                        01010500D   1749
     126       0       0       2       0                               0D   1750
     110    3489       0       0       0                        01010000D   1751
     110       0       0       1       0                               0D   1752
     126    3490       0       0       0                        01010500D   1753
     126       0       0       2       0                               0D   1754
     110    3492       0       0       0                        01010000D   1755
     110       0       0       1       0                               0D   1756
     102    3493       0       0       0                        01010500D   1757
     102       0       0       1       0                               0D   1758
     102    3494       0       0       0                        01010000D   1759
     102       0       0       1       0                               0D   1760
     142    3495       0       0       0                        00010500D   1761
     142       0       0       1       0                               0D   1762
     144    3496       0       0       0                        00000000D   1763
     144       0      -1       1       0                               0D   1764
     128    3497       0       0       0                        01010000D   1765
     128       0       0       3       0                               0D   1766
     126    3500       0       0       0                        01010500D   1767
     126       0       0       2       0                               0D   1768
     110    3502       0       0       0                        01010000D   1769
     110       0       0       1       0                               0D   1770
     126    3503       0       0       0                        01010500D   1771
     126       0       0       2       0                               0D   1772
     110    3505       0       0       0                        01010000D   1773
     110       0       0       1       0                               0D   1774
     126    3506       0       0       0                        01010500D   1775
     126       0       0       2       0                               0D   1776
     110    3508       0       0       0                        01010000D   1777
     110       0       0       1       0                               0D   1778
     126    3509       0       0       0                        01010500D   1779
     126       0       0       2       0                               0D   1780
     110    3511       0       0       0                        01010000D   1781
     110       0       0       1       0                               0D   1782
     102    3512       0       0       0                        01010500D   1783
     102       0       0       1       0                               0D   1784
     102    3513       0       0       0                        01010000D   1785
     102       0       0       1       0                               0D   1786
     142    3514       0       0       0                        00010500D   1787
     142       0       0       1       0                               0D   1788
     144    3515       0       0       0                        00000000D   1789
     144       0      -1       1       0                               0D   1790
     128    3516       0       0       0                        01010000D   1791
     128       0       0       4       0                               0D   1792
     126    3520       0       0       0                        01010500D   1793
     126       0       0       2       0                               0D   1794
     110    3522       0       0       0                        01010000D   1795
     110       0       0       1       0                               0D   1796
     126    3523       0       0       0                        01010500D   1797
     126       0       0       2       0                               0D   1798
     110    3525       0       0       0                        01010000D   1799
     110       0       0       2       0                               0D   1800
     126    3527       0       0       0                        01010500D   1801
     126       0       0       2       0                               0D   1802
     110    3529       0       0       0                        01010000D   1803
     110       0       0       1       0                               0D   1804
     126    3530       0       0       0                        01010500D   1805
     126       0       0       2       0                               0D   1806
     110    3532       0       0       0                        01010000D   1807
     110       0       0       1       0                               0D   1808
     102    3533       0       0       0                        01010500D   1809
     102       0       0       1       0                               0D   1810
     102    3534       0       0       0                        01010000D   1811
     102       0       0       1       0                               0D   1812
     142    3535       0       0       0                        00010500D   1813
     142       0       0       1       0                               0D   1814
     144    3536       0       0       0                        00000000D   1815
     144       0      -1       1       0                               0D   1816
     128    3537       0       0       0                        01010000D   1817
     128       0       0       3       0                               0D   1818
     126    3540       0       0       0                        01010500D   1819
     126       0       0       2       0                               0D   1820
     110    3542       0       0       0                        01010000D   1821
     110       0       0       1       0                               0D   1822
     126    3543       0       0       0                        01010500D   1823
     126       0       0       2       0                               0D   1824
     110    3545       0       0       0                        01010000D   1825
     110       0       0       1       0                               0D   1826
     126    3546       0       0       0                        01010500D   1827
     126       0       0       2       0                               0D   1828
     110    3548       0       0       0                        01010000D   1829
     110       0       0       1       0                               0D   1830
     126    3549       0       0       0                        01010500D   1831
     126       0       0       2       0                               0D   1832
     110    3551       0       0       0                        01010000D   1833
     110       0       0       1       0                               0D   1834
     102    3552       0       0       0                        01010500D   1835
     102       0       0       1       0                               0D   1836
     102    3553       0       0       0                        01010000D   1837
     102       0       0       1       0                               0D   1838
     142    3554       0       0       0                        00010500D   1839
     142       0       0       1       0                               0D   1840
     144    3555       0       0       0                        00000000D   1841
     144       0      -1       1       0                               0D   1842
     128    3556       0       0       0                        01010000D   1843
     128       0       0       3       0                               0D   1844
     126    3559       0       0       0                        01010500D   1845
     126       0       0       2       0                               0D   1846
     110    3561       0       0       0                        01010000D   1847
     110       0       0       1       0                               0D   1848
     126    3562       0       0       0                        01010500D   1849
     126       0       0       2       0                               0D   1850
     110    3564       0       0       0                        01010000D   1851
     110       0       0       1       0                               0D   1852
     126    3565       0       0       0                        01010500D   1853
     126       0       0       2       0                               0D   1854
     110    3567       0       0       0                        01010000D   1855
     110       0       0       1       0                               0D   1856
     126    3568       0       0       0                        01010500D   1857
     126       0       0       2       0                               0D   1858
     110    3570       0       0       0                        01010000D   1859
     110       0       0       1       0                               0D   1860
     102    3571       0       0       0                        01010500D   1861
     102       0       0       1       0                               0D   1862
     102    3572       0       0       0                        01010000D   1863
     102       0       0       1       0                               0D   1864
     142    3573       0       0       0                        00010500D   1865
     142       0       0       1       0                               0D   1866
     144    3574       0       0       0                        00000000D   1867
     144       0      -1       1       0                               0D   1868
     128    3575       0       0       0                        01010000D   1869
     128       0       0       3       0                               0D   1870
     126    3578       0       0       0                        01010500D   1871
     126       0       0       2       0                               0D   1872
     110    3580       0       0       0                        01010000D   1873
     110       0       0       1       0                               0D   1874
     126    3581       0       0       0                        01010500D   1875
     126       0       0       2       0                               0D   1876
     110    3583       0       0       0                        01010000D   1877
     110       0       0       1       0                               0D   1878
     126    3584       0       0       0                        01010500D   1879
     126       0       0       2       0                               0D   1880
     110    3586       0       0       0                        01010000D   1881
     110       0       0       1       0                               0D   1882
     126    3587       0       0       0                        01010500D   1883
     126       0       0       2       0                               0D   1884
     110    3589       0       0       0                        01010000D   1885
     110       0       0       1       0                               0D   1886
     102    3590       0       0       0                        01010500D   1887
     102       0       0       1       0                               0D   1888
     102    3591       0       0       0                        01010000D   1889
     102       0       0       1       0                               0D   1890
     142    3592       0       0       0                        00010500D   1891
     142       0       0       1       0                               0D   1892
     144    3593       0       0       0                        00000000D   1893
     144       0      -1       1       0                               0D   1894
     128    3594       0       0       0                        01010000D   1895
     128       0       0       3       0                               0D   1896
     126    3597       0       0       0                        01010500D   1897
     126       0       0       2       0                               0D   1898
     110    3599       0       0       0                        01010000D   1899
     110       0       0       1       0                               0D   1900
     126    3600       0       0       0                        01010500D   1901
     126       0       0       2       0                               0D   1902
     110    3602       0       0       0                        01010000D   1903
     110       0       0       1       0                               0D   1904
     126    3603       0       0       0                        01010500D   1905
     126       0       0       2       0                               0D   1906
     110    3605       0       0       0                        01010000D   1907
     110       0       0       1       0                               0D   1908
     126    3606       0       0       0                        01010500D   1909
     126       0       0       2       0                               0D   1910
     110    3608       0       0       0                        01010000D   1911
     110       0       0       1       0                               0D   1912
     102    3609       0       0       0                        01010500D   1913
     102       0       0       1       0                               0D   1914
     102    3610       0       0       0                        01010000D   1915
     102       0       0       1       0                               0D   1916
     142    3611       0       0       0                        00010500D   1917
     142       0       0       1       0                               0D   1918
     144    3612       0       0       0                        00000000D   1919
     144       0      -1       1       0                               0D   1920
     128    3613       0       0       0                        01010000D   1921
     128       0       0       4       0                               0D   1922
     126    3617       0       0       0                        01010500D   1923
     126       0       0       2       0                               0D   1924
     110    3619       0       0       0                        01010000D   1925
     110       0       0       1       0                               0D   1926
     126    3620       0       0       0                        01010500D   1927
     126       0       0       2       0                               0D   1928
     110    3622       0       0       0                        01010000D   1929
     110       0       0       1       0                               0D   1930
     126    3623       0       0       0                        01010500D   1931
     126       0       0       2       0                               0D   1932
     110    3625       0       0       0                        01010000D   1933
     110       0       0       1       0                               0D   1934
     126    3626       0       0       0                        01010500D   1935
     126       0       0       2       0                               0D   1936
     110    3628       0       0       0                        01010000D   1937
     110       0       0       1       0                               0D   1938
     102    3629       0       0       0                        01010500D   1939
     102       0       0       1       0                               0D   1940
     102    3630       0       0       0                        01010000D   1941
     102       0       0       1       0                               0D   1942
     142    3631       0       0       0                        00010500D   1943
     142       0       0       1       0                               0D   1944
     144    3632       0       0       0                        00000000D   1945
     144       0      -1       1       0                               0D   1946
314,79.2156862745098,81.9607843137255,93.3333333333333,;               1P      1
128,25,3,3,3,0,0,1,0,0,0.499984906149872,0.499984906149872,            3P      2
0.499984906149872,0.499984906149872,0.5,0.547519403301413,             3P      3
0.595038806602826,0.595038806602826,0.607674117628044,                 3P      4
0.620309428653261,0.632944739678479,0.645580050703697,                 3P      5
0.645580050703697,0.69491209406016,0.744244137416624,                  3P      6
0.793576180773087,0.842908224129551,0.842908224129551,                 3P      7
0.856304167804593,0.869700111479635,0.883096055154677,                 3P      8
0.896491998829719,0.896491998829719,0.922368999122289,                 3P      9
0.94824599941486,0.97412299970743,1.,1.,1.,1.,0.,0.,0.,0.,             3P     10
0.933644787599551,0.933644787599551,0.933644787599551,                 3P     11
0.933644787599551,1.,1.,1.,1.,1.,1.,1.,1.,1.,1.,1.,1.,1.,1.,1.,        3P     12
1.,1.,1.,1.,1.,1.,1.,1.,1.,1.,1.,1.,1.,1.,1.,1.,1.,1.,1.,1.,1.,        3P     13
1.,1.,1.,1.,1.,1.,1.,1.,1.,1.,1.,1.,1.,1.,1.,1.,1.,1.,1.,1.,1.,        3P     14
1.,1.,1.,1.,1.,1.,1.,1.,1.,1.,1.,1.,1.,1.,1.,1.,1.,1.,1.,1.,1.,        3P     15
1.,1.,1.,1.,1.,1.,1.,1.,1.,1.,1.,1.,1.,1.,1.,1.,1.,1.,1.,1.,1.,        3P     16
1.,1.,1.,1.,1.,-2.000034959,3.,-0.000186838,-2.000034965,3.,           3P     17
-0.000124559,-2.000044233,3.,0.196009811,-1.941694875,3.,              3P     18
0.588216272,-1.774588528,3.,0.942033334,-1.641201224,3.,               3P     19
1.144135309,-1.58528448,3.,1.221988294,-1.497649244,3.,                3P     20
1.327905981,-1.40242792,3.,1.428186409,-1.330451608,3.,                3P     21
1.494206077,-1.133838362,3.,1.660235041,-0.775256606,3.,               3P     22
1.879750532,-0.151372554,3.,2.028371528,0.489835447,3.,                3P     23
1.973922182,0.880515697,3.,1.807679122,1.104419875,3.,                 3P     24
1.668360967,1.193989028,3.,1.607107802,1.316896436,3.,                 3P     25
1.507999131,1.432218379,3.,1.399040175,1.506054719,3.,                 3P     26
1.317240865,1.613624333,3.,1.186853454,1.743136545,3.,                 3P     27
1.0004907,1.889675947,3.,0.685423605,1.980054914,3.,                   3P     28
0.346798289,2.,3.,0.114966673,2.,3.,0.,-3.701070646,3.,                3P     29
-0.00039847,-3.70107065,3.,-0.000265646,-3.701077034,3.,               3P     30
0.418029435,-3.660886867,3.,1.254486776,-3.54578651,3.,                3P     31
2.070820385,-3.453911326,3.,2.576781438,-3.386214409,3.,               3P     32
2.792165399,-3.182151848,3.,3.082427115,-2.899445142,3.,               3P     33
3.290442018,-2.692224357,3.,3.363298808,-2.19004386,3.,                3P     34
3.477657079,-1.367709083,3.,3.628856072,-0.088135659,3.,               3P     35
3.731223995,1.200952017,3.,3.693720099,2.040370518,3.,                 3P     36
3.579214361,2.561348602,3.,3.483254096,2.785408787,3.,                 3P     37
3.410897932,3.0844161,3.,3.200248403,3.302578851,3.,2.91089221,        3P     38
3.382095519,3.,2.69542361,3.456187864,3.,2.381498655,                  3P     39
3.545393942,3.,1.96312884,3.646328094,3.,1.320152651,                  3P     40
3.708579777,3.,0.664381469,3.722317655,3.,0.221827504,                 3P     41
3.722317655,3.,0.,-5.405534598,3.145873149,-0.000610101,               3P     42
-5.4055346,3.145873149,-0.000406734,-5.4055381,3.145873149,            3P     43
0.64004906,-5.383507125,3.145873149,1.920757279,-5.320412757,          3P     44
3.145873149,3.199607436,-5.270049694,3.145873149,4.009427566,          3P     45
-5.190572603,3.145873149,4.362342504,-4.870082717,3.145873149,         3P     46
4.836948249,-4.39989063,3.145873149,5.152697626,-4.057425373,          3P     47
3.145873149,5.232391538,-3.249677623,3.145873149,5.295079117,          3P     48
-1.963589825,3.145873149,5.377961612,-0.028327029,3.145873149,         3P     49
5.434076463,1.908640322,3.145873149,5.413518016,3.196797074,           3P     50
3.145873149,5.3507496,4.014849064,3.145873149,5.298147225,             3P     51
4.37340028,3.145873149,5.214688062,4.848507498,3.145873149,            3P     52
4.892497676,5.169511057,3.145873149,4.422744246,5.254708054,           3P     53
3.145873149,4.073606355,5.295323128,3.145873149,3.576143856,           3P     54
5.344223073,3.145873149,2.925766979,5.399551975,3.145873149,           3P     55
1.954881697,5.433676375,3.145873149,0.981964649,5.441207044,           3P     56
3.145873149,0.328688335,5.441207044,3.145873149,0.,                    3P     57
-7.131637244,3.435963953,-0.000821732,-7.131637244,3.435963953,        3P     58
-0.000547821,-7.131637859,3.435963953,0.862068684,-7.127766075,        3P     59
3.435963953,2.587027783,-7.116677698,3.435963953,4.328394488,          3P     60
-7.107826755,3.435963953,5.442073695,-7.016569491,3.435963953,         3P     61
5.93251961,-6.57965228,3.435963953,6.591469383,-5.921974811,           3P     62
3.435963953,7.014953234,-5.444265081,3.435963953,7.101484269,          3P     63
-4.33095008,3.435963953,7.112501156,-2.58110926,3.435963953,           3P     64
7.127067153,0.009842908,3.435963953,7.136928931,2.594689933,           3P     65
3.435963953,7.133315933,4.331584936,3.435963953,7.122284839,           3P     66
5.446710833,3.435963953,7.113040353,5.939753081,3.435963953,           3P     67
7.018478192,6.590960203,3.435963953,6.584746949,7.01480457,            3P     68
3.435963953,5.934596281,7.105681895,3.435963953,5.451789101,           3P     69
7.1128197,3.435963953,4.770789057,7.12141351,3.435963953,              3P     70
3.888405119,7.131137163,3.435963953,2.589610744,7.137134279,           3P     71
3.435963953,1.299547829,7.138457739,3.435963953,0.435549166,           3P     72
7.138457739,3.435963953,0.,0.499984906149872,1.,0.,                    3P     73
0.933644787599551;                                                     3P     74
126,1,1,1,0,1,0,0.,0.,1.,1.,1.,1.,1.,0.,0.,1.,0.86756968,0.,0.,        5P     75
1.,0.,0.,1.;                                                           5P     76
126,3,3,1,0,1,0,0.,0.,0.,0.,0.867569679854812,                         7P     77
0.867569679854812,0.867569679854812,0.867569679854812,1.,1.,1.,        7P     78
1.,2.,3.,0.,3.600427268,3.,0.,5.197894343,3.125956544,0.,              7P     79
6.777789949,3.376541333,0.,0.,0.867569679854812,0.,0.,-1.;             7P     80
126,6,2,1,0,1,0,0.,0.,0.,0.5,0.5,0.75,0.75,1.,1.,1.,1.,1.,1.,          9P     81
1.,1.,1.,1.,1.,0.86756968,0.,0.975068826,0.86756968,0.,                9P     82
0.947362429,0.873150259,0.,0.935601394,0.875519149,0.,                 9P     83
0.921531392,0.879205387,0.,0.911191214,0.881914438,0.,                 9P     84
0.896491999,0.886166262,0.,0.,1.,0.,0.,1.;                             9P     85
126,3,3,1,0,1,0,0.,0.,0.,0.,1.,1.,1.,1.,1.,1.,1.,1.,                  11P     86
6.777789949,3.376541333,0.,6.777789949,3.376541333,1.672932716,       11P     87
6.801899327,3.384448329,3.346079424,6.827311139,3.39282716,           11P     88
5.018798142,0.,1.,0.311631877,-0.950202912,0.;                        11P     89
126,8,2,1,0,1,0,0.,0.,0.,0.125,0.125,0.25,0.25,0.5,0.5,1.,1.,         13P     90
1.,1.,1.,1.,1.,1.,1.,1.,1.,1.,0.896491999,0.886166262,0.,             13P     91
0.896212508,0.887154373,0.,0.895945884,0.888146033,0.,                13P     92
0.895821358,0.888609184,0.,0.895394683,0.89006629,0.,                 13P     93
0.894844675,0.89194458,0.,0.894276814,0.893735356,0.,                 13P     94
0.893161386,0.897252908,0.,0.891976705,0.900434054,0.,0.,1.,0.,       13P     95
0.,1.;                                                                13P     96
126,6,3,1,0,1,0,-5.73697587843364E-08,-5.73697587843364E-08,          15P     97
-5.73697587843364E-08,-5.73697587843364E-08,0.,0.,0.,                 15P     98
0.00029831272928877,0.00029831272928877,0.00029831272928877,          15P     99
0.00029831272928877,1.,1.,1.,1.,1.,1.,1.,6.827311139,                 15P    100
3.39282716,5.018798142,6.827316913,3.392826987,5.018816372,           15P    101
6.827322774,3.392828977,5.01883453,6.827328591,3.392829886,           15P    102
5.018852725,6.857576374,3.397555553,5.113460184,6.880105605,          15P    103
3.401795483,5.210976218,6.893715341,3.405554952,5.309406259,          15P    104
-5.73697587843364E-08,0.00029831272928877,0.,0.,0.;                   15P    105
126,14,2,1,0,1,0,0.,0.,0.,0.125,0.125,0.25,0.25,0.375,0.375,          17P    106
0.5,0.5,0.642857142857143,0.642857142857143,0.785714285714286,        17P    107
0.785714285714286,1.,1.,1.,1.,1.,1.,1.,1.,1.,1.,1.,1.,1.,1.,1.,       17P    108
1.,1.,1.,0.891976705,0.900434054,0.,0.889457456,0.907198827,0.,       17P    109
0.886655768,0.91237351,0.,0.883881879,0.917496849,0.,                 17P    110
0.881115446,0.920622579,0.,0.878371162,0.923723282,0.,                17P    111
0.875370978,0.925281621,0.,0.872441494,0.926803238,0.,                17P    112
0.869588118,0.926693896,0.,0.866282305,0.926567217,0.,                17P    113
0.862981513,0.924313282,0.,0.85955657,0.921974571,0.,                 17P    114
0.856592176,0.91761558,0.,0.851756278,0.910504639,0.,                 17P    115
0.847626479,0.898501474,0.,0.,1.,0.,0.,-1.;                           17P    116
126,21,3,1,0,1,0,0.,0.,0.,0.,0.000332885501334147,                    19P    117
0.000332885501334147,0.000332885501334147,0.000828847278019546,       19P    118
0.000828847278019546,0.000828847278019546,0.00101592915152873,        19P    119
0.00101592915152873,0.00101592915152873,0.00147574588669941,          19P    120
0.00147574588669941,0.00147574588669941,0.00166879021899284,          19P    121
0.00166879021899284,0.00166879021899284,0.00212741625178501,          19P    122
0.00212741625178501,0.00212741625178501,0.00263045664553246,          19P    123
0.00263045664553246,0.00263045664553246,0.00263045664553246,1.,       19P    124
1.,1.,1.,1.,1.,1.,1.,1.,1.,1.,1.,1.,1.,1.,1.,1.,1.,1.,1.,1.,1.,       19P    125
6.893715341,3.405554952,5.309406259,6.90890237,3.409750122,           19P    126
5.41924379,6.913109692,3.413390006,5.531289458,6.905090039,           19P    127
3.416475366,5.64191809,6.893254992,3.421028603,5.805178897,           19P    128
6.853131132,3.424430419,5.969206989,6.78532721,3.426524897,           19P    129
6.118247698,6.759388377,3.427326154,6.175264193,6.729472923,          19P    130
3.427963168,6.230636476,6.695975235,3.428441916,6.2835706,            19P    131
6.614684221,3.429603724,6.412029275,6.509614548,3.429821087,          19P    132
6.528195855,6.389341444,3.429044518,6.62117428,6.338191867,           19P    133
3.42871426,6.660716014,6.284045454,3.428214458,6.69664046,            19P    134
6.227794224,3.427546701,6.728504081,6.095697766,3.425978588,          19P    135
6.803330383,5.948985991,3.423419692,6.856597056,5.799644748,          19P    136
3.419722364,6.883697455,5.635719048,3.41566396,6.913444441,           19P    137
5.464903887,3.410354934,6.914736397,5.300002485,3.403819128,          19P    138
6.89154588,0.,0.00263045664553246,-0.047906788,0.998354755,           19P    139
-0.0315075;                                                           19P    140
126,2,2,1,0,1,0,0.,0.,0.,1.,1.,1.,1.,1.,1.,0.847626479,               21P    141
0.898501474,0.,0.845097368,0.891150672,0.,0.842908224,                21P    142
0.882085276,0.,0.,1.,0.,0.,-1.;                                       21P    143
126,6,3,1,0,1,0,0.,0.,0.,0.,0.000327473378434579,                     23P    144
0.000327473378434579,0.000327473378434579,0.000327533378434558,       23P    145
0.000327533378434558,0.000327533378434558,0.000327533378434558,       23P    146
1.,1.,1.,1.,1.,1.,1.,5.300002485,3.403819128,6.89154588,              23P    147
5.191991537,3.399538154,6.876356016,5.085074614,3.394673825,          23P    148
6.850590801,4.981722346,3.389226837,6.815891194,4.98170341,           23P    149
3.389225839,6.815884836,4.981684474,3.389224841,6.815878478,          23P    150
4.981665537,3.389223843,6.81587212,0.,0.000327533378434558,0.,        23P    151
0.,0.;                                                                23P    152
126,14,2,1,0,1,0,0.,0.,0.,0.0357142857142857,                         25P    153
0.0357142857142857,0.0625,0.0625,0.125,0.125,0.25,0.25,0.5,0.5,       25P    154
0.75,0.75,1.,1.,1.,1.,1.,1.,1.,1.,1.,1.,1.,1.,1.,1.,1.,1.,1.,         25P    155
1.,0.842908224,0.882085276,0.,0.842724258,0.882001504,0.,             25P    156
0.836031518,0.880346892,0.,0.833394784,0.879695026,0.,                25P    157
0.83084683,0.879088765,0.,0.82454011,0.877588142,0.,                  25P    158
0.818662897,0.876340407,0.,0.805652787,0.873578356,0.,                25P    159
0.793973733,0.871900848,0.,0.76821943,0.868201658,0.,                 25P    160
0.743820972,0.869199361,0.,0.72053819,0.870151442,0.,                 25P    161
0.693909836,0.875603816,0.,0.674377768,0.879603167,0.,                25P    162
0.645580051,0.887693787,0.,0.,1.,0.,0.,1.;                            25P    163
126,10,3,1,0,1,0,0.,0.,0.,0.,0.0625000000000001,                      27P    164
0.0625000000000001,0.125,0.25,0.25,0.5,0.5,1.,1.,1.,1.,1.,1.,         27P    165
1.,1.,1.,1.,1.,1.,1.,1.,1.,4.981665537,3.389223843,6.81587212,        27P    166
4.773382554,3.370982634,6.811074298,4.564843357,3.387432845,          27P    167
6.810265271,4.148021644,3.385744353,6.804973962,3.522789594,          27P    168
3.383324158,6.797381795,2.897559537,3.381340662,6.791111894,          27P    169
1.647103327,3.37822958,6.781161456,0.813471414,3.377359573,           27P    170
6.778222407,-1.687403831,3.379145196,6.783035401,-3.354788312,        27P    171
3.386332679,6.804892022,-5.021844319,3.394180146,6.829314015,         27P    172
0.,1.,-0.012484658,-0.11859113,0.992864682;                           27P    173
126,8,2,1,0,1,0,0.,0.,0.,0.125,0.125,0.25,0.25,0.5,0.5,1.,1.,         29P    174
1.,1.,1.,1.,1.,1.,1.,1.,1.,1.,0.645580051,0.887693787,0.,             29P    175
0.645310425,0.888669897,0.,0.645052863,0.889649259,0.,                29P    176
0.644932604,0.890106535,0.,0.644521404,0.891545759,0.,                29P    177
0.643991816,0.893399342,0.,0.643445502,0.895169329,0.,                29P    178
0.642374156,0.898640354,0.,0.641239517,0.901786807,0.,0.,1.,0.,       29P    179
0.,1.;                                                                29P    180
126,6,3,1,0,1,0,-5.7359036663699E-08,-5.7359036663699E-08,            31P    181
-5.7359036663699E-08,-5.7359036663699E-08,0.,0.,0.,                   31P    182
0.000298135246587787,0.000298135246587787,0.000298135246587787,       31P    183
0.000298135246587787,1.,1.,1.,1.,1.,1.,1.,-5.021844319,               31P    184
3.394180146,6.829314015,-5.021862544,3.39417998,6.829319794,          31P    185
-5.021880701,3.394181946,6.829325652,-5.021898892,3.394182845,        31P    186
6.82933147,-5.116449294,3.398858869,6.859570941,-5.213906647,         31P    187
3.403051428,6.882089524,-5.312275232,3.406772187,6.89572209,          31P    188
-5.7359036663699E-08,0.000298135246587787,0.,0.,0.;                   31P    189
126,16,2,1,0,1,0,0.,0.,0.,0.125,0.125,0.25,0.25,0.375,0.375,          33P    190
0.5,0.5,0.642857142857143,0.642857142857143,0.785714285714286,        33P    191
0.785714285714286,0.857142857142857,0.857142857142857,1.,1.,1.,       33P    192
1.,1.,1.,1.,1.,1.,1.,1.,1.,1.,1.,1.,1.,1.,1.,1.,1.,0.641239517,       33P    193
0.901786807,0.,0.638827977,0.908474215,0.,0.636174168,                33P    194
0.913590665,0.,0.633536762,0.918675491,0.,0.630943478,                33P    195
0.921738366,0.,0.628369907,0.924777958,0.,0.625557979,                33P    196
0.926325148,0.,0.622804487,0.927840185,0.,0.620155705,                33P    197
0.927743251,0.,0.617086566,0.927630934,0.,0.613986121,                33P    198
0.925428031,0.,0.610763608,0.923138395,0.,0.607995645,                33P    199
0.918894901,0.,0.606547186,0.916674305,0.,0.605074021,                33P    200
0.913764717,0.,0.602121712,0.907933734,0.,0.599503676,                33P    201
0.900088988,0.,0.,1.,0.,0.,-1.;                                       33P    202
126,21,3,1,0,1,0,0.,0.,0.,0.,0.000335310596420363,                    35P    203
0.000335310596420363,0.000335310596420363,0.000830104673299381,       35P    204
0.000830104673299381,0.000830104673299381,0.00101452886472699,        35P    205
0.00101452886472699,0.00101452886472699,0.00147464290606437,          35P    206
0.00147464290606437,0.00147464290606437,0.00166593828621941,          35P    207
0.00166593828621941,0.00166593828621941,0.00212445737762747,          35P    208
0.00212445737762747,0.00212445737762747,0.00262754070524917,          35P    209
0.00262754070524917,0.00262754070524917,0.00262754070524917,1.,       35P    210
1.,1.,1.,1.,1.,1.,1.,1.,1.,1.,1.,1.,1.,1.,1.,1.,1.,1.,1.,1.,1.,       35P    211
-5.312275232,3.406772187,6.89572209,-5.422909682,3.410956899,         35P    212
6.91105454,-5.535794171,3.414587969,6.915273625,-5.647217967,         35P    213
3.417661243,6.907035308,-5.810075788,3.422153164,6.894994124,         35P    214
-5.973600365,3.425485729,6.854452423,-6.122162764,3.427537164,        35P    215
6.786534513,-6.178323396,3.428312662,6.760859694,-6.232888391,        35P    216
3.428932636,6.731352357,-6.285102405,3.429402683,6.698378275,         35P    217
-6.413701543,3.430560374,6.617165626,-6.530040321,3.430788516,        35P    218
6.512122358,-6.623036969,3.430027591,6.391766148,-6.662210738,        35P    219
3.42970706,6.341067476,-6.697839158,3.429223656,6.28743716,           35P    220
-6.729513208,3.428580029,6.231747102,-6.804555716,3.427055143,        35P    221
6.099805605,-6.858328195,3.424574099,5.953287341,-6.885570433,        35P    222
3.420932323,5.803999499,-6.915484357,3.416933392,5.640070775,         35P    223
-6.916763354,3.411694244,5.469186284,-6.893516562,3.405244745,        35P    224
5.304257659,0.,0.00262754070524917,0.031204952,0.998391909,           35P    225
-0.047327013;                                                         35P    226
126,2,2,1,0,1,0,0.,0.,0.,1.,1.,1.,1.,1.,1.,0.599503676,               37P    227
0.900088988,0.,0.597112487,0.892923976,0.,0.595038807,                37P    228
0.884169202,0.,0.,1.,0.,0.,-1.;                                       37P    229
126,6,3,1,0,1,0,0.,0.,0.,0.,0.000322677767828663,                     39P    230
0.000322677767828663,0.000322677767828663,0.000322737767828637,       39P    231
0.000322737767828637,0.000322737767828637,0.000322737767828637,       39P    232
1.,1.,1.,1.,1.,1.,1.,-6.893516562,3.405244745,5.304257659,            39P    233
-6.87851565,3.401082951,5.197830944,-6.853221394,3.396361107,         39P    234
5.092465362,-6.819108924,3.391064738,4.99059642,-6.819102581,         39P    235
3.391063753,4.990577478,-6.819096238,3.391062768,4.990558536,         39P    236
-6.819089894,3.391061784,4.990539594,0.,0.000322737767828637,         39P    237
0.,0.,0.;                                                             39P    238
126,8,2,1,0,1,0,0.,0.,0.,0.125,0.125,0.25,0.25,0.5,0.5,1.,1.,         41P    239
1.,1.,1.,1.,1.,1.,1.,1.,1.,1.,0.595038807,0.884169202,0.,             41P    240
0.59457848,0.883965403,0.,0.583475489,0.881371906,0.,                 41P    241
0.577421253,0.879957724,0.,0.571797009,0.87875927,0.,                 41P    242
0.559287747,0.876093708,0.,0.548133337,0.874338346,0.,                41P    243
0.523080889,0.870395858,0.,0.5,0.870395858,0.,0.,1.,0.,0.,1.;         41P    244
126,8,3,1,0,1,0,0.,0.,0.,0.,0.125,0.125,0.25,0.5,0.5,1.,1.,1.,        43P    245
1.,1.,1.,1.,1.,1.,1.,1.,1.,1.,-6.819089894,3.391061784,               43P    246
4.990539594,-6.814610993,3.373318954,4.782711119,-6.81383219,         43P    247
3.3893922,4.5746613,-6.808821015,3.387799139,4.158783,                43P    248
-6.801574921,3.385494145,3.53496555,-6.795374768,3.383521352,         43P    249
2.9111481,-6.785060787,3.380244837,1.6635132,-6.781129671,            43P    250
3.378994201,0.8317566,-6.781129671,3.378994201,0.,0.,1.,              43P    251
-0.993605007,-0.112290788,-0.011826591;                               43P    252
126,1,1,1,0,1,0,0.,0.,1.,1.,1.,1.,0.5,0.870395858,0.,0.5,0.,0.,       45P    253
0.,1.,0.,0.,1.;                                                       45P    254
126,3,3,1,0,1,0,0.129604141668545,0.129604141668545,                  47P    255
0.129604141668545,0.129604141668545,1.,1.,1.,1.,1.,1.,1.,1.,          47P    256
-6.781129671,3.378994201,0.,-5.17461557,3.126778508,0.,               47P    257
-3.585835514,3.,0.,-2.000034968,3.,0.,0.129604141668545,1.,0.,        47P    258
0.,-1.;                                                               47P    259
126,1,1,1,0,1,0,0.,0.,1.,1.,1.,1.,0.499999999,0.,0.,1.,0.,0.,         49P    260
0.,1.,0.,0.,1.;                                                       49P    261
124,-1.,-1.22464679914735E-16,0.,3.67394039744206E-16,                51P    262
7.49879891330929E-33,-6.12323399573677E-17,1.,3.,                     51P    263
-1.22464679914735E-16,1.,6.12323399573677E-17,-3.;                    51P    264
100,0.,0.,3.,2.,2.99999999,-2.,3.;                                    53P    265
102,12,5,9,13,17,21,25,29,33,37,41,45,49;                             55P    266
102,12,7,11,15,19,23,27,31,35,39,43,47,53;                            57P    267
142,1,3,55,57,1;                                                      59P    268
144,3,1,0,59;                                                         61P    269
128,1,1,1,1,0,0,1,0,0,0.,0.,1.,1.,0.,0.,1.,1.,1.,1.,1.,1.,-7.,        63P    270
1.5,-7.,-7.,1.5,7.,7.,1.5,-7.,7.,1.5,7.,0.,1.,0.,1.;                  63P    271
126,1,1,1,0,1,0,0.,0.,1.,1.,1.,1.,0.053571429,0.,0.,                  65P    272
0.946428571,0.,0.,0.,1.,0.,0.,1.;                                     65P    273
110,-7.,1.5,-6.25,-7.,1.5,6.25;                                       67P    274
126,8,2,1,0,1,0,0.,0.,0.,0.25,0.25,0.5,0.5,0.75,0.75,1.,1.,1.,        69P    275
1.,1.,1.,1.,1.,1.,1.,1.,1.,0.946428571,0.,0.,0.957084591,0.,0.,       69P    276
0.96692947,0.004077882,0.,0.976774348,0.008155764,0.,                 69P    277
0.984309292,0.015690708,0.,0.991844236,0.023225652,0.,                69P    278
0.995922118,0.03307053,0.,1.,0.042915409,0.,1.,0.053571429,0.,        69P    279
0.,1.,0.,0.,-1.;                                                      69P    280
124,-1.,6.98296267768627E-15,0.,-12.5,-4.27583144589696E-31,          71P    281
-6.12323399573677E-17,1.,-4.75,6.98296267768627E-15,1.,               71P    282
6.12323399573677E-17,4.75000000000004;                                71P    283
100,6.25,-6.25,1.5,-5.5,1.5,-6.25,2.25;                               73P    284
126,1,1,1,0,1,0,0.,0.,1.,1.,1.,1.,1.,0.053571429,0.,1.,               75P    285
0.946428571,0.,0.,1.,0.,0.,1.;                                        75P    286
110,-6.25,1.5,7.,6.25,1.5,7.;                                         77P    287
126,8,2,1,0,1,0,0.,0.,0.,0.25,0.25,0.5,0.5,0.75,0.75,1.,1.,1.,        79P    288
1.,1.,1.,1.,1.,1.,1.,1.,1.,1.,0.946428571,0.,1.,0.957084591,0.,       79P    289
0.995922118,0.96692947,0.,0.991844236,0.976774348,0.,                 79P    290
0.984309292,0.984309292,0.,0.976774348,0.991844236,0.,                79P    291
0.96692947,0.995922118,0.,0.957084591,1.,0.,0.946428571,1.,0.,        79P    292
0.,1.,0.,0.,-1.;                                                      79P    293
124,1.40271576953299E-14,1.,0.,4.74999999999991,                      81P    294
-6.12323399573677E-17,8.58915688636046E-31,1.,-4.75,1.,               81P    295
-1.40271576953299E-14,6.12323399573677E-17,                           81P    296
2.24184063451923E-14;                                                 81P    297
100,6.25,6.25,1.5,7.,1.5,6.25,2.25;                                   83P    298
126,1,1,1,0,1,0,0.,0.,1.,1.,1.,1.,0.946428571,1.,0.,                  85P    299
0.053571429,1.,0.,0.,1.,0.,0.,1.;                                     85P    300
110,7.,1.5,6.25,7.,1.5,-6.25;                                         87P    301
126,8,2,1,0,1,0,0.,0.,0.,0.25,0.25,0.5,0.5,0.75,0.75,1.,1.,1.,        89P    302
1.,1.,1.,1.,1.,1.,1.,1.,1.,0.053571429,1.,0.,0.042915409,1.,0.,       89P    303
0.03307053,0.995922118,0.,0.023225652,0.991844236,0.,                 89P    304
0.015690708,0.984309292,0.,0.008155764,0.976774348,0.,                89P    305
0.004077882,0.96692947,0.,0.,0.957084591,0.,0.,0.946428571,0.,        89P    306
0.,1.,0.,0.,-1.;                                                      89P    307
124,1.,0.,0.,0.,0.,6.12323399573677E-17,1.,7.75000000000001,0.,       91P    308
-1.,6.12323399573677E-17,-4.75;                                       91P    309
100,-6.25,6.25,1.5,7.,1.5,6.25,2.25;                                  93P    310
126,1,1,1,0,1,0,0.,0.,1.,1.,1.,1.,0.,0.946428571,0.,0.,               95P    311
0.053571429,0.,0.,1.,0.,0.,1.;                                        95P    312
110,6.25,1.5,-7.,-6.25,1.5,-7.;                                       97P    313
126,8,2,1,0,1,0,0.,0.,0.,0.25,0.25,0.5,0.5,0.75,0.75,1.,1.,1.,        99P    314
1.,1.,1.,1.,1.,1.,1.,1.,1.,0.,0.053571429,0.,0.,0.042915409,0.,       99P    315
0.004077882,0.03307053,0.,0.008155764,0.023225652,0.,                 99P    316
0.015690708,0.015690708,0.,0.023225652,0.008155764,0.,                99P    317
0.03307053,0.004077882,0.,0.042915409,0.,0.,0.053571429,0.,0.,        99P    318
0.,1.,0.,0.,-1.;                                                      99P    319
124,6.12323399573677E-17,-1.,0.,-4.75,6.12323399573677E-17,          101P    320
3.74939945665464E-33,1.,7.75000000000001,-1.,                        101P    321
-6.12323399573677E-17,6.12323399573677E-17,-12.5;                    101P    322
100,-6.25,-6.25,1.5,-5.5,1.5,-6.25,2.25;                             103P    323
102,8,65,69,75,79,85,89,95,99;                                       105P    324
102,8,67,73,77,83,87,93,97,103;                                      107P    325
142,1,63,105,107,1;                                                  109P    326
126,1,1,1,0,1,0,0.,0.,1.,1.,1.,1.,0.378571429,0.2375,0.,             111P    327
0.378571429,0.355357143,0.,0.,1.,0.,0.,1.;                           111P    328
110,-3.675,1.5,-1.7,-2.025,1.5,-1.7;                                 113P    329
126,1,1,1,0,1,0,0.,0.,1.,1.,1.,1.,0.378571429,0.355357143,0.,        115P    330
0.621428571,0.355357143,0.,0.,1.,0.,0.,1.;                           115P    331
110,-2.025,1.5,-1.7,-2.025,1.5,1.7;                                  117P    332
126,1,1,1,0,1,0,0.,0.,1.,1.,1.,1.,0.621428571,0.355357143,0.,        119P    333
0.621428571,0.2375,0.,0.,1.,0.,0.,1.;                                119P    334
110,-2.025,1.5,1.7,-3.675,1.5,1.7;                                   121P    335
126,1,1,1,0,1,0,0.,0.,1.,1.,1.,1.,0.621428571,0.2375,0.,             123P    336
0.378571429,0.2375,0.,0.,1.,0.,0.,1.;                                123P    337
110,-3.675,1.5,1.7,-3.675,1.5,-1.7;                                  125P    338
102,4,111,115,119,123;                                               127P    339
102,4,113,117,121,125;                                               129P    340
142,1,63,127,129,1;                                                  131P    341
126,1,1,1,0,1,0,0.,0.,1.,1.,1.,1.,0.378571429,0.644642857,0.,        133P    342
0.378571429,0.7625,0.,0.,1.,0.,0.,1.;                                133P    343
110,2.025,1.5,-1.7,3.675,1.5,-1.7;                                   135P    344
126,1,1,1,0,1,0,0.,0.,1.,1.,1.,1.,0.378571429,0.7625,0.,             137P    345
0.621428571,0.7625,0.,0.,1.,0.,0.,1.;                                137P    346
110,3.675,1.5,-1.7,3.675,1.5,1.7;                                    139P    347
126,1,1,1,0,1,0,0.,0.,1.,1.,1.,1.,0.621428571,0.7625,0.,             141P    348
0.621428571,0.644642857,0.,0.,1.,0.,0.,1.;                           141P    349
110,3.675,1.5,1.7,2.025,1.5,1.7;                                     143P    350
126,1,1,1,0,1,0,0.,0.,1.,1.,1.,1.,0.621428571,0.644642857,0.,        145P    351
0.378571429,0.644642857,0.,0.,1.,0.,0.,1.;                           145P    352
110,2.025,1.5,1.7,2.025,1.5,-1.7;                                    147P    353
102,4,133,137,141,145;                                               149P    354
102,4,135,139,143,147;                                               151P    355
142,1,63,149,151,1;                                                  153P    356
144,63,1,2,109,131,153;                                              155P    357
110,8.,3.5,8.,8.,-996.5,8.;                                          157P    358
110,8.,3.,7.,8.,0.,7.;                                               159P    359
120,157,159,0.,6.28318530717959;                                     161P    360
126,1,1,1,0,1,0,0.,0.,1.,1.,1.,1.,1.,1.570796327,0.,0.,              163P    361
1.570796327,0.,0.,1.,0.,0.,1.;                                       163P    362
110,9.,0.,8.,9.,3.,8.;                                               165P    363
126,1,1,1,0,1,0,0.,0.,1.,1.,1.,1.,0.,1.570796327,0.,0.,              167P    364
3.141592654,0.,0.,1.,0.,0.,1.;                                       167P    365
124,1.,0.,0.,0.,0.,6.12323399573677E-17,-1.,11.,0.,1.,               169P    366
6.12323399573677E-17,5.;                                             169P    367
100,8.,8.,3.,9.,3.,8.,4.;                                            171P    368
126,1,1,1,0,1,0,0.,0.,1.,1.,1.,1.,0.,3.141592654,0.,1.,              173P    369
3.141592654,0.,0.,1.,0.,0.,1.;                                       173P    370
110,8.,3.,9.,8.,0.,9.;                                               175P    371
126,1,1,1,0,1,0,0.,0.,1.,1.,1.,1.,1.,3.141592654,0.,1.,              177P    372
1.570796327,0.,0.,1.,0.,0.,1.;                                       177P    373
124,1.40271576953299E-14,1.,0.,7.99999999999989,                     179P    374
-6.12323399573677E-17,8.58915688636046E-31,1.,-8.,1.,                179P    375
-1.40271576953299E-14,6.12323399573677E-17,                          179P    376
-1.6848178197809E-15;                                                179P    377
100,8.,8.,0.,9.,0.,8.,1.;                                            181P    378
102,4,163,167,173,177;                                               183P    379
102,4,165,171,175,181;                                               185P    380
142,1,161,183,185,1;                                                 187P    381
144,161,1,0,187;                                                     189P    382
128,1,1,1,1,0,0,1,0,0,0.,0.,1.,1.,0.,0.,1.,1.,1.,1.,1.,1.,9.,        191P    383
0.,-8.,9.,0.,8.,9.,3.,-8.,9.,3.,8.,0.,1.,0.,1.;                      191P    384
126,1,1,1,0,1,0,0.,0.,1.,1.,1.,1.,0.,0.,0.,1.,0.,0.,0.,1.,0.,        193P    385
0.,1.;                                                               193P    386
110,9.,0.,-8.,9.,0.,8.;                                              195P    387
126,1,1,1,0,1,0,0.,0.,1.,1.,1.,1.,1.,0.,0.,1.,1.,0.,0.,1.,0.,        197P    388
0.,1.;                                                               197P    389
110,9.,0.,8.,9.,3.,8.;                                               199P    390
126,1,1,1,0,1,0,0.,0.,1.,1.,1.,1.,1.,1.,0.,0.,1.,0.,0.,1.,0.,        201P    391
0.,1.;                                                               201P    392
110,9.,3.,8.,9.,3.,-8.;                                              203P    393
126,1,1,1,0,1,0,0.,0.,1.,1.,1.,1.,0.,1.,0.,0.,0.,0.,0.,1.,0.,        205P    394
0.,1.;                                                               205P    395
110,9.,3.,-8.,9.,0.,-8.;                                             207P    396
102,4,193,197,201,205;                                               209P    397
102,4,195,199,203,207;                                               211P    398
142,1,191,209,211,1;                                                 213P    399
144,191,1,0,213;                                                     215P    400
110,8.,3.5,-8.,8.,-996.5,-8.;                                        217P    401
110,8.,3.,-9.,8.,0.,-9.;                                             219P    402
120,217,219,0.,6.28318530717959;                                     221P    403
126,1,1,1,0,1,0,0.,0.,1.,1.,1.,1.,1.,0.,0.,0.,0.,0.,0.,1.,0.,        223P    404
0.,1.;                                                               223P    405
110,8.,0.,-9.,8.,3.,-9.;                                             225P    406
126,1,1,1,0,1,0,0.,0.,1.,1.,1.,1.,0.,0.,0.,0.,1.570796327,0.,        227P    407
0.,1.,0.,0.,1.;                                                      227P    408
124,1.40271576953299E-14,1.,0.,4.99999999999988,                     229P    409
-6.12323399573677E-17,8.58915688636046E-31,-1.,-5.,-1.,              229P    410
1.40271576953299E-14,6.12323399573677E-17,-4.9253969665965E-14;      229P    411
100,-8.,8.,3.,9.,3.,8.,4.;                                           231P    412
126,1,1,1,0,1,0,0.,0.,1.,1.,1.,1.,0.,1.570796327,0.,1.,              233P    413
1.570796327,0.,0.,1.,0.,0.,1.;                                       233P    414
110,9.,3.,-8.,9.,0.,-8.;                                             235P    415
126,1,1,1,0,1,0,0.,0.,1.,1.,1.,1.,1.,1.570796327,0.,1.,0.,0.,        237P    416
0.,1.,0.,0.,1.;                                                      237P    417
124,1.,0.,0.,0.,0.,6.12323399573677E-17,1.,8.,0.,-1.,                239P    418
6.12323399573677E-17,-8.;                                            239P    419
100,-8.,8.,0.,9.,0.,8.,1.;                                           241P    420
102,4,223,227,233,237;                                               243P    421
102,4,225,231,235,241;                                               245P    422
142,1,221,243,245,1;                                                 247P    423
144,221,1,0,247;                                                     249P    424
128,1,1,1,1,0,0,1,0,0,0.,0.,1.,1.,0.,0.,1.,1.,1.,1.,1.,1.,-8.,       251P    425
0.,-9.,8.,0.,-9.,-8.,3.,-9.,8.,3.,-9.,0.,1.,0.,1.;                   251P    426
126,1,1,1,0,1,0,0.,0.,1.,1.,1.,1.,0.,0.,0.,1.,0.,0.,0.,1.,0.,        253P    427
0.,1.;                                                               253P    428
110,-8.,0.,-9.,8.,0.,-9.;                                            255P    429
126,1,1,1,0,1,0,0.,0.,1.,1.,1.,1.,1.,0.,0.,1.,1.,0.,0.,1.,0.,        257P    430
0.,1.;                                                               257P    431
110,8.,0.,-9.,8.,3.,-9.;                                             259P    432
126,1,1,1,0,1,0,0.,0.,1.,1.,1.,1.,1.,1.,0.,0.,1.,0.,0.,1.,0.,        261P    433
0.,1.;                                                               261P    434
110,8.,3.,-9.,-8.,3.,-9.;                                            263P    435
126,1,1,1,0,1,0,0.,0.,1.,1.,1.,1.,0.,1.,0.,0.,0.,0.,0.,1.,0.,        265P    436
0.,1.;                                                               265P    437
110,-8.,3.,-9.,-8.,0.,-9.;                                           267P    438
102,4,253,257,261,265;                                               269P    439
102,4,255,259,263,267;                                               271P    440
142,1,251,269,271,1;                                                 273P    441
144,251,1,0,273;                                                     275P    442
110,-8.,3.5,-8.,-8.,-996.5,-8.;                                      277P    443
110,-8.,3.,-9.,-8.,0.,-9.;                                           279P    444
120,277,279,0.,6.28318530717959;                                     281P    445
126,1,1,1,0,1,0,0.,0.,1.,1.,1.,1.,1.,4.71238898,0.,0.,               283P    446
4.71238898,0.,0.,1.,0.,0.,1.;                                        283P    447
110,-9.,0.,-8.,-9.,3.,-8.;                                           285P    448
126,1,1,1,0,1,0,0.,0.,1.,1.,1.,1.,0.,4.71238898,0.,0.,               287P    449
6.283185307,0.,0.,1.,0.,0.,1.;                                       287P    450
124,-1.,6.98296267768627E-15,0.,-16.,-4.27583144589696E-31,          289P    451
-6.12323399573677E-17,-1.,-5.,-6.98296267768627E-15,-1.,             289P    452
6.12323399573677E-17,-5.00000000000006;                              289P    453
100,-8.,-8.,3.,-7.,3.,-8.,4.;                                        291P    454
126,1,1,1,0,1,0,0.,0.,1.,1.,1.,1.,0.,6.283185307,0.,1.,              293P    455
6.283185307,0.,0.,1.,0.,0.,1.;                                       293P    456
110,-8.,3.,-9.,-8.,0.,-9.;                                           295P    457
126,1,1,1,0,1,0,0.,0.,1.,1.,1.,1.,1.,6.283185307,0.,1.,              297P    458
4.71238898,0.,0.,1.,0.,0.,1.;                                        297P    459
124,6.12323399573677E-17,-1.,0.,-8.,6.12323399573677E-17,            299P    460
3.74939945665464E-33,1.,8.00000000000001,-1.,                        299P    461
-6.12323399573677E-17,6.12323399573677E-17,-16.;                     299P    462
100,-8.,-8.,0.,-7.,0.,-8.,1.;                                        301P    463
102,4,283,287,293,297;                                               303P    464
102,4,285,291,295,301;                                               305P    465
142,1,281,303,305,1;                                                 307P    466
144,281,1,0,307;                                                     309P    467
128,1,1,1,1,0,0,1,0,0,0.,0.,1.,1.,0.,0.,1.,1.,1.,1.,1.,1.,-9.,       311P    468
0.,8.,-9.,0.,-8.,-9.,3.,8.,-9.,3.,-8.,0.,1.,0.,1.;                   311P    469
126,1,1,1,0,1,0,0.,0.,1.,1.,1.,1.,0.,0.,0.,1.,0.,0.,0.,1.,0.,        313P    470
0.,1.;                                                               313P    471
110,-9.,0.,8.,-9.,0.,-8.;                                            315P    472
126,1,1,1,0,1,0,0.,0.,1.,1.,1.,1.,1.,0.,0.,1.,1.,0.,0.,1.,0.,        317P    473
0.,1.;                                                               317P    474
110,-9.,0.,-8.,-9.,3.,-8.;                                           319P    475
126,1,1,1,0,1,0,0.,0.,1.,1.,1.,1.,1.,1.,0.,0.,1.,0.,0.,1.,0.,        321P    476
0.,1.;                                                               321P    477
110,-9.,3.,-8.,-9.,3.,8.;                                            323P    478
126,1,1,1,0,1,0,0.,0.,1.,1.,1.,1.,0.,1.,0.,0.,0.,0.,0.,1.,0.,        325P    479
0.,1.;                                                               325P    480
110,-9.,3.,8.,-9.,0.,8.;                                             327P    481
102,4,313,317,321,325;                                               329P    482
102,4,315,319,323,327;                                               331P    483
142,1,311,329,331,1;                                                 333P    484
144,311,1,0,333;                                                     335P    485
110,-8.,3.5,8.,-8.,-996.5,8.;                                        337P    486
110,-8.,3.,7.,-8.,0.,7.;                                             339P    487
120,337,339,0.,6.28318530717959;                                     341P    488
126,1,1,1,0,1,0,0.,0.,1.,1.,1.,1.,1.,3.141592654,0.,0.,              343P    489
3.141592654,0.,0.,1.,0.,0.,1.;                                       343P    490
110,-8.,0.,9.,-8.,3.,9.;                                             345P    491
126,1,1,1,0,1,0,0.,0.,1.,1.,1.,1.,0.,3.141592654,0.,0.,              347P    492
4.71238898,0.,0.,1.,0.,0.,1.;                                        347P    493
124,6.12323399573677E-17,-1.,0.,-5.,6.12323399573677E-17,            349P    494
3.74939945665464E-33,-1.,11.,1.,6.12323399573677E-17,                349P    495
6.12323399573677E-17,16.;                                            349P    496
100,8.,-8.,3.,-7.,3.,-8.,4.;                                         351P    497
126,1,1,1,0,1,0,0.,0.,1.,1.,1.,1.,0.,4.71238898,0.,1.,               353P    498
4.71238898,0.,0.,1.,0.,0.,1.;                                        353P    499
110,-9.,3.,8.,-9.,0.,8.;                                             355P    500
126,1,1,1,0,1,0,0.,0.,1.,1.,1.,1.,1.,4.71238898,0.,1.,               357P    501
3.141592654,0.,0.,1.,0.,0.,1.;                                       357P    502
124,-1.,6.98296267768627E-15,0.,-16.,-4.27583144589696E-31,          359P    503
-6.12323399573677E-17,1.,-8.,6.98296267768627E-15,1.,                359P    504
6.12323399573677E-17,8.00000000000005;                               359P    505
100,8.,-8.,0.,-7.,0.,-8.,1.;                                         361P    506
102,4,343,347,353,357;                                               363P    507
102,4,345,351,355,361;                                               365P    508
142,1,341,363,365,1;                                                 367P    509
144,341,1,0,367;                                                     369P    510
128,1,1,1,1,0,0,1,0,0,0.,0.,1.,1.,0.,0.,1.,1.,1.,1.,1.,1.,8.,        371P    511
0.,9.,-8.,0.,9.,8.,3.,9.,-8.,3.,9.,0.,1.,0.,1.;                      371P    512
126,1,1,1,0,1,0,0.,0.,1.,1.,1.,1.,0.,0.,0.,1.,0.,0.,0.,1.,0.,        373P    513
0.,1.;                                                               373P    514
110,8.,0.,9.,-8.,0.,9.;                                              375P    515
126,1,1,1,0,1,0,0.,0.,1.,1.,1.,1.,1.,0.,0.,1.,1.,0.,0.,1.,0.,        377P    516
0.,1.;                                                               377P    517
110,-8.,0.,9.,-8.,3.,9.;                                             379P    518
126,1,1,1,0,1,0,0.,0.,1.,1.,1.,1.,1.,1.,0.,0.,1.,0.,0.,1.,0.,        381P    519
0.,1.;                                                               381P    520
110,-8.,3.,9.,8.,3.,9.;                                              383P    521
126,1,1,1,0,1,0,0.,0.,1.,1.,1.,1.,0.,1.,0.,0.,0.,0.,0.,1.,0.,        385P    522
0.,1.;                                                               385P    523
110,8.,3.,9.,8.,0.,9.;                                               387P    524
102,4,373,377,381,385;                                               389P    525
102,4,375,379,383,387;                                               391P    526
142,1,371,389,391,1;                                                 393P    527
144,371,1,0,393;                                                     395P    528
128,1,1,1,1,0,0,1,0,0,0.,0.,1.,1.,0.,0.,1.,1.,1.,1.,1.,1.,           397P    529
-8.616310372,3.5,-8.627965523,-8.616310372,3.5,8.627965523,          397P    530
8.60853114,3.5,-8.627965523,8.60853114,3.5,8.627965523,0.,1.,        397P    531
0.,1.;                                                               397P    532
126,1,1,1,0,1,0,0.,0.,1.,1.,1.,1.,0.007415741,0.964671307,0.,        399P    533
0.007415741,0.035780322,0.,0.,1.,0.,0.,1.;                           399P    534
110,8.,3.5,-8.5,-8.,3.5,-8.5;                                        401P    535
126,8,2,1,0,1,0,0.,0.,0.,0.25,0.25,0.5,0.5,0.75,0.75,1.,1.,1.,       403P    536
1.,1.,1.,1.,1.,1.,1.,1.,1.,0.007415741,0.035780322,0.,               403P    537
0.007415741,0.030006325,0.,0.009621373,0.024671847,0.,               403P    538
0.011827005,0.019337369,0.,0.015902482,0.015254537,0.,               403P    539
0.019977959,0.011171705,0.,0.025302825,0.008962092,0.,               403P    540
0.030627692,0.006752479,0.,0.036391286,0.006752479,0.,0.,1.,0.,      403P    541
0.,-1.;                                                              403P    542
124,6.12323399573677E-17,-1.,0.,-4.5,6.12323399573677E-17,           405P    543
3.74939945665464E-33,1.,11.5,-1.,-6.12323399573677E-17,              405P    544
6.12323399573677E-17,-16.;                                           405P    545
100,-8.,-8.,3.5,-7.5,3.5,-8.,4.;                                     407P    546
126,1,1,1,0,1,0,0.,0.,1.,1.,1.,1.,0.036391286,0.006752479,0.,        409P    547
0.963608714,0.006752479,0.,0.,1.,0.,0.,1.;                           409P    548
110,-8.5,3.5,-8.,-8.5,3.5,8.;                                        411P    549
126,8,2,1,0,1,0,0.,0.,0.,0.25,0.25,0.5,0.5,0.75,0.75,1.,1.,1.,       413P    550
1.,1.,1.,1.,1.,1.,1.,1.,1.,0.963608714,0.006752479,0.,               413P    551
0.969372308,0.006752479,0.,0.974697175,0.008962092,0.,               413P    552
0.980022041,0.011171705,0.,0.984097518,0.015254537,0.,               413P    553
0.988172995,0.019337369,0.,0.990378627,0.024671847,0.,               413P    554
0.992584259,0.030006325,0.,0.992584259,0.035780322,0.,0.,1.,0.,      413P    555
0.,-1.;                                                              413P    556
124,-1.,6.98296267768627E-15,0.,-16.,-4.27583144589696E-31,          415P    557
-6.12323399573677E-17,1.,-4.5,6.98296267768627E-15,1.,               415P    558
6.12323399573677E-17,4.50000000000005;                               415P    559
100,8.,-8.,3.5,-7.5,3.5,-8.,4.;                                      417P    560
126,1,1,1,0,1,0,0.,0.,1.,1.,1.,1.,0.992584259,0.035780322,0.,        419P    561
0.992584259,0.964671307,0.,0.,1.,0.,0.,1.;                           419P    562
110,-8.,3.5,8.5,8.,3.5,8.5;                                          421P    563
126,8,2,1,0,1,0,0.,0.,0.,0.25,0.25,0.5,0.5,0.75,0.75,1.,1.,1.,       423P    564
1.,1.,1.,1.,1.,1.,1.,1.,1.,0.992584259,0.964671307,0.,               423P    565
0.992584259,0.970445304,0.,0.990378627,0.975779782,0.,               423P    566
0.988172995,0.981114259,0.,0.984097518,0.985197092,0.,               423P    567
0.980022041,0.989279924,0.,0.974697175,0.991489537,0.,               423P    568
0.969372308,0.99369915,0.,0.963608714,0.99369915,0.,0.,1.,0.,        423P    569
0.,-1.;                                                              423P    570
124,1.40271576953299E-14,1.,0.,4.49999999999989,                     425P    571
-6.12323399573677E-17,8.58915688636046E-31,1.,-4.5,1.,               425P    572
-1.40271576953299E-14,6.12323399573677E-17,                          425P    573
4.76245473037245E-14;                                                425P    574
100,8.,8.,3.5,8.5,3.5,8.,4.;                                         427P    575
126,1,1,1,0,1,0,0.,0.,1.,1.,1.,1.,0.963608714,0.99369915,0.,         429P    576
0.036391286,0.99369915,0.,0.,1.,0.,0.,1.;                            429P    577
110,8.5,3.5,8.,8.5,3.5,-8.;                                          431P    578
126,8,2,1,0,1,0,0.,0.,0.,0.25,0.25,0.5,0.5,0.75,0.75,1.,1.,1.,       433P    579
1.,1.,1.,1.,1.,1.,1.,1.,1.,0.036391286,0.99369915,0.,                433P    580
0.030627692,0.99369915,0.,0.025302825,0.991489537,0.,                433P    581
0.019977959,0.989279924,0.,0.015902482,0.985197092,0.,               433P    582
0.011827005,0.981114259,0.,0.009621373,0.975779782,0.,               433P    583
0.007415741,0.970445304,0.,0.007415741,0.964671307,0.,0.,1.,0.,      433P    584
0.,-1.;                                                              433P    585
124,1.,0.,0.,0.,0.,6.12323399573677E-17,1.,11.5,0.,-1.,              435P    586
6.12323399573677E-17,-4.5;                                           435P    587
100,-8.,8.,3.5,8.5,3.5,8.,4.;                                        437P    588
102,8,399,403,409,413,419,423,429,433;                               439P    589
102,8,401,407,411,417,421,427,431,437;                               441P    590
142,1,397,439,441,1;                                                 443P    591
126,12,2,1,0,1,0,0.,0.,0.,0.25,0.25,0.375,0.375,0.5,0.5,0.625,       445P    592
0.625,0.75,0.75,1.,1.,1.,1.,1.,1.,1.,1.,1.,1.,1.,1.,1.,1.,1.,        445P    593
1.,0.181269009,0.021100427,0.,0.150463949,0.025544295,0.,            445P    594
0.123799715,0.038457157,0.,0.110042107,0.045119643,0.,               445P    595
0.097635266,0.05390189,0.,0.085176817,0.062720668,0.,                445P    596
0.074535322,0.073355123,0.,0.063812281,0.084071071,0.,               445P    597
0.054941032,0.096639198,0.,0.046223786,0.108989145,0.,               445P    598
0.039596789,0.122696952,0.,0.026521344,0.14974324,0.,                445P    599
0.022191694,0.180919538,0.,0.,1.,0.,0.,1.;                           445P    600
126,5,3,1,0,1,0,0.,0.,0.,0.,0.5,0.5,1.,1.,1.,1.,1.,1.,1.,1.,1.,      447P    601
1.,-8.252858858,3.5,-5.5,-8.152697126,3.5,-6.195578064,              447P    602
-7.844748361,3.5,-6.848606585,-6.860811657,3.5,-7.834971694,         447P    603
-6.197164905,3.5,-8.148032724,-5.5,3.5,-8.245027184,0.,1.,0.,        447P    604
1.,0.;                                                               447P    605
126,26,2,1,0,1,0,0.,0.,0.,0.03125,0.03125,0.0390625,0.0390625,       449P    606
0.046875,0.046875,0.0625,0.0625,0.125,0.125,0.25,0.25,0.5,0.5,       449P    607
0.75,0.75,0.875,0.875,0.9375,0.9375,0.953125,0.953125,0.96875,       449P    608
0.96875,1.,1.,1.,1.,1.,1.,1.,1.,1.,1.,1.,1.,1.,1.,1.,1.,1.,1.,       449P    609
1.,1.,1.,1.,1.,1.,1.,1.,1.,1.,1.,1.,0.022191694,0.180919538,0.,      449P    610
0.020824494,0.190764269,0.,0.020363094,0.200873624,0.,               449P    611
0.020249547,0.203361475,0.,0.020191085,0.20586255,0.,                449P    612
0.020174614,0.206567213,0.,0.02010029,0.210851592,0.,                449P    613
0.02001248,0.215913415,0.,0.019928293,0.220829688,0.,                449P    614
0.019569236,0.241797451,0.,0.019265593,0.260742112,0.,               449P    615
0.018577349,0.303682554,0.,0.018106407,0.340567195,0.,               449P    616
0.017022187,0.425484591,0.,0.016835801,0.50021885,0.,                449P    617
0.016642032,0.577913262,0.,0.017373639,0.659873072,0.,               449P    618
0.017711649,0.697739322,0.,0.018269547,0.739701074,0.,               449P    619
0.018526092,0.758996802,0.,0.018834834,0.779615242,0.,               449P    620
0.018908858,0.7845587,0.,0.018986107,0.789593798,0.,                 449P    621
0.019071903,0.795185938,0.,0.01930805,0.799572596,0.,                449P    622
0.019852626,0.809688599,0.,0.021287994,0.81953209,0.,0.,1.,0.,       449P    623
0.,1.;                                                               449P    624
126,13,3,1,0,1,0,0.,0.,0.,0.,0.125,0.125,0.25,0.25,0.5,0.5,          451P    625
0.75,0.75,0.875,0.875,1.,1.,1.,1.,1.,1.,1.,1.,1.,1.,1.,1.,1.,        451P    626
1.,1.,1.,1.,1.,-5.5,3.5,-8.245027184,-5.041756127,3.5,               451P    627
-8.308781279,-4.58339264,3.5,-8.288160563,-3.666744996,3.5,          451P    628
-8.302878999,-3.208420355,3.5,-8.309660161,-1.833442524,3.5,         451P    629
-8.327247492,-0.91678523,3.5,-8.335157834,0.916545295,3.5,           451P    630
-8.339738385,1.833218587,3.5,-8.336364641,3.208238782,3.5,           451P    631
-8.324068492,3.666580488,3.5,-8.318812329,4.583266306,3.5,           451P    632
-8.306602614,5.041570808,3.5,-8.327589695,5.5,3.5,-8.260621364,      451P    633
0.,1.,0.,1.,0.;                                                      451P    634
126,12,2,1,0,1,0,0.,0.,0.,0.25,0.25,0.375,0.375,0.5,0.5,0.625,       453P    635
0.625,0.75,0.75,1.,1.,1.,1.,1.,1.,1.,1.,1.,1.,1.,1.,1.,1.,1.,        453P    636
1.,0.021287994,0.81953209,0.,0.025819309,0.850607025,0.,             453P    637
0.038866314,0.877485616,0.,0.045547277,0.891249302,0.,               453P    638
0.054328115,0.903650224,0.,0.063163349,0.916127967,0.,               453P    639
0.073826991,0.926806392,0.,0.084551718,0.937545987,0.,               453P    640
0.097086734,0.946418732,0.,0.109447497,0.955168133,0.,               453P    641
0.123162517,0.961815374,0.,0.150157468,0.974898982,0.,               453P    642
0.181269009,0.979273936,0.,0.,1.,0.,0.,1.;                           453P    643
126,5,3,1,0,1,0,0.,0.,0.,0.,0.5,0.5,1.,1.,1.,1.,1.,1.,1.,1.,1.,      455P    644
1.,5.5,3.5,-8.260621364,6.196794379,3.5,-8.158832131,                455P    645
6.851597846,3.5,-7.850404479,7.843967823,3.5,-6.857619652,           455P    646
8.153581462,3.5,-6.197782606,8.251527964,3.5,-5.5,0.,1.,0.,1.,       455P    647
0.;                                                                  455P    648
126,28,2,1,0,1,0,0.,0.,0.,0.03125,0.03125,0.0390625,0.0390625,       457P    649
0.046875,0.046875,0.0625,0.0625,0.125,0.125,0.25,0.25,0.5,0.5,       457P    650
0.75,0.75,0.875,0.875,0.9375,0.9375,0.953125,0.953125,               457P    651
0.9609375,0.9609375,0.96875,0.96875,1.,1.,1.,1.,1.,1.,1.,1.,1.,      457P    652
1.,1.,1.,1.,1.,1.,1.,1.,1.,1.,1.,1.,1.,1.,1.,1.,1.,1.,1.,1.,1.,      457P    653
1.,1.,0.181269009,0.979273936,0.,0.191098995,0.980656244,0.,         457P    654
0.201189696,0.981133391,0.,0.203673205,0.981250826,0.,               457P    655
0.206169868,0.98131321,0.,0.206893862,0.981331301,0.,                457P    656
0.21115004,0.981410991,0.,0.216271637,0.981506884,0.,                457P    657
0.221110383,0.981596532,0.,0.242740813,0.981997281,0.,               457P    658
0.260951757,0.98231393,0.,0.304641561,0.983073603,0.,                457P    659
0.340634505,0.983552159,0.,0.423916736,0.984659464,0.,0.5,           457P    660
0.984659464,0.,0.576077917,0.984659464,0.,0.659365495,               457P    661
0.983552143,0.,0.695364236,0.983073534,0.,0.739048243,               457P    662
0.982313948,0.,0.757255861,0.98199735,0.,0.778889617,                457P    663
0.981596534,0.,0.783727989,0.981506892,0.,0.78884996,                457P    664
0.981410991,0.,0.793106168,0.9813313,0.,0.793830132,0.98131321,      457P    665
0.,0.796326795,0.981250826,0.,0.798810304,0.981133391,0.,            457P    666
0.808901005,0.980656244,0.,0.818730991,0.979273936,0.,0.,1.,0.,      457P    667
0.,1.;                                                               457P    668
126,13,3,1,0,1,0,0.,0.,0.,0.,0.125,0.125,0.25,0.25,0.5,0.5,          459P    669
0.75,0.75,0.875,0.875,1.,1.,1.,1.,1.,1.,1.,1.,1.,1.,1.,1.,1.,        459P    670
1.,1.,1.,1.,1.,8.251527964,3.5,-5.5,8.315863398,3.5,                 459P    671
-5.041666667,8.295936307,3.5,-4.583333334,8.311846481,3.5,           459P    672
-3.666666667,8.319136749,3.5,-3.208333334,8.337385554,3.5,           459P    673
-1.833333334,8.344292837,3.5,-0.916666667,8.344292837,3.5,           459P    674
0.916666667,8.337384674,3.5,1.833333333,8.31913678,3.5,              459P    675
3.208333333,8.31184693,3.5,3.666666667,8.295936453,3.5,              459P    676
4.583333333,8.315863398,3.5,5.041666667,8.251527964,3.5,5.5,0.,      459P    677
1.,0.,1.,0.;                                                         459P    678
126,12,2,1,0,1,0,0.,0.,0.,0.25,0.25,0.375,0.375,0.5,0.5,0.625,       461P    679
0.625,0.75,0.75,1.,1.,1.,1.,1.,1.,1.,1.,1.,1.,1.,1.,1.,1.,1.,        461P    680
1.,0.818730991,0.979273936,0.,0.849577974,0.974936184,0.,            461P    681
0.87638108,0.962035809,0.,0.890191571,0.955388799,0.,                461P    682
0.902638777,0.946612644,0.,0.915123741,0.937809868,0.,               461P    683
0.925822495,0.927156405,0.,0.93659593,0.916428579,0.,                461P    684
0.94551691,0.903868751,0.,0.954290997,0.891515734,0.,                461P    685
0.960979232,0.877803049,0.,0.974153759,0.850791717,0.,               461P    686
0.978712006,0.81953209,0.,0.,1.,0.,0.,1.;                            461P    687
126,5,3,1,0,1,0,0.,0.,0.,0.,0.5,0.5,1.,1.,1.,1.,1.,1.,1.,1.,1.,      463P    688
1.,8.251527964,3.5,5.5,8.153609261,3.5,6.197584561,7.846027714,      463P    689
3.5,6.852762902,6.861595819,3.5,7.843164339,6.197977795,3.5,         463P    690
8.158659255,5.5,3.5,8.260621364,0.,1.,0.,1.,0.;                      463P    691
126,26,2,1,0,1,0,0.,0.,0.,0.03125,0.03125,0.046875,0.046875,         465P    692
0.0625,0.0625,0.125,0.125,0.25,0.25,0.5,0.5,0.75,0.75,0.875,         465P    693
0.875,0.9375,0.9375,0.953125,0.953125,0.9609375,0.9609375,           465P    694
0.96875,0.96875,1.,1.,1.,1.,1.,1.,1.,1.,1.,1.,1.,1.,1.,1.,1.,        465P    695
1.,1.,1.,1.,1.,1.,1.,1.,1.,1.,1.,1.,1.,1.,1.,0.978712006,            465P    696
0.81953209,0.,0.980147374,0.809688599,0.,0.98069195,                 465P    697
0.799572596,0.,0.980928097,0.795185938,0.,0.981013893,               465P    698
0.789593798,0.,0.981091142,0.7845587,0.,0.981165166,                 465P    699
0.779615242,0.,0.981473908,0.758996802,0.,0.981730453,               465P    700
0.739701074,0.,0.982288351,0.697739322,0.,0.982626361,               465P    701
0.659873072,0.,0.983357968,0.577913262,0.,0.983164199,               465P    702
0.50021885,0.,0.982977813,0.425484591,0.,0.981893593,                465P    703
0.340567195,0.,0.981422651,0.303682554,0.,0.980734407,               465P    704
0.260742112,0.,0.980430764,0.241797451,0.,0.980071707,               465P    705
0.220829688,0.,0.97998752,0.215913415,0.,0.97989971,                 465P    706
0.210851592,0.,0.979825386,0.206567213,0.,0.979808915,               465P    707
0.20586255,0.,0.979750453,0.203361475,0.,0.979636906,                465P    708
0.200873624,0.,0.979175506,0.19076427,0.,0.977808306,                465P    709
0.180919538,0.,0.,1.,0.,0.,1.;                                       465P    710
126,13,3,1,0,1,0,0.,0.,0.,0.,0.125,0.125,0.25,0.25,0.5,0.5,          467P    711
0.75,0.75,0.875,0.875,1.,1.,1.,1.,1.,1.,1.,1.,1.,1.,1.,1.,1.,        467P    712
1.,1.,1.,1.,1.,5.5,3.5,8.260621364,5.041570808,3.5,8.327589695,      467P    713
4.583266306,3.5,8.306602614,3.666580488,3.5,8.318812329,             467P    714
3.208238782,3.5,8.324068492,1.833218587,3.5,8.336364641,             467P    715
0.916545295,3.5,8.339738385,-0.916785229,3.5,8.335157834,            467P    716
-1.833442524,3.5,8.327247492,-3.208420355,3.5,8.309660161,           467P    717
-3.666744996,3.5,8.302878999,-4.583392639,3.5,8.288160563,           467P    718
-5.041756127,3.5,8.308781279,-5.5,3.5,8.245027184,0.,1.,0.,1.,       467P    719
0.;                                                                  467P    720
126,12,2,1,0,1,0,0.,0.,0.,0.25,0.25,0.375,0.375,0.5,0.5,0.625,       469P    721
0.625,0.75,0.75,1.,1.,1.,1.,1.,1.,1.,1.,1.,1.,1.,1.,1.,1.,1.,        469P    722
1.,0.977808306,0.180919538,0.,0.973526292,0.15008625,0.,             469P    723
0.960688664,0.123290083,0.,0.954073583,0.10948233,0.,                469P    724
0.945339968,0.097038434,0.,0.936568302,0.084540322,0.,               469P    725
0.925967868,0.073860037,0.,0.915292518,0.063104272,0.,               469P    726
0.902763882,0.054185234,0.,0.890449996,0.045419074,0.,               469P    727
0.87679114,0.038744587,0.,0.849878914,0.025593756,0.,                469P    728
0.818730991,0.021100427,0.,0.,1.,0.,0.,1.;                           469P    729
126,5,3,1,0,1,0,0.,0.,0.,0.,0.5,0.5,1.,1.,1.,1.,1.,1.,1.,1.,1.,      471P    730
1.,-5.5,3.5,8.245027184,-6.196152577,3.5,8.148173566,                471P    731
-6.850091112,3.5,7.841655613,-7.838074762,3.5,6.859288702,           471P    732
-8.15254043,3.5,6.196666248,-8.252858858,3.5,5.5,0.,1.,0.,1.,        471P    733
0.;                                                                  471P    734
126,24,2,1,0,1,0,0.,0.,0.,0.03125,0.03125,0.046875,0.046875,         473P    735
0.0625,0.0625,0.125,0.125,0.25,0.25,0.5,0.5,0.75,0.75,0.875,         473P    736
0.875,0.9375,0.9375,0.953125,0.953125,0.96875,0.96875,1.,1.,1.,      473P    737
1.,1.,1.,1.,1.,1.,1.,1.,1.,1.,1.,1.,1.,1.,1.,1.,1.,1.,1.,1.,1.,      473P    738
1.,1.,1.,1.,0.818730991,0.021100427,0.,0.808905573,0.019683035,      473P    739
0.,0.798810304,0.019163157,0.,0.794640017,0.018948398,0.,            473P    740
0.78884996,0.018864532,0.,0.783821755,0.018791701,0.,                473P    741
0.778889617,0.018721663,0.,0.758274645,0.018428922,0.,               473P    742
0.739048243,0.018180984,0.,0.697025695,0.017639075,0.,               473P    743
0.659365495,0.017283327,0.,0.576513872,0.016500691,0.,0.5,           473P    744
0.016500691,0.,0.423486128,0.016500691,0.,0.340634505,               473P    745
0.017283327,0.,0.302974305,0.017639075,0.,0.260951757,               473P    746
0.018180984,0.,0.241725355,0.018428922,0.,0.221110383,               473P    747
0.018721663,0.,0.216178245,0.018791701,0.,0.21115004,                473P    748
0.018864532,0.,0.205359983,0.018948398,0.,0.201189696,               473P    749
0.019163157,0.,0.191094427,0.019683035,0.,0.181269009,               473P    750
0.021100427,0.,0.,1.,0.,0.,1.;                                       473P    751
126,12,3,1,0,1,0,0.,0.,0.,0.,0.125,0.125,0.25,0.25,0.5,0.75,         475P    752
0.75,0.875,0.875,1.,1.,1.,1.,1.,1.,1.,1.,1.,1.,1.,1.,1.,1.,1.,       475P    753
1.,1.,-8.252858858,3.5,5.5,-8.318857864,3.5,5.041666667,             475P    754
-8.29724592,3.5,4.583333334,-8.309045674,3.5,3.666666667,            475P    755
-8.314286073,3.5,3.208333334,-8.327251256,3.5,1.833333334,           475P    756
-8.336925926,3.5,0.,-8.327251256,3.5,-1.833333333,-8.314286073,      475P    757
3.5,-3.208333333,-8.309045674,3.5,-3.666666667,-8.29724592,3.5,      475P    758
-4.583333333,-8.318857864,3.5,-5.041666667,-8.252858858,3.5,         475P    759
-5.5,0.,1.,0.,1.,0.;                                                 475P    760
102,8,445,449,453,457,461,465,469,473;                               477P    761
102,8,447,451,455,459,463,467,471,475;                               479P    762
142,1,397,477,479,1;                                                 481P    763
144,397,1,1,443,481;                                                 483P    764
128,1,1,1,1,0,0,1,0,0,0.,0.,1.,1.,0.,0.,1.,1.,1.,1.,1.,1.,-9.,       485P    765
0.,-9.,-9.,0.,9.,9.,0.,-9.,9.,0.,9.,0.,1.,0.,1.;                     485P    766
126,1,1,1,0,1,0,0.,0.,1.,1.,1.,1.,0.944444444,1.,0.,                 487P    767
0.055555556,1.,0.,0.,1.,0.,0.,1.;                                    487P    768
110,9.,0.,8.,9.,0.,-8.;                                              489P    769
126,16,2,1,0,1,0,0.,0.,0.,0.125,0.125,0.25,0.25,0.375,0.375,         491P    770
0.5,0.5,0.625,0.625,0.75,0.75,0.875,0.875,1.,1.,1.,1.,1.,1.,1.,      491P    771
1.,1.,1.,1.,1.,1.,1.,1.,1.,1.,1.,1.,1.,0.055555556,1.,0.,            491P    772
0.050083811,1.,0.,0.044717204,0.998932516,0.,0.039350598,            491P    773
0.997865031,0.,0.034295365,0.995771085,0.,0.029240132,               491P    774
0.993677139,0.,0.024690543,0.990637201,0.,0.020140953,               491P    775
0.987597262,0.,0.016271845,0.983728155,0.,0.012402738,               491P    776
0.979859047,0.,0.009362799,0.975309457,0.,0.006322861,               491P    777
0.970759868,0.,0.004228915,0.965704635,0.,0.002134969,               491P    778
0.960649402,0.,0.001067484,0.955282796,0.,0.,0.949916189,0.,0.,      491P    779
0.944444444,0.,0.,1.,0.,0.,-1.;                                      491P    780
124,1.,0.,0.,0.,0.,6.12323399573677E-17,1.,8.,0.,-1.,                493P    781
6.12323399573677E-17,-8.;                                            493P    782
100,-8.,8.,0.,9.,0.,8.,1.;                                           495P    783
126,1,1,1,0,1,0,0.,0.,1.,1.,1.,1.,0.,0.944444444,0.,0.,              497P    784
0.055555556,0.,0.,1.,0.,0.,1.;                                       497P    785
110,8.,0.,-9.,-8.,0.,-9.;                                            499P    786
126,16,2,1,0,1,0,0.,0.,0.,0.125,0.125,0.25,0.25,0.375,0.375,         501P    787
0.5,0.5,0.625,0.625,0.75,0.75,0.875,0.875,1.,1.,1.,1.,1.,1.,1.,      501P    788
1.,1.,1.,1.,1.,1.,1.,1.,1.,1.,1.,1.,1.,0.,0.055555556,0.,0.,         501P    789
0.050083811,0.,0.001067484,0.044717204,0.,0.002134969,               501P    790
0.039350598,0.,0.004228915,0.034295365,0.,0.006322861,               501P    791
0.029240132,0.,0.009362799,0.024690543,0.,0.012402738,               501P    792
0.020140953,0.,0.016271845,0.016271845,0.,0.020140953,               501P    793
0.012402738,0.,0.024690543,0.009362799,0.,0.029240132,               501P    794
0.006322861,0.,0.034295365,0.004228915,0.,0.039350598,               501P    795
0.002134969,0.,0.044717204,0.001067484,0.,0.050083811,0.,0.,         501P    796
0.055555556,0.,0.,0.,1.,0.,0.,-1.;                                   501P    797
124,6.12323399573677E-17,-1.,0.,-8.,6.12323399573677E-17,            503P    798
3.74939945665464E-33,1.,8.00000000000001,-1.,                        503P    799
-6.12323399573677E-17,6.12323399573677E-17,-16.;                     503P    800
100,-8.,-8.,0.,-7.,0.,-8.,1.;                                        505P    801
126,1,1,1,0,1,0,0.,0.,1.,1.,1.,1.,0.055555556,0.,0.,                 507P    802
0.944444444,0.,0.,0.,1.,0.,0.,1.;                                    507P    803
110,-9.,0.,-8.,-9.,0.,8.;                                            509P    804
126,16,2,1,0,1,0,0.,0.,0.,0.125,0.125,0.25,0.25,0.375,0.375,         511P    805
0.5,0.5,0.625,0.625,0.75,0.75,0.875,0.875,1.,1.,1.,1.,1.,1.,1.,      511P    806
1.,1.,1.,1.,1.,1.,1.,1.,1.,1.,1.,1.,1.,0.944444444,0.,0.,            511P    807
0.949916189,0.,0.,0.955282796,0.001067484,0.,0.960649402,            511P    808
0.002134969,0.,0.965704635,0.004228915,0.,0.970759868,               511P    809
0.006322861,0.,0.975309457,0.009362799,0.,0.979859047,               511P    810
0.012402738,0.,0.983728155,0.016271845,0.,0.987597262,               511P    811
0.020140953,0.,0.990637201,0.024690543,0.,0.993677139,               511P    812
0.029240132,0.,0.995771085,0.034295365,0.,0.997865031,               511P    813
0.039350598,0.,0.998932516,0.044717204,0.,1.,0.050083811,0.,1.,      511P    814
0.055555556,0.,0.,1.,0.,0.,-1.;                                      511P    815
124,-1.,6.98296267768627E-15,0.,-16.,-4.27583144589696E-31,          513P    816
-6.12323399573677E-17,1.,-8.,6.98296267768627E-15,1.,                513P    817
6.12323399573677E-17,8.00000000000005;                               513P    818
100,8.,-8.,0.,-7.,0.,-8.,1.;                                         515P    819
126,1,1,1,0,1,0,0.,0.,1.,1.,1.,1.,1.,0.055555556,0.,1.,              517P    820
0.944444444,0.,0.,1.,0.,0.,1.;                                       517P    821
110,-8.,0.,9.,8.,0.,9.;                                              519P    822
126,16,2,1,0,1,0,0.,0.,0.,0.125,0.125,0.25,0.25,0.375,0.375,         521P    823
0.5,0.5,0.625,0.625,0.75,0.75,0.875,0.875,1.,1.,1.,1.,1.,1.,1.,      521P    824
1.,1.,1.,1.,1.,1.,1.,1.,1.,1.,1.,1.,1.,1.,0.944444444,0.,1.,         521P    825
0.949916189,0.,0.998932516,0.955282796,0.,0.997865031,               521P    826
0.960649402,0.,0.995771085,0.965704635,0.,0.993677139,               521P    827
0.970759868,0.,0.990637201,0.975309457,0.,0.987597262,               521P    828
0.979859047,0.,0.983728155,0.983728155,0.,0.979859047,               521P    829
0.987597262,0.,0.975309457,0.990637201,0.,0.970759868,               521P    830
0.993677139,0.,0.965704635,0.995771085,0.,0.960649402,               521P    831
0.997865031,0.,0.955282796,0.998932516,0.,0.949916189,1.,0.,         521P    832
0.944444444,1.,0.,0.,1.,0.,0.,-1.;                                   521P    833
124,1.40271576953299E-14,1.,0.,7.99999999999989,                     523P    834
-6.12323399573677E-17,8.58915688636046E-31,1.,-8.,1.,                523P    835
-1.40271576953299E-14,6.12323399573677E-17,                          523P    836
-1.6848178197809E-15;                                                523P    837
100,8.,8.,0.,9.,0.,8.,1.;                                            525P    838
102,8,487,491,497,501,507,511,517,521;                               527P    839
102,8,489,495,499,505,509,515,519,525;                               529P    840
142,1,485,527,529,1;                                                 531P    841
126,1,1,1,0,1,0,0.,0.,1.,1.,1.,1.,0.152777778,0.9,0.,                533P    842
0.847222222,0.9,0.,0.,1.,0.,0.,1.;                                   533P    843
110,7.2,0.,-6.25,7.2,0.,6.25;                                        535P    844
126,16,2,1,0,1,0,0.,0.,0.,0.125,0.125,0.25,0.25,0.375,0.375,         537P    845
0.5,0.5,0.625,0.625,0.75,0.75,0.875,0.875,1.,1.,1.,1.,1.,1.,1.,      537P    846
1.,1.,1.,1.,1.,1.,1.,1.,1.,1.,1.,1.,1.,0.847222222,0.9,0.,           537P    847
0.85242038,0.9,0.,0.857518656,0.89898589,0.,0.862616932,             537P    848
0.89797178,0.,0.867419403,0.895982531,0.,0.872221875,                537P    849
0.893993282,0.,0.876543985,0.891105341,0.,0.880866094,               537P    850
0.888217399,0.,0.884541747,0.884541747,0.,0.888217399,               537P    851
0.880866094,0.,0.891105341,0.876543985,0.,0.893993282,               537P    852
0.872221875,0.,0.895982531,0.867419403,0.,0.89797178,                537P    853
0.862616932,0.,0.89898589,0.857518656,0.,0.9,0.85242038,0.,0.9,      537P    854
0.847222222,0.,0.,1.,0.,0.,1.;                                       537P    855
124,1.,0.,0.,0.,0.,6.12323399573677E-17,-1.,6.25,0.,1.,              539P    856
6.12323399573677E-17,6.25;                                           539P    857
100,6.25,6.25,0.,7.2,0.,6.25,0.95;                                   541P    858
126,1,1,1,0,1,0,0.,0.,1.,1.,1.,1.,0.9,0.847222222,0.,0.9,            543P    859
0.152777778,0.,0.,1.,0.,0.,1.;                                       543P    860
110,6.25,0.,7.2,-6.25,0.,7.2;                                        545P    861
126,16,2,1,0,1,0,0.,0.,0.,0.125,0.125,0.25,0.25,0.375,0.375,         547P    862
0.5,0.5,0.625,0.625,0.75,0.75,0.875,0.875,1.,1.,1.,1.,1.,1.,1.,      547P    863
1.,1.,1.,1.,1.,1.,1.,1.,1.,1.,1.,1.,1.,0.9,0.152777778,0.,0.9,       547P    864
0.14757962,0.,0.89898589,0.142481344,0.,0.89797178,0.137383068,      547P    865
0.,0.895982531,0.132580597,0.,0.893993282,0.127778125,0.,            547P    866
0.891105341,0.123456015,0.,0.888217399,0.119133906,0.,               547P    867
0.884541747,0.115458253,0.,0.880866094,0.111782601,0.,               547P    868
0.876543985,0.108894659,0.,0.872221875,0.106006718,0.,               547P    869
0.867419403,0.104017469,0.,0.862616932,0.10202822,0.,                547P    870
0.857518656,0.10101411,0.,0.85242038,0.1,0.,0.847222222,0.1,0.,      547P    871
0.,1.,0.,0.,1.;                                                      547P    872
124,6.12323399573677E-17,-1.,0.,-6.25,6.12323399573677E-17,          549P    873
3.74939945665464E-33,-1.,6.25,1.,6.12323399573677E-17,               549P    874
6.12323399573677E-17,12.5;                                           549P    875
100,6.25,-6.25,0.,-5.3,0.,-6.25,0.95;                                551P    876
126,1,1,1,0,1,0,0.,0.,1.,1.,1.,1.,0.847222222,0.1,0.,                553P    877
0.152777778,0.1,0.,0.,1.,0.,0.,1.;                                   553P    878
110,-7.2,0.,6.25,-7.2,0.,-6.25;                                      555P    879
126,16,2,1,0,1,0,0.,0.,0.,0.125,0.125,0.25,0.25,0.375,0.375,         557P    880
0.5,0.5,0.625,0.625,0.75,0.75,0.875,0.875,1.,1.,1.,1.,1.,1.,1.,      557P    881
1.,1.,1.,1.,1.,1.,1.,1.,1.,1.,1.,1.,1.,0.152777778,0.1,0.,           557P    882
0.14757962,0.1,0.,0.142481344,0.10101411,0.,0.137383068,             557P    883
0.10202822,0.,0.132580597,0.104017469,0.,0.127778125,                557P    884
0.106006718,0.,0.123456015,0.108894659,0.,0.119133906,               557P    885
0.111782601,0.,0.115458253,0.115458253,0.,0.111782601,               557P    886
0.119133906,0.,0.108894659,0.123456015,0.,0.106006718,               557P    887
0.127778125,0.,0.104017469,0.132580597,0.,0.10202822,                557P    888
0.137383068,0.,0.10101411,0.142481344,0.,0.1,0.14757962,0.,0.1,      557P    889
0.152777778,0.,0.,1.,0.,0.,1.;                                       557P    890
124,-1.,6.98296267768627E-15,0.,-12.5,-4.27583144589696E-31,         559P    891
-6.12323399573677E-17,-1.,-6.25,-6.98296267768627E-15,-1.,           559P    892
6.12323399573677E-17,-6.25000000000005;                              559P    893
100,-6.25,-6.25,0.,-5.3,0.,-6.25,0.95;                               561P    894
126,1,1,1,0,1,0,0.,0.,1.,1.,1.,1.,0.1,0.152777778,0.,0.1,            563P    895
0.847222222,0.,0.,1.,0.,0.,1.;                                       563P    896
110,-6.25,0.,-7.2,6.25,0.,-7.2;                                      565P    897
126,16,2,1,0,1,0,0.,0.,0.,0.125,0.125,0.25,0.25,0.375,0.375,         567P    898
0.5,0.5,0.625,0.625,0.75,0.75,0.875,0.875,1.,1.,1.,1.,1.,1.,1.,      567P    899
1.,1.,1.,1.,1.,1.,1.,1.,1.,1.,1.,1.,1.,0.1,0.847222222,0.,0.1,       567P    900
0.85242038,0.,0.10101411,0.857518656,0.,0.10202822,0.862616932,      567P    901
0.,0.104017469,0.867419403,0.,0.106006718,0.872221875,0.,            567P    902
0.108894659,0.876543985,0.,0.111782601,0.880866094,0.,               567P    903
0.115458253,0.884541747,0.,0.119133906,0.888217399,0.,               567P    904
0.123456015,0.891105341,0.,0.127778125,0.893993282,0.,               567P    905
0.132580597,0.895982531,0.,0.137383068,0.89797178,0.,                567P    906
0.142481344,0.89898589,0.,0.14757962,0.9,0.,0.152777778,0.9,0.,      567P    907
0.,1.,0.,0.,1.;                                                      567P    908
124,1.40271576953299E-14,1.,0.,6.24999999999991,                     569P    909
-6.12323399573677E-17,8.58915688636046E-31,-1.,                      569P    910
-6.25000000000001,-1.,1.40271576953299E-14,                          569P    911
6.12323399573677E-17,-9.09207693415704E-15;                          569P    912
100,-6.25,6.25,0.,7.2,0.,6.25,0.95;                                  571P    913
102,8,533,537,543,547,553,557,563,567;                               573P    914
102,8,535,541,545,551,555,561,565,571;                               575P    915
142,1,485,573,575,1;                                                 577P    916
144,485,1,1,531,577;                                                 579P    917
128,1,1,1,1,0,0,1,0,0,0.,0.,1.,1.,0.,0.,1.,1.,1.,1.,1.,1.,           581P    918
-2.024054504,3.,-2.024054343,-2.024054504,3.,2.024000324,            581P    919
2.024027496,3.,-2.024054343,2.024027496,3.,2.024000324,0.,1.,        581P    920
0.,1.;                                                               581P    921
126,32,2,1,0,1,0,0.,0.,0.,0.0625,0.0625,0.125,0.125,0.1875,          583P    922
0.1875,0.25,0.25,0.3125,0.3125,0.375,0.375,0.4375,0.4375,0.5,        583P    923
0.5,0.5625,0.5625,0.625,0.625,0.6875,0.6875,0.75,0.75,0.8125,        583P    924
0.8125,0.875,0.875,0.9375,0.9375,1.,1.,1.,1.,1.,1.,1.,1.,1.,1.,      583P    925
1.,1.,1.,1.,1.,1.,1.,1.,1.,1.,1.,1.,1.,1.,1.,1.,1.,1.,1.,1.,1.,      583P    926
1.,1.,1.,1.,1.,0.500006672,0.994064474,0.,0.451209705,               583P    927
0.994051055,0.,0.403619475,0.984571228,0.,0.355762746,               583P    928
0.975038315,0.,0.310936384,0.956456309,0.,0.265859,0.937770247,      583P    929
0.,0.225519158,0.910800159,0.,0.184953417,0.883679042,0.,            583P    930
0.150650333,0.849357317,0.,0.116155155,0.814843395,0.,               583P    931
0.089207076,0.774488998,0.,0.062108091,0.733908621,0.,               583P    932
0.043550617,0.689072349,0.,0.024889224,0.643984999,0.,               583P    933
0.015435509,0.596389884,0.,0.005928854,0.548528241,0.,               583P    934
0.005942198,0.500003337,0.,0.005955617,0.451206699,0.,               583P    935
0.015435508,0.403616791,0.,0.024968486,0.355760384,0.,               583P    936
0.043550616,0.310934325,0.,0.062236805,0.265857245,0.,               583P    937
0.089207075,0.225517676,0.,0.116328375,0.184952209,0.,               583P    938
0.150650331,0.150649356,0.,0.185164486,0.116154411,0.,               583P    939
0.225519156,0.089206514,0.,0.266099806,0.062107712,0.,               583P    940
0.310936382,0.043550363,0.,0.356024036,0.024889096,0.,               583P    941
0.403619473,0.015435445,0.,0.451481438,0.005928854,0.,               583P    942
0.50000667,0.005942198,0.,0.,1.,0.,0.,-1.;                           583P    943
124,1.,0.,0.,0.,0.,6.12323399573677E-17,1.,3.,0.,-1.,                585P    944
6.12323399573677E-17,3.;                                             585P    945
100,0.,0.,3.,2.,3.,-2.,3.00000001;                                   587P    946
126,32,2,1,0,1,0,0.,0.,0.,0.0625,0.0625,0.125,0.125,0.1875,          589P    947
0.1875,0.25,0.25,0.3125,0.3125,0.375,0.375,0.4375,0.4375,0.5,        589P    948
0.5,0.5625,0.5625,0.625,0.625,0.6875,0.6875,0.75,0.75,0.8125,        589P    949
0.8125,0.875,0.875,0.9375,0.9375,1.,1.,1.,1.,1.,1.,1.,1.,1.,1.,      589P    950
1.,1.,1.,1.,1.,1.,1.,1.,1.,1.,1.,1.,1.,1.,1.,1.,1.,1.,1.,1.,1.,      589P    951
1.,1.,1.,1.,1.,0.50000667,0.005942198,0.,0.548803637,                589P    952
0.005955617,0.,0.596393867,0.015435444,0.,0.644250597,               589P    953
0.024968357,0.,0.689076959,0.043550362,0.,0.734154343,               589P    954
0.062236424,0.,0.774494186,0.089206512,0.,0.815059926,               589P    955
0.116327629,0.,0.849363011,0.150649354,0.,0.883858189,               589P    956
0.185163276,0.,0.910806268,0.225517673,0.,0.937905253,               589P    957
0.26609805,0.,0.956462727,0.310934322,0.,0.97512412,                 589P    958
0.356021673,0.,0.984577836,0.403616788,0.,0.994071146,               589P    959
0.451411247,0.,0.994071146,0.500003335,0.,0.994071146,               589P    960
0.548732607,0.,0.984577836,0.596389881,0.,0.975044859,               589P    961
0.644246288,0.,0.956462728,0.689072347,0.,0.937776539,               589P    962
0.734149427,0.,0.910806269,0.774488997,0.,0.883684969,               589P    963
0.815054463,0.,0.849363013,0.849357317,0.,0.814848857,               589P    964
0.883852262,0.,0.774494188,0.910800159,0.,0.733913537,               589P    965
0.937898961,0.,0.689076961,0.956456309,0.,0.643989306,               589P    966
0.975117577,0.,0.59639387,0.984571228,0.,0.548531904,                589P    967
0.994077818,0.,0.500006672,0.994064474,0.,0.,1.,0.,0.,-1.;           589P    968
124,-1.,-1.22464679914735E-16,0.,3.67394039744206E-16,               591P    969
7.49879891330929E-33,-6.12323399573677E-17,1.,3.,                    591P    970
-1.22464679914735E-16,1.,6.12323399573677E-17,-3.;                   591P    971
100,0.,0.,3.,2.,2.99999999,-2.,3.;                                   593P    972
102,2,583,589;                                                       595P    973
102,2,587,593;                                                       597P    974
142,1,581,595,597,1;                                                 599P    975
144,581,1,0,599;                                                     601P    976
128,24,3,3,3,0,0,1,0,0,0.,0.,0.,0.,0.0258770002925702,               603P    977
0.0517540005851404,0.0776310008777106,0.103508001170281,             603P    978
0.103508001170281,0.116903944845323,0.130299888520365,               603P    979
0.143695832195407,0.157091775870449,0.157091775870449,               603P    980
0.206423819226913,0.255755862583376,0.30508790593984,                603P    981
0.354419949296303,0.354419949296303,0.367055260321521,               603P    982
0.379690571346739,0.392325882371956,0.404961193397174,               603P    983
0.404961193397174,0.452480596698587,0.5,0.5,0.5,0.5,0.,0.,0.,        603P    984
0.,0.933663193332426,0.933663193332426,0.933663193332426,            603P    985
0.933663193332426,1.,1.,1.,1.,1.,1.,1.,1.,1.,1.,1.,1.,1.,1.,1.,      603P    986
1.,1.,1.,1.,1.,1.,1.,1.,1.,1.,1.,1.,1.,1.,1.,1.,1.,1.,1.,1.,1.,      603P    987
1.,1.,1.,1.,1.,1.,1.,1.,1.,1.,1.,1.,1.,1.,1.,1.,1.,1.,1.,1.,1.,      603P    988
1.,1.,1.,1.,1.,1.,1.,1.,1.,1.,1.,1.,1.,1.,1.,1.,1.,1.,1.,1.,1.,      603P    989
1.,1.,1.,1.,1.,1.,1.,1.,1.,1.,1.,1.,1.,1.,1.,1.,1.,1.,1.,1.,1.,      603P    990
1.,2.,3.,0.,2.,3.,-0.114966673,1.980054143,3.,-0.346794126,          603P    991
1.889682864,3.,-0.685409138,1.743129539,3.,-1.00050232,              603P    992
1.613624333,3.,-1.186853454,1.506054719,3.,-1.317240865,             603P    993
1.432218379,3.,-1.399040175,1.316896436,3.,-1.507999131,             603P    994
1.193989028,3.,-1.607107802,1.104419875,3.,-1.668360967,             603P    995
0.880515697,3.,-1.807679122,0.489835447,3.,-1.973922182,             603P    996
-0.151372554,3.,-2.028371528,-0.775256606,3.,-1.879750532,           603P    997
-1.133838362,3.,-1.660235041,-1.330451608,3.,-1.494206077,           603P    998
-1.40242792,3.,-1.428186409,-1.497649244,3.,-1.327905981,            603P    999
-1.58528448,3.,-1.221988294,-1.641201224,3.,-1.144135309,            603P   1000
-1.774588528,3.,-0.942033334,-1.941694875,3.,-0.588216272,           603P   1001
-2.000034968,3.,-0.196072091,-2.000034968,3.,0.,3.722351608,3.,      603P   1002
0.,3.722351608,3.,-0.221829611,3.708613322,3.,-0.664384862,          603P   1003
3.646367489,3.,-1.3201552,3.545424646,3.,-1.963155821,               603P   1004
3.456224188,3.,-2.381522206,3.382132503,3.,-2.695450779,             603P   1005
3.302615723,3.,-2.910922015,3.084450944,3.,-3.200281764,             603P   1006
2.78544016,3.,-3.410933492,2.561377324,3.,-3.483289874,              603P   1007
2.040393383,3.,-3.579249285,1.200966036,3.,-3.693754003,             603P   1008
-0.088134412,3.,-3.731257565,-1.367720762,3.,-3.628890554,           603P   1009
-2.190064681,3.,-3.477692907,-2.692251203,3.,-3.363335655,           603P   1010
-2.899474654,3.,-3.29047873,-3.182185056,3.,-3.082461704,            603P   1011
-3.386249912,3.,-2.792196353,-3.453947062,3.,-2.576809681,           603P   1012
-3.545821427,3.,-2.070842638,-3.660920759,3.,-1.25449991,            603P   1013
-3.701104186,3.,-0.418166637,-3.701104186,3.,0.,5.441274815,         603P   1014
3.1458789,0.,5.441274815,3.1458789,-0.328692548,5.4337441,           603P   1015
3.1458789,-0.981975599,5.399623712,3.1458789,-1.954901261,           603P   1016
5.344291351,3.1458789,-2.925809321,5.295395641,3.1458789,            603P   1017
-3.576190958,5.254781887,3.1458789,-4.073660694,5.169584666,         603P   1018
3.1458789,-4.422803855,4.848577052,3.1458789,-4.892564398,           603P   1019
4.373462891,3.1458789,-5.214759181,4.014906372,3.1458789,            603P   1020
-5.298218782,3.196842669,3.1458789,-5.350819448,1.908668224,         603P   1021
3.1458789,-5.413585823,-0.028324671,3.1458789,-5.434143602,          603P   1022
-1.963613319,3.1458789,-5.378030576,-3.249719402,3.1458789,          603P   1023
-5.295150774,-4.057479199,3.1458789,-5.232465232,-4.399949789,       603P   1024
3.1458789,-5.15277105,-4.870149268,3.1458789,-4.837017426,           603P   1025
-5.190643745,3.1458789,-4.362404413,-5.2701213,3.1458789,            603P   1026
-4.009484052,-5.320482727,3.1458789,-3.199651942,-5.383575044,       603P   1027
3.1458789,-1.920783549,-5.405601805,3.1458789,-0.640261183,          603P   1028
-5.405601805,3.1458789,0.,7.138558117,3.435981109,0.,                603P   1029
7.138558117,3.435981109,-0.435555486,7.137234973,3.435981109,        603P   1030
-1.299566335,7.131240031,3.435981109,-2.589647323,7.121518151,       603P   1031
3.435981109,-3.888462821,7.112927189,3.435981109,-4.77085971,        603P   1032
7.105791365,3.435981109,-5.451870609,7.014913703,3.435981109,        603P   1033
-5.934685695,6.591063254,3.435981109,-6.584847031,5.939845717,       603P   1034
3.435981109,-7.018584871,5.446795515,3.435981109,-7.113147689,       603P   1035
4.331652049,3.435981109,-7.12238961,2.594730507,3.435981109,         603P   1036
-7.133417644,0.009845165,3.435981109,-7.13702964,-2.581145781,       603P   1037
3.435981109,-7.127170598,-4.331014028,3.435981109,-7.112608641,      603P   1038
-5.444347101,3.435981109,-7.10159481,-5.92206483,3.435981109,        603P   1039
-7.015063371,-6.579753387,3.435981109,-6.591573148,                  603P   1040
-7.016677483,3.435981109,-5.932612472,-7.107935444,3.435981109,      603P   1041
-5.442158424,-7.116783932,3.435981109,-4.328461246,                  603P   1042
-7.127869234,3.435981109,-2.587067187,-7.131739329,3.435981109,      603P   1043
-0.862355729,-7.131739329,3.435981109,0.,0.,0.5,0.,                  603P   1044
0.933663193332426;                                                   603P   1045
126,4,2,1,0,1,0,0.,0.,0.,0.5,0.5,1.,1.,1.,1.,1.,1.,1.,1.,0.5,        605P   1046
0.870395858,0.,0.476919111,0.870395858,0.,0.451866663,               605P   1047
0.874338346,0.,0.431536537,0.877537684,0.,0.404961193,               605P   1048
0.884169202,0.,0.,1.,0.,0.,1.;                                       605P   1049
126,3,3,1,0,1,0,0.,0.,0.,0.,1.,1.,1.,1.,1.,1.,1.,1.,                 607P   1050
-6.781129671,3.378994201,0.,-6.781129671,3.378994201,                607P   1051
-1.6635132,-6.797795746,3.38430327,-3.327176421,-6.819089894,        607P   1052
3.391061784,-4.990539594,0.,1.,-0.303526921,-0.952822863,0.;         607P   1053
126,8,2,1,0,1,0,0.,0.,0.,0.125,0.125,0.25,0.25,0.5,0.5,1.,1.,        609P   1054
1.,1.,1.,1.,1.,1.,1.,1.,1.,1.,0.404961193,0.884169202,0.,            609P   1055
0.40468573,0.885278953,0.,0.404423321,0.886391863,0.,                609P   1056
0.404298616,0.886920751,0.,0.403879777,0.888543452,0.,               609P   1057
0.40333774,0.890643458,0.,0.402775553,0.892642902,0.,                609P   1058
0.401674813,0.896557738,0.,0.400496324,0.900088988,0.,0.,1.,0.,      609P   1059
0.,1.;                                                               609P   1060
126,6,3,1,0,1,0,-5.70761993599782E-08,-5.70761993599782E-08,         611P   1061
-5.70761993599782E-08,-5.70761993599782E-08,0.,0.,0.,                611P   1062
0.000322680679433759,0.000322680679433759,0.000322680679433759,      611P   1063
0.000322680679433759,1.,1.,1.,1.,1.,1.,1.,-6.819089894,              611P   1064
3.391061784,-4.990539594,-6.819095887,3.391061592,-4.99055765,       611P   1065
-6.819101963,3.391063657,-4.990575632,-6.819107997,3.391064594,      611P   1066
-4.990593651,-6.853220935,3.396361021,-5.092463458,                  611P   1067
-6.878515515,3.401082913,-5.197829983,-6.893516562,3.405244745,      611P   1068
-5.304257658,-5.70761993599782E-08,0.000322680679433759,0.,0.,       611P   1069
0.;                                                                  611P   1070
126,16,2,1,0,1,0,0.,0.,0.,0.142857142857143,0.142857142857143,       613P   1071
0.285714285714286,0.285714285714286,0.392857142857143,               613P   1072
0.392857142857143,0.5,0.5,0.625,0.625,0.75,0.75,0.875,0.875,1.,      613P   1073
1.,1.,1.,1.,1.,1.,1.,1.,1.,1.,1.,1.,1.,1.,1.,1.,1.,1.,1.,            613P   1074
0.400496324,0.900088988,0.,0.397866079,0.907970315,0.,               613P   1075
0.394898775,0.913818389,0.,0.391989334,0.919552424,0.,               613P   1076
0.389041795,0.922734443,0.,0.386837204,0.925114413,0.,               613P   1077
0.384462884,0.92639699,0.,0.382133691,0.927655191,0.,                613P   1078
0.379860488,0.927742644,0.,0.377196944,0.927845112,0.,               613P   1079
0.374427835,0.926317332,0.,0.371625872,0.924771425,0.,               613P   1080
0.369060916,0.921743554,0.,0.366453329,0.918665358,0.,               613P   1081
0.363802571,0.91354578,0.,0.361161353,0.908444626,0.,                613P   1082
0.358760483,0.901786807,0.,0.,1.,0.,0.,-1.;                          613P   1083
126,21,3,1,0,1,0,0.,0.,0.,0.,0.000333845887031408,                   615P   1084
0.000333845887031408,0.000333845887031408,0.000832291132837775,      615P   1085
0.000832291132837775,0.000832291132837775,0.00101725886813727,       615P   1086
0.00101725886813727,0.00101725886813727,0.00147765672514446,         615P   1087
0.00147765672514446,0.00147765672514446,0.00166987971174169,         615P   1088
0.00166987971174169,0.00166987971174169,0.00212730049944843,         615P   1089
0.00212730049944843,0.00212730049944843,0.00262714609288067,         615P   1090
0.00262714609288067,0.00262714609288067,0.00262714609288067,1.,      615P   1091
1.,1.,1.,1.,1.,1.,1.,1.,1.,1.,1.,1.,1.,1.,1.,1.,1.,1.,1.,1.,1.,      615P   1092
-6.893516562,3.405244745,-5.304257658,-6.909036666,3.409550582,      615P   1093
-5.414367882,-6.913691124,3.413302693,-5.526689574,                  615P   1094
-6.906195352,3.416505831,-5.637672584,-6.895112331,3.421241893,      615P   1095
-5.801768703,-6.855637029,3.424828444,-5.966839389,                  615P   1096
-6.787974653,3.427059763,-6.116804799,-6.762501665,3.427899791,      615P   1097
-6.173262573,-6.733158916,3.428579974,-6.228130025,                  615P   1098
-6.700341259,3.429109515,-6.280663634,-6.619686641,3.430410944,      615P   1099
-6.409773345,-6.515433732,3.430805586,-6.526989333,                  615P   1100
-6.395481565,3.430190449,-6.620729814,-6.344738572,3.42993023,       615P   1101
-6.660384558,-6.290980112,3.429502692,-6.696433909,                  615P   1102
-6.235119623,3.428913926,-6.728475709,-6.103706692,3.427528842,      615P   1103
-6.803854693,-5.957732966,3.425215647,-6.858150392,                  615P   1104
-5.808862997,3.421763137,-6.886062417,-5.646106078,3.417988567,      615P   1105
-6.916578143,-5.47622809,3.412973649,-6.918443756,-5.312275232,      615P   1106
3.406772187,-6.89572209,0.,0.00262714609288067,0.048112708,          615P   1107
0.998320897,0.03225761;                                              615P   1108
126,2,2,1,0,1,0,0.,0.,0.,1.,1.,1.,1.,1.,1.,0.358760483,              617P   1109
0.901786807,0.,0.356459296,0.895405416,0.,0.354419949,               617P   1110
0.887693787,0.,0.,1.,0.,0.,-1.;                                      617P   1111
126,6,3,1,0,1,0,0.,0.,0.,0.,0.000298132615295434,                    619P   1112
0.000298132615295434,0.000298132615295434,0.000298192615295413,      619P   1113
0.000298192615295413,0.000298192615295413,0.000298192615295413,      619P   1114
1.,1.,1.,1.,1.,1.,1.,-5.312275232,3.406772187,-6.89572209,           619P   1115
-5.213907515,3.403051461,-6.882089644,-5.116451017,3.398858943,      619P   1116
-6.85957134,-5.021901404,3.39418297,-6.829332273,-5.021882376,       619P   1117
3.394182028,-6.829326187,-5.021863348,3.394181087,-6.829320101,      619P   1118
-5.021844319,3.394180146,-6.829314015,0.,0.000298192615295413,       619P   1119
0.,0.,0.;                                                            619P   1120
126,12,2,1,0,1,0,0.,0.,0.,0.0625,0.0625,0.125,0.125,0.25,0.25,       621P   1121
0.5,0.5,0.75,0.75,1.,1.,1.,1.,1.,1.,1.,1.,1.,1.,1.,1.,1.,1.,1.,      621P   1122
1.,0.354419949,0.887693787,0.,0.354019443,0.887516709,0.,            621P   1123
0.342533014,0.884413929,0.,0.336191342,0.88270088,0.,                621P   1124
0.330509896,0.881256544,0.,0.317316106,0.877902419,0.,               621P   1125
0.306090164,0.875603816,0.,0.27946181,0.870151442,0.,                621P   1126
0.256179028,0.869199361,0.,0.23178057,0.868201658,0.,                621P   1127
0.206026267,0.871900848,0.,0.184664359,0.874969142,0.,               621P   1128
0.157091776,0.882085276,0.,0.,1.,0.,0.,1.;                           621P   1129
126,10,3,1,0,1,0,0.,0.,0.,0.,0.0625,0.0625,0.125,0.25,0.25,0.5,      623P   1130
0.5,1.,1.,1.,1.,1.,1.,1.,1.,1.,1.,1.,1.,1.,1.,1.,-5.021844319,       623P   1131
3.394180146,-6.829314015,-4.813557123,3.377802507,-6.824737201,      623P   1132
-4.605039674,3.392228759,-6.823249933,-4.188234759,3.390327054,      623P   1133
-6.817363879,-3.563027082,3.387533472,-6.808740295,                  623P   1134
-2.937818092,3.385005968,-6.800995424,-1.687397068,3.380593132,      623P   1135
-6.787534596,-0.853778749,3.378549988,-6.78143107,1.647096495,       623P   1136
3.376764366,-6.776618076,3.314583507,3.381950896,-6.793104647,       623P   1137
4.981665537,3.389223843,-6.81587212,0.,1.,0.013783835,               623P   1138
-0.102652324,-0.994621791;                                           623P   1139
126,8,2,1,0,1,0,0.,0.,0.,0.125,0.125,0.25,0.25,0.5,0.5,1.,1.,        625P   1140
1.,1.,1.,1.,1.,1.,1.,1.,1.,1.,0.157091776,0.882085276,0.,            625P   1141
0.156801693,0.883229306,0.,0.1565261,0.884376913,0.,                 625P   1142
0.156395977,0.884918762,0.,0.155953697,0.886595773,0.,               625P   1143
0.155381798,0.888764266,0.,0.154788485,0.890823997,0.,               625P   1144
0.153623309,0.894868995,0.,0.152373521,0.898501474,0.,0.,1.,0.,      625P   1145
0.,1.;                                                               625P   1146
126,6,3,1,0,1,0,-5.70765734458978E-08,-5.70765734458978E-08,         627P   1147
-5.70765734458978E-08,-5.70765734458978E-08,0.,0.,0.,                627P   1148
0.00032747628970553,0.00032747628970553,0.00032747628970553,         627P   1149
0.00032747628970553,1.,1.,1.,1.,1.,1.,1.,4.981665537,                627P   1150
3.389223843,-6.81587212,4.98168359,3.389223641,-6.815878123,         627P   1151
4.981701564,3.389225742,-6.815884217,4.981719578,3.389226691,        627P   1152
-6.815890264,5.085072711,3.394673738,-6.85059034,5.191990576,        627P   1153
3.399538116,-6.876355881,5.300002485,3.403819128,-6.89154588,        627P   1154
-5.70765734458978E-08,0.00032747628970553,0.,0.,0.;                  627P   1155
126,16,2,1,0,1,0,0.,0.,0.,0.142857142857143,0.142857142857143,       629P   1156
0.285714285714286,0.285714285714286,0.392857142857143,               629P   1157
0.392857142857143,0.5,0.5,0.625,0.625,0.75,0.75,0.875,0.875,1.,      629P   1158
1.,1.,1.,1.,1.,1.,1.,1.,1.,1.,1.,1.,1.,1.,1.,1.,1.,1.,1.,            629P   1159
0.152373521,0.898501474,0.,0.149617422,0.906512011,0.,               629P   1160
0.146480431,0.91244926,0.,0.143394203,0.91829043,0.,                 629P   1161
0.140229126,0.921569908,0.,0.137872411,0.924011806,0.,               629P   1162
0.135336471,0.925320453,0.,0.132853779,0.926601623,0.,               629P   1163
0.130406631,0.926694096,0.,0.127526026,0.926802949,0.,               629P   1164
0.124569666,0.925250623,0.,0.121581797,0.923681752,0.,               629P   1165
0.118850114,0.920583591,0.,0.116078092,0.917439681,0.,               629P   1166
0.113299414,0.912290596,0.,0.110522229,0.907144277,0.,               629P   1167
0.108023295,0.900434054,0.,0.,1.,0.,0.,-1.;                          629P   1168
126,5,3,1,0,1,0,0.,0.,0.,0.,0.5,0.5,1.,1.,1.,1.,1.,1.,1.,1.,1.,      631P   1169
1.,5.300002485,3.403819128,-6.89154588,5.736255485,3.421109854,      631P   1170
-6.952897286,6.19825442,3.429238017,-6.824553329,6.82205355,         631P   1171
3.42978004,-6.206294869,6.954083053,3.422230551,-5.746005185,        631P   1172
6.893715341,3.405554952,-5.309406259,0.,1.,-0.032165486,             631P   1173
0.998098807,0.05257521;                                              631P   1174
126,2,2,1,0,1,0,0.,0.,0.,1.,1.,1.,1.,1.,1.,0.108023295,              633P   1175
0.900434054,0.,0.105624816,0.893993578,0.,0.103508001,               633P   1176
0.886166262,0.,0.,1.,0.,0.,-1.;                                      633P   1177
126,6,3,1,0,1,0,0.,0.,0.,0.,0.000298310108646432,                    635P   1178
0.000298310108646432,0.000298310108646432,0.000298370108646537,      635P   1179
0.000298370108646537,0.000298370108646537,0.000298370108646537,      635P   1180
1.,1.,1.,1.,1.,1.,1.,6.893715341,3.405554952,-5.309406259,           635P   1181
6.880105724,3.401795516,-5.210977083,6.857576771,3.397555627,        635P   1182
-5.113461899,6.827329391,3.392830011,-5.018855227,6.827323307,       635P   1183
3.392829061,-5.018836199,6.827317223,3.39282811,-5.01881717,         635P   1184
6.827311139,3.39282716,-5.018798142,0.,0.000298370108646537,0.,      635P   1185
0.,0.;                                                               635P   1186
126,8,2,1,0,1,0,0.,0.,0.,0.125,0.125,0.25,0.25,0.5,0.5,1.,1.,        637P   1187
1.,1.,1.,1.,1.,1.,1.,1.,1.,1.,0.103508001,0.886166262,0.,            637P   1188
0.10311044,0.885986741,0.,0.091105211,0.882633648,0.,                637P   1189
0.084317027,0.880737691,0.,0.07846859,0.879205488,0.,                637P   1190
0.064395972,0.875518671,0.,0.052637596,0.873150181,0.,               637P   1191
0.024933191,0.86756968,0.,0.,0.86756968,0.,0.,1.,0.,0.,1.;           637P   1192
126,9,3,1,0,1,0,0.,0.,0.,0.,0.125,0.125,0.25,0.25,0.5,0.5,1.,        639P   1193
1.,1.,1.,1.,1.,1.,1.,1.,1.,1.,1.,1.,1.,6.827311139,3.39282716,       639P   1194
-5.018798142,6.822530508,3.376107098,-4.809811182,6.820965835,       639P   1195
3.390734947,-4.60056497,6.814728686,3.388679188,-4.182331791,        639P   1196
6.811659716,3.38766814,-3.973215201,6.802752618,3.384736967,         639P   1197
-3.345865433,6.7972363,3.382921986,-2.927632254,6.783256248,         639P   1198
3.378333047,-1.672932716,6.777789949,3.376541333,-0.836466358,       639P   1199
6.777789949,3.376541333,0.,0.,1.,0.994493398,-0.103798979,           639P   1200
0.014444826;                                                         639P   1201
126,1,1,1,0,1,0,0.,0.,1.,1.,1.,1.,0.,0.86756968,0.,0.,0.,0.,0.,      641P   1202
1.,0.,0.,1.;                                                         641P   1203
126,3,3,1,0,1,0,0.132430320145189,0.132430320145189,                 643P   1204
0.132430320145189,0.132430320145189,1.,1.,1.,1.,1.,1.,1.,1.,         643P   1205
6.777789949,3.376541333,0.,5.197894343,3.125956544,0.,               643P   1206
3.600427268,3.,0.,2.,3.,0.,0.132430320145189,1.,0.,0.,1.;            643P   1207
126,1,1,1,0,1,0,0.,0.,1.,1.,1.,1.,0.,0.,0.,0.5,0.,0.,0.,1.,0.,       645P   1208
0.,1.;                                                               645P   1209
124,1.,0.,0.,0.,0.,6.12323399573677E-17,1.,3.,0.,-1.,                647P   1210
6.12323399573677E-17,3.;                                             647P   1211
100,0.,0.,3.,2.,3.,-2.,3.00000001;                                   649P   1212
126,1,1,1,0,1,0,0.,0.,1.,1.,1.,1.,0.5,0.,0.,0.5,0.870395858,0.,      651P   1213
0.,1.,0.,0.,1.;                                                      651P   1214
126,3,3,1,0,1,0,0.,0.,0.,0.,0.870395858331453,                       653P   1215
0.870395858331453,0.870395858331453,0.870395858331453,1.,1.,1.,      653P   1216
1.,-2.000034968,3.,0.,-3.585835514,3.,0.,-5.17461557,                653P   1217
3.126778508,0.,-6.781129671,3.378994201,0.,0.,                       653P   1218
0.870395858331453,0.,0.,1.;                                          653P   1219
102,12,605,609,613,617,621,625,629,633,637,641,645,651;              655P   1220
102,12,607,611,615,619,623,627,631,635,639,643,649,653;              657P   1221
142,1,603,655,657,1;                                                 659P   1222
144,603,1,0,659;                                                     661P   1223
128,12,12,3,3,0,0,1,0,0,0.,0.,0.,0.,0.392699081698724,               663P   1224
0.392699081698724,0.392699081698724,0.785398163397448,               663P   1225
0.785398163397448,0.785398163397448,1.17809724509617,                663P   1226
1.17809724509617,1.17809724509617,1.5707963267949,                   663P   1227
1.5707963267949,1.5707963267949,1.5707963267949,0.,0.,0.,0.,         663P   1228
0.392699081698724,0.392699081698724,0.392699081698724,               663P   1229
0.785398163397449,0.785398163397449,0.785398163397449,               663P   1230
1.17809724509617,1.17809724509617,1.17809724509617,                  663P   1231
1.5707963267949,1.5707963267949,1.5707963267949,                     663P   1232
1.5707963267949,1.,1.,1.,1.,1.,1.,1.,1.,1.,1.,1.,1.,1.,1.,1.,        663P   1233
1.,1.,1.,1.,1.,1.,1.,1.,1.,1.,1.,1.,1.,1.,1.,1.,1.,1.,1.,1.,1.,      663P   1234
1.,1.,1.,1.,1.,1.,1.,1.,1.,1.,1.,1.,1.,1.,1.,1.,1.,1.,1.,1.,1.,      663P   1235
1.,1.,1.,1.,1.,1.,1.,1.,1.,1.,1.,1.,1.,1.,1.,1.,1.,1.,1.,1.,1.,      663P   1236
1.,1.,1.,1.,1.,1.,1.,1.,1.,1.,1.,1.,1.,1.,1.,1.,1.,1.,1.,1.,1.,      663P   1237
1.,1.,1.,1.,1.,1.,1.,1.,1.,1.,1.,1.,1.,1.,1.,1.,1.,1.,1.,1.,1.,      663P   1238
1.,1.,1.,1.,1.,1.,1.,1.,1.,1.,1.,1.,1.,1.,1.,1.,1.,1.,1.,1.,1.,      663P   1239
1.,1.,1.,1.,1.,1.,1.,1.,1.,1.,1.,1.,1.,1.,1.,1.,1.,1.,1.,1.,1.,      663P   1240
1.,1.,1.,1.,1.,1.,1.,8.,3.,9.,8.130899694,3.,9.,8.261747884,3.,      663P   1241
8.973972677,8.382683432,3.,8.923879533,8.50361898,3.,                663P   1242
8.873786388,8.61454672,3.,8.799666842,8.707106781,3.,                663P   1243
8.707106781,8.799666842,3.,8.61454672,8.873786388,3.,                663P   1244
8.50361898,8.923879533,3.,8.382683432,8.973972677,3.,                663P   1245
8.261747884,9.,3.,8.130899694,9.,3.,8.,8.,3.065449847,9.,            663P   1246
8.130899694,3.065449847,9.,8.261747884,3.065449847,8.973972677,      663P   1247
8.382683432,3.065449847,8.923879533,8.50361898,3.065449847,          663P   1248
8.873786388,8.61454672,3.065449847,8.799666842,8.707106781,          663P   1249
3.065449847,8.707106781,8.799666842,3.065449847,8.61454672,          663P   1250
8.873786388,3.065449847,8.50361898,8.923879533,3.065449847,          663P   1251
8.382683432,8.973972677,3.065449847,8.261747884,9.,3.065449847,      663P   1252
8.130899694,9.,3.065449847,8.,8.,3.130873942,8.986986338,            663P   1253
8.12919621,3.130873942,8.986986338,8.258341586,3.130873942,          663P   1254
8.961297726,8.37770332,3.130873942,8.911856477,8.497065053,          663P   1255
3.130873942,8.862415228,8.606549217,3.130873942,8.789260249,         663P   1256
8.697904733,3.130873942,8.697904733,8.789260249,3.130873942,         663P   1257
8.606549217,8.862415228,3.130873942,8.497065053,8.911856477,         663P   1258
3.130873942,8.37770332,8.961297726,3.130873942,8.258341586,          663P   1259
8.986986338,3.130873942,8.12919621,8.986986338,3.130873942,8.,       663P   1260
8.,3.191341716,8.961939766,8.125917621,3.191341716,8.961939766,      663P   1261
8.251785699,3.191341716,8.936903049,8.368118411,3.191341716,         663P   1262
8.888716462,8.484451124,3.191341716,8.840529874,8.591156928,         663P   1263
3.191341716,8.769231335,8.680194132,3.191341716,8.680194132,         663P   1264
8.769231335,3.191341716,8.591156928,8.840529874,3.191341716,         663P   1265
8.484451124,8.888716462,3.191341716,8.368118411,8.936903049,         663P   1266
3.191341716,8.251785699,8.961939766,3.191341716,8.125917621,         663P   1267
8.961939766,3.191341716,8.,8.,3.25180949,8.936893194,                663P   1268
8.122639032,3.25180949,8.936893194,8.245229811,3.25180949,           663P   1269
8.912508372,8.358533503,3.25180949,8.865576446,8.471837195,          663P   1270
3.25180949,8.81864452,8.575764639,3.25180949,8.749202422,            663P   1271
8.662483531,3.25180949,8.662483531,8.749202422,3.25180949,           663P   1272
8.575764639,8.81864452,3.25180949,8.471837195,8.865576446,           663P   1273
3.25180949,8.358533503,8.912508372,3.25180949,8.245229811,           663P   1274
8.936893194,3.25180949,8.122639032,8.936893194,3.25180949,8.,        663P   1275
8.,3.30727336,8.899833421,8.117787919,3.30727336,8.899833421,        663P   1276
8.235529494,3.30727336,8.876413166,8.344351342,3.30727336,           663P   1277
8.831337681,8.45317319,3.30727336,8.786262195,8.552989678,           663P   1278
3.30727336,8.719566951,8.636278314,3.30727336,8.636278314,           663P   1279
8.719566951,3.30727336,8.552989678,8.786262195,3.30727336,           663P   1280
8.45317319,8.831337681,3.30727336,8.344351342,8.876413166,           663P   1281
3.30727336,8.235529494,8.899833421,3.30727336,8.117787919,           663P   1282
8.899833421,3.30727336,8.,8.,3.353553391,8.853553391,                663P   1283
8.111729878,3.353553391,8.853553391,8.223415794,3.353553391,         663P   1284
8.831337681,8.326640741,3.353553391,8.788580507,8.429865688,         663P   1285
3.353553391,8.745823334,8.524548437,3.353553391,8.682558345,         663P   1286
8.603553391,3.353553391,8.603553391,8.682558345,3.353553391,         663P   1287
8.524548437,8.745823334,3.353553391,8.429865688,8.788580507,         663P   1288
3.353553391,8.326640741,8.831337681,3.353553391,8.223415794,         663P   1289
8.853553391,3.353553391,8.111729878,8.853553391,3.353553391,8.,      663P   1290
8.,3.399833421,8.80727336,8.105671836,3.399833421,8.80727336,        663P   1291
8.211302094,3.399833421,8.786262195,8.30893014,3.399833421,          663P   1292
8.745823334,8.406558186,3.399833421,8.705384474,8.496107196,         663P   1293
3.399833421,8.645549739,8.570828467,3.399833421,8.570828467,         663P   1294
8.645549739,3.399833421,8.496107196,8.705384474,3.399833421,         663P   1295
8.406558186,8.745823334,3.399833421,8.30893014,8.786262195,          663P   1296
3.399833421,8.211302094,8.80727336,3.399833421,8.105671836,          663P   1297
8.80727336,3.399833421,8.,8.,3.436893194,8.75180949,                 663P   1298
8.098411632,3.436893194,8.75180949,8.196784543,3.436893194,          663P   1299
8.732241902,8.287705036,3.436893194,8.6945814,8.378625529,           663P   1300
3.436893194,8.656920899,8.462022056,3.436893194,8.601197121,         663P   1301
8.531609589,3.436893194,8.531609589,8.601197121,3.436893194,         663P   1302
8.462022056,8.656920899,3.436893194,8.378625529,8.6945814,           663P   1303
3.436893194,8.287705036,8.732241902,3.436893194,8.196784543,         663P   1304
8.75180949,3.436893194,8.098411632,8.75180949,3.436893194,8.,        663P   1305
8.,3.461939766,8.691341716,8.090496419,3.461939766,8.691341716,      663P   1306
8.180957232,3.461939766,8.673347942,8.264565021,3.461939766,         663P   1307
8.638716462,8.34817281,3.461939766,8.604084981,8.424861784,          663P   1308
3.461939766,8.552843047,8.488852416,3.461939766,8.488852416,         663P   1309
8.552843047,3.461939766,8.424861784,8.604084981,3.461939766,         663P   1310
8.34817281,8.638716462,3.461939766,8.264565021,8.673347942,          663P   1311
3.461939766,8.180957232,8.691341716,3.461939766,8.090496419,         663P   1312
8.691341716,3.461939766,8.,8.,3.486986338,8.630873942,               663P   1313
8.082581206,3.486986338,8.630873942,8.16512992,3.486986338,          663P   1314
8.614453982,8.241425006,3.486986338,8.582851523,8.317720092,         663P   1315
3.486986338,8.551249063,8.387701512,3.486986338,8.504488973,         663P   1316
8.446095243,3.486986338,8.446095243,8.504488973,3.486986338,         663P   1317
8.387701512,8.551249063,3.486986338,8.317720092,8.582851523,         663P   1318
3.486986338,8.241425006,8.614453982,3.486986338,8.16512992,          663P   1319
8.630873942,3.486986338,8.082581206,8.630873942,3.486986338,8.,      663P   1320
8.,3.5,8.565449847,8.074017212,3.5,8.565449847,8.148005301,3.5,      663P   1321
8.550732701,8.216388288,3.5,8.52240754,8.284771275,3.5,              663P   1322
8.49408238,8.347495349,3.5,8.452171494,8.399833421,3.5,              663P   1323
8.399833421,8.452171494,3.5,8.347495349,8.49408238,3.5,              663P   1324
8.284771275,8.52240754,3.5,8.216388288,8.550732701,3.5,              663P   1325
8.148005301,8.565449847,3.5,8.074017212,8.565449847,3.5,8.,8.,       663P   1326
3.5,8.5,8.065449847,3.5,8.5,8.130873942,3.5,8.486986338,             663P   1327
8.191341716,3.5,8.461939766,8.25180949,3.5,8.436893194,              663P   1328
8.30727336,3.5,8.399833421,8.353553391,3.5,8.353553391,              663P   1329
8.399833421,3.5,8.30727336,8.436893194,3.5,8.25180949,               663P   1330
8.461939766,3.5,8.191341716,8.486986338,3.5,8.130873942,8.5,         663P   1331
3.5,8.065449847,8.5,3.5,8.,0.,1.5707963267949,0.,                    663P   1332
1.5707963267949;                                                     663P   1333
126,1,1,1,0,1,0,0.,0.,1.,1.,1.,1.,0.,1.570796327,0.,0.,0.,0.,        665P   1334
0.,1.,0.,0.,1.;                                                      665P   1335
124,-2.13791572294848E-31,-6.12323399573677E-17,1.,                  667P   1336
-0.499999999999999,1.,-3.49148133884313E-15,0.,                      667P   1337
-4.99999999999999,3.49148133884313E-15,1.,6.12323399573677E-17,      667P   1338
5.49999999999997;                                                    667P   1339
100,8.5,8.,3.,8.5,3.,8.,3.5;                                         669P   1340
126,1,1,1,0,1,0,0.,0.,1.,1.,1.,1.,0.,0.,0.,1.570796327,0.,0.,        671P   1341
0.,1.,0.,0.,1.;                                                      671P   1342
124,1.40271576953299E-14,1.,0.,4.99999999999989,                     673P   1343
-6.12323399573677E-17,8.58915688636046E-31,1.,-5.,1.,                673P   1344
-1.40271576953299E-14,6.12323399573677E-17,                          673P   1345
4.05803522860809E-14;                                                673P   1346
100,8.,8.,3.,9.,3.,8.,4.;                                            675P   1347
126,1,1,1,0,1,0,0.,0.,1.,1.,1.,1.,1.570796327,0.,0.,                 677P   1348
1.570796327,1.570796327,0.,0.,1.,0.,0.,1.;                           677P   1349
100,8.,8.5,3.,9.,3.,8.5,3.5;                                         679P   1350
126,1,1,1,0,1,0,0.,0.,1.,1.,1.,1.,1.570796327,1.570796327,0.,        681P   1351
0.,1.570796327,0.,0.,1.,0.,0.,1.;                                    681P   1352
124,1.,0.,0.,0.,0.,6.12323399573677E-17,-1.,11.5,0.,1.,              683P   1353
6.12323399573677E-17,4.5;                                            683P   1354
100,8.,8.,3.5,8.5,3.5,8.,4.;                                         685P   1355
102,4,665,671,677,681;                                               687P   1356
102,4,669,675,679,685;                                               689P   1357
142,1,663,687,689,1;                                                 691P   1358
144,663,1,0,691;                                                     693P   1359
110,8.5,3.,8.,8.5,3.,1008.;                                          695P   1360
110,9.,3.,-8.,9.,3.,8.;                                              697P   1361
120,695,697,0.,6.28318530717959;                                     699P   1362
126,1,1,1,0,1,0,0.,0.,1.,1.,1.,1.,1.,1.570796327,0.,1.,0.,0.,        701P   1363
0.,1.,0.,0.,1.;                                                      701P   1364
124,6.12323399573677E-17,1.,0.,5.5,1.,-6.12323399573677E-17,         703P   1365
-6.98296267768627E-15,-5.49999999999994,-6.98296267768627E-15,       703P   1366
4.27583144589696E-31,-1.,16.0000000000001;                           703P   1367
100,8.,8.5,3.,9.,3.,8.5,3.5;                                         705P   1368
126,1,1,1,0,1,0,0.,0.,1.,1.,1.,1.,1.,0.,0.,0.,0.,0.,0.,1.,0.,        707P   1369
0.,1.;                                                               707P   1370
110,9.,3.,8.,9.,3.,-8.;                                              709P   1371
126,1,1,1,0,1,0,0.,0.,1.,1.,1.,1.,0.,0.,0.,0.,1.570796327,0.,        711P   1372
0.,1.,0.,0.,1.;                                                      711P   1373
100,-8.,8.5,3.,9.,3.,8.5,3.5;                                        713P   1374
126,1,1,1,0,1,0,0.,0.,1.,1.,1.,1.,0.,1.570796327,0.,1.,              715P   1375
1.570796327,0.,0.,1.,0.,0.,1.;                                       715P   1376
110,8.5,3.5,-8.,8.5,3.5,8.;                                          717P   1377
102,4,701,707,711,715;                                               719P   1378
102,4,705,709,713,717;                                               721P   1379
142,1,699,719,721,1;                                                 723P   1380
144,699,1,0,723;                                                     725P   1381
110,8.,3.,8.5,-992.,3.,8.5;                                          727P   1382
110,8.,3.,9.,-8.,3.,9.;                                              729P   1383
120,727,729,0.,6.28318530717959;                                     731P   1384
126,1,1,1,0,1,0,0.,0.,1.,1.,1.,1.,0.,0.,0.,0.,1.570796327,0.,        733P   1385
0.,1.,0.,0.,1.;                                                      733P   1386
124,6.12323399573677E-17,0.,-1.,16.5,0.,1.,0.,0.,1.,0.,              735P   1387
6.12323399573677E-17,0.499999999999998;                              735P   1388
100,8.5,8.,3.,8.5,3.,8.,3.5;                                         737P   1389
126,1,1,1,0,1,0,0.,0.,1.,1.,1.,1.,0.,1.570796327,0.,1.,              739P   1390
1.570796327,0.,0.,1.,0.,0.,1.;                                       739P   1391
110,8.,3.5,8.5,-8.,3.5,8.5;                                          741P   1392
126,1,1,1,0,1,0,0.,0.,1.,1.,1.,1.,1.,1.570796327,0.,1.,0.,0.,        743P   1393
0.,1.,0.,0.,1.;                                                      743P   1394
124,2.07694060473688E-31,-6.12323399573677E-17,1.,-16.5,1.,          745P   1395
3.39190141383284E-15,0.,11.,-3.39190141383284E-15,1.,                745P   1396
6.12323399573677E-17,5.49999999999997;                               745P   1397
100,8.5,-8.,3.,-7.5,3.,-8.,3.5;                                      747P   1398
126,1,1,1,0,1,0,0.,0.,1.,1.,1.,1.,1.,0.,0.,0.,0.,0.,0.,1.,0.,        749P   1399
0.,1.;                                                               749P   1400
110,-8.,3.,9.,8.,3.,9.;                                              751P   1401
102,4,733,739,743,749;                                               753P   1402
102,4,737,741,747,751;                                               755P   1403
142,1,731,753,755,1;                                                 757P   1404
144,731,1,0,757;                                                     759P   1405
128,12,12,3,3,0,0,1,0,0,1.5707963267949,1.5707963267949,             761P   1406
1.5707963267949,1.5707963267949,1.96349540849362,                    761P   1407
1.96349540849362,1.96349540849362,2.35619449019234,                  761P   1408
2.35619449019234,2.35619449019234,2.74889357189107,                  761P   1409
2.74889357189107,2.74889357189107,3.14159265358979,                  761P   1410
3.14159265358979,3.14159265358979,3.14159265358979,0.,0.,0.,0.,      761P   1411
0.392699081698725,0.392699081698725,0.392699081698725,               761P   1412
0.785398163397449,0.785398163397449,0.785398163397449,               761P   1413
1.17809724509617,1.17809724509617,1.17809724509617,                  761P   1414
1.5707963267949,1.5707963267949,1.5707963267949,                     761P   1415
1.5707963267949,1.,1.,1.,1.,1.,1.,1.,1.,1.,1.,1.,1.,1.,1.,1.,        761P   1416
1.,1.,1.,1.,1.,1.,1.,1.,1.,1.,1.,1.,1.,1.,1.,1.,1.,1.,1.,1.,1.,      761P   1417
1.,1.,1.,1.,1.,1.,1.,1.,1.,1.,1.,1.,1.,1.,1.,1.,1.,1.,1.,1.,1.,      761P   1418
1.,1.,1.,1.,1.,1.,1.,1.,1.,1.,1.,1.,1.,1.,1.,1.,1.,1.,1.,1.,1.,      761P   1419
1.,1.,1.,1.,1.,1.,1.,1.,1.,1.,1.,1.,1.,1.,1.,1.,1.,1.,1.,1.,1.,      761P   1420
1.,1.,1.,1.,1.,1.,1.,1.,1.,1.,1.,1.,1.,1.,1.,1.,1.,1.,1.,1.,1.,      761P   1421
1.,1.,1.,1.,1.,1.,1.,1.,1.,1.,1.,1.,1.,1.,1.,1.,1.,1.,1.,1.,1.,      761P   1422
1.,1.,1.,1.,1.,1.,1.,1.,1.,1.,1.,1.,1.,1.,1.,1.,1.,1.,1.,1.,1.,      761P   1423
1.,1.,1.,1.,1.,1.,1.,9.,3.,-8.,9.,3.,-8.130899694,8.973972677,       761P   1424
3.,-8.261747884,8.923879533,3.,-8.382683432,8.873786388,3.,          761P   1425
-8.50361898,8.799666842,3.,-8.61454672,8.707106781,3.,               761P   1426
-8.707106781,8.61454672,3.,-8.799666842,8.50361898,3.,               761P   1427
-8.873786388,8.382683432,3.,-8.923879533,8.261747884,3.,             761P   1428
-8.973972677,8.130899694,3.,-9.,8.,3.,-9.,9.,3.065449847,-8.,        761P   1429
9.,3.065449847,-8.130899694,8.973972677,3.065449847,                 761P   1430
-8.261747884,8.923879533,3.065449847,-8.382683432,8.873786388,       761P   1431
3.065449847,-8.50361898,8.799666842,3.065449847,-8.61454672,         761P   1432
8.707106781,3.065449847,-8.707106781,8.61454672,3.065449847,         761P   1433
-8.799666842,8.50361898,3.065449847,-8.873786388,8.382683432,        761P   1434
3.065449847,-8.923879533,8.261747884,3.065449847,-8.973972677,       761P   1435
8.130899694,3.065449847,-9.,8.,3.065449847,-9.,8.986986338,          761P   1436
3.130873942,-8.,8.986986338,3.130873942,-8.12919621,                 761P   1437
8.961297726,3.130873942,-8.258341586,8.911856477,3.130873942,        761P   1438
-8.37770332,8.862415228,3.130873942,-8.497065053,8.789260249,        761P   1439
3.130873942,-8.606549217,8.697904733,3.130873942,-8.697904733,       761P   1440
8.606549217,3.130873942,-8.789260249,8.497065053,3.130873942,        761P   1441
-8.862415228,8.37770332,3.130873942,-8.911856477,8.258341586,        761P   1442
3.130873942,-8.961297726,8.12919621,3.130873942,-8.986986338,        761P   1443
8.,3.130873942,-8.986986338,8.961939766,3.191341716,-8.,             761P   1444
8.961939766,3.191341716,-8.125917621,8.936903049,3.191341716,        761P   1445
-8.251785699,8.888716462,3.191341716,-8.368118411,8.840529874,       761P   1446
3.191341716,-8.484451124,8.769231335,3.191341716,-8.591156928,       761P   1447
8.680194132,3.191341716,-8.680194132,8.591156928,3.191341716,        761P   1448
-8.769231335,8.484451124,3.191341716,-8.840529874,8.368118411,       761P   1449
3.191341716,-8.888716462,8.251785699,3.191341716,-8.936903049,       761P   1450
8.125917621,3.191341716,-8.961939766,8.,3.191341716,                 761P   1451
-8.961939766,8.936893194,3.25180949,-8.,8.936893194,3.25180949,      761P   1452
-8.122639032,8.912508372,3.25180949,-8.245229811,8.865576446,        761P   1453
3.25180949,-8.358533503,8.81864452,3.25180949,-8.471837195,          761P   1454
8.749202422,3.25180949,-8.575764639,8.662483531,3.25180949,          761P   1455
-8.662483531,8.575764639,3.25180949,-8.749202422,8.471837195,        761P   1456
3.25180949,-8.81864452,8.358533503,3.25180949,-8.865576446,          761P   1457
8.245229811,3.25180949,-8.912508372,8.122639032,3.25180949,          761P   1458
-8.936893194,8.,3.25180949,-8.936893194,8.899833421,3.30727336,      761P   1459
-8.,8.899833421,3.30727336,-8.117787919,8.876413166,3.30727336,      761P   1460
-8.235529494,8.831337681,3.30727336,-8.344351342,8.786262195,        761P   1461
3.30727336,-8.45317319,8.719566951,3.30727336,-8.552989678,          761P   1462
8.636278314,3.30727336,-8.636278314,8.552989678,3.30727336,          761P   1463
-8.719566951,8.45317319,3.30727336,-8.786262195,8.344351342,         761P   1464
3.30727336,-8.831337681,8.235529494,3.30727336,-8.876413166,         761P   1465
8.117787919,3.30727336,-8.899833421,8.,3.30727336,-8.899833421,      761P   1466
8.853553391,3.353553391,-8.,8.853553391,3.353553391,                 761P   1467
-8.111729878,8.831337681,3.353553391,-8.223415794,8.788580507,       761P   1468
3.353553391,-8.326640741,8.745823334,3.353553391,-8.429865688,       761P   1469
8.682558345,3.353553391,-8.524548437,8.603553391,3.353553391,        761P   1470
-8.603553391,8.524548437,3.353553391,-8.682558345,8.429865688,       761P   1471
3.353553391,-8.745823334,8.326640741,3.353553391,-8.788580507,       761P   1472
8.223415794,3.353553391,-8.831337681,8.111729878,3.353553391,        761P   1473
-8.853553391,8.,3.353553391,-8.853553391,8.80727336,                 761P   1474
3.399833421,-8.,8.80727336,3.399833421,-8.105671836,                 761P   1475
8.786262195,3.399833421,-8.211302094,8.745823334,3.399833421,        761P   1476
-8.30893014,8.705384474,3.399833421,-8.406558186,8.645549739,        761P   1477
3.399833421,-8.496107196,8.570828467,3.399833421,-8.570828467,       761P   1478
8.496107196,3.399833421,-8.645549739,8.406558186,3.399833421,        761P   1479
-8.705384474,8.30893014,3.399833421,-8.745823334,8.211302094,        761P   1480
3.399833421,-8.786262195,8.105671836,3.399833421,-8.80727336,        761P   1481
8.,3.399833421,-8.80727336,8.75180949,3.436893194,-8.,               761P   1482
8.75180949,3.436893194,-8.098411632,8.732241902,3.436893194,         761P   1483
-8.196784543,8.6945814,3.436893194,-8.287705036,8.656920899,         761P   1484
3.436893194,-8.378625529,8.601197121,3.436893194,-8.462022056,       761P   1485
8.531609589,3.436893194,-8.531609589,8.462022056,3.436893194,        761P   1486
-8.601197121,8.378625529,3.436893194,-8.656920899,8.287705036,       761P   1487
3.436893194,-8.6945814,8.196784543,3.436893194,-8.732241902,         761P   1488
8.098411632,3.436893194,-8.75180949,8.,3.436893194,-8.75180949,      761P   1489
8.691341716,3.461939766,-8.,8.691341716,3.461939766,                 761P   1490
-8.090496419,8.673347942,3.461939766,-8.180957232,8.638716462,       761P   1491
3.461939766,-8.264565021,8.604084981,3.461939766,-8.34817281,        761P   1492
8.552843047,3.461939766,-8.424861784,8.488852416,3.461939766,        761P   1493
-8.488852416,8.424861784,3.461939766,-8.552843047,8.34817281,        761P   1494
3.461939766,-8.604084981,8.264565021,3.461939766,-8.638716462,       761P   1495
8.180957232,3.461939766,-8.673347942,8.090496419,3.461939766,        761P   1496
-8.691341716,8.,3.461939766,-8.691341716,8.630873942,                761P   1497
3.486986338,-8.,8.630873942,3.486986338,-8.082581206,                761P   1498
8.614453982,3.486986338,-8.16512992,8.582851523,3.486986338,         761P   1499
-8.241425006,8.551249063,3.486986338,-8.317720092,8.504488973,       761P   1500
3.486986338,-8.387701512,8.446095243,3.486986338,-8.446095243,       761P   1501
8.387701512,3.486986338,-8.504488973,8.317720092,3.486986338,        761P   1502
-8.551249063,8.241425006,3.486986338,-8.582851523,8.16512992,        761P   1503
3.486986338,-8.614453982,8.082581206,3.486986338,-8.630873942,       761P   1504
8.,3.486986338,-8.630873942,8.565449847,3.5,-8.,8.565449847,         761P   1505
3.5,-8.074017212,8.550732701,3.5,-8.148005301,8.52240754,3.5,        761P   1506
-8.216388288,8.49408238,3.5,-8.284771275,8.452171494,3.5,            761P   1507
-8.347495349,8.399833421,3.5,-8.399833421,8.347495349,3.5,           761P   1508
-8.452171494,8.284771275,3.5,-8.49408238,8.216388288,3.5,            761P   1509
-8.52240754,8.148005301,3.5,-8.550732701,8.074017212,3.5,            761P   1510
-8.565449847,8.,3.5,-8.565449847,8.5,3.5,-8.,8.5,3.5,                761P   1511
-8.065449847,8.486986338,3.5,-8.130873942,8.461939766,3.5,           761P   1512
-8.191341716,8.436893194,3.5,-8.25180949,8.399833421,3.5,            761P   1513
-8.30727336,8.353553391,3.5,-8.353553391,8.30727336,3.5,             761P   1514
-8.399833421,8.25180949,3.5,-8.436893194,8.191341716,3.5,            761P   1515
-8.461939766,8.130873942,3.5,-8.486986338,8.065449847,3.5,-8.5,      761P   1516
8.,3.5,-8.5,1.5707963267949,3.14159265358979,0.,                     761P   1517
1.5707963267949;                                                     761P   1518
126,1,1,1,0,1,0,0.,0.,1.,1.,1.,1.,1.570796327,1.570796327,0.,        763P   1519
1.570796327,0.,0.,0.,1.,0.,0.,1.;                                    763P   1520
124,6.12323399573677E-17,1.,0.,5.5,1.,-6.12323399573677E-17,         765P   1521
-6.98296267768627E-15,-5.50000000000005,-6.98296267768627E-15,       765P   1522
4.27583144589696E-31,-1.,-15.9999999999999;                          765P   1523
100,-8.,8.5,3.,9.,3.,8.5,3.5;                                        767P   1524
126,1,1,1,0,1,0,0.,0.,1.,1.,1.,1.,1.570796327,0.,0.,                 769P   1525
3.141592654,0.,0.,0.,1.,0.,0.,1.;                                    769P   1526
124,1.,0.,0.,0.,0.,6.12323399573677E-17,1.,11.,0.,-1.,               771P   1527
6.12323399573677E-17,-5.;                                            771P   1528
100,-8.,8.,3.,9.,3.,8.,4.;                                           773P   1529
126,1,1,1,0,1,0,0.,0.,1.,1.,1.,1.,3.141592654,0.,0.,                 775P   1530
3.141592654,1.570796327,0.,0.,1.,0.,0.,1.;                           775P   1531
124,6.12323399573677E-17,0.,1.,16.5,0.,1.,0.,0.,-1.,0.,              777P   1532
6.12323399573677E-17,-0.500000000000008;                             777P   1533
100,-8.5,8.,3.,8.5,3.,8.,3.5;                                        779P   1534
126,1,1,1,0,1,0,0.,0.,1.,1.,1.,1.,3.141592654,1.570796327,0.,        781P   1535
1.570796327,1.570796327,0.,0.,1.,0.,0.,1.;                           781P   1536
124,1.40271576953299E-14,1.,0.,4.49999999999988,                     783P   1537
-6.12323399573677E-17,8.58915688636046E-31,-1.,-4.5,-1.,             783P   1538
1.40271576953299E-14,6.12323399573677E-17,                           783P   1539
-5.62981646836086E-14;                                               783P   1540
100,-8.,8.,3.5,8.5,3.5,8.,4.;                                        785P   1541
102,4,763,769,775,781;                                               787P   1542
102,4,767,773,779,785;                                               789P   1543
142,1,761,787,789,1;                                                 791P   1544
144,761,1,0,791;                                                     793P   1545
128,12,12,3,3,0,0,1,0,0,4.71238898038469,4.71238898038469,           795P   1546
4.71238898038469,4.71238898038469,5.10508806208341,                  795P   1547
5.10508806208341,5.10508806208341,5.49778714378214,                  795P   1548
5.49778714378214,5.49778714378214,5.89048622548086,                  795P   1549
5.89048622548086,5.89048622548086,6.28318530717959,                  795P   1550
6.28318530717959,6.28318530717959,6.28318530717959,0.,0.,0.,0.,      795P   1551
0.392699081698725,0.392699081698725,0.392699081698725,               795P   1552
0.785398163397449,0.785398163397449,0.785398163397449,               795P   1553
1.17809724509617,1.17809724509617,1.17809724509617,                  795P   1554
1.5707963267949,1.5707963267949,1.5707963267949,                     795P   1555
1.5707963267949,1.,1.,1.,1.,1.,1.,1.,1.,1.,1.,1.,1.,1.,1.,1.,        795P   1556
1.,1.,1.,1.,1.,1.,1.,1.,1.,1.,1.,1.,1.,1.,1.,1.,1.,1.,1.,1.,1.,      795P   1557
1.,1.,1.,1.,1.,1.,1.,1.,1.,1.,1.,1.,1.,1.,1.,1.,1.,1.,1.,1.,1.,      795P   1558
1.,1.,1.,1.,1.,1.,1.,1.,1.,1.,1.,1.,1.,1.,1.,1.,1.,1.,1.,1.,1.,      795P   1559
1.,1.,1.,1.,1.,1.,1.,1.,1.,1.,1.,1.,1.,1.,1.,1.,1.,1.,1.,1.,1.,      795P   1560
1.,1.,1.,1.,1.,1.,1.,1.,1.,1.,1.,1.,1.,1.,1.,1.,1.,1.,1.,1.,1.,      795P   1561
1.,1.,1.,1.,1.,1.,1.,1.,1.,1.,1.,1.,1.,1.,1.,1.,1.,1.,1.,1.,1.,      795P   1562
1.,1.,1.,1.,1.,1.,1.,1.,1.,1.,1.,1.,1.,1.,1.,1.,1.,1.,1.,1.,1.,      795P   1563
1.,1.,1.,1.,1.,1.,1.,-9.,3.,8.,-9.,3.,8.130899694,-8.973972677,      795P   1564
3.,8.261747884,-8.923879533,3.,8.382683432,-8.873786388,3.,          795P   1565
8.50361898,-8.799666842,3.,8.61454672,-8.707106781,3.,               795P   1566
8.707106781,-8.61454672,3.,8.799666842,-8.50361898,3.,               795P   1567
8.873786388,-8.382683432,3.,8.923879533,-8.261747884,3.,             795P   1568
8.973972677,-8.130899694,3.,9.,-8.,3.,9.,-9.,3.065449847,8.,         795P   1569
-9.,3.065449847,8.130899694,-8.973972677,3.065449847,                795P   1570
8.261747884,-8.923879533,3.065449847,8.382683432,-8.873786388,       795P   1571
3.065449847,8.50361898,-8.799666842,3.065449847,8.61454672,          795P   1572
-8.707106781,3.065449847,8.707106781,-8.61454672,3.065449847,        795P   1573
8.799666842,-8.50361898,3.065449847,8.873786388,-8.382683432,        795P   1574
3.065449847,8.923879533,-8.261747884,3.065449847,8.973972677,        795P   1575
-8.130899694,3.065449847,9.,-8.,3.065449847,9.,-8.986986338,         795P   1576
3.130873942,8.,-8.986986338,3.130873942,8.12919621,                  795P   1577
-8.961297726,3.130873942,8.258341586,-8.911856477,3.130873942,       795P   1578
8.37770332,-8.862415228,3.130873942,8.497065053,-8.789260249,        795P   1579
3.130873942,8.606549217,-8.697904733,3.130873942,8.697904733,        795P   1580
-8.606549217,3.130873942,8.789260249,-8.497065053,3.130873942,       795P   1581
8.862415228,-8.37770332,3.130873942,8.911856477,-8.258341586,        795P   1582
3.130873942,8.961297726,-8.12919621,3.130873942,8.986986338,         795P   1583
-8.,3.130873942,8.986986338,-8.961939766,3.191341716,8.,             795P   1584
-8.961939766,3.191341716,8.125917621,-8.936903049,3.191341716,       795P   1585
8.251785699,-8.888716462,3.191341716,8.368118411,-8.840529874,       795P   1586
3.191341716,8.484451124,-8.769231335,3.191341716,8.591156928,        795P   1587
-8.680194132,3.191341716,8.680194132,-8.591156928,3.191341716,       795P   1588
8.769231335,-8.484451124,3.191341716,8.840529874,-8.368118411,       795P   1589
3.191341716,8.888716462,-8.251785699,3.191341716,8.936903049,        795P   1590
-8.125917621,3.191341716,8.961939766,-8.,3.191341716,                795P   1591
8.961939766,-8.936893194,3.25180949,8.,-8.936893194,3.25180949,      795P   1592
8.122639032,-8.912508372,3.25180949,8.245229811,-8.865576446,        795P   1593
3.25180949,8.358533503,-8.81864452,3.25180949,8.471837195,           795P   1594
-8.749202422,3.25180949,8.575764639,-8.662483531,3.25180949,         795P   1595
8.662483531,-8.575764639,3.25180949,8.749202422,-8.471837195,        795P   1596
3.25180949,8.81864452,-8.358533503,3.25180949,8.865576446,           795P   1597
-8.245229811,3.25180949,8.912508372,-8.122639032,3.25180949,         795P   1598
8.936893194,-8.,3.25180949,8.936893194,-8.899833421,3.30727336,      795P   1599
8.,-8.899833421,3.30727336,8.117787919,-8.876413166,3.30727336,      795P   1600
8.235529494,-8.831337681,3.30727336,8.344351342,-8.786262195,        795P   1601
3.30727336,8.45317319,-8.719566951,3.30727336,8.552989678,           795P   1602
-8.636278314,3.30727336,8.636278314,-8.552989678,3.30727336,         795P   1603
8.719566951,-8.45317319,3.30727336,8.786262195,-8.344351342,         795P   1604
3.30727336,8.831337681,-8.235529494,3.30727336,8.876413166,          795P   1605
-8.117787919,3.30727336,8.899833421,-8.,3.30727336,8.899833421,      795P   1606
-8.853553391,3.353553391,8.,-8.853553391,3.353553391,                795P   1607
8.111729878,-8.831337681,3.353553391,8.223415794,-8.788580507,       795P   1608
3.353553391,8.326640741,-8.745823334,3.353553391,8.429865688,        795P   1609
-8.682558345,3.353553391,8.524548437,-8.603553391,3.353553391,       795P   1610
8.603553391,-8.524548437,3.353553391,8.682558345,-8.429865688,       795P   1611
3.353553391,8.745823334,-8.326640741,3.353553391,8.788580507,        795P   1612
-8.223415794,3.353553391,8.831337681,-8.111729878,3.353553391,       795P   1613
8.853553391,-8.,3.353553391,8.853553391,-8.80727336,                 795P   1614
3.399833421,8.,-8.80727336,3.399833421,8.105671836,                  795P   1615
-8.786262195,3.399833421,8.211302094,-8.745823334,3.399833421,       795P   1616
8.30893014,-8.705384474,3.399833421,8.406558186,-8.645549739,        795P   1617
3.399833421,8.496107196,-8.570828467,3.399833421,8.570828467,        795P   1618
-8.496107196,3.399833421,8.645549739,-8.406558186,3.399833421,       795P   1619
8.705384474,-8.30893014,3.399833421,8.745823334,-8.211302094,        795P   1620
3.399833421,8.786262195,-8.105671836,3.399833421,8.80727336,         795P   1621
-8.,3.399833421,8.80727336,-8.75180949,3.436893194,8.,               795P   1622
-8.75180949,3.436893194,8.098411632,-8.732241902,3.436893194,        795P   1623
8.196784543,-8.6945814,3.436893194,8.287705036,-8.656920899,         795P   1624
3.436893194,8.378625529,-8.601197121,3.436893194,8.462022056,        795P   1625
-8.531609589,3.436893194,8.531609589,-8.462022056,3.436893194,       795P   1626
8.601197121,-8.378625529,3.436893194,8.656920899,-8.287705036,       795P   1627
3.436893194,8.6945814,-8.196784543,3.436893194,8.732241902,          795P   1628
-8.098411632,3.436893194,8.75180949,-8.,3.436893194,8.75180949,      795P   1629
-8.691341716,3.461939766,8.,-8.691341716,3.461939766,                795P   1630
8.090496419,-8.673347942,3.461939766,8.180957232,-8.638716462,       795P   1631
3.461939766,8.264565021,-8.604084981,3.461939766,8.34817281,         795P   1632
-8.552843047,3.461939766,8.424861784,-8.488852416,3.461939766,       795P   1633
8.488852416,-8.424861784,3.461939766,8.552843047,-8.34817281,        795P   1634
3.461939766,8.604084981,-8.264565021,3.461939766,8.638716462,        795P   1635
-8.180957232,3.461939766,8.673347942,-8.090496419,3.461939766,       795P   1636
8.691341716,-8.,3.461939766,8.691341716,-8.630873942,                795P   1637
3.486986338,8.,-8.630873942,3.486986338,8.082581206,                 795P   1638
-8.614453982,3.486986338,8.16512992,-8.582851523,3.486986338,        795P   1639
8.241425006,-8.551249063,3.486986338,8.317720092,-8.504488973,       795P   1640
3.486986338,8.387701512,-8.446095243,3.486986338,8.446095243,        795P   1641
-8.387701512,3.486986338,8.504488973,-8.317720092,3.486986338,       795P   1642
8.551249063,-8.241425006,3.486986338,8.582851523,-8.16512992,        795P   1643
3.486986338,8.614453982,-8.082581206,3.486986338,8.630873942,        795P   1644
-8.,3.486986338,8.630873942,-8.565449847,3.5,8.,-8.565449847,        795P   1645
3.5,8.074017212,-8.550732701,3.5,8.148005301,-8.52240754,3.5,        795P   1646
8.216388288,-8.49408238,3.5,8.284771275,-8.452171494,3.5,            795P   1647
8.347495349,-8.399833421,3.5,8.399833421,-8.347495349,3.5,           795P   1648
8.452171494,-8.284771275,3.5,8.49408238,-8.216388288,3.5,            795P   1649
8.52240754,-8.148005301,3.5,8.550732701,-8.074017212,3.5,            795P   1650
8.565449847,-8.,3.5,8.565449847,-8.5,3.5,8.,-8.5,3.5,                795P   1651
8.065449847,-8.486986338,3.5,8.130873942,-8.461939766,3.5,           795P   1652
8.191341716,-8.436893194,3.5,8.25180949,-8.399833421,3.5,            795P   1653
8.30727336,-8.353553391,3.5,8.353553391,-8.30727336,3.5,             795P   1654
8.399833421,-8.25180949,3.5,8.436893194,-8.191341716,3.5,            795P   1655
8.461939766,-8.130873942,3.5,8.486986338,-8.065449847,3.5,8.5,       795P   1656
-8.,3.5,8.5,4.71238898038469,6.28318530717959,0.,                    795P   1657
1.5707963267949;                                                     795P   1658
126,1,1,1,0,1,0,0.,0.,1.,1.,1.,1.,6.283185307,0.,0.,                 797P   1659
6.283185307,1.570796327,0.,0.,1.,0.,0.,1.;                           797P   1660
124,6.12323399573677E-17,0.,-1.,0.499999999999995,0.,1.,0.,0.,       799P   1661
1.,0.,6.12323399573677E-17,16.5;                                     799P   1662
100,8.5,-8.,3.,-7.5,3.,-8.,3.5;                                      801P   1663
126,1,1,1,0,1,0,0.,0.,1.,1.,1.,1.,6.283185307,1.570796327,0.,        803P   1664
4.71238898,1.570796327,0.,0.,1.,0.,0.,1.;                            803P   1665
124,6.12323399573677E-17,-1.,0.,-4.5,6.12323399573677E-17,           805P   1666
3.74939945665464E-33,-1.,11.5,1.,6.12323399573677E-17,               805P   1667
6.12323399573677E-17,16.;                                            805P   1668
100,8.,-8.,3.5,-7.5,3.5,-8.,4.;                                      807P   1669
126,1,1,1,0,1,0,0.,0.,1.,1.,1.,1.,4.71238898,1.570796327,0.,         809P   1670
4.71238898,0.,0.,0.,1.,0.,0.,1.;                                     809P   1671
100,8.,-8.5,3.,-8.5,3.5,-9.,3.;                                      811P   1672
126,1,1,1,0,1,0,0.,0.,1.,1.,1.,1.,4.71238898,0.,0.,6.283185307,      813P   1673
0.,0.,0.,1.,0.,0.,1.;                                                813P   1674
124,-1.,6.98296267768627E-15,0.,-16.,-4.27583144589696E-31,          815P   1675
-6.12323399573677E-17,1.,-5.,6.98296267768627E-15,1.,                815P   1676
6.12323399573677E-17,5.00000000000005;                               815P   1677
100,8.,-8.,3.,-7.,3.,-8.,4.;                                         817P   1678
102,4,797,803,809,813;                                               819P   1679
102,4,801,807,811,817;                                               821P   1680
142,1,795,819,821,1;                                                 823P   1681
144,795,1,0,823;                                                     825P   1682
110,8.,3.,-8.5,1008.,3.,-8.5;                                        827P   1683
110,-8.,3.,-9.,8.,3.,-9.;                                            829P   1684
120,827,829,0.,6.28318530717959;                                     831P   1685
126,1,1,1,0,1,0,0.,0.,1.,1.,1.,1.,1.,1.570796327,0.,1.,0.,0.,        833P   1686
0.,1.,0.,0.,1.;                                                      833P   1687
124,3.74939945665464E-33,-6.12323399573677E-17,-1.,                  835P   1688
-0.500000000000009,1.,6.12323399573677E-17,0.,-5.,                   835P   1689
6.12323399573677E-17,-1.,6.12323399573677E-17,                       835P   1690
-5.50000000000001;                                                   835P   1691
100,-8.5,8.,3.,8.5,3.,8.,3.5;                                        837P   1692
126,1,1,1,0,1,0,0.,0.,1.,1.,1.,1.,1.,0.,0.,0.,0.,0.,0.,1.,0.,        839P   1693
0.,1.;                                                               839P   1694
110,8.,3.,-9.,-8.,3.,-9.;                                            841P   1695
126,1,1,1,0,1,0,0.,0.,1.,1.,1.,1.,0.,0.,0.,0.,1.570796327,0.,        843P   1696
0.,1.,0.,0.,1.;                                                      843P   1697
124,6.12323399573677E-17,0.,1.,0.5,0.,1.,0.,0.,-1.,0.,               845P   1698
6.12323399573677E-17,-16.5;                                          845P   1699
100,-8.5,-8.,3.,-7.5,3.,-8.,3.5;                                     847P   1700
126,1,1,1,0,1,0,0.,0.,1.,1.,1.,1.,0.,1.570796327,0.,1.,              849P   1701
1.570796327,0.,0.,1.,0.,0.,1.;                                       849P   1702
110,-8.,3.5,-8.5,8.,3.5,-8.5;                                        851P   1703
102,4,833,839,843,849;                                               853P   1704
102,4,837,841,847,851;                                               855P   1705
142,1,831,853,855,1;                                                 857P   1706
144,831,1,0,857;                                                     859P   1707
110,-8.5,3.,8.,-8.5,3.,-992.;                                        861P   1708
110,-9.,3.,8.,-9.,3.,-8.;                                            863P   1709
120,861,863,0.,6.28318530717959;                                     865P   1710
126,1,1,1,0,1,0,0.,0.,1.,1.,1.,1.,0.,0.,0.,0.,1.570796327,0.,        867P   1711
0.,1.,0.,0.,1.;                                                      867P   1712
124,-1.,1.11022302462516E-16,6.98296267768627E-15,                   869P   1713
-17.0000000000001,1.11022302462516E-16,1.,                           869P   1714
-4.84540371554089E-29,1.02001740387513E-15,                          869P   1715
-6.98296267768627E-15,-4.76787725609224E-29,-1.,                     869P   1716
15.9999999999999;                                                    869P   1717
100,8.,-8.5,3.,-8.,3.,-8.5,3.5;                                      871P   1718
126,1,1,1,0,1,0,0.,0.,1.,1.,1.,1.,0.,1.570796327,0.,1.,              873P   1719
1.570796327,0.,0.,1.,0.,0.,1.;                                       873P   1720
110,-8.5,3.5,8.,-8.5,3.5,-8.;                                        875P   1721
126,1,1,1,0,1,0,0.,0.,1.,1.,1.,1.,1.,1.570796327,0.,1.,0.,0.,        877P   1722
0.,1.,0.,0.,1.;                                                      877P   1723
100,-8.,-8.5,3.,-8.5,3.5,-9.,3.;                                     879P   1724
126,1,1,1,0,1,0,0.,0.,1.,1.,1.,1.,1.,0.,0.,0.,0.,0.,0.,1.,0.,        881P   1725
0.,1.;                                                               881P   1726
110,-9.,3.,-8.,-9.,3.,8.;                                            883P   1727
102,4,867,873,877,881;                                               885P   1728
102,4,871,875,879,883;                                               887P   1729
142,1,865,885,887,1;                                                 889P   1730
144,865,1,0,889;                                                     891P   1731
128,12,12,3,3,0,0,1,0,0,3.14159265358979,3.14159265358979,           893P   1732
3.14159265358979,3.14159265358979,3.53429173528852,                  893P   1733
3.53429173528852,3.53429173528852,3.92699081698724,                  893P   1734
3.92699081698724,3.92699081698724,4.31968989868597,                  893P   1735
4.31968989868597,4.31968989868597,4.71238898038469,                  893P   1736
4.71238898038469,4.71238898038469,4.71238898038469,0.,0.,0.,0.,      893P   1737
0.392699081698724,0.392699081698724,0.392699081698724,               893P   1738
0.785398163397449,0.785398163397449,0.785398163397449,               893P   1739
1.17809724509617,1.17809724509617,1.17809724509617,                  893P   1740
1.5707963267949,1.5707963267949,1.5707963267949,                     893P   1741
1.5707963267949,1.,1.,1.,1.,1.,1.,1.,1.,1.,1.,1.,1.,1.,1.,1.,        893P   1742
1.,1.,1.,1.,1.,1.,1.,1.,1.,1.,1.,1.,1.,1.,1.,1.,1.,1.,1.,1.,1.,      893P   1743
1.,1.,1.,1.,1.,1.,1.,1.,1.,1.,1.,1.,1.,1.,1.,1.,1.,1.,1.,1.,1.,      893P   1744
1.,1.,1.,1.,1.,1.,1.,1.,1.,1.,1.,1.,1.,1.,1.,1.,1.,1.,1.,1.,1.,      893P   1745
1.,1.,1.,1.,1.,1.,1.,1.,1.,1.,1.,1.,1.,1.,1.,1.,1.,1.,1.,1.,1.,      893P   1746
1.,1.,1.,1.,1.,1.,1.,1.,1.,1.,1.,1.,1.,1.,1.,1.,1.,1.,1.,1.,1.,      893P   1747
1.,1.,1.,1.,1.,1.,1.,1.,1.,1.,1.,1.,1.,1.,1.,1.,1.,1.,1.,1.,1.,      893P   1748
1.,1.,1.,1.,1.,1.,1.,1.,1.,1.,1.,1.,1.,1.,1.,1.,1.,1.,1.,1.,1.,      893P   1749
1.,1.,1.,1.,1.,1.,1.,-8.,3.,-9.,-8.130899694,3.,-9.,                 893P   1750
-8.261747884,3.,-8.973972677,-8.382683432,3.,-8.923879533,           893P   1751
-8.50361898,3.,-8.873786388,-8.61454672,3.,-8.799666842,             893P   1752
-8.707106781,3.,-8.707106781,-8.799666842,3.,-8.61454672,            893P   1753
-8.873786388,3.,-8.50361898,-8.923879533,3.,-8.382683432,            893P   1754
-8.973972677,3.,-8.261747884,-9.,3.,-8.130899694,-9.,3.,-8.,         893P   1755
-8.,3.065449847,-9.,-8.130899694,3.065449847,-9.,-8.261747884,       893P   1756
3.065449847,-8.973972677,-8.382683432,3.065449847,-8.923879533,      893P   1757
-8.50361898,3.065449847,-8.873786388,-8.61454672,3.065449847,        893P   1758
-8.799666842,-8.707106781,3.065449847,-8.707106781,                  893P   1759
-8.799666842,3.065449847,-8.61454672,-8.873786388,3.065449847,       893P   1760
-8.50361898,-8.923879533,3.065449847,-8.382683432,-8.973972677,      893P   1761
3.065449847,-8.261747884,-9.,3.065449847,-8.130899694,-9.,           893P   1762
3.065449847,-8.,-8.,3.130873942,-8.986986338,-8.12919621,            893P   1763
3.130873942,-8.986986338,-8.258341586,3.130873942,-8.961297726,      893P   1764
-8.37770332,3.130873942,-8.911856477,-8.497065053,3.130873942,       893P   1765
-8.862415228,-8.606549217,3.130873942,-8.789260249,                  893P   1766
-8.697904733,3.130873942,-8.697904733,-8.789260249,3.130873942,      893P   1767
-8.606549217,-8.862415228,3.130873942,-8.497065053,                  893P   1768
-8.911856477,3.130873942,-8.37770332,-8.961297726,3.130873942,       893P   1769
-8.258341586,-8.986986338,3.130873942,-8.12919621,-8.986986338,      893P   1770
3.130873942,-8.,-8.,3.191341716,-8.961939766,-8.125917621,           893P   1771
3.191341716,-8.961939766,-8.251785699,3.191341716,-8.936903049,      893P   1772
-8.368118411,3.191341716,-8.888716462,-8.484451124,3.191341716,      893P   1773
-8.840529874,-8.591156928,3.191341716,-8.769231335,                  893P   1774
-8.680194132,3.191341716,-8.680194132,-8.769231335,3.191341716,      893P   1775
-8.591156928,-8.840529874,3.191341716,-8.484451124,                  893P   1776
-8.888716462,3.191341716,-8.368118411,-8.936903049,3.191341716,      893P   1777
-8.251785699,-8.961939766,3.191341716,-8.125917621,                  893P   1778
-8.961939766,3.191341716,-8.,-8.,3.25180949,-8.936893194,            893P   1779
-8.122639032,3.25180949,-8.936893194,-8.245229811,3.25180949,        893P   1780
-8.912508372,-8.358533503,3.25180949,-8.865576446,-8.471837195,      893P   1781
3.25180949,-8.81864452,-8.575764639,3.25180949,-8.749202422,         893P   1782
-8.662483531,3.25180949,-8.662483531,-8.749202422,3.25180949,        893P   1783
-8.575764639,-8.81864452,3.25180949,-8.471837195,-8.865576446,       893P   1784
3.25180949,-8.358533503,-8.912508372,3.25180949,-8.245229811,        893P   1785
-8.936893194,3.25180949,-8.122639032,-8.936893194,3.25180949,        893P   1786
-8.,-8.,3.30727336,-8.899833421,-8.117787919,3.30727336,             893P   1787
-8.899833421,-8.235529494,3.30727336,-8.876413166,-8.344351342,      893P   1788
3.30727336,-8.831337681,-8.45317319,3.30727336,-8.786262195,         893P   1789
-8.552989678,3.30727336,-8.719566951,-8.636278314,3.30727336,        893P   1790
-8.636278314,-8.719566951,3.30727336,-8.552989678,-8.786262195,      893P   1791
3.30727336,-8.45317319,-8.831337681,3.30727336,-8.344351342,         893P   1792
-8.876413166,3.30727336,-8.235529494,-8.899833421,3.30727336,        893P   1793
-8.117787919,-8.899833421,3.30727336,-8.,-8.,3.353553391,            893P   1794
-8.853553391,-8.111729878,3.353553391,-8.853553391,                  893P   1795
-8.223415794,3.353553391,-8.831337681,-8.326640741,3.353553391,      893P   1796
-8.788580507,-8.429865688,3.353553391,-8.745823334,                  893P   1797
-8.524548437,3.353553391,-8.682558345,-8.603553391,3.353553391,      893P   1798
-8.603553391,-8.682558345,3.353553391,-8.524548437,                  893P   1799
-8.745823334,3.353553391,-8.429865688,-8.788580507,3.353553391,      893P   1800
-8.326640741,-8.831337681,3.353553391,-8.223415794,                  893P   1801
-8.853553391,3.353553391,-8.111729878,-8.853553391,3.353553391,      893P   1802
-8.,-8.,3.399833421,-8.80727336,-8.105671836,3.399833421,            893P   1803
-8.80727336,-8.211302094,3.399833421,-8.786262195,-8.30893014,       893P   1804
3.399833421,-8.745823334,-8.406558186,3.399833421,-8.705384474,      893P   1805
-8.496107196,3.399833421,-8.645549739,-8.570828467,3.399833421,      893P   1806
-8.570828467,-8.645549739,3.399833421,-8.496107196,                  893P   1807
-8.705384474,3.399833421,-8.406558186,-8.745823334,3.399833421,      893P   1808
-8.30893014,-8.786262195,3.399833421,-8.211302094,-8.80727336,       893P   1809
3.399833421,-8.105671836,-8.80727336,3.399833421,-8.,-8.,            893P   1810
3.436893194,-8.75180949,-8.098411632,3.436893194,-8.75180949,        893P   1811
-8.196784543,3.436893194,-8.732241902,-8.287705036,3.436893194,      893P   1812
-8.6945814,-8.378625529,3.436893194,-8.656920899,-8.462022056,       893P   1813
3.436893194,-8.601197121,-8.531609589,3.436893194,-8.531609589,      893P   1814
-8.601197121,3.436893194,-8.462022056,-8.656920899,3.436893194,      893P   1815
-8.378625529,-8.6945814,3.436893194,-8.287705036,-8.732241902,       893P   1816
3.436893194,-8.196784543,-8.75180949,3.436893194,-8.098411632,       893P   1817
-8.75180949,3.436893194,-8.,-8.,3.461939766,-8.691341716,            893P   1818
-8.090496419,3.461939766,-8.691341716,-8.180957232,3.461939766,      893P   1819
-8.673347942,-8.264565021,3.461939766,-8.638716462,-8.34817281,      893P   1820
3.461939766,-8.604084981,-8.424861784,3.461939766,-8.552843047,      893P   1821
-8.488852416,3.461939766,-8.488852416,-8.552843047,3.461939766,      893P   1822
-8.424861784,-8.604084981,3.461939766,-8.34817281,-8.638716462,      893P   1823
3.461939766,-8.264565021,-8.673347942,3.461939766,-8.180957232,      893P   1824
-8.691341716,3.461939766,-8.090496419,-8.691341716,3.461939766,      893P   1825
-8.,-8.,3.486986338,-8.630873942,-8.082581206,3.486986338,           893P   1826
-8.630873942,-8.16512992,3.486986338,-8.614453982,-8.241425006,      893P   1827
3.486986338,-8.582851523,-8.317720092,3.486986338,-8.551249063,      893P   1828
-8.387701512,3.486986338,-8.504488973,-8.446095243,3.486986338,      893P   1829
-8.446095243,-8.504488973,3.486986338,-8.387701512,                  893P   1830
-8.551249063,3.486986338,-8.317720092,-8.582851523,3.486986338,      893P   1831
-8.241425006,-8.614453982,3.486986338,-8.16512992,-8.630873942,      893P   1832
3.486986338,-8.082581206,-8.630873942,3.486986338,-8.,-8.,3.5,       893P   1833
-8.565449847,-8.074017212,3.5,-8.565449847,-8.148005301,3.5,         893P   1834
-8.550732701,-8.216388288,3.5,-8.52240754,-8.284771275,3.5,          893P   1835
-8.49408238,-8.347495349,3.5,-8.452171494,-8.399833421,3.5,          893P   1836
-8.399833421,-8.452171494,3.5,-8.347495349,-8.49408238,3.5,          893P   1837
-8.284771275,-8.52240754,3.5,-8.216388288,-8.550732701,3.5,          893P   1838
-8.148005301,-8.565449847,3.5,-8.074017212,-8.565449847,3.5,         893P   1839
-8.,-8.,3.5,-8.5,-8.065449847,3.5,-8.5,-8.130873942,3.5,             893P   1840
-8.486986338,-8.191341716,3.5,-8.461939766,-8.25180949,3.5,          893P   1841
-8.436893194,-8.30727336,3.5,-8.399833421,-8.353553391,3.5,          893P   1842
-8.353553391,-8.399833421,3.5,-8.30727336,-8.436893194,3.5,          893P   1843
-8.25180949,-8.461939766,3.5,-8.191341716,-8.486986338,3.5,          893P   1844
-8.130873942,-8.5,3.5,-8.065449847,-8.5,3.5,-8.,                     893P   1845
3.14159265358979,4.71238898038469,0.,1.5707963267949;                893P   1846
126,1,1,1,0,1,0,0.,0.,1.,1.,1.,1.,3.141592654,1.570796327,0.,        895P   1847
3.141592654,0.,0.,0.,1.,0.,0.,1.;                                    895P   1848
124,3.74939945665464E-33,-6.12323399573677E-17,-1.,-16.5,1.,         897P   1849
6.12323399573677E-17,0.,11.,6.12323399573677E-17,-1.,                897P   1850
6.12323399573677E-17,-5.5;                                           897P   1851
100,-8.5,-8.,3.,-7.5,3.,-8.,3.5;                                     899P   1852
126,1,1,1,0,1,0,0.,0.,1.,1.,1.,1.,3.141592654,0.,0.,4.71238898,      901P   1853
0.,0.,0.,1.,0.,0.,1.;                                                901P   1854
124,6.12323399573677E-17,-1.,0.,-5.,6.12323399573677E-17,            903P   1855
3.74939945665464E-33,1.,11.,-1.,-6.12323399573677E-17,               903P   1856
6.12323399573677E-17,-16.;                                           903P   1857
100,-8.,-8.,3.,-7.,3.,-8.,4.;                                        905P   1858
126,1,1,1,0,1,0,0.,0.,1.,1.,1.,1.,4.71238898,0.,0.,4.71238898,       907P   1859
1.570796327,0.,0.,1.,0.,0.,1.;                                       907P   1860
124,-1.,5.55111512312578E-17,6.98296267768627E-15,-17.,              909P   1861
5.55111512312578E-17,1.,-2.42270185777045E-29,                       909P   1862
5.10008701936797E-16,-6.98296267768627E-15,                          909P   1863
-2.38393862804612E-29,-1.,-16.0000000000001;                         909P   1864
100,-8.,-8.5,3.,-8.,3.,-8.5,3.5;                                     911P   1865
126,1,1,1,0,1,0,0.,0.,1.,1.,1.,1.,4.71238898,1.570796327,0.,         913P   1866
3.141592654,1.570796327,0.,0.,1.,0.,0.,1.;                           913P   1867
124,-1.,6.98296267768627E-15,0.,-16.,-4.27583144589696E-31,          915P   1868
-6.12323399573677E-17,-1.,-4.5,-6.98296267768627E-15,-1.,            915P   1869
6.12323399573677E-17,-4.50000000000006;                              915P   1870
100,-8.,-8.,3.5,-7.5,3.5,-8.,4.;                                     917P   1871
102,4,895,901,907,913;                                               919P   1872
102,4,899,905,911,917;                                               921P   1873
142,1,893,919,921,1;                                                 923P   1874
144,893,1,0,923;                                                     925P   1875
128,53,2,3,2,0,0,0,0,0,0.,0.,0.,0.,0.000343750345446677,             927P   1876
0.000343750345446677,0.000429687931808346,0.000429687931808346,      927P   1877
0.00047265672498918,0.00047265672498918,0.000494141121579598,        927P   1878
0.000494141121579598,0.000495483896366499,0.000495483896366499,      927P   1879
0.0004968266711534,0.0004968266711534,0.000499512220727202,          927P   1880
0.000499512220727202,0.000504883319874806,0.000504883319874806,      927P   1881
0.000515625518170015,0.000515625518170015,0.000687500690893353,      927P   1882
0.000687500690893353,0.00137500138178671,0.00137500138178671,        927P   1883
0.00275000276357341,0.00275000276357341,0.00550000552714683,         927P   1884
0.00550000552714683,0.00825000829072024,0.00825000829072024,         927P   1885
0.00962500967250695,0.00962500967250695,0.0103125103634003,          927P   1886
0.0103125103634003,0.0104843855361236,0.0104843855361236,            927P   1887
0.0105273543293045,0.0105273543293045,0.0105380965275997,            927P   1888
0.0105380965275997,0.0105434676267473,0.0105434676267473,            927P   1889
0.0105461531763211,0.0105461531763211,0.010547495951108,             927P   1890
0.010547495951108,0.0105488387258949,0.0105488387258949,             927P   1891
0.0105703231224853,0.0105703231224853,0.010656260708847,             927P   1892
0.010656260708847,0.0110000110542937,0.0110000110542937,             927P   1893
0.0110000110542937,0.0110000110542937,0.,0.,0.,1.,1.,1.,1.,1.,       927P   1894
1.,1.,1.,1.,1.,1.,1.,1.,1.,1.,1.,1.,1.,1.,1.,1.,1.,1.,1.,1.,1.,      927P   1895
1.,1.,1.,1.,1.,1.,1.,1.,1.,1.,1.,1.,1.,1.,1.,1.,1.,1.,1.,1.,1.,      927P   1896
1.,1.,1.,1.,1.,1.,1.,1.,1.,1.,0.99759258035474,                      927P   1897
0.997518391085369,0.997437401450413,0.997326539554911,               927P   1898
0.997303885639999,0.997269160676511,0.997257461675214,               927P   1899
0.997239724444207,0.997233780579952,0.997227431565344,               927P   1900
0.997226940254903,0.997226543631432,0.99722664429607,                927P   1901
0.997226497839849,0.99722640021519,0.997226107379755,                927P   1902
0.997225912207501,0.997225326845331,0.997224936809974,               927P   1903
0.997218309733239,0.997212125541956,0.997181494897157,               927P   1904
0.9971579168873,0.997090986846459,0.997051436047917,                 927P   1905
0.996956854564212,0.996928221394656,0.996959342443867,               927P   1906
0.997018541277163,0.997145411074771,0.997193655478184,               927P   1907
0.997270402982293,0.997296724570076,0.99733015901486,                927P   1908
0.997336872772027,0.997345293055506,0.997346978517572,               927P   1909
0.997349087018307,0.997349508802127,0.997350141601786,               927P   1910
0.997350352555667,0.997350669017273,0.997350767433378,               927P   1911
0.997350936293901,0.997351026012807,0.997351538317579,               927P   1912
0.997351982962651,0.997357936642876,0.997363509005537,               927P   1913
0.997391216659049,0.997412889499451,0.997518871580221,               927P   1914
0.997596045350029,0.997666582265457,1.,1.,1.,1.,1.,1.,1.,1.,1.,      927P   1915
1.,1.,1.,1.,1.,1.,1.,1.,1.,1.,1.,1.,1.,1.,1.,1.,1.,1.,1.,1.,1.,      927P   1916
1.,1.,1.,1.,1.,1.,1.,1.,1.,1.,1.,1.,1.,1.,1.,1.,1.,1.,1.,1.,1.,      927P   1917
1.,1.,1.,5.300002485,3.403819128,6.89154588,5.225310373,             927P   1918
3.400858733,6.88104173,5.151236423,3.397627239,6.865546073,          927P   1919
5.059730735,3.39320452,6.840290987,5.041483658,3.392300795,          927P   1920
6.834945453,5.014198738,3.390915574,6.826491453,5.00511804,          927P   1921
3.390448895,6.823600834,4.991518918,3.38974136,6.819156732,          927P   1922
4.986989531,3.389504262,6.817657335,4.982180982,3.389251005,         927P   1923
6.816045136,4.981957397,3.389231406,6.815918015,4.981215129,         927P   1924
3.389215588,6.815824059,4.980693413,3.389219602,6.815858844,         927P   1925
4.979354139,3.38921376,6.815840555,4.978461291,3.389209866,          927P   1926
6.815828364,4.975782752,3.389198185,6.815791797,4.973997065,         927P   1927
3.3891904,6.815767425,4.968640022,3.38916705,6.815694329,            927P   1928
4.965068682,3.389151492,6.815645625,4.904356299,3.388887145,         927P   1929
6.81481808,4.847221094,3.388640466,6.814045834,4.561574978,          927P   1930
3.387418663,6.810220557,4.333154066,3.386478214,6.807275041,         927P   1931
3.648196104,3.383808681,6.798900937,3.191969974,3.382231303,         927P   1932
6.793933433,1.824489122,3.378459318,6.781932504,0.914211209,         927P   1933
3.377317567,6.778121601,-0.90666753,3.378558605,6.781442199,         927P   1934
-1.817824447,3.38091929,6.788513862,-3.187129228,3.385979381,        927P   1935
6.803975549,-3.644022751,3.387903678,6.809883216,-4.329961762,       927P   1936
3.39096512,6.819336192,-4.558706769,3.392015122,6.822586914,         927P   1937
-4.844746579,3.393348921,6.826729043,-4.901959961,3.393616755,       927P   1938
6.827561434,-4.973483218,3.393952672,6.828606237,-4.987788196,       927P   1939
3.394019911,6.828815413,-5.005669823,3.394104028,6.829077143,        927P   1940
-5.009246168,3.394120854,6.829129502,-5.014610717,3.394146099,       927P   1941
6.82920806,-5.016398904,3.394154515,6.82923425,-5.019081194,         927P   1942
3.39416714,6.829273538,-5.019979196,3.394171066,6.829284642,         927P   1943
-5.021314488,3.394177803,6.829307279,-5.021741164,3.394181382,       927P   1944
6.82932426,-5.022410724,3.39420182,6.82945191,-5.022641462,          927P   1945
3.394219558,6.82956881,-5.027448731,3.394457075,6.831103136,         927P   1946
-5.031976941,3.394679381,6.83252875,-5.054636297,3.395784771,        927P   1947
6.839564285,-5.072822382,3.396649434,6.844896617,-5.164025289,       927P   1948
3.400877839,6.870061382,-5.237862007,3.403957532,6.885409414,        927P   1949
-5.312275232,3.406772187,6.89572209,5.399518021,3.5,                 927P   1950
7.572775742,5.304943027,3.5,7.575727061,5.210695215,3.5,             927P   1951
7.573417542,5.093458962,3.5,7.564403337,5.07003818,3.5,              927P   1952
7.562293369,5.03495192,3.5,7.558674958,5.02326377,3.5,               927P   1953
7.557393212,5.005743034,3.5,7.555358054,4.999904651,3.5,             927P   1954
7.554660905,4.993703441,3.5,7.553900329,4.993368459,3.5,             927P   1955
7.553839126,4.99255014,3.5,7.553798176,4.992065277,3.5,              927P   1956
7.553819234,4.990724244,3.5,7.553820108,4.989830223,3.5,             927P   1957
7.55382069,4.98714816,3.5,7.553822434,4.985360122,3.5,               927P   1958
7.553823596,4.979996014,3.5,7.553827075,4.976419955,3.5,             927P   1959
7.553829388,4.915626782,3.5,7.55386859,4.858412979,3.5,              927P   1960
7.553903755,4.572353755,3.5,7.554070962,4.343559552,3.5,             927P   1961
7.554177015,3.657314032,3.5,7.55441636,3.200041663,3.5,              927P   1962
7.554469487,1.828769031,3.5,7.554397566,0.915385406,3.5,             927P   1963
7.554110925,-0.911681118,3.5,7.553554131,-1.825508788,3.5,           927P   1964
7.553274347,-3.197694274,3.5,7.552501755,-3.655296295,3.5,           927P   1965
7.552174276,-4.342023844,3.5,7.551552506,-4.570976447,3.5,           927P   1966
7.551323872,-4.857227817,3.5,7.55101135,-4.914479659,3.5,            927P   1967
7.550947517,-4.986048106,3.5,7.550866079,-5.000361887,3.5,           927P   1968
7.550849709,-5.018254339,3.5,7.550829144,-5.021832835,3.5,           927P   1969
7.550825026,-5.027200595,3.5,7.550818841,-5.028989851,3.5,           927P   1970
7.550816779,-5.031673738,3.5,7.550813682,-5.03257033,3.5,            927P   1971
7.550811637,-5.033909332,3.5,7.550811607,-5.034346408,3.5,           927P   1972
7.550816407,-5.035128182,3.5,7.550873496,-5.035466776,3.5,           927P   1973
7.550928967,-5.041667522,3.5,7.551641193,-5.04750545,3.5,            927P   1974
7.552292361,-5.076703949,3.5,7.555452012,-5.100093078,3.5,           927P   1975
7.557672186,-5.217170133,3.5,7.567213775,-5.311285269,3.5,           927P   1976
7.569871062,-5.405698038,3.5,7.56721509,5.5,3.5,8.260621364,         927P   1977
5.385393479,3.5,8.27736333,5.270793199,3.5,8.288607141,              927P   1978
5.127552793,3.5,8.29633214,5.098905162,3.5,8.29755985,               927P   1979
5.055934378,3.5,8.298933481,5.041610894,3.5,8.29931336,              927P   1980
5.020125833,3.5,8.299767119,5.012964173,3.5,8.299899027,             927P   1981
5.005354939,3.5,8.300018707,5.004907337,3.5,8.30002564,              927P   1982
5.004012133,3.5,8.300039484,5.003564531,3.5,8.300046358,             927P   1983
5.002221726,3.5,8.300067049,5.001326522,3.5,8.300080841,             927P   1984
4.998640911,3.5,8.300122208,4.996850504,3.5,8.300149777,             927P   1985
4.991479282,3.5,8.300232452,4.987898468,3.5,8.300287528,             927P   1986
4.927024623,3.5,8.301223149,4.869731608,3.5,8.302093461,             927P   1987
4.583266606,3.5,8.306390754,4.354094852,3.5,8.309655043,             927P   1988
3.666580488,3.5,8.318812329,3.208238782,3.5,8.324068492,             927P   1989
1.833218587,3.5,8.336364641,0.916545295,3.5,8.339738385,             927P   1990
-0.916785229,3.5,8.335157834,-1.833442524,3.5,8.327247492,           927P   1991
-3.208420355,3.5,8.309660161,-3.666744996,3.5,8.302878999,           927P   1992
-4.354230729,3.5,8.291840172,-4.583392434,3.5,8.288015579,           927P   1993
-4.869844376,3.5,8.283101451,-4.927134755,3.5,8.282111938,           927P   1994
-4.998747718,3.5,8.280867388,-5.01307031,3.5,8.280618096,            927P   1995
-5.03097355,3.5,8.280306011,-5.034554198,3.5,8.280243571,            927P   1996
-5.039925169,3.5,8.280149876,-5.041715493,3.5,8.280118638,           927P   1997
-5.044400979,3.5,8.280071773,-5.045296141,3.5,8.28005615,            927P   1998
-5.046638884,3.5,8.280032713,-5.047086465,3.5,8.280024937,           927P   1999
-5.047981627,3.5,8.280009204,-5.048429208,3.5,8.280001284,           927P   2000
-5.056038079,3.5,8.279865129,-5.063199342,3.5,8.279717246,           927P   2001
-5.099005517,3.5,8.278878777,-5.127650008,3.5,8.277891067,           927P   2002
-5.270870179,3.5,8.271342582,-5.385439797,3.5,8.260965599,-5.5,      927P   2003
3.5,8.245027184,0.,0.0110000110542937,0.,1.;                         927P   2004
126,1,1,1,0,1,0,0.,0.,1.,1.,1.,1.,0.011000011,0.,0.,                 929P   2005
0.011000011,1.,0.,0.,1.,0.,0.,1.;                                    929P   2006
124,0.0187724767943119,-0.13651506552245,0.990460110756818,          931P   2007
-14.4504698420014,0.990677218738477,0.136230129826684,0.,            931P   2008
-0.165779452831678,-0.134930509476553,0.981226267795969,             931P   2009
0.137799742378539,12.7447175009974;                                  931P   2010
100,8.245027184,-5.5,-6.5,4.5,-6.5,4.406772187,-5.137698702;         933P   2011
126,1,1,1,0,1,0,0.,0.,1.,1.,1.,1.,0.011000011,1.,0.,0.,1.,0.,        935P   2012
0.,1.,0.,0.,1.;                                                      935P   2013
126,13,3,1,0,1,0,0.,0.,0.,0.,0.125,0.125,0.25,0.25,0.5,0.5,          937P   2014
0.75,0.75,0.875,0.875,1.,1.,1.,1.,1.,1.,1.,1.,1.,1.,1.,1.,1.,        937P   2015
1.,1.,1.,1.,1.,-5.5,3.5,8.245027184,-5.041756127,3.5,                937P   2016
8.308781279,-4.583392639,3.5,8.288160563,-3.666744996,3.5,           937P   2017
8.302878999,-3.208420355,3.5,8.309660161,-1.833442524,3.5,           937P   2018
8.327247492,-0.916785229,3.5,8.335157834,0.916545295,3.5,            937P   2019
8.339738385,1.833218587,3.5,8.336364641,3.208238782,3.5,             937P   2020
8.324068492,3.666580488,3.5,8.318812329,4.583266306,3.5,             937P   2021
8.306602614,5.041570808,3.5,8.327589695,5.5,3.5,8.260621364,0.,      937P   2022
1.,0.,-1.,0.;                                                        937P   2023
126,1,1,1,0,1,0,0.,0.,1.,1.,1.,1.,0.,1.,0.,0.,0.,0.,0.,1.,0.,        939P   2024
0.,1.;                                                               939P   2025
124,8.8510112285547E-18,-0.144547982891347,-0.989497792136012,       941P   2026
12.7343047132186,1.,6.12323399573677E-17,0.,-12.0000000004982,       941P   2027
6.0589265195137E-17,-0.989497792136012,0.144547982891347,            941P   2028
0.634829559662888;                                                   941P   2029
100,8.260621364,5.5,-6.5,15.5,-6.5,15.403819128,-5.116393593;        943P   2030
126,1,1,1,0,1,0,0.,0.,1.,1.,1.,1.,0.,0.,0.,0.000495385,0.,0.,        945P   2031
0.,1.,0.,0.,1.;                                                      945P   2032
126,6,3,1,0,1,0,0.,0.,0.,0.,0.000327473378434579,                    947P   2033
0.000327473378434579,0.000327473378434579,0.000327533378434558,      947P   2034
0.000327533378434558,0.000327533378434558,0.000327533378434558,      947P   2035
1.,1.,1.,1.,1.,1.,1.,5.300002485,3.403819128,6.89154588,             947P   2036
5.191991537,3.399538154,6.876356016,5.085074614,3.394673825,         947P   2037
6.850590801,4.981722346,3.389226837,6.815891194,4.98170341,          947P   2038
3.389225839,6.815884836,4.981684474,3.389224841,6.815878478,         947P   2039
4.981665537,3.389223843,6.81587212,0.,0.000327533378434558,0.,       947P   2040
0.,0.;                                                               947P   2041
126,1,1,1,0,1,0,0.,0.,1.,1.,1.,1.,0.000495385,0.,0.,                 949P   2042
0.010547204,0.,0.,0.,1.,0.,0.,1.;                                    949P   2043
126,10,3,1,0,1,0,0.,0.,0.,0.,0.0625000000000001,                     951P   2044
0.0625000000000001,0.125,0.25,0.25,0.5,0.5,1.,1.,1.,1.,1.,1.,        951P   2045
1.,1.,1.,1.,1.,1.,1.,1.,1.,4.981665537,3.389223843,6.81587212,       951P   2046
4.773382554,3.370982634,6.811074298,4.564843357,3.387432845,         951P   2047
6.810265271,4.148021644,3.385744353,6.804973962,3.522789594,         951P   2048
3.383324158,6.797381795,2.897559537,3.381340662,6.791111894,         951P   2049
1.647103327,3.37822958,6.781161456,0.813471414,3.377359573,          951P   2050
6.778222407,-1.687403831,3.379145196,6.783035401,-3.354788312,       951P   2051
3.386332679,6.804892022,-5.021844319,3.394180146,6.829314015,        951P   2052
0.,1.,-0.012484658,-0.11859113,0.992864682;                          951P   2053
126,1,1,1,0,1,0,0.,0.,1.,1.,1.,1.,0.010547204,0.,0.,                 953P   2054
0.011000011,0.,0.,0.,1.,0.,0.,1.;                                    953P   2055
126,6,3,1,0,1,0,-5.7359036663699E-08,-5.7359036663699E-08,           955P   2056
-5.7359036663699E-08,-5.7359036663699E-08,0.,0.,0.,                  955P   2057
0.000298135246587787,0.000298135246587787,0.000298135246587787,      955P   2058
0.000298135246587787,1.,1.,1.,1.,1.,1.,1.,-5.021844319,              955P   2059
3.394180146,6.829314015,-5.021862544,3.39417998,6.829319794,         955P   2060
-5.021880701,3.394181946,6.829325652,-5.021898892,3.394182845,       955P   2061
6.82933147,-5.116449294,3.398858869,6.859570941,-5.213906647,        955P   2062
3.403051428,6.882089524,-5.312275232,3.406772187,6.89572209,         955P   2063
-5.7359036663699E-08,0.000298135246587787,0.,0.,0.;                  955P   2064
102,6,929,935,939,945,949,953;                                       957P   2065
102,6,933,937,943,947,951,955;                                       959P   2066
142,1,927,957,959,1;                                                 961P   2067
144,927,1,0,961;                                                     963P   2068
128,25,2,3,2,0,0,0,0,0,0.,0.,0.,0.,0.000518650268660651,             965P   2069
0.000518650268660651,0.000777975402990977,0.000777975402990977,      965P   2070
0.0010373005373213,0.0010373005373213,0.00129662567165163,           965P   2071
0.00129662567165163,0.00155595080598195,0.00155595080598195,         965P   2072
0.00207460107464261,0.00207460107464261,0.00233392620897293,         965P   2073
0.00233392620897293,0.00259325134330326,0.00259325134330326,         965P   2074
0.00311190161196391,0.00311190161196391,0.00337122674629423,         965P   2075
0.00337122674629423,0.00363055188062456,0.00363055188062456,         965P   2076
0.00414920214928521,0.00414920214928521,0.00414920214928521,         965P   2077
0.00414920214928521,0.,0.,0.,1.,1.,1.,1.,1.,1.,1.,1.,1.,1.,1.,       965P   2078
1.,1.,1.,1.,1.,1.,1.,1.,1.,1.,1.,1.,1.,1.,1.,1.,1.,1.,               965P   2079
0.99763607974022,0.997744295966387,0.997834667207991,                965P   2080
0.997948826542966,0.997983293324726,0.998045551525304,               965P   2081
0.998073227695701,0.998121574771767,0.998142398834904,               965P   2082
0.998177914541837,0.998192356026735,0.998226580295371,               965P   2083
0.998237540239504,0.998235574265415,0.998231821377583,               965P   2084
0.998218160893631,0.998208340719654,0.998170021249658,               965P   2085
0.998132886501829,0.998055651264219,0.998026079544128,               965P   2086
0.997959102518935,0.997922205724983,0.997800754202834,               965P   2087
0.997705460962371,0.99759258035474,1.,1.,1.,1.,1.,1.,1.,1.,1.,       965P   2088
1.,1.,1.,1.,1.,1.,1.,1.,1.,1.,1.,1.,1.,1.,1.,1.,1.,6.893715341,      965P   2089
3.405554952,5.309406259,6.909359161,3.409876303,5.422547463,         965P   2090
6.912998066,3.413480346,5.534361831,6.900967572,3.418037179,         965P   2091
5.698003655,6.89403462,3.419413056,5.751871006,6.87429062,           965P   2092
3.421898439,5.857884649,6.861411723,3.423003345,5.910107483,         965P   2093
6.828996618,3.424933549,6.013516927,6.809571119,3.425764961,         965P   2094
6.064559419,6.76435586,3.427182975,6.164714847,6.73888104,           965P   2095
3.42775959,6.213119696,6.654776234,3.429126102,6.352329216,          965P   2096
6.58848026,3.429563735,6.43728,6.475542083,3.429485235,              965P   2097
6.549970152,6.43514264,3.429335383,6.585576698,6.349207248,          965P   2098
3.428789934,6.652378781,6.304239484,3.428397826,6.683128387,         965P   2099
6.164559944,3.426867814,6.766967269,6.06499772,3.425385129,          965P   2100
6.81177476,5.909171322,3.422301647,6.86036013,5.856290601,           965P   2101
3.421121087,6.873317462,5.748003772,3.418447384,6.893164685,         965P   2102
5.693079516,3.416974541,6.900037227,5.526746898,3.412126771,         965P   2103
6.911686658,5.413709389,3.408325858,6.90753678,5.300002485,          965P   2104
3.403819128,6.89154588,7.569400475,3.5,5.404250979,7.56522679,       965P   2105
3.5,5.547877372,7.548899136,3.5,5.688786683,7.506214775,3.5,         965P   2106
5.894890467,7.488945818,3.5,5.962711555,7.448193412,3.5,             965P   2107
6.096373241,7.424668958,3.5,6.162250902,7.370906921,3.5,             965P   2108
6.29233017,7.340728511,3.5,6.356461656,7.273653733,3.5,              965P   2109
6.482546112,7.237223807,3.5,6.543611584,7.119952915,3.5,             965P   2110
6.720198052,7.031102921,3.5,6.829331389,6.882468475,3.5,             965P   2111
6.978395736,6.830101928,3.5,7.025889415,6.719881516,3.5,             965P   2112
7.116208553,6.662753988,3.5,7.15843451,6.486262911,3.5,              965P   2113
7.276157927,6.361691749,3.5,7.342870188,6.166199148,3.5,             965P   2114
7.424455128,6.09965564,3.5,7.448491457,5.963458235,3.5,              965P   2115
7.490390482,5.894486212,3.5,7.508080577,5.685545768,3.5,             965P   2116
7.551713744,5.543476639,3.5,7.568283349,5.399518021,3.5,             965P   2117
7.572775742,8.251527964,3.5,5.5,8.227048961,3.5,5.674391346,         965P   2118
8.190339284,3.5,5.844589054,8.116461069,3.5,6.093411797,             965P   2119
8.088687561,3.5,6.175270936,8.026611146,3.5,6.336745056,             965P   2120
7.992294378,3.5,6.416355272,7.916913561,3.5,6.573256662,             965P   2121
7.875856455,3.5,6.65055022,7.786685377,3.5,6.802711889,              965P   2122
7.739191411,3.5,6.876510257,7.588444382,3.5,7.090700428,             965P   2123
7.476865753,3.5,7.224163441,7.292284773,3.5,7.40986371,              965P   2124
7.227873134,3.5,7.469334783,7.093215383,3.5,7.583364004,             965P   2125
7.023856191,3.5,7.63716688,6.810344476,3.5,7.789093466,              965P   2126
6.660635204,3.5,7.877947918,6.42524443,3.5,7.99296481,               965P   2127
6.344962057,3.5,8.028235512,6.180690715,3.5,8.092523938,             965P   2128
6.0975871,3.5,8.121211546,5.845784449,3.5,8.197402995,               965P   2129
5.674491361,3.5,8.235131289,5.5,3.5,8.260621364,0.,                  965P   2130
0.00414920214928521,0.,1.;                                           965P   2131
126,1,1,1,0,1,0,0.,0.,1.,1.,1.,1.,0.004149202,0.,0.,                 967P   2132
0.004149202,1.,0.,0.,1.,0.,0.,1.;                                    967P   2133
124,-0.0199997515182522,0.143157707781199,0.989497792136011,         969P   2134
-1.63334286707754,0.990381912757653,0.138360640655114,0.,            969P   2135
-11.0477563564023,-0.13690754844676,0.979980716045137,               969P   2136
-0.144547982891353,16.5775436906043;                                 969P   2137
100,8.260621364,5.5,-6.5,15.5,-6.5,15.403819128,-5.116393593;        971P   2138
126,1,1,1,0,1,0,0.,0.,1.,1.,1.,1.,0.004149202,1.,0.,0.,1.,0.,        973P   2139
0.,1.,0.,0.,1.;                                                      973P   2140
126,5,3,1,0,1,0,0.,0.,0.,0.,0.5,0.5,1.,1.,1.,1.,1.,1.,1.,1.,1.,      975P   2141
1.,5.5,3.5,8.260621364,6.197977795,3.5,8.158659255,6.861595819,      975P   2142
3.5,7.843164339,7.846027714,3.5,6.852762902,8.153609261,3.5,         975P   2143
6.197584561,8.251527964,3.5,5.5,0.,1.,0.,-1.,0.;                     975P   2144
126,1,1,1,0,1,0,0.,0.,1.,1.,1.,1.,0.,1.,0.,0.,0.,0.,0.,1.,0.,        977P   2145
0.,1.;                                                               977P   2146
124,6.46679062934416E-14,-0.990291613130434,-0.139005470984139,      979P   2147
2.57916256943294,1.,5.56598799783248E-14,6.86907781072115E-14,       979P   2148
-14.7515279643399,-6.02868736276675E-14,-0.139005470984139,          979P   2149
0.990291613130434,-0.850139433611797;                                979P   2150
100,5.5,8.251527964,-6.5,18.251527964,-6.5,18.157082916,             981P   2151
-5.128875975;                                                        981P   2152
126,1,1,1,0,1,0,0.,0.,1.,1.,1.,1.,0.,0.,0.,0.004149202,0.,0.,        983P   2153
0.,1.,0.,0.,1.;                                                      983P   2154
126,21,3,1,0,1,0,0.,0.,0.,0.,0.000332885501334147,                   985P   2155
0.000332885501334147,0.000332885501334147,0.000828847278019546,      985P   2156
0.000828847278019546,0.000828847278019546,0.00101592915152873,       985P   2157
0.00101592915152873,0.00101592915152873,0.00147574588669941,         985P   2158
0.00147574588669941,0.00147574588669941,0.00166879021899284,         985P   2159
0.00166879021899284,0.00166879021899284,0.00212741625178501,         985P   2160
0.00212741625178501,0.00212741625178501,0.00263045664553246,         985P   2161
0.00263045664553246,0.00263045664553246,0.00263045664553246,1.,      985P   2162
1.,1.,1.,1.,1.,1.,1.,1.,1.,1.,1.,1.,1.,1.,1.,1.,1.,1.,1.,1.,1.,      985P   2163
6.893715341,3.405554952,5.309406259,6.90890237,3.409750122,          985P   2164
5.41924379,6.913109692,3.413390006,5.531289458,6.905090039,          985P   2165
3.416475366,5.64191809,6.893254992,3.421028603,5.805178897,          985P   2166
6.853131132,3.424430419,5.969206989,6.78532721,3.426524897,          985P   2167
6.118247698,6.759388377,3.427326154,6.175264193,6.729472923,         985P   2168
3.427963168,6.230636476,6.695975235,3.428441916,6.2835706,           985P   2169
6.614684221,3.429603724,6.412029275,6.509614548,3.429821087,         985P   2170
6.528195855,6.389341444,3.429044518,6.62117428,6.338191867,          985P   2171
3.42871426,6.660716014,6.284045454,3.428214458,6.69664046,           985P   2172
6.227794224,3.427546701,6.728504081,6.095697766,3.425978588,         985P   2173
6.803330383,5.948985991,3.423419692,6.856597056,5.799644748,         985P   2174
3.419722364,6.883697455,5.635719048,3.41566396,6.913444441,          985P   2175
5.464903887,3.410354934,6.914736397,5.300002485,3.403819128,         985P   2176
6.89154588,0.,0.00263045664553246,-0.047906788,0.998354755,          985P   2177
-0.0315075;                                                          985P   2178
102,4,967,973,977,983;                                               987P   2179
102,4,971,975,981,985;                                               989P   2180
142,1,965,987,989,1;                                                 991P   2181
144,965,1,0,991;                                                     993P   2182
128,25,2,3,2,0,0,0,0,0,-3.55618312575245E-17,                        995P   2183
-3.55618312575245E-17,-3.55618312575245E-17,                         995P   2184
-3.55618312575245E-17,0.000517393494005037,                          995P   2185
0.000517393494005037,0.000776090241007573,0.000776090241007573,      995P   2186
0.00103478698801011,0.00103478698801011,0.00129348373501264,         995P   2187
0.00129348373501264,0.00155218048201518,0.00155218048201518,         995P   2188
0.00206957397602025,0.00206957397602025,0.00232827072302279,         995P   2189
0.00232827072302279,0.00258696747002532,0.00258696747002532,         995P   2190
0.0031043609640304,0.0031043609640304,0.00336305771103293,           995P   2191
0.00336305771103293,0.00362175445803547,0.00362175445803547,         995P   2192
0.00413914795204054,0.00413914795204054,0.00413914795204054,         995P   2193
0.00413914795204054,0.,0.,0.,1.,1.,1.,1.,1.,1.,1.,1.,1.,1.,1.,       995P   2194
1.,1.,1.,1.,1.,1.,1.,1.,1.,1.,1.,1.,1.,1.,1.,1.,1.,1.,               995P   2195
0.997666582265458,0.99777364584086,0.997863104036819,                995P   2196
0.99797610242603,0.998010215787534,0.998071810307843,                995P   2197
0.998099107273485,0.998146776857195,0.998167302005956,               995P   2198
0.998202358525686,0.998216653781482,0.998250621429046,               995P   2199
0.998261688303951,0.99825997943483,0.998256332049792,                995P   2200
0.998243003756988,0.998233407095107,0.998195982072071,               995P   2201
0.998159769470229,0.998084134581964,0.998055106966204,               995P   2202
0.997989201040789,0.997952885874368,0.997833313001225,               995P   2203
0.997739481469193,0.997628306156909,1.,1.,1.,1.,1.,1.,1.,1.,1.,      995P   2204
1.,1.,1.,1.,1.,1.,1.,1.,1.,1.,1.,1.,1.,1.,1.,1.,1.,                  995P   2205
-5.312275232,3.406772187,6.89572209,-5.42531648,3.411047935,         995P   2206
6.911388088,-5.536942494,3.414615375,6.915085622,-5.700247615,       995P   2207
3.419125992,6.903165025,-5.753994717,3.420487797,6.896270919,        995P   2208
-5.859780717,3.422946752,6.876591723,-5.911970583,3.424036548,       995P   2209
6.863684443,-6.015372588,3.425939752,6.83119496,-6.06643917,         995P   2210
3.42675925,6.811723923,-6.166645883,3.428158965,6.76645352,          995P   2211
-6.215115074,3.428729755,6.740949863,-6.354390346,3.430086053,       995P   2212
6.656881888,-6.439237751,3.430527967,6.59079673,-6.551587464,        995P   2213
3.430459731,6.478273914,-6.587130788,3.430314089,6.437951872,        995P   2214
-6.653892092,3.42978189,6.352096757,-6.684669254,3.429398698,        995P   2215
6.30712446,-6.768660855,3.42790436,6.167409642,-6.813683721,         995P   2216
3.426458457,6.067777546,-6.86244676,3.423438781,5.912092722,         995P   2217
-6.875422968,3.422279909,5.859319394,-6.895236421,3.419648886,       995P   2218
5.751311165,-6.902085868,3.418199217,5.696538917,-6.913681673,       995P   2219
3.413426284,5.530602792,-6.90951766,3.409684027,5.417780387,         995P   2220
-6.893516562,3.405244745,5.304257659,-5.405698038,3.5,               995P   2221
7.56721509,-5.54909787,3.5,7.563181035,-5.689737182,3.5,             995P   2222
7.547014825,-5.895406337,3.5,7.504570437,-5.963078093,3.5,           995P   2223
7.487380475,-6.096446563,3.5,7.446774942,-6.162217712,3.5,           995P   2224
7.423291181,-6.292117516,3.5,7.369612254,-6.35617512,3.5,            995P   2225
7.339475901,-6.482118524,3.5,7.272516215,-6.543165231,3.5,           995P   2226
7.236130268,-6.719591726,3.5,7.11908652,-6.82854976,3.5,             995P   2227
7.030494189,-6.97721944,3.5,6.882259528,-7.024601227,3.5,            995P   2228
6.82999069,-7.114738055,3.5,6.719929733,-7.156901514,3.5,            995P   2229
6.662854076,-7.274474447,3.5,6.486525481,-7.341159473,3.5,           995P   2230
6.362053087,-7.422636116,3.5,6.166840931,-7.446616009,3.5,           995P   2231
6.100422064,-7.488352418,3.5,5.964499752,-7.505946521,3.5,           995P   2232
5.895685591,-7.549293047,3.5,5.687172417,-7.565664228,3.5,           995P   2233
5.545367716,-7.569952261,3.5,5.401662932,-5.5,3.5,8.245027184,       995P   2234
-5.674033386,3.5,8.220814442,-5.843877147,3.5,8.18437563,            995P   2235
-6.092163605,3.5,8.110876672,-6.173843112,3.5,8.083225169,           995P   2236
-6.334956006,3.5,8.02138315,-6.414384748,3.5,7.987179109,            995P   2237
-6.570931707,3.5,7.912044517,-6.648051907,3.5,7.87111974,            995P   2238
-6.799877086,3.5,7.782238872,-6.873572099,3.5,7.734863774,           995P   2239
-7.087371974,3.5,7.584539787,-7.220584981,3.5,7.473268021,           995P   2240
-7.405831915,3.5,7.289074226,-7.465140692,3.5,7.2247817,             995P   2241
-7.578841954,3.5,7.090364891,-7.632489952,3.5,7.021115137,           995P   2242
-7.783955017,3.5,6.807967074,-7.872533115,3.5,6.658527382,           995P   2243
-7.987144942,3.5,6.423559216,-8.02228028,3.5,6.343419632,            995P   2244
-8.086269913,3.5,6.179421576,-8.114784655,3.5,6.0964826,             995P   2245
-8.190443647,3.5,5.845140835,-8.227779712,3.5,5.674163369,           995P   2246
-8.252858858,3.5,5.5,-3.55618312575245E-17,0.00413914795204054,      995P   2247
0.,1.;                                                               995P   2248
126,1,1,1,0,1,0,0.,0.,1.,1.,1.,1.,0.,1.,0.,0.,0.,0.,0.,1.,0.,        997P   2249
0.,1.;                                                               997P   2250
124,-8.43780067136081E-18,0.137799742378546,-0.990460110756817,      999P   2251
3.56206886346827,1.,6.12323399573677E-17,0.,-0.999999999764551,      999P   2252
6.06481902160735E-17,-0.990460110756817,-0.137799742378546,          999P   2253
2.94319908638292;                                                    999P   2254
100,8.245027184,-5.5,-6.5,4.5,-6.5,4.406772187,-5.137698702;        1001P   2255
126,1,1,1,0,1,0,0.,0.,1.,1.,1.,1.,0.,0.,0.,0.004139148,0.,0.,       1003P   2256
0.,1.,0.,0.,1.;                                                     1003P   2257
126,21,3,1,0,1,0,0.,0.,0.,0.,0.000335310596420363,                  1005P   2258
0.000335310596420363,0.000335310596420363,0.000830104673299381,     1005P   2259
0.000830104673299381,0.000830104673299381,0.00101452886472699,      1005P   2260
0.00101452886472699,0.00101452886472699,0.00147464290606437,        1005P   2261
0.00147464290606437,0.00147464290606437,0.00166593828621941,        1005P   2262
0.00166593828621941,0.00166593828621941,0.00212445737762747,        1005P   2263
0.00212445737762747,0.00212445737762747,0.00262754070524917,        1005P   2264
0.00262754070524917,0.00262754070524917,0.00262754070524917,1.,     1005P   2265
1.,1.,1.,1.,1.,1.,1.,1.,1.,1.,1.,1.,1.,1.,1.,1.,1.,1.,1.,1.,1.,     1005P   2266
-5.312275232,3.406772187,6.89572209,-5.422909682,3.410956899,       1005P   2267
6.91105454,-5.535794171,3.414587969,6.915273625,-5.647217967,       1005P   2268
3.417661243,6.907035308,-5.810075788,3.422153164,6.894994124,       1005P   2269
-5.973600365,3.425485729,6.854452423,-6.122162764,3.427537164,      1005P   2270
6.786534513,-6.178323396,3.428312662,6.760859694,-6.232888391,      1005P   2271
3.428932636,6.731352357,-6.285102405,3.429402683,6.698378275,       1005P   2272
-6.413701543,3.430560374,6.617165626,-6.530040321,3.430788516,      1005P   2273
6.512122358,-6.623036969,3.430027591,6.391766148,-6.662210738,      1005P   2274
3.42970706,6.341067476,-6.697839158,3.429223656,6.28743716,         1005P   2275
-6.729513208,3.428580029,6.231747102,-6.804555716,3.427055143,      1005P   2276
6.099805605,-6.858328195,3.424574099,5.953287341,-6.885570433,      1005P   2277
3.420932323,5.803999499,-6.915484357,3.416933392,5.640070775,       1005P   2278
-6.916763354,3.411694244,5.469186284,-6.893516562,3.405244745,      1005P   2279
5.304257659,0.,0.00262754070524917,0.031204952,0.998391909,         1005P   2280
-0.047327013;                                                       1005P   2281
126,1,1,1,0,1,0,0.,0.,1.,1.,1.,1.,0.004139148,0.,0.,                1007P   2282
0.004139148,1.,0.,0.,1.,0.,0.,1.;                                   1007P   2283
124,0.135934229649513,-0.980412021329608,0.142527729379183,         1009P   2284
-14.2875934973216,0.990524474491003,0.137336322341621,0.,           1009P   2285
2.56734477892387,-0.0195742341846388,0.141177204243711,             1009P   2286
0.989790809392578,0.812258983944107;                                1009P   2287
100,5.5,-8.252858858,-6.5,1.747141142,-6.5,1.652385887,             1011P   2288
-5.126636777;                                                       1011P   2289
126,1,1,1,0,1,0,0.,0.,1.,1.,1.,1.,0.004139148,1.,0.,0.,1.,0.,       1013P   2290
0.,1.,0.,0.,1.;                                                     1013P   2291
126,5,3,1,0,1,0,0.,0.,0.,0.,0.5,0.5,1.,1.,1.,1.,1.,1.,1.,1.,1.,     1015P   2292
1.,-8.252858858,3.5,5.5,-8.15254043,3.5,6.196666248,                1015P   2293
-7.838074762,3.5,6.859288702,-6.850091112,3.5,7.841655613,          1015P   2294
-6.196152577,3.5,8.148173566,-5.5,3.5,8.245027184,0.,1.,0.,-1.,     1015P   2295
0.;                                                                 1015P   2296
102,4,997,1003,1007,1013;                                           1017P   2297
102,4,1001,1005,1011,1015;                                          1019P   2298
142,1,995,1017,1019,1;                                              1021P   2299
144,995,1,0,1021;                                                   1023P   2300
128,53,2,3,2,0,0,0,0,0,0.,0.,0.,0.,0.00034375000001918,             1025P   2301
0.00034375000001918,0.000429687500023975,0.000429687500023975,      1025P   2302
0.000451171875025174,0.000451171875025174,0.000453857421900324,     1025P   2303
0.000453857421900324,0.000456542968775474,0.000456542968775474,     1025P   2304
0.000461914062525774,0.000461914062525774,0.000472656250026373,     1025P   2305
0.000472656250026373,0.00051562500002877,0.00051562500002877,       1025P   2306
0.000687500000038361,0.000687500000038361,0.00137500000007672,      1025P   2307
0.00137500000007672,0.00275000000015344,0.00275000000015344,        1025P   2308
0.00412500000023016,0.00412500000023016,0.00550000000030688,        1025P   2309
0.00550000000030688,0.00687500000038361,0.00687500000038361,        1025P   2310
0.00825000000046033,0.00825000000046033,0.00962500000053705,        1025P   2311
0.00962500000053705,0.0103125000005754,0.0103125000005754,          1025P   2312
0.010484375000585,0.010484375000585,0.0105273437505874,             1025P   2313
0.0105273437505874,0.010538085938088,0.010538085938088,             1025P   2314
0.0105434570318383,0.0105434570318383,0.0105461425787134,           1025P   2315
0.0105461425787134,0.0105488281255886,0.0105488281255886,           1025P   2316
0.0105703125005898,0.0105703125005898,0.0106562500005946,           1025P   2317
0.0106562500005946,0.0110000000006138,0.0110000000006138,           1025P   2318
0.0110000000006138,0.0110000000006138,0.,0.,0.,1.,1.,1.,1.,1.,      1025P   2319
1.,1.,1.,1.,1.,1.,1.,1.,1.,1.,1.,1.,1.,1.,1.,1.,1.,1.,1.,1.,1.,     1025P   2320
1.,1.,1.,1.,1.,1.,1.,1.,1.,1.,1.,1.,1.,1.,1.,1.,1.,1.,1.,1.,1.,     1025P   2321
1.,1.,1.,1.,1.,1.,1.,1.,1.,1.,0.997636079740345,                    1025P   2322
0.997564921045656,0.997487061094866,0.997380208603221,              1025P   2323
0.99735836125387,0.997330436750366,0.997324821083387,               1025P   2324
0.997318468572156,0.997317476308024,0.997316675828894,              1025P   2325
0.997316851434891,0.997316514492049,0.997316289870183,              1025P   2326
0.997315616025304,0.997315166822967,0.997312920957217,              1025P   2327
0.997311124731193,0.997302146444349,0.997294972877806,              1025P   2328
0.997259184366347,0.997230798746702,0.997147892553697,              1025P   2329
0.997095665603852,0.997006824684753,0.996970441156414,              1025P   2330
0.996921316982952,0.996908755428234,0.996908755427521,              1025P   2331
0.996921316719843,0.996970443759021,0.997006827885121,              1025P   2332
0.997095663567602,0.997147889827943,0.997230798596884,              1025P   2333
0.99725918496505,0.997294973304945,0.997302146783334,               1025P   2334
0.997311124881231,0.997312921065531,0.997315166874045,              1025P   2335
0.99731561606468,0.997316289891624,0.997316514507447,               1025P   2336
0.997316851441128,0.997316675830623,0.997317476306459,              1025P   2337
0.997318468571997,0.99732482108323,0.99733043675021,                1025P   2338
0.997358361253715,0.997380208603074,0.997487061094711,              1025P   2339
0.997564921045536,0.997636079740221,1.,1.,1.,1.,1.,1.,1.,1.,1.,     1025P   2340
1.,1.,1.,1.,1.,1.,1.,1.,1.,1.,1.,1.,1.,1.,1.,1.,1.,1.,1.,1.,1.,     1025P   2341
1.,1.,1.,1.,1.,1.,1.,1.,1.,1.,1.,1.,1.,1.,1.,1.,1.,1.,1.,1.,1.,     1025P   2342
1.,1.,1.,6.893715341,3.405554952,-5.309406259,6.883436034,          1025P   2343
3.402715461,-5.235062973,6.868126085,3.399608595,-5.161333518,      1025P   2344
6.843035121,3.395345601,-5.070283265,6.837718946,3.394474005,       1025P   2345
-5.052128569,6.830705856,3.393360001,-5.029508869,6.829284843,      1025P   2346
3.393135974,-5.024988611,6.827665575,3.392882555,-5.01990752,       1025P   2347
6.827405064,3.392842967,-5.019501715,6.827216271,3.392811042,       1025P   2348
-5.018032519,6.827283488,3.392818043,-5.016978165,6.827242719,      1025P   2349
3.392804602,-5.014294747,6.827215541,3.392795641,-5.012505809,      1025P   2350
6.827134009,3.392768759,-5.007139021,6.827079658,3.392750839,       1025P   2351
-5.003561194,6.82680792,3.392661246,-4.985672224,6.826590589,       1025P   2352
3.39258959,-4.971361567,6.825504286,3.392231425,-4.899810918,       1025P   2353
6.824636369,3.391945258,-4.842578829,6.820306335,3.3905176,         1025P   2354
-4.556462847,6.81687181,3.389385304,-4.32771271,6.8068328,          1025P   2355
3.386078331,-3.641971736,6.800500244,3.383995288,-3.185496185,      1025P   2356
6.789715488,3.38045213,-2.273888961,6.785292325,3.379001199,        1025P   2357
-1.818742929,6.779317066,3.377042233,-0.909166307,6.777789949,      1025P   2358
3.376541333,-0.454654375,6.777789949,3.376541333,0.454654375,       1025P   2359
6.77931705,3.377042223,0.90916598,6.785292665,3.379001303,          1025P   2360
1.818741974,6.789715731,3.380452258,2.273889384,6.800499728,        1025P   2361
3.383995207,3.185497791,6.806832531,3.386078223,3.641971722,        1025P   2362
6.816872004,3.389385298,4.327711969,6.820306599,3.390517624,        1025P   2363
4.556462176,6.824636507,3.391945275,4.842578527,6.825504389,        1025P   2364
3.392231439,4.899810704,6.826590632,3.392589596,4.971361479,        1025P   2365
6.826807951,3.39266125,4.985672161,6.827079672,3.392750842,         1025P   2366
5.003561165,6.82713402,3.392768761,5.007138999,6.827215547,         1025P   2367
3.392795642,5.012505797,6.827242723,3.392804602,5.014294738,        1025P   2368
6.827283489,3.392818043,5.016978162,6.827216271,3.392811042,        1025P   2369
5.018032518,6.827405063,3.392842967,5.019501716,6.827665575,        1025P   2370
3.392882555,5.01990752,6.829284843,3.393135974,5.024988611,         1025P   2371
6.830705856,3.393360001,5.029508869,6.837718946,3.394474005,        1025P   2372
5.052128569,6.843035121,3.395345601,5.070283265,6.868126085,        1025P   2373
3.399608595,5.161333518,6.883436034,3.402715461,5.235062973,        1025P   2374
6.893715341,3.405554952,5.309406259,7.569400475,3.5,                1025P   2375
-5.404250979,7.572143321,3.5,-5.309863019,7.569582097,3.5,          1025P   2376
-5.215795602,7.560179798,3.5,-5.098792229,7.557988501,3.5,          1025P   2377
-5.075418492,7.554866477,3.5,-5.046239737,7.554222911,3.5,          1025P   2378
-5.040405782,7.553477431,3.5,-5.033844776,7.553353481,3.5,          1025P   2379
-5.033195573,7.553274148,3.5,-5.031566636,7.553316516,3.5,          1025P   2380
-5.030591444,7.553320567,3.5,-5.027906958,7.553323265,3.5,          1025P   2381
-5.026117304,7.553331354,3.5,-5.020748355,7.553336739,3.5,          1025P   2382
-5.017169073,7.553363625,3.5,-4.999272718,7.553385009,3.5,          1025P   2383
-4.984955915,7.5534913,3.5,-4.913372837,7.553574315,3.5,            1025P   2384
-4.856110926,7.553978964,3.5,-4.569817556,7.554269079,3.5,          1025P   2385
-4.340859768,7.555029597,3.5,-3.654223029,7.555389109,3.5,          1025P   2386
-3.196827667,7.555874543,3.5,-2.282703885,7.556003928,3.5,          1025P   2387
-1.825982391,7.556152031,3.5,-0.912881952,7.556176403,3.5,          1025P   2388
-0.456482428,7.556176403,3.5,0.456482428,7.556152048,3.5,           1025P   2389
0.912881787,7.556003941,3.5,1.82598191,7.555874384,3.5,             1025P   2390
2.282704099,7.555388861,3.5,3.196828476,7.555029681,3.5,            1025P   2391
3.654223021,7.554269287,3.5,4.340859395,7.553979143,3.5,            1025P   2392
4.569817219,7.553574394,3.5,4.856110774,7.553491355,3.5,            1025P   2393
4.913372729,7.553385032,3.5,4.98495587,7.553363641,3.5,             1025P   2394
4.999272686,7.553336747,3.5,5.017169058,7.55333136,3.5,             1025P   2395
5.020748344,7.553323268,3.5,5.026117298,7.553320569,3.5,            1025P   2396
5.027906953,7.553316517,3.5,5.030591442,7.553274148,3.5,            1025P   2397
5.031566635,7.553353481,3.5,5.033195573,7.553477431,3.5,            1025P   2398
5.033844776,7.554222911,3.5,5.040405782,7.554866477,3.5,            1025P   2399
5.046239737,7.557988501,3.5,5.075418492,7.560179798,3.5,            1025P   2400
5.098792229,7.569582097,3.5,5.215795602,7.572143321,3.5,            1025P   2401
5.309863019,7.569400475,3.5,5.404250979,8.251527964,3.5,-5.5,       1025P   2402
8.267611715,3.5,-5.385417418,8.278148379,3.5,-5.270833334,          1025P   2403
8.284908889,3.5,-5.127604167,8.285939659,3.5,-5.098958334,          1025P   2404
8.286832775,3.5,-5.063151042,8.286991628,3.5,-5.055989584,          1025P   2405
8.287148181,3.5,-5.047932943,8.287165207,3.5,-5.047037761,          1025P   2406
8.287198887,3.5,-5.045247396,8.287215619,3.5,-5.044352214,          1025P   2407
8.287265971,3.5,-5.041666667,8.287299535,3.5,-5.039876302,          1025P   2408
8.287400211,3.5,-5.034505209,8.287467309,3.5,-5.03092448,           1025P   2409
8.287802706,3.5,-5.013020834,8.288070717,3.5,-4.998697917,          1025P   2410
8.289409166,3.5,-4.927083334,8.290474791,3.5,-4.869791667,          1025P   2411
8.295772461,3.5,-4.583333334,8.299913851,3.5,-4.354166667,          1025P   2412
8.311846481,3.5,-3.666666667,8.319136749,3.5,-3.208333334,          1025P   2413
8.331302619,3.5,-2.291666667,8.336154951,3.5,-1.833333334,          1025P   2414
8.342657375,3.5,-0.916666667,8.344292837,3.5,-0.458333333,          1025P   2415
8.344292837,3.5,0.458333333,8.342657426,3.5,0.916666667,            1025P   2416
8.336154624,3.5,1.833333333,8.331302043,3.5,2.291666667,            1025P   2417
8.31913678,3.5,3.208333333,8.31184693,3.5,3.666666667,              1025P   2418
8.299914072,3.5,4.354166667,8.295772553,3.5,4.583333333,            1025P   2419
8.290474808,3.5,4.869791667,8.289409173,3.5,4.927083334,            1025P   2420
8.288070718,3.5,4.998697917,8.287802707,3.5,5.013020834,            1025P   2421
8.287467309,3.5,5.030924479,8.287400211,3.5,5.034505209,            1025P   2422
8.287299535,3.5,5.039876302,8.287265971,3.5,5.041666667,            1025P   2423
8.287215619,3.5,5.044352214,8.287198887,3.5,5.045247396,            1025P   2424
8.287165207,3.5,5.047037761,8.287148181,3.5,5.047932943,            1025P   2425
8.286991628,3.5,5.055989584,8.286832775,3.5,5.063151042,            1025P   2426
8.285939659,3.5,5.098958334,8.284908889,3.5,5.127604167,            1025P   2427
8.278148379,3.5,5.270833334,8.267611715,3.5,5.385417418,            1025P   2428
8.251527964,3.5,5.5,0.,0.0110000000006138,0.,1.;                    1025P   2429
126,1,1,1,0,1,0,0.,0.,1.,1.,1.,1.,0.011,0.,0.,0.011,1.,0.,0.,       1027P   2430
1.,0.,0.,1.;                                                        1027P   2431
124,-0.135781262295179,0.980938799235716,0.139005470984132,         1029P   2432
14.9835029517926,0.990555495198878,0.137112402543698,               1029P   2433
-6.8690778107208E-14,-13.7823657523297,-0.0190593740934201,         1029P   2434
0.137692633146031,-0.990291613130435,11.9988749463933;              1029P   2435
100,5.5,8.251527964,-6.5,18.251527964,-6.5,18.157082916,            1031P   2436
-5.128875975;                                                       1031P   2437
126,1,1,1,0,1,0,0.,0.,1.,1.,1.,1.,0.011,1.,0.,0.,1.,0.,0.,1.,       1033P   2438
0.,0.,1.;                                                           1033P   2439
126,13,3,1,0,1,0,0.,0.,0.,0.,0.125,0.125,0.25,0.25,0.5,0.5,         1035P   2440
0.75,0.75,0.875,0.875,1.,1.,1.,1.,1.,1.,1.,1.,1.,1.,1.,1.,1.,       1035P   2441
1.,1.,1.,1.,1.,8.251527964,3.5,5.5,8.315863398,3.5,5.041666667,     1035P   2442
8.295936453,3.5,4.583333333,8.31184693,3.5,3.666666667,             1035P   2443
8.31913678,3.5,3.208333333,8.337384674,3.5,1.833333333,             1035P   2444
8.344292837,3.5,0.916666667,8.344292837,3.5,-0.916666667,           1035P   2445
8.337385554,3.5,-1.833333334,8.319136749,3.5,-3.208333334,          1035P   2446
8.311846481,3.5,-3.666666667,8.295936307,3.5,-4.583333334,          1035P   2447
8.315863398,3.5,-5.041666667,8.251527964,3.5,-5.5,0.,1.,0.,-1.,     1035P   2448
0.;                                                                 1035P   2449
126,1,1,1,0,1,0,0.,0.,1.,1.,1.,1.,0.,1.,0.,0.,0.,0.,0.,1.,0.,       1037P   2450
0.,1.;                                                              1037P   2451
124,6.06378727116726E-17,-0.99029161312292,0.139005471037674,       1039P   2452
2.57916256977875,1.,6.12323399573677E-17,0.,-14.7515279643138,      1039P   2453
-8.5116302585129E-18,0.139005471037674,0.99029161312292,            1039P   2454
0.850139433916983;                                                  1039P   2455
100,-5.5,8.251527964,-6.5,18.251527964,-6.5,18.157082916,           1041P   2456
-5.128875975;                                                       1041P   2457
126,1,1,1,0,1,0,0.,0.,1.,1.,1.,1.,0.,0.,0.,0.000453819,0.,0.,       1043P   2458
0.,1.,0.,0.,1.;                                                     1043P   2459
126,6,3,1,0,1,0,0.,0.,0.,0.,0.000298310108646432,                   1045P   2460
0.000298310108646432,0.000298310108646432,0.000298370108646537,     1045P   2461
0.000298370108646537,0.000298370108646537,0.000298370108646537,     1045P   2462
1.,1.,1.,1.,1.,1.,1.,6.893715341,3.405554952,-5.309406259,          1045P   2463
6.880105724,3.401795516,-5.210977083,6.857576771,3.397555627,       1045P   2464
-5.113461899,6.827329391,3.392830011,-5.018855227,6.827323307,      1045P   2465
3.392829061,-5.018836199,6.827317223,3.39282811,-5.01881717,        1045P   2466
6.827311139,3.39282716,-5.018798142,0.,0.000298370108646537,0.,     1045P   2467
0.,0.;                                                              1045P   2468
126,1,1,1,0,1,0,0.,0.,1.,1.,1.,1.,0.000453819,0.,0.,0.0055,0.,      1047P   2469
0.,0.,1.,0.,0.,1.;                                                  1047P   2470
126,9,3,1,0,1,0,0.,0.,0.,0.,0.125,0.125,0.25,0.25,0.5,0.5,1.,       1049P   2471
1.,1.,1.,1.,1.,1.,1.,1.,1.,1.,1.,1.,1.,6.827311139,3.39282716,      1049P   2472
-5.018798142,6.822530508,3.376107098,-4.809811182,6.820965835,      1049P   2473
3.390734947,-4.60056497,6.814728686,3.388679188,-4.182331791,       1049P   2474
6.811659716,3.38766814,-3.973215201,6.802752618,3.384736967,        1049P   2475
-3.345865433,6.7972363,3.382921986,-2.927632254,6.783256248,        1049P   2476
3.378333047,-1.672932716,6.777789949,3.376541333,-0.836466358,      1049P   2477
6.777789949,3.376541333,0.,0.,1.,0.994493398,-0.103798979,          1049P   2478
0.014444826;                                                        1049P   2479
126,1,1,1,0,1,0,0.,0.,1.,1.,1.,1.,0.0055,0.,0.,0.010546181,0.,      1051P   2480
0.,0.,1.,0.,0.,1.;                                                  1051P   2481
126,3,3,1,0,1,0,0.,0.,0.,0.,1.,1.,1.,1.,1.,1.,1.,1.,                1053P   2482
6.777789949,3.376541333,0.,6.777789949,3.376541333,1.672932716,     1053P   2483
6.801899327,3.384448329,3.346079424,6.827311139,3.39282716,         1053P   2484
5.018798142,0.,1.,0.311631877,-0.950202912,0.;                      1053P   2485
126,1,1,1,0,1,0,0.,0.,1.,1.,1.,1.,0.010546181,0.,0.,0.011,0.,       1055P   2486
0.,0.,1.,0.,0.,1.;                                                  1055P   2487
126,6,3,1,0,1,0,-5.73697587843364E-08,-5.73697587843364E-08,        1057P   2488
-5.73697587843364E-08,-5.73697587843364E-08,0.,0.,0.,               1057P   2489
0.00029831272928877,0.00029831272928877,0.00029831272928877,        1057P   2490
0.00029831272928877,1.,1.,1.,1.,1.,1.,1.,6.827311139,               1057P   2491
3.39282716,5.018798142,6.827316913,3.392826987,5.018816372,         1057P   2492
6.827322774,3.392828977,5.01883453,6.827328591,3.392829886,         1057P   2493
5.018852725,6.857576374,3.397555553,5.113460184,6.880105605,        1057P   2494
3.401795483,5.210976218,6.893715341,3.405554952,5.309406259,        1057P   2495
-5.73697587843364E-08,0.00029831272928877,0.,0.,0.;                 1057P   2496
102,7,1027,1033,1037,1043,1047,1051,1055;                           1059P   2497
102,7,1031,1035,1041,1045,1049,1053,1057;                           1061P   2498
142,1,1025,1059,1061,1;                                             1063P   2499
144,1025,1,0,1063;                                                  1065P   2500
128,45,2,3,2,0,0,0,0,0,0.,0.,0.,0.,0.000343750000016954,            1067P   2501
0.000343750000016954,0.000429687500021192,0.000429687500021192,     1067P   2502
0.000472656250023312,0.000472656250023312,0.000483398437523841,     1067P   2503
0.000483398437523841,0.000488769531274106,0.000488769531274106,     1067P   2504
0.000494140625024371,0.000494140625024371,0.000515625000025431,     1067P   2505
0.000515625000025431,0.000687500000033908,0.000687500000033908,     1067P   2506
0.00137500000006782,0.00137500000006782,0.00275000000013563,        1067P   2507
0.00275000000013563,0.00550000000027126,0.00550000000027126,        1067P   2508
0.00825000000040689,0.00825000000040689,0.00962500000047471,        1067P   2509
0.00962500000047471,0.0103125000005086,0.0103125000005086,          1067P   2510
0.0104843750005171,0.0104843750005171,0.0105058593755182,           1067P   2511
0.0105058593755182,0.0105112304692684,0.0105112304692684,           1067P   2512
0.0105166015630187,0.0105166015630187,0.0105273437505192,           1067P   2513
0.0105273437505192,0.0105703125005213,0.0105703125005213,           1067P   2514
0.0106562500005256,0.0106562500005256,0.0110000000005425,           1067P   2515
0.0110000000005425,0.0110000000005425,0.0110000000005425,0.,0.,     1067P   2516
0.,1.,1.,1.,1.,1.,1.,1.,1.,1.,1.,1.,1.,1.,1.,1.,1.,1.,1.,1.,1.,     1067P   2517
1.,1.,1.,1.,1.,1.,1.,1.,1.,1.,1.,1.,1.,1.,1.,1.,1.,1.,1.,1.,1.,     1067P   2518
1.,1.,1.,1.,1.,1.,1.,1.,0.997628306156909,0.997555107115749,        1067P   2519
0.997475164073385,0.997365558673906,0.997343153249196,              1067P   2520
0.997308793590478,0.997297215114879,0.997282582826074,              1067P   2521
0.997279648408941,0.997275234794169,0.997273164320692,              1067P   2522
0.997272354242709,0.997272395325246,0.997271485719255,              1067P   2523
0.997270758643365,0.997264220509872,0.997258448287374,              1067P   2524
0.997229804440829,0.997207582349554,0.99714381986101,               1067P   2525
0.997105172832894,0.99700815427386,0.996970265385403,               1067P   2526
0.996970265385403,0.997008154273829,0.997105172832863,              1067P   2527
0.997143819860994,0.9972075823495,0.997229804440797,                1067P   2528
0.997258448287326,0.997264220509827,0.99727075864332,               1067P   2529
0.997271485719209,0.997272395325201,0.997272354242951,              1067P   2530
0.99727316432036,0.997275234793804,0.997279648408577,               1067P   2531
0.997282582825711,0.997297215114519,0.99730879359012,               1067P   2532
0.997343153248848,0.997365558673562,0.997475164073065,              1067P   2533
0.997555107115449,0.997628306156626,1.,1.,1.,1.,1.,1.,1.,1.,1.,     1067P   2534
1.,1.,1.,1.,1.,1.,1.,1.,1.,1.,1.,1.,1.,1.,1.,1.,1.,1.,1.,1.,1.,     1067P   2535
1.,1.,1.,1.,1.,1.,1.,1.,1.,1.,1.,1.,1.,1.,1.,1.,-6.893516562,       1067P   2536
3.405244745,5.304257659,-6.882988467,3.402323872,5.229564168,       1067P   2537
-6.86745062,3.399133905,5.155473886,-6.842085116,3.394761143,       1067P   2538
5.063975836,-6.836714551,3.393867296,5.045731736,-6.828217772,      1067P   2539
3.392496593,5.018454484,-6.825312022,3.392034703,5.009376876,       1067P   2540
-6.821588512,3.391451,4.998048915,-6.820839244,3.391333942,         1067P   2541
4.995784275,-6.819708503,3.391157879,4.992388754,-6.819165826,      1067P   2542
3.391075285,4.991559832,-6.818997229,3.391042972,4.988212259,       1067P   2543
-6.819035783,3.39104461,4.986312273,-6.81892146,3.391008325,        1067P   2544
4.977377874,-6.818830081,3.390979321,4.970230427,-6.818008397,      1067P   2545
3.39071851,4.905904052,-6.817283182,3.390488253,4.848729665,        1067P   2546
-6.813685322,3.389345647,4.562881333,-6.810897015,3.388459237,      1067P   2547
4.334278367,-6.802899958,3.385915914,3.648713592,-6.79805726,       1067P   2548
3.384374493,3.191999952,-6.785884272,3.38050511,1.822872483,        1067P   2549
-6.781129671,3.378994201,0.911332433,-6.781129671,3.378994201,      1067P   2550
-0.911332433,-6.785884272,3.38050511,-1.822872483,-6.79805726,      1067P   2551
3.384374493,-3.191999951,-6.802899958,3.385915914,-3.648713592,     1067P   2552
-6.810897015,3.388459237,-4.334278367,-6.813685322,3.389345647,     1067P   2553
-4.562881333,-6.817283182,3.390488253,-4.848729665,                 1067P   2554
-6.818008397,3.39071851,-4.905904052,-6.818830081,3.390979321,      1067P   2555
-4.970230427,-6.81892146,3.391008325,-4.977377874,-6.819035783,     1067P   2556
3.39104461,-4.986312272,-6.818997229,3.391042972,-4.988212259,      1067P   2557
-6.819165826,3.391075285,-4.991559831,-6.819708503,3.391157879,     1067P   2558
-4.992388753,-6.820839244,3.391333942,-4.995784275,                 1067P   2559
-6.821588512,3.391451,-4.998048915,-6.825312022,3.392034703,        1067P   2560
-5.009376876,-6.828217772,3.392496593,-5.018454484,                 1067P   2561
-6.836714551,3.393867296,-5.045731736,-6.842085116,3.394761143,     1067P   2562
-5.063975836,-6.86745062,3.399133905,-5.155473886,-6.882988467,     1067P   2563
3.402323872,-5.229564168,-6.893516562,3.405244745,-5.304257658,     1067P   2564
-7.569952261,3.5,5.401662932,-7.572773987,3.5,5.307098385,          1067P   2565
-7.570315099,3.5,5.212849339,-7.561069452,3.5,5.095620968,          1067P   2566
-7.558910905,3.5,5.072202276,-7.555215679,3.5,5.037120415,          1067P   2567
-7.55390767,3.5,5.025433945,-7.552178002,3.5,5.010835794,           1067P   2568
-7.551827331,3.5,5.007916628,-7.551294237,3.5,5.003538626,          1067P   2569
-7.551031582,3.5,5.002231571,-7.550971454,3.5,4.998768041,          1067P   2570
-7.551003797,3.5,4.996922567,-7.551009485,3.5,4.987979479,          1067P   2571
-7.551014015,3.5,4.980825049,-7.551054604,3.5,4.916435178,          1067P   2572
-7.551089391,3.5,4.859202356,-7.551256917,3.5,4.57304517,           1067P   2573
-7.551370331,3.5,4.344161856,-7.551652986,3.5,3.657619065,          1067P   2574
-7.551763591,3.5,3.200104257,-7.551936564,3.5,1.828011875,          1067P   2575
-7.551888695,3.5,0.913983315,-7.551888695,3.5,-0.913983315,         1067P   2576
-7.551936564,3.5,-1.828011875,-7.551763591,3.5,-3.200104257,        1067P   2577
-7.551652986,3.5,-3.657619065,-7.551370331,3.5,-4.344161856,        1067P   2578
-7.551256917,3.5,-4.573045169,-7.551089391,3.5,-4.859202355,        1067P   2579
-7.551054604,3.5,-4.916435178,-7.551014015,3.5,-4.980825049,        1067P   2580
-7.551009485,3.5,-4.987979479,-7.551003797,3.5,-4.996922566,        1067P   2581
-7.550971454,3.5,-4.998768041,-7.551031582,3.5,-5.002231571,        1067P   2582
-7.551294237,3.5,-5.003538626,-7.551827331,3.5,-5.007916628,        1067P   2583
-7.552178002,3.5,-5.010835794,-7.55390767,3.5,-5.025433945,         1067P   2584
-7.555215679,3.5,-5.037120415,-7.558910905,3.5,-5.072202276,        1067P   2585
-7.561069452,3.5,-5.095620968,-7.570315099,3.5,-5.212849339,        1067P   2586
-7.572773987,3.5,-5.307098384,-7.569952261,3.5,-5.401662932,        1067P   2587
-8.252858858,3.5,5.5,-8.269358492,3.5,5.385417464,-8.280337947,     1067P   2588
3.5,5.270833334,-8.287700561,3.5,5.127604167,-8.288854155,3.5,      1067P   2589
5.098958334,-8.290113945,3.5,5.055989584,-8.290455433,3.5,          1067P   2590
5.041666667,-8.290784993,3.5,5.023763021,-8.29084604,3.5,           1067P   2591
5.020182292,-8.290930327,3.5,5.014811198,-8.290956955,3.5,          1067P   2592
5.013020834,-8.291008907,3.5,5.009440105,-8.291034848,3.5,          1067P   2593
5.00764974,-8.291164584,3.5,4.998697917,-8.291268251,3.5,           1067P   2594
4.991536459,-8.292200141,3.5,4.927083334,-8.293020599,3.5,          1067P   2595
4.869791667,-8.29708109,3.5,4.583333334,-8.300195859,3.5,           1067P   2596
4.354166667,-8.309045674,3.5,3.666666667,-8.314286073,3.5,          1067P   2597
3.208333334,-8.327251256,3.5,1.833333334,-8.332088591,3.5,          1067P   2598
0.916666667,-8.332088591,3.5,-0.916666666,-8.327251256,3.5,         1067P   2599
-1.833333333,-8.314286073,3.5,-3.208333333,-8.309045674,3.5,        1067P   2600
-3.666666667,-8.300195859,3.5,-4.354166667,-8.29708109,3.5,         1067P   2601
-4.583333333,-8.293020599,3.5,-4.869791667,-8.292200141,3.5,        1067P   2602
-4.927083333,-8.291268251,3.5,-4.991536458,-8.291164584,3.5,        1067P   2603
-4.998697917,-8.291034848,3.5,-5.00764974,-8.291008907,3.5,         1067P   2604
-5.009440104,-8.290956955,3.5,-5.013020833,-8.290930327,3.5,        1067P   2605
-5.014811198,-8.29084604,3.5,-5.020182292,-8.290784993,3.5,         1067P   2606
-5.023763021,-8.290455433,3.5,-5.041666667,-8.290113945,3.5,        1067P   2607
-5.055989583,-8.288854155,3.5,-5.098958333,-8.287700561,3.5,        1067P   2608
-5.127604167,-8.280337947,3.5,-5.270833333,-8.269358492,3.5,        1067P   2609
-5.385417464,-8.252858858,3.5,-5.5,0.,0.0110000000005425,0.,1.;     1067P   2610
126,1,1,1,0,1,0,0.,0.,1.,1.,1.,1.,0.0055,0.,0.,0.01051198,0.,       1069P   2611
0.,0.,1.,0.,0.,1.;                                                  1069P   2612
126,3,3,1,0,1,0,0.,0.,0.,0.,1.,1.,1.,1.,1.,1.,1.,1.,                1071P   2613
-6.781129671,3.378994201,0.,-6.781129671,3.378994201,               1071P   2614
-1.6635132,-6.797795746,3.38430327,-3.327176421,-6.819089894,       1071P   2615
3.391061784,-4.990539594,0.,1.,-0.303526921,-0.952822863,0.;        1071P   2616
126,1,1,1,0,1,0,0.,0.,1.,1.,1.,1.,0.01051198,0.,0.,0.011,0.,0.,     1073P   2617
0.,1.,0.,0.,1.;                                                     1073P   2618
126,6,3,1,0,1,0,-5.70761993599782E-08,-5.70761993599782E-08,        1075P   2619
-5.70761993599782E-08,-5.70761993599782E-08,0.,0.,0.,               1075P   2620
0.000322680679433759,0.000322680679433759,0.000322680679433759,     1075P   2621
0.000322680679433759,1.,1.,1.,1.,1.,1.,1.,-6.819089894,             1075P   2622
3.391061784,-4.990539594,-6.819095887,3.391061592,-4.99055765,      1075P   2623
-6.819101963,3.391063657,-4.990575632,-6.819107997,3.391064594,     1075P   2624
-4.990593651,-6.853220935,3.396361021,-5.092463458,                 1075P   2625
-6.878515515,3.401082913,-5.197829983,-6.893516562,3.405244745,     1075P   2626
-5.304257658,-5.70761993599782E-08,0.000322680679433759,0.,0.,      1075P   2627
0.;                                                                 1075P   2628
126,1,1,1,0,1,0,0.,0.,1.,1.,1.,1.,0.011,0.,0.,0.011,1.,0.,0.,       1077P   2629
1.,0.,0.,1.;                                                        1077P   2630
124,0.135934229659977,-0.980412021345758,-0.142527729258111,        1079P   2631
-14.2875934966663,0.990524474489873,0.137336322349774,0.,           1079P   2632
2.56734477903083,0.0195742341691733,-0.141177204123626,             1079P   2633
0.989790809410012,-0.812258983189518;                               1079P   2634
100,-5.5,-8.252858858,-6.5,1.747141142,-6.5,1.652385886,            1081P   2635
-5.126636777;                                                       1081P   2636
126,1,1,1,0,1,0,0.,0.,1.,1.,1.,1.,0.011,1.,0.,0.,1.,0.,0.,1.,       1083P   2637
0.,0.,1.;                                                           1083P   2638
126,12,3,1,0,1,0,0.,0.,0.,0.,0.125,0.125,0.25,0.25,0.5,0.75,        1085P   2639
0.75,0.875,0.875,1.,1.,1.,1.,1.,1.,1.,1.,1.,1.,1.,1.,1.,1.,1.,      1085P   2640
1.,1.,-8.252858858,3.5,-5.5,-8.318857864,3.5,-5.041666667,          1085P   2641
-8.29724592,3.5,-4.583333333,-8.309045674,3.5,-3.666666667,         1085P   2642
-8.314286073,3.5,-3.208333333,-8.327251256,3.5,-1.833333333,        1085P   2643
-8.336925926,3.5,0.,-8.327251256,3.5,1.833333334,-8.314286073,      1085P   2644
3.5,3.208333334,-8.309045674,3.5,3.666666667,-8.29724592,3.5,       1085P   2645
4.583333334,-8.318857864,3.5,5.041666667,-8.252858858,3.5,5.5,      1085P   2646
0.,1.,0.,-1.,0.;                                                    1085P   2647
126,1,1,1,0,1,0,0.,0.,1.,1.,1.,1.,0.,1.,0.,0.,0.,0.,0.,1.,0.,       1087P   2648
0.,1.;                                                              1087P   2649
124,-6.06072073274045E-17,0.989790809392579,-0.142527729379176,     1089P   2650
-1.03531608563016,1.,6.12323399573677E-17,0.,1.75285885833766,      1089P   2651
8.72730637869741E-18,-0.142527729379176,-0.989790809392579,         1089P   2652
10.0174192116757;                                                   1089P   2653
100,5.5,-8.252858858,-6.5,1.747141142,-6.5,1.652385887,             1091P   2654
-5.126636777;                                                       1091P   2655
126,1,1,1,0,1,0,0.,0.,1.,1.,1.,1.,0.,0.,0.,0.00048802,0.,0.,0.,     1093P   2656
1.,0.,0.,1.;                                                        1093P   2657
126,6,3,1,0,1,0,0.,0.,0.,0.,0.000322677767828663,                   1095P   2658
0.000322677767828663,0.000322677767828663,0.000322737767828637,     1095P   2659
0.000322737767828637,0.000322737767828637,0.000322737767828637,     1095P   2660
1.,1.,1.,1.,1.,1.,1.,-6.893516562,3.405244745,5.304257659,          1095P   2661
-6.87851565,3.401082951,5.197830944,-6.853221394,3.396361107,       1095P   2662
5.092465362,-6.819108924,3.391064738,4.99059642,-6.819102581,       1095P   2663
3.391063753,4.990577478,-6.819096238,3.391062768,4.990558536,       1095P   2664
-6.819089894,3.391061784,4.990539594,0.,0.000322737767828637,       1095P   2665
0.,0.,0.;                                                           1095P   2666
126,1,1,1,0,1,0,0.,0.,1.,1.,1.,1.,0.00048802,0.,0.,0.0055,0.,       1097P   2667
0.,0.,1.,0.,0.,1.;                                                  1097P   2668
126,8,3,1,0,1,0,0.,0.,0.,0.,0.125,0.125,0.25,0.5,0.5,1.,1.,1.,      1099P   2669
1.,1.,1.,1.,1.,1.,1.,1.,1.,1.,-6.819089894,3.391061784,             1099P   2670
4.990539594,-6.814610993,3.373318954,4.782711119,-6.81383219,       1099P   2671
3.3893922,4.5746613,-6.808821015,3.387799139,4.158783,              1099P   2672
-6.801574921,3.385494145,3.53496555,-6.795374768,3.383521352,       1099P   2673
2.9111481,-6.785060787,3.380244837,1.6635132,-6.781129671,          1099P   2674
3.378994201,0.8317566,-6.781129671,3.378994201,0.,0.,1.,            1099P   2675
-0.993605007,-0.112290788,-0.011826591;                             1099P   2676
102,7,1069,1073,1077,1083,1087,1093,1097;                           1101P   2677
102,7,1071,1075,1081,1085,1091,1095,1099;                           1103P   2678
142,1,1067,1101,1103,1;                                             1105P   2679
144,1067,1,0,1105;                                                  1107P   2680
128,27,2,3,2,0,0,0,0,0,0.,0.,0.,0.,0.000521641078485254,            1109P   2681
0.000521641078485254,0.00078246161772788,0.00078246161772788,       1109P   2682
0.00104328215697051,0.00104328215697051,0.00117369242659182,        1109P   2683
0.00117369242659182,0.00130410269621313,0.00130410269621313,        1109P   2684
0.00156492323545576,0.00156492323545576,0.00208656431394101,        1109P   2685
0.00208656431394101,0.00234738485318364,0.00234738485318364,        1109P   2686
0.00260820539242627,0.00260820539242627,0.00312984647091152,        1109P   2687
0.00312984647091152,0.00339066701015415,0.00339066701015415,        1109P   2688
0.00365148754939677,0.00365148754939677,0.00417312862788203,        1109P   2689
0.00417312862788203,0.00417312862788203,0.00417312862788203,0.,     1109P   2690
0.,0.,1.,1.,1.,1.,1.,1.,1.,1.,1.,1.,1.,1.,1.,1.,1.,1.,1.,1.,1.,     1109P   2691
1.,1.,1.,1.,1.,1.,1.,1.,1.,1.,1.,1.,0.997592580354578,              1109P   2692
0.997705266301031,0.997800063356565,0.99792069971432,               1109P   2693
0.997957300447456,0.998023765532376,0.998053506066962,              1109P   2694
0.998092642947866,0.998104817510555,0.998127323494918,              1109P   2695
0.998137686978688,0.998166298993999,0.998182084864719,              1109P   2696
0.998220498911002,0.998234429875517,0.998237018357376,              1109P   2697
0.998234684713285,0.998224040936499,0.998215750355853,              1109P   2698
0.998182050368462,0.998148070712825,0.99807569149416,               1109P   2699
0.998047694318271,0.99798488094888,0.997950122277405,               1109P   2700
0.99783515557624,0.997744331333147,0.997636079740343,1.,1.,1.,      1109P   2701
1.,1.,1.,1.,1.,1.,1.,1.,1.,1.,1.,1.,1.,1.,1.,1.,1.,1.,1.,1.,1.,     1109P   2702
1.,1.,1.,1.,5.300002485,3.403819128,-6.89154588,5.413517917,        1109P   2703
3.408318269,-6.907509852,5.525979662,3.4120992,-6.911617527,        1109P   2704
5.690929568,3.416914426,-6.900247831,5.74528811,3.418375448,        1109P   2705
-6.893529303,5.852363386,3.421028709,-6.874162362,5.905149439,      1109P   2706
3.422216006,-6.861446706,5.983666361,3.423778475,-6.837208511,      1109P   2707
6.009696554,3.424264532,-6.828290894,6.06090913,3.425163076,        1109P   2708
-6.808999582,6.086153119,3.425576842,-6.798608456,6.16071538,       1109P   2709
3.426719202,-6.765295847,6.208865804,3.427349488,-6.74023858,       1109P   2710
6.347918743,3.428883276,-6.657171156,6.433467897,3.42943954,        1109P   2711
-6.59131914,6.547510235,3.429542896,-6.478453897,6.583562291,       1109P   2712
3.429449715,-6.437953886,6.650193571,3.429024718,-6.353170966,      1109P   2713
6.680932263,3.428693683,-6.308751646,6.765078724,3.427348104,       1109P   2714
-6.170298715,6.810474912,3.425991375,-6.071090581,6.860110733,      1109P   2715
3.423101707,-5.91495944,6.873443798,3.421983983,-5.861735476,       1109P   2716
6.893688784,3.419476432,-5.75438399,6.900770193,3.418088902,        1109P   2717
-5.699943378,6.913065851,3.413499837,-5.534900445,6.909363405,      1109P   2718
3.409877475,-5.422578151,6.893715341,3.405554952,-5.309406259,      1109P   2719
5.39951802,3.5,-7.572775742,5.543232845,3.5,-7.568290957,           1109P   2720
5.684581401,3.5,-7.551781641,5.891786077,3.5,-7.50870966,           1109P   2721
5.960047172,3.5,-7.491292812,6.094712005,3.5,-7.45015046,           1109P   2722
6.161149132,3.5,-7.426383322,6.259662728,3.5,-7.385530635,          1109P   2723
6.29229935,3.5,-7.371052022,6.356511745,3.5,-7.340677706,           1109P   2724
6.388164984,3.5,-7.324751609,6.481731904,3.5,-7.274818564,          1109P   2725
6.542257881,3.5,-7.238659711,6.717920355,3.5,-7.121922485,          1109P   2726
6.827203008,3.5,-7.033145064,6.977133791,3.5,-6.883770516,          1109P   2727
7.024996677,3.5,-6.830942604,7.11454083,3.5,-6.72163542,            1109P   2728
7.156463791,3.5,-6.664936927,7.273675383,3.5,-6.489261576,          1109P   2729
7.340471629,3.5,-6.364737785,7.422380559,3.5,-6.168358744,          1109P   2730
7.446569296,3.5,-6.101232317,7.488115398,3.5,-5.965876093,          1109P   2731
7.505649526,3.5,-5.897332979,7.548874985,3.5,-5.689465648,          1109P   2732
7.565225613,3.5,-5.547917912,7.569400475,3.5,-5.404250979,5.5,      1109P   2733
3.5,-8.260621364,5.674194548,3.5,-8.235174647,5.844621171,3.5,      1109P   2734
-8.197611132,6.094333279,3.5,-8.122266382,6.17657998,3.5,           1109P   2735
-8.093972839,6.338996073,3.5,-8.030720562,6.419160557,3.5,          1109P   2736
-7.995746082,6.537780153,3.5,-7.938063602,6.577059807,3.5,          1109P   2737
-7.91795455,6.654344263,3.5,-7.876364148,6.692442213,3.5,           1109P   2738
-7.854839313,6.805121599,3.5,-7.78810053,6.878091933,3.5,           1109P   2739
-7.740726812,7.090580703,3.5,-7.589996306,7.223736589,3.5,          1109P   2740
-7.478110171,7.409805958,3.5,-7.291963013,7.469566796,3.5,          1109P   2741
-7.226724416,7.582206638,3.5,-7.092734604,7.635409126,3.5,          1109P   2742
-7.023682162,7.785988595,3.5,-6.810566269,7.874410497,3.5,          1109P   2743
-6.660592379,7.989005268,3.5,-6.423726233,8.024198571,3.5,          1109P   2744
-6.342618365,8.087364724,3.5,-6.179091087,8.115521682,3.5,          1109P   2745
-6.096360331,8.190220945,3.5,-5.845409754,8.227041848,3.5,          1109P   2746
-5.674442028,8.251527964,3.5,-5.5,0.,0.00417312862788203,0.,1.;     1109P   2747
126,1,1,1,0,1,0,0.,0.,1.,1.,1.,1.,0.004173129,0.,0.,                1111P   2748
0.004173129,1.,0.,0.,1.,0.,0.,1.;                                   1111P   2749
124,-0.1357812622908,0.980938799228736,-0.139005471037667,          1113P   2750
14.9835029513596,0.990555495199348,0.137112402540307,0.,            1113P   2751
-13.7823657523302,0.0190593741002217,-0.137692633199135,            1113P   2752
-0.990291613122921,-11.9988749471468;                               1113P   2753
100,-5.5,8.251527964,-6.5,18.251527964,-6.5,18.157082916,           1115P   2754
-5.128875975;                                                       1115P   2755
126,1,1,1,0,1,0,0.,0.,1.,1.,1.,1.,0.004173129,1.,0.,0.,1.,0.,       1117P   2756
0.,1.,0.,0.,1.;                                                     1117P   2757
126,5,3,1,0,1,0,0.,0.,0.,0.,0.5,0.5,1.,1.,1.,1.,1.,1.,1.,1.,1.,     1119P   2758
1.,8.251527964,3.5,-5.5,8.153581462,3.5,-6.197782606,               1119P   2759
7.843967823,3.5,-6.857619652,6.851597846,3.5,-7.850404479,          1119P   2760
6.196794379,3.5,-8.158832131,5.5,3.5,-8.260621364,0.,1.,0.,-1.,     1119P   2761
0.;                                                                 1119P   2762
126,1,1,1,0,1,0,0.,0.,1.,1.,1.,1.,0.,1.,0.,0.,0.,0.,0.,1.,0.,       1121P   2763
0.,1.;                                                              1121P   2764
124,8.85101122440298E-18,-0.144547982823544,0.989497792145917,      1123P   2765
12.7343047135273,1.,6.12323399573677E-17,0.,-12.0000000002481,      1123P   2766
-6.05892651957435E-17,0.989497792145917,0.144547982823544,          1123P   2767
-0.634829560189875;                                                 1123P   2768
100,-8.260621364,5.5,-6.5,15.5,-6.5,15.403819128,-5.116393593;      1125P   2769
126,1,1,1,0,1,0,0.,0.,1.,1.,1.,1.,0.,0.,0.,0.004173129,0.,0.,       1127P   2770
0.,1.,0.,0.,1.;                                                     1127P   2771
126,5,3,1,0,1,0,0.,0.,0.,0.,0.5,0.5,1.,1.,1.,1.,1.,1.,1.,1.,1.,     1129P   2772
1.,5.300002485,3.403819128,-6.89154588,5.736255485,3.421109854,     1129P   2773
-6.952897286,6.19825442,3.429238017,-6.824553329,6.82205355,        1129P   2774
3.42978004,-6.206294869,6.954083053,3.422230551,-5.746005185,       1129P   2775
6.893715341,3.405554952,-5.309406259,0.,1.,-0.032165486,            1129P   2776
0.998098807,0.05257521;                                             1129P   2777
102,4,1111,1117,1121,1127;                                          1131P   2778
102,4,1115,1119,1125,1129;                                          1133P   2779
142,1,1109,1131,1133,1;                                             1135P   2780
144,1109,1,0,1135;                                                  1137P   2781
128,25,2,3,2,0,0,0,0,0,0.,0.,0.,0.,0.000517437003237108,            1139P   2782
0.000517437003237108,0.000776155504855662,0.000776155504855662,     1139P   2783
0.00103487400647422,0.00103487400647422,0.00129359250809277,        1139P   2784
0.00129359250809277,0.00155231100971132,0.00155231100971132,        1139P   2785
0.00206974801294843,0.00206974801294843,0.00232846651456698,        1139P   2786
0.00232846651456698,0.00258718501618554,0.00258718501618554,        1139P   2787
0.00310462201942265,0.00310462201942265,0.0033633405210412,         1139P   2788
0.0033633405210412,0.00362205902265975,0.00362205902265975,         1139P   2789
0.00413949602589686,0.00413949602589686,0.00413949602589686,        1139P   2790
0.00413949602589686,0.,0.,0.,1.,1.,1.,1.,1.,1.,1.,1.,1.,1.,1.,      1139P   2791
1.,1.,1.,1.,1.,1.,1.,1.,1.,1.,1.,1.,1.,1.,1.,1.,1.,1.,              1139P   2792
0.997628306156626,0.997739301666684,0.997832388623476,              1139P   2793
0.997950675919068,0.997986526419965,0.998051571177877,              1139P   2794
0.998080619907136,0.998131474001644,0.998153484619847,              1139P   2795
0.998191398645206,0.998207054357008,0.998245035256864,              1139P   2796
0.998258727180687,0.998261308598929,0.998259057812654,              1139P   2797
0.998248468330963,0.99824019985223,0.998206782664461,               1139P   2798
0.998173276490986,0.998102416028515,0.99807515627296,               1139P   2799
0.998012773937677,0.997978212039743,0.997863986628652,              1139P   2800
0.997773807399157,0.997666582265611,1.,1.,1.,1.,1.,1.,1.,1.,1.,     1139P   2801
1.,1.,1.,1.,1.,1.,1.,1.,1.,1.,1.,1.,1.,1.,1.,1.,1.,                 1139P   2802
-6.893516562,3.405244745,-5.304257658,-6.909492967,3.409677176,     1139P   2803
-5.417605205,-6.913573435,3.413389392,-5.529581046,                 1139P   2804
-6.902395804,3.418111,-5.693345925,-6.895778307,3.419542117,        1139P   2805
-5.747234675,-6.876724163,3.422138753,-5.85324614,-6.864205819,     1139P   2806
3.423298464,-5.905454885,-6.8323711,3.425328775,-6.009011243,       1139P   2807
-6.81319541,3.42620757,-6.060185705,-6.768459487,3.427721359,       1139P   2808
-6.160692247,-6.743182933,3.428346464,-6.209369156,                 1139P   2809
-6.659743064,3.429862995,-6.349372074,-6.593920604,3.430409728,     1139P   2810
-6.43495418,-6.48215371,3.430512805,-6.548228222,-6.442264024,      1139P   2811
3.43042293,-6.583881029,-6.357047861,3.43000009,-6.651027238,       1139P   2812
-6.312348759,3.429669929,-6.682005267,-6.173357834,3.428335609,     1139P   2813
-6.766626665,-6.074037382,3.426997753,-6.812143162,                 1139P   2814
-5.918612079,3.424168647,-6.861877877,-5.865859657,3.423080332,     1139P   2815
-6.875247902,-5.7580858,3.420589919,-6.895703649,-5.703435715,      1139P   2816
3.419210205,-6.902839375,-5.537948556,3.4146506,-6.915191965,       1139P   2817
-5.425478868,3.411054077,-6.911410594,-5.312275232,3.406772187,     1139P   2818
-6.89572209,-7.569952261,3.5,-5.401662932,-7.565670913,3.5,         1139P   2819
-5.545143646,-7.549364487,3.5,-5.685888181,-7.506874971,3.5,        1139P   2820
-5.891673853,-7.489697777,3.5,-5.959377007,-7.449171627,3.5,        1139P   2821
-6.09277273,-7.425773039,3.5,-6.158506528,-7.372208874,3.5,         1139P   2822
-6.288379181,-7.342118325,3.5,-6.352433645,-7.275237311,3.5,        1139P   2823
-6.478404453,-7.238871304,3.5,-6.539503788,-7.121895298,3.5,        1139P   2824
-6.716130539,-7.033307041,3.5,-6.82535566,-6.885308395,3.5,         1139P   2825
-6.974341696,-6.83320872,3.5,-7.021723022,-6.723365042,3.5,         1139P   2826
-7.111923241,-6.666360963,3.5,-7.154122761,-6.490222378,3.5,        1139P   2827
-7.271770478,-6.365794883,3.5,-7.338503369,-6.170568517,3.5,        1139P   2828
-7.420140501,-6.104116665,3.5,-7.444205498,-5.968230153,3.5,        1139P   2829
-7.486024991,-5.899420766,3.5,-7.503641089,-5.691004903,3.5,        1139P   2830
-7.546948388,-5.549306082,3.5,-7.563175179,-5.405698038,3.5,        1139P   2831
-7.56721509,-8.252858858,3.5,-5.5,-8.227819129,3.5,                 1139P   2832
-5.673889632,-8.190699032,3.5,-5.843591657,-8.116342217,3.5,        1139P   2833
-6.091646957,-8.088431803,3.5,-6.173246203,-8.026108462,3.5,        1139P   2834
-6.334185104,-7.991678364,3.5,-6.413518794,-7.916105515,3.5,        1139P   2835
-6.569853561,-7.874971179,3.5,-6.646857563,-7.785702596,3.5,        1139P   2836
-6.798433136,-7.738135524,3.5,-6.872023149,-7.587305557,3.5,        1139P   2837
-7.085488003,-7.475772098,3.5,-7.218493502,-7.291283964,3.5,        1139P   2838
-7.403436958,-7.226893402,3.5,-7.462632008,-7.092265365,3.5,        1139P   2839
-7.576067528,-7.022882445,3.5,-7.629582803,-6.809381596,3.5,        1139P   2840
-7.780554999,-6.659715378,3.5,-7.86872512,-6.424454533,3.5,         1139P   2841
-7.982666537,-6.344226581,3.5,-8.017570748,-6.18006266,3.5,         1139P   2842
-8.081068931,-6.097009601,3.5,-8.109333487,-5.845408948,3.5,        1139P   2843
-8.184132367,-5.674288121,3.5,-8.220779002,-5.5,3.5,                1139P   2844
-8.245027184,0.,0.00413949602589686,0.,1.;                          1139P   2845
126,1,1,1,0,1,0,0.,0.,1.,1.,1.,1.,0.,1.,0.,0.,0.,0.,0.,1.,0.,       1141P   2846
0.,1.;                                                              1141P   2847
124,-6.0607207328472E-17,0.989790809410013,0.142527729258105,       1143P   2848
-1.03531608630982,1.,6.12323399573677E-17,0.,1.75285885840156,      1143P   2849
-8.72730637128391E-18,0.142527729258105,-0.989790809410013,         1143P   2850
-10.0174192116762;                                                  1143P   2851
100,-5.5,-8.252858858,-6.5,1.747141142,-6.5,1.652385886,            1145P   2852
-5.126636777;                                                       1145P   2853
126,1,1,1,0,1,0,0.,0.,1.,1.,1.,1.,0.,0.,0.,0.004139496,0.,0.,       1147P   2854
0.,1.,0.,0.,1.;                                                     1147P   2855
126,21,3,1,0,1,0,0.,0.,0.,0.,0.000333845887031408,                  1149P   2856
0.000333845887031408,0.000333845887031408,0.000832291132837775,     1149P   2857
0.000832291132837775,0.000832291132837775,0.00101725886813727,      1149P   2858
0.00101725886813727,0.00101725886813727,0.00147765672514446,        1149P   2859
0.00147765672514446,0.00147765672514446,0.00166987971174169,        1149P   2860
0.00166987971174169,0.00166987971174169,0.00212730049944843,        1149P   2861
0.00212730049944843,0.00212730049944843,0.00262714609288067,        1149P   2862
0.00262714609288067,0.00262714609288067,0.00262714609288067,1.,     1149P   2863
1.,1.,1.,1.,1.,1.,1.,1.,1.,1.,1.,1.,1.,1.,1.,1.,1.,1.,1.,1.,1.,     1149P   2864
-6.893516562,3.405244745,-5.304257658,-6.909036666,3.409550582,     1149P   2865
-5.414367882,-6.913691124,3.413302693,-5.526689574,                 1149P   2866
-6.906195352,3.416505831,-5.637672584,-6.895112331,3.421241893,     1149P   2867
-5.801768703,-6.855637029,3.424828444,-5.966839389,                 1149P   2868
-6.787974653,3.427059763,-6.116804799,-6.762501665,3.427899791,     1149P   2869
-6.173262573,-6.733158916,3.428579974,-6.228130025,                 1149P   2870
-6.700341259,3.429109515,-6.280663634,-6.619686641,3.430410944,     1149P   2871
-6.409773345,-6.515433732,3.430805586,-6.526989333,                 1149P   2872
-6.395481565,3.430190449,-6.620729814,-6.344738572,3.42993023,      1149P   2873
-6.660384558,-6.290980112,3.429502692,-6.696433909,                 1149P   2874
-6.235119623,3.428913926,-6.728475709,-6.103706692,3.427528842,     1149P   2875
-6.803854693,-5.957732966,3.425215647,-6.858150392,                 1149P   2876
-5.808862997,3.421763137,-6.886062417,-5.646106078,3.417988567,     1149P   2877
-6.916578143,-5.47622809,3.412973649,-6.918443756,-5.312275232,     1149P   2878
3.406772187,-6.89572209,0.,0.00262714609288067,0.048112708,         1149P   2879
0.998320897,0.03225761;                                             1149P   2880
126,1,1,1,0,1,0,0.,0.,1.,1.,1.,1.,0.004139496,0.,0.,                1151P   2881
0.004139496,1.,0.,0.,1.,0.,0.,1.;                                   1151P   2882
124,0.0187724768030559,-0.136515065590588,-0.990460110747261,       1153P   2883
-14.4504698425277,0.99067721873909,0.136230129822226,0.,            1153P   2884
-0.165779452610236,0.134930509470836,-0.981226267787108,            1153P   2885
0.137799742447233,-12.7447175003412;                                1153P   2886
100,-8.245027184,-5.5,-6.5,4.5,-6.5,4.406772187,-5.137698702;       1155P   2887
126,1,1,1,0,1,0,0.,0.,1.,1.,1.,1.,0.004139496,1.,0.,0.,1.,0.,       1157P   2888
0.,1.,0.,0.,1.;                                                     1157P   2889
126,5,3,1,0,1,0,0.,0.,0.,0.,0.5,0.5,1.,1.,1.,1.,1.,1.,1.,1.,1.,     1159P   2890
1.,-5.5,3.5,-8.245027184,-6.197164905,3.5,-8.148032724,             1159P   2891
-6.860811657,3.5,-7.834971694,-7.844748361,3.5,-6.848606585,        1159P   2892
-8.152697126,3.5,-6.195578064,-8.252858858,3.5,-5.5,0.,1.,0.,       1159P   2893
-1.,0.;                                                             1159P   2894
102,4,1141,1147,1151,1157;                                          1161P   2895
102,4,1145,1149,1155,1159;                                          1163P   2896
142,1,1139,1161,1163,1;                                             1165P   2897
144,1139,1,0,1165;                                                  1167P   2898
128,53,2,3,2,0,0,0,0,0,-3.05745012640912E-17,                       1169P   2899
-3.05745012640912E-17,-3.05745012640912E-17,                        1169P   2900
-3.05745012640912E-17,0.000343750345446633,                         1169P   2901
0.000343750345446633,0.000429687931808299,0.000429687931808299,     1169P   2902
0.000451172328398716,0.000451172328398716,0.000452515103185617,     1169P   2903
0.000452515103185617,0.000453857877972518,0.000453857877972518,     1169P   2904
0.00045654342754632,0.00045654342754632,0.000461914526693924,       1169P   2905
0.000461914526693924,0.000472656724989132,0.000472656724989132,     1169P   2906
0.000515625518169965,0.000515625518169965,0.000687500690893297,     1169P   2907
0.000687500690893297,0.00137500138178662,0.00137500138178662,       1169P   2908
0.00275000276357328,0.00275000276357328,0.00550000552714659,        1169P   2909
0.00550000552714659,0.0082500082907199,0.0082500082907199,          1169P   2910
0.00962500967250656,0.00962500967250656,0.0103125103633999,         1169P   2911
0.0103125103633999,0.0104843855361232,0.0104843855361232,           1169P   2912
0.0104951277344184,0.0104951277344184,0.010500498833566,            1169P   2913
0.010500498833566,0.0105031843831398,0.0105031843831398,            1169P   2914
0.0105045271579267,0.0105045271579267,0.0105058699327136,           1169P   2915
0.0105058699327136,0.0105273543293041,0.0105273543293041,           1169P   2916
0.0105703231224849,0.0105703231224849,0.0106562607088465,           1169P   2917
0.0106562607088465,0.0110000110542932,0.0110000110542932,           1169P   2918
0.0110000110542932,0.0110000110542932,0.,0.,0.,1.,1.,1.,1.,1.,      1169P   2919
1.,1.,1.,1.,1.,1.,1.,1.,1.,1.,1.,1.,1.,1.,1.,1.,1.,1.,1.,1.,1.,     1169P   2920
1.,1.,1.,1.,1.,1.,1.,1.,1.,1.,1.,1.,1.,1.,1.,1.,1.,1.,1.,1.,1.,     1169P   2921
1.,1.,1.,1.,1.,1.,1.,1.,1.,1.,0.997666582265611,                    1169P   2922
0.997596045350194,0.997518871580393,0.997412889499638,              1169P   2923
0.997391216659236,0.997363509005732,0.997357936643071,              1169P   2924
0.997351982962847,0.997351538317811,0.997351026012965,              1169P   2925
0.997350936293967,0.997350767433333,0.997350669017303,              1169P   2926
0.997350352555696,0.997350141601815,0.997349508802157,              1169P   2927
0.997349087018337,0.997346978517601,0.997345293055535,              1169P   2928
0.997336872772059,0.99733015901489,0.997296724570105,               1169P   2929
0.997270402982308,0.997193655478237,0.997145411074794,              1169P   2930
0.997018541277186,0.996959342443871,0.99692822139466,               1169P   2931
0.996956854564195,0.9970514360479,0.997090986846435,                1169P   2932
0.997157916887276,0.997181494897131,0.99721212554193,               1169P   2933
0.997218309733215,0.997224936809947,0.997225326845304,              1169P   2934
0.997225912207474,0.997226107379728,0.997226400215163,              1169P   2935
0.997226497839821,0.997226644296042,0.997226543631445,              1169P   2936
0.997226940254836,0.997227431565135,0.997233780579744,              1169P   2937
0.997239724443999,0.997257461675009,0.997269160676307,              1169P   2938
0.997303885639802,0.997326539554718,0.997437401450219,              1169P   2939
0.997518391085206,0.997592580354578,1.,1.,1.,1.,1.,1.,1.,1.,1.,     1169P   2940
1.,1.,1.,1.,1.,1.,1.,1.,1.,1.,1.,1.,1.,1.,1.,1.,1.,1.,1.,1.,1.,     1169P   2941
1.,1.,1.,1.,1.,1.,1.,1.,1.,1.,1.,1.,1.,1.,1.,1.,1.,1.,1.,1.,1.,     1169P   2942
1.,1.,1.,-5.312275232,3.406772187,-6.89572209,-5.237862007,         1169P   2943
3.403957532,-6.885409414,-5.164025289,3.400877839,-6.870061382,     1169P   2944
-5.072822382,3.396649434,-6.844896617,-5.054636297,3.395784772,     1169P   2945
-6.839564285,-5.031976941,3.394679381,-6.83252875,-5.027448731,     1169P   2946
3.394457075,-6.831103136,-5.022641462,3.394219558,-6.82956881,      1169P   2947
-5.022410725,3.39420182,-6.82945191,-5.021741164,3.394181382,       1169P   2948
-6.82932426,-5.021314488,3.394177803,-6.829307279,-5.019979196,     1169P   2949
3.394171066,-6.829284642,-5.019081194,3.39416714,-6.829273538,      1169P   2950
-5.016398905,3.394154515,-6.82923425,-5.014610717,3.394146099,      1169P   2951
-6.82920806,-5.009246168,3.394120854,-6.829129502,-5.005669823,     1169P   2952
3.394104028,-6.829077143,-4.987788196,3.394019911,-6.828815413,     1169P   2953
-4.973483219,3.393952672,-6.828606237,-4.901959962,3.393616755,     1169P   2954
-6.827561434,-4.844746579,3.393348921,-6.826729043,                 1169P   2955
-4.558706769,3.392015122,-6.822586914,-4.329961763,3.39096512,      1169P   2956
-6.819336192,-3.644022751,3.387903678,-6.809883216,                 1169P   2957
-3.187129228,3.385979381,-6.803975549,-1.817824447,3.38091929,      1169P   2958
-6.788513862,-0.90666753,3.378558605,-6.781442199,0.914211209,      1169P   2959
3.377317567,-6.778121601,1.824489122,3.378459318,-6.781932504,      1169P   2960
3.191969974,3.382231303,-6.793933433,3.648196104,3.383808681,       1169P   2961
-6.798900937,4.333154065,3.386478214,-6.807275041,4.561574977,      1169P   2962
3.387418663,-6.810220557,4.847221094,3.388640466,-6.814045834,      1169P   2963
4.904356299,3.388887145,-6.81481808,4.965068682,3.389151492,        1169P   2964
-6.815645625,4.968640021,3.38916705,-6.815694329,4.973997065,       1169P   2965
3.3891904,-6.815767425,4.975782752,3.389198185,-6.815791797,        1169P   2966
4.978461291,3.389209866,-6.815828364,4.979354139,3.38921376,        1169P   2967
-6.815840555,4.980693412,3.389219602,-6.815858844,4.981215129,      1169P   2968
3.389215588,-6.815824059,4.981957397,3.389231406,-6.815918015,      1169P   2969
4.982180982,3.389251005,-6.816045136,4.986989531,3.389504262,       1169P   2970
-6.817657335,4.991518918,3.389741359,-6.819156732,5.00511804,       1169P   2971
3.390448895,-6.823600834,5.014198738,3.390915574,-6.826491453,      1169P   2972
5.041483658,3.392300795,-6.834945453,5.059730735,3.39320452,        1169P   2973
-6.840290987,5.151236423,3.397627239,-6.865546073,5.225310372,      1169P   2974
3.400858733,-6.88104173,5.300002485,3.403819128,-6.89154588,        1169P   2975
-5.405698038,3.5,-7.56721509,-5.31128527,3.5,-7.569871062,          1169P   2976
-5.217170133,3.5,-7.567213775,-5.100093078,3.5,-7.557672186,        1169P   2977
-5.076703949,3.5,-7.555452012,-5.04750545,3.5,-7.552292361,         1169P   2978
-5.041667522,3.5,-7.551641193,-5.035466776,3.5,-7.550928967,        1169P   2979
-5.035128182,3.5,-7.550873496,-5.034346408,3.5,-7.550816407,        1169P   2980
-5.033909333,3.5,-7.550811607,-5.032570331,3.5,-7.550811637,        1169P   2981
-5.031673739,3.5,-7.550813682,-5.028989851,3.5,-7.550816779,        1169P   2982
-5.027200596,3.5,-7.550818841,-5.021832835,3.5,-7.550825026,        1169P   2983
-5.018254339,3.5,-7.550829144,-5.000361887,3.5,-7.550849709,        1169P   2984
-4.986048107,3.5,-7.550866079,-4.914479659,3.5,-7.550947517,        1169P   2985
-4.857227817,3.5,-7.55101135,-4.570976447,3.5,-7.551323872,         1169P   2986
-4.342023844,3.5,-7.551552506,-3.655296295,3.5,-7.552174276,        1169P   2987
-3.197694275,3.5,-7.552501755,-1.825508789,3.5,-7.553274347,        1169P   2988
-0.911681118,3.5,-7.553554131,0.915385406,3.5,-7.554110925,         1169P   2989
1.82876903,3.5,-7.554397566,3.200041662,3.5,-7.554469487,           1169P   2990
3.657314032,3.5,-7.55441636,4.343559551,3.5,-7.554177015,           1169P   2991
4.572353755,3.5,-7.554070962,4.858412978,3.5,-7.553903755,          1169P   2992
4.915626782,3.5,-7.55386859,4.976419955,3.5,-7.553829388,           1169P   2993
4.979996014,3.5,-7.553827075,4.985360122,3.5,-7.553823596,          1169P   2994
4.98714816,3.5,-7.553822434,4.989830222,3.5,-7.55382069,            1169P   2995
4.990724244,3.5,-7.553820108,4.992065277,3.5,-7.553819234,          1169P   2996
4.99255014,3.5,-7.553798176,4.993368459,3.5,-7.553839126,           1169P   2997
4.99370344,3.5,-7.553900329,4.99990465,3.5,-7.554660905,            1169P   2998
5.005743034,3.5,-7.555358054,5.023263769,3.5,-7.557393212,          1169P   2999
5.034951919,3.5,-7.558674958,5.07003818,3.5,-7.562293369,           1169P   3000
5.093458962,3.5,-7.564403337,5.210695215,3.5,-7.573417542,          1169P   3001
5.304943027,3.5,-7.575727061,5.39951802,3.5,-7.572775742,-5.5,      1169P   3002
3.5,-8.245027184,-5.385439798,3.5,-8.260965599,-5.270870179,        1169P   3003
3.5,-8.271342582,-5.127650008,3.5,-8.277891067,-5.099005518,        1169P   3004
3.5,-8.278878777,-5.063199343,3.5,-8.279717246,-5.05603808,3.5,     1169P   3005
-8.279865129,-5.048429208,3.5,-8.280001284,-5.047981627,3.5,        1169P   3006
-8.280009204,-5.047086465,3.5,-8.280024937,-5.046638884,3.5,        1169P   3007
-8.280032713,-5.045296141,3.5,-8.28005615,-5.044400979,3.5,         1169P   3008
-8.280071773,-5.041715493,3.5,-8.280118638,-5.03992517,3.5,         1169P   3009
-8.280149876,-5.034554198,3.5,-8.280243571,-5.03097355,3.5,         1169P   3010
-8.280306011,-5.013070311,3.5,-8.280618096,-4.998747719,3.5,        1169P   3011
-8.280867388,-4.927134756,3.5,-8.282111938,-4.869844377,3.5,        1169P   3012
-8.283101451,-4.583392434,3.5,-8.288015579,-4.354230729,3.5,        1169P   3013
-8.291840172,-3.666744996,3.5,-8.302878999,-3.208420355,3.5,        1169P   3014
-8.309660161,-1.833442524,3.5,-8.327247492,-0.916785229,3.5,        1169P   3015
-8.335157834,0.916545295,3.5,-8.339738385,1.833218587,3.5,          1169P   3016
-8.336364641,3.208238782,3.5,-8.324068492,3.666580488,3.5,          1169P   3017
-8.318812329,4.354094851,3.5,-8.309655043,4.583266606,3.5,          1169P   3018
-8.306390754,4.869731607,3.5,-8.302093461,4.927024623,3.5,          1169P   3019
-8.301223149,4.987898467,3.5,-8.300287528,4.991479282,3.5,          1169P   3020
-8.300232452,4.996850504,3.5,-8.300149777,4.998640911,3.5,          1169P   3021
-8.300122208,5.001326522,3.5,-8.300080841,5.002221725,3.5,          1169P   3022
-8.300067049,5.003564531,3.5,-8.300046358,5.004012133,3.5,          1169P   3023
-8.300039484,5.004907336,3.5,-8.30002564,5.005354938,3.5,           1169P   3024
-8.300018707,5.012964173,3.5,-8.299899027,5.020125832,3.5,          1169P   3025
-8.299767119,5.041610894,3.5,-8.29931336,5.055934378,3.5,           1169P   3026
-8.298933481,5.098905162,3.5,-8.29755985,5.127552793,3.5,           1169P   3027
-8.29633214,5.270793199,3.5,-8.288607141,5.385393478,3.5,           1169P   3028
-8.27736333,5.5,3.5,-8.260621364,-3.05745012640912E-17,             1169P   3029
0.0110000110542932,0.,1.;                                           1169P   3030
126,1,1,1,0,1,0,0.,0.,1.,1.,1.,1.,0.011000011,0.,0.,                1171P   3031
0.011000011,1.,0.,0.,1.,0.,0.,1.;                                   1171P   3032
124,-0.0199997515095505,0.143157707713954,-0.989497792145916,       1173P   3033
-1.63334286793553,0.990381912756996,0.138360640659815,0.,           1173P   3034
-11.0477563561204,0.136907548452782,-0.979980716054296,             1173P   3035
-0.144547982823551,-16.5775436901444;                               1173P   3036
100,-8.260621364,5.5,-6.5,15.5,-6.5,15.403819128,-5.116393593;      1175P   3037
126,1,1,1,0,1,0,0.,0.,1.,1.,1.,1.,0.011000011,1.,0.,0.,1.,0.,       1177P   3038
0.,1.,0.,0.,1.;                                                     1177P   3039
126,13,3,1,0,1,0,0.,0.,0.,0.,0.125,0.125,0.25,0.25,0.5,0.5,         1179P   3040
0.75,0.75,0.875,0.875,1.,1.,1.,1.,1.,1.,1.,1.,1.,1.,1.,1.,1.,       1179P   3041
1.,1.,1.,1.,1.,5.5,3.5,-8.260621364,5.041570808,3.5,                1179P   3042
-8.327589695,4.583266306,3.5,-8.306602614,3.666580488,3.5,          1179P   3043
-8.318812329,3.208238782,3.5,-8.324068492,1.833218587,3.5,          1179P   3044
-8.336364641,0.916545295,3.5,-8.339738385,-0.91678523,3.5,          1179P   3045
-8.335157834,-1.833442524,3.5,-8.327247492,-3.208420355,3.5,        1179P   3046
-8.309660161,-3.666744996,3.5,-8.302878999,-4.58339264,3.5,         1179P   3047
-8.288160563,-5.041756127,3.5,-8.308781279,-5.5,3.5,                1179P   3048
-8.245027184,0.,1.,0.,-1.,0.;                                       1179P   3049
126,1,1,1,0,1,0,0.,0.,1.,1.,1.,1.,0.,1.,0.,0.,0.,0.,0.,1.,0.,       1181P   3050
0.,1.;                                                              1181P   3051
124,-8.43780067556713E-18,0.13779974244724,0.99046011074726,        1183P   3052
3.56206886355221,1.,6.12323399573677E-17,0.,-0.999999999515183,     1183P   3053
-6.06481902154883E-17,0.99046011074726,-0.13779974244724,           1183P   3054
-2.94319908697191;                                                  1183P   3055
100,-8.245027184,-5.5,-6.5,4.5,-6.5,4.406772187,-5.137698702;       1185P   3056
126,1,1,1,0,1,0,0.,0.,1.,1.,1.,1.,0.,0.,0.,0.000452807,0.,0.,       1187P   3057
0.,1.,0.,0.,1.;                                                     1187P   3058
126,6,3,1,0,1,0,0.,0.,0.,0.,0.000298132615295434,                   1189P   3059
0.000298132615295434,0.000298132615295434,0.000298192615295413,     1189P   3060
0.000298192615295413,0.000298192615295413,0.000298192615295413,     1189P   3061
1.,1.,1.,1.,1.,1.,1.,-5.312275232,3.406772187,-6.89572209,          1189P   3062
-5.213907515,3.403051461,-6.882089644,-5.116451017,3.398858943,     1189P   3063
-6.85957134,-5.021901404,3.39418297,-6.829332273,-5.021882376,      1189P   3064
3.394182028,-6.829326187,-5.021863348,3.394181087,-6.829320101,     1189P   3065
-5.021844319,3.394180146,-6.829314015,0.,0.000298192615295413,      1189P   3066
0.,0.,0.;                                                           1189P   3067
126,1,1,1,0,1,0,0.,0.,1.,1.,1.,1.,0.000452807,0.,0.,                1191P   3068
0.010504626,0.,0.,0.,1.,0.,0.,1.;                                   1191P   3069
126,10,3,1,0,1,0,0.,0.,0.,0.,0.0625,0.0625,0.125,0.25,0.25,0.5,     1193P   3070
0.5,1.,1.,1.,1.,1.,1.,1.,1.,1.,1.,1.,1.,1.,1.,1.,-5.021844319,      1193P   3071
3.394180146,-6.829314015,-4.813557123,3.377802507,-6.824737201,     1193P   3072
-4.605039674,3.392228759,-6.823249933,-4.188234759,3.390327054,     1193P   3073
-6.817363879,-3.563027082,3.387533472,-6.808740295,                 1193P   3074
-2.937818092,3.385005968,-6.800995424,-1.687397068,3.380593132,     1193P   3075
-6.787534596,-0.853778749,3.378549988,-6.78143107,1.647096495,      1193P   3076
3.376764366,-6.776618076,3.314583507,3.381950896,-6.793104647,      1193P   3077
4.981665537,3.389223843,-6.81587212,0.,1.,0.013783835,              1193P   3078
-0.102652324,-0.994621791;                                          1193P   3079
126,1,1,1,0,1,0,0.,0.,1.,1.,1.,1.,0.010504626,0.,0.,                1195P   3080
0.011000011,0.,0.,0.,1.,0.,0.,1.;                                   1195P   3081
126,6,3,1,0,1,0,-5.70765734458978E-08,-5.70765734458978E-08,        1197P   3082
-5.70765734458978E-08,-5.70765734458978E-08,0.,0.,0.,               1197P   3083
0.00032747628970553,0.00032747628970553,0.00032747628970553,        1197P   3084
0.00032747628970553,1.,1.,1.,1.,1.,1.,1.,4.981665537,               1197P   3085
3.389223843,-6.81587212,4.98168359,3.389223641,-6.815878123,        1197P   3086
4.981701564,3.389225742,-6.815884217,4.981719578,3.389226691,       1197P   3087
-6.815890264,5.085072711,3.394673738,-6.85059034,5.191990576,       1197P   3088
3.399538116,-6.876355881,5.300002485,3.403819128,-6.89154588,       1197P   3089
-5.70765734458978E-08,0.00032747628970553,0.,0.,0.;                 1197P   3090
102,6,1171,1177,1181,1187,1191,1195;                                1199P   3091
102,6,1175,1179,1185,1189,1193,1197;                                1201P   3092
142,1,1169,1199,1201,1;                                             1203P   3093
144,1169,1,0,1203;                                                  1205P   3094
128,1,1,1,1,0,0,1,0,0,0.,0.,1.,1.,0.,0.,1.,1.,1.,1.,1.,1.,6.25,     1207P   3095
0.2,-7.,-6.25,0.2,-7.,6.25,1.5,-7.,-6.25,1.5,-7.,0.,1.,0.,1.;       1207P   3096
126,1,1,1,0,1,0,0.,0.,1.,1.,1.,1.,1.,1.,0.,0.,1.,0.,0.,1.,0.,       1209P   3097
0.,1.;                                                              1209P   3098
110,-6.25,1.5,-7.,6.25,1.5,-7.;                                     1211P   3099
126,1,1,1,0,1,0,0.,0.,1.,1.,1.,1.,0.,1.,0.,0.,0.,0.,0.,1.,0.,       1213P   3100
0.,1.;                                                              1213P   3101
110,6.25,1.5,-7.,6.25,0.2,-7.;                                      1215P   3102
126,1,1,1,0,1,0,0.,0.,1.,1.,1.,1.,0.,0.,0.,1.,0.,0.,0.,1.,0.,       1217P   3103
0.,1.;                                                              1217P   3104
110,6.25,0.2,-7.,-6.25,0.2,-7.;                                     1219P   3105
126,1,1,1,0,1,0,0.,0.,1.,1.,1.,1.,1.,0.,0.,1.,1.,0.,0.,1.,0.,       1221P   3106
0.,1.;                                                              1221P   3107
110,-6.25,0.2,-7.,-6.25,1.5,-7.;                                    1223P   3108
102,4,1209,1213,1217,1221;                                          1225P   3109
102,4,1211,1215,1219,1223;                                          1227P   3110
142,1,1207,1225,1227,1;                                             1229P   3111
144,1207,1,0,1229;                                                  1231P   3112
110,6.25,23.298989873,-6.25,6.25,-976.701010127,-6.25;              1233P   3113
110,6.25,1.5,-7.,6.25,0.2,-7.;                                      1235P   3114
120,1233,1235,0.,6.28318530717959;                                  1237P   3115
126,1,1,1,0,1,0,0.,0.,1.,1.,1.,1.,0.,0.,0.,0.,1.570796327,0.,       1239P   3116
0.,1.,0.,0.,1.;                                                     1239P   3117
124,1.40271576953299E-14,1.,0.,4.74999999999991,                    1241P   3118
-6.12323399573677E-17,8.58915688636046E-31,-1.,-4.75,-1.,           1241P   3119
1.40271576953299E-14,6.12323399573677E-17,-3.0224661987088E-14;     1241P   3120
100,-6.25,6.25,1.5,7.,1.5,6.25,2.25;                                1243P   3121
126,1,1,1,0,1,0,0.,0.,1.,1.,1.,1.,0.,1.570796327,0.,1.,             1245P   3122
1.570796327,0.,0.,1.,0.,0.,1.;                                      1245P   3123
110,7.,1.5,-6.25,7.,0.2,-6.25;                                      1247P   3124
126,1,1,1,0,1,0,0.,0.,1.,1.,1.,1.,1.,1.570796327,0.,1.,0.,0.,       1249P   3125
0.,1.,0.,0.,1.;                                                     1249P   3126
124,1.,0.,0.,0.,0.,6.12323399573677E-17,1.,6.45000000000001,0.,     1251P   3127
-1.,6.12323399573677E-17,-6.05000000000001;                         1251P   3128
100,-6.25,6.25,0.2,7.,0.2,6.25,0.95;                                1253P   3129
126,1,1,1,0,1,0,0.,0.,1.,1.,1.,1.,1.,0.,0.,0.,0.,0.,0.,1.,0.,       1255P   3130
0.,1.;                                                              1255P   3131
110,6.25,0.2,-7.,6.25,1.5,-7.;                                      1257P   3132
102,4,1239,1245,1249,1255;                                          1259P   3133
102,4,1243,1247,1253,1257;                                          1261P   3134
142,1,1237,1259,1261,1;                                             1263P   3135
144,1237,1,0,1263;                                                  1265P   3136
128,1,1,1,1,0,0,1,0,0,0.,0.,1.,1.,0.,0.,1.,1.,1.,1.,1.,1.,7.,       1267P   3137
0.2,6.25,7.,0.2,-6.25,7.,1.5,6.25,7.,1.5,-6.25,0.,1.,0.,1.;         1267P   3138
126,1,1,1,0,1,0,0.,0.,1.,1.,1.,1.,1.,1.,0.,0.,1.,0.,0.,1.,0.,       1269P   3139
0.,1.;                                                              1269P   3140
110,7.,1.5,-6.25,7.,1.5,6.25;                                       1271P   3141
126,1,1,1,0,1,0,0.,0.,1.,1.,1.,1.,0.,1.,0.,0.,0.,0.,0.,1.,0.,       1273P   3142
0.,1.;                                                              1273P   3143
110,7.,1.5,6.25,7.,0.2,6.25;                                        1275P   3144
126,1,1,1,0,1,0,0.,0.,1.,1.,1.,1.,0.,0.,0.,1.,0.,0.,0.,1.,0.,       1277P   3145
0.,1.;                                                              1277P   3146
110,7.,0.2,6.25,7.,0.2,-6.25;                                       1279P   3147
126,1,1,1,0,1,0,0.,0.,1.,1.,1.,1.,1.,0.,0.,1.,1.,0.,0.,1.,0.,       1281P   3148
0.,1.;                                                              1281P   3149
110,7.,0.2,-6.25,7.,1.5,-6.25;                                      1283P   3150
102,4,1269,1273,1277,1281;                                          1285P   3151
102,4,1271,1275,1279,1283;                                          1287P   3152
142,1,1267,1285,1287,1;                                             1289P   3153
144,1267,1,0,1289;                                                  1291P   3154
110,6.25,23.298989873,6.25,6.25,-976.701010127,6.25;                1293P   3155
110,6.25,1.5,5.5,6.25,0.2,5.5;                                      1295P   3156
120,1293,1295,0.,6.28318530717959;                                  1297P   3157
126,1,1,1,0,1,0,0.,0.,1.,1.,1.,1.,0.,1.570796327,0.,0.,             1299P   3158
3.141592654,0.,0.,1.,0.,0.,1.;                                      1299P   3159
124,1.,0.,0.,0.,0.,6.12323399573677E-17,-1.,7.75,0.,1.,             1301P   3160
6.12323399573677E-17,4.75;                                          1301P   3161
100,6.25,6.25,1.5,7.,1.5,6.25,2.25;                                 1303P   3162
126,1,1,1,0,1,0,0.,0.,1.,1.,1.,1.,0.,3.141592654,0.,1.,             1305P   3163
3.141592654,0.,0.,1.,0.,0.,1.;                                      1305P   3164
110,6.25,1.5,7.,6.25,0.2,7.;                                        1307P   3165
126,1,1,1,0,1,0,0.,0.,1.,1.,1.,1.,1.,3.141592654,0.,1.,             1309P   3166
1.570796327,0.,0.,1.,0.,0.,1.;                                      1309P   3167
124,1.40271576953299E-14,1.,0.,6.04999999999991,                    1311P   3168
-6.12323399573677E-17,8.58915688636046E-31,1.,-6.05,1.,             1311P   3169
-1.40271576953299E-14,6.12323399573677E-17,                         1311P   3170
4.10349929931883E-15;                                               1311P   3171
100,6.25,6.25,0.2,7.,0.2,6.25,0.95;                                 1313P   3172
126,1,1,1,0,1,0,0.,0.,1.,1.,1.,1.,1.,1.570796327,0.,0.,             1315P   3173
1.570796327,0.,0.,1.,0.,0.,1.;                                      1315P   3174
110,7.,0.2,6.25,7.,1.5,6.25;                                        1317P   3175
102,4,1299,1305,1309,1315;                                          1319P   3176
102,4,1303,1307,1313,1317;                                          1321P   3177
142,1,1297,1319,1321,1;                                             1323P   3178
144,1297,1,0,1323;                                                  1325P   3179
128,1,1,1,1,0,0,1,0,0,0.,0.,1.,1.,0.,0.,1.,1.,1.,1.,1.,1.,          1327P   3180
-6.25,0.2,7.,6.25,0.2,7.,-6.25,1.5,7.,6.25,1.5,7.,0.,1.,0.,1.;      1327P   3181
126,1,1,1,0,1,0,0.,0.,1.,1.,1.,1.,1.,1.,0.,0.,1.,0.,0.,1.,0.,       1329P   3182
0.,1.;                                                              1329P   3183
110,6.25,1.5,7.,-6.25,1.5,7.;                                       1331P   3184
126,1,1,1,0,1,0,0.,0.,1.,1.,1.,1.,0.,1.,0.,0.,0.,0.,0.,1.,0.,       1333P   3185
0.,1.;                                                              1333P   3186
110,-6.25,1.5,7.,-6.25,0.2,7.;                                      1335P   3187
126,1,1,1,0,1,0,0.,0.,1.,1.,1.,1.,0.,0.,0.,1.,0.,0.,0.,1.,0.,       1337P   3188
0.,1.;                                                              1337P   3189
110,-6.25,0.2,7.,6.25,0.2,7.;                                       1339P   3190
126,1,1,1,0,1,0,0.,0.,1.,1.,1.,1.,1.,0.,0.,1.,1.,0.,0.,1.,0.,       1341P   3191
0.,1.;                                                              1341P   3192
110,6.25,0.2,7.,6.25,1.5,7.;                                        1343P   3193
102,4,1329,1333,1337,1341;                                          1345P   3194
102,4,1331,1335,1339,1343;                                          1347P   3195
142,1,1327,1345,1347,1;                                             1349P   3196
144,1327,1,0,1349;                                                  1351P   3197
110,-6.25,23.298989873,6.25,-6.25,-976.701010127,6.25;              1353P   3198
110,-6.25,1.5,5.5,-6.25,0.2,5.5;                                    1355P   3199
120,1353,1355,0.,6.28318530717959;                                  1357P   3200
126,1,1,1,0,1,0,0.,0.,1.,1.,1.,1.,0.,3.141592654,0.,0.,             1359P   3201
4.71238898,0.,0.,1.,0.,0.,1.;                                       1359P   3202
124,1.17145536458252E-15,-1.,0.,-4.74999999999999,                  1361P   3203
6.12323399573677E-17,7.17309531289992E-32,-1.,7.75,1.,              1361P   3204
1.17145536458252E-15,6.12323399573677E-17,12.5;                     1361P   3205
100,6.25,-6.25,1.5,-5.5,1.5,-6.25,2.25;                             1363P   3206
126,1,1,1,0,1,0,0.,0.,1.,1.,1.,1.,0.,4.71238898,0.,1.,              1365P   3207
4.71238898,0.,0.,1.,0.,0.,1.;                                       1365P   3208
110,-7.,1.5,6.25,-7.,0.2,6.25;                                      1367P   3209
126,1,1,1,0,1,0,0.,0.,1.,1.,1.,1.,1.,4.71238898,0.,1.,              1369P   3210
3.141592654,0.,0.,1.,0.,0.,1.;                                      1369P   3211
124,-1.,6.98296267768627E-15,0.,-12.5,-4.27583144589696E-31,        1371P   3212
-6.12323399573677E-17,1.,-6.05,6.98296267768627E-15,1.,             1371P   3213
6.12323399573677E-17,6.05000000000004;                              1371P   3214
100,6.25,-6.25,0.2,-5.5,0.2,-6.25,0.95;                             1373P   3215
126,1,1,1,0,1,0,0.,0.,1.,1.,1.,1.,1.,3.141592654,0.,0.,             1375P   3216
3.141592654,0.,0.,1.,0.,0.,1.;                                      1375P   3217
110,-6.25,0.2,7.,-6.25,1.5,7.;                                      1377P   3218
102,4,1359,1365,1369,1375;                                          1379P   3219
102,4,1363,1367,1373,1377;                                          1381P   3220
142,1,1357,1379,1381,1;                                             1383P   3221
144,1357,1,0,1383;                                                  1385P   3222
128,1,1,1,1,0,0,1,0,0,0.,0.,1.,1.,0.,0.,1.,1.,1.,1.,1.,1.,-7.,      1387P   3223
0.2,-6.25,-7.,0.2,6.25,-7.,1.5,-6.25,-7.,1.5,6.25,0.,1.,0.,1.;      1387P   3224
126,1,1,1,0,1,0,0.,0.,1.,1.,1.,1.,1.,1.,0.,0.,1.,0.,0.,1.,0.,       1389P   3225
0.,1.;                                                              1389P   3226
110,-7.,1.5,6.25,-7.,1.5,-6.25;                                     1391P   3227
126,1,1,1,0,1,0,0.,0.,1.,1.,1.,1.,0.,1.,0.,0.,0.,0.,0.,1.,0.,       1393P   3228
0.,1.;                                                              1393P   3229
110,-7.,1.5,-6.25,-7.,0.2,-6.25;                                    1395P   3230
126,1,1,1,0,1,0,0.,0.,1.,1.,1.,1.,0.,0.,0.,1.,0.,0.,0.,1.,0.,       1397P   3231
0.,1.;                                                              1397P   3232
110,-7.,0.2,-6.25,-7.,0.2,6.25;                                     1399P   3233
126,1,1,1,0,1,0,0.,0.,1.,1.,1.,1.,1.,0.,0.,1.,1.,0.,0.,1.,0.,       1401P   3234
0.,1.;                                                              1401P   3235
110,-7.,0.2,6.25,-7.,1.5,6.25;                                      1403P   3236
102,4,1389,1393,1397,1401;                                          1405P   3237
102,4,1391,1395,1399,1403;                                          1407P   3238
142,1,1387,1405,1407,1;                                             1409P   3239
144,1387,1,0,1409;                                                  1411P   3240
110,-6.25,23.298989873,-6.25,-6.25,-976.701010127,-6.25;            1413P   3241
110,-6.25,1.5,-7.,-6.25,0.2,-7.;                                    1415P   3242
120,1413,1415,0.,6.28318530717959;                                  1417P   3243
126,1,1,1,0,1,0,0.,0.,1.,1.,1.,1.,0.,4.71238898,0.,0.,              1419P   3244
6.283185307,0.,0.,1.,0.,0.,1.;                                      1419P   3245
124,-1.,6.98296267768627E-15,0.,-12.5,-4.27583144589696E-31,        1421P   3246
-6.12323399573677E-17,-1.,-4.75,-6.98296267768627E-15,-1.,          1421P   3247
6.12323399573677E-17,-4.75000000000005;                             1421P   3248
100,-6.25,-6.25,1.5,-5.5,1.5,-6.25,2.25;                            1423P   3249
126,1,1,1,0,1,0,0.,0.,1.,1.,1.,1.,0.,6.283185307,0.,1.,             1425P   3250
6.283185307,0.,0.,1.,0.,0.,1.;                                      1425P   3251
110,-6.25,1.5,-7.,-6.25,0.2,-7.;                                    1427P   3252
126,1,1,1,0,1,0,0.,0.,1.,1.,1.,1.,1.,6.283185307,0.,1.,             1429P   3253
4.71238898,0.,0.,1.,0.,0.,1.;                                       1429P   3254
124,6.12323399573677E-17,-1.,0.,-6.05,6.12323399573677E-17,         1431P   3255
3.74939945665464E-33,1.,6.45,-1.,-6.12323399573677E-17,             1431P   3256
6.12323399573677E-17,-12.5;                                         1431P   3257
100,-6.25,-6.25,0.2,-5.5,0.2,-6.25,0.95;                            1433P   3258
126,1,1,1,0,1,0,0.,0.,1.,1.,1.,1.,1.,4.71238898,0.,0.,              1435P   3259
4.71238898,0.,0.,1.,0.,0.,1.;                                       1435P   3260
110,-7.,0.2,-6.25,-7.,1.5,-6.25;                                    1437P   3261
102,4,1419,1425,1429,1435;                                          1439P   3262
102,4,1423,1427,1433,1437;                                          1441P   3263
142,1,1417,1439,1441,1;                                             1443P   3264
144,1417,1,0,1443;                                                  1445P   3265
128,1,1,1,1,0,0,1,0,0,0.,0.,1.,1.,0.,0.,1.,1.,1.,1.,1.,1.,6.25,     1447P   3266
0.2,7.,-6.25,0.2,7.,6.25,0.,7.2,-6.25,0.,7.2,0.,1.,0.,1.;           1447P   3267
126,1,1,1,0,1,0,0.,0.,1.,1.,1.,1.,0.,0.,0.,1.,0.,0.,0.,1.,0.,       1449P   3268
0.,1.;                                                              1449P   3269
110,6.25,0.2,7.,-6.25,0.2,7.;                                       1451P   3270
126,1,1,1,0,1,0,0.,0.,1.,1.,1.,1.,1.,0.,0.,1.,1.,0.,0.,1.,0.,       1453P   3271
0.,1.;                                                              1453P   3272
110,-6.25,0.2,7.,-6.25,0.,7.2;                                      1455P   3273
126,1,1,1,0,1,0,0.,0.,1.,1.,1.,1.,1.,1.,0.,0.,1.,0.,0.,1.,0.,       1457P   3274
0.,1.;                                                              1457P   3275
110,-6.25,0.,7.2,6.25,0.,7.2;                                       1459P   3276
126,1,1,1,0,1,0,0.,0.,1.,1.,1.,1.,0.,1.,0.,0.,0.,0.,0.,1.,0.,       1461P   3277
0.,1.;                                                              1461P   3278
110,6.25,0.,7.2,6.25,0.2,7.;                                        1463P   3279
102,4,1449,1453,1457,1461;                                          1465P   3280
102,4,1451,1455,1459,1463;                                          1467P   3281
142,1,1447,1465,1467,1;                                             1469P   3282
144,1447,1,0,1469;                                                  1471P   3283
110,-6.25,1000.2,6.25,-6.25,0.2,6.25;                               1473P   3284
110,-6.25,0.2,5.5,-6.25,0.,5.3;                                     1475P   3285
120,1473,1475,0.,6.28318530717959;                                  1477P   3286
126,1,1,1,0,1,0,0.,0.,1.,1.,1.,1.,0.,3.141592654,0.,0.,             1479P   3287
4.71238898,0.,0.,1.,0.,0.,1.;                                       1479P   3288
124,6.12323399573677E-17,-1.,0.,-6.05,6.12323399573677E-17,         1481P   3289
3.74939945665464E-33,-1.,6.45,1.,6.12323399573677E-17,              1481P   3290
6.12323399573677E-17,12.5;                                          1481P   3291
100,6.25,-6.25,0.2,-5.5,0.2,-6.25,0.95;                             1483P   3292
126,1,1,1,0,1,0,0.,0.,1.,1.,1.,1.,0.,4.71238898,0.,1.,              1485P   3293
4.71238898,0.,0.,1.,0.,0.,1.;                                       1485P   3294
110,-7.,0.2,6.25,-7.2,0.,6.25;                                      1487P   3295
126,1,1,1,0,1,0,0.,0.,1.,1.,1.,1.,1.,4.71238898,0.,1.,              1489P   3296
3.141592654,0.,0.,1.,0.,0.,1.;                                      1489P   3297
124,-1.,6.98296267768627E-15,0.,-12.5,-4.27583144589696E-31,        1491P   3298
-6.12323399573677E-17,1.,-6.25,6.98296267768627E-15,1.,             1491P   3299
6.12323399573677E-17,6.25000000000004;                              1491P   3300
100,6.25,-6.25,0.,-5.3,0.,-6.25,0.95;                               1493P   3301
126,1,1,1,0,1,0,0.,0.,1.,1.,1.,1.,1.,3.141592654,0.,0.,             1495P   3302
3.141592654,0.,0.,1.,0.,0.,1.;                                      1495P   3303
110,-6.25,0.,7.2,-6.25,0.2,7.;                                      1497P   3304
102,4,1479,1485,1489,1495;                                          1499P   3305
102,4,1483,1487,1493,1497;                                          1501P   3306
142,1,1477,1499,1501,1;                                             1503P   3307
144,1477,1,0,1503;                                                  1505P   3308
110,6.25,1000.2,6.25,6.25,0.2,6.25;                                 1507P   3309
110,6.25,0.2,5.5,6.25,0.,5.3;                                       1509P   3310
120,1507,1509,0.,6.28318530717959;                                  1511P   3311
126,1,1,1,0,1,0,0.,0.,1.,1.,1.,1.,1.,3.141592654,0.,1.,             1513P   3312
1.570796327,0.,0.,1.,0.,0.,1.;                                      1513P   3313
124,1.40271576953299E-14,1.,0.,6.24999999999991,                    1515P   3314
-6.12323399573677E-17,8.58915688636046E-31,1.,-6.25,1.,             1515P   3315
-1.40271576953299E-14,6.12323399573677E-17,1.2858212922614E-15;     1515P   3316
100,6.25,6.25,0.,7.2,0.,6.25,0.95;                                  1517P   3317
126,1,1,1,0,1,0,0.,0.,1.,1.,1.,1.,1.,1.570796327,0.,0.,             1519P   3318
1.570796327,0.,0.,1.,0.,0.,1.;                                      1519P   3319
110,7.2,0.,6.25,7.,0.2,6.25;                                        1521P   3320
126,1,1,1,0,1,0,0.,0.,1.,1.,1.,1.,0.,1.570796327,0.,0.,             1523P   3321
3.141592654,0.,0.,1.,0.,0.,1.;                                      1523P   3322
124,1.,0.,0.,0.,0.,6.12323399573677E-17,-1.,6.45,0.,1.,             1525P   3323
6.12323399573677E-17,6.05;                                          1525P   3324
100,6.25,6.25,0.2,7.,0.2,6.25,0.95;                                 1527P   3325
126,1,1,1,0,1,0,0.,0.,1.,1.,1.,1.,0.,3.141592654,0.,1.,             1529P   3326
3.141592654,0.,0.,1.,0.,0.,1.;                                      1529P   3327
110,6.25,0.2,7.,6.25,0.,7.2;                                        1531P   3328
102,4,1513,1519,1523,1529;                                          1533P   3329
102,4,1517,1521,1527,1531;                                          1535P   3330
142,1,1511,1533,1535,1;                                             1537P   3331
144,1511,1,0,1537;                                                  1539P   3332
128,1,1,1,1,0,0,1,0,0,0.,0.,1.,1.,0.,0.,1.,1.,1.,1.,1.,1.,-7.,      1541P   3333
0.2,6.25,-7.,0.2,-6.25,-7.2,0.,6.25,-7.2,0.,-6.25,0.,1.,0.,1.;      1541P   3334
126,1,1,1,0,1,0,0.,0.,1.,1.,1.,1.,0.,0.,0.,1.,0.,0.,0.,1.,0.,       1543P   3335
0.,1.;                                                              1543P   3336
110,-7.,0.2,6.25,-7.,0.2,-6.25;                                     1545P   3337
126,1,1,1,0,1,0,0.,0.,1.,1.,1.,1.,1.,0.,0.,1.,1.,0.,0.,1.,0.,       1547P   3338
0.,1.;                                                              1547P   3339
110,-7.,0.2,-6.25,-7.2,0.,-6.25;                                    1549P   3340
126,1,1,1,0,1,0,0.,0.,1.,1.,1.,1.,1.,1.,0.,0.,1.,0.,0.,1.,0.,       1551P   3341
0.,1.;                                                              1551P   3342
110,-7.2,0.,-6.25,-7.2,0.,6.25;                                     1553P   3343
126,1,1,1,0,1,0,0.,0.,1.,1.,1.,1.,0.,1.,0.,0.,0.,0.,0.,1.,0.,       1555P   3344
0.,1.;                                                              1555P   3345
110,-7.2,0.,6.25,-7.,0.2,6.25;                                      1557P   3346
102,4,1543,1547,1551,1555;                                          1559P   3347
102,4,1545,1549,1553,1557;                                          1561P   3348
142,1,1541,1559,1561,1;                                             1563P   3349
144,1541,1,0,1563;                                                  1565P   3350
128,1,1,1,1,0,0,1,0,0,0.,0.,1.,1.,0.,0.,1.,1.,1.,1.,1.,1.,7.,       1567P   3351
0.2,-6.25,7.,0.2,6.25,7.2,0.,-6.25,7.2,0.,6.25,0.,1.,0.,1.;         1567P   3352
126,1,1,1,0,1,0,0.,0.,1.,1.,1.,1.,1.,1.,0.,0.,1.,0.,0.,1.,0.,       1569P   3353
0.,1.;                                                              1569P   3354
110,7.2,0.,6.25,7.2,0.,-6.25;                                       1571P   3355
126,1,1,1,0,1,0,0.,0.,1.,1.,1.,1.,0.,1.,0.,0.,0.,0.,0.,1.,0.,       1573P   3356
0.,1.;                                                              1573P   3357
110,7.2,0.,-6.25,7.,0.2,-6.25;                                      1575P   3358
126,1,1,1,0,1,0,0.,0.,1.,1.,1.,1.,0.,0.,0.,1.,0.,0.,0.,1.,0.,       1577P   3359
0.,1.;                                                              1577P   3360
110,7.,0.2,-6.25,7.,0.2,6.25;                                       1579P   3361
126,1,1,1,0,1,0,0.,0.,1.,1.,1.,1.,1.,0.,0.,1.,1.,0.,0.,1.,0.,       1581P   3362
0.,1.;                                                              1581P   3363
110,7.,0.2,6.25,7.2,0.,6.25;                                        1583P   3364
102,4,1569,1573,1577,1581;                                          1585P   3365
102,4,1571,1575,1579,1583;                                          1587P   3366
142,1,1567,1585,1587,1;                                             1589P   3367
144,1567,1,0,1589;                                                  1591P   3368
110,-6.25,1000.2,-6.25,-6.25,0.2,-6.25;                             1593P   3369
110,-6.25,0.2,-7.,-6.25,0.,-7.2;                                    1595P   3370
120,1593,1595,0.,6.28318530717959;                                  1597P   3371
126,1,1,1,0,1,0,0.,0.,1.,1.,1.,1.,0.,4.71238898,0.,0.,              1599P   3372
6.283185307,0.,0.,1.,0.,0.,1.;                                      1599P   3373
124,-1.,6.98296267768627E-15,0.,-12.5,-4.27583144589696E-31,        1601P   3374
-6.12323399573677E-17,-1.,-6.05000000000001,                        1601P   3375
-6.98296267768627E-15,-1.,6.12323399573677E-17,                     1601P   3376
-6.05000000000005;                                                  1601P   3377
100,-6.25,-6.25,0.2,-5.5,0.2,-6.25,0.95;                            1603P   3378
126,1,1,1,0,1,0,0.,0.,1.,1.,1.,1.,0.,6.283185307,0.,1.,             1605P   3379
6.283185307,0.,0.,1.,0.,0.,1.;                                      1605P   3380
110,-6.25,0.2,-7.,-6.25,0.,-7.2;                                    1607P   3381
126,1,1,1,0,1,0,0.,0.,1.,1.,1.,1.,1.,6.283185307,0.,1.,             1609P   3382
4.71238898,0.,0.,1.,0.,0.,1.;                                       1609P   3383
124,6.12323399573677E-17,-1.,0.,-6.25,6.12323399573677E-17,         1611P   3384
3.74939945665464E-33,1.,6.25000000000001,-1.,                       1611P   3385
-6.12323399573677E-17,6.12323399573677E-17,-12.5;                   1611P   3386
100,-6.25,-6.25,0.,-5.3,0.,-6.25,0.95;                              1613P   3387
126,1,1,1,0,1,0,0.,0.,1.,1.,1.,1.,1.,4.71238898,0.,0.,              1615P   3388
4.71238898,0.,0.,1.,0.,0.,1.;                                       1615P   3389
110,-7.2,0.,-6.25,-7.,0.2,-6.25;                                    1617P   3390
102,4,1599,1605,1609,1615;                                          1619P   3391
102,4,1603,1607,1613,1617;                                          1621P   3392
142,1,1597,1619,1621,1;                                             1623P   3393
144,1597,1,0,1623;                                                  1625P   3394
110,6.25,1000.2,-6.25,6.25,0.2,-6.25;                               1627P   3395
110,6.25,0.2,-7.,6.25,0.,-7.2;                                      1629P   3396
120,1627,1629,0.,6.28318530717959;                                  1631P   3397
126,1,1,1,0,1,0,0.,0.,1.,1.,1.,1.,1.,1.570796327,0.,1.,0.,0.,       1633P   3398
0.,1.,0.,0.,1.;                                                     1633P   3399
124,1.,0.,0.,0.,0.,6.12323399573677E-17,1.,6.25000000000001,0.,     1635P   3400
-1.,6.12323399573677E-17,-6.25000000000001;                         1635P   3401
100,-6.25,6.25,0.,7.2,0.,6.25,0.95;                                 1637P   3402
126,1,1,1,0,1,0,0.,0.,1.,1.,1.,1.,1.,0.,0.,0.,0.,0.,0.,1.,0.,       1639P   3403
0.,1.;                                                              1639P   3404
110,6.25,0.,-7.2,6.25,0.2,-7.;                                      1641P   3405
126,1,1,1,0,1,0,0.,0.,1.,1.,1.,1.,0.,0.,0.,0.,1.570796327,0.,       1643P   3406
0.,1.,0.,0.,1.;                                                     1643P   3407
124,1.40271576953299E-14,1.,0.,6.04999999999991,                    1645P   3408
-6.12323399573677E-17,8.58915688636046E-31,-1.,                     1645P   3409
-6.05000000000001,-1.,1.40271576953299E-14,                         1645P   3410
6.12323399573677E-17,-1.19097549412145E-14;                         1645P   3411
100,-6.25,6.25,0.2,7.,0.2,6.25,0.95;                                1647P   3412
126,1,1,1,0,1,0,0.,0.,1.,1.,1.,1.,0.,1.570796327,0.,1.,             1649P   3413
1.570796327,0.,0.,1.,0.,0.,1.;                                      1649P   3414
110,7.,0.2,-6.25,7.2,0.,-6.25;                                      1651P   3415
102,4,1633,1639,1643,1649;                                          1653P   3416
102,4,1637,1641,1647,1651;                                          1655P   3417
142,1,1631,1653,1655,1;                                             1657P   3418
144,1631,1,0,1657;                                                  1659P   3419
128,1,1,1,1,0,0,1,0,0,0.,0.,1.,1.,0.,0.,1.,1.,1.,1.,1.,1.,          1661P   3420
-6.25,0.2,-7.,6.25,0.2,-7.,-6.25,0.,-7.2,6.25,0.,-7.2,0.,1.,0.,     1661P   3421
1.;                                                                 1661P   3422
126,1,1,1,0,1,0,0.,0.,1.,1.,1.,1.,0.,0.,0.,1.,0.,0.,0.,1.,0.,       1663P   3423
0.,1.;                                                              1663P   3424
110,-6.25,0.2,-7.,6.25,0.2,-7.;                                     1665P   3425
126,1,1,1,0,1,0,0.,0.,1.,1.,1.,1.,1.,0.,0.,1.,1.,0.,0.,1.,0.,       1667P   3426
0.,1.;                                                              1667P   3427
110,6.25,0.2,-7.,6.25,0.,-7.2;                                      1669P   3428
126,1,1,1,0,1,0,0.,0.,1.,1.,1.,1.,1.,1.,0.,0.,1.,0.,0.,1.,0.,       1671P   3429
0.,1.;                                                              1671P   3430
110,6.25,0.,-7.2,-6.25,0.,-7.2;                                     1673P   3431
126,1,1,1,0,1,0,0.,0.,1.,1.,1.,1.,0.,1.,0.,0.,0.,0.,0.,1.,0.,       1675P   3432
0.,1.;                                                              1675P   3433
110,-6.25,0.,-7.2,-6.25,0.2,-7.;                                    1677P   3434
102,4,1663,1667,1671,1675;                                          1679P   3435
102,4,1665,1669,1673,1677;                                          1681P   3436
142,1,1661,1679,1681,1;                                             1683P   3437
144,1661,1,0,1683;                                                  1685P   3438
128,1,1,1,1,0,0,1,0,0,0.,0.,1.,1.,0.,0.,1.,1.,1.,1.,1.,1.,          1687P   3439
-3.675,1.5,-1.7204,-3.456278341,-1.,-1.7204,-3.675,1.5,1.7204,      1687P   3440
-3.456278341,-1.,1.7204,0.,1.,0.,1.;                                1687P   3441
126,1,1,1,0,1,0,0.,0.,1.,1.,1.,1.,0.,0.994071146,0.,0.,             1689P   3442
0.005928854,0.,0.,1.,0.,0.,1.;                                      1689P   3443
110,-3.675,1.5,1.7,-3.675,1.5,-1.7;                                 1691P   3444
126,1,1,1,0,1,0,0.,0.,1.,1.,1.,1.,0.,0.005928854,0.,1.,             1693P   3445
0.069495948,0.,0.,1.,0.,0.,1.;                                      1693P   3446
110,-3.675,1.5,-1.7,-3.456278341,-1.,-1.481278341;                  1695P   3447
126,1,1,1,0,1,0,0.,0.,1.,1.,1.,1.,1.,0.069495948,0.,1.,             1697P   3448
0.930504052,0.,0.,1.,0.,0.,1.;                                      1697P   3449
110,-3.456278341,-1.,-1.481278341,-3.456278341,-1.,1.481278341;     1699P   3450
126,1,1,1,0,1,0,0.,0.,1.,1.,1.,1.,1.,0.930504052,0.,0.,             1701P   3451
0.994071146,0.,0.,1.,0.,0.,1.;                                      1701P   3452
110,-3.456278341,-1.,1.481278341,-3.675,1.5,1.7;                    1703P   3453
102,4,1689,1693,1697,1701;                                          1705P   3454
102,4,1691,1695,1699,1703;                                          1707P   3455
142,1,1687,1705,1707,1;                                             1709P   3456
144,1687,1,0,1709;                                                  1711P   3457
128,1,1,1,1,0,0,1,0,0,0.,0.,1.,1.,0.,0.,1.,1.,1.,1.,1.,1.,          1713P   3458
-3.6849,-1.,-1.481278341,-3.6849,1.5,-1.7,-2.0151,-1.,              1713P   3459
-1.481278341,-2.0151,1.5,-1.7,0.,1.,0.,1.;                          1713P   3460
126,1,1,1,0,1,0,0.,0.,1.,1.,1.,1.,1.,0.005928854,0.,1.,             1715P   3461
0.994071146,0.,0.,1.,0.,0.,1.;                                      1715P   3462
110,-3.675,1.5,-1.7,-2.025,1.5,-1.7;                                1717P   3463
126,1,1,1,0,1,0,0.,0.,1.,1.,1.,1.,1.,0.994071146,0.,0.,             1719P   3464
0.863084406,0.,0.,1.,0.,0.,1.;                                      1719P   3465
110,-2.025,1.5,-1.7,-2.243721659,-1.,-1.481278341;                  1721P   3466
126,1,1,1,0,1,0,0.,0.,1.,1.,1.,1.,0.,0.863084406,0.,0.,             1723P   3467
0.136915594,0.,0.,1.,0.,0.,1.;                                      1723P   3468
110,-2.243721659,-1.,-1.481278341,-3.456278341,-1.,                 1725P   3469
-1.481278341;                                                       1725P   3470
126,1,1,1,0,1,0,0.,0.,1.,1.,1.,1.,0.,0.136915594,0.,1.,             1727P   3471
0.005928854,0.,0.,1.,0.,0.,1.;                                      1727P   3472
110,-3.456278341,-1.,-1.481278341,-3.675,1.5,-1.7;                  1729P   3473
102,4,1715,1719,1723,1727;                                          1731P   3474
102,4,1717,1721,1725,1729;                                          1733P   3475
142,1,1713,1731,1733,1;                                             1735P   3476
144,1713,1,0,1735;                                                  1737P   3477
128,1,1,1,1,0,0,1,0,0,0.,0.,1.,1.,0.,0.,1.,1.,1.,1.,1.,1.,          1739P   3478
-2.243721659,-1.,-1.7204,-2.025,1.5,-1.7204,-2.243721659,-1.,       1739P   3479
1.7204,-2.025,1.5,1.7204,0.,1.,0.,1.;                               1739P   3480
126,1,1,1,0,1,0,0.,0.,1.,1.,1.,1.,1.,0.005928854,0.,1.,             1741P   3481
0.994071146,0.,0.,1.,0.,0.,1.;                                      1741P   3482
110,-2.025,1.5,-1.7,-2.025,1.5,1.7;                                 1743P   3483
126,1,1,1,0,1,0,0.,0.,1.,1.,1.,1.,1.,0.994071146,0.,0.,             1745P   3484
0.930504052,0.,0.,1.,0.,0.,1.;                                      1745P   3485
110,-2.025,1.5,1.7,-2.243721659,-1.,1.481278341;                    1747P   3486
126,1,1,1,0,1,0,0.,0.,1.,1.,1.,1.,0.,0.930504052,0.,0.,             1749P   3487
0.069495948,0.,0.,1.,0.,0.,1.;                                      1749P   3488
110,-2.243721659,-1.,1.481278341,-2.243721659,-1.,-1.481278341;     1751P   3489
126,1,1,1,0,1,0,0.,0.,1.,1.,1.,1.,0.,0.069495948,0.,1.,             1753P   3490
0.005928854,0.,0.,1.,0.,0.,1.;                                      1753P   3491
110,-2.243721659,-1.,-1.481278341,-2.025,1.5,-1.7;                  1755P   3492
102,4,1741,1745,1749,1753;                                          1757P   3493
102,4,1743,1747,1751,1755;                                          1759P   3494
142,1,1739,1757,1759,1;                                             1761P   3495
144,1739,1,0,1761;                                                  1763P   3496
128,1,1,1,1,0,0,1,0,0,0.,0.,1.,1.,0.,0.,1.,1.,1.,1.,1.,1.,          1765P   3497
-3.6849,1.5,1.7,-3.6849,-1.,1.481278341,-2.0151,1.5,1.7,            1765P   3498
-2.0151,-1.,1.481278341,0.,1.,0.,1.;                                1765P   3499
126,1,1,1,0,1,0,0.,0.,1.,1.,1.,1.,0.,0.994071146,0.,0.,             1767P   3500
0.005928854,0.,0.,1.,0.,0.,1.;                                      1767P   3501
110,-2.025,1.5,1.7,-3.675,1.5,1.7;                                  1769P   3502
126,1,1,1,0,1,0,0.,0.,1.,1.,1.,1.,0.,0.005928854,0.,1.,             1771P   3503
0.136915594,0.,0.,1.,0.,0.,1.;                                      1771P   3504
110,-3.675,1.5,1.7,-3.456278341,-1.,1.481278341;                    1773P   3505
126,1,1,1,0,1,0,0.,0.,1.,1.,1.,1.,1.,0.136915594,0.,1.,             1775P   3506
0.863084406,0.,0.,1.,0.,0.,1.;                                      1775P   3507
110,-3.456278341,-1.,1.481278341,-2.243721659,-1.,1.481278341;      1777P   3508
126,1,1,1,0,1,0,0.,0.,1.,1.,1.,1.,1.,0.863084406,0.,0.,             1779P   3509
0.994071146,0.,0.,1.,0.,0.,1.;                                      1779P   3510
110,-2.243721659,-1.,1.481278341,-2.025,1.5,1.7;                    1781P   3511
102,4,1767,1771,1775,1779;                                          1783P   3512
102,4,1769,1773,1777,1781;                                          1785P   3513
142,1,1765,1783,1785,1;                                             1787P   3514
144,1765,1,0,1787;                                                  1789P   3515
128,1,1,1,1,0,0,1,0,0,0.,0.,1.,1.,0.,0.,1.,1.,1.,1.,1.,1.,          1791P   3516
-3.456278341,-1.,1.481278341,-3.456278341,-1.,-1.481278341,         1791P   3517
-2.243721659,-1.,1.481278341,-2.243721659,-1.,-1.481278341,0.,      1791P   3518
1.,0.,1.;                                                           1791P   3519
126,1,1,1,0,1,0,0.,0.,1.,1.,1.,1.,0.,0.,0.,1.,0.,0.,0.,1.,0.,       1793P   3520
0.,1.;                                                              1793P   3521
110,-3.456278341,-1.,1.481278341,-3.456278341,-1.,-1.481278341;     1795P   3522
126,1,1,1,0,1,0,0.,0.,1.,1.,1.,1.,1.,0.,0.,1.,1.,0.,0.,1.,0.,       1797P   3523
0.,1.;                                                              1797P   3524
110,-3.456278341,-1.,-1.481278341,-2.243721659,-1.,                 1799P   3525
-1.481278341;                                                       1799P   3526
126,1,1,1,0,1,0,0.,0.,1.,1.,1.,1.,1.,1.,0.,0.,1.,0.,0.,1.,0.,       1801P   3527
0.,1.;                                                              1801P   3528
110,-2.243721659,-1.,-1.481278341,-2.243721659,-1.,1.481278341;     1803P   3529
126,1,1,1,0,1,0,0.,0.,1.,1.,1.,1.,0.,1.,0.,0.,0.,0.,0.,1.,0.,       1805P   3530
0.,1.;                                                              1805P   3531
110,-2.243721659,-1.,1.481278341,-3.456278341,-1.,1.481278341;      1807P   3532
102,4,1793,1797,1801,1805;                                          1809P   3533
102,4,1795,1799,1803,1807;                                          1811P   3534
142,1,1791,1809,1811,1;                                             1813P   3535
144,1791,1,0,1813;                                                  1815P   3536
128,1,1,1,1,0,0,1,0,0,0.,0.,1.,1.,0.,0.,1.,1.,1.,1.,1.,1.,          1817P   3537
2.025,1.5,-1.7204,2.243721659,-1.,-1.7204,2.025,1.5,1.7204,         1817P   3538
2.243721659,-1.,1.7204,0.,1.,0.,1.;                                 1817P   3539
126,1,1,1,0,1,0,0.,0.,1.,1.,1.,1.,0.,0.994071146,0.,0.,             1819P   3540
0.005928854,0.,0.,1.,0.,0.,1.;                                      1819P   3541
110,2.025,1.5,1.7,2.025,1.5,-1.7;                                   1821P   3542
126,1,1,1,0,1,0,0.,0.,1.,1.,1.,1.,0.,0.005928854,0.,1.,             1823P   3543
0.069495948,0.,0.,1.,0.,0.,1.;                                      1823P   3544
110,2.025,1.5,-1.7,2.243721659,-1.,-1.481278341;                    1825P   3545
126,1,1,1,0,1,0,0.,0.,1.,1.,1.,1.,1.,0.069495948,0.,1.,             1827P   3546
0.930504052,0.,0.,1.,0.,0.,1.;                                      1827P   3547
110,2.243721659,-1.,-1.481278341,2.243721659,-1.,1.481278341;       1829P   3548
126,1,1,1,0,1,0,0.,0.,1.,1.,1.,1.,1.,0.930504052,0.,0.,             1831P   3549
0.994071146,0.,0.,1.,0.,0.,1.;                                      1831P   3550
110,2.243721659,-1.,1.481278341,2.025,1.5,1.7;                      1833P   3551
102,4,1819,1823,1827,1831;                                          1835P   3552
102,4,1821,1825,1829,1833;                                          1837P   3553
142,1,1817,1835,1837,1;                                             1839P   3554
144,1817,1,0,1839;                                                  1841P   3555
128,1,1,1,1,0,0,1,0,0,0.,0.,1.,1.,0.,0.,1.,1.,1.,1.,1.,1.,          1843P   3556
2.0151,-1.,-1.481278341,2.0151,1.5,-1.7,3.6849,-1.,                 1843P   3557
-1.481278341,3.6849,1.5,-1.7,0.,1.,0.,1.;                           1843P   3558
126,1,1,1,0,1,0,0.,0.,1.,1.,1.,1.,1.,0.005928854,0.,1.,             1845P   3559
0.994071146,0.,0.,1.,0.,0.,1.;                                      1845P   3560
110,2.025,1.5,-1.7,3.675,1.5,-1.7;                                  1847P   3561
126,1,1,1,0,1,0,0.,0.,1.,1.,1.,1.,1.,0.994071146,0.,0.,             1849P   3562
0.863084406,0.,0.,1.,0.,0.,1.;                                      1849P   3563
110,3.675,1.5,-1.7,3.456278341,-1.,-1.481278341;                    1851P   3564
126,1,1,1,0,1,0,0.,0.,1.,1.,1.,1.,0.,0.863084406,0.,0.,             1853P   3565
0.136915594,0.,0.,1.,0.,0.,1.;                                      1853P   3566
110,3.456278341,-1.,-1.481278341,2.243721659,-1.,-1.481278341;      1855P   3567
126,1,1,1,0,1,0,0.,0.,1.,1.,1.,1.,0.,0.136915594,0.,1.,             1857P   3568
0.005928854,0.,0.,1.,0.,0.,1.;                                      1857P   3569
110,2.243721659,-1.,-1.481278341,2.025,1.5,-1.7;                    1859P   3570
102,4,1845,1849,1853,1857;                                          1861P   3571
102,4,1847,1851,1855,1859;                                          1863P   3572
142,1,1843,1861,1863,1;                                             1865P   3573
144,1843,1,0,1865;                                                  1867P   3574
128,1,1,1,1,0,0,1,0,0,0.,0.,1.,1.,0.,0.,1.,1.,1.,1.,1.,1.,          1869P   3575
3.456278341,-1.,-1.7204,3.675,1.5,-1.7204,3.456278341,-1.,          1869P   3576
1.7204,3.675,1.5,1.7204,0.,1.,0.,1.;                                1869P   3577
126,1,1,1,0,1,0,0.,0.,1.,1.,1.,1.,1.,0.005928854,0.,1.,             1871P   3578
0.994071146,0.,0.,1.,0.,0.,1.;                                      1871P   3579
110,3.675,1.5,-1.7,3.675,1.5,1.7;                                   1873P   3580
126,1,1,1,0,1,0,0.,0.,1.,1.,1.,1.,1.,0.994071146,0.,0.,             1875P   3581
0.930504052,0.,0.,1.,0.,0.,1.;                                      1875P   3582
110,3.675,1.5,1.7,3.456278341,-1.,1.481278341;                      1877P   3583
126,1,1,1,0,1,0,0.,0.,1.,1.,1.,1.,0.,0.930504052,0.,0.,             1879P   3584
0.069495948,0.,0.,1.,0.,0.,1.;                                      1879P   3585
110,3.456278341,-1.,1.481278341,3.456278341,-1.,-1.481278341;       1881P   3586
126,1,1,1,0,1,0,0.,0.,1.,1.,1.,1.,0.,0.069495948,0.,1.,             1883P   3587
0.005928854,0.,0.,1.,0.,0.,1.;                                      1883P   3588
110,3.456278341,-1.,-1.481278341,3.675,1.5,-1.7;                    1885P   3589
102,4,1871,1875,1879,1883;                                          1887P   3590
102,4,1873,1877,1881,1885;                                          1889P   3591
142,1,1869,1887,1889,1;                                             1891P   3592
144,1869,1,0,1891;                                                  1893P   3593
128,1,1,1,1,0,0,1,0,0,0.,0.,1.,1.,0.,0.,1.,1.,1.,1.,1.,1.,          1895P   3594
2.0151,1.5,1.7,2.0151,-1.,1.481278341,3.6849,1.5,1.7,3.6849,        1895P   3595
-1.,1.481278341,0.,1.,0.,1.;                                        1895P   3596
126,1,1,1,0,1,0,0.,0.,1.,1.,1.,1.,0.,0.994071146,0.,0.,             1897P   3597
0.005928854,0.,0.,1.,0.,0.,1.;                                      1897P   3598
110,3.675,1.5,1.7,2.025,1.5,1.7;                                    1899P   3599
126,1,1,1,0,1,0,0.,0.,1.,1.,1.,1.,0.,0.005928854,0.,1.,             1901P   3600
0.136915594,0.,0.,1.,0.,0.,1.;                                      1901P   3601
110,2.025,1.5,1.7,2.243721659,-1.,1.481278341;                      1903P   3602
126,1,1,1,0,1,0,0.,0.,1.,1.,1.,1.,1.,0.136915594,0.,1.,             1905P   3603
0.863084406,0.,0.,1.,0.,0.,1.;                                      1905P   3604
110,2.243721659,-1.,1.481278341,3.456278341,-1.,1.481278341;        1907P   3605
126,1,1,1,0,1,0,0.,0.,1.,1.,1.,1.,1.,0.863084406,0.,0.,             1909P   3606
0.994071146,0.,0.,1.,0.,0.,1.;                                      1909P   3607
110,3.456278341,-1.,1.481278341,3.675,1.5,1.7;                      1911P   3608
102,4,1897,1901,1905,1909;                                          1913P   3609
102,4,1899,1903,1907,1911;                                          1915P   3610
142,1,1895,1913,1915,1;                                             1917P   3611
144,1895,1,0,1917;                                                  1919P   3612
128,1,1,1,1,0,0,1,0,0,0.,0.,1.,1.,0.,0.,1.,1.,1.,1.,1.,1.,          1921P   3613
2.243721659,-1.,1.481278341,2.243721659,-1.,-1.481278341,           1921P   3614
3.456278341,-1.,1.481278341,3.456278341,-1.,-1.481278341,0.,1.,     1921P   3615
0.,1.;                                                              1921P   3616
126,1,1,1,0,1,0,0.,0.,1.,1.,1.,1.,0.,0.,0.,1.,0.,0.,0.,1.,0.,       1923P   3617
0.,1.;                                                              1923P   3618
110,2.243721659,-1.,1.481278341,2.243721659,-1.,-1.481278341;       1925P   3619
126,1,1,1,0,1,0,0.,0.,1.,1.,1.,1.,1.,0.,0.,1.,1.,0.,0.,1.,0.,       1927P   3620
0.,1.;                                                              1927P   3621
110,2.243721659,-1.,-1.481278341,3.456278341,-1.,-1.481278341;      1929P   3622
126,1,1,1,0,1,0,0.,0.,1.,1.,1.,1.,1.,1.,0.,0.,1.,0.,0.,1.,0.,       1931P   3623
0.,1.;                                                              1931P   3624
110,3.456278341,-1.,-1.481278341,3.456278341,-1.,1.481278341;       1933P   3625
126,1,1,1,0,1,0,0.,0.,1.,1.,1.,1.,0.,1.,0.,0.,0.,0.,0.,1.,0.,       1935P   3626
0.,1.;                                                              1935P   3627
110,3.456278341,-1.,1.481278341,2.243721659,-1.,1.481278341;        1937P   3628
102,4,1923,1927,1931,1935;                                          1939P   3629
102,4,1925,1929,1933,1937;                                          1941P   3630
142,1,1921,1939,1941,1;                                             1943P   3631
144,1921,1,0,1943;                                                  1945P   3632
S      1G      4D   1946P   3632                                        T      1
