SolidWorks IGES file using analytic representation for surfaces         S      1
1H,,1H;,22HKailh LP Keycap.SLDPRT,38HG:\byScottua\Keyboards\Kailh\Space.G      1
IGS,15HSolidWorks 2018,15HSolidWorks 2018,32,308,15,308,15,22HKailh LP KG      2
eycap.SLDPRT,1.,2,2HMM,50,0.125,13H200324.122156,1E-08,499990.,6HPHFHXE,G      3
,11,0,13H200324.122156;                                                 G      4
     314       1       0       0       0                        00000200D      1
     314       0       8       1       0                               0D      2
     128       2       0       0       0                        01010000D      3
     128       0       0       3       0                               0D      4
     126       5       0       0       0                        01010500D      5
     126       0       0       2       0                               0D      6
     110       7       0       0       0                        01010000D      7
     110       0       0       1       0                               0D      8
     126       8       0       0       0                        01010500D      9
     126       0       0       6       0                               0D     10
     124      14       0       0       0                        00000000D     11
     124       0       0       3       0                               0D     12
     100      17       0       0       0              11        01010000D     13
     100       0       0       1       0                               0D     14
     126      18       0       0       0                        01010500D     15
     126       0       0       2       0                               0D     16
     110      20       0       0       0                        01010000D     17
     110       0       0       1       0                               0D     18
     126      21       0       0       0                        01010500D     19
     126       0       0       6       0                               0D     20
     124      27       0       0       0                        00000000D     21
     124       0       0       3       0                               0D     22
     100      30       0       0       0              21        01010000D     23
     100       0       0       1       0                               0D     24
     126      31       0       0       0                        01010500D     25
     126       0       0       2       0                               0D     26
     110      33       0       0       0                        01010000D     27
     110       0       0       1       0                               0D     28
     126      34       0       0       0                        01010500D     29
     126       0       0       6       0                               0D     30
     124      40       0       0       0                        00000000D     31
     124       0       0       2       0                               0D     32
     100      42       0       0       0              31        01010000D     33
     100       0       0       1       0                               0D     34
     126      43       0       0       0                        01010500D     35
     126       0       0       2       0                               0D     36
     110      45       0       0       0                        01010000D     37
     110       0       0       1       0                               0D     38
     126      46       0       0       0                        01010500D     39
     126       0       0       6       0                               0D     40
     124      52       0       0       0                        00000000D     41
     124       0       0       3       0                               0D     42
     100      55       0       0       0              41        01010000D     43
     100       0       0       1       0                               0D     44
     102      56       0       0       0                        01010500D     45
     102       0       0       1       0                               0D     46
     102      57       0       0       0                        01010000D     47
     102       0       0       1       0                               0D     48
     142      58       0       0       0                        00010500D     49
     142       0       0       1       0                               0D     50
     126      59       0       0       0                        01010500D     51
     126       0       0       2       0                               0D     52
     110      61       0       0       0                        01010000D     53
     110       0       0       1       0                               0D     54
     126      62       0       0       0                        01010500D     55
     126       0       0       2       0                               0D     56
     110      64       0       0       0                        01010000D     57
     110       0       0       1       0                               0D     58
     126      65       0       0       0                        01010500D     59
     126       0       0       2       0                               0D     60
     110      67       0       0       0                        01010000D     61
     110       0       0       1       0                               0D     62
     126      68       0       0       0                        01010500D     63
     126       0       0       2       0                               0D     64
     110      70       0       0       0                        01010000D     65
     110       0       0       1       0                               0D     66
     102      71       0       0       0                        01010500D     67
     102       0       0       1       0                               0D     68
     102      72       0       0       0                        01010000D     69
     102       0       0       1       0                               0D     70
     142      73       0       0       0                        00010500D     71
     142       0       0       1       0                               0D     72
     126      74       0       0       0                        01010500D     73
     126       0       0       2       0                               0D     74
     110      76       0       0       0                        01010000D     75
     110       0       0       1       0                               0D     76
     126      77       0       0       0                        01010500D     77
     126       0       0       2       0                               0D     78
     110      79       0       0       0                        01010000D     79
     110       0       0       1       0                               0D     80
     126      80       0       0       0                        01010500D     81
     126       0       0       2       0                               0D     82
     110      82       0       0       0                        01010000D     83
     110       0       0       1       0                               0D     84
     126      83       0       0       0                        01010500D     85
     126       0       0       2       0                               0D     86
     110      85       0       0       0                        01010000D     87
     110       0       0       1       0                               0D     88
     102      86       0       0       0                        01010500D     89
     102       0       0       1       0                               0D     90
     102      87       0       0       0                        01010000D     91
     102       0       0       1       0                               0D     92
     142      88       0       0       0                        00010500D     93
     142       0       0       1       0                               0D     94
     144      89       0       0       0                        00000000D     95
     144       0      -1       1       0                               0D     96
     110      90       0       0       0                        01010000D     97
     110       0       0       1       0                               0D     98
     110      91       0       0       0                        01010000D     99
     110       0       0       1       0                               0D    100
     120      92       0       0       0                        01010000D    101
     120       0       0       1       0                               0D    102
     126      93       0       0       0                        01010500D    103
     126       0       0       2       0                               0D    104
     110      95       0       0       0                        01010000D    105
     110       0       0       1       0                               0D    106
     126      96       0       0       0                        01010500D    107
     126       0       0       2       0                               0D    108
     124      98       0       0       0                        00000000D    109
     124       0       0       2       0                               0D    110
     100     100       0       0       0             109        01010000D    111
     100       0       0       1       0                               0D    112
     126     101       0       0       0                        01010500D    113
     126       0       0       2       0                               0D    114
     110     103       0       0       0                        01010000D    115
     110       0       0       1       0                               0D    116
     126     104       0       0       0                        01010500D    117
     126       0       0       2       0                               0D    118
     124     106       0       0       0                        00000000D    119
     124       0       0       3       0                               0D    120
     100     109       0       0       0             119        01010000D    121
     100       0       0       1       0                               0D    122
     102     110       0       0       0                        01010500D    123
     102       0       0       1       0                               0D    124
     102     111       0       0       0                        01010000D    125
     102       0       0       1       0                               0D    126
     142     112       0       0       0                        00010500D    127
     142       0       0       1       0                               0D    128
     144     113       0       0       0                        00000000D    129
     144       0      -1       1       0                               0D    130
     128     114       0       0       0                        01010000D    131
     128       0       0       2       0                               0D    132
     126     116       0       0       0                        01010500D    133
     126       0       0       2       0                               0D    134
     110     118       0       0       0                        01010000D    135
     110       0       0       1       0                               0D    136
     126     119       0       0       0                        01010500D    137
     126       0       0       2       0                               0D    138
     110     121       0       0       0                        01010000D    139
     110       0       0       1       0                               0D    140
     126     122       0       0       0                        01010500D    141
     126       0       0       2       0                               0D    142
     110     124       0       0       0                        01010000D    143
     110       0       0       1       0                               0D    144
     126     125       0       0       0                        01010500D    145
     126       0       0       2       0                               0D    146
     110     127       0       0       0                        01010000D    147
     110       0       0       1       0                               0D    148
     102     128       0       0       0                        01010500D    149
     102       0       0       1       0                               0D    150
     102     129       0       0       0                        01010000D    151
     102       0       0       1       0                               0D    152
     142     130       0       0       0                        00010500D    153
     142       0       0       1       0                               0D    154
     144     131       0       0       0                        00000000D    155
     144       0      -1       1       0                               0D    156
     110     132       0       0       0                        01010000D    157
     110       0       0       1       0                               0D    158
     110     133       0       0       0                        01010000D    159
     110       0       0       1       0                               0D    160
     120     134       0       0       0                        01010000D    161
     120       0       0       1       0                               0D    162
     126     135       0       0       0                        01010500D    163
     126       0       0       2       0                               0D    164
     110     137       0       0       0                        01010000D    165
     110       0       0       1       0                               0D    166
     126     138       0       0       0                        01010500D    167
     126       0       0       2       0                               0D    168
     124     140       0       0       0                        00000000D    169
     124       0       0       3       0                               0D    170
     100     143       0       0       0             169        01010000D    171
     100       0       0       1       0                               0D    172
     126     144       0       0       0                        01010500D    173
     126       0       0       2       0                               0D    174
     110     146       0       0       0                        01010000D    175
     110       0       0       1       0                               0D    176
     126     147       0       0       0                        01010500D    177
     126       0       0       2       0                               0D    178
     124     149       0       0       0                        00000000D    179
     124       0       0       2       0                               0D    180
     100     151       0       0       0             179        01010000D    181
     100       0       0       1       0                               0D    182
     102     152       0       0       0                        01010500D    183
     102       0       0       1       0                               0D    184
     102     153       0       0       0                        01010000D    185
     102       0       0       1       0                               0D    186
     142     154       0       0       0                        00010500D    187
     142       0       0       1       0                               0D    188
     144     155       0       0       0                        00000000D    189
     144       0      -1       1       0                               0D    190
     128     156       0       0       0                        01010000D    191
     128       0       0       3       0                               0D    192
     126     159       0       0       0                        01010500D    193
     126       0       0       2       0                               0D    194
     110     161       0       0       0                        01010000D    195
     110       0       0       1       0                               0D    196
     126     162       0       0       0                        01010500D    197
     126       0       0       2       0                               0D    198
     110     164       0       0       0                        01010000D    199
     110       0       0       1       0                               0D    200
     126     165       0       0       0                        01010500D    201
     126       0       0       2       0                               0D    202
     110     167       0       0       0                        01010000D    203
     110       0       0       1       0                               0D    204
     126     168       0       0       0                        01010500D    205
     126       0       0       2       0                               0D    206
     110     170       0       0       0                        01010000D    207
     110       0       0       1       0                               0D    208
     102     171       0       0       0                        01010500D    209
     102       0       0       1       0                               0D    210
     102     172       0       0       0                        01010000D    211
     102       0       0       1       0                               0D    212
     142     173       0       0       0                        00010500D    213
     142       0       0       1       0                               0D    214
     144     174       0       0       0                        00000000D    215
     144       0      -1       1       0                               0D    216
     110     175       0       0       0                        01010000D    217
     110       0       0       1       0                               0D    218
     110     176       0       0       0                        01010000D    219
     110       0       0       1       0                               0D    220
     120     177       0       0       0                        01010000D    221
     120       0       0       1       0                               0D    222
     126     178       0       0       0                        01010500D    223
     126       0       0       2       0                               0D    224
     110     180       0       0       0                        01010000D    225
     110       0       0       1       0                               0D    226
     126     181       0       0       0                        01010500D    227
     126       0       0       2       0                               0D    228
     124     183       0       0       0                        00000000D    229
     124       0       0       3       0                               0D    230
     100     186       0       0       0             229        01010000D    231
     100       0       0       1       0                               0D    232
     126     187       0       0       0                        01010500D    233
     126       0       0       2       0                               0D    234
     110     189       0       0       0                        01010000D    235
     110       0       0       1       0                               0D    236
     126     190       0       0       0                        01010500D    237
     126       0       0       2       0                               0D    238
     124     192       0       0       0                        00000000D    239
     124       0       0       3       0                               0D    240
     100     195       0       0       0             239        01010000D    241
     100       0       0       1       0                               0D    242
     102     196       0       0       0                        01010500D    243
     102       0       0       1       0                               0D    244
     102     197       0       0       0                        01010000D    245
     102       0       0       1       0                               0D    246
     142     198       0       0       0                        00010500D    247
     142       0       0       1       0                               0D    248
     144     199       0       0       0                        00000000D    249
     144       0      -1       1       0                               0D    250
     128     200       0       0       0                        01010000D    251
     128       0       0       3       0                               0D    252
     126     203       0       0       0                        01010500D    253
     126       0       0       2       0                               0D    254
     110     205       0       0       0                        01010000D    255
     110       0       0       1       0                               0D    256
     126     206       0       0       0                        01010500D    257
     126       0       0       2       0                               0D    258
     110     208       0       0       0                        01010000D    259
     110       0       0       1       0                               0D    260
     126     209       0       0       0                        01010500D    261
     126       0       0       2       0                               0D    262
     110     211       0       0       0                        01010000D    263
     110       0       0       1       0                               0D    264
     126     212       0       0       0                        01010500D    265
     126       0       0       2       0                               0D    266
     110     214       0       0       0                        01010000D    267
     110       0       0       1       0                               0D    268
     102     215       0       0       0                        01010500D    269
     102       0       0       1       0                               0D    270
     102     216       0       0       0                        01010000D    271
     102       0       0       1       0                               0D    272
     142     217       0       0       0                        00010500D    273
     142       0       0       1       0                               0D    274
     144     218       0       0       0                        00000000D    275
     144       0      -1       1       0                               0D    276
     110     219       0       0       0                        01010000D    277
     110       0       0       1       0                               0D    278
     110     220       0       0       0                        01010000D    279
     110       0       0       1       0                               0D    280
     120     221       0       0       0                        01010000D    281
     120       0       0       1       0                               0D    282
     126     222       0       0       0                        01010500D    283
     126       0       0       2       0                               0D    284
     110     224       0       0       0                        01010000D    285
     110       0       0       1       0                               0D    286
     126     225       0       0       0                        01010500D    287
     126       0       0       2       0                               0D    288
     124     227       0       0       0                        00000000D    289
     124       0       0       3       0                               0D    290
     100     230       0       0       0             289        01010000D    291
     100       0       0       1       0                               0D    292
     126     231       0       0       0                        01010500D    293
     126       0       0       2       0                               0D    294
     110     233       0       0       0                        01010000D    295
     110       0       0       1       0                               0D    296
     126     234       0       0       0                        01010500D    297
     126       0       0       2       0                               0D    298
     124     236       0       0       0                        00000000D    299
     124       0       0       3       0                               0D    300
     100     239       0       0       0             299        01010000D    301
     100       0       0       1       0                               0D    302
     102     240       0       0       0                        01010500D    303
     102       0       0       1       0                               0D    304
     102     241       0       0       0                        01010000D    305
     102       0       0       1       0                               0D    306
     142     242       0       0       0                        00010500D    307
     142       0       0       1       0                               0D    308
     144     243       0       0       0                        00000000D    309
     144       0      -1       1       0                               0D    310
     128     244       0       0       0                        01010000D    311
     128       0       0       2       0                               0D    312
     126     246       0       0       0                        01010500D    313
     126       0       0       2       0                               0D    314
     110     248       0       0       0                        01010000D    315
     110       0       0       1       0                               0D    316
     126     249       0       0       0                        01010500D    317
     126       0       0       2       0                               0D    318
     110     251       0       0       0                        01010000D    319
     110       0       0       1       0                               0D    320
     126     252       0       0       0                        01010500D    321
     126       0       0       2       0                               0D    322
     110     254       0       0       0                        01010000D    323
     110       0       0       1       0                               0D    324
     126     255       0       0       0                        01010500D    325
     126       0       0       2       0                               0D    326
     110     257       0       0       0                        01010000D    327
     110       0       0       1       0                               0D    328
     102     258       0       0       0                        01010500D    329
     102       0       0       1       0                               0D    330
     102     259       0       0       0                        01010000D    331
     102       0       0       1       0                               0D    332
     142     260       0       0       0                        00010500D    333
     142       0       0       1       0                               0D    334
     144     261       0       0       0                        00000000D    335
     144       0      -1       1       0                               0D    336
     128     262       0       0       0                        01010000D    337
     128       0       0       3       0                               0D    338
     126     265       0       0       0                        01010500D    339
     126       0       0       2       0                               0D    340
     110     267       0       0       0                        01010000D    341
     110       0       0       1       0                               0D    342
     126     268       0       0       0                        01010500D    343
     126       0       0       2       0                               0D    344
     110     270       0       0       0                        01010000D    345
     110       0       0       1       0                               0D    346
     126     271       0       0       0                        01010500D    347
     126       0       0       2       0                               0D    348
     110     273       0       0       0                        01010000D    349
     110       0       0       1       0                               0D    350
     126     274       0       0       0                        01010500D    351
     126       0       0       2       0                               0D    352
     110     276       0       0       0                        01010000D    353
     110       0       0       1       0                               0D    354
     102     277       0       0       0                        01010500D    355
     102       0       0       1       0                               0D    356
     102     278       0       0       0                        01010000D    357
     102       0       0       1       0                               0D    358
     142     279       0       0       0                        00010500D    359
     142       0       0       1       0                               0D    360
     144     280       0       0       0                        00000000D    361
     144       0      -1       1       0                               0D    362
     128     281       0       0       0                        01010000D    363
     128       0       0       3       0                               0D    364
     126     284       0       0       0                        01010500D    365
     126       0       0       2       0                               0D    366
     110     286       0       0       0                        01010000D    367
     110       0       0       1       0                               0D    368
     126     287       0       0       0                        01010500D    369
     126       0       0      11       0                               0D    370
     124     298       0       0       0                        00000000D    371
     124       0       0       2       0                               0D    372
     100     300       0       0       0             371        01010000D    373
     100       0       0       1       0                               0D    374
     126     301       0       0       0                        01010500D    375
     126       0       0       2       0                               0D    376
     110     303       0       0       0                        01010000D    377
     110       0       0       1       0                               0D    378
     126     304       0       0       0                        01010500D    379
     126       0       0      11       0                               0D    380
     124     315       0       0       0                        00000000D    381
     124       0       0       3       0                               0D    382
     100     318       0       0       0             381        01010000D    383
     100       0       0       1       0                               0D    384
     126     319       0       0       0                        01010500D    385
     126       0       0       2       0                               0D    386
     110     321       0       0       0                        01010000D    387
     110       0       0       1       0                               0D    388
     126     322       0       0       0                        01010500D    389
     126       0       0      11       0                               0D    390
     124     333       0       0       0                        00000000D    391
     124       0       0       3       0                               0D    392
     100     336       0       0       0             391        01010000D    393
     100       0       0       1       0                               0D    394
     126     337       0       0       0                        01010500D    395
     126       0       0       2       0                               0D    396
     110     339       0       0       0                        01010000D    397
     110       0       0       1       0                               0D    398
     126     340       0       0       0                        01010500D    399
     126       0       0      11       0                               0D    400
     124     351       0       0       0                        00000000D    401
     124       0       0       3       0                               0D    402
     100     354       0       0       0             401        01010000D    403
     100       0       0       1       0                               0D    404
     102     355       0       0       0                        01010500D    405
     102       0       0       1       0                               0D    406
     102     356       0       0       0                        01010000D    407
     102       0       0       1       0                               0D    408
     142     357       0       0       0                        00010500D    409
     142       0       0       1       0                               0D    410
     126     358       0       0       0                        01010500D    411
     126       0       0       2       0                               0D    412
     110     360       0       0       0                        01010000D    413
     110       0       0       1       0                               0D    414
     126     361       0       0       0                        01010500D    415
     126       0       0      11       0                               0D    416
     124     372       0       0       0                        00000000D    417
     124       0       0       3       0                               0D    418
     100     375       0       0       0             417        01010000D    419
     100       0       0       1       0                               0D    420
     126     376       0       0       0                        01010500D    421
     126       0       0       2       0                               0D    422
     110     378       0       0       0                        01010000D    423
     110       0       0       1       0                               0D    424
     126     379       0       0       0                        01010500D    425
     126       0       0      11       0                               0D    426
     124     390       0       0       0                        00000000D    427
     124       0       0       3       0                               0D    428
     100     393       0       0       0             427        01010000D    429
     100       0       0       1       0                               0D    430
     126     394       0       0       0                        01010500D    431
     126       0       0       2       0                               0D    432
     110     396       0       0       0                        01010000D    433
     110       0       0       1       0                               0D    434
     126     397       0       0       0                        01010500D    435
     126       0       0      11       0                               0D    436
     124     408       0       0       0                        00000000D    437
     124       0       0       3       0                               0D    438
     100     411       0       0       0             437        01010000D    439
     100       0       0       1       0                               0D    440
     126     412       0       0       0                        01010500D    441
     126       0       0       2       0                               0D    442
     110     414       0       0       0                        01010000D    443
     110       0       0       1       0                               0D    444
     126     415       0       0       0                        01010500D    445
     126       0       0      11       0                               0D    446
     124     426       0       0       0                        00000000D    447
     124       0       0       3       0                               0D    448
     100     429       0       0       0             447        01010000D    449
     100       0       0       1       0                               0D    450
     102     430       0       0       0                        01010500D    451
     102       0       0       1       0                               0D    452
     102     431       0       0       0                        01010000D    453
     102       0       0       1       0                               0D    454
     142     432       0       0       0                        00010500D    455
     142       0       0       1       0                               0D    456
     144     433       0       0       0                        00000000D    457
     144       0      -1       1       0                               0D    458
     128     434       0       0       0                        01010000D    459
     128       0       0      61       0                               0D    460
     126     495       0       0       0                        01010500D    461
     126       0       0       2       0                               0D    462
     126     497       0       0       0                        01010000D    463
     126       0       0       4       0                               0D    464
     126     501       0       0       0                        01010500D    465
     126       0       0       2       0                               0D    466
     124     503       0       0       0                        00000000D    467
     124       0       0       3       0                               0D    468
     100     506       0       0       0             467        01010000D    469
     100       0       0       1       0                               0D    470
     126     507       0       0       0                        01010500D    471
     126       0       0       2       0                               0D    472
     126     509       0       0       0                        01010000D    473
     126       0       0       4       0                               0D    474
     102     513       0       0       0                        01010500D    475
     102       0       0       1       0                               0D    476
     102     514       0       0       0                        01010000D    477
     102       0       0       1       0                               0D    478
     142     515       0       0       0                        00010500D    479
     142       0       0       1       0                               0D    480
     144     516       0       0       0                        00000000D    481
     144       0      -1       1       0                               0D    482
     110     517       0       0       0                        01010000D    483
     110       0       0       1       0                               0D    484
     110     518       0       0       0                        01010000D    485
     110       0       0       1       0                               0D    486
     120     519       0       0       0                        01010000D    487
     120       0       0       1       0                               0D    488
     126     520       0       0       0                        01010500D    489
     126       0       0       8       0                               0D    490
     126     528       0       0       0                        01010000D    491
     126       0       0       4       0                               0D    492
     126     532       0       0       0                        01010500D    493
     126       0       0       2       0                               0D    494
     110     534       0       0       0                        01010000D    495
     110       0       0       1       0                               0D    496
     126     535       0       0       0                        01010500D    497
     126       0       0       8       0                               0D    498
     126     543       0       0       0                        01010000D    499
     126       0       0       4       0                               0D    500
     126     547       0       0       0                        01010500D    501
     126       0       0       2       0                               0D    502
     110     549       0       0       0                        01010000D    503
     110       0       0       1       0                               0D    504
     102     550       0       0       0                        01010500D    505
     102       0       0       1       0                               0D    506
     102     551       0       0       0                        01010000D    507
     102       0       0       1       0                               0D    508
     142     552       0       0       0                        00010500D    509
     142       0       0       1       0                               0D    510
     144     553       0       0       0                        00000000D    511
     144       0      -1       1       0                               0D    512
     110     554       0       0       0                        01010000D    513
     110       0       0       1       0                               0D    514
     110     555       0       0       0                        01010000D    515
     110       0       0       1       0                               0D    516
     120     556       0       0       0                        01010000D    517
     120       0       0       1       0                               0D    518
     126     557       0       0       0                        01010500D    519
     126       0       0       8       0                               0D    520
     126     565       0       0       0                        01010000D    521
     126       0       0       4       0                               0D    522
     126     569       0       0       0                        01010500D    523
     126       0       0       2       0                               0D    524
     110     571       0       0       0                        01010000D    525
     110       0       0       1       0                               0D    526
     126     572       0       0       0                        01010500D    527
     126       0       0       8       0                               0D    528
     126     580       0       0       0                        01010000D    529
     126       0       0       4       0                               0D    530
     126     584       0       0       0                        01010500D    531
     126       0       0       2       0                               0D    532
     110     586       0       0       0                        01010000D    533
     110       0       0       1       0                               0D    534
     102     587       0       0       0                        01010500D    535
     102       0       0       1       0                               0D    536
     102     588       0       0       0                        01010000D    537
     102       0       0       1       0                               0D    538
     142     589       0       0       0                        00010500D    539
     142       0       0       1       0                               0D    540
     144     590       0       0       0                        00000000D    541
     144       0      -1       1       0                               0D    542
     128     591       0       0       0                        01010000D    543
     128       0       0      63       0                               0D    544
     126     654       0       0       0                        01010500D    545
     126       0       0       2       0                               0D    546
     126     656       0       0       0                        01010000D    547
     126       0       0       4       0                               0D    548
     126     660       0       0       0                        01010500D    549
     126       0       0       2       0                               0D    550
     124     662       0       0       0                        00000000D    551
     124       0       0       2       0                               0D    552
     100     664       0       0       0             551        01010000D    553
     100       0       0       1       0                               0D    554
     126     665       0       0       0                        01010500D    555
     126       0       0       2       0                               0D    556
     126     667       0       0       0                        01010000D    557
     126       0       0       4       0                               0D    558
     102     671       0       0       0                        01010500D    559
     102       0       0       1       0                               0D    560
     102     672       0       0       0                        01010000D    561
     102       0       0       1       0                               0D    562
     142     673       0       0       0                        00010500D    563
     142       0       0       1       0                               0D    564
     144     674       0       0       0                        00000000D    565
     144       0      -1       1       0                               0D    566
     128     675       0       0       0                        01010000D    567
     128       0       0      63       0                               0D    568
     126     738       0       0       0                        01010500D    569
     126       0       0       2       0                               0D    570
     124     740       0       0       0                        00000000D    571
     124       0       0       3       0                               0D    572
     100     743       0       0       0             571        01010000D    573
     100       0       0       1       0                               0D    574
     126     744       0       0       0                        01010500D    575
     126       0       0       2       0                               0D    576
     126     746       0       0       0                        01010000D    577
     126       0       0       4       0                               0D    578
     126     750       0       0       0                        01010500D    579
     126       0       0       2       0                               0D    580
     126     752       0       0       0                        01010500D    581
     126       0       0       2       0                               0D    582
     126     754       0       0       0                        01010000D    583
     126       0       0       4       0                               0D    584
     102     758       0       0       0                        01010500D    585
     102       0       0       1       0                               0D    586
     102     759       0       0       0                        01010000D    587
     102       0       0       1       0                               0D    588
     142     760       0       0       0                        00010500D    589
     142       0       0       1       0                               0D    590
     144     761       0       0       0                        00000000D    591
     144       0      -1       1       0                               0D    592
     110     762       0       0       0                        01010000D    593
     110       0       0       1       0                               0D    594
     110     763       0       0       0                        01010000D    595
     110       0       0       1       0                               0D    596
     120     764       0       0       0                        01010000D    597
     120       0       0       1       0                               0D    598
     126     765       0       0       0                        01010500D    599
     126       0       0       8       0                               0D    600
     126     773       0       0       0                        01010000D    601
     126       0       0       4       0                               0D    602
     126     777       0       0       0                        01010500D    603
     126       0       0       2       0                               0D    604
     110     779       0       0       0                        01010000D    605
     110       0       0       1       0                               0D    606
     126     780       0       0       0                        01010500D    607
     126       0       0       8       0                               0D    608
     126     788       0       0       0                        01010000D    609
     126       0       0       4       0                               0D    610
     126     792       0       0       0                        01010500D    611
     126       0       0       2       0                               0D    612
     110     794       0       0       0                        01010000D    613
     110       0       0       1       0                               0D    614
     102     795       0       0       0                        01010500D    615
     102       0       0       1       0                               0D    616
     102     796       0       0       0                        01010000D    617
     102       0       0       1       0                               0D    618
     142     797       0       0       0                        00010500D    619
     142       0       0       1       0                               0D    620
     144     798       0       0       0                        00000000D    621
     144       0      -1       1       0                               0D    622
     110     799       0       0       0                        01010000D    623
     110       0       0       1       0                               0D    624
     110     800       0       0       0                        01010000D    625
     110       0       0       1       0                               0D    626
     120     801       0       0       0                        01010000D    627
     120       0       0       1       0                               0D    628
     126     802       0       0       0                        01010500D    629
     126       0       0       8       0                               0D    630
     126     810       0       0       0                        01010000D    631
     126       0       0       4       0                               0D    632
     126     814       0       0       0                        01010500D    633
     126       0       0       2       0                               0D    634
     110     816       0       0       0                        01010000D    635
     110       0       0       1       0                               0D    636
     126     817       0       0       0                        01010500D    637
     126       0       0       8       0                               0D    638
     126     825       0       0       0                        01010000D    639
     126       0       0       4       0                               0D    640
     126     829       0       0       0                        01010500D    641
     126       0       0       2       0                               0D    642
     110     831       0       0       0                        01010000D    643
     110       0       0       1       0                               0D    644
     102     832       0       0       0                        01010500D    645
     102       0       0       1       0                               0D    646
     102     833       0       0       0                        01010000D    647
     102       0       0       1       0                               0D    648
     142     834       0       0       0                        00010500D    649
     142       0       0       1       0                               0D    650
     144     835       0       0       0                        00000000D    651
     144       0      -1       1       0                               0D    652
     128     836       0       0       0                        01010000D    653
     128       0       0      68       0                               0D    654
     126     904       0       0       0                        01010500D    655
     126       0       0       2       0                               0D    656
     124     906       0       0       0                        00000000D    657
     124       0       0       3       0                               0D    658
     100     909       0       0       0             657        01010000D    659
     100       0       0       1       0                               0D    660
     126     910       0       0       0                        01010500D    661
     126       0       0       2       0                               0D    662
     126     912       0       0       0                        01010000D    663
     126       0       0       4       0                               0D    664
     126     916       0       0       0                        01010500D    665
     126       0       0       2       0                               0D    666
     126     918       0       0       0                        01010500D    667
     126       0       0       2       0                               0D    668
     126     920       0       0       0                        01010000D    669
     126       0       0       4       0                               0D    670
     102     924       0       0       0                        01010500D    671
     102       0       0       1       0                               0D    672
     102     925       0       0       0                        01010000D    673
     102       0       0       1       0                               0D    674
     142     926       0       0       0                        00010500D    675
     142       0       0       1       0                               0D    676
     144     927       0       0       0                        00000000D    677
     144       0      -1       1       0                               0D    678
     128     928       0       0       0                        01010000D    679
     128       0       0       2       0                               0D    680
     126     930       0       0       0                        01010500D    681
     126       0       0       2       0                               0D    682
     110     932       0       0       0                        01010000D    683
     110       0       0       1       0                               0D    684
     126     933       0       0       0                        01010500D    685
     126       0       0       2       0                               0D    686
     110     935       0       0       0                        01010000D    687
     110       0       0       1       0                               0D    688
     126     936       0       0       0                        01010500D    689
     126       0       0       2       0                               0D    690
     110     938       0       0       0                        01010000D    691
     110       0       0       1       0                               0D    692
     126     939       0       0       0                        01010500D    693
     126       0       0       2       0                               0D    694
     110     941       0       0       0                        01010000D    695
     110       0       0       1       0                               0D    696
     102     942       0       0       0                        01010500D    697
     102       0       0       1       0                               0D    698
     102     943       0       0       0                        01010000D    699
     102       0       0       1       0                               0D    700
     142     944       0       0       0                        00010500D    701
     142       0       0       1       0                               0D    702
     144     945       0       0       0                        00000000D    703
     144       0      -1       1       0                               0D    704
     110     946       0       0       0                        01010000D    705
     110       0       0       1       0                               0D    706
     110     947       0       0       0                        01010000D    707
     110       0       0       1       0                               0D    708
     120     948       0       0       0                        01010000D    709
     120       0       0       1       0                               0D    710
     126     949       0       0       0                        01010500D    711
     126       0       0       2       0                               0D    712
     124     951       0       0       0                        00000000D    713
     124       0       0       3       0                               0D    714
     100     954       0       0       0             713        01010000D    715
     100       0       0       1       0                               0D    716
     126     955       0       0       0                        01010500D    717
     126       0       0       2       0                               0D    718
     110     957       0       0       0                        01010000D    719
     110       0       0       1       0                               0D    720
     126     958       0       0       0                        01010500D    721
     126       0       0       2       0                               0D    722
     124     960       0       0       0                        00000000D    723
     124       0       0       2       0                               0D    724
     100     962       0       0       0             723        01010000D    725
     100       0       0       1       0                               0D    726
     126     963       0       0       0                        01010500D    727
     126       0       0       2       0                               0D    728
     110     965       0       0       0                        01010000D    729
     110       0       0       1       0                               0D    730
     102     966       0       0       0                        01010500D    731
     102       0       0       1       0                               0D    732
     102     967       0       0       0                        01010000D    733
     102       0       0       1       0                               0D    734
     142     968       0       0       0                        00010500D    735
     142       0       0       1       0                               0D    736
     144     969       0       0       0                        00000000D    737
     144       0      -1       1       0                               0D    738
     128     970       0       0       0                        01010000D    739
     128       0       0       3       0                               0D    740
     126     973       0       0       0                        01010500D    741
     126       0       0       2       0                               0D    742
     110     975       0       0       0                        01010000D    743
     110       0       0       1       0                               0D    744
     126     976       0       0       0                        01010500D    745
     126       0       0       2       0                               0D    746
     110     978       0       0       0                        01010000D    747
     110       0       0       1       0                               0D    748
     126     979       0       0       0                        01010500D    749
     126       0       0       2       0                               0D    750
     110     981       0       0       0                        01010000D    751
     110       0       0       1       0                               0D    752
     126     982       0       0       0                        01010500D    753
     126       0       0       2       0                               0D    754
     110     984       0       0       0                        01010000D    755
     110       0       0       1       0                               0D    756
     102     985       0       0       0                        01010500D    757
     102       0       0       1       0                               0D    758
     102     986       0       0       0                        01010000D    759
     102       0       0       1       0                               0D    760
     142     987       0       0       0                        00010500D    761
     142       0       0       1       0                               0D    762
     144     988       0       0       0                        00000000D    763
     144       0      -1       1       0                               0D    764
     110     989       0       0       0                        01010000D    765
     110       0       0       1       0                               0D    766
     110     990       0       0       0                        01010000D    767
     110       0       0       1       0                               0D    768
     120     991       0       0       0                        01010000D    769
     120       0       0       1       0                               0D    770
     126     992       0       0       0                        01010500D    771
     126       0       0       2       0                               0D    772
     124     994       0       0       0                        00000000D    773
     124       0       0       2       0                               0D    774
     100     996       0       0       0             773        01010000D    775
     100       0       0       1       0                               0D    776
     126     997       0       0       0                        01010500D    777
     126       0       0       2       0                               0D    778
     110     999       0       0       0                        01010000D    779
     110       0       0       1       0                               0D    780
     126    1000       0       0       0                        01010500D    781
     126       0       0       2       0                               0D    782
     124    1002       0       0       0                        00000000D    783
     124       0       0       3       0                               0D    784
     100    1005       0       0       0             783        01010000D    785
     100       0       0       1       0                               0D    786
     126    1006       0       0       0                        01010500D    787
     126       0       0       2       0                               0D    788
     110    1008       0       0       0                        01010000D    789
     110       0       0       1       0                               0D    790
     102    1009       0       0       0                        01010500D    791
     102       0       0       1       0                               0D    792
     102    1010       0       0       0                        01010000D    793
     102       0       0       1       0                               0D    794
     142    1011       0       0       0                        00010500D    795
     142       0       0       1       0                               0D    796
     144    1012       0       0       0                        00000000D    797
     144       0      -1       1       0                               0D    798
     128    1013       0       0       0                        01010000D    799
     128       0       0       2       0                               0D    800
     126    1015       0       0       0                        01010500D    801
     126       0       0       2       0                               0D    802
     110    1017       0       0       0                        01010000D    803
     110       0       0       1       0                               0D    804
     126    1018       0       0       0                        01010500D    805
     126       0       0       2       0                               0D    806
     110    1020       0       0       0                        01010000D    807
     110       0       0       1       0                               0D    808
     126    1021       0       0       0                        01010500D    809
     126       0       0       2       0                               0D    810
     110    1023       0       0       0                        01010000D    811
     110       0       0       1       0                               0D    812
     126    1024       0       0       0                        01010500D    813
     126       0       0       2       0                               0D    814
     110    1026       0       0       0                        01010000D    815
     110       0       0       1       0                               0D    816
     102    1027       0       0       0                        01010500D    817
     102       0       0       1       0                               0D    818
     102    1028       0       0       0                        01010000D    819
     102       0       0       1       0                               0D    820
     142    1029       0       0       0                        00010500D    821
     142       0       0       1       0                               0D    822
     144    1030       0       0       0                        00000000D    823
     144       0      -1       1       0                               0D    824
     110    1031       0       0       0                        01010000D    825
     110       0       0       1       0                               0D    826
     110    1032       0       0       0                        01010000D    827
     110       0       0       1       0                               0D    828
     120    1033       0       0       0                        01010000D    829
     120       0       0       1       0                               0D    830
     126    1034       0       0       0                        01010500D    831
     126       0       0       2       0                               0D    832
     124    1036       0       0       0                        00000000D    833
     124       0       0       3       0                               0D    834
     100    1039       0       0       0             833        01010000D    835
     100       0       0       1       0                               0D    836
     126    1040       0       0       0                        01010500D    837
     126       0       0       2       0                               0D    838
     110    1042       0       0       0                        01010000D    839
     110       0       0       1       0                               0D    840
     126    1043       0       0       0                        01010500D    841
     126       0       0       2       0                               0D    842
     124    1045       0       0       0                        00000000D    843
     124       0       0       3       0                               0D    844
     100    1048       0       0       0             843        01010000D    845
     100       0       0       1       0                               0D    846
     126    1049       0       0       0                        01010500D    847
     126       0       0       2       0                               0D    848
     110    1051       0       0       0                        01010000D    849
     110       0       0       1       0                               0D    850
     102    1052       0       0       0                        01010500D    851
     102       0       0       1       0                               0D    852
     102    1053       0       0       0                        01010000D    853
     102       0       0       1       0                               0D    854
     142    1054       0       0       0                        00010500D    855
     142       0       0       1       0                               0D    856
     144    1055       0       0       0                        00000000D    857
     144       0      -1       1       0                               0D    858
     128    1056       0       0       0                        01010000D    859
     128       0       0       3       0                               0D    860
     126    1059       0       0       0                        01010500D    861
     126       0       0       2       0                               0D    862
     110    1061       0       0       0                        01010000D    863
     110       0       0       1       0                               0D    864
     126    1062       0       0       0                        01010500D    865
     126       0       0       2       0                               0D    866
     110    1064       0       0       0                        01010000D    867
     110       0       0       1       0                               0D    868
     126    1065       0       0       0                        01010500D    869
     126       0       0       2       0                               0D    870
     110    1067       0       0       0                        01010000D    871
     110       0       0       1       0                               0D    872
     126    1068       0       0       0                        01010500D    873
     126       0       0       2       0                               0D    874
     110    1070       0       0       0                        01010000D    875
     110       0       0       1       0                               0D    876
     102    1071       0       0       0                        01010500D    877
     102       0       0       1       0                               0D    878
     102    1072       0       0       0                        01010000D    879
     102       0       0       1       0                               0D    880
     142    1073       0       0       0                        00010500D    881
     142       0       0       1       0                               0D    882
     144    1074       0       0       0                        00000000D    883
     144       0      -1       1       0                               0D    884
     110    1075       0       0       0                        01010000D    885
     110       0       0       1       0                               0D    886
     110    1076       0       0       0                        01010000D    887
     110       0       0       1       0                               0D    888
     120    1077       0       0       0                        01010000D    889
     120       0       0       1       0                               0D    890
     126    1078       0       0       0                        01010500D    891
     126       0       0       2       0                               0D    892
     124    1080       0       0       0                        00000000D    893
     124       0       0       3       0                               0D    894
     100    1083       0       0       0             893        01010000D    895
     100       0       0       1       0                               0D    896
     126    1084       0       0       0                        01010500D    897
     126       0       0       2       0                               0D    898
     110    1086       0       0       0                        01010000D    899
     110       0       0       1       0                               0D    900
     126    1087       0       0       0                        01010500D    901
     126       0       0       2       0                               0D    902
     124    1089       0       0       0                        00000000D    903
     124       0       0       3       0                               0D    904
     100    1092       0       0       0             903        01010000D    905
     100       0       0       1       0                               0D    906
     126    1093       0       0       0                        01010500D    907
     126       0       0       2       0                               0D    908
     110    1095       0       0       0                        01010000D    909
     110       0       0       1       0                               0D    910
     102    1096       0       0       0                        01010500D    911
     102       0       0       1       0                               0D    912
     102    1097       0       0       0                        01010000D    913
     102       0       0       1       0                               0D    914
     142    1098       0       0       0                        00010500D    915
     142       0       0       1       0                               0D    916
     144    1099       0       0       0                        00000000D    917
     144       0      -1       1       0                               0D    918
     128    1100       0       0       0                        01010000D    919
     128       0       0       2       0                               0D    920
     126    1102       0       0       0                        01010500D    921
     126       0       0       2       0                               0D    922
     110    1104       0       0       0                        01010000D    923
     110       0       0       1       0                               0D    924
     126    1105       0       0       0                        01010500D    925
     126       0       0       2       0                               0D    926
     110    1107       0       0       0                        01010000D    927
     110       0       0       1       0                               0D    928
     126    1108       0       0       0                        01010500D    929
     126       0       0       2       0                               0D    930
     110    1110       0       0       0                        01010000D    931
     110       0       0       1       0                               0D    932
     126    1111       0       0       0                        01010500D    933
     126       0       0       2       0                               0D    934
     110    1113       0       0       0                        01010000D    935
     110       0       0       1       0                               0D    936
     102    1114       0       0       0                        01010500D    937
     102       0       0       1       0                               0D    938
     102    1115       0       0       0                        01010000D    939
     102       0       0       1       0                               0D    940
     142    1116       0       0       0                        00010500D    941
     142       0       0       1       0                               0D    942
     144    1117       0       0       0                        00000000D    943
     144       0      -1       1       0                               0D    944
     110    1118       0       0       0                        01010000D    945
     110       0       0       1       0                               0D    946
     110    1119       0       0       0                        01010000D    947
     110       0       0       1       0                               0D    948
     120    1120       0       0       0                        01010000D    949
     120       0       0       1       0                               0D    950
     126    1121       0       0       0                        01010500D    951
     126       0       0       2       0                               0D    952
     124    1123       0       0       0                        00000000D    953
     124       0       0       3       0                               0D    954
     100    1126       0       0       0             953        01010000D    955
     100       0       0       1       0                               0D    956
     126    1127       0       0       0                        01010500D    957
     126       0       0       2       0                               0D    958
     110    1129       0       0       0                        01010000D    959
     110       0       0       1       0                               0D    960
     126    1130       0       0       0                        01010500D    961
     126       0       0       2       0                               0D    962
     124    1132       0       0       0                        00000000D    963
     124       0       0       3       0                               0D    964
     100    1135       0       0       0             963        01010000D    965
     100       0       0       1       0                               0D    966
     126    1136       0       0       0                        01010500D    967
     126       0       0       2       0                               0D    968
     110    1138       0       0       0                        01010000D    969
     110       0       0       1       0                               0D    970
     102    1139       0       0       0                        01010500D    971
     102       0       0       1       0                               0D    972
     102    1140       0       0       0                        01010000D    973
     102       0       0       1       0                               0D    974
     142    1141       0       0       0                        00010500D    975
     142       0       0       1       0                               0D    976
     144    1142       0       0       0                        00000000D    977
     144       0      -1       1       0                               0D    978
     110    1143       0       0       0                        01010000D    979
     110       0       0       1       0                               0D    980
     110    1144       0       0       0                        01010000D    981
     110       0       0       1       0                               0D    982
     120    1145       0       0       0                        01010000D    983
     120       0       0       1       0                               0D    984
     126    1146       0       0       0                        01010500D    985
     126       0       0       2       0                               0D    986
     124    1148       0       0       0                        00000000D    987
     124       0       0       3       0                               0D    988
     100    1151       0       0       0             987        01010000D    989
     100       0       0       1       0                               0D    990
     126    1152       0       0       0                        01010500D    991
     126       0       0       2       0                               0D    992
     110    1154       0       0       0                        01010000D    993
     110       0       0       1       0                               0D    994
     126    1155       0       0       0                        01010500D    995
     126       0       0       2       0                               0D    996
     124    1157       0       0       0                        00000000D    997
     124       0       0       3       0                               0D    998
     100    1160       0       0       0             997        01010000D    999
     100       0       0       1       0                               0D   1000
     126    1161       0       0       0                        01010500D   1001
     126       0       0       2       0                               0D   1002
     110    1163       0       0       0                        01010000D   1003
     110       0       0       1       0                               0D   1004
     102    1164       0       0       0                        01010500D   1005
     102       0       0       1       0                               0D   1006
     102    1165       0       0       0                        01010000D   1007
     102       0       0       1       0                               0D   1008
     142    1166       0       0       0                        00010500D   1009
     142       0       0       1       0                               0D   1010
     144    1167       0       0       0                        00000000D   1011
     144       0      -1       1       0                               0D   1012
     128    1168       0       0       0                        01010000D   1013
     128       0       0       3       0                               0D   1014
     126    1171       0       0       0                        01010500D   1015
     126       0       0       2       0                               0D   1016
     110    1173       0       0       0                        01010000D   1017
     110       0       0       1       0                               0D   1018
     126    1174       0       0       0                        01010500D   1019
     126       0       0       2       0                               0D   1020
     110    1176       0       0       0                        01010000D   1021
     110       0       0       1       0                               0D   1022
     126    1177       0       0       0                        01010500D   1023
     126       0       0       2       0                               0D   1024
     110    1179       0       0       0                        01010000D   1025
     110       0       0       1       0                               0D   1026
     126    1180       0       0       0                        01010500D   1027
     126       0       0       2       0                               0D   1028
     110    1182       0       0       0                        01010000D   1029
     110       0       0       1       0                               0D   1030
     102    1183       0       0       0                        01010500D   1031
     102       0       0       1       0                               0D   1032
     102    1184       0       0       0                        01010000D   1033
     102       0       0       1       0                               0D   1034
     142    1185       0       0       0                        00010500D   1035
     142       0       0       1       0                               0D   1036
     144    1186       0       0       0                        00000000D   1037
     144       0      -1       1       0                               0D   1038
     128    1187       0       0       0                        01010000D   1039
     128       0       0       3       0                               0D   1040
     126    1190       0       0       0                        01010500D   1041
     126       0       0       2       0                               0D   1042
     110    1192       0       0       0                        01010000D   1043
     110       0       0       1       0                               0D   1044
     126    1193       0       0       0                        01010500D   1045
     126       0       0       2       0                               0D   1046
     110    1195       0       0       0                        01010000D   1047
     110       0       0       1       0                               0D   1048
     126    1196       0       0       0                        01010500D   1049
     126       0       0       2       0                               0D   1050
     110    1198       0       0       0                        01010000D   1051
     110       0       0       1       0                               0D   1052
     126    1199       0       0       0                        01010500D   1053
     126       0       0       2       0                               0D   1054
     110    1201       0       0       0                        01010000D   1055
     110       0       0       1       0                               0D   1056
     102    1202       0       0       0                        01010500D   1057
     102       0       0       1       0                               0D   1058
     102    1203       0       0       0                        01010000D   1059
     102       0       0       1       0                               0D   1060
     142    1204       0       0       0                        00010500D   1061
     142       0       0       1       0                               0D   1062
     144    1205       0       0       0                        00000000D   1063
     144       0      -1       1       0                               0D   1064
     110    1206       0       0       0                        01010000D   1065
     110       0       0       1       0                               0D   1066
     110    1207       0       0       0                        01010000D   1067
     110       0       0       1       0                               0D   1068
     120    1208       0       0       0                        01010000D   1069
     120       0       0       1       0                               0D   1070
     126    1209       0       0       0                        01010500D   1071
     126       0       0       2       0                               0D   1072
     124    1211       0       0       0                        00000000D   1073
     124       0       0       3       0                               0D   1074
     100    1214       0       0       0            1073        01010000D   1075
     100       0       0       1       0                               0D   1076
     126    1215       0       0       0                        01010500D   1077
     126       0       0       2       0                               0D   1078
     110    1217       0       0       0                        01010000D   1079
     110       0       0       1       0                               0D   1080
     126    1218       0       0       0                        01010500D   1081
     126       0       0       2       0                               0D   1082
     124    1220       0       0       0                        00000000D   1083
     124       0       0       3       0                               0D   1084
     100    1223       0       0       0            1083        01010000D   1085
     100       0       0       1       0                               0D   1086
     126    1224       0       0       0                        01010500D   1087
     126       0       0       2       0                               0D   1088
     110    1226       0       0       0                        01010000D   1089
     110       0       0       1       0                               0D   1090
     102    1227       0       0       0                        01010500D   1091
     102       0       0       1       0                               0D   1092
     102    1228       0       0       0                        01010000D   1093
     102       0       0       1       0                               0D   1094
     142    1229       0       0       0                        00010500D   1095
     142       0       0       1       0                               0D   1096
     144    1230       0       0       0                        00000000D   1097
     144       0      -1       1       0                               0D   1098
     110    1231       0       0       0                        01010000D   1099
     110       0       0       1       0                               0D   1100
     110    1232       0       0       0                        01010000D   1101
     110       0       0       1       0                               0D   1102
     120    1233       0       0       0                        01010000D   1103
     120       0       0       1       0                               0D   1104
     126    1234       0       0       0                        01010500D   1105
     126       0       0       2       0                               0D   1106
     124    1236       0       0       0                        00000000D   1107
     124       0       0       2       0                               0D   1108
     100    1238       0       0       0            1107        01010000D   1109
     100       0       0       1       0                               0D   1110
     126    1239       0       0       0                        01010500D   1111
     126       0       0       2       0                               0D   1112
     110    1241       0       0       0                        01010000D   1113
     110       0       0       1       0                               0D   1114
     126    1242       0       0       0                        01010500D   1115
     126       0       0       2       0                               0D   1116
     124    1244       0       0       0                        00000000D   1117
     124       0       0       3       0                               0D   1118
     100    1247       0       0       0            1117        01010000D   1119
     100       0       0       1       0                               0D   1120
     126    1248       0       0       0                        01010500D   1121
     126       0       0       2       0                               0D   1122
     110    1250       0       0       0                        01010000D   1123
     110       0       0       1       0                               0D   1124
     102    1251       0       0       0                        01010500D   1125
     102       0       0       1       0                               0D   1126
     102    1252       0       0       0                        01010000D   1127
     102       0       0       1       0                               0D   1128
     142    1253       0       0       0                        00010500D   1129
     142       0       0       1       0                               0D   1130
     144    1254       0       0       0                        00000000D   1131
     144       0      -1       1       0                               0D   1132
     128    1255       0       0       0                        01010000D   1133
     128       0       0       2       0                               0D   1134
     126    1257       0       0       0                        01010500D   1135
     126       0       0       2       0                               0D   1136
     110    1259       0       0       0                        01010000D   1137
     110       0       0       1       0                               0D   1138
     126    1260       0       0       0                        01010500D   1139
     126       0       0       2       0                               0D   1140
     110    1262       0       0       0                        01010000D   1141
     110       0       0       1       0                               0D   1142
     126    1263       0       0       0                        01010500D   1143
     126       0       0       2       0                               0D   1144
     110    1265       0       0       0                        01010000D   1145
     110       0       0       1       0                               0D   1146
     126    1266       0       0       0                        01010500D   1147
     126       0       0       2       0                               0D   1148
     110    1268       0       0       0                        01010000D   1149
     110       0       0       1       0                               0D   1150
     102    1269       0       0       0                        01010500D   1151
     102       0       0       1       0                               0D   1152
     102    1270       0       0       0                        01010000D   1153
     102       0       0       1       0                               0D   1154
     142    1271       0       0       0                        00010500D   1155
     142       0       0       1       0                               0D   1156
     144    1272       0       0       0                        00000000D   1157
     144       0      -1       1       0                               0D   1158
     128    1273       0       0       0                        01010000D   1159
     128       0       0       3       0                               0D   1160
     126    1276       0       0       0                        01010500D   1161
     126       0       0       2       0                               0D   1162
     110    1278       0       0       0                        01010000D   1163
     110       0       0       1       0                               0D   1164
     126    1279       0       0       0                        01010500D   1165
     126       0       0       2       0                               0D   1166
     110    1281       0       0       0                        01010000D   1167
     110       0       0       1       0                               0D   1168
     126    1282       0       0       0                        01010500D   1169
     126       0       0       2       0                               0D   1170
     110    1284       0       0       0                        01010000D   1171
     110       0       0       1       0                               0D   1172
     126    1285       0       0       0                        01010500D   1173
     126       0       0       2       0                               0D   1174
     110    1287       0       0       0                        01010000D   1175
     110       0       0       1       0                               0D   1176
     102    1288       0       0       0                        01010500D   1177
     102       0       0       1       0                               0D   1178
     102    1289       0       0       0                        01010000D   1179
     102       0       0       1       0                               0D   1180
     142    1290       0       0       0                        00010500D   1181
     142       0       0       1       0                               0D   1182
     144    1291       0       0       0                        00000000D   1183
     144       0      -1       1       0                               0D   1184
     128    1292       0       0       0                        01010000D   1185
     128       0       0       3       0                               0D   1186
     126    1295       0       0       0                        01010500D   1187
     126       0       0       2       0                               0D   1188
     110    1297       0       0       0                        01010000D   1189
     110       0       0       1       0                               0D   1190
     126    1298       0       0       0                        01010500D   1191
     126       0       0       2       0                               0D   1192
     110    1300       0       0       0                        01010000D   1193
     110       0       0       1       0                               0D   1194
     126    1301       0       0       0                        01010500D   1195
     126       0       0       2       0                               0D   1196
     110    1303       0       0       0                        01010000D   1197
     110       0       0       2       0                               0D   1198
     126    1305       0       0       0                        01010500D   1199
     126       0       0       2       0                               0D   1200
     110    1307       0       0       0                        01010000D   1201
     110       0       0       1       0                               0D   1202
     102    1308       0       0       0                        01010500D   1203
     102       0       0       1       0                               0D   1204
     102    1309       0       0       0                        01010000D   1205
     102       0       0       1       0                               0D   1206
     142    1310       0       0       0                        00010500D   1207
     142       0       0       1       0                               0D   1208
     144    1311       0       0       0                        00000000D   1209
     144       0      -1       1       0                               0D   1210
     128    1312       0       0       0                        01010000D   1211
     128       0       0       3       0                               0D   1212
     126    1315       0       0       0                        01010500D   1213
     126       0       0       2       0                               0D   1214
     110    1317       0       0       0                        01010000D   1215
     110       0       0       1       0                               0D   1216
     126    1318       0       0       0                        01010500D   1217
     126       0       0       2       0                               0D   1218
     110    1320       0       0       0                        01010000D   1219
     110       0       0       1       0                               0D   1220
     126    1321       0       0       0                        01010500D   1221
     126       0       0       2       0                               0D   1222
     110    1323       0       0       0                        01010000D   1223
     110       0       0       1       0                               0D   1224
     126    1324       0       0       0                        01010500D   1225
     126       0       0       2       0                               0D   1226
     110    1326       0       0       0                        01010000D   1227
     110       0       0       1       0                               0D   1228
     102    1327       0       0       0                        01010500D   1229
     102       0       0       1       0                               0D   1230
     102    1328       0       0       0                        01010000D   1231
     102       0       0       1       0                               0D   1232
     142    1329       0       0       0                        00010500D   1233
     142       0       0       1       0                               0D   1234
     144    1330       0       0       0                        00000000D   1235
     144       0      -1       1       0                               0D   1236
     128    1331       0       0       0                        01010000D   1237
     128       0       0       3       0                               0D   1238
     126    1334       0       0       0                        01010500D   1239
     126       0       0       2       0                               0D   1240
     110    1336       0       0       0                        01010000D   1241
     110       0       0       1       0                               0D   1242
     126    1337       0       0       0                        01010500D   1243
     126       0       0       2       0                               0D   1244
     110    1339       0       0       0                        01010000D   1245
     110       0       0       1       0                               0D   1246
     126    1340       0       0       0                        01010500D   1247
     126       0       0       2       0                               0D   1248
     110    1342       0       0       0                        01010000D   1249
     110       0       0       1       0                               0D   1250
     126    1343       0       0       0                        01010500D   1251
     126       0       0       2       0                               0D   1252
     110    1345       0       0       0                        01010000D   1253
     110       0       0       1       0                               0D   1254
     102    1346       0       0       0                        01010500D   1255
     102       0       0       1       0                               0D   1256
     102    1347       0       0       0                        01010000D   1257
     102       0       0       1       0                               0D   1258
     142    1348       0       0       0                        00010500D   1259
     142       0       0       1       0                               0D   1260
     144    1349       0       0       0                        00000000D   1261
     144       0      -1       1       0                               0D   1262
     128    1350       0       0       0                        01010000D   1263
     128       0       0       4       0                               0D   1264
     126    1354       0       0       0                        01010500D   1265
     126       0       0       2       0                               0D   1266
     110    1356       0       0       0                        01010000D   1267
     110       0       0       1       0                               0D   1268
     126    1357       0       0       0                        01010500D   1269
     126       0       0       2       0                               0D   1270
     110    1359       0       0       0                        01010000D   1271
     110       0       0       2       0                               0D   1272
     126    1361       0       0       0                        01010500D   1273
     126       0       0       2       0                               0D   1274
     110    1363       0       0       0                        01010000D   1275
     110       0       0       1       0                               0D   1276
     126    1364       0       0       0                        01010500D   1277
     126       0       0       2       0                               0D   1278
     110    1366       0       0       0                        01010000D   1279
     110       0       0       1       0                               0D   1280
     102    1367       0       0       0                        01010500D   1281
     102       0       0       1       0                               0D   1282
     102    1368       0       0       0                        01010000D   1283
     102       0       0       1       0                               0D   1284
     142    1369       0       0       0                        00010500D   1285
     142       0       0       1       0                               0D   1286
     144    1370       0       0       0                        00000000D   1287
     144       0      -1       1       0                               0D   1288
     128    1371       0       0       0                        01010000D   1289
     128       0       0       3       0                               0D   1290
     126    1374       0       0       0                        01010500D   1291
     126       0       0       2       0                               0D   1292
     110    1376       0       0       0                        01010000D   1293
     110       0       0       1       0                               0D   1294
     126    1377       0       0       0                        01010500D   1295
     126       0       0       2       0                               0D   1296
     110    1379       0       0       0                        01010000D   1297
     110       0       0       1       0                               0D   1298
     126    1380       0       0       0                        01010500D   1299
     126       0       0       2       0                               0D   1300
     110    1382       0       0       0                        01010000D   1301
     110       0       0       1       0                               0D   1302
     126    1383       0       0       0                        01010500D   1303
     126       0       0       2       0                               0D   1304
     110    1385       0       0       0                        01010000D   1305
     110       0       0       1       0                               0D   1306
     102    1386       0       0       0                        01010500D   1307
     102       0       0       1       0                               0D   1308
     102    1387       0       0       0                        01010000D   1309
     102       0       0       1       0                               0D   1310
     142    1388       0       0       0                        00010500D   1311
     142       0       0       1       0                               0D   1312
     144    1389       0       0       0                        00000000D   1313
     144       0      -1       1       0                               0D   1314
     128    1390       0       0       0                        01010000D   1315
     128       0       0       3       0                               0D   1316
     126    1393       0       0       0                        01010500D   1317
     126       0       0       2       0                               0D   1318
     110    1395       0       0       0                        01010000D   1319
     110       0       0       1       0                               0D   1320
     126    1396       0       0       0                        01010500D   1321
     126       0       0       2       0                               0D   1322
     110    1398       0       0       0                        01010000D   1323
     110       0       0       1       0                               0D   1324
     126    1399       0       0       0                        01010500D   1325
     126       0       0       2       0                               0D   1326
     110    1401       0       0       0                        01010000D   1327
     110       0       0       1       0                               0D   1328
     126    1402       0       0       0                        01010500D   1329
     126       0       0       2       0                               0D   1330
     110    1404       0       0       0                        01010000D   1331
     110       0       0       1       0                               0D   1332
     102    1405       0       0       0                        01010500D   1333
     102       0       0       1       0                               0D   1334
     102    1406       0       0       0                        01010000D   1335
     102       0       0       1       0                               0D   1336
     142    1407       0       0       0                        00010500D   1337
     142       0       0       1       0                               0D   1338
     144    1408       0       0       0                        00000000D   1339
     144       0      -1       1       0                               0D   1340
     128    1409       0       0       0                        01010000D   1341
     128       0       0       3       0                               0D   1342
     126    1412       0       0       0                        01010500D   1343
     126       0       0       2       0                               0D   1344
     110    1414       0       0       0                        01010000D   1345
     110       0       0       1       0                               0D   1346
     126    1415       0       0       0                        01010500D   1347
     126       0       0       2       0                               0D   1348
     110    1417       0       0       0                        01010000D   1349
     110       0       0       1       0                               0D   1350
     126    1418       0       0       0                        01010500D   1351
     126       0       0       2       0                               0D   1352
     110    1420       0       0       0                        01010000D   1353
     110       0       0       1       0                               0D   1354
     126    1421       0       0       0                        01010500D   1355
     126       0       0       2       0                               0D   1356
     110    1423       0       0       0                        01010000D   1357
     110       0       0       1       0                               0D   1358
     102    1424       0       0       0                        01010500D   1359
     102       0       0       1       0                               0D   1360
     102    1425       0       0       0                        01010000D   1361
     102       0       0       1       0                               0D   1362
     142    1426       0       0       0                        00010500D   1363
     142       0       0       1       0                               0D   1364
     144    1427       0       0       0                        00000000D   1365
     144       0      -1       1       0                               0D   1366
     128    1428       0       0       0                        01010000D   1367
     128       0       0       3       0                               0D   1368
     126    1431       0       0       0                        01010500D   1369
     126       0       0       2       0                               0D   1370
     110    1433       0       0       0                        01010000D   1371
     110       0       0       1       0                               0D   1372
     126    1434       0       0       0                        01010500D   1373
     126       0       0       2       0                               0D   1374
     110    1436       0       0       0                        01010000D   1375
     110       0       0       1       0                               0D   1376
     126    1437       0       0       0                        01010500D   1377
     126       0       0       2       0                               0D   1378
     110    1439       0       0       0                        01010000D   1379
     110       0       0       1       0                               0D   1380
     126    1440       0       0       0                        01010500D   1381
     126       0       0       2       0                               0D   1382
     110    1442       0       0       0                        01010000D   1383
     110       0       0       1       0                               0D   1384
     102    1443       0       0       0                        01010500D   1385
     102       0       0       1       0                               0D   1386
     102    1444       0       0       0                        01010000D   1387
     102       0       0       1       0                               0D   1388
     142    1445       0       0       0                        00010500D   1389
     142       0       0       1       0                               0D   1390
     144    1446       0       0       0                        00000000D   1391
     144       0      -1       1       0                               0D   1392
     128    1447       0       0       0                        01010000D   1393
     128       0       0       4       0                               0D   1394
     126    1451       0       0       0                        01010500D   1395
     126       0       0       2       0                               0D   1396
     110    1453       0       0       0                        01010000D   1397
     110       0       0       1       0                               0D   1398
     126    1454       0       0       0                        01010500D   1399
     126       0       0       2       0                               0D   1400
     110    1456       0       0       0                        01010000D   1401
     110       0       0       1       0                               0D   1402
     126    1457       0       0       0                        01010500D   1403
     126       0       0       2       0                               0D   1404
     110    1459       0       0       0                        01010000D   1405
     110       0       0       1       0                               0D   1406
     126    1460       0       0       0                        01010500D   1407
     126       0       0       2       0                               0D   1408
     110    1462       0       0       0                        01010000D   1409
     110       0       0       1       0                               0D   1410
     102    1463       0       0       0                        01010500D   1411
     102       0       0       1       0                               0D   1412
     102    1464       0       0       0                        01010000D   1413
     102       0       0       1       0                               0D   1414
     142    1465       0       0       0                        00010500D   1415
     142       0       0       1       0                               0D   1416
     144    1466       0       0       0                        00000000D   1417
     144       0      -1       1       0                               0D   1418
314,79.2156862745098,81.9607843137255,93.3333333333333,;               1P      1
128,1,1,1,1,0,0,1,0,0,0.,0.,1.,1.,0.,0.,1.,1.,1.,1.,1.,1.,             3P      2
-13.75,1.5,-7.,-13.75,1.5,7.,13.75,1.5,-7.,13.75,1.5,7.,0.,1.,         3P      3
0.,1.;                                                                 3P      4
126,1,1,1,0,1,0,0.,0.,1.,1.,1.,1.,0.053571429,0.,0.,                   5P      5
0.946428571,0.,0.,0.,1.,0.,0.,1.;                                      5P      6
110,-13.75,1.5,-6.25,-13.75,1.5,6.25;                                  7P      7
126,8,2,1,0,1,0,0.,0.,0.,0.25,0.25,0.5,0.5,0.75,0.75,1.,1.,1.,         9P      8
1.,1.,1.,1.,1.,1.,1.,1.,1.,0.946428571,0.,0.,0.957084591,0.,0.,        9P      9
0.96692947,0.002076013,0.,0.976774348,0.004152025,0.,                  9P     10
0.984309292,0.007987997,0.,0.991844236,0.011823968,0.,                 9P     11
0.995922118,0.016835906,0.,1.,0.021847845,0.,1.,0.027272727,0.,        9P     12
0.,1.,0.,0.,-1.;                                                       9P     13
124,-1.,6.98296267768627E-15,0.,-26.,-4.27583144589696E-31,           11P     14
-6.12323399573677E-17,1.,-4.75,6.98296267768627E-15,1.,               11P     15
6.12323399573677E-17,4.75000000000009;                                11P     16
100,6.25,-13.,1.5,-12.25,1.5,-13.,2.25;                               13P     17
126,1,1,1,0,1,0,0.,0.,1.,1.,1.,1.,1.,0.027272727,0.,1.,               15P     18
0.972727273,0.,0.,1.,0.,0.,1.;                                        15P     19
110,-13.,1.5,7.,13.,1.5,7.;                                           17P     20
126,8,2,1,0,1,0,0.,0.,0.,0.25,0.25,0.5,0.5,0.75,0.75,1.,1.,1.,        19P     21
1.,1.,1.,1.,1.,1.,1.,1.,1.,1.,0.972727273,0.,1.,0.978152155,0.,       19P     22
0.995922118,0.983164094,0.,0.991844236,0.988176032,0.,                19P     23
0.984309292,0.992012003,0.,0.976774348,0.995847975,0.,                19P     24
0.96692947,0.997923987,0.,0.957084591,1.,0.,0.946428571,1.,0.,        19P     25
0.,1.,0.,0.,-1.;                                                      19P     26
124,1.40271576953299E-14,1.,0.,11.4999999999998,                      21P     27
-6.12323399573677E-17,8.58915688636046E-31,1.,-4.75,1.,               21P     28
-1.40271576953299E-14,6.12323399573677E-17,-6.74999999999998;         21P     29
100,6.25,13.,1.5,13.75,1.5,13.,2.25;                                  23P     30
126,1,1,1,0,1,0,0.,0.,1.,1.,1.,1.,0.946428571,1.,0.,                  25P     31
0.053571429,1.,0.,0.,1.,0.,0.,1.;                                     25P     32
110,13.75,1.5,6.25,13.75,1.5,-6.25;                                   27P     33
126,8,2,1,0,1,0,0.,0.,0.,0.25,0.25,0.5,0.5,0.75,0.75,1.,1.,1.,        29P     34
1.,1.,1.,1.,1.,1.,1.,1.,1.,0.053571429,1.,0.,0.042915409,1.,0.,       29P     35
0.03307053,0.997923987,0.,0.023225652,0.995847975,0.,                 29P     36
0.015690708,0.992012003,0.,0.008155764,0.988176032,0.,                29P     37
0.004077882,0.983164094,0.,0.,0.978152155,0.,0.,0.972727273,0.,       29P     38
0.,1.,0.,0.,-1.;                                                      29P     39
124,1.,0.,0.,0.,0.,6.12323399573677E-17,1.,7.75,0.,-1.,               31P     40
6.12323399573677E-17,-4.75;                                           31P     41
100,-6.25,13.,1.5,13.75,1.5,13.,2.25;                                 33P     42
126,1,1,1,0,1,0,0.,0.,1.,1.,1.,1.,0.,0.972727273,0.,0.,               35P     43
0.027272727,0.,0.,1.,0.,0.,1.;                                        35P     44
110,13.,1.5,-7.,-13.,1.5,-7.;                                         37P     45
126,8,2,1,0,1,0,0.,0.,0.,0.25,0.25,0.5,0.5,0.75,0.75,1.,1.,1.,        39P     46
1.,1.,1.,1.,1.,1.,1.,1.,1.,0.,0.027272727,0.,0.,0.021847845,0.,       39P     47
0.004077882,0.016835906,0.,0.008155764,0.011823968,0.,                39P     48
0.015690708,0.007987997,0.,0.023225652,0.004152025,0.,                39P     49
0.03307053,0.002076013,0.,0.042915409,0.,0.,0.053571429,0.,0.,        39P     50
0.,1.,0.,0.,-1.;                                                      39P     51
124,6.12323399573677E-17,-1.,0.,-11.5,6.12323399573677E-17,           41P     52
3.74939945665464E-33,1.,7.75,-1.,-6.12323399573677E-17,               41P     53
6.12323399573677E-17,-19.25;                                          41P     54
100,-6.25,-13.,1.5,-12.25,1.5,-13.,2.25;                              43P     55
102,8,5,9,15,19,25,29,35,39;                                          45P     56
102,8,7,13,17,23,27,33,37,43;                                         47P     57
142,1,3,45,47,1;                                                      49P     58
126,1,1,1,0,1,0,0.,0.,1.,1.,1.,1.,0.378571429,0.366363636,0.,         51P     59
0.378571429,0.426363636,0.,0.,1.,0.,0.,1.;                            51P     60
110,-3.675,1.5,-1.7,-2.025,1.5,-1.7;                                  53P     61
126,1,1,1,0,1,0,0.,0.,1.,1.,1.,1.,0.378571429,0.426363636,0.,         55P     62
0.621428571,0.426363636,0.,0.,1.,0.,0.,1.;                            55P     63
110,-2.025,1.5,-1.7,-2.025,1.5,1.7;                                   57P     64
126,1,1,1,0,1,0,0.,0.,1.,1.,1.,1.,0.621428571,0.426363636,0.,         59P     65
0.621428571,0.366363636,0.,0.,1.,0.,0.,1.;                            59P     66
110,-2.025,1.5,1.7,-3.675,1.5,1.7;                                    61P     67
126,1,1,1,0,1,0,0.,0.,1.,1.,1.,1.,0.621428571,0.366363636,0.,         63P     68
0.378571429,0.366363636,0.,0.,1.,0.,0.,1.;                            63P     69
110,-3.675,1.5,1.7,-3.675,1.5,-1.7;                                   65P     70
102,4,51,55,59,63;                                                    67P     71
102,4,53,57,61,65;                                                    69P     72
142,1,3,67,69,1;                                                      71P     73
126,1,1,1,0,1,0,0.,0.,1.,1.,1.,1.,0.378571429,0.573636364,0.,         73P     74
0.378571429,0.633636364,0.,0.,1.,0.,0.,1.;                            73P     75
110,2.025,1.5,-1.7,3.675,1.5,-1.7;                                    75P     76
126,1,1,1,0,1,0,0.,0.,1.,1.,1.,1.,0.378571429,0.633636364,0.,         77P     77
0.621428571,0.633636364,0.,0.,1.,0.,0.,1.;                            77P     78
110,3.675,1.5,-1.7,3.675,1.5,1.7;                                     79P     79
126,1,1,1,0,1,0,0.,0.,1.,1.,1.,1.,0.621428571,0.633636364,0.,         81P     80
0.621428571,0.573636364,0.,0.,1.,0.,0.,1.;                            81P     81
110,3.675,1.5,1.7,2.025,1.5,1.7;                                      83P     82
126,1,1,1,0,1,0,0.,0.,1.,1.,1.,1.,0.621428571,0.573636364,0.,         85P     83
0.378571429,0.573636364,0.,0.,1.,0.,0.,1.;                            85P     84
110,2.025,1.5,1.7,2.025,1.5,-1.7;                                     87P     85
102,4,73,77,81,85;                                                    89P     86
102,4,75,79,83,87;                                                    91P     87
142,1,3,89,91,1;                                                      93P     88
144,3,1,2,49,71,93;                                                   95P     89
110,14.75,3.5,8.,14.75,-996.5,8.;                                     97P     90
110,14.75,2.,7.,14.75,0.,7.;                                          99P     91
120,97,99,0.,6.28318530717959;                                       101P     92
126,1,1,1,0,1,0,0.,0.,1.,1.,1.,1.,1.,1.570796327,0.,0.,              103P     93
1.570796327,0.,0.,1.,0.,0.,1.;                                       103P     94
110,15.75,0.,8.,15.75,2.,8.;                                         105P     95
126,1,1,1,0,1,0,0.,0.,1.,1.,1.,1.,0.,1.570796327,0.,0.,              107P     96
3.141592654,0.,0.,1.,0.,0.,1.;                                       107P     97
124,1.,0.,0.,0.,0.,6.12323399573677E-17,-1.,10.,0.,1.,               109P     98
6.12323399573677E-17,6.;                                             109P     99
100,8.,14.75,2.,15.75,2.,14.75,3.;                                   111P    100
126,1,1,1,0,1,0,0.,0.,1.,1.,1.,1.,0.,3.141592654,0.,1.,              113P    101
3.141592654,0.,0.,1.,0.,0.,1.;                                       113P    102
110,14.75,2.,9.,14.75,0.,9.;                                         115P    103
126,1,1,1,0,1,0,0.,0.,1.,1.,1.,1.,1.,3.141592654,0.,1.,              117P    104
1.570796327,0.,0.,1.,0.,0.,1.;                                       117P    105
124,1.22508008559297E-14,1.,0.,14.7499999999998,                     119P    106
-6.12323399573677E-17,7.50145202760295E-31,1.,-8.,1.,                119P    107
-1.22508008559297E-14,6.12323399573677E-17,-6.75;                    119P    108
100,8.,14.75,0.,15.75,0.,14.75,1.;                                   121P    109
102,4,103,107,113,117;                                               123P    110
102,4,105,111,115,121;                                               125P    111
142,1,101,123,125,1;                                                 127P    112
144,101,1,0,127;                                                     129P    113
128,1,1,1,1,0,0,1,0,0,0.,0.,1.,1.,0.,0.,1.,1.,1.,1.,1.,1.,           131P    114
15.75,0.,-8.,15.75,0.,8.,15.75,2.,-8.,15.75,2.,8.,0.,1.,0.,1.;       131P    115
126,1,1,1,0,1,0,0.,0.,1.,1.,1.,1.,0.,0.,0.,1.,0.,0.,0.,1.,0.,        133P    116
0.,1.;                                                               133P    117
110,15.75,0.,-8.,15.75,0.,8.;                                        135P    118
126,1,1,1,0,1,0,0.,0.,1.,1.,1.,1.,1.,0.,0.,1.,1.,0.,0.,1.,0.,        137P    119
0.,1.;                                                               137P    120
110,15.75,0.,8.,15.75,2.,8.;                                         139P    121
126,1,1,1,0,1,0,0.,0.,1.,1.,1.,1.,1.,1.,0.,0.,1.,0.,0.,1.,0.,        141P    122
0.,1.;                                                               141P    123
110,15.75,2.,8.,15.75,2.,-8.;                                        143P    124
126,1,1,1,0,1,0,0.,0.,1.,1.,1.,1.,0.,1.,0.,0.,0.,0.,0.,1.,0.,        145P    125
0.,1.;                                                               145P    126
110,15.75,2.,-8.,15.75,0.,-8.;                                       147P    127
102,4,133,137,141,145;                                               149P    128
102,4,135,139,143,147;                                               151P    129
142,1,131,149,151,1;                                                 153P    130
144,131,1,0,153;                                                     155P    131
110,14.75,3.5,-8.,14.75,-996.5,-8.;                                  157P    132
110,14.75,2.,-9.,14.75,0.,-9.;                                       159P    133
120,157,159,0.,6.28318530717959;                                     161P    134
126,1,1,1,0,1,0,0.,0.,1.,1.,1.,1.,1.,0.,0.,0.,0.,0.,0.,1.,0.,        163P    135
0.,1.;                                                               163P    136
110,14.75,0.,-9.,14.75,2.,-9.;                                       165P    137
126,1,1,1,0,1,0,0.,0.,1.,1.,1.,1.,0.,0.,0.,0.,1.570796327,0.,        167P    138
0.,1.,0.,0.,1.;                                                      167P    139
124,1.40271576953299E-14,1.,0.,12.7499999999998,                     169P    140
-6.12323399573677E-17,8.58915688636046E-31,-1.,-6.,-1.,              169P    141
1.40271576953299E-14,6.12323399573677E-17,6.74999999999997;          169P    142
100,-8.,14.75,2.,15.75,2.,14.75,3.;                                  171P    143
126,1,1,1,0,1,0,0.,0.,1.,1.,1.,1.,0.,1.570796327,0.,1.,              173P    144
1.570796327,0.,0.,1.,0.,0.,1.;                                       173P    145
110,15.75,2.,-8.,15.75,0.,-8.;                                       175P    146
126,1,1,1,0,1,0,0.,0.,1.,1.,1.,1.,1.,1.570796327,0.,1.,0.,0.,        177P    147
0.,1.,0.,0.,1.;                                                      177P    148
124,1.,0.,0.,0.,0.,6.12323399573677E-17,1.,8.,0.,-1.,                179P    149
6.12323399573677E-17,-8.;                                            179P    150
100,-8.,14.75,0.,15.75,0.,14.75,1.;                                  181P    151
102,4,163,167,173,177;                                               183P    152
102,4,165,171,175,181;                                               185P    153
142,1,161,183,185,1;                                                 187P    154
144,161,1,0,187;                                                     189P    155
128,1,1,1,1,0,0,1,0,0,0.,0.,1.,1.,0.,0.,1.,1.,1.,1.,1.,1.,           191P    156
-14.75,0.,-9.,14.75,0.,-9.,-14.75,2.,-9.,14.75,2.,-9.,0.,1.,0.,      191P    157
1.;                                                                  191P    158
126,1,1,1,0,1,0,0.,0.,1.,1.,1.,1.,0.,0.,0.,1.,0.,0.,0.,1.,0.,        193P    159
0.,1.;                                                               193P    160
110,-14.75,0.,-9.,14.75,0.,-9.;                                      195P    161
126,1,1,1,0,1,0,0.,0.,1.,1.,1.,1.,1.,0.,0.,1.,1.,0.,0.,1.,0.,        197P    162
0.,1.;                                                               197P    163
110,14.75,0.,-9.,14.75,2.,-9.;                                       199P    164
126,1,1,1,0,1,0,0.,0.,1.,1.,1.,1.,1.,1.,0.,0.,1.,0.,0.,1.,0.,        201P    165
0.,1.;                                                               201P    166
110,14.75,2.,-9.,-14.75,2.,-9.;                                      203P    167
126,1,1,1,0,1,0,0.,0.,1.,1.,1.,1.,0.,1.,0.,0.,0.,0.,0.,1.,0.,        205P    168
0.,1.;                                                               205P    169
110,-14.75,2.,-9.,-14.75,0.,-9.;                                     207P    170
102,4,193,197,201,205;                                               209P    171
102,4,195,199,203,207;                                               211P    172
142,1,191,209,211,1;                                                 213P    173
144,191,1,0,213;                                                     215P    174
110,-14.75,3.5,-8.,-14.75,-996.5,-8.;                                217P    175
110,-14.75,2.,-9.,-14.75,0.,-9.;                                     219P    176
120,217,219,0.,6.28318530717959;                                     221P    177
126,1,1,1,0,1,0,0.,0.,1.,1.,1.,1.,1.,4.71238898,0.,0.,               223P    178
4.71238898,0.,0.,1.,0.,0.,1.;                                        223P    179
110,-15.75,0.,-8.,-15.75,2.,-8.;                                     225P    180
126,1,1,1,0,1,0,0.,0.,1.,1.,1.,1.,0.,4.71238898,0.,0.,               227P    181
6.283185307,0.,0.,1.,0.,0.,1.;                                       227P    182
124,-1.,6.98296267768627E-15,0.,-29.5,-4.27583144589696E-31,         229P    183
-6.12323399573677E-17,-1.,-6.,-6.98296267768627E-15,-1.,             229P    184
6.12323399573677E-17,-6.0000000000001;                               229P    185
100,-8.,-14.75,2.,-13.75,2.,-14.75,3.;                               231P    186
126,1,1,1,0,1,0,0.,0.,1.,1.,1.,1.,0.,6.283185307,0.,1.,              233P    187
6.283185307,0.,0.,1.,0.,0.,1.;                                       233P    188
110,-14.75,2.,-9.,-14.75,0.,-9.;                                     235P    189
126,1,1,1,0,1,0,0.,0.,1.,1.,1.,1.,1.,6.283185307,0.,1.,              237P    190
4.71238898,0.,0.,1.,0.,0.,1.;                                        237P    191
124,1.83758917935762E-15,-1.,0.,-14.75,6.12323399573677E-17,         239P    192
1.12519885332406E-31,1.,8.,-1.,-1.83758917935762E-15,                239P    193
6.12323399573677E-17,-22.75;                                         239P    194
100,-8.,-14.75,0.,-13.75,0.,-14.75,1.;                               241P    195
102,4,223,227,233,237;                                               243P    196
102,4,225,231,235,241;                                               245P    197
142,1,221,243,245,1;                                                 247P    198
144,221,1,0,247;                                                     249P    199
128,1,1,1,1,0,0,1,0,0,0.,0.,1.,1.,0.,0.,1.,1.,1.,1.,1.,1.,           251P    200
-15.75,0.,8.,-15.75,0.,-8.,-15.75,2.,8.,-15.75,2.,-8.,0.,1.,0.,      251P    201
1.;                                                                  251P    202
126,1,1,1,0,1,0,0.,0.,1.,1.,1.,1.,0.,0.,0.,1.,0.,0.,0.,1.,0.,        253P    203
0.,1.;                                                               253P    204
110,-15.75,0.,8.,-15.75,0.,-8.;                                      255P    205
126,1,1,1,0,1,0,0.,0.,1.,1.,1.,1.,1.,0.,0.,1.,1.,0.,0.,1.,0.,        257P    206
0.,1.;                                                               257P    207
110,-15.75,0.,-8.,-15.75,2.,-8.;                                     259P    208
126,1,1,1,0,1,0,0.,0.,1.,1.,1.,1.,1.,1.,0.,0.,1.,0.,0.,1.,0.,        261P    209
0.,1.;                                                               261P    210
110,-15.75,2.,-8.,-15.75,2.,8.;                                      263P    211
126,1,1,1,0,1,0,0.,0.,1.,1.,1.,1.,0.,1.,0.,0.,0.,0.,0.,1.,0.,        265P    212
0.,1.;                                                               265P    213
110,-15.75,2.,8.,-15.75,0.,8.;                                       267P    214
102,4,253,257,261,265;                                               269P    215
102,4,255,259,263,267;                                               271P    216
142,1,251,269,271,1;                                                 273P    217
144,251,1,0,273;                                                     275P    218
110,-14.75,3.5,8.,-14.75,-996.5,8.;                                  277P    219
110,-14.75,2.,7.,-14.75,0.,7.;                                       279P    220
120,277,279,0.,6.28318530717959;                                     281P    221
126,1,1,1,0,1,0,0.,0.,1.,1.,1.,1.,1.,3.141592654,0.,0.,              283P    222
3.141592654,0.,0.,1.,0.,0.,1.;                                       283P    223
110,-14.75,0.,9.,-14.75,2.,9.;                                       285P    224
126,1,1,1,0,1,0,0.,0.,1.,1.,1.,1.,0.,3.141592654,0.,0.,              287P    225
4.71238898,0.,0.,1.,0.,0.,1.;                                        287P    226
124,6.12323399573677E-17,-1.,0.,-12.75,6.12323399573677E-17,         289P    227
3.74939945665464E-33,-1.,10.,1.,6.12323399573677E-17,                289P    228
6.12323399573677E-17,22.75;                                          289P    229
100,8.,-14.75,2.,-13.75,2.,-14.75,3.;                                291P    230
126,1,1,1,0,1,0,0.,0.,1.,1.,1.,1.,0.,4.71238898,0.,1.,               293P    231
4.71238898,0.,0.,1.,0.,0.,1.;                                        293P    232
110,-15.75,2.,8.,-15.75,0.,8.;                                       295P    233
126,1,1,1,0,1,0,0.,0.,1.,1.,1.,1.,1.,4.71238898,0.,1.,               297P    234
3.141592654,0.,0.,1.,0.,0.,1.;                                       297P    235
124,-1.,6.98296267768627E-15,0.,-29.5,-4.27583144589696E-31,         299P    236
-6.12323399573677E-17,1.,-8.,6.98296267768627E-15,1.,                299P    237
6.12323399573677E-17,8.0000000000001;                                299P    238
100,8.,-14.75,0.,-13.75,0.,-14.75,1.;                                301P    239
102,4,283,287,293,297;                                               303P    240
102,4,285,291,295,301;                                               305P    241
142,1,281,303,305,1;                                                 307P    242
144,281,1,0,307;                                                     309P    243
128,1,1,1,1,0,0,1,0,0,0.,0.,1.,1.,0.,0.,1.,1.,1.,1.,1.,1.,           311P    244
14.75,0.,9.,-14.75,0.,9.,14.75,2.,9.,-14.75,2.,9.,0.,1.,0.,1.;       311P    245
126,1,1,1,0,1,0,0.,0.,1.,1.,1.,1.,0.,0.,0.,1.,0.,0.,0.,1.,0.,        313P    246
0.,1.;                                                               313P    247
110,14.75,0.,9.,-14.75,0.,9.;                                        315P    248
126,1,1,1,0,1,0,0.,0.,1.,1.,1.,1.,1.,0.,0.,1.,1.,0.,0.,1.,0.,        317P    249
0.,1.;                                                               317P    250
110,-14.75,0.,9.,-14.75,2.,9.;                                       319P    251
126,1,1,1,0,1,0,0.,0.,1.,1.,1.,1.,1.,1.,0.,0.,1.,0.,0.,1.,0.,        321P    252
0.,1.;                                                               321P    253
110,-14.75,2.,9.,14.75,2.,9.;                                        323P    254
126,1,1,1,0,1,0,0.,0.,1.,1.,1.,1.,0.,1.,0.,0.,0.,0.,0.,1.,0.,        325P    255
0.,1.;                                                               325P    256
110,14.75,2.,9.,14.75,0.,9.;                                         327P    257
102,4,313,317,321,325;                                               329P    258
102,4,315,319,323,327;                                               331P    259
142,1,311,329,331,1;                                                 333P    260
144,311,1,0,333;                                                     335P    261
128,1,1,1,1,0,0,1,0,0,0.,0.,1.,1.,0.,0.,1.,1.,1.,1.,1.,1.,           337P    262
-14.25,3.5,-7.5,-14.25,3.5,7.5,14.25,3.5,-7.5,14.25,3.5,7.5,0.,      337P    263
1.,0.,1.;                                                            337P    264
126,1,1,1,0,1,0,0.,0.,1.,1.,1.,1.,1.,1.,0.,0.,1.,0.,0.,1.,0.,        339P    265
0.,1.;                                                               339P    266
110,14.25,3.5,7.5,14.25,3.5,-7.5;                                    341P    267
126,1,1,1,0,1,0,0.,0.,1.,1.,1.,1.,0.,1.,0.,0.,0.,0.,0.,1.,0.,        343P    268
0.,1.;                                                               343P    269
110,14.25,3.5,-7.5,-14.25,3.5,-7.5;                                  345P    270
126,1,1,1,0,1,0,0.,0.,1.,1.,1.,1.,0.,0.,0.,1.,0.,0.,0.,1.,0.,        347P    271
0.,1.;                                                               347P    272
110,-14.25,3.5,-7.5,-14.25,3.5,7.5;                                  349P    273
126,1,1,1,0,1,0,0.,0.,1.,1.,1.,1.,1.,0.,0.,1.,1.,0.,0.,1.,0.,        351P    274
0.,1.;                                                               351P    275
110,-14.25,3.5,7.5,14.25,3.5,7.5;                                    353P    276
102,4,339,343,347,351;                                               355P    277
102,4,341,345,349,353;                                               357P    278
142,1,337,355,357,1;                                                 359P    279
144,337,1,0,359;                                                     361P    280
128,1,1,1,1,0,0,1,0,0,0.,0.,1.,1.,0.,0.,1.,1.,1.,1.,1.,1.,           363P    281
-15.75,0.,-9.,-15.75,0.,9.,15.75,0.,-9.,15.75,0.,9.,0.,1.,0.,        363P    282
1.;                                                                  363P    283
126,1,1,1,0,1,0,0.,0.,1.,1.,1.,1.,0.944444444,1.,0.,                 365P    284
0.055555556,1.,0.,0.,1.,0.,0.,1.;                                    365P    285
110,15.75,0.,8.,15.75,0.,-8.;                                        367P    286
126,16,2,1,0,1,0,0.,0.,0.,0.125,0.125,0.25,0.25,0.375,0.375,         369P    287
0.5,0.5,0.625,0.625,0.75,0.75,0.875,0.875,1.,1.,1.,1.,1.,1.,1.,      369P    288
1.,1.,1.,1.,1.,1.,1.,1.,1.,1.,1.,1.,1.,0.055555556,1.,0.,            369P    289
0.050083811,1.,0.,0.044717204,0.999390009,0.,0.039350598,            369P    290
0.998780018,0.,0.034295365,0.997583477,0.,0.029240132,               369P    291
0.996386937,0.,0.024690543,0.994649829,0.,0.020140953,               369P    292
0.992912721,0.,0.016271845,0.990701803,0.,0.012402738,               369P    293
0.988490884,0.,0.009362799,0.985891119,0.,0.006322861,               369P    294
0.983291353,0.,0.004228915,0.980402649,0.,0.002134969,               369P    295
0.977513944,0.,0.001067484,0.974447312,0.,0.,0.971380679,0.,0.,      369P    296
0.968253968,0.,0.,1.,0.,0.,-1.;                                      369P    297
124,1.,0.,0.,0.,0.,6.12323399573677E-17,1.,8.,0.,-1.,                371P    298
6.12323399573677E-17,-8.;                                            371P    299
100,-8.,14.75,0.,15.75,0.,14.75,1.;                                  373P    300
126,1,1,1,0,1,0,0.,0.,1.,1.,1.,1.,0.,0.968253968,0.,0.,              375P    301
0.031746032,0.,0.,1.,0.,0.,1.;                                       375P    302
110,14.75,0.,-9.,-14.75,0.,-9.;                                      377P    303
126,16,2,1,0,1,0,0.,0.,0.,0.125,0.125,0.25,0.25,0.375,0.375,         379P    304
0.5,0.5,0.625,0.625,0.75,0.75,0.875,0.875,1.,1.,1.,1.,1.,1.,1.,      379P    305
1.,1.,1.,1.,1.,1.,1.,1.,1.,1.,1.,1.,1.,0.,0.031746032,0.,0.,         379P    306
0.028619321,0.,0.001067484,0.025552688,0.,0.002134969,               379P    307
0.022486056,0.,0.004228915,0.019597351,0.,0.006322861,               379P    308
0.016708647,0.,0.009362799,0.014108881,0.,0.012402738,               379P    309
0.011509116,0.,0.016271845,0.009298197,0.,0.020140953,               379P    310
0.007087279,0.,0.024690543,0.005350171,0.,0.029240132,               379P    311
0.003613063,0.,0.034295365,0.002416523,0.,0.039350598,               379P    312
0.001219982,0.,0.044717204,0.000609991,0.,0.050083811,0.,0.,         379P    313
0.055555556,0.,0.,0.,1.,0.,0.,-1.;                                   379P    314
124,1.83758917935762E-15,-1.,0.,-14.75,6.12323399573677E-17,         381P    315
1.12519885332406E-31,1.,8.,-1.,-1.83758917935762E-15,                381P    316
6.12323399573677E-17,-22.75;                                         381P    317
100,-8.,-14.75,0.,-13.75,0.,-14.75,1.;                               383P    318
126,1,1,1,0,1,0,0.,0.,1.,1.,1.,1.,0.055555556,0.,0.,                 385P    319
0.944444444,0.,0.,0.,1.,0.,0.,1.;                                    385P    320
110,-15.75,0.,-8.,-15.75,0.,8.;                                      387P    321
126,16,2,1,0,1,0,0.,0.,0.,0.125,0.125,0.25,0.25,0.375,0.375,         389P    322
0.5,0.5,0.625,0.625,0.75,0.75,0.875,0.875,1.,1.,1.,1.,1.,1.,1.,      389P    323
1.,1.,1.,1.,1.,1.,1.,1.,1.,1.,1.,1.,1.,0.944444444,0.,0.,            389P    324
0.949916189,0.,0.,0.955282796,0.000609991,0.,0.960649402,            389P    325
0.001219982,0.,0.965704635,0.002416523,0.,0.970759868,               389P    326
0.003613063,0.,0.975309457,0.005350171,0.,0.979859047,               389P    327
0.007087279,0.,0.983728155,0.009298197,0.,0.987597262,               389P    328
0.011509116,0.,0.990637201,0.014108881,0.,0.993677139,               389P    329
0.016708647,0.,0.995771085,0.019597351,0.,0.997865031,               389P    330
0.022486056,0.,0.998932516,0.025552688,0.,1.,0.028619321,0.,1.,      389P    331
0.031746032,0.,0.,1.,0.,0.,-1.;                                      389P    332
124,-1.,6.98296267768627E-15,0.,-29.5,-4.27583144589696E-31,         391P    333
-6.12323399573677E-17,1.,-8.,6.98296267768627E-15,1.,                391P    334
6.12323399573677E-17,8.0000000000001;                                391P    335
100,8.,-14.75,0.,-13.75,0.,-14.75,1.;                                393P    336
126,1,1,1,0,1,0,0.,0.,1.,1.,1.,1.,1.,0.031746032,0.,1.,              395P    337
0.968253968,0.,0.,1.,0.,0.,1.;                                       395P    338
110,-14.75,0.,9.,14.75,0.,9.;                                        397P    339
126,16,2,1,0,1,0,0.,0.,0.,0.125,0.125,0.25,0.25,0.375,0.375,         399P    340
0.5,0.5,0.625,0.625,0.75,0.75,0.875,0.875,1.,1.,1.,1.,1.,1.,1.,      399P    341
1.,1.,1.,1.,1.,1.,1.,1.,1.,1.,1.,1.,1.,1.,0.968253968,0.,1.,         399P    342
0.971380679,0.,0.998932516,0.974447312,0.,0.997865031,               399P    343
0.977513944,0.,0.995771085,0.980402649,0.,0.993677139,               399P    344
0.983291353,0.,0.990637201,0.985891119,0.,0.987597262,               399P    345
0.988490884,0.,0.983728155,0.990701803,0.,0.979859047,               399P    346
0.992912721,0.,0.975309457,0.994649829,0.,0.970759868,               399P    347
0.996386937,0.,0.965704635,0.997583477,0.,0.960649402,               399P    348
0.998780018,0.,0.955282796,0.999390009,0.,0.949916189,1.,0.,         399P    349
0.944444444,1.,0.,0.,1.,0.,0.,-1.;                                   399P    350
124,1.22508008559297E-14,1.,0.,14.7499999999998,                     401P    351
-6.12323399573677E-17,7.50145202760295E-31,1.,-8.,1.,                401P    352
-1.22508008559297E-14,6.12323399573677E-17,-6.75;                    401P    353
100,8.,14.75,0.,15.75,0.,14.75,1.;                                   403P    354
102,8,365,369,375,379,385,389,395,399;                               405P    355
102,8,367,373,377,383,387,393,397,403;                               407P    356
142,1,363,405,407,1;                                                 409P    357
126,1,1,1,0,1,0,0.,0.,1.,1.,1.,1.,0.152777778,0.942857143,0.,        411P    358
0.847222222,0.942857143,0.,0.,1.,0.,0.,1.;                           411P    359
110,13.95,0.,-6.25,13.95,0.,6.25;                                    413P    360
126,16,2,1,0,1,0,0.,0.,0.,0.125,0.125,0.25,0.25,0.375,0.375,         415P    361
0.5,0.5,0.625,0.625,0.75,0.75,0.875,0.875,1.,1.,1.,1.,1.,1.,1.,      415P    362
1.,1.,1.,1.,1.,1.,1.,1.,1.,1.,1.,1.,1.,0.847222222,0.942857143,      415P    363
0.,0.85242038,0.942857143,0.,0.857518656,0.942277651,0.,             415P    364
0.862616932,0.94169816,0.,0.867419403,0.940561446,0.,                415P    365
0.872221875,0.939424733,0.,0.876543985,0.93777448,0.,                415P    366
0.880866094,0.936124228,0.,0.884541747,0.934023855,0.,               415P    367
0.888217399,0.931923483,0.,0.891105341,0.929453705,0.,               415P    368
0.893993282,0.926983928,0.,0.895982531,0.924239659,0.,               415P    369
0.89797178,0.92149539,0.,0.89898589,0.918582089,0.,0.9,              415P    370
0.915668788,0.,0.9,0.912698413,0.,0.,1.,0.,0.,1.;                    415P    371
124,1.,-1.39659253553725E-14,0.,-5.50859672235465E-16,               417P    372
8.55166289179392E-31,6.12323399573677E-17,-1.,6.25,                  417P    373
1.39659253553725E-14,1.,6.12323399573677E-17,6.24999999999982;       417P    374
100,6.25,13.,0.,13.95,0.,13.,0.95;                                   419P    375
126,1,1,1,0,1,0,0.,0.,1.,1.,1.,1.,0.9,0.912698413,0.,0.9,            421P    376
0.087301587,0.,0.,1.,0.,0.,1.;                                       421P    377
110,13.,0.,7.2,-13.,0.,7.2;                                          423P    378
126,16,2,1,0,1,0,0.,0.,0.,0.125,0.125,0.25,0.25,0.375,0.375,         425P    379
0.5,0.5,0.625,0.625,0.75,0.75,0.875,0.875,1.,1.,1.,1.,1.,1.,1.,      425P    380
1.,1.,1.,1.,1.,1.,1.,1.,1.,1.,1.,1.,1.,0.9,0.087301587,0.,0.9,       425P    381
0.084331212,0.,0.89898589,0.081417911,0.,0.89797178,0.07850461,      425P    382
0.,0.895982531,0.075760341,0.,0.893993282,0.073016072,0.,            425P    383
0.891105341,0.070546295,0.,0.888217399,0.068076517,0.,               425P    384
0.884541747,0.065976145,0.,0.880866094,0.063875772,0.,               425P    385
0.876543985,0.06222552,0.,0.872221875,0.060575267,0.,                425P    386
0.867419403,0.059438554,0.,0.862616932,0.05830184,0.,                425P    387
0.857518656,0.057722349,0.,0.85242038,0.057142857,0.,                425P    388
0.847222222,0.057142857,0.,0.,1.,0.,0.,1.;                           425P    389
124,6.12323399573677E-17,-1.,0.,-13.,6.12323399573677E-17,           427P    390
3.74939945665464E-33,-1.,6.25,1.,6.12323399573677E-17,               427P    391
6.12323399573677E-17,19.25;                                          427P    392
100,6.25,-13.,0.,-12.05,0.,-13.,0.95;                                429P    393
126,1,1,1,0,1,0,0.,0.,1.,1.,1.,1.,0.847222222,0.057142857,0.,        431P    394
0.152777778,0.057142857,0.,0.,1.,0.,0.,1.;                           431P    395
110,-13.95,0.,6.25,-13.95,0.,-6.25;                                  433P    396
126,16,2,1,0,1,0,0.,0.,0.,0.125,0.125,0.25,0.25,0.375,0.375,         435P    397
0.5,0.5,0.625,0.625,0.75,0.75,0.875,0.875,1.,1.,1.,1.,1.,1.,1.,      435P    398
1.,1.,1.,1.,1.,1.,1.,1.,1.,1.,1.,1.,1.,0.152777778,0.057142857,      435P    399
0.,0.14757962,0.057142857,0.,0.142481344,0.057722349,0.,             435P    400
0.137383068,0.05830184,0.,0.132580597,0.059438554,0.,                435P    401
0.127778125,0.060575267,0.,0.123456015,0.06222552,0.,                435P    402
0.119133906,0.063875772,0.,0.115458253,0.065976145,0.,               435P    403
0.111782601,0.068076517,0.,0.108894659,0.070546295,0.,               435P    404
0.106006718,0.073016072,0.,0.104017469,0.075760341,0.,               435P    405
0.10202822,0.07850461,0.,0.10101411,0.081417911,0.,0.1,              435P    406
0.084331212,0.,0.1,0.087301587,0.,0.,1.,0.,0.,1.;                    435P    407
124,-1.,6.98296267768627E-15,0.,-26.,-4.27583144589696E-31,          437P    408
-6.12323399573677E-17,-1.,-6.25,-6.98296267768627E-15,-1.,           437P    409
6.12323399573677E-17,-6.25000000000009;                              437P    410
100,-6.25,-13.,0.,-12.05,0.,-13.,0.95;                               439P    411
126,1,1,1,0,1,0,0.,0.,1.,1.,1.,1.,0.1,0.087301587,0.,0.1,            441P    412
0.912698413,0.,0.,1.,0.,0.,1.;                                       441P    413
110,-13.,0.,-7.2,13.,0.,-7.2;                                        443P    414
126,16,2,1,0,1,0,0.,0.,0.,0.125,0.125,0.25,0.25,0.375,0.375,         445P    415
0.5,0.5,0.625,0.625,0.75,0.75,0.875,0.875,1.,1.,1.,1.,1.,1.,1.,      445P    416
1.,1.,1.,1.,1.,1.,1.,1.,1.,1.,1.,1.,1.,0.1,0.912698413,0.,0.1,       445P    417
0.915668788,0.,0.10101411,0.918582089,0.,0.10202822,0.92149539,      445P    418
0.,0.104017469,0.924239659,0.,0.106006718,0.926983928,0.,            445P    419
0.108894659,0.929453705,0.,0.111782601,0.931923483,0.,               445P    420
0.115458253,0.934023855,0.,0.119133906,0.936124228,0.,               445P    421
0.123456015,0.93777448,0.,0.127778125,0.939424733,0.,                445P    422
0.132580597,0.940561446,0.,0.137383068,0.94169816,0.,                445P    423
0.142481344,0.942277651,0.,0.14757962,0.942857143,0.,                445P    424
0.152777778,0.942857143,0.,0.,1.,0.,0.,1.;                           445P    425
124,1.40271576953299E-14,1.,0.,12.9999999999998,                     447P    426
-6.12323399573677E-17,8.58915688636046E-31,-1.,-6.25,-1.,            447P    427
1.40271576953299E-14,6.12323399573677E-17,6.75;                      447P    428
100,-6.25,13.,0.,13.95,0.,13.,0.95;                                  449P    429
102,8,411,415,421,425,431,435,441,445;                               451P    430
102,8,413,419,423,429,433,439,443,449;                               453P    431
142,1,363,451,453,1;                                                 455P    432
144,363,1,1,409,455;                                                 457P    433
128,23,2,3,2,0,0,0,0,0,6.28318530717959,6.28318530717959,            459P    434
6.28318530717959,6.28318530717959,6.38136007760427,                  459P    435
6.38136007760427,6.47953484802895,6.47953484802895,                  459P    436
6.57770961845363,6.57770961845363,6.67588438887831,                  459P    437
6.67588438887831,6.77405915930299,6.77405915930299,                  459P    438
6.87223392972767,6.87223392972767,7.06858347057703,                  459P    439
7.06858347057703,7.2649330114264,7.2649330114264,                    459P    440
7.46128255227576,7.46128255227576,7.65763209312512,                  459P    441
7.65763209312512,7.85398163397448,7.85398163397448,                  459P    442
7.85398163397448,7.85398163397448,0.,0.,0.,1.,1.,1.,1.,1.,1.,        459P    443
1.,1.,1.,1.,1.,1.,1.,1.,1.,1.,1.,1.,1.,1.,1.,1.,1.,1.,1.,1.,1.,      459P    444
0.707106781186548,0.707104429284536,0.708248955447424,               459P    445
0.712741797371457,0.716091743712582,0.724783152830736,               459P    446
0.730123442650606,0.742469640212905,0.749474293568386,               459P    447
0.764755946128818,0.773031894018093,0.790435332047228,               459P    448
0.799562095302213,0.827594226760584,0.847131691196785,               459P    449
0.884919116372091,0.903165119466126,0.93604216422027,                459P    450
0.950674047258966,0.974710792503346,0.984117155978686,               459P    451
0.996761318969054,1.00000975053525,1.,1.,1.,1.,1.,1.,1.,1.,1.,       459P    452
1.,1.,1.,1.,1.,1.,1.,1.,1.,1.,1.,1.,1.,1.,1.,1.,15.75,2.,8.,         459P    453
15.75,2.049087396,8.,15.747588492,2.098174727,7.999196164,           459P    454
15.737965688,2.195876694,7.995988563,15.730754388,2.244491329,       459P    455
7.993584796,15.711601453,2.340779637,7.987200484,15.699659811,       459P    456
2.388453346,7.983219937,15.671161197,2.482400686,7.973720399,        459P    457
15.654604217,2.528674344,7.968201406,15.617034381,2.619375953,       459P    458
7.955678127,15.596021517,2.66380392,7.948673839,15.549742276,        459P    459
2.75038629,7.933247425,15.524475895,2.792540701,7.924825298,         459P    460
15.442661466,2.914984646,7.897553822,15.380080187,2.991240157,       459P    461
7.876693396,15.241240157,3.130080187,7.830413386,15.164984656,       459P    462
3.19266146,7.804994885,15.001726043,3.301747377,7.750575348,         459P    463
14.914726777,3.348249454,7.721575592,14.73332352,3.423389143,        459P    464
7.66110784,14.63892382,3.45202498,7.629641273,14.446347146,          459P    465
3.490330862,7.565449049,14.34817586,3.5,7.532725287,14.25,3.5,       459P    466
7.5,15.75,2.,9.,15.749999997,2.081820555,8.999999997,                459P    467
15.744355929,2.163354593,8.994355929,15.72232767,2.322497037,        459P    468
8.97232767,15.70608426,2.399622842,8.95608426,15.664601286,          459P    469
2.54633205,8.914601286,15.639589752,2.615603581,8.889589752,         459P    470
15.58296606,2.744499616,8.83296606,15.551595064,2.804000782,         459P    471
8.801595064,15.484686805,2.912783259,8.734686805,15.44934567,        459P    472
2.962094227,8.69934567,15.376538585,3.051074266,8.626538585,         459P    473
15.339197308,3.090864643,8.589197308,15.227472092,3.196393404,       459P    474
8.477472092,15.151183129,3.25167855,8.401183129,15.001987629,        459P    475
3.339138243,8.251987629,14.928687465,3.372440335,8.178687465,        459P    476
14.786384524,3.424512697,8.036384524,14.716672322,3.44396983,        459P    477
7.966672322,14.580628207,3.47329152,7.830628207,14.513491503,        459P    478
3.483524985,7.763491503,14.381317435,3.496799197,7.631317435,        459P    479
14.315449836,3.499999996,7.565449836,14.25,3.5,7.5,14.75,2.,9.,      459P    480
14.75,2.049087396,9.,14.749196164,2.098174727,8.997588492,           459P    481
14.745988563,2.195876694,8.987965688,14.743584796,2.244491329,       459P    482
8.980754388,14.737200484,2.340779637,8.961601453,14.733219937,       459P    483
2.388453346,8.949659811,14.723720399,2.482400686,8.921161197,        459P    484
14.718201406,2.528674344,8.904604217,14.705678127,2.619375953,       459P    485
8.867034381,14.698673839,2.66380392,8.846021517,14.683247425,        459P    486
2.75038629,8.799742276,14.674825298,2.792540701,8.774475895,         459P    487
14.647553822,2.914984646,8.692661466,14.626693396,2.991240157,       459P    488
8.630080187,14.580413386,3.130080187,8.491240157,14.554994885,       459P    489
3.19266146,8.414984656,14.500575348,3.301747377,8.251726043,         459P    490
14.471575592,3.348249454,8.164726777,14.41110784,3.423389143,        459P    491
7.98332352,14.379641273,3.45202498,7.88892382,14.315449049,          459P    492
3.490330862,7.696347146,14.282725287,3.5,7.59817586,14.25,3.5,       459P    493
7.5,6.28318530717959,7.85398163397448,0.,1.;                         459P    494
126,1,1,1,0,1,0,0.,0.,1.,1.,1.,1.,7.853981634,1.,0.,                 461P    495
6.283185307,1.,0.,0.,1.,0.,0.,1.;                                    461P    496
126,3,3,1,0,0,0,0.,0.,0.,0.,1.,1.,1.,1.,1.,0.804737854124365,        463P    497
0.804737854124365,1.,14.25,3.5,7.5,14.542893219,3.5,                 463P    498
8.378679656,14.75,2.878679656,9.,14.75,2.,9.,0.,1.,                  463P    499
-0.948683298,0.,0.316227766;                                         463P    500
126,1,1,1,0,1,0,0.,0.,1.,1.,1.,1.,6.283185307,1.,0.,                 465P    501
6.283185307,0.,0.,0.,1.,0.,0.,1.;                                    465P    502
124,1.40271576953299E-14,1.,0.,12.7499999999998,                     467P    503
-6.12323399573677E-17,8.58915688636046E-31,1.,-6.,1.,                467P    504
-1.40271576953299E-14,6.12323399573677E-17,-6.74999999999997;        467P    505
100,8.,14.75,2.,15.75,2.,14.75,3.;                                   469P    506
126,1,1,1,0,1,0,0.,0.,1.,1.,1.,1.,6.283185307,0.,0.,                 471P    507
7.853981634,0.,0.,0.,1.,0.,0.,1.;                                    471P    508
126,3,3,1,0,0,0,0.,0.,0.,0.,1.,1.,1.,1.,1.,0.804737854124365,        473P    509
0.804737854124365,1.,15.75,2.,8.,15.75,2.878679656,8.,               473P    510
15.128679656,3.5,7.792893219,14.25,3.5,7.5,0.,1.,0.316227766,        473P    511
0.,-0.948683298;                                                     473P    512
102,3,461,465,471;                                                   475P    513
102,3,463,469,473;                                                   477P    514
142,1,459,475,477,1;                                                 479P    515
144,459,1,0,479;                                                     481P    516
110,14.25,2.,8.,14.25,2.,1008.;                                      483P    517
110,15.75,2.,-8.096,15.75,2.,8.096;                                  485P    518
120,483,485,0.,6.28318530717959;                                     487P    519
126,10,2,1,0,1,0,0.,0.,0.,0.125,0.125,0.25,0.25,0.5,0.5,0.75,        489P    520
0.75,1.,1.,1.,1.,1.,1.,1.,1.,1.,1.,1.,1.,1.,1.,0.9631917,            489P    521
1.570796327,0.,0.967231209,1.439980859,0.,0.969215981,               489P    522
1.374446786,0.,0.972510281,1.265674148,0.,0.975008752,               489P    523
1.178097245,0.,0.981160497,0.962465138,0.,0.985026766,               489P    524
0.785398163,0.,0.989502048,0.580439676,0.,0.991720588,               489P    525
0.392699082,0.,0.994071146,0.193786714,0.,0.994071146,0.,0.,0.,      489P    526
1.,0.,0.,-1.;                                                        489P    527
126,3,3,1,0,0,0,0.,0.,0.,0.,1.,1.,1.,1.,1.,0.804737854124365,        491P    528
0.804737854124365,1.,14.25,3.5,7.5,15.128679656,3.5,                 491P    529
7.792893219,15.75,2.878679656,8.,15.75,2.,8.,0.,1.,                  491P    530
-0.316227766,0.,0.948683298;                                         491P    531
126,1,1,1,0,1,0,0.,0.,1.,1.,1.,1.,0.994071146,0.,0.,                 493P    532
0.005928854,0.,0.,0.,1.,0.,0.,1.;                                    493P    533
110,15.75,2.,8.,15.75,2.,-8.;                                        495P    534
126,10,2,1,0,1,0,0.,0.,0.,0.25,0.25,0.5,0.5,0.75,0.75,0.875,         497P    535
0.875,1.,1.,1.,1.,1.,1.,1.,1.,1.,1.,1.,1.,1.,1.,0.005928854,0.,      497P    536
0.,0.005928854,0.193786714,0.,0.008279412,0.392699082,0.,            497P    537
0.010497952,0.580439676,0.,0.014973234,0.785398163,0.,               497P    538
0.018839503,0.962465138,0.,0.024991248,1.178097245,0.,               497P    539
0.027489719,1.265674148,0.,0.030784019,1.374446786,0.,               497P    540
0.032768791,1.439980859,0.,0.0368083,1.570796327,0.,0.,1.,0.,        497P    541
0.,-1.;                                                              497P    542
126,3,3,1,0,0,0,0.,0.,0.,0.,1.,1.,1.,1.,1.,0.804737854124365,        499P    543
0.804737854124365,1.,15.75,2.,-8.,15.75,2.878679656,-8.,             499P    544
15.128679656,3.5,-7.792893219,14.25,3.5,-7.5,0.,1.,                  499P    545
-0.316227766,0.,-0.948683298;                                        499P    546
126,1,1,1,0,1,0,0.,0.,1.,1.,1.,1.,0.0368083,1.570796327,0.,          501P    547
0.9631917,1.570796327,0.,0.,1.,0.,0.,1.;                             501P    548
110,14.25,3.5,-7.5,14.25,3.5,7.5;                                    503P    549
102,4,489,493,497,501;                                               505P    550
102,4,491,495,499,503;                                               507P    551
142,1,487,505,507,1;                                                 509P    552
144,487,1,0,509;                                                     511P    553
110,14.75,2.,7.5,-985.25,2.,7.5;                                     513P    554
110,14.927,2.,9.,-14.927,2.,9.;                                      515P    555
120,513,515,0.,6.28318530717959;                                     517P    556
126,10,2,1,0,1,0,0.,0.,0.,0.25,0.25,0.5,0.5,0.75,0.75,0.875,         519P    557
0.875,1.,1.,1.,1.,1.,1.,1.,1.,1.,1.,1.,1.,1.,1.,0.005928854,0.,      519P    558
0.,0.005928854,0.193786714,0.,0.007203733,0.392699082,0.,            519P    559
0.008407009,0.580439676,0.,0.01083428,0.785398163,0.,                519P    560
0.01293124,0.962465138,0.,0.016267779,1.178097245,0.,                519P    561
0.017622883,1.265674148,0.,0.019409621,1.374446786,0.,               519P    562
0.020486108,1.439980859,0.,0.022677028,1.570796327,0.,0.,1.,0.,      519P    563
0.,-1.;                                                              519P    564
126,3,3,1,0,0,0,0.,0.,0.,0.,1.,1.,1.,1.,1.,0.804737854124365,        521P    565
0.804737854124365,1.,14.75,2.,9.,14.75,2.878679656,9.,               521P    566
14.542893219,3.5,8.378679656,14.25,3.5,7.5,0.,1.,0.948683298,        521P    567
0.,-0.316227766;                                                     521P    568
126,1,1,1,0,1,0,0.,0.,1.,1.,1.,1.,0.022677028,1.570796327,0.,        523P    569
0.977322972,1.570796327,0.,0.,1.,0.,0.,1.;                           523P    570
110,14.25,3.5,7.5,-14.25,3.5,7.5;                                    525P    571
126,10,2,1,0,1,0,0.,0.,0.,0.125,0.125,0.25,0.25,0.5,0.5,0.75,        527P    572
0.75,1.,1.,1.,1.,1.,1.,1.,1.,1.,1.,1.,1.,1.,1.,0.977322972,          527P    573
1.570796327,0.,0.979513892,1.439980859,0.,0.980590379,               527P    574
1.374446786,0.,0.982377117,1.265674148,0.,0.983732221,               527P    575
1.178097245,0.,0.98706876,0.962465138,0.,0.98916572,                 527P    576
0.785398163,0.,0.991592991,0.580439676,0.,0.992796267,               527P    577
0.392699082,0.,0.994071146,0.193786714,0.,0.994071146,0.,0.,0.,      527P    578
1.,0.,0.,-1.;                                                        527P    579
126,3,3,1,0,0,0,0.,0.,0.,0.,1.,1.,1.,1.,1.,0.804737854124365,        529P    580
0.804737854124365,1.,-14.25,3.5,7.5,-14.542893219,3.5,               529P    581
8.378679656,-14.75,2.878679656,9.,-14.75,2.,9.,0.,1.,                529P    582
-0.948683298,0.,-0.316227766;                                        529P    583
126,1,1,1,0,1,0,0.,0.,1.,1.,1.,1.,0.994071146,0.,0.,                 531P    584
0.005928854,0.,0.,0.,1.,0.,0.,1.;                                    531P    585
110,-14.75,2.,9.,14.75,2.,9.;                                        533P    586
102,4,519,523,527,531;                                               535P    587
102,4,521,525,529,533;                                               537P    588
142,1,517,535,537,1;                                                 539P    589
144,517,1,0,539;                                                     541P    590
128,23,2,3,2,0,0,0,0,0,6.28318530717959,6.28318530717959,            543P    591
6.28318530717959,6.28318530717959,6.38136007760427,                  543P    592
6.38136007760427,6.47953484802895,6.47953484802895,                  543P    593
6.57770961845363,6.57770961845363,6.67588438887831,                  543P    594
6.67588438887831,6.77405915930299,6.77405915930299,                  543P    595
6.87223392972767,6.87223392972767,7.06858347057703,                  543P    596
7.06858347057703,7.2649330114264,7.2649330114264,                    543P    597
7.46128255227576,7.46128255227576,7.65763209312512,                  543P    598
7.65763209312512,7.85398163397448,7.85398163397448,                  543P    599
7.85398163397448,7.85398163397448,0.,0.,0.,1.,1.,1.,1.,1.,1.,        543P    600
1.,1.,1.,1.,1.,1.,1.,1.,1.,1.,1.,1.,1.,1.,1.,1.,1.,1.,1.,1.,1.,      543P    601
0.707106781186548,0.707104429284533,0.708248955447426,               543P    602
0.712741797371456,0.716091743712583,0.724783152830735,               543P    603
0.730123442650605,0.742469640212906,0.749474293568397,               543P    604
0.764755946128807,0.773031894018097,0.790435332047224,               543P    605
0.799562095302216,0.827594226760581,0.847131691196814,               543P    606
0.884919116372061,0.903165119466132,0.936042164220263,               543P    607
0.950674047258976,0.974710792503336,0.984117155978686,               543P    608
0.996761318969055,1.00000975053525,1.,1.,1.,1.,1.,1.,1.,1.,1.,       543P    609
1.,1.,1.,1.,1.,1.,1.,1.,1.,1.,1.,1.,1.,1.,1.,1.,14.75,2.,-9.,        543P    610
14.75,2.049087396,-9.,14.749196164,2.098174727,-8.997588492,         543P    611
14.745988563,2.195876694,-8.987965688,14.743584796,2.244491329,      543P    612
-8.980754388,14.737200484,2.340779637,-8.961601453,                  543P    613
14.733219937,2.388453346,-8.949659811,14.723720399,2.482400686,      543P    614
-8.921161197,14.718201406,2.528674344,-8.904604217,                  543P    615
14.705678127,2.619375953,-8.867034381,14.698673839,2.66380392,       543P    616
-8.846021517,14.683247425,2.75038629,-8.799742276,14.674825298,      543P    617
2.792540701,-8.774475895,14.647553822,2.914984646,-8.692661466,      543P    618
14.626693396,2.991240157,-8.630080187,14.580413386,3.130080187,      543P    619
-8.491240157,14.554994885,3.19266146,-8.414984656,14.500575348,      543P    620
3.301747377,-8.251726043,14.471575592,3.348249454,-8.164726777,      543P    621
14.41110784,3.423389143,-7.98332352,14.379641273,3.45202498,         543P    622
-7.88892382,14.315449049,3.490330862,-7.696347146,14.282725287,      543P    623
3.5,-7.59817586,14.25,3.5,-7.5,15.75,2.,-9.,15.749999997,            543P    624
2.081820555,-8.999999997,15.744355929,2.163354593,-8.994355929,      543P    625
15.72232767,2.322497037,-8.97232767,15.70608426,2.399622842,         543P    626
-8.95608426,15.664601286,2.54633205,-8.914601286,15.639589752,       543P    627
2.615603581,-8.889589752,15.58296606,2.744499616,-8.83296606,        543P    628
15.551595064,2.804000782,-8.801595064,15.484686805,2.912783259,      543P    629
-8.734686805,15.44934567,2.962094227,-8.69934567,15.376538585,       543P    630
3.051074266,-8.626538585,15.339197308,3.090864643,-8.589197308,      543P    631
15.227472092,3.196393404,-8.477472092,15.151183129,3.25167855,       543P    632
-8.401183129,15.001987629,3.339138243,-8.251987629,                  543P    633
14.928687465,3.372440335,-8.178687465,14.786384524,3.424512697,      543P    634
-8.036384524,14.716672322,3.44396983,-7.966672322,14.580628207,      543P    635
3.47329152,-7.830628207,14.513491503,3.483524985,-7.763491503,       543P    636
14.381317435,3.496799197,-7.631317435,14.315449836,3.499999996,      543P    637
-7.565449836,14.25,3.5,-7.5,15.75,2.,-8.,15.75,2.049087396,-8.,      543P    638
15.747588492,2.098174727,-7.999196164,15.737965688,2.195876694,      543P    639
-7.995988563,15.730754388,2.244491329,-7.993584796,                  543P    640
15.711601453,2.340779637,-7.987200484,15.699659811,2.388453346,      543P    641
-7.983219937,15.671161197,2.482400686,-7.973720399,                  543P    642
15.654604217,2.528674344,-7.968201406,15.617034381,2.619375953,      543P    643
-7.955678127,15.596021517,2.66380392,-7.948673839,15.549742276,      543P    644
2.75038629,-7.933247425,15.524475895,2.792540701,-7.924825298,       543P    645
15.442661466,2.914984646,-7.897553822,15.380080187,2.991240157,      543P    646
-7.876693396,15.241240157,3.130080187,-7.830413386,                  543P    647
15.164984656,3.19266146,-7.804994885,15.001726043,3.301747377,       543P    648
-7.750575348,14.914726777,3.348249454,-7.721575592,14.73332352,      543P    649
3.423389143,-7.66110784,14.63892382,3.45202498,-7.629641273,         543P    650
14.446347146,3.490330862,-7.565449049,14.34817586,3.5,               543P    651
-7.532725287,14.25,3.5,-7.5,6.28318530717959,7.85398163397448,       543P    652
0.,1.;                                                               543P    653
126,1,1,1,0,1,0,0.,0.,1.,1.,1.,1.,7.853981634,1.,0.,                 545P    654
6.283185307,1.,0.,0.,1.,0.,0.,1.;                                    545P    655
126,3,3,1,0,0,0,0.,0.,0.,0.,1.,1.,1.,1.,1.,0.804737854124365,        547P    656
0.804737854124365,1.,14.25,3.5,-7.5,15.128679656,3.5,                547P    657
-7.792893219,15.75,2.878679656,-8.,15.75,2.,-8.,0.,1.,               547P    658
0.316227766,0.,0.948683298;                                          547P    659
126,1,1,1,0,1,0,0.,0.,1.,1.,1.,1.,6.283185307,1.,0.,                 549P    660
6.283185307,0.,0.,0.,1.,0.,0.,1.;                                    549P    661
124,1.,0.,0.,0.,0.,6.12323399573677E-17,1.,10.,0.,-1.,               551P    662
6.12323399573677E-17,-6.;                                            551P    663
100,-8.,14.75,2.,15.75,2.,14.75,3.;                                  553P    664
126,1,1,1,0,1,0,0.,0.,1.,1.,1.,1.,6.283185307,0.,0.,                 555P    665
7.853981634,0.,0.,0.,1.,0.,0.,1.;                                    555P    666
126,3,3,1,0,0,0,0.,0.,0.,0.,1.,1.,1.,1.,1.,0.804737854124365,        557P    667
0.804737854124365,1.,14.75,2.,-9.,14.75,2.878679656,-9.,             557P    668
14.542893219,3.5,-8.378679656,14.25,3.5,-7.5,0.,1.,                  557P    669
-0.948683298,0.,-0.316227766;                                        557P    670
102,3,545,549,555;                                                   559P    671
102,3,547,553,557;                                                   561P    672
142,1,543,559,561,1;                                                 563P    673
144,543,1,0,563;                                                     565P    674
128,23,2,3,2,0,0,0,0,0,6.28318530717959,6.28318530717959,            567P    675
6.28318530717959,6.28318530717959,6.38136007760427,                  567P    676
6.38136007760427,6.47953484802895,6.47953484802895,                  567P    677
6.57770961845363,6.57770961845363,6.67588438887831,                  567P    678
6.67588438887831,6.77405915930299,6.77405915930299,                  567P    679
6.87223392972767,6.87223392972767,7.06858347057703,                  567P    680
7.06858347057703,7.2649330114264,7.2649330114264,                    567P    681
7.46128255227576,7.46128255227576,7.65763209312512,                  567P    682
7.65763209312512,7.85398163397448,7.85398163397448,                  567P    683
7.85398163397448,7.85398163397448,0.,0.,0.,1.,1.,1.,1.,1.,1.,        567P    684
1.,1.,1.,1.,1.,1.,1.,1.,1.,1.,1.,1.,1.,1.,1.,1.,1.,1.,1.,1.,1.,      567P    685
0.707106781186548,0.707104429284533,0.708248955447426,               567P    686
0.712741797371456,0.716091743712583,0.724783152830735,               567P    687
0.730123442650605,0.742469640212906,0.749474293568398,               567P    688
0.764755946128806,0.773031894018097,0.790435332047224,               567P    689
0.799562095302216,0.827594226760581,0.847131691196814,               567P    690
0.884919116372061,0.903165119466132,0.936042164220263,               567P    691
0.950674047258973,0.974710792503339,0.984117155978686,               567P    692
0.996761318969055,1.00000975053525,1.,1.,1.,1.,1.,1.,1.,1.,1.,       567P    693
1.,1.,1.,1.,1.,1.,1.,1.,1.,1.,1.,1.,1.,1.,1.,1.,-14.75,2.,9.,        567P    694
-14.75,2.049087396,9.,-14.749196164,2.098174727,8.997588492,         567P    695
-14.745988563,2.195876694,8.987965688,-14.743584796,                 567P    696
2.244491329,8.980754388,-14.737200484,2.340779637,8.961601453,       567P    697
-14.733219937,2.388453346,8.949659811,-14.723720399,                 567P    698
2.482400686,8.921161197,-14.718201406,2.528674344,8.904604217,       567P    699
-14.705678127,2.619375953,8.867034381,-14.698673839,2.66380392,      567P    700
8.846021517,-14.683247425,2.75038629,8.799742276,-14.674825298,      567P    701
2.792540701,8.774475895,-14.647553822,2.914984646,8.692661466,       567P    702
-14.626693396,2.991240157,8.630080187,-14.580413386,                 567P    703
3.130080187,8.491240157,-14.554994885,3.19266146,8.414984656,        567P    704
-14.500575348,3.301747377,8.251726043,-14.471575592,                 567P    705
3.348249454,8.164726777,-14.41110784,3.423389143,7.98332352,         567P    706
-14.379641273,3.45202498,7.88892382,-14.315449049,3.490330862,       567P    707
7.696347146,-14.282725287,3.5,7.59817586,-14.25,3.5,7.5,-15.75,      567P    708
2.,9.,-15.749999997,2.081820555,8.999999997,-15.744355929,           567P    709
2.163354593,8.994355929,-15.72232767,2.322497037,8.97232767,         567P    710
-15.70608426,2.399622842,8.95608426,-15.664601286,2.54633205,        567P    711
8.914601286,-15.639589752,2.615603581,8.889589752,-15.58296606,      567P    712
2.744499616,8.83296606,-15.551595064,2.804000782,8.801595064,        567P    713
-15.484686805,2.912783259,8.734686805,-15.44934567,2.962094227,      567P    714
8.69934567,-15.376538585,3.051074266,8.626538585,-15.339197308,      567P    715
3.090864643,8.589197308,-15.227472092,3.196393404,8.477472092,       567P    716
-15.151183129,3.25167855,8.401183129,-15.001987629,3.339138243,      567P    717
8.251987629,-14.928687465,3.372440335,8.178687465,                   567P    718
-14.786384524,3.424512697,8.036384524,-14.716672322,3.44396983,      567P    719
7.966672322,-14.580628207,3.47329152,7.830628207,-14.513491503,      567P    720
3.483524985,7.763491503,-14.381317435,3.496799197,7.631317435,       567P    721
-14.315449836,3.499999996,7.565449836,-14.25,3.5,7.5,-15.75,2.,      567P    722
8.,-15.75,2.049087396,8.,-15.747588492,2.098174727,7.999196164,      567P    723
-15.737965688,2.195876694,7.995988563,-15.730754388,                 567P    724
2.244491329,7.993584796,-15.711601453,2.340779637,7.987200484,       567P    725
-15.699659811,2.388453346,7.983219937,-15.671161197,                 567P    726
2.482400686,7.973720399,-15.654604217,2.528674344,7.968201406,       567P    727
-15.617034381,2.619375953,7.955678127,-15.596021517,2.66380392,      567P    728
7.948673839,-15.549742276,2.75038629,7.933247425,-15.524475895,      567P    729
2.792540701,7.924825298,-15.442661466,2.914984646,7.897553822,       567P    730
-15.380080187,2.991240157,7.876693396,-15.241240157,                 567P    731
3.130080187,7.830413386,-15.164984656,3.19266146,7.804994885,        567P    732
-15.001726043,3.301747377,7.750575348,-14.914726777,                 567P    733
3.348249454,7.721575592,-14.73332352,3.423389143,7.66110784,         567P    734
-14.63892382,3.45202498,7.629641273,-14.446347146,3.490330862,       567P    735
7.565449049,-14.34817586,3.5,7.532725287,-14.25,3.5,7.5,             567P    736
6.28318530717959,7.85398163397448,0.,1.;                             567P    737
126,1,1,1,0,1,0,0.,0.,1.,1.,1.,1.,6.283185307,1.,0.,                 569P    738
6.283185307,0.,0.,0.,1.,0.,0.,1.;                                    569P    739
124,-1.,6.98296267768627E-15,0.,-29.5,-4.27583144589696E-31,         571P    740
-6.12323399573677E-17,1.,-6.,6.98296267768627E-15,1.,                571P    741
6.12323399573677E-17,6.0000000000001;                                571P    742
100,8.,-14.75,2.,-13.75,2.,-14.75,3.;                                573P    743
126,1,1,1,0,1,0,0.,0.,1.,1.,1.,1.,6.283185307,0.,0.,                 575P    744
7.853981634,0.,0.,0.,1.,0.,0.,1.;                                    575P    745
126,3,3,1,0,0,0,0.,0.,0.,0.,1.,1.,1.,1.,1.,0.804737854124365,        577P    746
0.804737854124365,1.,-14.75,2.,9.,-14.75,2.878679656,9.,             577P    747
-14.542893219,3.5,8.378679656,-14.25,3.5,7.5,0.,1.,0.948683298,      577P    748
0.,0.316227766;                                                      577P    749
126,1,1,1,0,1,0,0.,0.,1.,1.,1.,1.,7.853981634,0.,0.,                 579P    750
7.853981634,1.,0.,0.,1.,0.,0.,1.;                                    579P    751
126,1,1,1,0,1,0,0.,0.,1.,1.,1.,1.,7.853981634,1.,0.,                 581P    752
6.283185307,1.,0.,0.,1.,0.,0.,1.;                                    581P    753
126,3,3,1,0,0,0,0.,0.,0.,0.,1.,1.,1.,1.,1.,0.804737854124365,        583P    754
0.804737854124365,1.,-14.25,3.5,7.5,-15.128679656,3.5,               583P    755
7.792893219,-15.75,2.878679656,8.,-15.75,2.,8.,0.,1.,                583P    756
-0.316227766,0.,-0.948683298;                                        583P    757
102,4,569,575,579,581;                                               585P    758
102,3,573,577,583;                                                   587P    759
142,1,567,585,587,1;                                                 589P    760
144,567,1,0,589;                                                     591P    761
110,14.75,2.,-7.5,1014.75,2.,-7.5;                                   593P    762
110,-14.927,2.,-9.,14.927,2.,-9.;                                    595P    763
120,593,595,0.,6.28318530717959;                                     597P    764
126,10,2,1,0,1,0,0.,0.,0.,0.125,0.125,0.25,0.25,0.5,0.5,0.75,        599P    765
0.75,1.,1.,1.,1.,1.,1.,1.,1.,1.,1.,1.,1.,1.,1.,0.977322972,          599P    766
1.570796327,0.,0.979513892,1.439980859,0.,0.980590379,               599P    767
1.374446786,0.,0.982377117,1.265674148,0.,0.983732221,               599P    768
1.178097245,0.,0.98706876,0.962465138,0.,0.98916572,                 599P    769
0.785398163,0.,0.991592991,0.580439676,0.,0.992796267,               599P    770
0.392699082,0.,0.994071146,0.193786714,0.,0.994071146,0.,0.,0.,      599P    771
1.,0.,0.,-1.;                                                        599P    772
126,3,3,1,0,0,0,0.,0.,0.,0.,1.,1.,1.,1.,1.,0.804737854124365,        601P    773
0.804737854124365,1.,14.25,3.5,-7.5,14.542893219,3.5,                601P    774
-8.378679656,14.75,2.878679656,-9.,14.75,2.,-9.,0.,1.,               601P    775
0.948683298,0.,0.316227766;                                          601P    776
126,1,1,1,0,1,0,0.,0.,1.,1.,1.,1.,0.994071146,0.,0.,                 603P    777
0.005928854,0.,0.,0.,1.,0.,0.,1.;                                    603P    778
110,14.75,2.,-9.,-14.75,2.,-9.;                                      605P    779
126,10,2,1,0,1,0,0.,0.,0.,0.25,0.25,0.5,0.5,0.75,0.75,0.875,         607P    780
0.875,1.,1.,1.,1.,1.,1.,1.,1.,1.,1.,1.,1.,1.,1.,0.005928854,0.,      607P    781
0.,0.005928854,0.193786714,0.,0.007203733,0.392699082,0.,            607P    782
0.008407009,0.580439676,0.,0.01083428,0.785398163,0.,                607P    783
0.01293124,0.962465138,0.,0.016267779,1.178097245,0.,                607P    784
0.017622883,1.265674148,0.,0.019409621,1.374446786,0.,               607P    785
0.020486108,1.439980859,0.,0.022677028,1.570796327,0.,0.,1.,0.,      607P    786
0.,-1.;                                                              607P    787
126,3,3,1,0,0,0,0.,0.,0.,0.,1.,1.,1.,1.,1.,0.804737854124365,        609P    788
0.804737854124365,1.,-14.75,2.,-9.,-14.75,2.878679656,-9.,           609P    789
-14.542893219,3.5,-8.378679656,-14.25,3.5,-7.5,0.,1.,                609P    790
-0.948683298,0.,0.316227766;                                         609P    791
126,1,1,1,0,1,0,0.,0.,1.,1.,1.,1.,0.022677028,1.570796327,0.,        611P    792
0.977322972,1.570796327,0.,0.,1.,0.,0.,1.;                           611P    793
110,-14.25,3.5,-7.5,14.25,3.5,-7.5;                                  613P    794
102,4,599,603,607,611;                                               615P    795
102,4,601,605,609,613;                                               617P    796
142,1,597,615,617,1;                                                 619P    797
144,597,1,0,619;                                                     621P    798
110,-14.25,2.,8.,-14.25,2.,-992.;                                    623P    799
110,-15.75,2.,8.096,-15.75,2.,-8.096;                                625P    800
120,623,625,0.,6.28318530717959;                                     627P    801
126,10,2,1,0,1,0,0.,0.,0.,0.25,0.25,0.5,0.5,0.75,0.75,0.875,         629P    802
0.875,1.,1.,1.,1.,1.,1.,1.,1.,1.,1.,1.,1.,1.,1.,0.005928854,0.,      629P    803
0.,0.005928854,0.193786714,0.,0.008279412,0.392699082,0.,            629P    804
0.010497952,0.580439676,0.,0.014973234,0.785398163,0.,               629P    805
0.018839503,0.962465138,0.,0.024991248,1.178097245,0.,               629P    806
0.027489719,1.265674148,0.,0.030784019,1.374446786,0.,               629P    807
0.032768791,1.439980859,0.,0.0368083,1.570796327,0.,0.,1.,0.,        629P    808
0.,-1.;                                                              629P    809
126,3,3,1,0,0,0,0.,0.,0.,0.,1.,1.,1.,1.,1.,0.804737854124365,        631P    810
0.804737854124365,1.,-15.75,2.,8.,-15.75,2.878679656,8.,             631P    811
-15.128679656,3.5,7.792893219,-14.25,3.5,7.5,0.,1.,0.316227766,      631P    812
0.,0.948683298;                                                      631P    813
126,1,1,1,0,1,0,0.,0.,1.,1.,1.,1.,0.0368083,1.570796327,0.,          633P    814
0.9631917,1.570796327,0.,0.,1.,0.,0.,1.;                             633P    815
110,-14.25,3.5,7.5,-14.25,3.5,-7.5;                                  635P    816
126,10,2,1,0,1,0,0.,0.,0.,0.125,0.125,0.25,0.25,0.5,0.5,0.75,        637P    817
0.75,1.,1.,1.,1.,1.,1.,1.,1.,1.,1.,1.,1.,1.,1.,0.9631917,            637P    818
1.570796327,0.,0.967231209,1.439980859,0.,0.969215981,               637P    819
1.374446786,0.,0.972510281,1.265674148,0.,0.975008752,               637P    820
1.178097245,0.,0.981160497,0.962465138,0.,0.985026766,               637P    821
0.785398163,0.,0.989502048,0.580439676,0.,0.991720588,               637P    822
0.392699082,0.,0.994071146,0.193786714,0.,0.994071146,0.,0.,0.,      637P    823
1.,0.,0.,-1.;                                                        637P    824
126,3,3,1,0,0,0,0.,0.,0.,0.,1.,1.,1.,1.,1.,0.804737854124365,        639P    825
0.804737854124365,1.,-14.25,3.5,-7.5,-15.128679656,3.5,              639P    826
-7.792893219,-15.75,2.878679656,-8.,-15.75,2.,-8.,0.,1.,             639P    827
0.316227766,0.,-0.948683298;                                         639P    828
126,1,1,1,0,1,0,0.,0.,1.,1.,1.,1.,0.994071146,0.,0.,                 641P    829
0.005928854,0.,0.,0.,1.,0.,0.,1.;                                    641P    830
110,-15.75,2.,-8.,-15.75,2.,8.;                                      643P    831
102,4,629,633,637,641;                                               645P    832
102,4,631,635,639,643;                                               647P    833
142,1,627,645,647,1;                                                 649P    834
144,627,1,0,649;                                                     651P    835
128,23,2,3,2,0,0,0,0,0,6.28318530717959,6.28318530717959,            653P    836
6.28318530717959,6.28318530717959,6.38136007760427,                  653P    837
6.38136007760427,6.47953484802895,6.47953484802895,                  653P    838
6.57770961845363,6.57770961845363,6.67588438887831,                  653P    839
6.67588438887831,6.77405915930299,6.77405915930299,                  653P    840
6.87223392972767,6.87223392972767,7.06858347057703,                  653P    841
7.06858347057703,7.2649330114264,7.2649330114264,                    653P    842
7.46128255227576,7.46128255227576,7.65763209312512,                  653P    843
7.65763209312512,7.85398163397448,7.85398163397448,                  653P    844
7.85398163397448,7.85398163397448,0.,0.,0.,1.,1.,1.,1.,1.,1.,        653P    845
1.,1.,1.,1.,1.,1.,1.,1.,1.,1.,1.,1.,1.,1.,1.,1.,1.,1.,1.,1.,1.,      653P    846
0.707106781186548,0.707104429284534,0.708248955447424,               653P    847
0.712741797371457,0.716091743712582,0.724783152830736,               653P    848
0.730123442650605,0.742469640212906,0.749474293568395,               653P    849
0.764755946128809,0.773031894018098,0.790435332047223,               653P    850
0.799562095302223,0.827594226760566,0.8471316911968,                 653P    851
0.884919116372075,0.903165119466135,0.93604216422026,                653P    852
0.950674047258966,0.974710792503346,0.984117155978684,               653P    853
0.996761318969057,1.00000975053525,1.,1.,1.,1.,1.,1.,1.,1.,1.,       653P    854
1.,1.,1.,1.,1.,1.,1.,1.,1.,1.,1.,1.,1.,1.,1.,1.,-15.75,2.,-8.,       653P    855
-15.75,2.049087396,-8.,-15.747588492,2.098174727,-7.999196164,       653P    856
-15.737965688,2.195876694,-7.995988563,-15.730754388,                653P    857
2.244491329,-7.993584796,-15.711601453,2.340779637,                  653P    858
-7.987200484,-15.699659811,2.388453346,-7.983219937,                 653P    859
-15.671161197,2.482400686,-7.973720399,-15.654604217,                653P    860
2.528674344,-7.968201406,-15.617034381,2.619375953,                  653P    861
-7.955678127,-15.596021517,2.66380392,-7.948673839,                  653P    862
-15.549742276,2.75038629,-7.933247425,-15.524475895,                 653P    863
2.792540701,-7.924825298,-15.442661466,2.914984646,                  653P    864
-7.897553822,-15.380080187,2.991240157,-7.876693396,                 653P    865
-15.241240157,3.130080187,-7.830413386,-15.164984656,                653P    866
3.19266146,-7.804994885,-15.001726043,3.301747377,-7.750575348,      653P    867
-14.914726777,3.348249454,-7.721575592,-14.73332352,                 653P    868
3.423389143,-7.66110784,-14.63892382,3.45202498,-7.629641273,        653P    869
-14.446347146,3.490330862,-7.565449049,-14.34817586,3.5,             653P    870
-7.532725287,-14.25,3.5,-7.5,-15.75,2.,-9.,-15.749999997,            653P    871
2.081820555,-8.999999997,-15.744355929,2.163354593,                  653P    872
-8.994355929,-15.72232767,2.322497037,-8.97232767,-15.70608426,      653P    873
2.399622842,-8.95608426,-15.664601286,2.54633205,-8.914601286,       653P    874
-15.639589752,2.615603581,-8.889589752,-15.58296606,                 653P    875
2.744499616,-8.83296606,-15.551595064,2.804000782,-8.801595064,      653P    876
-15.484686805,2.912783259,-8.734686805,-15.44934567,                 653P    877
2.962094227,-8.69934567,-15.376538585,3.051074266,-8.626538585,      653P    878
-15.339197308,3.090864643,-8.589197308,-15.227472092,                653P    879
3.196393404,-8.477472092,-15.151183129,3.25167855,-8.401183129,      653P    880
-15.001987629,3.339138243,-8.251987629,-14.928687465,                653P    881
3.372440335,-8.178687465,-14.786384524,3.424512697,                  653P    882
-8.036384524,-14.716672322,3.44396983,-7.966672322,                  653P    883
-14.580628207,3.47329152,-7.830628207,-14.513491503,                 653P    884
3.483524985,-7.763491503,-14.381317435,3.496799197,                  653P    885
-7.631317435,-14.315449836,3.499999996,-7.565449836,-14.25,3.5,      653P    886
-7.5,-14.75,2.,-9.,-14.75,2.049087396,-9.,-14.749196164,             653P    887
2.098174727,-8.997588492,-14.745988563,2.195876694,                  653P    888
-8.987965688,-14.743584796,2.244491329,-8.980754388,                 653P    889
-14.737200484,2.340779637,-8.961601453,-14.733219937,                653P    890
2.388453346,-8.949659811,-14.723720399,2.482400686,                  653P    891
-8.921161197,-14.718201406,2.528674344,-8.904604217,                 653P    892
-14.705678127,2.619375953,-8.867034381,-14.698673839,                653P    893
2.66380392,-8.846021517,-14.683247425,2.75038629,-8.799742276,       653P    894
-14.674825298,2.792540701,-8.774475895,-14.647553822,                653P    895
2.914984646,-8.692661466,-14.626693396,2.991240157,                  653P    896
-8.630080187,-14.580413386,3.130080187,-8.491240157,                 653P    897
-14.554994885,3.19266146,-8.414984656,-14.500575348,                 653P    898
3.301747377,-8.251726043,-14.471575592,3.348249454,                  653P    899
-8.164726777,-14.41110784,3.423389143,-7.98332352,                   653P    900
-14.379641273,3.45202498,-7.88892382,-14.315449049,3.490330862,      653P    901
-7.696347146,-14.282725287,3.5,-7.59817586,-14.25,3.5,-7.5,          653P    902
6.28318530717959,7.85398163397448,0.,1.;                             653P    903
126,1,1,1,0,1,0,0.,0.,1.,1.,1.,1.,6.283185307,1.,0.,                 655P    904
6.283185307,0.,0.,0.,1.,0.,0.,1.;                                    655P    905
124,1.83758917935762E-15,-1.,0.,-12.75,6.12323399573677E-17,         657P    906
1.12519885332406E-31,1.,10.,-1.,-1.83758917935762E-15,               657P    907
6.12323399573677E-17,-22.75;                                         657P    908
100,-8.,-14.75,2.,-13.75,2.,-14.75,3.;                               659P    909
126,1,1,1,0,1,0,0.,0.,1.,1.,1.,1.,6.283185307,0.,0.,                 661P    910
7.853981634,0.,0.,0.,1.,0.,0.,1.;                                    661P    911
126,3,3,1,0,0,0,0.,0.,0.,0.,1.,1.,1.,1.,1.,0.804737854124365,        663P    912
0.804737854124365,1.,-15.75,2.,-8.,-15.75,2.878679656,-8.,           663P    913
-15.128679656,3.5,-7.792893219,-14.25,3.5,-7.5,0.,1.,                663P    914
-0.316227766,0.,0.948683298;                                         663P    915
126,1,1,1,0,1,0,0.,0.,1.,1.,1.,1.,7.853981634,0.,0.,                 665P    916
7.853981634,1.,0.,0.,1.,0.,0.,1.;                                    665P    917
126,1,1,1,0,1,0,0.,0.,1.,1.,1.,1.,7.853981634,1.,0.,                 667P    918
6.283185307,1.,0.,0.,1.,0.,0.,1.;                                    667P    919
126,3,3,1,0,0,0,0.,0.,0.,0.,1.,1.,1.,1.,1.,0.804737854124365,        669P    920
0.804737854124365,1.,-14.25,3.5,-7.5,-14.542893219,3.5,              669P    921
-8.378679656,-14.75,2.878679656,-9.,-14.75,2.,-9.,0.,1.,             669P    922
0.948683298,0.,-0.316227766;                                         669P    923
102,4,655,661,665,667;                                               671P    924
102,3,659,663,669;                                                   673P    925
142,1,653,671,673,1;                                                 675P    926
144,653,1,0,675;                                                     677P    927
128,1,1,1,1,0,0,1,0,0,0.,0.,1.,1.,0.,0.,1.,1.,1.,1.,1.,1.,13.,       679P    928
0.2,-7.,-13.,0.2,-7.,13.,1.5,-7.,-13.,1.5,-7.,0.,1.,0.,1.;           679P    929
126,1,1,1,0,1,0,0.,0.,1.,1.,1.,1.,1.,1.,0.,0.,1.,0.,0.,1.,0.,        681P    930
0.,1.;                                                               681P    931
110,-13.,1.5,-7.,13.,1.5,-7.;                                        683P    932
126,1,1,1,0,1,0,0.,0.,1.,1.,1.,1.,0.,1.,0.,0.,0.,0.,0.,1.,0.,        685P    933
0.,1.;                                                               685P    934
110,13.,1.5,-7.,13.,0.2,-7.;                                         687P    935
126,1,1,1,0,1,0,0.,0.,1.,1.,1.,1.,0.,0.,0.,1.,0.,0.,0.,1.,0.,        689P    936
0.,1.;                                                               689P    937
110,13.,0.2,-7.,-13.,0.2,-7.;                                        691P    938
126,1,1,1,0,1,0,0.,0.,1.,1.,1.,1.,1.,0.,0.,1.,1.,0.,0.,1.,0.,        693P    939
0.,1.;                                                               693P    940
110,-13.,0.2,-7.,-13.,1.5,-7.;                                       695P    941
102,4,681,685,689,693;                                               697P    942
102,4,683,687,691,695;                                               699P    943
142,1,679,697,699,1;                                                 701P    944
144,679,1,0,701;                                                     703P    945
110,13.,34.358548248,-6.25,13.,-965.641451752,-6.25;                 705P    946
110,13.,1.5,-7.,13.,0.2,-7.;                                         707P    947
120,705,707,0.,6.28318530717959;                                     709P    948
126,1,1,1,0,1,0,0.,0.,1.,1.,1.,1.,0.,0.,0.,0.,1.570796327,0.,        711P    949
0.,1.,0.,0.,1.;                                                      711P    950
124,1.40271576953299E-14,1.,0.,11.4999999999998,                     713P    951
-6.12323399573677E-17,8.58915688636046E-31,-1.,-4.75,-1.,            713P    952
1.40271576953299E-14,6.12323399573677E-17,6.74999999999998;          713P    953
100,-6.25,13.,1.5,13.75,1.5,13.,2.25;                                715P    954
126,1,1,1,0,1,0,0.,0.,1.,1.,1.,1.,0.,1.570796327,0.,1.,              717P    955
1.570796327,0.,0.,1.,0.,0.,1.;                                       717P    956
110,13.75,1.5,-6.25,13.75,0.2,-6.25;                                 719P    957
126,1,1,1,0,1,0,0.,0.,1.,1.,1.,1.,1.,1.570796327,0.,1.,0.,0.,        721P    958
0.,1.,0.,0.,1.;                                                      721P    959
124,1.,0.,0.,0.,0.,6.12323399573677E-17,1.,6.45,0.,-1.,              723P    960
6.12323399573677E-17,-6.05;                                          723P    961
100,-6.25,13.,0.2,13.75,0.2,13.,0.95;                                725P    962
126,1,1,1,0,1,0,0.,0.,1.,1.,1.,1.,1.,0.,0.,0.,0.,0.,0.,1.,0.,        727P    963
0.,1.;                                                               727P    964
110,13.,0.2,-7.,13.,1.5,-7.;                                         729P    965
102,4,711,717,721,727;                                               731P    966
102,4,715,719,725,729;                                               733P    967
142,1,709,731,733,1;                                                 735P    968
144,709,1,0,735;                                                     737P    969
128,1,1,1,1,0,0,1,0,0,0.,0.,1.,1.,0.,0.,1.,1.,1.,1.,1.,1.,           739P    970
13.75,0.2,6.25,13.75,0.2,-6.25,13.75,1.5,6.25,13.75,1.5,-6.25,       739P    971
0.,1.,0.,1.;                                                         739P    972
126,1,1,1,0,1,0,0.,0.,1.,1.,1.,1.,1.,1.,0.,0.,1.,0.,0.,1.,0.,        741P    973
0.,1.;                                                               741P    974
110,13.75,1.5,-6.25,13.75,1.5,6.25;                                  743P    975
126,1,1,1,0,1,0,0.,0.,1.,1.,1.,1.,0.,1.,0.,0.,0.,0.,0.,1.,0.,        745P    976
0.,1.;                                                               745P    977
110,13.75,1.5,6.25,13.75,0.2,6.25;                                   747P    978
126,1,1,1,0,1,0,0.,0.,1.,1.,1.,1.,0.,0.,0.,1.,0.,0.,0.,1.,0.,        749P    979
0.,1.;                                                               749P    980
110,13.75,0.2,6.25,13.75,0.2,-6.25;                                  751P    981
126,1,1,1,0,1,0,0.,0.,1.,1.,1.,1.,1.,0.,0.,1.,1.,0.,0.,1.,0.,        753P    982
0.,1.;                                                               753P    983
110,13.75,0.2,-6.25,13.75,1.5,-6.25;                                 755P    984
102,4,741,745,749,753;                                               757P    985
102,4,743,747,751,755;                                               759P    986
142,1,739,757,759,1;                                                 761P    987
144,739,1,0,761;                                                     763P    988
110,13.,34.358548248,6.25,13.,-965.641451752,6.25;                   765P    989
110,13.,1.5,5.5,13.,0.2,5.5;                                         767P    990
120,765,767,0.,6.28318530717959;                                     769P    991
126,1,1,1,0,1,0,0.,0.,1.,1.,1.,1.,0.,1.570796327,0.,0.,              771P    992
3.141592654,0.,0.,1.,0.,0.,1.;                                       771P    993
124,1.,0.,0.,0.,0.,6.12323399573677E-17,-1.,7.75,0.,1.,              773P    994
6.12323399573677E-17,4.75;                                           773P    995
100,6.25,13.,1.5,13.75,1.5,13.,2.25;                                 775P    996
126,1,1,1,0,1,0,0.,0.,1.,1.,1.,1.,0.,3.141592654,0.,1.,              777P    997
3.141592654,0.,0.,1.,0.,0.,1.;                                       777P    998
110,13.,1.5,7.,13.,0.2,7.;                                           779P    999
126,1,1,1,0,1,0,0.,0.,1.,1.,1.,1.,1.,3.141592654,0.,1.,              781P   1000
1.570796327,0.,0.,1.,0.,0.,1.;                                       781P   1001
124,1.40271576953299E-14,1.,0.,12.7999999999998,                     783P   1002
-6.12323399573677E-17,8.58915688636046E-31,1.,-6.05,1.,              783P   1003
-1.40271576953299E-14,6.12323399573677E-17,-6.74999999999999;        783P   1004
100,6.25,13.,0.2,13.75,0.2,13.,0.95;                                 785P   1005
126,1,1,1,0,1,0,0.,0.,1.,1.,1.,1.,1.,1.570796327,0.,0.,              787P   1006
1.570796327,0.,0.,1.,0.,0.,1.;                                       787P   1007
110,13.75,0.2,6.25,13.75,1.5,6.25;                                   789P   1008
102,4,771,777,781,787;                                               791P   1009
102,4,775,779,785,789;                                               793P   1010
142,1,769,791,793,1;                                                 795P   1011
144,769,1,0,795;                                                     797P   1012
128,1,1,1,1,0,0,1,0,0,0.,0.,1.,1.,0.,0.,1.,1.,1.,1.,1.,1.,-13.,      799P   1013
0.2,7.,13.,0.2,7.,-13.,1.5,7.,13.,1.5,7.,0.,1.,0.,1.;                799P   1014
126,1,1,1,0,1,0,0.,0.,1.,1.,1.,1.,1.,1.,0.,0.,1.,0.,0.,1.,0.,        801P   1015
0.,1.;                                                               801P   1016
110,13.,1.5,7.,-13.,1.5,7.;                                          803P   1017
126,1,1,1,0,1,0,0.,0.,1.,1.,1.,1.,0.,1.,0.,0.,0.,0.,0.,1.,0.,        805P   1018
0.,1.;                                                               805P   1019
110,-13.,1.5,7.,-13.,0.2,7.;                                         807P   1020
126,1,1,1,0,1,0,0.,0.,1.,1.,1.,1.,0.,0.,0.,1.,0.,0.,0.,1.,0.,        809P   1021
0.,1.;                                                               809P   1022
110,-13.,0.2,7.,13.,0.2,7.;                                          811P   1023
126,1,1,1,0,1,0,0.,0.,1.,1.,1.,1.,1.,0.,0.,1.,1.,0.,0.,1.,0.,        813P   1024
0.,1.;                                                               813P   1025
110,13.,0.2,7.,13.,1.5,7.;                                           815P   1026
102,4,801,805,809,813;                                               817P   1027
102,4,803,807,811,815;                                               819P   1028
142,1,799,817,819,1;                                                 821P   1029
144,799,1,0,821;                                                     823P   1030
110,-13.,34.358548248,6.25,-13.,-965.641451752,6.25;                 825P   1031
110,-13.,1.5,5.5,-13.,0.2,5.5;                                       827P   1032
120,825,827,0.,6.28318530717959;                                     829P   1033
126,1,1,1,0,1,0,0.,0.,1.,1.,1.,1.,0.,3.141592654,0.,0.,              831P   1034
4.71238898,0.,0.,1.,0.,0.,1.;                                        831P   1035
124,6.12323399573677E-17,-1.,0.,-11.5,6.12323399573677E-17,          833P   1036
3.74939945665464E-33,-1.,7.75,1.,6.12323399573677E-17,               833P   1037
6.12323399573677E-17,19.25;                                          833P   1038
100,6.25,-13.,1.5,-12.25,1.5,-13.,2.25;                              835P   1039
126,1,1,1,0,1,0,0.,0.,1.,1.,1.,1.,0.,4.71238898,0.,1.,               837P   1040
4.71238898,0.,0.,1.,0.,0.,1.;                                        837P   1041
110,-13.75,1.5,6.25,-13.75,0.2,6.25;                                 839P   1042
126,1,1,1,0,1,0,0.,0.,1.,1.,1.,1.,1.,4.71238898,0.,1.,               841P   1043
3.141592654,0.,0.,1.,0.,0.,1.;                                       841P   1044
124,-1.,6.98296267768627E-15,0.,-26.,-4.27583144589696E-31,          843P   1045
-6.12323399573677E-17,1.,-6.05,6.98296267768627E-15,1.,              843P   1046
6.12323399573677E-17,6.05000000000009;                               843P   1047
100,6.25,-13.,0.2,-12.25,0.2,-13.,0.95;                              845P   1048
126,1,1,1,0,1,0,0.,0.,1.,1.,1.,1.,1.,3.141592654,0.,0.,              847P   1049
3.141592654,0.,0.,1.,0.,0.,1.;                                       847P   1050
110,-13.,0.2,7.,-13.,1.5,7.;                                         849P   1051
102,4,831,837,841,847;                                               851P   1052
102,4,835,839,845,849;                                               853P   1053
142,1,829,851,853,1;                                                 855P   1054
144,829,1,0,855;                                                     857P   1055
128,1,1,1,1,0,0,1,0,0,0.,0.,1.,1.,0.,0.,1.,1.,1.,1.,1.,1.,           859P   1056
-13.75,0.2,-6.25,-13.75,0.2,6.25,-13.75,1.5,-6.25,-13.75,1.5,        859P   1057
6.25,0.,1.,0.,1.;                                                    859P   1058
126,1,1,1,0,1,0,0.,0.,1.,1.,1.,1.,1.,1.,0.,0.,1.,0.,0.,1.,0.,        861P   1059
0.,1.;                                                               861P   1060
110,-13.75,1.5,6.25,-13.75,1.5,-6.25;                                863P   1061
126,1,1,1,0,1,0,0.,0.,1.,1.,1.,1.,0.,1.,0.,0.,0.,0.,0.,1.,0.,        865P   1062
0.,1.;                                                               865P   1063
110,-13.75,1.5,-6.25,-13.75,0.2,-6.25;                               867P   1064
126,1,1,1,0,1,0,0.,0.,1.,1.,1.,1.,0.,0.,0.,1.,0.,0.,0.,1.,0.,        869P   1065
0.,1.;                                                               869P   1066
110,-13.75,0.2,-6.25,-13.75,0.2,6.25;                                871P   1067
126,1,1,1,0,1,0,0.,0.,1.,1.,1.,1.,1.,0.,0.,1.,1.,0.,0.,1.,0.,        873P   1068
0.,1.;                                                               873P   1069
110,-13.75,0.2,6.25,-13.75,1.5,6.25;                                 875P   1070
102,4,861,865,869,873;                                               877P   1071
102,4,863,867,871,875;                                               879P   1072
142,1,859,877,879,1;                                                 881P   1073
144,859,1,0,881;                                                     883P   1074
110,-13.,34.358548248,-6.25,-13.,-965.641451752,-6.25;               885P   1075
110,-13.,1.5,-7.,-13.,0.2,-7.;                                       887P   1076
120,885,887,0.,6.28318530717959;                                     889P   1077
126,1,1,1,0,1,0,0.,0.,1.,1.,1.,1.,0.,4.71238898,0.,0.,               891P   1078
6.283185307,0.,0.,1.,0.,0.,1.;                                       891P   1079
124,-1.,6.98296267768627E-15,0.,-26.,-4.27583144589696E-31,          893P   1080
-6.12323399573677E-17,-1.,-4.75,-6.98296267768627E-15,-1.,           893P   1081
6.12323399573677E-17,-4.75000000000009;                              893P   1082
100,-6.25,-13.,1.5,-12.25,1.5,-13.,2.25;                             895P   1083
126,1,1,1,0,1,0,0.,0.,1.,1.,1.,1.,0.,6.283185307,0.,1.,              897P   1084
6.283185307,0.,0.,1.,0.,0.,1.;                                       897P   1085
110,-13.,1.5,-7.,-13.,0.2,-7.;                                       899P   1086
126,1,1,1,0,1,0,0.,0.,1.,1.,1.,1.,1.,6.283185307,0.,1.,              901P   1087
4.71238898,0.,0.,1.,0.,0.,1.;                                        901P   1088
124,6.12323399573677E-17,-1.,0.,-12.8,6.12323399573677E-17,          903P   1089
3.74939945665464E-33,1.,6.45,-1.,-6.12323399573677E-17,              903P   1090
6.12323399573677E-17,-19.25;                                         903P   1091
100,-6.25,-13.,0.2,-12.25,0.2,-13.,0.95;                             905P   1092
126,1,1,1,0,1,0,0.,0.,1.,1.,1.,1.,1.,4.71238898,0.,0.,               907P   1093
4.71238898,0.,0.,1.,0.,0.,1.;                                        907P   1094
110,-13.75,0.2,-6.25,-13.75,1.5,-6.25;                               909P   1095
102,4,891,897,901,907;                                               911P   1096
102,4,895,899,905,909;                                               913P   1097
142,1,889,911,913,1;                                                 915P   1098
144,889,1,0,915;                                                     917P   1099
128,1,1,1,1,0,0,1,0,0,0.,0.,1.,1.,0.,0.,1.,1.,1.,1.,1.,1.,13.,       919P   1100
0.2,7.,-13.,0.2,7.,13.,0.,7.2,-13.,0.,7.2,0.,1.,0.,1.;               919P   1101
126,1,1,1,0,1,0,0.,0.,1.,1.,1.,1.,0.,0.,0.,1.,0.,0.,0.,1.,0.,        921P   1102
0.,1.;                                                               921P   1103
110,13.,0.2,7.,-13.,0.2,7.;                                          923P   1104
126,1,1,1,0,1,0,0.,0.,1.,1.,1.,1.,1.,0.,0.,1.,1.,0.,0.,1.,0.,        925P   1105
0.,1.;                                                               925P   1106
110,-13.,0.2,7.,-13.,0.,7.2;                                         927P   1107
126,1,1,1,0,1,0,0.,0.,1.,1.,1.,1.,1.,1.,0.,0.,1.,0.,0.,1.,0.,        929P   1108
0.,1.;                                                               929P   1109
110,-13.,0.,7.2,13.,0.,7.2;                                          931P   1110
126,1,1,1,0,1,0,0.,0.,1.,1.,1.,1.,0.,1.,0.,0.,0.,0.,0.,1.,0.,        933P   1111
0.,1.;                                                               933P   1112
110,13.,0.,7.2,13.,0.2,7.;                                           935P   1113
102,4,921,925,929,933;                                               937P   1114
102,4,923,927,931,935;                                               939P   1115
142,1,919,937,939,1;                                                 941P   1116
144,919,1,0,941;                                                     943P   1117
110,-13.,1000.2,6.25,-13.,0.2,6.25;                                  945P   1118
110,-13.,0.2,5.5,-13.,0.,5.3;                                        947P   1119
120,945,947,0.,6.28318530717959;                                     949P   1120
126,1,1,1,0,1,0,0.,0.,1.,1.,1.,1.,0.,3.141592654,0.,0.,              951P   1121
4.71238898,0.,0.,1.,0.,0.,1.;                                        951P   1122
124,6.12323399573677E-17,-1.,0.,-12.8,6.12323399573677E-17,          953P   1123
3.74939945665464E-33,-1.,6.45,1.,6.12323399573677E-17,               953P   1124
6.12323399573677E-17,19.25;                                          953P   1125
100,6.25,-13.,0.2,-12.25,0.2,-13.,0.95;                              955P   1126
126,1,1,1,0,1,0,0.,0.,1.,1.,1.,1.,0.,4.71238898,0.,1.,               957P   1127
4.71238898,0.,0.,1.,0.,0.,1.;                                        957P   1128
110,-13.75,0.2,6.25,-13.95,0.,6.25;                                  959P   1129
126,1,1,1,0,1,0,0.,0.,1.,1.,1.,1.,1.,4.71238898,0.,1.,               961P   1130
3.141592654,0.,0.,1.,0.,0.,1.;                                       961P   1131
124,-1.,6.98296267768627E-15,0.,-26.,-4.27583144589696E-31,          963P   1132
-6.12323399573677E-17,1.,-6.25,6.98296267768627E-15,1.,              963P   1133
6.12323399573677E-17,6.25000000000009;                               963P   1134
100,6.25,-13.,0.,-12.05,0.,-13.,0.95;                                965P   1135
126,1,1,1,0,1,0,0.,0.,1.,1.,1.,1.,1.,3.141592654,0.,0.,              967P   1136
3.141592654,0.,0.,1.,0.,0.,1.;                                       967P   1137
110,-13.,0.,7.2,-13.,0.2,7.;                                         969P   1138
102,4,951,957,961,967;                                               971P   1139
102,4,955,959,965,969;                                               973P   1140
142,1,949,971,973,1;                                                 975P   1141
144,949,1,0,975;                                                     977P   1142
110,13.,1000.2,6.25,13.,0.2,6.25;                                    979P   1143
110,13.,0.2,5.5,13.,0.,5.3;                                          981P   1144
120,979,981,0.,6.28318530717959;                                     983P   1145
126,1,1,1,0,1,0,0.,0.,1.,1.,1.,1.,1.,3.141592654,0.,1.,              985P   1146
1.570796327,0.,0.,1.,0.,0.,1.;                                       985P   1147
124,1.40271576953299E-14,1.,0.,12.9999999999998,                     987P   1148
-6.12323399573677E-17,8.58915688636046E-31,1.,-6.25,1.,              987P   1149
-1.40271576953299E-14,6.12323399573677E-17,-6.75;                    987P   1150
100,6.25,13.,0.,13.95,0.,13.,0.95;                                   989P   1151
126,1,1,1,0,1,0,0.,0.,1.,1.,1.,1.,1.,1.570796327,0.,0.,              991P   1152
1.570796327,0.,0.,1.,0.,0.,1.;                                       991P   1153
110,13.95,0.,6.25,13.75,0.2,6.25;                                    993P   1154
126,1,1,1,0,1,0,0.,0.,1.,1.,1.,1.,0.,1.570796327,0.,0.,              995P   1155
3.141592654,0.,0.,1.,0.,0.,1.;                                       995P   1156
124,1.,-1.39659253553725E-14,0.,2.24232539883903E-15,                997P   1157
8.55166289179392E-31,6.12323399573677E-17,-1.,6.45,                  997P   1158
1.39659253553725E-14,1.,6.12323399573677E-17,6.04999999999982;       997P   1159
100,6.25,13.,0.2,13.75,0.2,13.,0.95;                                 999P   1160
126,1,1,1,0,1,0,0.,0.,1.,1.,1.,1.,0.,3.141592654,0.,1.,             1001P   1161
3.141592654,0.,0.,1.,0.,0.,1.;                                      1001P   1162
110,13.,0.2,7.,13.,0.,7.2;                                          1003P   1163
102,4,985,991,995,1001;                                             1005P   1164
102,4,989,993,999,1003;                                             1007P   1165
142,1,983,1005,1007,1;                                              1009P   1166
144,983,1,0,1009;                                                   1011P   1167
128,1,1,1,1,0,0,1,0,0,0.,0.,1.,1.,0.,0.,1.,1.,1.,1.,1.,1.,          1013P   1168
-13.75,0.2,6.25,-13.75,0.2,-6.25,-13.95,0.,6.25,-13.95,0.,          1013P   1169
-6.25,0.,1.,0.,1.;                                                  1013P   1170
126,1,1,1,0,1,0,0.,0.,1.,1.,1.,1.,0.,0.,0.,1.,0.,0.,0.,1.,0.,       1015P   1171
0.,1.;                                                              1015P   1172
110,-13.75,0.2,6.25,-13.75,0.2,-6.25;                               1017P   1173
126,1,1,1,0,1,0,0.,0.,1.,1.,1.,1.,1.,0.,0.,1.,1.,0.,0.,1.,0.,       1019P   1174
0.,1.;                                                              1019P   1175
110,-13.75,0.2,-6.25,-13.95,0.,-6.25;                               1021P   1176
126,1,1,1,0,1,0,0.,0.,1.,1.,1.,1.,1.,1.,0.,0.,1.,0.,0.,1.,0.,       1023P   1177
0.,1.;                                                              1023P   1178
110,-13.95,0.,-6.25,-13.95,0.,6.25;                                 1025P   1179
126,1,1,1,0,1,0,0.,0.,1.,1.,1.,1.,0.,1.,0.,0.,0.,0.,0.,1.,0.,       1027P   1180
0.,1.;                                                              1027P   1181
110,-13.95,0.,6.25,-13.75,0.2,6.25;                                 1029P   1182
102,4,1015,1019,1023,1027;                                          1031P   1183
102,4,1017,1021,1025,1029;                                          1033P   1184
142,1,1013,1031,1033,1;                                             1035P   1185
144,1013,1,0,1035;                                                  1037P   1186
128,1,1,1,1,0,0,1,0,0,0.,0.,1.,1.,0.,0.,1.,1.,1.,1.,1.,1.,          1039P   1187
13.75,0.2,-6.25,13.75,0.2,6.25,13.95,0.,-6.25,13.95,0.,6.25,0.,     1039P   1188
1.,0.,1.;                                                           1039P   1189
126,1,1,1,0,1,0,0.,0.,1.,1.,1.,1.,1.,1.,0.,0.,1.,0.,0.,1.,0.,       1041P   1190
0.,1.;                                                              1041P   1191
110,13.95,0.,6.25,13.95,0.,-6.25;                                   1043P   1192
126,1,1,1,0,1,0,0.,0.,1.,1.,1.,1.,0.,1.,0.,0.,0.,0.,0.,1.,0.,       1045P   1193
0.,1.;                                                              1045P   1194
110,13.95,0.,-6.25,13.75,0.2,-6.25;                                 1047P   1195
126,1,1,1,0,1,0,0.,0.,1.,1.,1.,1.,0.,0.,0.,1.,0.,0.,0.,1.,0.,       1049P   1196
0.,1.;                                                              1049P   1197
110,13.75,0.2,-6.25,13.75,0.2,6.25;                                 1051P   1198
126,1,1,1,0,1,0,0.,0.,1.,1.,1.,1.,1.,0.,0.,1.,1.,0.,0.,1.,0.,       1053P   1199
0.,1.;                                                              1053P   1200
110,13.75,0.2,6.25,13.95,0.,6.25;                                   1055P   1201
102,4,1041,1045,1049,1053;                                          1057P   1202
102,4,1043,1047,1051,1055;                                          1059P   1203
142,1,1039,1057,1059,1;                                             1061P   1204
144,1039,1,0,1061;                                                  1063P   1205
110,-13.,1000.2,-6.25,-13.,0.2,-6.25;                               1065P   1206
110,-13.,0.2,-7.,-13.,0.,-7.2;                                      1067P   1207
120,1065,1067,0.,6.28318530717959;                                  1069P   1208
126,1,1,1,0,1,0,0.,0.,1.,1.,1.,1.,0.,4.71238898,0.,0.,              1071P   1209
6.283185307,0.,0.,1.,0.,0.,1.;                                      1071P   1210
124,-1.,6.98296267768627E-15,0.,-26.,-4.27583144589696E-31,         1073P   1211
-6.12323399573677E-17,-1.,-6.05,-6.98296267768627E-15,-1.,          1073P   1212
6.12323399573677E-17,-6.05000000000009;                             1073P   1213
100,-6.25,-13.,0.2,-12.25,0.2,-13.,0.95;                            1075P   1214
126,1,1,1,0,1,0,0.,0.,1.,1.,1.,1.,0.,6.283185307,0.,1.,             1077P   1215
6.283185307,0.,0.,1.,0.,0.,1.;                                      1077P   1216
110,-13.,0.2,-7.,-13.,0.,-7.2;                                      1079P   1217
126,1,1,1,0,1,0,0.,0.,1.,1.,1.,1.,1.,6.283185307,0.,1.,             1081P   1218
4.71238898,0.,0.,1.,0.,0.,1.;                                       1081P   1219
124,6.12323399573677E-17,-1.,0.,-13.,6.12323399573677E-17,          1083P   1220
3.74939945665464E-33,1.,6.25,-1.,-6.12323399573677E-17,             1083P   1221
6.12323399573677E-17,-19.25;                                        1083P   1222
100,-6.25,-13.,0.,-12.05,0.,-13.,0.95;                              1085P   1223
126,1,1,1,0,1,0,0.,0.,1.,1.,1.,1.,1.,4.71238898,0.,0.,              1087P   1224
4.71238898,0.,0.,1.,0.,0.,1.;                                       1087P   1225
110,-13.95,0.,-6.25,-13.75,0.2,-6.25;                               1089P   1226
102,4,1071,1077,1081,1087;                                          1091P   1227
102,4,1075,1079,1085,1089;                                          1093P   1228
142,1,1069,1091,1093,1;                                             1095P   1229
144,1069,1,0,1095;                                                  1097P   1230
110,13.,1000.2,-6.25,13.,0.2,-6.25;                                 1099P   1231
110,13.,0.2,-7.,13.,0.,-7.2;                                        1101P   1232
120,1099,1101,0.,6.28318530717959;                                  1103P   1233
126,1,1,1,0,1,0,0.,0.,1.,1.,1.,1.,1.,1.570796327,0.,1.,0.,0.,       1105P   1234
0.,1.,0.,0.,1.;                                                     1105P   1235
124,1.,0.,0.,0.,0.,6.12323399573677E-17,1.,6.25,0.,-1.,             1107P   1236
6.12323399573677E-17,-6.25;                                         1107P   1237
100,-6.25,13.,0.,13.95,0.,13.,0.95;                                 1109P   1238
126,1,1,1,0,1,0,0.,0.,1.,1.,1.,1.,1.,0.,0.,0.,0.,0.,0.,1.,0.,       1111P   1239
0.,1.;                                                              1111P   1240
110,13.,0.,-7.2,13.,0.2,-7.;                                        1113P   1241
126,1,1,1,0,1,0,0.,0.,1.,1.,1.,1.,0.,0.,0.,0.,1.570796327,0.,       1115P   1242
0.,1.,0.,0.,1.;                                                     1115P   1243
124,1.40271576953299E-14,1.,0.,12.7999999999998,                    1117P   1244
-6.12323399573677E-17,8.58915688636046E-31,-1.,-6.05,-1.,           1117P   1245
1.40271576953299E-14,6.12323399573677E-17,6.75;                     1117P   1246
100,-6.25,13.,0.2,13.75,0.2,13.,0.95;                               1119P   1247
126,1,1,1,0,1,0,0.,0.,1.,1.,1.,1.,0.,1.570796327,0.,1.,             1121P   1248
1.570796327,0.,0.,1.,0.,0.,1.;                                      1121P   1249
110,13.75,0.2,-6.25,13.95,0.,-6.25;                                 1123P   1250
102,4,1105,1111,1115,1121;                                          1125P   1251
102,4,1109,1113,1119,1123;                                          1127P   1252
142,1,1103,1125,1127,1;                                             1129P   1253
144,1103,1,0,1129;                                                  1131P   1254
128,1,1,1,1,0,0,1,0,0,0.,0.,1.,1.,0.,0.,1.,1.,1.,1.,1.,1.,-13.,     1133P   1255
0.2,-7.,13.,0.2,-7.,-13.,0.,-7.2,13.,0.,-7.2,0.,1.,0.,1.;           1133P   1256
126,1,1,1,0,1,0,0.,0.,1.,1.,1.,1.,0.,0.,0.,1.,0.,0.,0.,1.,0.,       1135P   1257
0.,1.;                                                              1135P   1258
110,-13.,0.2,-7.,13.,0.2,-7.;                                       1137P   1259
126,1,1,1,0,1,0,0.,0.,1.,1.,1.,1.,1.,0.,0.,1.,1.,0.,0.,1.,0.,       1139P   1260
0.,1.;                                                              1139P   1261
110,13.,0.2,-7.,13.,0.,-7.2;                                        1141P   1262
126,1,1,1,0,1,0,0.,0.,1.,1.,1.,1.,1.,1.,0.,0.,1.,0.,0.,1.,0.,       1143P   1263
0.,1.;                                                              1143P   1264
110,13.,0.,-7.2,-13.,0.,-7.2;                                       1145P   1265
126,1,1,1,0,1,0,0.,0.,1.,1.,1.,1.,0.,1.,0.,0.,0.,0.,0.,1.,0.,       1147P   1266
0.,1.;                                                              1147P   1267
110,-13.,0.,-7.2,-13.,0.2,-7.;                                      1149P   1268
102,4,1135,1139,1143,1147;                                          1151P   1269
102,4,1137,1141,1145,1149;                                          1153P   1270
142,1,1133,1151,1153,1;                                             1155P   1271
144,1133,1,0,1155;                                                  1157P   1272
128,1,1,1,1,0,0,1,0,0,0.,0.,1.,1.,0.,0.,1.,1.,1.,1.,1.,1.,          1159P   1273
-3.675,1.5,-1.7204,-3.456278341,-1.,-1.7204,-3.675,1.5,1.7204,      1159P   1274
-3.456278341,-1.,1.7204,0.,1.,0.,1.;                                1159P   1275
126,1,1,1,0,1,0,0.,0.,1.,1.,1.,1.,0.,0.994071146,0.,0.,             1161P   1276
0.005928854,0.,0.,1.,0.,0.,1.;                                      1161P   1277
110,-3.675,1.5,1.7,-3.675,1.5,-1.7;                                 1163P   1278
126,1,1,1,0,1,0,0.,0.,1.,1.,1.,1.,0.,0.005928854,0.,1.,             1165P   1279
0.069495948,0.,0.,1.,0.,0.,1.;                                      1165P   1280
110,-3.675,1.5,-1.7,-3.456278341,-1.,-1.481278341;                  1167P   1281
126,1,1,1,0,1,0,0.,0.,1.,1.,1.,1.,1.,0.069495948,0.,1.,             1169P   1282
0.930504052,0.,0.,1.,0.,0.,1.;                                      1169P   1283
110,-3.456278341,-1.,-1.481278341,-3.456278341,-1.,1.481278341;     1171P   1284
126,1,1,1,0,1,0,0.,0.,1.,1.,1.,1.,1.,0.930504052,0.,0.,             1173P   1285
0.994071146,0.,0.,1.,0.,0.,1.;                                      1173P   1286
110,-3.456278341,-1.,1.481278341,-3.675,1.5,1.7;                    1175P   1287
102,4,1161,1165,1169,1173;                                          1177P   1288
102,4,1163,1167,1171,1175;                                          1179P   1289
142,1,1159,1177,1179,1;                                             1181P   1290
144,1159,1,0,1181;                                                  1183P   1291
128,1,1,1,1,0,0,1,0,0,0.,0.,1.,1.,0.,0.,1.,1.,1.,1.,1.,1.,          1185P   1292
-3.6849,-1.,-1.481278341,-3.6849,1.5,-1.7,-2.0151,-1.,              1185P   1293
-1.481278341,-2.0151,1.5,-1.7,0.,1.,0.,1.;                          1185P   1294
126,1,1,1,0,1,0,0.,0.,1.,1.,1.,1.,1.,0.005928854,0.,1.,             1187P   1295
0.994071146,0.,0.,1.,0.,0.,1.;                                      1187P   1296
110,-3.675,1.5,-1.7,-2.025,1.5,-1.7;                                1189P   1297
126,1,1,1,0,1,0,0.,0.,1.,1.,1.,1.,1.,0.994071146,0.,0.,             1191P   1298
0.863084406,0.,0.,1.,0.,0.,1.;                                      1191P   1299
110,-2.025,1.5,-1.7,-2.243721659,-1.,-1.481278341;                  1193P   1300
126,1,1,1,0,1,0,0.,0.,1.,1.,1.,1.,0.,0.863084406,0.,0.,             1195P   1301
0.136915594,0.,0.,1.,0.,0.,1.;                                      1195P   1302
110,-2.243721659,-1.,-1.481278341,-3.456278341,-1.,                 1197P   1303
-1.481278341;                                                       1197P   1304
126,1,1,1,0,1,0,0.,0.,1.,1.,1.,1.,0.,0.136915594,0.,1.,             1199P   1305
0.005928854,0.,0.,1.,0.,0.,1.;                                      1199P   1306
110,-3.456278341,-1.,-1.481278341,-3.675,1.5,-1.7;                  1201P   1307
102,4,1187,1191,1195,1199;                                          1203P   1308
102,4,1189,1193,1197,1201;                                          1205P   1309
142,1,1185,1203,1205,1;                                             1207P   1310
144,1185,1,0,1207;                                                  1209P   1311
128,1,1,1,1,0,0,1,0,0,0.,0.,1.,1.,0.,0.,1.,1.,1.,1.,1.,1.,          1211P   1312
-2.243721659,-1.,-1.7204,-2.025,1.5,-1.7204,-2.243721659,-1.,       1211P   1313
1.7204,-2.025,1.5,1.7204,0.,1.,0.,1.;                               1211P   1314
126,1,1,1,0,1,0,0.,0.,1.,1.,1.,1.,1.,0.005928854,0.,1.,             1213P   1315
0.994071146,0.,0.,1.,0.,0.,1.;                                      1213P   1316
110,-2.025,1.5,-1.7,-2.025,1.5,1.7;                                 1215P   1317
126,1,1,1,0,1,0,0.,0.,1.,1.,1.,1.,1.,0.994071146,0.,0.,             1217P   1318
0.930504052,0.,0.,1.,0.,0.,1.;                                      1217P   1319
110,-2.025,1.5,1.7,-2.243721659,-1.,1.481278341;                    1219P   1320
126,1,1,1,0,1,0,0.,0.,1.,1.,1.,1.,0.,0.930504052,0.,0.,             1221P   1321
0.069495948,0.,0.,1.,0.,0.,1.;                                      1221P   1322
110,-2.243721659,-1.,1.481278341,-2.243721659,-1.,-1.481278341;     1223P   1323
126,1,1,1,0,1,0,0.,0.,1.,1.,1.,1.,0.,0.069495948,0.,1.,             1225P   1324
0.005928854,0.,0.,1.,0.,0.,1.;                                      1225P   1325
110,-2.243721659,-1.,-1.481278341,-2.025,1.5,-1.7;                  1227P   1326
102,4,1213,1217,1221,1225;                                          1229P   1327
102,4,1215,1219,1223,1227;                                          1231P   1328
142,1,1211,1229,1231,1;                                             1233P   1329
144,1211,1,0,1233;                                                  1235P   1330
128,1,1,1,1,0,0,1,0,0,0.,0.,1.,1.,0.,0.,1.,1.,1.,1.,1.,1.,          1237P   1331
-3.6849,1.5,1.7,-3.6849,-1.,1.481278341,-2.0151,1.5,1.7,            1237P   1332
-2.0151,-1.,1.481278341,0.,1.,0.,1.;                                1237P   1333
126,1,1,1,0,1,0,0.,0.,1.,1.,1.,1.,0.,0.994071146,0.,0.,             1239P   1334
0.005928854,0.,0.,1.,0.,0.,1.;                                      1239P   1335
110,-2.025,1.5,1.7,-3.675,1.5,1.7;                                  1241P   1336
126,1,1,1,0,1,0,0.,0.,1.,1.,1.,1.,0.,0.005928854,0.,1.,             1243P   1337
0.136915594,0.,0.,1.,0.,0.,1.;                                      1243P   1338
110,-3.675,1.5,1.7,-3.456278341,-1.,1.481278341;                    1245P   1339
126,1,1,1,0,1,0,0.,0.,1.,1.,1.,1.,1.,0.136915594,0.,1.,             1247P   1340
0.863084406,0.,0.,1.,0.,0.,1.;                                      1247P   1341
110,-3.456278341,-1.,1.481278341,-2.243721659,-1.,1.481278341;      1249P   1342
126,1,1,1,0,1,0,0.,0.,1.,1.,1.,1.,1.,0.863084406,0.,0.,             1251P   1343
0.994071146,0.,0.,1.,0.,0.,1.;                                      1251P   1344
110,-2.243721659,-1.,1.481278341,-2.025,1.5,1.7;                    1253P   1345
102,4,1239,1243,1247,1251;                                          1255P   1346
102,4,1241,1245,1249,1253;                                          1257P   1347
142,1,1237,1255,1257,1;                                             1259P   1348
144,1237,1,0,1259;                                                  1261P   1349
128,1,1,1,1,0,0,1,0,0,0.,0.,1.,1.,0.,0.,1.,1.,1.,1.,1.,1.,          1263P   1350
-3.456278341,-1.,1.481278341,-3.456278341,-1.,-1.481278341,         1263P   1351
-2.243721659,-1.,1.481278341,-2.243721659,-1.,-1.481278341,0.,      1263P   1352
1.,0.,1.;                                                           1263P   1353
126,1,1,1,0,1,0,0.,0.,1.,1.,1.,1.,0.,0.,0.,1.,0.,0.,0.,1.,0.,       1265P   1354
0.,1.;                                                              1265P   1355
110,-3.456278341,-1.,1.481278341,-3.456278341,-1.,-1.481278341;     1267P   1356
126,1,1,1,0,1,0,0.,0.,1.,1.,1.,1.,1.,0.,0.,1.,1.,0.,0.,1.,0.,       1269P   1357
0.,1.;                                                              1269P   1358
110,-3.456278341,-1.,-1.481278341,-2.243721659,-1.,                 1271P   1359
-1.481278341;                                                       1271P   1360
126,1,1,1,0,1,0,0.,0.,1.,1.,1.,1.,1.,1.,0.,0.,1.,0.,0.,1.,0.,       1273P   1361
0.,1.;                                                              1273P   1362
110,-2.243721659,-1.,-1.481278341,-2.243721659,-1.,1.481278341;     1275P   1363
126,1,1,1,0,1,0,0.,0.,1.,1.,1.,1.,0.,1.,0.,0.,0.,0.,0.,1.,0.,       1277P   1364
0.,1.;                                                              1277P   1365
110,-2.243721659,-1.,1.481278341,-3.456278341,-1.,1.481278341;      1279P   1366
102,4,1265,1269,1273,1277;                                          1281P   1367
102,4,1267,1271,1275,1279;                                          1283P   1368
142,1,1263,1281,1283,1;                                             1285P   1369
144,1263,1,0,1285;                                                  1287P   1370
128,1,1,1,1,0,0,1,0,0,0.,0.,1.,1.,0.,0.,1.,1.,1.,1.,1.,1.,          1289P   1371
2.025,1.5,-1.7204,2.243721659,-1.,-1.7204,2.025,1.5,1.7204,         1289P   1372
2.243721659,-1.,1.7204,0.,1.,0.,1.;                                 1289P   1373
126,1,1,1,0,1,0,0.,0.,1.,1.,1.,1.,0.,0.994071146,0.,0.,             1291P   1374
0.005928854,0.,0.,1.,0.,0.,1.;                                      1291P   1375
110,2.025,1.5,1.7,2.025,1.5,-1.7;                                   1293P   1376
126,1,1,1,0,1,0,0.,0.,1.,1.,1.,1.,0.,0.005928854,0.,1.,             1295P   1377
0.069495948,0.,0.,1.,0.,0.,1.;                                      1295P   1378
110,2.025,1.5,-1.7,2.243721659,-1.,-1.481278341;                    1297P   1379
126,1,1,1,0,1,0,0.,0.,1.,1.,1.,1.,1.,0.069495948,0.,1.,             1299P   1380
0.930504052,0.,0.,1.,0.,0.,1.;                                      1299P   1381
110,2.243721659,-1.,-1.481278341,2.243721659,-1.,1.481278341;       1301P   1382
126,1,1,1,0,1,0,0.,0.,1.,1.,1.,1.,1.,0.930504052,0.,0.,             1303P   1383
0.994071146,0.,0.,1.,0.,0.,1.;                                      1303P   1384
110,2.243721659,-1.,1.481278341,2.025,1.5,1.7;                      1305P   1385
102,4,1291,1295,1299,1303;                                          1307P   1386
102,4,1293,1297,1301,1305;                                          1309P   1387
142,1,1289,1307,1309,1;                                             1311P   1388
144,1289,1,0,1311;                                                  1313P   1389
128,1,1,1,1,0,0,1,0,0,0.,0.,1.,1.,0.,0.,1.,1.,1.,1.,1.,1.,          1315P   1390
2.0151,-1.,-1.481278341,2.0151,1.5,-1.7,3.6849,-1.,                 1315P   1391
-1.481278341,3.6849,1.5,-1.7,0.,1.,0.,1.;                           1315P   1392
126,1,1,1,0,1,0,0.,0.,1.,1.,1.,1.,1.,0.005928854,0.,1.,             1317P   1393
0.994071146,0.,0.,1.,0.,0.,1.;                                      1317P   1394
110,2.025,1.5,-1.7,3.675,1.5,-1.7;                                  1319P   1395
126,1,1,1,0,1,0,0.,0.,1.,1.,1.,1.,1.,0.994071146,0.,0.,             1321P   1396
0.863084406,0.,0.,1.,0.,0.,1.;                                      1321P   1397
110,3.675,1.5,-1.7,3.456278341,-1.,-1.481278341;                    1323P   1398
126,1,1,1,0,1,0,0.,0.,1.,1.,1.,1.,0.,0.863084406,0.,0.,             1325P   1399
0.136915594,0.,0.,1.,0.,0.,1.;                                      1325P   1400
110,3.456278341,-1.,-1.481278341,2.243721659,-1.,-1.481278341;      1327P   1401
126,1,1,1,0,1,0,0.,0.,1.,1.,1.,1.,0.,0.136915594,0.,1.,             1329P   1402
0.005928854,0.,0.,1.,0.,0.,1.;                                      1329P   1403
110,2.243721659,-1.,-1.481278341,2.025,1.5,-1.7;                    1331P   1404
102,4,1317,1321,1325,1329;                                          1333P   1405
102,4,1319,1323,1327,1331;                                          1335P   1406
142,1,1315,1333,1335,1;                                             1337P   1407
144,1315,1,0,1337;                                                  1339P   1408
128,1,1,1,1,0,0,1,0,0,0.,0.,1.,1.,0.,0.,1.,1.,1.,1.,1.,1.,          1341P   1409
3.456278341,-1.,-1.7204,3.675,1.5,-1.7204,3.456278341,-1.,          1341P   1410
1.7204,3.675,1.5,1.7204,0.,1.,0.,1.;                                1341P   1411
126,1,1,1,0,1,0,0.,0.,1.,1.,1.,1.,1.,0.005928854,0.,1.,             1343P   1412
0.994071146,0.,0.,1.,0.,0.,1.;                                      1343P   1413
110,3.675,1.5,-1.7,3.675,1.5,1.7;                                   1345P   1414
126,1,1,1,0,1,0,0.,0.,1.,1.,1.,1.,1.,0.994071146,0.,0.,             1347P   1415
0.930504052,0.,0.,1.,0.,0.,1.;                                      1347P   1416
110,3.675,1.5,1.7,3.456278341,-1.,1.481278341;                      1349P   1417
126,1,1,1,0,1,0,0.,0.,1.,1.,1.,1.,0.,0.930504052,0.,0.,             1351P   1418
0.069495948,0.,0.,1.,0.,0.,1.;                                      1351P   1419
110,3.456278341,-1.,1.481278341,3.456278341,-1.,-1.481278341;       1353P   1420
126,1,1,1,0,1,0,0.,0.,1.,1.,1.,1.,0.,0.069495948,0.,1.,             1355P   1421
0.005928854,0.,0.,1.,0.,0.,1.;                                      1355P   1422
110,3.456278341,-1.,-1.481278341,3.675,1.5,-1.7;                    1357P   1423
102,4,1343,1347,1351,1355;                                          1359P   1424
102,4,1345,1349,1353,1357;                                          1361P   1425
142,1,1341,1359,1361,1;                                             1363P   1426
144,1341,1,0,1363;                                                  1365P   1427
128,1,1,1,1,0,0,1,0,0,0.,0.,1.,1.,0.,0.,1.,1.,1.,1.,1.,1.,          1367P   1428
2.0151,1.5,1.7,2.0151,-1.,1.481278341,3.6849,1.5,1.7,3.6849,        1367P   1429
-1.,1.481278341,0.,1.,0.,1.;                                        1367P   1430
126,1,1,1,0,1,0,0.,0.,1.,1.,1.,1.,0.,0.994071146,0.,0.,             1369P   1431
0.005928854,0.,0.,1.,0.,0.,1.;                                      1369P   1432
110,3.675,1.5,1.7,2.025,1.5,1.7;                                    1371P   1433
126,1,1,1,0,1,0,0.,0.,1.,1.,1.,1.,0.,0.005928854,0.,1.,             1373P   1434
0.136915594,0.,0.,1.,0.,0.,1.;                                      1373P   1435
110,2.025,1.5,1.7,2.243721659,-1.,1.481278341;                      1375P   1436
126,1,1,1,0,1,0,0.,0.,1.,1.,1.,1.,1.,0.136915594,0.,1.,             1377P   1437
0.863084406,0.,0.,1.,0.,0.,1.;                                      1377P   1438
110,2.243721659,-1.,1.481278341,3.456278341,-1.,1.481278341;        1379P   1439
126,1,1,1,0,1,0,0.,0.,1.,1.,1.,1.,1.,0.863084406,0.,0.,             1381P   1440
0.994071146,0.,0.,1.,0.,0.,1.;                                      1381P   1441
110,3.456278341,-1.,1.481278341,3.675,1.5,1.7;                      1383P   1442
102,4,1369,1373,1377,1381;                                          1385P   1443
102,4,1371,1375,1379,1383;                                          1387P   1444
142,1,1367,1385,1387,1;                                             1389P   1445
144,1367,1,0,1389;                                                  1391P   1446
128,1,1,1,1,0,0,1,0,0,0.,0.,1.,1.,0.,0.,1.,1.,1.,1.,1.,1.,          1393P   1447
2.243721659,-1.,1.481278341,2.243721659,-1.,-1.481278341,           1393P   1448
3.456278341,-1.,1.481278341,3.456278341,-1.,-1.481278341,0.,1.,     1393P   1449
0.,1.;                                                              1393P   1450
126,1,1,1,0,1,0,0.,0.,1.,1.,1.,1.,0.,0.,0.,1.,0.,0.,0.,1.,0.,       1395P   1451
0.,1.;                                                              1395P   1452
110,2.243721659,-1.,1.481278341,2.243721659,-1.,-1.481278341;       1397P   1453
126,1,1,1,0,1,0,0.,0.,1.,1.,1.,1.,1.,0.,0.,1.,1.,0.,0.,1.,0.,       1399P   1454
0.,1.;                                                              1399P   1455
110,2.243721659,-1.,-1.481278341,3.456278341,-1.,-1.481278341;      1401P   1456
126,1,1,1,0,1,0,0.,0.,1.,1.,1.,1.,1.,1.,0.,0.,1.,0.,0.,1.,0.,       1403P   1457
0.,1.;                                                              1403P   1458
110,3.456278341,-1.,-1.481278341,3.456278341,-1.,1.481278341;       1405P   1459
126,1,1,1,0,1,0,0.,0.,1.,1.,1.,1.,0.,1.,0.,0.,0.,0.,0.,1.,0.,       1407P   1460
0.,1.;                                                              1407P   1461
110,3.456278341,-1.,1.481278341,2.243721659,-1.,1.481278341;        1409P   1462
102,4,1395,1399,1403,1407;                                          1411P   1463
102,4,1397,1401,1405,1409;                                          1413P   1464
142,1,1393,1411,1413,1;                                             1415P   1465
144,1393,1,0,1415;                                                  1417P   1466
S      1G      4D   1418P   1466                                        T      1
