ISO-10303-21;
HEADER;
FILE_DESCRIPTION(('KiCad electronic assembly'),'2;1');
FILE_NAME('hackpadd.step','2026-08-21T19:14:00',('Pcbnew'),('Kicad'),
  'Open CASCADE STEP processor 7.9','KiCad to STEP converter','Unknown'
  );
FILE_SCHEMA(('AUTOMOTIVE_DESIGN { 1 0 10303 214 1 1 1 1 }'));
ENDSEC;
DATA;
#1 = APPLICATION_PROTOCOL_DEFINITION('international standard',
  'automotive_design',2000,#2);
#2 = APPLICATION_CONTEXT(
  'core data for automotive mechanical design processes');
#3 = SHAPE_DEFINITION_REPRESENTATION(#4,#10);
#4 = PRODUCT_DEFINITION_SHAPE('','',#5);
#5 = PRODUCT_DEFINITION('design','',#6,#9);
#6 = PRODUCT_DEFINITION_FORMATION('','',#7);
#7 = PRODUCT('hackpadd 1','hackpadd 1','',(#8));
#8 = PRODUCT_CONTEXT('',#2,'mechanical');
#9 = PRODUCT_DEFINITION_CONTEXT('part definition',#2,'design');
#10 = SHAPE_REPRESENTATION('',(#11,#15,#19,#23,#27,#31,#35,#39,#43,#47,
    #51,#55,#59,#63,#67,#71,#75,#79,#83,#87,#91,#95,#99,#103,#107,#111,
    #115,#119,#123,#127,#131,#135,#139,#143,#147,#151,#155,#159,#163,
    #167,#171,#175,#179,#183),#187);
#11 = AXIS2_PLACEMENT_3D('',#12,#13,#14);
#12 = CARTESIAN_POINT('',(0.,0.,0.));
#13 = DIRECTION('',(0.,0.,1.));
#14 = DIRECTION('',(1.,0.,-0.));
#15 = AXIS2_PLACEMENT_3D('',#16,#17,#18);
#16 = CARTESIAN_POINT('',(111.5,-91.5,1.595));
#17 = DIRECTION('',(-0.,0.,1.));
#18 = DIRECTION('',(1.110223024625E-16,-1.,0.));
#19 = AXIS2_PLACEMENT_3D('',#20,#21,#22);
#20 = CARTESIAN_POINT('',(21.5,-91.5,1.595));
#21 = DIRECTION('',(-0.,0.,1.));
#22 = DIRECTION('',(1.110223024625E-16,-1.,0.));
#23 = AXIS2_PLACEMENT_3D('',#24,#25,#26);
#24 = CARTESIAN_POINT('',(75.5,-91.5,1.595));
#25 = DIRECTION('',(-0.,0.,1.));
#26 = DIRECTION('',(1.110223024625E-16,-1.,0.));
#27 = AXIS2_PLACEMENT_3D('',#28,#29,#30);
#28 = CARTESIAN_POINT('',(129.5,-91.35,1.595));
#29 = DIRECTION('',(-0.,0.,1.));
#30 = DIRECTION('',(1.110223024625E-16,-1.,0.));
#31 = AXIS2_PLACEMENT_3D('',#32,#33,#34);
#32 = CARTESIAN_POINT('',(93.5,-108.5,1.595));
#33 = DIRECTION('',(-0.,0.,1.));
#34 = DIRECTION('',(1.110223024625E-16,-1.,0.));
#35 = AXIS2_PLACEMENT_3D('',#36,#37,#38);
#36 = CARTESIAN_POINT('',(183.5,-74.5,1.595));
#37 = DIRECTION('',(-0.,0.,1.));
#38 = DIRECTION('',(1.110223024625E-16,-1.,0.));
#39 = AXIS2_PLACEMENT_3D('',#40,#41,#42);
#40 = CARTESIAN_POINT('',(21.5,-57.65,1.595));
#41 = DIRECTION('',(-0.,0.,1.));
#42 = DIRECTION('',(1.110223024625E-16,-1.,0.));
#43 = AXIS2_PLACEMENT_3D('',#44,#45,#46);
#44 = CARTESIAN_POINT('',(183.5,-91.35,1.595));
#45 = DIRECTION('',(-0.,0.,1.));
#46 = DIRECTION('',(1.110223024625E-16,-1.,0.));
#47 = AXIS2_PLACEMENT_3D('',#48,#49,#50);
#48 = CARTESIAN_POINT('',(147.5,-57.5,1.595));
#49 = DIRECTION('',(-0.,0.,1.));
#50 = DIRECTION('',(1.110223024625E-16,-1.,0.));
#51 = AXIS2_PLACEMENT_3D('',#52,#53,#54);
#52 = CARTESIAN_POINT('',(57.5,-91.5,1.595));
#53 = DIRECTION('',(-0.,0.,1.));
#54 = DIRECTION('',(1.110223024625E-16,-1.,0.));
#55 = AXIS2_PLACEMENT_3D('',#56,#57,#58);
#56 = CARTESIAN_POINT('',(57.5,-108.5,1.595));
#57 = DIRECTION('',(-0.,0.,1.));
#58 = DIRECTION('',(1.110223024625E-16,-1.,0.));
#59 = AXIS2_PLACEMENT_3D('',#60,#61,#62);
#60 = CARTESIAN_POINT('',(75.5,-74.5,1.595));
#61 = DIRECTION('',(-0.,0.,1.));
#62 = DIRECTION('',(1.110223024625E-16,-1.,0.));
#63 = AXIS2_PLACEMENT_3D('',#64,#65,#66);
#64 = CARTESIAN_POINT('',(165.5,-91.5,1.595));
#65 = DIRECTION('',(-0.,0.,1.));
#66 = DIRECTION('',(1.110223024625E-16,-1.,0.));
#67 = AXIS2_PLACEMENT_3D('',#68,#69,#70);
#68 = CARTESIAN_POINT('',(39.5,-91.5,1.595));
#69 = DIRECTION('',(-0.,0.,1.));
#70 = DIRECTION('',(1.110223024625E-16,-1.,0.));
#71 = AXIS2_PLACEMENT_3D('',#72,#73,#74);
#72 = CARTESIAN_POINT('',(57.5,-74.35,1.595));
#73 = DIRECTION('',(-0.,0.,1.));
#74 = DIRECTION('',(1.110223024625E-16,-1.,0.));
#75 = AXIS2_PLACEMENT_3D('',#76,#77,#78);
#76 = CARTESIAN_POINT('',(165.5,-108.5,1.595));
#77 = DIRECTION('',(-0.,0.,1.));
#78 = DIRECTION('',(1.110223024625E-16,-1.,0.));
#79 = AXIS2_PLACEMENT_3D('',#80,#81,#82);
#80 = CARTESIAN_POINT('',(75.5,-57.5,1.595));
#81 = DIRECTION('',(-0.,0.,1.));
#82 = DIRECTION('',(1.110223024625E-16,-1.,0.));
#83 = AXIS2_PLACEMENT_3D('',#84,#85,#86);
#84 = CARTESIAN_POINT('',(183.5,-57.5,1.595));
#85 = DIRECTION('',(-0.,0.,1.));
#86 = DIRECTION('',(1.110223024625E-16,-1.,0.));
#87 = AXIS2_PLACEMENT_3D('',#88,#89,#90);
#88 = CARTESIAN_POINT('',(166.,-74.5,1.595));
#89 = DIRECTION('',(-0.,0.,1.));
#90 = DIRECTION('',(1.110223024625E-16,-1.,0.));
#91 = AXIS2_PLACEMENT_3D('',#92,#93,#94);
#92 = CARTESIAN_POINT('',(111.5,-74.5,1.595));
#93 = DIRECTION('',(0.,-0.,1.));
#94 = DIRECTION('',(1.110223024625E-16,1.,0.));
#95 = AXIS2_PLACEMENT_3D('',#96,#97,#98);
#96 = CARTESIAN_POINT('',(39.5,-57.65,1.595));
#97 = DIRECTION('',(-0.,0.,1.));
#98 = DIRECTION('',(1.110223024625E-16,-1.,0.));
#99 = AXIS2_PLACEMENT_3D('',#100,#101,#102);
#100 = CARTESIAN_POINT('',(147.5,-91.5,1.595));
#101 = DIRECTION('',(0.,-0.,1.));
#102 = DIRECTION('',(1.110223024625E-16,1.,0.));
#103 = AXIS2_PLACEMENT_3D('',#104,#105,#106);
#104 = CARTESIAN_POINT('',(21.5,-108.,1.595));
#105 = DIRECTION('',(-0.,0.,1.));
#106 = DIRECTION('',(1.110223024625E-16,-1.,0.));
#107 = AXIS2_PLACEMENT_3D('',#108,#109,#110);
#108 = CARTESIAN_POINT('',(165.5,-57.5,1.595));
#109 = DIRECTION('',(-0.,0.,1.));
#110 = DIRECTION('',(1.110223024625E-16,-1.,0.));
#111 = AXIS2_PLACEMENT_3D('',#112,#113,#114);
#112 = CARTESIAN_POINT('',(39.5,-74.5,1.595));
#113 = DIRECTION('',(-0.,0.,1.));
#114 = DIRECTION('',(1.110223024625E-16,-1.,0.));
#115 = AXIS2_PLACEMENT_3D('',#116,#117,#118);
#116 = CARTESIAN_POINT('',(39.5,-108.5,1.595));
#117 = DIRECTION('',(-0.,0.,1.));
#118 = DIRECTION('',(1.110223024625E-16,-1.,0.));
#119 = AXIS2_PLACEMENT_3D('',#120,#121,#122);
#120 = CARTESIAN_POINT('',(21.5,-74.5,1.595));
#121 = DIRECTION('',(-0.,0.,1.));
#122 = DIRECTION('',(1.110223024625E-16,-1.,0.));
#123 = AXIS2_PLACEMENT_3D('',#124,#125,#126);
#124 = CARTESIAN_POINT('',(147.5,-108.5,1.595));
#125 = DIRECTION('',(-0.,0.,1.));
#126 = DIRECTION('',(1.110223024625E-16,-1.,0.));
#127 = AXIS2_PLACEMENT_3D('',#128,#129,#130);
#128 = CARTESIAN_POINT('',(183.5,-108.5,1.595));
#129 = DIRECTION('',(0.,-0.,1.));
#130 = DIRECTION('',(1.110223024625E-16,1.,0.));
#131 = AXIS2_PLACEMENT_3D('',#132,#133,#134);
#132 = CARTESIAN_POINT('',(93.5,-74.5,1.595));
#133 = DIRECTION('',(0.,-0.,1.));
#134 = DIRECTION('',(1.110223024625E-16,1.,0.));
#135 = AXIS2_PLACEMENT_3D('',#136,#137,#138);
#136 = CARTESIAN_POINT('',(57.5,-57.5,1.595));
#137 = DIRECTION('',(-0.,0.,1.));
#138 = DIRECTION('',(1.110223024625E-16,-1.,0.));
#139 = AXIS2_PLACEMENT_3D('',#140,#141,#142);
#140 = CARTESIAN_POINT('',(111.5,-57.5,1.595));
#141 = DIRECTION('',(0.,-0.,1.));
#142 = DIRECTION('',(1.110223024625E-16,1.,0.));
#143 = AXIS2_PLACEMENT_3D('',#144,#145,#146);
#144 = CARTESIAN_POINT('',(147.5,-74.5,1.595));
#145 = DIRECTION('',(-0.,0.,1.));
#146 = DIRECTION('',(1.110223024625E-16,-1.,0.));
#147 = AXIS2_PLACEMENT_3D('',#148,#149,#150);
#148 = CARTESIAN_POINT('',(93.5,-57.5,1.595));
#149 = DIRECTION('',(0.,-0.,1.));
#150 = DIRECTION('',(1.110223024625E-16,1.,0.));
#151 = AXIS2_PLACEMENT_3D('',#152,#153,#154);
#152 = CARTESIAN_POINT('',(129.5,-74.65,1.595));
#153 = DIRECTION('',(0.,-0.,1.));
#154 = DIRECTION('',(1.110223024625E-16,1.,0.));
#155 = AXIS2_PLACEMENT_3D('',#156,#157,#158);
#156 = CARTESIAN_POINT('',(129.5,-57.5,1.595));
#157 = DIRECTION('',(0.,-0.,1.));
#158 = DIRECTION('',(1.110223024625E-16,1.,0.));
#159 = AXIS2_PLACEMENT_3D('',#160,#161,#162);
#160 = CARTESIAN_POINT('',(93.5,-91.5,1.595));
#161 = DIRECTION('',(-0.,0.,1.));
#162 = DIRECTION('',(1.110223024625E-16,-1.,0.));
#163 = AXIS2_PLACEMENT_3D('',#164,#165,#166);
#164 = CARTESIAN_POINT('',(270.45,-154.8375,-8.5E-02));
#165 = DIRECTION('',(1.499759782662E-32,1.224646799147E-16,-1.));
#166 = DIRECTION('',(-1.,1.224646799147E-16,0.));
#167 = AXIS2_PLACEMENT_3D('',#168,#169,#170);
#168 = CARTESIAN_POINT('',(263.45,-155.3375,-8.5E-02));
#169 = DIRECTION('',(1.224646799147E-16,-1.359631073447E-32,-1.));
#170 = DIRECTION('',(1.110223024625E-16,1.,0.));
#171 = AXIS2_PLACEMENT_3D('',#172,#173,#174);
#172 = CARTESIAN_POINT('',(258.95,-154.925,-8.5E-02));
#173 = DIRECTION('',(-1.224646799147E-16,-1.359631073447E-32,-1.));
#174 = DIRECTION('',(1.110223024625E-16,-1.,0.));
#175 = AXIS2_PLACEMENT_3D('',#176,#177,#178);
#176 = CARTESIAN_POINT('',(255.95,-154.925,-8.5E-02));
#177 = DIRECTION('',(-1.224646799147E-16,-1.359631073447E-32,-1.));
#178 = DIRECTION('',(1.110223024625E-16,-1.,0.));
#179 = AXIS2_PLACEMENT_3D('',#180,#181,#182);
#180 = CARTESIAN_POINT('',(265.45,-149.8375,-8.5E-02));
#181 = DIRECTION('',(1.499759782662E-32,1.224646799147E-16,-1.));
#182 = DIRECTION('',(-1.,1.224646799147E-16,0.));
#183 = AXIS2_PLACEMENT_3D('',#184,#185,#186);
#184 = CARTESIAN_POINT('',(0.,0.,0.));
#185 = DIRECTION('',(0.,0.,1.));
#186 = DIRECTION('',(1.,0.,-0.));
#187 = ( GEOMETRIC_REPRESENTATION_CONTEXT(3) 
GLOBAL_UNCERTAINTY_ASSIGNED_CONTEXT((#191)) GLOBAL_UNIT_ASSIGNED_CONTEXT
((#188,#189,#190)) REPRESENTATION_CONTEXT('Context #1',
  '3D Context with UNIT and UNCERTAINTY') );
#188 = ( LENGTH_UNIT() NAMED_UNIT(*) SI_UNIT(.MILLI.,.METRE.) );
#189 = ( NAMED_UNIT(*) PLANE_ANGLE_UNIT() SI_UNIT($,.RADIAN.) );
#190 = ( NAMED_UNIT(*) SI_UNIT($,.STERADIAN.) SOLID_ANGLE_UNIT() );
#191 = UNCERTAINTY_MEASURE_WITH_UNIT(LENGTH_MEASURE(1.E-07),#188,
  'distance_accuracy_value','confusion accuracy');
#192 = PRODUCT_RELATED_PRODUCT_CATEGORY('part',$,(#7));
#193 = SHAPE_DEFINITION_REPRESENTATION(#194,#200);
#194 = PRODUCT_DEFINITION_SHAPE('','',#195);
#195 = PRODUCT_DEFINITION('design','',#196,#199);
#196 = PRODUCT_DEFINITION_FORMATION('','',#197);
#197 = PRODUCT('D_SOD-123','D_SOD-123','',(#198));
#198 = PRODUCT_CONTEXT('',#2,'mechanical');
#199 = PRODUCT_DEFINITION_CONTEXT('part definition',#2,'design');
#200 = SHAPE_REPRESENTATION('',(#11,#201),#205);
#201 = AXIS2_PLACEMENT_3D('',#202,#203,#204);
#202 = CARTESIAN_POINT('',(0.,0.,0.));
#203 = DIRECTION('',(0.,0.,1.));
#204 = DIRECTION('',(1.,0.,-0.));
#205 = ( GEOMETRIC_REPRESENTATION_CONTEXT(3) 
GLOBAL_UNCERTAINTY_ASSIGNED_CONTEXT((#209)) GLOBAL_UNIT_ASSIGNED_CONTEXT
((#206,#207,#208)) REPRESENTATION_CONTEXT('Context #1',
  '3D Context with UNIT and UNCERTAINTY') );
#206 = ( LENGTH_UNIT() NAMED_UNIT(*) SI_UNIT(.MILLI.,.METRE.) );
#207 = ( NAMED_UNIT(*) PLANE_ANGLE_UNIT() SI_UNIT($,.RADIAN.) );
#208 = ( NAMED_UNIT(*) SI_UNIT($,.STERADIAN.) SOLID_ANGLE_UNIT() );
#209 = UNCERTAINTY_MEASURE_WITH_UNIT(LENGTH_MEASURE(1.E-07),#206,
  'distance_accuracy_value','confusion accuracy');
#210 = CONTEXT_DEPENDENT_SHAPE_REPRESENTATION(#211,#213);
#211 = ( REPRESENTATION_RELATIONSHIP('','',#200,#10) 
REPRESENTATION_RELATIONSHIP_WITH_TRANSFORMATION(#212) 
SHAPE_REPRESENTATION_RELATIONSHIP() );
#212 = ITEM_DEFINED_TRANSFORMATION('','',#11,#15);
#213 = PRODUCT_DEFINITION_SHAPE('Placement','Placement of an item',#214
  );
#214 = NEXT_ASSEMBLY_USAGE_OCCURRENCE('2','D26','',#5,#195,$);
#215 = PRODUCT_RELATED_PRODUCT_CATEGORY('part',$,(#197));
#216 = SHAPE_DEFINITION_REPRESENTATION(#217,#223);
#217 = PRODUCT_DEFINITION_SHAPE('','',#218);
#218 = PRODUCT_DEFINITION('design','',#219,#222);
#219 = PRODUCT_DEFINITION_FORMATION('','',#220);
#220 = PRODUCT('D_SOD-123','D_SOD-123','',(#221));
#221 = PRODUCT_CONTEXT('',#2,'mechanical');
#222 = PRODUCT_DEFINITION_CONTEXT('part definition',#2,'design');
#223 = ADVANCED_BREP_SHAPE_REPRESENTATION('',(#11,#224),#1912);
#224 = MANIFOLD_SOLID_BREP('',#225);
#225 = CLOSED_SHELL('',(#226,#280,#343,#366,#396,#429,#459,#482,#505,
    #528,#551,#574,#607,#630,#653,#741,#816,#840,#908,#996,#1012,#1028,
    #1044,#1060,#1077,#1110,#1127,#1149,#1180,#1203,#1226,#1249,#1279,
    #1296,#1313,#1330,#1347,#1364,#1381,#1398,#1410,#1433,#1456,#1473,
    #1548,#1572,#1640,#1657,#1707,#1724,#1741,#1758,#1775,#1792,#1804,
    #1835,#1859,#1883,#1900));
#226 = ADVANCED_FACE('',(#227),#275,.F.);
#227 = FACE_BOUND('',#228,.F.);
#228 = EDGE_LOOP('',(#229,#239,#246,#254,#262,#270));
#229 = ORIENTED_EDGE('',*,*,#230,.T.);
#230 = EDGE_CURVE('',#231,#233,#235,.T.);
#231 = VERTEX_POINT('',#232);
#232 = CARTESIAN_POINT('',(-1.308243103516,-0.671621551758,0.1));
#233 = VERTEX_POINT('',#234);
#234 = CARTESIAN_POINT('',(-1.308243103516,0.671621551758,0.1));
#235 = LINE('',#236,#237);
#236 = CARTESIAN_POINT('',(-1.308243103516,-0.671621551758,0.1));
#237 = VECTOR('',#238,1.);
#238 = DIRECTION('',(0.,1.,0.));
#239 = ORIENTED_EDGE('',*,*,#240,.T.);
#240 = EDGE_CURVE('',#233,#241,#243,.T.);
#241 = VERTEX_POINT('',#242);
#242 = CARTESIAN_POINT('',(-1.375,0.705,0.575));
#243 = B_SPLINE_CURVE_WITH_KNOTS('',1,(#244,#245),.UNSPECIFIED.,.F.,.F.,
  (2,2),(0.,1.),.PIECEWISE_BEZIER_KNOTS.);
#244 = CARTESIAN_POINT('',(-1.308243103516,0.671621551758,0.1));
#245 = CARTESIAN_POINT('',(-1.375,0.705,0.575));
#246 = ORIENTED_EDGE('',*,*,#247,.F.);
#247 = EDGE_CURVE('',#248,#241,#250,.T.);
#248 = VERTEX_POINT('',#249);
#249 = CARTESIAN_POINT('',(-1.375,0.325,0.575));
#250 = LINE('',#251,#252);
#251 = CARTESIAN_POINT('',(-1.375,-0.705,0.575));
#252 = VECTOR('',#253,1.);
#253 = DIRECTION('',(0.,1.,0.));
#254 = ORIENTED_EDGE('',*,*,#255,.F.);
#255 = EDGE_CURVE('',#256,#248,#258,.T.);
#256 = VERTEX_POINT('',#257);
#257 = CARTESIAN_POINT('',(-1.375,-0.325,0.575));
#258 = LINE('',#259,#260);
#259 = CARTESIAN_POINT('',(-1.375,-0.325,0.575));
#260 = VECTOR('',#261,1.);
#261 = DIRECTION('',(1.110223024625E-16,1.,0.));
#262 = ORIENTED_EDGE('',*,*,#263,.F.);
#263 = EDGE_CURVE('',#264,#256,#266,.T.);
#264 = VERTEX_POINT('',#265);
#265 = CARTESIAN_POINT('',(-1.375,-0.705,0.575));
#266 = LINE('',#267,#268);
#267 = CARTESIAN_POINT('',(-1.375,-0.705,0.575));
#268 = VECTOR('',#269,1.);
#269 = DIRECTION('',(0.,1.,0.));
#270 = ORIENTED_EDGE('',*,*,#271,.F.);
#271 = EDGE_CURVE('',#231,#264,#272,.T.);
#272 = B_SPLINE_CURVE_WITH_KNOTS('',1,(#273,#274),.UNSPECIFIED.,.F.,.F.,
  (2,2),(0.,1.),.PIECEWISE_BEZIER_KNOTS.);
#273 = CARTESIAN_POINT('',(-1.308243103516,-0.671621551758,0.1));
#274 = CARTESIAN_POINT('',(-1.375,-0.705,0.575));
#275 = B_SPLINE_SURFACE_WITH_KNOTS('',1,1,(
    (#276,#277)
    ,(#278,#279
    )),.UNSPECIFIED.,.F.,.F.,.F.,(2,2),(2,2),(0.,1.41),(0.,1.),
  .PIECEWISE_BEZIER_KNOTS.);
#276 = CARTESIAN_POINT('',(-1.308243103516,-0.671621551758,0.1));
#277 = CARTESIAN_POINT('',(-1.375,-0.705,0.575));
#278 = CARTESIAN_POINT('',(-1.308243103516,0.671621551758,0.1));
#279 = CARTESIAN_POINT('',(-1.375,0.705,0.575));
#280 = ADVANCED_FACE('',(#281),#338,.F.);
#281 = FACE_BOUND('',#282,.T.);
#282 = EDGE_LOOP('',(#283,#284,#292,#300,#308,#316,#324,#332));
#283 = ORIENTED_EDGE('',*,*,#230,.T.);
#284 = ORIENTED_EDGE('',*,*,#285,.T.);
#285 = EDGE_CURVE('',#233,#286,#288,.T.);
#286 = VERTEX_POINT('',#287);
#287 = CARTESIAN_POINT('',(-1.246621551758,0.733243103516,0.1));
#288 = LINE('',#289,#290);
#289 = CARTESIAN_POINT('',(-1.308243103516,0.671621551758,0.1));
#290 = VECTOR('',#291,1.);
#291 = DIRECTION('',(0.707106781187,0.707106781187,0.));
#292 = ORIENTED_EDGE('',*,*,#293,.T.);
#293 = EDGE_CURVE('',#286,#294,#296,.T.);
#294 = VERTEX_POINT('',#295);
#295 = CARTESIAN_POINT('',(1.246621551758,0.733243103516,0.1));
#296 = LINE('',#297,#298);
#297 = CARTESIAN_POINT('',(-1.246621551758,0.733243103516,0.1));
#298 = VECTOR('',#299,1.);
#299 = DIRECTION('',(1.,0.,0.));
#300 = ORIENTED_EDGE('',*,*,#301,.T.);
#301 = EDGE_CURVE('',#294,#302,#304,.T.);
#302 = VERTEX_POINT('',#303);
#303 = CARTESIAN_POINT('',(1.308243103516,0.671621551758,0.1));
#304 = LINE('',#305,#306);
#305 = CARTESIAN_POINT('',(1.246621551758,0.733243103516,0.1));
#306 = VECTOR('',#307,1.);
#307 = DIRECTION('',(0.707106781187,-0.707106781187,0.));
#308 = ORIENTED_EDGE('',*,*,#309,.T.);
#309 = EDGE_CURVE('',#302,#310,#312,.T.);
#310 = VERTEX_POINT('',#311);
#311 = CARTESIAN_POINT('',(1.308243103516,-0.671621551758,0.1));
#312 = LINE('',#313,#314);
#313 = CARTESIAN_POINT('',(1.308243103516,0.671621551758,0.1));
#314 = VECTOR('',#315,1.);
#315 = DIRECTION('',(0.,-1.,0.));
#316 = ORIENTED_EDGE('',*,*,#317,.T.);
#317 = EDGE_CURVE('',#310,#318,#320,.T.);
#318 = VERTEX_POINT('',#319);
#319 = CARTESIAN_POINT('',(1.246621551758,-0.733243103516,0.1));
#320 = LINE('',#321,#322);
#321 = CARTESIAN_POINT('',(1.308243103516,-0.671621551758,0.1));
#322 = VECTOR('',#323,1.);
#323 = DIRECTION('',(-0.707106781187,-0.707106781187,0.));
#324 = ORIENTED_EDGE('',*,*,#325,.T.);
#325 = EDGE_CURVE('',#318,#326,#328,.T.);
#326 = VERTEX_POINT('',#327);
#327 = CARTESIAN_POINT('',(-1.246621551758,-0.733243103516,0.1));
#328 = LINE('',#329,#330);
#329 = CARTESIAN_POINT('',(1.246621551758,-0.733243103516,0.1));
#330 = VECTOR('',#331,1.);
#331 = DIRECTION('',(-1.,0.,0.));
#332 = ORIENTED_EDGE('',*,*,#333,.T.);
#333 = EDGE_CURVE('',#326,#231,#334,.T.);
#334 = LINE('',#335,#336);
#335 = CARTESIAN_POINT('',(-1.246621551758,-0.733243103516,0.1));
#336 = VECTOR('',#337,1.);
#337 = DIRECTION('',(-0.707106781187,0.707106781187,0.));
#338 = PLANE('',#339);
#339 = AXIS2_PLACEMENT_3D('',#340,#341,#342);
#340 = CARTESIAN_POINT('',(-1.308243103516,-0.671621551758,0.1));
#341 = DIRECTION('',(0.,0.,1.));
#342 = DIRECTION('',(0.889616464678,0.456708381546,-0.));
#343 = ADVANCED_FACE('',(#344),#361,.F.);
#344 = FACE_BOUND('',#345,.F.);
#345 = EDGE_LOOP('',(#346,#347,#354,#360));
#346 = ORIENTED_EDGE('',*,*,#285,.T.);
#347 = ORIENTED_EDGE('',*,*,#348,.T.);
#348 = EDGE_CURVE('',#286,#349,#351,.T.);
#349 = VERTEX_POINT('',#350);
#350 = CARTESIAN_POINT('',(-1.28,0.8,0.575));
#351 = B_SPLINE_CURVE_WITH_KNOTS('',1,(#352,#353),.UNSPECIFIED.,.F.,.F.,
  (2,2),(0.,1.),.PIECEWISE_BEZIER_KNOTS.);
#352 = CARTESIAN_POINT('',(-1.246621551758,0.733243103516,0.1));
#353 = CARTESIAN_POINT('',(-1.28,0.8,0.575));
#354 = ORIENTED_EDGE('',*,*,#355,.F.);
#355 = EDGE_CURVE('',#241,#349,#356,.T.);
#356 = LINE('',#357,#358);
#357 = CARTESIAN_POINT('',(-1.375,0.705,0.575));
#358 = VECTOR('',#359,1.);
#359 = DIRECTION('',(0.707106781187,0.707106781187,0.));
#360 = ORIENTED_EDGE('',*,*,#240,.F.);
#361 = B_SPLINE_SURFACE_WITH_KNOTS('',1,1,(
    (#362,#363)
    ,(#364,#365
    )),.UNSPECIFIED.,.F.,.F.,.F.,(2,2),(2,2),(0.,0.134350288425),(0.,1.)
  ,.PIECEWISE_BEZIER_KNOTS.);
#362 = CARTESIAN_POINT('',(-1.308243103516,0.671621551758,0.1));
#363 = CARTESIAN_POINT('',(-1.375,0.705,0.575));
#364 = CARTESIAN_POINT('',(-1.246621551758,0.733243103516,0.1));
#365 = CARTESIAN_POINT('',(-1.28,0.8,0.575));
#366 = ADVANCED_FACE('',(#367),#391,.F.);
#367 = FACE_BOUND('',#368,.F.);
#368 = EDGE_LOOP('',(#369,#376,#377,#385));
#369 = ORIENTED_EDGE('',*,*,#370,.F.);
#370 = EDGE_CURVE('',#264,#371,#373,.T.);
#371 = VERTEX_POINT('',#372);
#372 = CARTESIAN_POINT('',(-1.375,-0.705,0.775));
#373 = B_SPLINE_CURVE_WITH_KNOTS('',1,(#374,#375),.UNSPECIFIED.,.F.,.F.,
  (2,2),(0.,1.),.PIECEWISE_BEZIER_KNOTS.);
#374 = CARTESIAN_POINT('',(-1.375,-0.705,0.575));
#375 = CARTESIAN_POINT('',(-1.375,-0.705,0.775));
#376 = ORIENTED_EDGE('',*,*,#263,.T.);
#377 = ORIENTED_EDGE('',*,*,#378,.T.);
#378 = EDGE_CURVE('',#256,#379,#381,.T.);
#379 = VERTEX_POINT('',#380);
#380 = CARTESIAN_POINT('',(-1.375,-0.325,0.775));
#381 = LINE('',#382,#383);
#382 = CARTESIAN_POINT('',(-1.375,-0.325,0.579830288983));
#383 = VECTOR('',#384,1.);
#384 = DIRECTION('',(0.,0.,1.));
#385 = ORIENTED_EDGE('',*,*,#386,.F.);
#386 = EDGE_CURVE('',#371,#379,#387,.T.);
#387 = LINE('',#388,#389);
#388 = CARTESIAN_POINT('',(-1.375,-0.705,0.775));
#389 = VECTOR('',#390,1.);
#390 = DIRECTION('',(0.,1.,0.));
#391 = PLANE('',#392);
#392 = AXIS2_PLACEMENT_3D('',#393,#394,#395);
#393 = CARTESIAN_POINT('',(-1.375,-0.705,0.775));
#394 = DIRECTION('',(1.,0.,0.));
#395 = DIRECTION('',(-0.,1.,0.));
#396 = ADVANCED_FACE('',(#397),#424,.F.);
#397 = FACE_BOUND('',#398,.F.);
#398 = EDGE_LOOP('',(#399,#400,#409,#417));
#399 = ORIENTED_EDGE('',*,*,#255,.T.);
#400 = ORIENTED_EDGE('',*,*,#401,.T.);
#401 = EDGE_CURVE('',#248,#402,#404,.T.);
#402 = VERTEX_POINT('',#403);
#403 = CARTESIAN_POINT('',(-1.493176930361,0.325,0.47583778132));
#404 = CIRCLE('',#405,0.12);
#405 = AXIS2_PLACEMENT_3D('',#406,#407,#408);
#406 = CARTESIAN_POINT('',(-1.375,0.325,0.455));
#407 = DIRECTION('',(-1.110223024625E-16,-1.,0.));
#408 = DIRECTION('',(9.251858538543E-16,-1.027162637006E-31,1.));
#409 = ORIENTED_EDGE('',*,*,#410,.F.);
#410 = EDGE_CURVE('',#411,#402,#413,.T.);
#411 = VERTEX_POINT('',#412);
#412 = CARTESIAN_POINT('',(-1.493176930361,-0.325,0.47583778132));
#413 = LINE('',#414,#415);
#414 = CARTESIAN_POINT('',(-1.493176930361,-0.325,0.47583778132));
#415 = VECTOR('',#416,1.);
#416 = DIRECTION('',(1.110223024625E-16,1.,0.));
#417 = ORIENTED_EDGE('',*,*,#418,.F.);
#418 = EDGE_CURVE('',#256,#411,#419,.T.);
#419 = CIRCLE('',#420,0.12);
#420 = AXIS2_PLACEMENT_3D('',#421,#422,#423);
#421 = CARTESIAN_POINT('',(-1.375,-0.325,0.455));
#422 = DIRECTION('',(-1.110223024625E-16,-1.,0.));
#423 = DIRECTION('',(9.251858538543E-16,-1.027162637006E-31,1.));
#424 = CYLINDRICAL_SURFACE('',#425,0.12);
#425 = AXIS2_PLACEMENT_3D('',#426,#427,#428);
#426 = CARTESIAN_POINT('',(-1.375,-0.325,0.455));
#427 = DIRECTION('',(-1.110223024625E-16,-1.,0.));
#428 = DIRECTION('',(9.251858538543E-16,-1.027162637006E-31,1.));
#429 = ADVANCED_FACE('',(#430),#454,.F.);
#430 = FACE_BOUND('',#431,.F.);
#431 = EDGE_LOOP('',(#432,#440,#441,#448));
#432 = ORIENTED_EDGE('',*,*,#433,.F.);
#433 = EDGE_CURVE('',#248,#434,#436,.T.);
#434 = VERTEX_POINT('',#435);
#435 = CARTESIAN_POINT('',(-1.375,0.325,0.775));
#436 = LINE('',#437,#438);
#437 = CARTESIAN_POINT('',(-1.375,0.325,0.579830288983));
#438 = VECTOR('',#439,1.);
#439 = DIRECTION('',(0.,0.,1.));
#440 = ORIENTED_EDGE('',*,*,#247,.T.);
#441 = ORIENTED_EDGE('',*,*,#442,.T.);
#442 = EDGE_CURVE('',#241,#443,#445,.T.);
#443 = VERTEX_POINT('',#444);
#444 = CARTESIAN_POINT('',(-1.375,0.705,0.775));
#445 = B_SPLINE_CURVE_WITH_KNOTS('',1,(#446,#447),.UNSPECIFIED.,.F.,.F.,
  (2,2),(0.,1.),.PIECEWISE_BEZIER_KNOTS.);
#446 = CARTESIAN_POINT('',(-1.375,0.705,0.575));
#447 = CARTESIAN_POINT('',(-1.375,0.705,0.775));
#448 = ORIENTED_EDGE('',*,*,#449,.F.);
#449 = EDGE_CURVE('',#434,#443,#450,.T.);
#450 = LINE('',#451,#452);
#451 = CARTESIAN_POINT('',(-1.375,-0.705,0.775));
#452 = VECTOR('',#453,1.);
#453 = DIRECTION('',(0.,1.,0.));
#454 = PLANE('',#455);
#455 = AXIS2_PLACEMENT_3D('',#456,#457,#458);
#456 = CARTESIAN_POINT('',(-1.375,-0.705,0.775));
#457 = DIRECTION('',(1.,0.,0.));
#458 = DIRECTION('',(-0.,1.,0.));
#459 = ADVANCED_FACE('',(#460),#477,.F.);
#460 = FACE_BOUND('',#461,.F.);
#461 = EDGE_LOOP('',(#462,#463,#464,#472));
#462 = ORIENTED_EDGE('',*,*,#333,.T.);
#463 = ORIENTED_EDGE('',*,*,#271,.T.);
#464 = ORIENTED_EDGE('',*,*,#465,.F.);
#465 = EDGE_CURVE('',#466,#264,#468,.T.);
#466 = VERTEX_POINT('',#467);
#467 = CARTESIAN_POINT('',(-1.28,-0.8,0.575));
#468 = LINE('',#469,#470);
#469 = CARTESIAN_POINT('',(-1.28,-0.8,0.575));
#470 = VECTOR('',#471,1.);
#471 = DIRECTION('',(-0.707106781187,0.707106781187,0.));
#472 = ORIENTED_EDGE('',*,*,#473,.F.);
#473 = EDGE_CURVE('',#326,#466,#474,.T.);
#474 = B_SPLINE_CURVE_WITH_KNOTS('',1,(#475,#476),.UNSPECIFIED.,.F.,.F.,
  (2,2),(0.,1.),.PIECEWISE_BEZIER_KNOTS.);
#475 = CARTESIAN_POINT('',(-1.246621551758,-0.733243103516,0.1));
#476 = CARTESIAN_POINT('',(-1.28,-0.8,0.575));
#477 = B_SPLINE_SURFACE_WITH_KNOTS('',1,1,(
    (#478,#479)
    ,(#480,#481
    )),.UNSPECIFIED.,.F.,.F.,.F.,(2,2),(2,2),(0.,0.134350288425),(0.,1.)
  ,.PIECEWISE_BEZIER_KNOTS.);
#478 = CARTESIAN_POINT('',(-1.246621551758,-0.733243103516,0.1));
#479 = CARTESIAN_POINT('',(-1.28,-0.8,0.575));
#480 = CARTESIAN_POINT('',(-1.308243103516,-0.671621551758,0.1));
#481 = CARTESIAN_POINT('',(-1.375,-0.705,0.575));
#482 = ADVANCED_FACE('',(#483),#500,.F.);
#483 = FACE_BOUND('',#484,.F.);
#484 = EDGE_LOOP('',(#485,#486,#487,#495));
#485 = ORIENTED_EDGE('',*,*,#325,.T.);
#486 = ORIENTED_EDGE('',*,*,#473,.T.);
#487 = ORIENTED_EDGE('',*,*,#488,.F.);
#488 = EDGE_CURVE('',#489,#466,#491,.T.);
#489 = VERTEX_POINT('',#490);
#490 = CARTESIAN_POINT('',(1.28,-0.8,0.575));
#491 = LINE('',#492,#493);
#492 = CARTESIAN_POINT('',(1.28,-0.8,0.575));
#493 = VECTOR('',#494,1.);
#494 = DIRECTION('',(-1.,0.,0.));
#495 = ORIENTED_EDGE('',*,*,#496,.F.);
#496 = EDGE_CURVE('',#318,#489,#497,.T.);
#497 = B_SPLINE_CURVE_WITH_KNOTS('',1,(#498,#499),.UNSPECIFIED.,.F.,.F.,
  (2,2),(0.,1.),.PIECEWISE_BEZIER_KNOTS.);
#498 = CARTESIAN_POINT('',(1.246621551758,-0.733243103516,0.1));
#499 = CARTESIAN_POINT('',(1.28,-0.8,0.575));
#500 = B_SPLINE_SURFACE_WITH_KNOTS('',1,1,(
    (#501,#502)
    ,(#503,#504
    )),.UNSPECIFIED.,.F.,.F.,.F.,(2,2),(2,2),(0.,2.56),(0.,1.),
  .PIECEWISE_BEZIER_KNOTS.);
#501 = CARTESIAN_POINT('',(1.246621551758,-0.733243103516,0.1));
#502 = CARTESIAN_POINT('',(1.28,-0.8,0.575));
#503 = CARTESIAN_POINT('',(-1.246621551758,-0.733243103516,0.1));
#504 = CARTESIAN_POINT('',(-1.28,-0.8,0.575));
#505 = ADVANCED_FACE('',(#506),#523,.F.);
#506 = FACE_BOUND('',#507,.F.);
#507 = EDGE_LOOP('',(#508,#509,#516,#522));
#508 = ORIENTED_EDGE('',*,*,#293,.T.);
#509 = ORIENTED_EDGE('',*,*,#510,.T.);
#510 = EDGE_CURVE('',#294,#511,#513,.T.);
#511 = VERTEX_POINT('',#512);
#512 = CARTESIAN_POINT('',(1.28,0.8,0.575));
#513 = B_SPLINE_CURVE_WITH_KNOTS('',1,(#514,#515),.UNSPECIFIED.,.F.,.F.,
  (2,2),(0.,1.),.PIECEWISE_BEZIER_KNOTS.);
#514 = CARTESIAN_POINT('',(1.246621551758,0.733243103516,0.1));
#515 = CARTESIAN_POINT('',(1.28,0.8,0.575));
#516 = ORIENTED_EDGE('',*,*,#517,.F.);
#517 = EDGE_CURVE('',#349,#511,#518,.T.);
#518 = LINE('',#519,#520);
#519 = CARTESIAN_POINT('',(-1.28,0.8,0.575));
#520 = VECTOR('',#521,1.);
#521 = DIRECTION('',(1.,0.,0.));
#522 = ORIENTED_EDGE('',*,*,#348,.F.);
#523 = B_SPLINE_SURFACE_WITH_KNOTS('',1,1,(
    (#524,#525)
    ,(#526,#527
    )),.UNSPECIFIED.,.F.,.F.,.F.,(2,2),(2,2),(0.,2.56),(0.,1.),
  .PIECEWISE_BEZIER_KNOTS.);
#524 = CARTESIAN_POINT('',(-1.246621551758,0.733243103516,0.1));
#525 = CARTESIAN_POINT('',(-1.28,0.8,0.575));
#526 = CARTESIAN_POINT('',(1.246621551758,0.733243103516,0.1));
#527 = CARTESIAN_POINT('',(1.28,0.8,0.575));
#528 = ADVANCED_FACE('',(#529),#546,.F.);
#529 = FACE_BOUND('',#530,.F.);
#530 = EDGE_LOOP('',(#531,#532,#533,#541));
#531 = ORIENTED_EDGE('',*,*,#317,.T.);
#532 = ORIENTED_EDGE('',*,*,#496,.T.);
#533 = ORIENTED_EDGE('',*,*,#534,.F.);
#534 = EDGE_CURVE('',#535,#489,#537,.T.);
#535 = VERTEX_POINT('',#536);
#536 = CARTESIAN_POINT('',(1.375,-0.705,0.575));
#537 = LINE('',#538,#539);
#538 = CARTESIAN_POINT('',(1.375,-0.705,0.575));
#539 = VECTOR('',#540,1.);
#540 = DIRECTION('',(-0.707106781187,-0.707106781187,0.));
#541 = ORIENTED_EDGE('',*,*,#542,.F.);
#542 = EDGE_CURVE('',#310,#535,#543,.T.);
#543 = B_SPLINE_CURVE_WITH_KNOTS('',1,(#544,#545),.UNSPECIFIED.,.F.,.F.,
  (2,2),(0.,1.),.PIECEWISE_BEZIER_KNOTS.);
#544 = CARTESIAN_POINT('',(1.308243103516,-0.671621551758,0.1));
#545 = CARTESIAN_POINT('',(1.375,-0.705,0.575));
#546 = B_SPLINE_SURFACE_WITH_KNOTS('',1,1,(
    (#547,#548)
    ,(#549,#550
    )),.UNSPECIFIED.,.F.,.F.,.F.,(2,2),(2,2),(0.,0.134350288425),(0.,1.)
  ,.PIECEWISE_BEZIER_KNOTS.);
#547 = CARTESIAN_POINT('',(1.308243103516,-0.671621551758,0.1));
#548 = CARTESIAN_POINT('',(1.375,-0.705,0.575));
#549 = CARTESIAN_POINT('',(1.246621551758,-0.733243103516,0.1));
#550 = CARTESIAN_POINT('',(1.28,-0.8,0.575));
#551 = ADVANCED_FACE('',(#552),#569,.F.);
#552 = FACE_BOUND('',#553,.F.);
#553 = EDGE_LOOP('',(#554,#555,#562,#568));
#554 = ORIENTED_EDGE('',*,*,#301,.T.);
#555 = ORIENTED_EDGE('',*,*,#556,.T.);
#556 = EDGE_CURVE('',#302,#557,#559,.T.);
#557 = VERTEX_POINT('',#558);
#558 = CARTESIAN_POINT('',(1.375,0.705,0.575));
#559 = B_SPLINE_CURVE_WITH_KNOTS('',1,(#560,#561),.UNSPECIFIED.,.F.,.F.,
  (2,2),(0.,1.),.PIECEWISE_BEZIER_KNOTS.);
#560 = CARTESIAN_POINT('',(1.308243103516,0.671621551758,0.1));
#561 = CARTESIAN_POINT('',(1.375,0.705,0.575));
#562 = ORIENTED_EDGE('',*,*,#563,.F.);
#563 = EDGE_CURVE('',#511,#557,#564,.T.);
#564 = LINE('',#565,#566);
#565 = CARTESIAN_POINT('',(1.28,0.8,0.575));
#566 = VECTOR('',#567,1.);
#567 = DIRECTION('',(0.707106781187,-0.707106781187,0.));
#568 = ORIENTED_EDGE('',*,*,#510,.F.);
#569 = B_SPLINE_SURFACE_WITH_KNOTS('',1,1,(
    (#570,#571)
    ,(#572,#573
    )),.UNSPECIFIED.,.F.,.F.,.F.,(2,2),(2,2),(0.,0.134350288425),(0.,1.)
  ,.PIECEWISE_BEZIER_KNOTS.);
#570 = CARTESIAN_POINT('',(1.246621551758,0.733243103516,0.1));
#571 = CARTESIAN_POINT('',(1.28,0.8,0.575));
#572 = CARTESIAN_POINT('',(1.308243103516,0.671621551758,0.1));
#573 = CARTESIAN_POINT('',(1.375,0.705,0.575));
#574 = ADVANCED_FACE('',(#575),#602,.F.);
#575 = FACE_BOUND('',#576,.F.);
#576 = EDGE_LOOP('',(#577,#578,#579,#587,#595,#601));
#577 = ORIENTED_EDGE('',*,*,#309,.T.);
#578 = ORIENTED_EDGE('',*,*,#542,.T.);
#579 = ORIENTED_EDGE('',*,*,#580,.F.);
#580 = EDGE_CURVE('',#581,#535,#583,.T.);
#581 = VERTEX_POINT('',#582);
#582 = CARTESIAN_POINT('',(1.375,-0.325,0.575));
#583 = LINE('',#584,#585);
#584 = CARTESIAN_POINT('',(1.375,0.705,0.575));
#585 = VECTOR('',#586,1.);
#586 = DIRECTION('',(0.,-1.,0.));
#587 = ORIENTED_EDGE('',*,*,#588,.F.);
#588 = EDGE_CURVE('',#589,#581,#591,.T.);
#589 = VERTEX_POINT('',#590);
#590 = CARTESIAN_POINT('',(1.375,0.325,0.575));
#591 = LINE('',#592,#593);
#592 = CARTESIAN_POINT('',(1.375,0.325,0.575));
#593 = VECTOR('',#594,1.);
#594 = DIRECTION('',(-2.22044604925E-16,-1.,0.));
#595 = ORIENTED_EDGE('',*,*,#596,.F.);
#596 = EDGE_CURVE('',#557,#589,#597,.T.);
#597 = LINE('',#598,#599);
#598 = CARTESIAN_POINT('',(1.375,0.705,0.575));
#599 = VECTOR('',#600,1.);
#600 = DIRECTION('',(0.,-1.,0.));
#601 = ORIENTED_EDGE('',*,*,#556,.F.);
#602 = B_SPLINE_SURFACE_WITH_KNOTS('',1,1,(
    (#603,#604)
    ,(#605,#606
    )),.UNSPECIFIED.,.F.,.F.,.F.,(2,2),(2,2),(0.,1.41),(0.,1.),
  .PIECEWISE_BEZIER_KNOTS.);
#603 = CARTESIAN_POINT('',(1.308243103516,0.671621551758,0.1));
#604 = CARTESIAN_POINT('',(1.375,0.705,0.575));
#605 = CARTESIAN_POINT('',(1.308243103516,-0.671621551758,0.1));
#606 = CARTESIAN_POINT('',(1.375,-0.705,0.575));
#607 = ADVANCED_FACE('',(#608),#625,.F.);
#608 = FACE_BOUND('',#609,.F.);
#609 = EDGE_LOOP('',(#610,#611,#618,#624));
#610 = ORIENTED_EDGE('',*,*,#355,.T.);
#611 = ORIENTED_EDGE('',*,*,#612,.T.);
#612 = EDGE_CURVE('',#349,#613,#615,.T.);
#613 = VERTEX_POINT('',#614);
#614 = CARTESIAN_POINT('',(-1.28,0.8,0.775));
#615 = B_SPLINE_CURVE_WITH_KNOTS('',1,(#616,#617),.UNSPECIFIED.,.F.,.F.,
  (2,2),(0.,1.),.PIECEWISE_BEZIER_KNOTS.);
#616 = CARTESIAN_POINT('',(-1.28,0.8,0.575));
#617 = CARTESIAN_POINT('',(-1.28,0.8,0.775));
#618 = ORIENTED_EDGE('',*,*,#619,.F.);
#619 = EDGE_CURVE('',#443,#613,#620,.T.);
#620 = LINE('',#621,#622);
#621 = CARTESIAN_POINT('',(-1.375,0.705,0.775));
#622 = VECTOR('',#623,1.);
#623 = DIRECTION('',(0.707106781187,0.707106781187,0.));
#624 = ORIENTED_EDGE('',*,*,#442,.F.);
#625 = PLANE('',#626);
#626 = AXIS2_PLACEMENT_3D('',#627,#628,#629);
#627 = CARTESIAN_POINT('',(-1.375,0.705,0.775));
#628 = DIRECTION('',(0.707106781187,-0.707106781187,0.));
#629 = DIRECTION('',(0.707106781187,0.707106781187,0.));
#630 = ADVANCED_FACE('',(#631),#648,.F.);
#631 = FACE_BOUND('',#632,.F.);
#632 = EDGE_LOOP('',(#633,#634,#635,#643));
#633 = ORIENTED_EDGE('',*,*,#465,.T.);
#634 = ORIENTED_EDGE('',*,*,#370,.T.);
#635 = ORIENTED_EDGE('',*,*,#636,.F.);
#636 = EDGE_CURVE('',#637,#371,#639,.T.);
#637 = VERTEX_POINT('',#638);
#638 = CARTESIAN_POINT('',(-1.28,-0.8,0.775));
#639 = LINE('',#640,#641);
#640 = CARTESIAN_POINT('',(-1.28,-0.8,0.775));
#641 = VECTOR('',#642,1.);
#642 = DIRECTION('',(-0.707106781187,0.707106781187,0.));
#643 = ORIENTED_EDGE('',*,*,#644,.F.);
#644 = EDGE_CURVE('',#466,#637,#645,.T.);
#645 = B_SPLINE_CURVE_WITH_KNOTS('',1,(#646,#647),.UNSPECIFIED.,.F.,.F.,
  (2,2),(0.,1.),.PIECEWISE_BEZIER_KNOTS.);
#646 = CARTESIAN_POINT('',(-1.28,-0.8,0.575));
#647 = CARTESIAN_POINT('',(-1.28,-0.8,0.775));
#648 = PLANE('',#649);
#649 = AXIS2_PLACEMENT_3D('',#650,#651,#652);
#650 = CARTESIAN_POINT('',(-1.28,-0.8,0.775));
#651 = DIRECTION('',(0.707106781187,0.707106781187,0.));
#652 = DIRECTION('',(-0.707106781187,0.707106781187,0.));
#653 = ADVANCED_FACE('',(#654),#736,.F.);
#654 = FACE_BOUND('',#655,.F.);
#655 = EDGE_LOOP('',(#656,#657,#658,#666,#674,#682,#690,#698,#706,#714,
    #722,#730));
#656 = ORIENTED_EDGE('',*,*,#636,.T.);
#657 = ORIENTED_EDGE('',*,*,#386,.T.);
#658 = ORIENTED_EDGE('',*,*,#659,.T.);
#659 = EDGE_CURVE('',#379,#660,#662,.T.);
#660 = VERTEX_POINT('',#661);
#661 = CARTESIAN_POINT('',(-1.35,-0.325,0.775));
#662 = LINE('',#663,#664);
#663 = CARTESIAN_POINT('',(-1.375,-0.325,0.775));
#664 = VECTOR('',#665,1.);
#665 = DIRECTION('',(1.,-1.110223024625E-16,0.));
#666 = ORIENTED_EDGE('',*,*,#667,.F.);
#667 = EDGE_CURVE('',#668,#660,#670,.T.);
#668 = VERTEX_POINT('',#669);
#669 = CARTESIAN_POINT('',(-1.35,-0.6925,0.775));
#670 = LINE('',#671,#672);
#671 = CARTESIAN_POINT('',(-1.35,-0.6925,0.775));
#672 = VECTOR('',#673,1.);
#673 = DIRECTION('',(0.,1.,0.));
#674 = ORIENTED_EDGE('',*,*,#675,.F.);
#675 = EDGE_CURVE('',#676,#668,#678,.T.);
#676 = VERTEX_POINT('',#677);
#677 = CARTESIAN_POINT('',(-1.2675,-0.775,0.775));
#678 = LINE('',#679,#680);
#679 = CARTESIAN_POINT('',(-1.2675,-0.775,0.775));
#680 = VECTOR('',#681,1.);
#681 = DIRECTION('',(-0.707106781187,0.707106781187,0.));
#682 = ORIENTED_EDGE('',*,*,#683,.F.);
#683 = EDGE_CURVE('',#684,#676,#686,.T.);
#684 = VERTEX_POINT('',#685);
#685 = CARTESIAN_POINT('',(1.2675,-0.775,0.775));
#686 = LINE('',#687,#688);
#687 = CARTESIAN_POINT('',(1.2675,-0.775,0.775));
#688 = VECTOR('',#689,1.);
#689 = DIRECTION('',(-1.,0.,0.));
#690 = ORIENTED_EDGE('',*,*,#691,.F.);
#691 = EDGE_CURVE('',#692,#684,#694,.T.);
#692 = VERTEX_POINT('',#693);
#693 = CARTESIAN_POINT('',(1.35,-0.6925,0.775));
#694 = LINE('',#695,#696);
#695 = CARTESIAN_POINT('',(1.35,-0.6925,0.775));
#696 = VECTOR('',#697,1.);
#697 = DIRECTION('',(-0.707106781187,-0.707106781187,0.));
#698 = ORIENTED_EDGE('',*,*,#699,.F.);
#699 = EDGE_CURVE('',#700,#692,#702,.T.);
#700 = VERTEX_POINT('',#701);
#701 = CARTESIAN_POINT('',(1.35,-0.325,0.775));
#702 = LINE('',#703,#704);
#703 = CARTESIAN_POINT('',(1.35,0.6925,0.775));
#704 = VECTOR('',#705,1.);
#705 = DIRECTION('',(0.,-1.,0.));
#706 = ORIENTED_EDGE('',*,*,#707,.F.);
#707 = EDGE_CURVE('',#708,#700,#710,.T.);
#708 = VERTEX_POINT('',#709);
#709 = CARTESIAN_POINT('',(1.375,-0.325,0.775));
#710 = LINE('',#711,#712);
#711 = CARTESIAN_POINT('',(1.375,-0.325,0.775));
#712 = VECTOR('',#713,1.);
#713 = DIRECTION('',(-1.,2.22044604925E-16,0.));
#714 = ORIENTED_EDGE('',*,*,#715,.T.);
#715 = EDGE_CURVE('',#708,#716,#718,.T.);
#716 = VERTEX_POINT('',#717);
#717 = CARTESIAN_POINT('',(1.375,-0.705,0.775));
#718 = LINE('',#719,#720);
#719 = CARTESIAN_POINT('',(1.375,0.705,0.775));
#720 = VECTOR('',#721,1.);
#721 = DIRECTION('',(0.,-1.,0.));
#722 = ORIENTED_EDGE('',*,*,#723,.T.);
#723 = EDGE_CURVE('',#716,#724,#726,.T.);
#724 = VERTEX_POINT('',#725);
#725 = CARTESIAN_POINT('',(1.28,-0.8,0.775));
#726 = LINE('',#727,#728);
#727 = CARTESIAN_POINT('',(1.375,-0.705,0.775));
#728 = VECTOR('',#729,1.);
#729 = DIRECTION('',(-0.707106781187,-0.707106781187,0.));
#730 = ORIENTED_EDGE('',*,*,#731,.T.);
#731 = EDGE_CURVE('',#724,#637,#732,.T.);
#732 = LINE('',#733,#734);
#733 = CARTESIAN_POINT('',(1.28,-0.8,0.775));
#734 = VECTOR('',#735,1.);
#735 = DIRECTION('',(-1.,0.,0.));
#736 = PLANE('',#737);
#737 = AXIS2_PLACEMENT_3D('',#738,#739,#740);
#738 = CARTESIAN_POINT('',(-1.3625,-4.954714324773E-17,0.775));
#739 = DIRECTION('',(-7.340317518656E-17,9.85275154485E-18,-1.));
#740 = DIRECTION('',(7.342878714278E-20,1.,9.85275154485E-18));
#741 = ADVANCED_FACE('',(#742),#811,.F.);
#742 = FACE_BOUND('',#743,.F.);
#743 = EDGE_LOOP('',(#744,#745,#746,#754,#763,#771,#779,#787,#796,#804)
  );
#744 = ORIENTED_EDGE('',*,*,#378,.F.);
#745 = ORIENTED_EDGE('',*,*,#418,.T.);
#746 = ORIENTED_EDGE('',*,*,#747,.T.);
#747 = EDGE_CURVE('',#411,#748,#750,.T.);
#748 = VERTEX_POINT('',#749);
#749 = CARTESIAN_POINT('',(-1.523665661432,-0.325,0.264432583147));
#750 = LINE('',#751,#752);
#751 = CARTESIAN_POINT('',(-1.493176930361,-0.325,0.47583778132));
#752 = VECTOR('',#753,1.);
#753 = DIRECTION('',(-0.142742572604,1.584760906992E-17,-0.989759848633)
  );
#754 = ORIENTED_EDGE('',*,*,#755,.T.);
#755 = EDGE_CURVE('',#748,#756,#758,.T.);
#756 = VERTEX_POINT('',#757);
#757 = CARTESIAN_POINT('',(-1.838804142396,-0.325,-5.551115123126E-17));
#758 = CIRCLE('',#759,0.32);
#759 = AXIS2_PLACEMENT_3D('',#760,#761,#762);
#760 = CARTESIAN_POINT('',(-1.838804142396,-0.325,0.32));
#761 = DIRECTION('',(1.110223024625E-16,1.,0.));
#762 = DIRECTION('',(0.984807753012,-1.093356242223E-16,-0.173648177667)
  );
#763 = ORIENTED_EDGE('',*,*,#764,.T.);
#764 = EDGE_CURVE('',#756,#765,#767,.T.);
#765 = VERTEX_POINT('',#766);
#766 = CARTESIAN_POINT('',(-1.9,-0.325,-5.551115123126E-17));
#767 = LINE('',#768,#769);
#768 = CARTESIAN_POINT('',(-1.838804142396,-0.325,-5.551115123126E-17));
#769 = VECTOR('',#770,1.);
#770 = DIRECTION('',(-1.,1.110223024625E-16,0.));
#771 = ORIENTED_EDGE('',*,*,#772,.T.);
#772 = EDGE_CURVE('',#765,#773,#775,.T.);
#773 = VERTEX_POINT('',#774);
#774 = CARTESIAN_POINT('',(-1.9,-0.325,0.2));
#775 = LINE('',#776,#777);
#776 = CARTESIAN_POINT('',(-1.9,-0.325,-5.551115123126E-17));
#777 = VECTOR('',#778,1.);
#778 = DIRECTION('',(0.,0.,1.));
#779 = ORIENTED_EDGE('',*,*,#780,.T.);
#780 = EDGE_CURVE('',#773,#781,#783,.T.);
#781 = VERTEX_POINT('',#782);
#782 = CARTESIAN_POINT('',(-1.838804142396,-0.325,0.2));
#783 = LINE('',#784,#785);
#784 = CARTESIAN_POINT('',(-1.9,-0.325,0.2));
#785 = VECTOR('',#786,1.);
#786 = DIRECTION('',(1.,-1.110223024625E-16,0.));
#787 = ORIENTED_EDGE('',*,*,#788,.T.);
#788 = EDGE_CURVE('',#781,#789,#791,.T.);
#789 = VERTEX_POINT('',#790);
#790 = CARTESIAN_POINT('',(-1.720627212034,-0.325,0.29916221868));
#791 = CIRCLE('',#792,0.12);
#792 = AXIS2_PLACEMENT_3D('',#793,#794,#795);
#793 = CARTESIAN_POINT('',(-1.838804142396,-0.325,0.32));
#794 = DIRECTION('',(-1.110223024625E-16,-1.,0.));
#795 = DIRECTION('',(1.850371707709E-15,-2.054325274013E-31,-1.));
#796 = ORIENTED_EDGE('',*,*,#797,.T.);
#797 = EDGE_CURVE('',#789,#798,#800,.T.);
#798 = VERTEX_POINT('',#799);
#799 = CARTESIAN_POINT('',(-1.690138480964,-0.325,0.510567416853));
#800 = LINE('',#801,#802);
#801 = CARTESIAN_POINT('',(-1.720627212034,-0.325,0.29916221868));
#802 = VECTOR('',#803,1.);
#803 = DIRECTION('',(0.142742572604,-1.584760906992E-17,0.989759848633)
  );
#804 = ORIENTED_EDGE('',*,*,#805,.T.);
#805 = EDGE_CURVE('',#798,#379,#806,.T.);
#806 = CIRCLE('',#807,0.32);
#807 = AXIS2_PLACEMENT_3D('',#808,#809,#810);
#808 = CARTESIAN_POINT('',(-1.375,-0.325,0.455));
#809 = DIRECTION('',(1.110223024625E-16,1.,0.));
#810 = DIRECTION('',(-0.984807753012,1.093356242223E-16,0.173648177667)
  );
#811 = PLANE('',#812);
#812 = AXIS2_PLACEMENT_3D('',#813,#814,#815);
#813 = CARTESIAN_POINT('',(-1.610729118287,-0.325,0.384660577966));
#814 = DIRECTION('',(1.110223024625E-16,1.,0.));
#815 = DIRECTION('',(0.,-0.,1.));
#816 = ADVANCED_FACE('',(#817),#835,.F.);
#817 = FACE_BOUND('',#818,.F.);
#818 = EDGE_LOOP('',(#819,#820,#828,#834));
#819 = ORIENTED_EDGE('',*,*,#410,.T.);
#820 = ORIENTED_EDGE('',*,*,#821,.T.);
#821 = EDGE_CURVE('',#402,#822,#824,.T.);
#822 = VERTEX_POINT('',#823);
#823 = CARTESIAN_POINT('',(-1.523665661432,0.325,0.264432583147));
#824 = LINE('',#825,#826);
#825 = CARTESIAN_POINT('',(-1.493176930361,0.325,0.47583778132));
#826 = VECTOR('',#827,1.);
#827 = DIRECTION('',(-0.142742572604,1.584760906992E-17,-0.989759848633)
  );
#828 = ORIENTED_EDGE('',*,*,#829,.F.);
#829 = EDGE_CURVE('',#748,#822,#830,.T.);
#830 = LINE('',#831,#832);
#831 = CARTESIAN_POINT('',(-1.523665661432,-0.325,0.264432583147));
#832 = VECTOR('',#833,1.);
#833 = DIRECTION('',(1.110223024625E-16,1.,0.));
#834 = ORIENTED_EDGE('',*,*,#747,.F.);
#835 = PLANE('',#836);
#836 = AXIS2_PLACEMENT_3D('',#837,#838,#839);
#837 = CARTESIAN_POINT('',(-1.493176930361,-0.325,0.47583778132));
#838 = DIRECTION('',(-0.989759848633,1.098854172802E-16,0.142742572604)
  );
#839 = DIRECTION('',(-0.142742572604,1.584760906992E-17,-0.989759848633)
  );
#840 = ADVANCED_FACE('',(#841),#903,.T.);
#841 = FACE_BOUND('',#842,.T.);
#842 = EDGE_LOOP('',(#843,#844,#845,#846,#855,#863,#871,#879,#888,#896)
  );
#843 = ORIENTED_EDGE('',*,*,#433,.F.);
#844 = ORIENTED_EDGE('',*,*,#401,.T.);
#845 = ORIENTED_EDGE('',*,*,#821,.T.);
#846 = ORIENTED_EDGE('',*,*,#847,.T.);
#847 = EDGE_CURVE('',#822,#848,#850,.T.);
#848 = VERTEX_POINT('',#849);
#849 = CARTESIAN_POINT('',(-1.838804142396,0.325,-5.551115123126E-17));
#850 = CIRCLE('',#851,0.32);
#851 = AXIS2_PLACEMENT_3D('',#852,#853,#854);
#852 = CARTESIAN_POINT('',(-1.838804142396,0.325,0.32));
#853 = DIRECTION('',(1.110223024625E-16,1.,0.));
#854 = DIRECTION('',(0.984807753012,-1.093356242223E-16,-0.173648177667)
  );
#855 = ORIENTED_EDGE('',*,*,#856,.T.);
#856 = EDGE_CURVE('',#848,#857,#859,.T.);
#857 = VERTEX_POINT('',#858);
#858 = CARTESIAN_POINT('',(-1.9,0.325,-5.551115123126E-17));
#859 = LINE('',#860,#861);
#860 = CARTESIAN_POINT('',(-1.838804142396,0.325,-5.551115123126E-17));
#861 = VECTOR('',#862,1.);
#862 = DIRECTION('',(-1.,1.110223024625E-16,0.));
#863 = ORIENTED_EDGE('',*,*,#864,.T.);
#864 = EDGE_CURVE('',#857,#865,#867,.T.);
#865 = VERTEX_POINT('',#866);
#866 = CARTESIAN_POINT('',(-1.9,0.325,0.2));
#867 = LINE('',#868,#869);
#868 = CARTESIAN_POINT('',(-1.9,0.325,-5.551115123126E-17));
#869 = VECTOR('',#870,1.);
#870 = DIRECTION('',(0.,0.,1.));
#871 = ORIENTED_EDGE('',*,*,#872,.T.);
#872 = EDGE_CURVE('',#865,#873,#875,.T.);
#873 = VERTEX_POINT('',#874);
#874 = CARTESIAN_POINT('',(-1.838804142396,0.325,0.2));
#875 = LINE('',#876,#877);
#876 = CARTESIAN_POINT('',(-1.9,0.325,0.2));
#877 = VECTOR('',#878,1.);
#878 = DIRECTION('',(1.,-1.110223024625E-16,0.));
#879 = ORIENTED_EDGE('',*,*,#880,.T.);
#880 = EDGE_CURVE('',#873,#881,#883,.T.);
#881 = VERTEX_POINT('',#882);
#882 = CARTESIAN_POINT('',(-1.720627212034,0.325,0.29916221868));
#883 = CIRCLE('',#884,0.12);
#884 = AXIS2_PLACEMENT_3D('',#885,#886,#887);
#885 = CARTESIAN_POINT('',(-1.838804142396,0.325,0.32));
#886 = DIRECTION('',(-1.110223024625E-16,-1.,0.));
#887 = DIRECTION('',(1.850371707709E-15,-2.054325274013E-31,-1.));
#888 = ORIENTED_EDGE('',*,*,#889,.T.);
#889 = EDGE_CURVE('',#881,#890,#892,.T.);
#890 = VERTEX_POINT('',#891);
#891 = CARTESIAN_POINT('',(-1.690138480964,0.325,0.510567416853));
#892 = LINE('',#893,#894);
#893 = CARTESIAN_POINT('',(-1.720627212034,0.325,0.29916221868));
#894 = VECTOR('',#895,1.);
#895 = DIRECTION('',(0.142742572604,-1.584760906992E-17,0.989759848633)
  );
#896 = ORIENTED_EDGE('',*,*,#897,.T.);
#897 = EDGE_CURVE('',#890,#434,#898,.T.);
#898 = CIRCLE('',#899,0.32);
#899 = AXIS2_PLACEMENT_3D('',#900,#901,#902);
#900 = CARTESIAN_POINT('',(-1.375,0.325,0.455));
#901 = DIRECTION('',(1.110223024625E-16,1.,0.));
#902 = DIRECTION('',(-0.984807753012,1.093356242223E-16,0.173648177667)
  );
#903 = PLANE('',#904);
#904 = AXIS2_PLACEMENT_3D('',#905,#906,#907);
#905 = CARTESIAN_POINT('',(-1.610729118287,0.325,0.384660577966));
#906 = DIRECTION('',(1.110223024625E-16,1.,0.));
#907 = DIRECTION('',(0.,-0.,1.));
#908 = ADVANCED_FACE('',(#909),#991,.F.);
#909 = FACE_BOUND('',#910,.F.);
#910 = EDGE_LOOP('',(#911,#919,#920,#921,#929,#937,#945,#953,#961,#969,
    #977,#985));
#911 = ORIENTED_EDGE('',*,*,#912,.F.);
#912 = EDGE_CURVE('',#434,#913,#915,.T.);
#913 = VERTEX_POINT('',#914);
#914 = CARTESIAN_POINT('',(-1.35,0.325,0.775));
#915 = LINE('',#916,#917);
#916 = CARTESIAN_POINT('',(-1.375,0.325,0.775));
#917 = VECTOR('',#918,1.);
#918 = DIRECTION('',(1.,-1.110223024625E-16,0.));
#919 = ORIENTED_EDGE('',*,*,#449,.T.);
#920 = ORIENTED_EDGE('',*,*,#619,.T.);
#921 = ORIENTED_EDGE('',*,*,#922,.T.);
#922 = EDGE_CURVE('',#613,#923,#925,.T.);
#923 = VERTEX_POINT('',#924);
#924 = CARTESIAN_POINT('',(1.28,0.8,0.775));
#925 = LINE('',#926,#927);
#926 = CARTESIAN_POINT('',(-1.28,0.8,0.775));
#927 = VECTOR('',#928,1.);
#928 = DIRECTION('',(1.,0.,0.));
#929 = ORIENTED_EDGE('',*,*,#930,.T.);
#930 = EDGE_CURVE('',#923,#931,#933,.T.);
#931 = VERTEX_POINT('',#932);
#932 = CARTESIAN_POINT('',(1.375,0.705,0.775));
#933 = LINE('',#934,#935);
#934 = CARTESIAN_POINT('',(1.28,0.8,0.775));
#935 = VECTOR('',#936,1.);
#936 = DIRECTION('',(0.707106781187,-0.707106781187,0.));
#937 = ORIENTED_EDGE('',*,*,#938,.T.);
#938 = EDGE_CURVE('',#931,#939,#941,.T.);
#939 = VERTEX_POINT('',#940);
#940 = CARTESIAN_POINT('',(1.375,0.325,0.775));
#941 = LINE('',#942,#943);
#942 = CARTESIAN_POINT('',(1.375,0.705,0.775));
#943 = VECTOR('',#944,1.);
#944 = DIRECTION('',(0.,-1.,0.));
#945 = ORIENTED_EDGE('',*,*,#946,.T.);
#946 = EDGE_CURVE('',#939,#947,#949,.T.);
#947 = VERTEX_POINT('',#948);
#948 = CARTESIAN_POINT('',(1.35,0.325,0.775));
#949 = LINE('',#950,#951);
#950 = CARTESIAN_POINT('',(1.375,0.325,0.775));
#951 = VECTOR('',#952,1.);
#952 = DIRECTION('',(-1.,2.22044604925E-16,0.));
#953 = ORIENTED_EDGE('',*,*,#954,.F.);
#954 = EDGE_CURVE('',#955,#947,#957,.T.);
#955 = VERTEX_POINT('',#956);
#956 = CARTESIAN_POINT('',(1.35,0.6925,0.775));
#957 = LINE('',#958,#959);
#958 = CARTESIAN_POINT('',(1.35,0.6925,0.775));
#959 = VECTOR('',#960,1.);
#960 = DIRECTION('',(0.,-1.,0.));
#961 = ORIENTED_EDGE('',*,*,#962,.F.);
#962 = EDGE_CURVE('',#963,#955,#965,.T.);
#963 = VERTEX_POINT('',#964);
#964 = CARTESIAN_POINT('',(1.2675,0.775,0.775));
#965 = LINE('',#966,#967);
#966 = CARTESIAN_POINT('',(1.2675,0.775,0.775));
#967 = VECTOR('',#968,1.);
#968 = DIRECTION('',(0.707106781187,-0.707106781187,0.));
#969 = ORIENTED_EDGE('',*,*,#970,.F.);
#970 = EDGE_CURVE('',#971,#963,#973,.T.);
#971 = VERTEX_POINT('',#972);
#972 = CARTESIAN_POINT('',(-1.2675,0.775,0.775));
#973 = LINE('',#974,#975);
#974 = CARTESIAN_POINT('',(-1.2675,0.775,0.775));
#975 = VECTOR('',#976,1.);
#976 = DIRECTION('',(1.,0.,0.));
#977 = ORIENTED_EDGE('',*,*,#978,.F.);
#978 = EDGE_CURVE('',#979,#971,#981,.T.);
#979 = VERTEX_POINT('',#980);
#980 = CARTESIAN_POINT('',(-1.35,0.6925,0.775));
#981 = LINE('',#982,#983);
#982 = CARTESIAN_POINT('',(-1.35,0.6925,0.775));
#983 = VECTOR('',#984,1.);
#984 = DIRECTION('',(0.707106781187,0.707106781187,0.));
#985 = ORIENTED_EDGE('',*,*,#986,.F.);
#986 = EDGE_CURVE('',#913,#979,#987,.T.);
#987 = LINE('',#988,#989);
#988 = CARTESIAN_POINT('',(-1.35,-0.6925,0.775));
#989 = VECTOR('',#990,1.);
#990 = DIRECTION('',(0.,1.,0.));
#991 = PLANE('',#992);
#992 = AXIS2_PLACEMENT_3D('',#993,#994,#995);
#993 = CARTESIAN_POINT('',(-1.3625,-4.954714324773E-17,0.775));
#994 = DIRECTION('',(-7.340317518656E-17,9.85275154485E-18,-1.));
#995 = DIRECTION('',(7.342878714278E-20,1.,9.85275154485E-18));
#996 = ADVANCED_FACE('',(#997),#1007,.F.);
#997 = FACE_BOUND('',#998,.F.);
#998 = EDGE_LOOP('',(#999,#1000,#1001,#1002));
#999 = ORIENTED_EDGE('',*,*,#488,.T.);
#1000 = ORIENTED_EDGE('',*,*,#644,.T.);
#1001 = ORIENTED_EDGE('',*,*,#731,.F.);
#1002 = ORIENTED_EDGE('',*,*,#1003,.F.);
#1003 = EDGE_CURVE('',#489,#724,#1004,.T.);
#1004 = B_SPLINE_CURVE_WITH_KNOTS('',1,(#1005,#1006),.UNSPECIFIED.,.F.,
  .F.,(2,2),(0.,1.),.PIECEWISE_BEZIER_KNOTS.);
#1005 = CARTESIAN_POINT('',(1.28,-0.8,0.575));
#1006 = CARTESIAN_POINT('',(1.28,-0.8,0.775));
#1007 = PLANE('',#1008);
#1008 = AXIS2_PLACEMENT_3D('',#1009,#1010,#1011);
#1009 = CARTESIAN_POINT('',(1.28,-0.8,0.775));
#1010 = DIRECTION('',(0.,1.,0.));
#1011 = DIRECTION('',(-1.,0.,0.));
#1012 = ADVANCED_FACE('',(#1013),#1023,.F.);
#1013 = FACE_BOUND('',#1014,.F.);
#1014 = EDGE_LOOP('',(#1015,#1016,#1021,#1022));
#1015 = ORIENTED_EDGE('',*,*,#517,.T.);
#1016 = ORIENTED_EDGE('',*,*,#1017,.T.);
#1017 = EDGE_CURVE('',#511,#923,#1018,.T.);
#1018 = B_SPLINE_CURVE_WITH_KNOTS('',1,(#1019,#1020),.UNSPECIFIED.,.F.,
  .F.,(2,2),(0.,1.),.PIECEWISE_BEZIER_KNOTS.);
#1019 = CARTESIAN_POINT('',(1.28,0.8,0.575));
#1020 = CARTESIAN_POINT('',(1.28,0.8,0.775));
#1021 = ORIENTED_EDGE('',*,*,#922,.F.);
#1022 = ORIENTED_EDGE('',*,*,#612,.F.);
#1023 = PLANE('',#1024);
#1024 = AXIS2_PLACEMENT_3D('',#1025,#1026,#1027);
#1025 = CARTESIAN_POINT('',(-1.28,0.8,0.775));
#1026 = DIRECTION('',(0.,-1.,0.));
#1027 = DIRECTION('',(1.,0.,0.));
#1028 = ADVANCED_FACE('',(#1029),#1039,.F.);
#1029 = FACE_BOUND('',#1030,.F.);
#1030 = EDGE_LOOP('',(#1031,#1032,#1033,#1034));
#1031 = ORIENTED_EDGE('',*,*,#534,.T.);
#1032 = ORIENTED_EDGE('',*,*,#1003,.T.);
#1033 = ORIENTED_EDGE('',*,*,#723,.F.);
#1034 = ORIENTED_EDGE('',*,*,#1035,.F.);
#1035 = EDGE_CURVE('',#535,#716,#1036,.T.);
#1036 = B_SPLINE_CURVE_WITH_KNOTS('',1,(#1037,#1038),.UNSPECIFIED.,.F.,
  .F.,(2,2),(0.,1.),.PIECEWISE_BEZIER_KNOTS.);
#1037 = CARTESIAN_POINT('',(1.375,-0.705,0.575));
#1038 = CARTESIAN_POINT('',(1.375,-0.705,0.775));
#1039 = PLANE('',#1040);
#1040 = AXIS2_PLACEMENT_3D('',#1041,#1042,#1043);
#1041 = CARTESIAN_POINT('',(1.375,-0.705,0.775));
#1042 = DIRECTION('',(-0.707106781187,0.707106781187,0.));
#1043 = DIRECTION('',(-0.707106781187,-0.707106781187,0.));
#1044 = ADVANCED_FACE('',(#1045),#1055,.F.);
#1045 = FACE_BOUND('',#1046,.F.);
#1046 = EDGE_LOOP('',(#1047,#1048,#1053,#1054));
#1047 = ORIENTED_EDGE('',*,*,#563,.T.);
#1048 = ORIENTED_EDGE('',*,*,#1049,.T.);
#1049 = EDGE_CURVE('',#557,#931,#1050,.T.);
#1050 = B_SPLINE_CURVE_WITH_KNOTS('',1,(#1051,#1052),.UNSPECIFIED.,.F.,
  .F.,(2,2),(0.,1.),.PIECEWISE_BEZIER_KNOTS.);
#1051 = CARTESIAN_POINT('',(1.375,0.705,0.575));
#1052 = CARTESIAN_POINT('',(1.375,0.705,0.775));
#1053 = ORIENTED_EDGE('',*,*,#930,.F.);
#1054 = ORIENTED_EDGE('',*,*,#1017,.F.);
#1055 = PLANE('',#1056);
#1056 = AXIS2_PLACEMENT_3D('',#1057,#1058,#1059);
#1057 = CARTESIAN_POINT('',(1.28,0.8,0.775));
#1058 = DIRECTION('',(-0.707106781187,-0.707106781187,0.));
#1059 = DIRECTION('',(0.707106781187,-0.707106781187,0.));
#1060 = ADVANCED_FACE('',(#1061),#1072,.F.);
#1061 = FACE_BOUND('',#1062,.F.);
#1062 = EDGE_LOOP('',(#1063,#1064,#1065,#1071));
#1063 = ORIENTED_EDGE('',*,*,#1049,.F.);
#1064 = ORIENTED_EDGE('',*,*,#596,.T.);
#1065 = ORIENTED_EDGE('',*,*,#1066,.T.);
#1066 = EDGE_CURVE('',#589,#939,#1067,.T.);
#1067 = LINE('',#1068,#1069);
#1068 = CARTESIAN_POINT('',(1.375,0.325,0.579830288983));
#1069 = VECTOR('',#1070,1.);
#1070 = DIRECTION('',(0.,0.,1.));
#1071 = ORIENTED_EDGE('',*,*,#938,.F.);
#1072 = PLANE('',#1073);
#1073 = AXIS2_PLACEMENT_3D('',#1074,#1075,#1076);
#1074 = CARTESIAN_POINT('',(1.375,0.705,0.775));
#1075 = DIRECTION('',(-1.,0.,0.));
#1076 = DIRECTION('',(0.,-1.,0.));
#1077 = ADVANCED_FACE('',(#1078),#1105,.F.);
#1078 = FACE_BOUND('',#1079,.F.);
#1079 = EDGE_LOOP('',(#1080,#1081,#1090,#1098));
#1080 = ORIENTED_EDGE('',*,*,#588,.T.);
#1081 = ORIENTED_EDGE('',*,*,#1082,.T.);
#1082 = EDGE_CURVE('',#581,#1083,#1085,.T.);
#1083 = VERTEX_POINT('',#1084);
#1084 = CARTESIAN_POINT('',(1.493176930361,-0.325,0.47583778132));
#1085 = CIRCLE('',#1086,0.12);
#1086 = AXIS2_PLACEMENT_3D('',#1087,#1088,#1089);
#1087 = CARTESIAN_POINT('',(1.375,-0.325,0.455));
#1088 = DIRECTION('',(2.22044604925E-16,1.,0.));
#1089 = DIRECTION('',(-9.251858538543E-16,2.054325274013E-31,1.));
#1090 = ORIENTED_EDGE('',*,*,#1091,.F.);
#1091 = EDGE_CURVE('',#1092,#1083,#1094,.T.);
#1092 = VERTEX_POINT('',#1093);
#1093 = CARTESIAN_POINT('',(1.493176930361,0.325,0.47583778132));
#1094 = LINE('',#1095,#1096);
#1095 = CARTESIAN_POINT('',(1.493176930361,0.325,0.47583778132));
#1096 = VECTOR('',#1097,1.);
#1097 = DIRECTION('',(-2.22044604925E-16,-1.,0.));
#1098 = ORIENTED_EDGE('',*,*,#1099,.F.);
#1099 = EDGE_CURVE('',#589,#1092,#1100,.T.);
#1100 = CIRCLE('',#1101,0.12);
#1101 = AXIS2_PLACEMENT_3D('',#1102,#1103,#1104);
#1102 = CARTESIAN_POINT('',(1.375,0.325,0.455));
#1103 = DIRECTION('',(2.22044604925E-16,1.,0.));
#1104 = DIRECTION('',(-9.251858538543E-16,2.054325274013E-31,1.));
#1105 = CYLINDRICAL_SURFACE('',#1106,0.12);
#1106 = AXIS2_PLACEMENT_3D('',#1107,#1108,#1109);
#1107 = CARTESIAN_POINT('',(1.375,0.325,0.455));
#1108 = DIRECTION('',(2.22044604925E-16,1.,0.));
#1109 = DIRECTION('',(-9.251858538543E-16,2.054325274013E-31,1.));
#1110 = ADVANCED_FACE('',(#1111),#1122,.F.);
#1111 = FACE_BOUND('',#1112,.F.);
#1112 = EDGE_LOOP('',(#1113,#1119,#1120,#1121));
#1113 = ORIENTED_EDGE('',*,*,#1114,.F.);
#1114 = EDGE_CURVE('',#581,#708,#1115,.T.);
#1115 = LINE('',#1116,#1117);
#1116 = CARTESIAN_POINT('',(1.375,-0.325,0.579830288983));
#1117 = VECTOR('',#1118,1.);
#1118 = DIRECTION('',(0.,0.,1.));
#1119 = ORIENTED_EDGE('',*,*,#580,.T.);
#1120 = ORIENTED_EDGE('',*,*,#1035,.T.);
#1121 = ORIENTED_EDGE('',*,*,#715,.F.);
#1122 = PLANE('',#1123);
#1123 = AXIS2_PLACEMENT_3D('',#1124,#1125,#1126);
#1124 = CARTESIAN_POINT('',(1.375,0.705,0.775));
#1125 = DIRECTION('',(-1.,0.,0.));
#1126 = DIRECTION('',(0.,-1.,0.));
#1127 = ADVANCED_FACE('',(#1128),#1144,.F.);
#1128 = FACE_BOUND('',#1129,.F.);
#1129 = EDGE_LOOP('',(#1130,#1131,#1137,#1138));
#1130 = ORIENTED_EDGE('',*,*,#946,.F.);
#1131 = ORIENTED_EDGE('',*,*,#1132,.T.);
#1132 = EDGE_CURVE('',#939,#708,#1133,.T.);
#1133 = LINE('',#1134,#1135);
#1134 = CARTESIAN_POINT('',(1.375,0.325,0.775));
#1135 = VECTOR('',#1136,1.);
#1136 = DIRECTION('',(-2.22044604925E-16,-1.,0.));
#1137 = ORIENTED_EDGE('',*,*,#707,.T.);
#1138 = ORIENTED_EDGE('',*,*,#1139,.F.);
#1139 = EDGE_CURVE('',#947,#700,#1140,.T.);
#1140 = LINE('',#1141,#1142);
#1141 = CARTESIAN_POINT('',(1.35,0.6925,0.775));
#1142 = VECTOR('',#1143,1.);
#1143 = DIRECTION('',(0.,-1.,0.));
#1144 = PLANE('',#1145);
#1145 = AXIS2_PLACEMENT_3D('',#1146,#1147,#1148);
#1146 = CARTESIAN_POINT('',(1.375,0.325,0.775));
#1147 = DIRECTION('',(0.,0.,-1.));
#1148 = DIRECTION('',(-1.,2.22044604925E-16,0.));
#1149 = ADVANCED_FACE('',(#1150),#1175,.F.);
#1150 = FACE_BOUND('',#1151,.F.);
#1151 = EDGE_LOOP('',(#1152,#1153,#1154,#1155,#1162,#1170));
#1152 = ORIENTED_EDGE('',*,*,#954,.T.);
#1153 = ORIENTED_EDGE('',*,*,#1139,.T.);
#1154 = ORIENTED_EDGE('',*,*,#699,.T.);
#1155 = ORIENTED_EDGE('',*,*,#1156,.T.);
#1156 = EDGE_CURVE('',#692,#1157,#1159,.T.);
#1157 = VERTEX_POINT('',#1158);
#1158 = CARTESIAN_POINT('',(1.283243103516,-0.659121551758,1.25));
#1159 = B_SPLINE_CURVE_WITH_KNOTS('',1,(#1160,#1161),.UNSPECIFIED.,.F.,
  .F.,(2,2),(0.,1.),.PIECEWISE_BEZIER_KNOTS.);
#1160 = CARTESIAN_POINT('',(1.35,-0.6925,0.775));
#1161 = CARTESIAN_POINT('',(1.283243103516,-0.659121551758,1.25));
#1162 = ORIENTED_EDGE('',*,*,#1163,.F.);
#1163 = EDGE_CURVE('',#1164,#1157,#1166,.T.);
#1164 = VERTEX_POINT('',#1165);
#1165 = CARTESIAN_POINT('',(1.283243103516,0.659121551758,1.25));
#1166 = LINE('',#1167,#1168);
#1167 = CARTESIAN_POINT('',(1.283243103516,0.659121551758,1.25));
#1168 = VECTOR('',#1169,1.);
#1169 = DIRECTION('',(0.,-1.,0.));
#1170 = ORIENTED_EDGE('',*,*,#1171,.F.);
#1171 = EDGE_CURVE('',#955,#1164,#1172,.T.);
#1172 = B_SPLINE_CURVE_WITH_KNOTS('',1,(#1173,#1174),.UNSPECIFIED.,.F.,
  .F.,(2,2),(0.,1.),.PIECEWISE_BEZIER_KNOTS.);
#1173 = CARTESIAN_POINT('',(1.35,0.6925,0.775));
#1174 = CARTESIAN_POINT('',(1.283243103516,0.659121551758,1.25));
#1175 = B_SPLINE_SURFACE_WITH_KNOTS('',1,1,(
    (#1176,#1177)
    ,(#1178,#1179
    )),.UNSPECIFIED.,.F.,.F.,.F.,(2,2),(2,2),(0.,1.385),(0.,1.),
  .PIECEWISE_BEZIER_KNOTS.);
#1176 = CARTESIAN_POINT('',(1.35,0.6925,0.775));
#1177 = CARTESIAN_POINT('',(1.283243103516,0.659121551758,1.25));
#1178 = CARTESIAN_POINT('',(1.35,-0.6925,0.775));
#1179 = CARTESIAN_POINT('',(1.283243103516,-0.659121551758,1.25));
#1180 = ADVANCED_FACE('',(#1181),#1198,.F.);
#1181 = FACE_BOUND('',#1182,.F.);
#1182 = EDGE_LOOP('',(#1183,#1184,#1191,#1197));
#1183 = ORIENTED_EDGE('',*,*,#691,.T.);
#1184 = ORIENTED_EDGE('',*,*,#1185,.T.);
#1185 = EDGE_CURVE('',#684,#1186,#1188,.T.);
#1186 = VERTEX_POINT('',#1187);
#1187 = CARTESIAN_POINT('',(1.234121551758,-0.708243103516,1.25));
#1188 = B_SPLINE_CURVE_WITH_KNOTS('',1,(#1189,#1190),.UNSPECIFIED.,.F.,
  .F.,(2,2),(0.,1.),.PIECEWISE_BEZIER_KNOTS.);
#1189 = CARTESIAN_POINT('',(1.2675,-0.775,0.775));
#1190 = CARTESIAN_POINT('',(1.234121551758,-0.708243103516,1.25));
#1191 = ORIENTED_EDGE('',*,*,#1192,.F.);
#1192 = EDGE_CURVE('',#1157,#1186,#1193,.T.);
#1193 = LINE('',#1194,#1195);
#1194 = CARTESIAN_POINT('',(1.283243103516,-0.659121551758,1.25));
#1195 = VECTOR('',#1196,1.);
#1196 = DIRECTION('',(-0.707106781187,-0.707106781187,0.));
#1197 = ORIENTED_EDGE('',*,*,#1156,.F.);
#1198 = B_SPLINE_SURFACE_WITH_KNOTS('',1,1,(
    (#1199,#1200)
    ,(#1201,#1202
    )),.UNSPECIFIED.,.F.,.F.,.F.,(2,2),(2,2),(0.,0.116672618896),(0.,1.)
  ,.PIECEWISE_BEZIER_KNOTS.);
#1199 = CARTESIAN_POINT('',(1.35,-0.6925,0.775));
#1200 = CARTESIAN_POINT('',(1.283243103516,-0.659121551758,1.25));
#1201 = CARTESIAN_POINT('',(1.2675,-0.775,0.775));
#1202 = CARTESIAN_POINT('',(1.234121551758,-0.708243103516,1.25));
#1203 = ADVANCED_FACE('',(#1204),#1221,.F.);
#1204 = FACE_BOUND('',#1205,.F.);
#1205 = EDGE_LOOP('',(#1206,#1207,#1214,#1220));
#1206 = ORIENTED_EDGE('',*,*,#683,.T.);
#1207 = ORIENTED_EDGE('',*,*,#1208,.T.);
#1208 = EDGE_CURVE('',#676,#1209,#1211,.T.);
#1209 = VERTEX_POINT('',#1210);
#1210 = CARTESIAN_POINT('',(-1.234121551758,-0.708243103516,1.25));
#1211 = B_SPLINE_CURVE_WITH_KNOTS('',1,(#1212,#1213),.UNSPECIFIED.,.F.,
  .F.,(2,2),(0.,1.),.PIECEWISE_BEZIER_KNOTS.);
#1212 = CARTESIAN_POINT('',(-1.2675,-0.775,0.775));
#1213 = CARTESIAN_POINT('',(-1.234121551758,-0.708243103516,1.25));
#1214 = ORIENTED_EDGE('',*,*,#1215,.F.);
#1215 = EDGE_CURVE('',#1186,#1209,#1216,.T.);
#1216 = LINE('',#1217,#1218);
#1217 = CARTESIAN_POINT('',(1.234121551758,-0.708243103516,1.25));
#1218 = VECTOR('',#1219,1.);
#1219 = DIRECTION('',(-1.,0.,0.));
#1220 = ORIENTED_EDGE('',*,*,#1185,.F.);
#1221 = B_SPLINE_SURFACE_WITH_KNOTS('',1,1,(
    (#1222,#1223)
    ,(#1224,#1225
    )),.UNSPECIFIED.,.F.,.F.,.F.,(2,2),(2,2),(0.,2.535),(0.,1.),
  .PIECEWISE_BEZIER_KNOTS.);
#1222 = CARTESIAN_POINT('',(1.2675,-0.775,0.775));
#1223 = CARTESIAN_POINT('',(1.234121551758,-0.708243103516,1.25));
#1224 = CARTESIAN_POINT('',(-1.2675,-0.775,0.775));
#1225 = CARTESIAN_POINT('',(-1.234121551758,-0.708243103516,1.25));
#1226 = ADVANCED_FACE('',(#1227),#1244,.F.);
#1227 = FACE_BOUND('',#1228,.F.);
#1228 = EDGE_LOOP('',(#1229,#1230,#1237,#1243));
#1229 = ORIENTED_EDGE('',*,*,#675,.T.);
#1230 = ORIENTED_EDGE('',*,*,#1231,.T.);
#1231 = EDGE_CURVE('',#668,#1232,#1234,.T.);
#1232 = VERTEX_POINT('',#1233);
#1233 = CARTESIAN_POINT('',(-1.283243103516,-0.659121551758,1.25));
#1234 = B_SPLINE_CURVE_WITH_KNOTS('',1,(#1235,#1236),.UNSPECIFIED.,.F.,
  .F.,(2,2),(0.,1.),.PIECEWISE_BEZIER_KNOTS.);
#1235 = CARTESIAN_POINT('',(-1.35,-0.6925,0.775));
#1236 = CARTESIAN_POINT('',(-1.283243103516,-0.659121551758,1.25));
#1237 = ORIENTED_EDGE('',*,*,#1238,.F.);
#1238 = EDGE_CURVE('',#1209,#1232,#1239,.T.);
#1239 = LINE('',#1240,#1241);
#1240 = CARTESIAN_POINT('',(-1.234121551758,-0.708243103516,1.25));
#1241 = VECTOR('',#1242,1.);
#1242 = DIRECTION('',(-0.707106781187,0.707106781187,0.));
#1243 = ORIENTED_EDGE('',*,*,#1208,.F.);
#1244 = B_SPLINE_SURFACE_WITH_KNOTS('',1,1,(
    (#1245,#1246)
    ,(#1247,#1248
    )),.UNSPECIFIED.,.F.,.F.,.F.,(2,2),(2,2),(0.,0.116672618896),(0.,1.)
  ,.PIECEWISE_BEZIER_KNOTS.);
#1245 = CARTESIAN_POINT('',(-1.2675,-0.775,0.775));
#1246 = CARTESIAN_POINT('',(-1.234121551758,-0.708243103516,1.25));
#1247 = CARTESIAN_POINT('',(-1.35,-0.6925,0.775));
#1248 = CARTESIAN_POINT('',(-1.283243103516,-0.659121551758,1.25));
#1249 = ADVANCED_FACE('',(#1250),#1274,.F.);
#1250 = FACE_BOUND('',#1251,.F.);
#1251 = EDGE_LOOP('',(#1252,#1253,#1259,#1260,#1267,#1273));
#1252 = ORIENTED_EDGE('',*,*,#667,.T.);
#1253 = ORIENTED_EDGE('',*,*,#1254,.T.);
#1254 = EDGE_CURVE('',#660,#913,#1255,.T.);
#1255 = LINE('',#1256,#1257);
#1256 = CARTESIAN_POINT('',(-1.35,-0.6925,0.775));
#1257 = VECTOR('',#1258,1.);
#1258 = DIRECTION('',(0.,1.,0.));
#1259 = ORIENTED_EDGE('',*,*,#986,.T.);
#1260 = ORIENTED_EDGE('',*,*,#1261,.T.);
#1261 = EDGE_CURVE('',#979,#1262,#1264,.T.);
#1262 = VERTEX_POINT('',#1263);
#1263 = CARTESIAN_POINT('',(-1.283243103516,0.659121551758,1.25));
#1264 = B_SPLINE_CURVE_WITH_KNOTS('',1,(#1265,#1266),.UNSPECIFIED.,.F.,
  .F.,(2,2),(0.,1.),.PIECEWISE_BEZIER_KNOTS.);
#1265 = CARTESIAN_POINT('',(-1.35,0.6925,0.775));
#1266 = CARTESIAN_POINT('',(-1.283243103516,0.659121551758,1.25));
#1267 = ORIENTED_EDGE('',*,*,#1268,.F.);
#1268 = EDGE_CURVE('',#1232,#1262,#1269,.T.);
#1269 = LINE('',#1270,#1271);
#1270 = CARTESIAN_POINT('',(-1.283243103516,-0.659121551758,1.25));
#1271 = VECTOR('',#1272,1.);
#1272 = DIRECTION('',(0.,1.,0.));
#1273 = ORIENTED_EDGE('',*,*,#1231,.F.);
#1274 = B_SPLINE_SURFACE_WITH_KNOTS('',1,1,(
    (#1275,#1276)
    ,(#1277,#1278
    )),.UNSPECIFIED.,.F.,.F.,.F.,(2,2),(2,2),(0.,1.385),(0.,1.),
  .PIECEWISE_BEZIER_KNOTS.);
#1275 = CARTESIAN_POINT('',(-1.35,-0.6925,0.775));
#1276 = CARTESIAN_POINT('',(-1.283243103516,-0.659121551758,1.25));
#1277 = CARTESIAN_POINT('',(-1.35,0.6925,0.775));
#1278 = CARTESIAN_POINT('',(-1.283243103516,0.659121551758,1.25));
#1279 = ADVANCED_FACE('',(#1280),#1291,.F.);
#1280 = FACE_BOUND('',#1281,.F.);
#1281 = EDGE_LOOP('',(#1282,#1283,#1289,#1290));
#1282 = ORIENTED_EDGE('',*,*,#659,.F.);
#1283 = ORIENTED_EDGE('',*,*,#1284,.T.);
#1284 = EDGE_CURVE('',#379,#434,#1285,.T.);
#1285 = LINE('',#1286,#1287);
#1286 = CARTESIAN_POINT('',(-1.375,-0.325,0.775));
#1287 = VECTOR('',#1288,1.);
#1288 = DIRECTION('',(1.110223024625E-16,1.,0.));
#1289 = ORIENTED_EDGE('',*,*,#912,.T.);
#1290 = ORIENTED_EDGE('',*,*,#1254,.F.);
#1291 = PLANE('',#1292);
#1292 = AXIS2_PLACEMENT_3D('',#1293,#1294,#1295);
#1293 = CARTESIAN_POINT('',(-1.375,-0.325,0.775));
#1294 = DIRECTION('',(0.,0.,-1.));
#1295 = DIRECTION('',(1.,-1.110223024625E-16,0.));
#1296 = ADVANCED_FACE('',(#1297),#1308,.T.);
#1297 = FACE_BOUND('',#1298,.T.);
#1298 = EDGE_LOOP('',(#1299,#1300,#1301,#1302));
#1299 = ORIENTED_EDGE('',*,*,#805,.T.);
#1300 = ORIENTED_EDGE('',*,*,#1284,.T.);
#1301 = ORIENTED_EDGE('',*,*,#897,.F.);
#1302 = ORIENTED_EDGE('',*,*,#1303,.F.);
#1303 = EDGE_CURVE('',#798,#890,#1304,.T.);
#1304 = LINE('',#1305,#1306);
#1305 = CARTESIAN_POINT('',(-1.690138480964,-0.325,0.510567416853));
#1306 = VECTOR('',#1307,1.);
#1307 = DIRECTION('',(1.110223024625E-16,1.,0.));
#1308 = CYLINDRICAL_SURFACE('',#1309,0.32);
#1309 = AXIS2_PLACEMENT_3D('',#1310,#1311,#1312);
#1310 = CARTESIAN_POINT('',(-1.375,-0.325,0.455));
#1311 = DIRECTION('',(-1.110223024625E-16,-1.,-0.));
#1312 = DIRECTION('',(-0.984807753012,1.093356242223E-16,0.173648177667)
  );
#1313 = ADVANCED_FACE('',(#1314),#1325,.F.);
#1314 = FACE_BOUND('',#1315,.F.);
#1315 = EDGE_LOOP('',(#1316,#1322,#1323,#1324));
#1316 = ORIENTED_EDGE('',*,*,#1317,.T.);
#1317 = EDGE_CURVE('',#789,#881,#1318,.T.);
#1318 = LINE('',#1319,#1320);
#1319 = CARTESIAN_POINT('',(-1.720627212034,-0.325,0.29916221868));
#1320 = VECTOR('',#1321,1.);
#1321 = DIRECTION('',(1.110223024625E-16,1.,0.));
#1322 = ORIENTED_EDGE('',*,*,#889,.T.);
#1323 = ORIENTED_EDGE('',*,*,#1303,.F.);
#1324 = ORIENTED_EDGE('',*,*,#797,.F.);
#1325 = PLANE('',#1326);
#1326 = AXIS2_PLACEMENT_3D('',#1327,#1328,#1329);
#1327 = CARTESIAN_POINT('',(-1.720627212034,-0.325,0.29916221868));
#1328 = DIRECTION('',(0.989759848633,-1.098854172802E-16,-0.142742572604
    ));
#1329 = DIRECTION('',(0.142742572604,-1.584760906992E-17,0.989759848633)
  );
#1330 = ADVANCED_FACE('',(#1331),#1342,.F.);
#1331 = FACE_BOUND('',#1332,.F.);
#1332 = EDGE_LOOP('',(#1333,#1339,#1340,#1341));
#1333 = ORIENTED_EDGE('',*,*,#1334,.T.);
#1334 = EDGE_CURVE('',#781,#873,#1335,.T.);
#1335 = LINE('',#1336,#1337);
#1336 = CARTESIAN_POINT('',(-1.838804142396,-0.325,0.2));
#1337 = VECTOR('',#1338,1.);
#1338 = DIRECTION('',(1.110223024625E-16,1.,0.));
#1339 = ORIENTED_EDGE('',*,*,#880,.T.);
#1340 = ORIENTED_EDGE('',*,*,#1317,.F.);
#1341 = ORIENTED_EDGE('',*,*,#788,.F.);
#1342 = CYLINDRICAL_SURFACE('',#1343,0.12);
#1343 = AXIS2_PLACEMENT_3D('',#1344,#1345,#1346);
#1344 = CARTESIAN_POINT('',(-1.838804142396,-0.325,0.32));
#1345 = DIRECTION('',(-1.110223024625E-16,-1.,0.));
#1346 = DIRECTION('',(1.850371707709E-15,-2.054325274013E-31,-1.));
#1347 = ADVANCED_FACE('',(#1348),#1359,.F.);
#1348 = FACE_BOUND('',#1349,.F.);
#1349 = EDGE_LOOP('',(#1350,#1356,#1357,#1358));
#1350 = ORIENTED_EDGE('',*,*,#1351,.T.);
#1351 = EDGE_CURVE('',#773,#865,#1352,.T.);
#1352 = LINE('',#1353,#1354);
#1353 = CARTESIAN_POINT('',(-1.9,-0.325,0.2));
#1354 = VECTOR('',#1355,1.);
#1355 = DIRECTION('',(1.110223024625E-16,1.,0.));
#1356 = ORIENTED_EDGE('',*,*,#872,.T.);
#1357 = ORIENTED_EDGE('',*,*,#1334,.F.);
#1358 = ORIENTED_EDGE('',*,*,#780,.F.);
#1359 = PLANE('',#1360);
#1360 = AXIS2_PLACEMENT_3D('',#1361,#1362,#1363);
#1361 = CARTESIAN_POINT('',(-1.9,-0.325,0.2));
#1362 = DIRECTION('',(0.,0.,-1.));
#1363 = DIRECTION('',(1.,-1.110223024625E-16,0.));
#1364 = ADVANCED_FACE('',(#1365),#1376,.F.);
#1365 = FACE_BOUND('',#1366,.F.);
#1366 = EDGE_LOOP('',(#1367,#1373,#1374,#1375));
#1367 = ORIENTED_EDGE('',*,*,#1368,.T.);
#1368 = EDGE_CURVE('',#765,#857,#1369,.T.);
#1369 = LINE('',#1370,#1371);
#1370 = CARTESIAN_POINT('',(-1.9,-0.325,-5.551115123126E-17));
#1371 = VECTOR('',#1372,1.);
#1372 = DIRECTION('',(1.110223024625E-16,1.,0.));
#1373 = ORIENTED_EDGE('',*,*,#864,.T.);
#1374 = ORIENTED_EDGE('',*,*,#1351,.F.);
#1375 = ORIENTED_EDGE('',*,*,#772,.F.);
#1376 = PLANE('',#1377);
#1377 = AXIS2_PLACEMENT_3D('',#1378,#1379,#1380);
#1378 = CARTESIAN_POINT('',(-1.9,-0.325,-5.551115123126E-17));
#1379 = DIRECTION('',(1.,-1.110223024625E-16,0.));
#1380 = DIRECTION('',(0.,0.,1.));
#1381 = ADVANCED_FACE('',(#1382),#1393,.F.);
#1382 = FACE_BOUND('',#1383,.F.);
#1383 = EDGE_LOOP('',(#1384,#1390,#1391,#1392));
#1384 = ORIENTED_EDGE('',*,*,#1385,.T.);
#1385 = EDGE_CURVE('',#756,#848,#1386,.T.);
#1386 = LINE('',#1387,#1388);
#1387 = CARTESIAN_POINT('',(-1.838804142396,-0.325,-5.551115123126E-17)
  );
#1388 = VECTOR('',#1389,1.);
#1389 = DIRECTION('',(1.110223024625E-16,1.,0.));
#1390 = ORIENTED_EDGE('',*,*,#856,.T.);
#1391 = ORIENTED_EDGE('',*,*,#1368,.F.);
#1392 = ORIENTED_EDGE('',*,*,#764,.F.);
#1393 = PLANE('',#1394);
#1394 = AXIS2_PLACEMENT_3D('',#1395,#1396,#1397);
#1395 = CARTESIAN_POINT('',(-1.838804142396,-0.325,-5.551115123126E-17)
  );
#1396 = DIRECTION('',(0.,0.,1.));
#1397 = DIRECTION('',(-1.,1.110223024625E-16,0.));
#1398 = ADVANCED_FACE('',(#1399),#1405,.T.);
#1399 = FACE_BOUND('',#1400,.T.);
#1400 = EDGE_LOOP('',(#1401,#1402,#1403,#1404));
#1401 = ORIENTED_EDGE('',*,*,#755,.T.);
#1402 = ORIENTED_EDGE('',*,*,#1385,.T.);
#1403 = ORIENTED_EDGE('',*,*,#847,.F.);
#1404 = ORIENTED_EDGE('',*,*,#829,.F.);
#1405 = CYLINDRICAL_SURFACE('',#1406,0.32);
#1406 = AXIS2_PLACEMENT_3D('',#1407,#1408,#1409);
#1407 = CARTESIAN_POINT('',(-1.838804142396,-0.325,0.32));
#1408 = DIRECTION('',(-1.110223024625E-16,-1.,-0.));
#1409 = DIRECTION('',(0.984807753012,-1.093356242223E-16,-0.173648177667
    ));
#1410 = ADVANCED_FACE('',(#1411),#1428,.F.);
#1411 = FACE_BOUND('',#1412,.F.);
#1412 = EDGE_LOOP('',(#1413,#1414,#1421,#1427));
#1413 = ORIENTED_EDGE('',*,*,#978,.T.);
#1414 = ORIENTED_EDGE('',*,*,#1415,.T.);
#1415 = EDGE_CURVE('',#971,#1416,#1418,.T.);
#1416 = VERTEX_POINT('',#1417);
#1417 = CARTESIAN_POINT('',(-1.234121551758,0.708243103516,1.25));
#1418 = B_SPLINE_CURVE_WITH_KNOTS('',1,(#1419,#1420),.UNSPECIFIED.,.F.,
  .F.,(2,2),(0.,1.),.PIECEWISE_BEZIER_KNOTS.);
#1419 = CARTESIAN_POINT('',(-1.2675,0.775,0.775));
#1420 = CARTESIAN_POINT('',(-1.234121551758,0.708243103516,1.25));
#1421 = ORIENTED_EDGE('',*,*,#1422,.F.);
#1422 = EDGE_CURVE('',#1262,#1416,#1423,.T.);
#1423 = LINE('',#1424,#1425);
#1424 = CARTESIAN_POINT('',(-1.283243103516,0.659121551758,1.25));
#1425 = VECTOR('',#1426,1.);
#1426 = DIRECTION('',(0.707106781187,0.707106781187,0.));
#1427 = ORIENTED_EDGE('',*,*,#1261,.F.);
#1428 = B_SPLINE_SURFACE_WITH_KNOTS('',1,1,(
    (#1429,#1430)
    ,(#1431,#1432
    )),.UNSPECIFIED.,.F.,.F.,.F.,(2,2),(2,2),(0.,0.116672618896),(0.,1.)
  ,.PIECEWISE_BEZIER_KNOTS.);
#1429 = CARTESIAN_POINT('',(-1.35,0.6925,0.775));
#1430 = CARTESIAN_POINT('',(-1.283243103516,0.659121551758,1.25));
#1431 = CARTESIAN_POINT('',(-1.2675,0.775,0.775));
#1432 = CARTESIAN_POINT('',(-1.234121551758,0.708243103516,1.25));
#1433 = ADVANCED_FACE('',(#1434),#1451,.F.);
#1434 = FACE_BOUND('',#1435,.F.);
#1435 = EDGE_LOOP('',(#1436,#1437,#1444,#1450));
#1436 = ORIENTED_EDGE('',*,*,#970,.T.);
#1437 = ORIENTED_EDGE('',*,*,#1438,.T.);
#1438 = EDGE_CURVE('',#963,#1439,#1441,.T.);
#1439 = VERTEX_POINT('',#1440);
#1440 = CARTESIAN_POINT('',(1.234121551758,0.708243103516,1.25));
#1441 = B_SPLINE_CURVE_WITH_KNOTS('',1,(#1442,#1443),.UNSPECIFIED.,.F.,
  .F.,(2,2),(0.,1.),.PIECEWISE_BEZIER_KNOTS.);
#1442 = CARTESIAN_POINT('',(1.2675,0.775,0.775));
#1443 = CARTESIAN_POINT('',(1.234121551758,0.708243103516,1.25));
#1444 = ORIENTED_EDGE('',*,*,#1445,.F.);
#1445 = EDGE_CURVE('',#1416,#1439,#1446,.T.);
#1446 = LINE('',#1447,#1448);
#1447 = CARTESIAN_POINT('',(-1.234121551758,0.708243103516,1.25));
#1448 = VECTOR('',#1449,1.);
#1449 = DIRECTION('',(1.,0.,0.));
#1450 = ORIENTED_EDGE('',*,*,#1415,.F.);
#1451 = B_SPLINE_SURFACE_WITH_KNOTS('',1,1,(
    (#1452,#1453)
    ,(#1454,#1455
    )),.UNSPECIFIED.,.F.,.F.,.F.,(2,2),(2,2),(0.,2.535),(0.,1.),
  .PIECEWISE_BEZIER_KNOTS.);
#1452 = CARTESIAN_POINT('',(-1.2675,0.775,0.775));
#1453 = CARTESIAN_POINT('',(-1.234121551758,0.708243103516,1.25));
#1454 = CARTESIAN_POINT('',(1.2675,0.775,0.775));
#1455 = CARTESIAN_POINT('',(1.234121551758,0.708243103516,1.25));
#1456 = ADVANCED_FACE('',(#1457),#1468,.F.);
#1457 = FACE_BOUND('',#1458,.F.);
#1458 = EDGE_LOOP('',(#1459,#1460,#1461,#1467));
#1459 = ORIENTED_EDGE('',*,*,#962,.T.);
#1460 = ORIENTED_EDGE('',*,*,#1171,.T.);
#1461 = ORIENTED_EDGE('',*,*,#1462,.F.);
#1462 = EDGE_CURVE('',#1439,#1164,#1463,.T.);
#1463 = LINE('',#1464,#1465);
#1464 = CARTESIAN_POINT('',(1.234121551758,0.708243103516,1.25));
#1465 = VECTOR('',#1466,1.);
#1466 = DIRECTION('',(0.707106781187,-0.707106781187,0.));
#1467 = ORIENTED_EDGE('',*,*,#1438,.F.);
#1468 = B_SPLINE_SURFACE_WITH_KNOTS('',1,1,(
    (#1469,#1470)
    ,(#1471,#1472
    )),.UNSPECIFIED.,.F.,.F.,.F.,(2,2),(2,2),(0.,0.116672618896),(0.,1.)
  ,.PIECEWISE_BEZIER_KNOTS.);
#1469 = CARTESIAN_POINT('',(1.2675,0.775,0.775));
#1470 = CARTESIAN_POINT('',(1.234121551758,0.708243103516,1.25));
#1471 = CARTESIAN_POINT('',(1.35,0.6925,0.775));
#1472 = CARTESIAN_POINT('',(1.283243103516,0.659121551758,1.25));
#1473 = ADVANCED_FACE('',(#1474),#1543,.F.);
#1474 = FACE_BOUND('',#1475,.F.);
#1475 = EDGE_LOOP('',(#1476,#1477,#1478,#1486,#1495,#1503,#1511,#1519,
    #1528,#1536));
#1476 = ORIENTED_EDGE('',*,*,#1066,.F.);
#1477 = ORIENTED_EDGE('',*,*,#1099,.T.);
#1478 = ORIENTED_EDGE('',*,*,#1479,.T.);
#1479 = EDGE_CURVE('',#1092,#1480,#1482,.T.);
#1480 = VERTEX_POINT('',#1481);
#1481 = CARTESIAN_POINT('',(1.523665661432,0.325,0.264432583147));
#1482 = LINE('',#1483,#1484);
#1483 = CARTESIAN_POINT('',(1.493176930361,0.325,0.47583778132));
#1484 = VECTOR('',#1485,1.);
#1485 = DIRECTION('',(0.142742572604,-3.169521813984E-17,-0.989759848633
    ));
#1486 = ORIENTED_EDGE('',*,*,#1487,.T.);
#1487 = EDGE_CURVE('',#1480,#1488,#1490,.T.);
#1488 = VERTEX_POINT('',#1489);
#1489 = CARTESIAN_POINT('',(1.838804142396,0.325,-5.551115123126E-17));
#1490 = CIRCLE('',#1491,0.32);
#1491 = AXIS2_PLACEMENT_3D('',#1492,#1493,#1494);
#1492 = CARTESIAN_POINT('',(1.838804142396,0.325,0.32));
#1493 = DIRECTION('',(-2.22044604925E-16,-1.,0.));
#1494 = DIRECTION('',(-0.984807753012,2.186712484447E-16,-0.173648177667
    ));
#1495 = ORIENTED_EDGE('',*,*,#1496,.T.);
#1496 = EDGE_CURVE('',#1488,#1497,#1499,.T.);
#1497 = VERTEX_POINT('',#1498);
#1498 = CARTESIAN_POINT('',(1.9,0.325,-5.551115123126E-17));
#1499 = LINE('',#1500,#1501);
#1500 = CARTESIAN_POINT('',(1.838804142396,0.325,-5.551115123126E-17));
#1501 = VECTOR('',#1502,1.);
#1502 = DIRECTION('',(1.,-2.22044604925E-16,0.));
#1503 = ORIENTED_EDGE('',*,*,#1504,.T.);
#1504 = EDGE_CURVE('',#1497,#1505,#1507,.T.);
#1505 = VERTEX_POINT('',#1506);
#1506 = CARTESIAN_POINT('',(1.9,0.325,0.2));
#1507 = LINE('',#1508,#1509);
#1508 = CARTESIAN_POINT('',(1.9,0.325,-5.551115123126E-17));
#1509 = VECTOR('',#1510,1.);
#1510 = DIRECTION('',(0.,0.,1.));
#1511 = ORIENTED_EDGE('',*,*,#1512,.T.);
#1512 = EDGE_CURVE('',#1505,#1513,#1515,.T.);
#1513 = VERTEX_POINT('',#1514);
#1514 = CARTESIAN_POINT('',(1.838804142396,0.325,0.2));
#1515 = LINE('',#1516,#1517);
#1516 = CARTESIAN_POINT('',(1.9,0.325,0.2));
#1517 = VECTOR('',#1518,1.);
#1518 = DIRECTION('',(-1.,2.22044604925E-16,0.));
#1519 = ORIENTED_EDGE('',*,*,#1520,.T.);
#1520 = EDGE_CURVE('',#1513,#1521,#1523,.T.);
#1521 = VERTEX_POINT('',#1522);
#1522 = CARTESIAN_POINT('',(1.720627212034,0.325,0.29916221868));
#1523 = CIRCLE('',#1524,0.12);
#1524 = AXIS2_PLACEMENT_3D('',#1525,#1526,#1527);
#1525 = CARTESIAN_POINT('',(1.838804142396,0.325,0.32));
#1526 = DIRECTION('',(2.22044604925E-16,1.,0.));
#1527 = DIRECTION('',(-1.850371707709E-15,4.108650548026E-31,-1.));
#1528 = ORIENTED_EDGE('',*,*,#1529,.T.);
#1529 = EDGE_CURVE('',#1521,#1530,#1532,.T.);
#1530 = VERTEX_POINT('',#1531);
#1531 = CARTESIAN_POINT('',(1.690138480964,0.325,0.510567416853));
#1532 = LINE('',#1533,#1534);
#1533 = CARTESIAN_POINT('',(1.720627212034,0.325,0.29916221868));
#1534 = VECTOR('',#1535,1.);
#1535 = DIRECTION('',(-0.142742572604,3.169521813984E-17,0.989759848633)
  );
#1536 = ORIENTED_EDGE('',*,*,#1537,.T.);
#1537 = EDGE_CURVE('',#1530,#939,#1538,.T.);
#1538 = CIRCLE('',#1539,0.32);
#1539 = AXIS2_PLACEMENT_3D('',#1540,#1541,#1542);
#1540 = CARTESIAN_POINT('',(1.375,0.325,0.455));
#1541 = DIRECTION('',(-2.22044604925E-16,-1.,0.));
#1542 = DIRECTION('',(0.984807753012,-2.186712484447E-16,0.173648177667)
  );
#1543 = PLANE('',#1544);
#1544 = AXIS2_PLACEMENT_3D('',#1545,#1546,#1547);
#1545 = CARTESIAN_POINT('',(1.610729118287,0.325,0.384660577966));
#1546 = DIRECTION('',(-2.22044604925E-16,-1.,0.));
#1547 = DIRECTION('',(0.,0.,1.));
#1548 = ADVANCED_FACE('',(#1549),#1567,.F.);
#1549 = FACE_BOUND('',#1550,.F.);
#1550 = EDGE_LOOP('',(#1551,#1552,#1560,#1566));
#1551 = ORIENTED_EDGE('',*,*,#1091,.T.);
#1552 = ORIENTED_EDGE('',*,*,#1553,.T.);
#1553 = EDGE_CURVE('',#1083,#1554,#1556,.T.);
#1554 = VERTEX_POINT('',#1555);
#1555 = CARTESIAN_POINT('',(1.523665661432,-0.325,0.264432583147));
#1556 = LINE('',#1557,#1558);
#1557 = CARTESIAN_POINT('',(1.493176930361,-0.325,0.47583778132));
#1558 = VECTOR('',#1559,1.);
#1559 = DIRECTION('',(0.142742572604,-3.169521813984E-17,-0.989759848633
    ));
#1560 = ORIENTED_EDGE('',*,*,#1561,.F.);
#1561 = EDGE_CURVE('',#1480,#1554,#1562,.T.);
#1562 = LINE('',#1563,#1564);
#1563 = CARTESIAN_POINT('',(1.523665661432,0.325,0.264432583147));
#1564 = VECTOR('',#1565,1.);
#1565 = DIRECTION('',(-2.22044604925E-16,-1.,0.));
#1566 = ORIENTED_EDGE('',*,*,#1479,.F.);
#1567 = PLANE('',#1568);
#1568 = AXIS2_PLACEMENT_3D('',#1569,#1570,#1571);
#1569 = CARTESIAN_POINT('',(1.493176930361,0.325,0.47583778132));
#1570 = DIRECTION('',(0.989759848633,-2.197708345604E-16,0.142742572604)
  );
#1571 = DIRECTION('',(0.142742572604,-3.169521813984E-17,-0.989759848633
    ));
#1572 = ADVANCED_FACE('',(#1573),#1635,.T.);
#1573 = FACE_BOUND('',#1574,.T.);
#1574 = EDGE_LOOP('',(#1575,#1576,#1577,#1578,#1587,#1595,#1603,#1611,
    #1620,#1628));
#1575 = ORIENTED_EDGE('',*,*,#1114,.F.);
#1576 = ORIENTED_EDGE('',*,*,#1082,.T.);
#1577 = ORIENTED_EDGE('',*,*,#1553,.T.);
#1578 = ORIENTED_EDGE('',*,*,#1579,.T.);
#1579 = EDGE_CURVE('',#1554,#1580,#1582,.T.);
#1580 = VERTEX_POINT('',#1581);
#1581 = CARTESIAN_POINT('',(1.838804142396,-0.325,-5.551115123126E-17));
#1582 = CIRCLE('',#1583,0.32);
#1583 = AXIS2_PLACEMENT_3D('',#1584,#1585,#1586);
#1584 = CARTESIAN_POINT('',(1.838804142396,-0.325,0.32));
#1585 = DIRECTION('',(-2.22044604925E-16,-1.,0.));
#1586 = DIRECTION('',(-0.984807753012,2.186712484447E-16,-0.173648177667
    ));
#1587 = ORIENTED_EDGE('',*,*,#1588,.T.);
#1588 = EDGE_CURVE('',#1580,#1589,#1591,.T.);
#1589 = VERTEX_POINT('',#1590);
#1590 = CARTESIAN_POINT('',(1.9,-0.325,-5.551115123126E-17));
#1591 = LINE('',#1592,#1593);
#1592 = CARTESIAN_POINT('',(1.838804142396,-0.325,-5.551115123126E-17));
#1593 = VECTOR('',#1594,1.);
#1594 = DIRECTION('',(1.,-2.22044604925E-16,0.));
#1595 = ORIENTED_EDGE('',*,*,#1596,.T.);
#1596 = EDGE_CURVE('',#1589,#1597,#1599,.T.);
#1597 = VERTEX_POINT('',#1598);
#1598 = CARTESIAN_POINT('',(1.9,-0.325,0.2));
#1599 = LINE('',#1600,#1601);
#1600 = CARTESIAN_POINT('',(1.9,-0.325,-5.551115123126E-17));
#1601 = VECTOR('',#1602,1.);
#1602 = DIRECTION('',(0.,0.,1.));
#1603 = ORIENTED_EDGE('',*,*,#1604,.T.);
#1604 = EDGE_CURVE('',#1597,#1605,#1607,.T.);
#1605 = VERTEX_POINT('',#1606);
#1606 = CARTESIAN_POINT('',(1.838804142396,-0.325,0.2));
#1607 = LINE('',#1608,#1609);
#1608 = CARTESIAN_POINT('',(1.9,-0.325,0.2));
#1609 = VECTOR('',#1610,1.);
#1610 = DIRECTION('',(-1.,2.22044604925E-16,0.));
#1611 = ORIENTED_EDGE('',*,*,#1612,.T.);
#1612 = EDGE_CURVE('',#1605,#1613,#1615,.T.);
#1613 = VERTEX_POINT('',#1614);
#1614 = CARTESIAN_POINT('',(1.720627212034,-0.325,0.29916221868));
#1615 = CIRCLE('',#1616,0.12);
#1616 = AXIS2_PLACEMENT_3D('',#1617,#1618,#1619);
#1617 = CARTESIAN_POINT('',(1.838804142396,-0.325,0.32));
#1618 = DIRECTION('',(2.22044604925E-16,1.,0.));
#1619 = DIRECTION('',(-1.850371707709E-15,4.108650548026E-31,-1.));
#1620 = ORIENTED_EDGE('',*,*,#1621,.T.);
#1621 = EDGE_CURVE('',#1613,#1622,#1624,.T.);
#1622 = VERTEX_POINT('',#1623);
#1623 = CARTESIAN_POINT('',(1.690138480964,-0.325,0.510567416853));
#1624 = LINE('',#1625,#1626);
#1625 = CARTESIAN_POINT('',(1.720627212034,-0.325,0.29916221868));
#1626 = VECTOR('',#1627,1.);
#1627 = DIRECTION('',(-0.142742572604,3.169521813984E-17,0.989759848633)
  );
#1628 = ORIENTED_EDGE('',*,*,#1629,.T.);
#1629 = EDGE_CURVE('',#1622,#708,#1630,.T.);
#1630 = CIRCLE('',#1631,0.32);
#1631 = AXIS2_PLACEMENT_3D('',#1632,#1633,#1634);
#1632 = CARTESIAN_POINT('',(1.375,-0.325,0.455));
#1633 = DIRECTION('',(-2.22044604925E-16,-1.,0.));
#1634 = DIRECTION('',(0.984807753012,-2.186712484447E-16,0.173648177667)
  );
#1635 = PLANE('',#1636);
#1636 = AXIS2_PLACEMENT_3D('',#1637,#1638,#1639);
#1637 = CARTESIAN_POINT('',(1.610729118287,-0.325,0.384660577966));
#1638 = DIRECTION('',(-2.22044604925E-16,-1.,0.));
#1639 = DIRECTION('',(0.,0.,1.));
#1640 = ADVANCED_FACE('',(#1641),#1652,.T.);
#1641 = FACE_BOUND('',#1642,.T.);
#1642 = EDGE_LOOP('',(#1643,#1644,#1645,#1646));
#1643 = ORIENTED_EDGE('',*,*,#1537,.T.);
#1644 = ORIENTED_EDGE('',*,*,#1132,.T.);
#1645 = ORIENTED_EDGE('',*,*,#1629,.F.);
#1646 = ORIENTED_EDGE('',*,*,#1647,.F.);
#1647 = EDGE_CURVE('',#1530,#1622,#1648,.T.);
#1648 = LINE('',#1649,#1650);
#1649 = CARTESIAN_POINT('',(1.690138480964,0.325,0.510567416853));
#1650 = VECTOR('',#1651,1.);
#1651 = DIRECTION('',(-2.22044604925E-16,-1.,0.));
#1652 = CYLINDRICAL_SURFACE('',#1653,0.32);
#1653 = AXIS2_PLACEMENT_3D('',#1654,#1655,#1656);
#1654 = CARTESIAN_POINT('',(1.375,0.325,0.455));
#1655 = DIRECTION('',(2.22044604925E-16,1.,0.));
#1656 = DIRECTION('',(0.984807753012,-2.186712484447E-16,0.173648177667)
  );
#1657 = ADVANCED_FACE('',(#1658,#1668),#1702,.T.);
#1658 = FACE_BOUND('',#1659,.T.);
#1659 = EDGE_LOOP('',(#1660,#1661,#1662,#1663,#1664,#1665,#1666,#1667));
#1660 = ORIENTED_EDGE('',*,*,#1268,.F.);
#1661 = ORIENTED_EDGE('',*,*,#1238,.F.);
#1662 = ORIENTED_EDGE('',*,*,#1215,.F.);
#1663 = ORIENTED_EDGE('',*,*,#1192,.F.);
#1664 = ORIENTED_EDGE('',*,*,#1163,.F.);
#1665 = ORIENTED_EDGE('',*,*,#1462,.F.);
#1666 = ORIENTED_EDGE('',*,*,#1445,.F.);
#1667 = ORIENTED_EDGE('',*,*,#1422,.F.);
#1668 = FACE_BOUND('',#1669,.T.);
#1669 = EDGE_LOOP('',(#1670,#1680,#1688,#1696));
#1670 = ORIENTED_EDGE('',*,*,#1671,.T.);
#1671 = EDGE_CURVE('',#1672,#1674,#1676,.T.);
#1672 = VERTEX_POINT('',#1673);
#1673 = CARTESIAN_POINT('',(-0.683243103516,-0.608243103516,1.25));
#1674 = VERTEX_POINT('',#1675);
#1675 = CARTESIAN_POINT('',(-1.183243103516,-0.608243103516,1.25));
#1676 = LINE('',#1677,#1678);
#1677 = CARTESIAN_POINT('',(-1.233243103516,-0.608243103516,1.25));
#1678 = VECTOR('',#1679,1.);
#1679 = DIRECTION('',(-1.,0.,0.));
#1680 = ORIENTED_EDGE('',*,*,#1681,.T.);
#1681 = EDGE_CURVE('',#1674,#1682,#1684,.T.);
#1682 = VERTEX_POINT('',#1683);
#1683 = CARTESIAN_POINT('',(-1.183243103516,0.608243103516,1.25));
#1684 = LINE('',#1685,#1686);
#1685 = CARTESIAN_POINT('',(-1.183243103516,-0.633682327637,1.25));
#1686 = VECTOR('',#1687,1.);
#1687 = DIRECTION('',(0.,1.,0.));
#1688 = ORIENTED_EDGE('',*,*,#1689,.F.);
#1689 = EDGE_CURVE('',#1690,#1682,#1692,.T.);
#1690 = VERTEX_POINT('',#1691);
#1691 = CARTESIAN_POINT('',(-0.683243103516,0.608243103516,1.25));
#1692 = LINE('',#1693,#1694);
#1693 = CARTESIAN_POINT('',(-1.233243103516,0.608243103516,1.25));
#1694 = VECTOR('',#1695,1.);
#1695 = DIRECTION('',(-1.,0.,0.));
#1696 = ORIENTED_EDGE('',*,*,#1697,.F.);
#1697 = EDGE_CURVE('',#1672,#1690,#1698,.T.);
#1698 = LINE('',#1699,#1700);
#1699 = CARTESIAN_POINT('',(-0.683243103516,-0.633682327637,1.25));
#1700 = VECTOR('',#1701,1.);
#1701 = DIRECTION('',(0.,1.,0.));
#1702 = PLANE('',#1703);
#1703 = AXIS2_PLACEMENT_3D('',#1704,#1705,#1706);
#1704 = CARTESIAN_POINT('',(-1.283243103516,-0.659121551758,1.25));
#1705 = DIRECTION('',(0.,0.,1.));
#1706 = DIRECTION('',(0.889522261294,0.456891832562,-0.));
#1707 = ADVANCED_FACE('',(#1708),#1719,.F.);
#1708 = FACE_BOUND('',#1709,.F.);
#1709 = EDGE_LOOP('',(#1710,#1716,#1717,#1718));
#1710 = ORIENTED_EDGE('',*,*,#1711,.T.);
#1711 = EDGE_CURVE('',#1521,#1613,#1712,.T.);
#1712 = LINE('',#1713,#1714);
#1713 = CARTESIAN_POINT('',(1.720627212034,0.325,0.29916221868));
#1714 = VECTOR('',#1715,1.);
#1715 = DIRECTION('',(-2.22044604925E-16,-1.,0.));
#1716 = ORIENTED_EDGE('',*,*,#1621,.T.);
#1717 = ORIENTED_EDGE('',*,*,#1647,.F.);
#1718 = ORIENTED_EDGE('',*,*,#1529,.F.);
#1719 = PLANE('',#1720);
#1720 = AXIS2_PLACEMENT_3D('',#1721,#1722,#1723);
#1721 = CARTESIAN_POINT('',(1.720627212034,0.325,0.29916221868));
#1722 = DIRECTION('',(-0.989759848633,2.197708345604E-16,-0.142742572604
    ));
#1723 = DIRECTION('',(-0.142742572604,3.169521813984E-17,0.989759848633)
  );
#1724 = ADVANCED_FACE('',(#1725),#1736,.F.);
#1725 = FACE_BOUND('',#1726,.F.);
#1726 = EDGE_LOOP('',(#1727,#1733,#1734,#1735));
#1727 = ORIENTED_EDGE('',*,*,#1728,.T.);
#1728 = EDGE_CURVE('',#1513,#1605,#1729,.T.);
#1729 = LINE('',#1730,#1731);
#1730 = CARTESIAN_POINT('',(1.838804142396,0.325,0.2));
#1731 = VECTOR('',#1732,1.);
#1732 = DIRECTION('',(-2.22044604925E-16,-1.,0.));
#1733 = ORIENTED_EDGE('',*,*,#1612,.T.);
#1734 = ORIENTED_EDGE('',*,*,#1711,.F.);
#1735 = ORIENTED_EDGE('',*,*,#1520,.F.);
#1736 = CYLINDRICAL_SURFACE('',#1737,0.12);
#1737 = AXIS2_PLACEMENT_3D('',#1738,#1739,#1740);
#1738 = CARTESIAN_POINT('',(1.838804142396,0.325,0.32));
#1739 = DIRECTION('',(2.22044604925E-16,1.,0.));
#1740 = DIRECTION('',(-1.850371707709E-15,4.108650548026E-31,-1.));
#1741 = ADVANCED_FACE('',(#1742),#1753,.F.);
#1742 = FACE_BOUND('',#1743,.F.);
#1743 = EDGE_LOOP('',(#1744,#1750,#1751,#1752));
#1744 = ORIENTED_EDGE('',*,*,#1745,.T.);
#1745 = EDGE_CURVE('',#1505,#1597,#1746,.T.);
#1746 = LINE('',#1747,#1748);
#1747 = CARTESIAN_POINT('',(1.9,0.325,0.2));
#1748 = VECTOR('',#1749,1.);
#1749 = DIRECTION('',(-2.22044604925E-16,-1.,0.));
#1750 = ORIENTED_EDGE('',*,*,#1604,.T.);
#1751 = ORIENTED_EDGE('',*,*,#1728,.F.);
#1752 = ORIENTED_EDGE('',*,*,#1512,.F.);
#1753 = PLANE('',#1754);
#1754 = AXIS2_PLACEMENT_3D('',#1755,#1756,#1757);
#1755 = CARTESIAN_POINT('',(1.9,0.325,0.2));
#1756 = DIRECTION('',(0.,0.,-1.));
#1757 = DIRECTION('',(-1.,2.22044604925E-16,0.));
#1758 = ADVANCED_FACE('',(#1759),#1770,.F.);
#1759 = FACE_BOUND('',#1760,.F.);
#1760 = EDGE_LOOP('',(#1761,#1767,#1768,#1769));
#1761 = ORIENTED_EDGE('',*,*,#1762,.T.);
#1762 = EDGE_CURVE('',#1497,#1589,#1763,.T.);
#1763 = LINE('',#1764,#1765);
#1764 = CARTESIAN_POINT('',(1.9,0.325,-5.551115123126E-17));
#1765 = VECTOR('',#1766,1.);
#1766 = DIRECTION('',(-2.22044604925E-16,-1.,0.));
#1767 = ORIENTED_EDGE('',*,*,#1596,.T.);
#1768 = ORIENTED_EDGE('',*,*,#1745,.F.);
#1769 = ORIENTED_EDGE('',*,*,#1504,.F.);
#1770 = PLANE('',#1771);
#1771 = AXIS2_PLACEMENT_3D('',#1772,#1773,#1774);
#1772 = CARTESIAN_POINT('',(1.9,0.325,-5.551115123126E-17));
#1773 = DIRECTION('',(-1.,2.22044604925E-16,0.));
#1774 = DIRECTION('',(0.,0.,1.));
#1775 = ADVANCED_FACE('',(#1776),#1787,.F.);
#1776 = FACE_BOUND('',#1777,.F.);
#1777 = EDGE_LOOP('',(#1778,#1784,#1785,#1786));
#1778 = ORIENTED_EDGE('',*,*,#1779,.T.);
#1779 = EDGE_CURVE('',#1488,#1580,#1780,.T.);
#1780 = LINE('',#1781,#1782);
#1781 = CARTESIAN_POINT('',(1.838804142396,0.325,-5.551115123126E-17));
#1782 = VECTOR('',#1783,1.);
#1783 = DIRECTION('',(-2.22044604925E-16,-1.,0.));
#1784 = ORIENTED_EDGE('',*,*,#1588,.T.);
#1785 = ORIENTED_EDGE('',*,*,#1762,.F.);
#1786 = ORIENTED_EDGE('',*,*,#1496,.F.);
#1787 = PLANE('',#1788);
#1788 = AXIS2_PLACEMENT_3D('',#1789,#1790,#1791);
#1789 = CARTESIAN_POINT('',(1.838804142396,0.325,-5.551115123126E-17));
#1790 = DIRECTION('',(0.,0.,1.));
#1791 = DIRECTION('',(1.,-2.22044604925E-16,0.));
#1792 = ADVANCED_FACE('',(#1793),#1799,.T.);
#1793 = FACE_BOUND('',#1794,.T.);
#1794 = EDGE_LOOP('',(#1795,#1796,#1797,#1798));
#1795 = ORIENTED_EDGE('',*,*,#1487,.T.);
#1796 = ORIENTED_EDGE('',*,*,#1779,.T.);
#1797 = ORIENTED_EDGE('',*,*,#1579,.F.);
#1798 = ORIENTED_EDGE('',*,*,#1561,.F.);
#1799 = CYLINDRICAL_SURFACE('',#1800,0.32);
#1800 = AXIS2_PLACEMENT_3D('',#1801,#1802,#1803);
#1801 = CARTESIAN_POINT('',(1.838804142396,0.325,0.32));
#1802 = DIRECTION('',(2.22044604925E-16,1.,0.));
#1803 = DIRECTION('',(-0.984807753012,2.186712484447E-16,-0.173648177667
    ));
#1804 = ADVANCED_FACE('',(#1805),#1830,.F.);
#1805 = FACE_BOUND('',#1806,.F.);
#1806 = EDGE_LOOP('',(#1807,#1808,#1816,#1824));
#1807 = ORIENTED_EDGE('',*,*,#1671,.T.);
#1808 = ORIENTED_EDGE('',*,*,#1809,.T.);
#1809 = EDGE_CURVE('',#1674,#1810,#1812,.T.);
#1810 = VERTEX_POINT('',#1811);
#1811 = CARTESIAN_POINT('',(-1.183243103516,-0.608243103516,1.26));
#1812 = LINE('',#1813,#1814);
#1813 = CARTESIAN_POINT('',(-1.183243103516,-0.608243103516,1.24));
#1814 = VECTOR('',#1815,1.);
#1815 = DIRECTION('',(0.,0.,1.));
#1816 = ORIENTED_EDGE('',*,*,#1817,.T.);
#1817 = EDGE_CURVE('',#1810,#1818,#1820,.T.);
#1818 = VERTEX_POINT('',#1819);
#1819 = CARTESIAN_POINT('',(-0.683243103516,-0.608243103516,1.26));
#1820 = LINE('',#1821,#1822);
#1821 = CARTESIAN_POINT('',(-1.183243103516,-0.608243103516,1.26));
#1822 = VECTOR('',#1823,1.);
#1823 = DIRECTION('',(1.,0.,0.));
#1824 = ORIENTED_EDGE('',*,*,#1825,.F.);
#1825 = EDGE_CURVE('',#1672,#1818,#1826,.T.);
#1826 = LINE('',#1827,#1828);
#1827 = CARTESIAN_POINT('',(-0.683243103516,-0.608243103516,1.24));
#1828 = VECTOR('',#1829,1.);
#1829 = DIRECTION('',(0.,0.,1.));
#1830 = PLANE('',#1831);
#1831 = AXIS2_PLACEMENT_3D('',#1832,#1833,#1834);
#1832 = CARTESIAN_POINT('',(-1.183243103516,-0.608243103516,1.24));
#1833 = DIRECTION('',(0.,1.,0.));
#1834 = DIRECTION('',(0.,-0.,1.));
#1835 = ADVANCED_FACE('',(#1836),#1854,.T.);
#1836 = FACE_BOUND('',#1837,.T.);
#1837 = EDGE_LOOP('',(#1838,#1839,#1840,#1848));
#1838 = ORIENTED_EDGE('',*,*,#1825,.F.);
#1839 = ORIENTED_EDGE('',*,*,#1697,.T.);
#1840 = ORIENTED_EDGE('',*,*,#1841,.T.);
#1841 = EDGE_CURVE('',#1690,#1842,#1844,.T.);
#1842 = VERTEX_POINT('',#1843);
#1843 = CARTESIAN_POINT('',(-0.683243103516,0.608243103516,1.26));
#1844 = LINE('',#1845,#1846);
#1845 = CARTESIAN_POINT('',(-0.683243103516,0.608243103516,1.24));
#1846 = VECTOR('',#1847,1.);
#1847 = DIRECTION('',(0.,0.,1.));
#1848 = ORIENTED_EDGE('',*,*,#1849,.F.);
#1849 = EDGE_CURVE('',#1818,#1842,#1850,.T.);
#1850 = LINE('',#1851,#1852);
#1851 = CARTESIAN_POINT('',(-0.683243103516,-0.608243103516,1.26));
#1852 = VECTOR('',#1853,1.);
#1853 = DIRECTION('',(0.,1.,0.));
#1854 = PLANE('',#1855);
#1855 = AXIS2_PLACEMENT_3D('',#1856,#1857,#1858);
#1856 = CARTESIAN_POINT('',(-0.683243103516,-0.608243103516,1.24));
#1857 = DIRECTION('',(1.,0.,0.));
#1858 = DIRECTION('',(0.,0.,1.));
#1859 = ADVANCED_FACE('',(#1860),#1878,.T.);
#1860 = FACE_BOUND('',#1861,.T.);
#1861 = EDGE_LOOP('',(#1862,#1863,#1871,#1877));
#1862 = ORIENTED_EDGE('',*,*,#1689,.T.);
#1863 = ORIENTED_EDGE('',*,*,#1864,.T.);
#1864 = EDGE_CURVE('',#1682,#1865,#1867,.T.);
#1865 = VERTEX_POINT('',#1866);
#1866 = CARTESIAN_POINT('',(-1.183243103516,0.608243103516,1.26));
#1867 = LINE('',#1868,#1869);
#1868 = CARTESIAN_POINT('',(-1.183243103516,0.608243103516,1.24));
#1869 = VECTOR('',#1870,1.);
#1870 = DIRECTION('',(0.,0.,1.));
#1871 = ORIENTED_EDGE('',*,*,#1872,.T.);
#1872 = EDGE_CURVE('',#1865,#1842,#1873,.T.);
#1873 = LINE('',#1874,#1875);
#1874 = CARTESIAN_POINT('',(-1.183243103516,0.608243103516,1.26));
#1875 = VECTOR('',#1876,1.);
#1876 = DIRECTION('',(1.,0.,0.));
#1877 = ORIENTED_EDGE('',*,*,#1841,.F.);
#1878 = PLANE('',#1879);
#1879 = AXIS2_PLACEMENT_3D('',#1880,#1881,#1882);
#1880 = CARTESIAN_POINT('',(-1.183243103516,0.608243103516,1.24));
#1881 = DIRECTION('',(0.,1.,0.));
#1882 = DIRECTION('',(0.,-0.,1.));
#1883 = ADVANCED_FACE('',(#1884),#1895,.F.);
#1884 = FACE_BOUND('',#1885,.F.);
#1885 = EDGE_LOOP('',(#1886,#1887,#1888,#1889));
#1886 = ORIENTED_EDGE('',*,*,#1809,.F.);
#1887 = ORIENTED_EDGE('',*,*,#1681,.T.);
#1888 = ORIENTED_EDGE('',*,*,#1864,.T.);
#1889 = ORIENTED_EDGE('',*,*,#1890,.F.);
#1890 = EDGE_CURVE('',#1810,#1865,#1891,.T.);
#1891 = LINE('',#1892,#1893);
#1892 = CARTESIAN_POINT('',(-1.183243103516,-0.608243103516,1.26));
#1893 = VECTOR('',#1894,1.);
#1894 = DIRECTION('',(0.,1.,0.));
#1895 = PLANE('',#1896);
#1896 = AXIS2_PLACEMENT_3D('',#1897,#1898,#1899);
#1897 = CARTESIAN_POINT('',(-1.183243103516,-0.608243103516,1.24));
#1898 = DIRECTION('',(1.,0.,0.));
#1899 = DIRECTION('',(0.,0.,1.));
#1900 = ADVANCED_FACE('',(#1901),#1907,.T.);
#1901 = FACE_BOUND('',#1902,.T.);
#1902 = EDGE_LOOP('',(#1903,#1904,#1905,#1906));
#1903 = ORIENTED_EDGE('',*,*,#1890,.F.);
#1904 = ORIENTED_EDGE('',*,*,#1817,.T.);
#1905 = ORIENTED_EDGE('',*,*,#1849,.T.);
#1906 = ORIENTED_EDGE('',*,*,#1872,.F.);
#1907 = PLANE('',#1908);
#1908 = AXIS2_PLACEMENT_3D('',#1909,#1910,#1911);
#1909 = CARTESIAN_POINT('',(-1.183243103516,-0.608243103516,1.26));
#1910 = DIRECTION('',(0.,0.,1.));
#1911 = DIRECTION('',(1.,0.,-0.));
#1912 = ( GEOMETRIC_REPRESENTATION_CONTEXT(3) 
GLOBAL_UNCERTAINTY_ASSIGNED_CONTEXT((#1916)) 
GLOBAL_UNIT_ASSIGNED_CONTEXT((#1913,#1914,#1915)) REPRESENTATION_CONTEXT
('Context #1','3D Context with UNIT and UNCERTAINTY') );
#1913 = ( LENGTH_UNIT() NAMED_UNIT(*) SI_UNIT(.MILLI.,.METRE.) );
#1914 = ( NAMED_UNIT(*) PLANE_ANGLE_UNIT() SI_UNIT($,.RADIAN.) );
#1915 = ( NAMED_UNIT(*) SI_UNIT($,.STERADIAN.) SOLID_ANGLE_UNIT() );
#1916 = UNCERTAINTY_MEASURE_WITH_UNIT(LENGTH_MEASURE(1.E-07),#1913,
  'distance_accuracy_value','confusion accuracy');
#1917 = CONTEXT_DEPENDENT_SHAPE_REPRESENTATION(#1918,#1920);
#1918 = ( REPRESENTATION_RELATIONSHIP('','',#223,#200) 
REPRESENTATION_RELATIONSHIP_WITH_TRANSFORMATION(#1919) 
SHAPE_REPRESENTATION_RELATIONSHIP() );
#1919 = ITEM_DEFINED_TRANSFORMATION('','',#11,#201);
#1920 = PRODUCT_DEFINITION_SHAPE('Placement','Placement of an item',
  #1921);
#1921 = NEXT_ASSEMBLY_USAGE_OCCURRENCE('1','=>[0:1:1:3]','',#195,#218,$
  );
#1922 = PRODUCT_RELATED_PRODUCT_CATEGORY('part',$,(#220));
#1923 = CONTEXT_DEPENDENT_SHAPE_REPRESENTATION(#1924,#1926);
#1924 = ( REPRESENTATION_RELATIONSHIP('','',#200,#10) 
REPRESENTATION_RELATIONSHIP_WITH_TRANSFORMATION(#1925) 
SHAPE_REPRESENTATION_RELATIONSHIP() );
#1925 = ITEM_DEFINED_TRANSFORMATION('','',#11,#19);
#1926 = PRODUCT_DEFINITION_SHAPE('Placement','Placement of an item',
  #1927);
#1927 = NEXT_ASSEMBLY_USAGE_OCCURRENCE('3','D20','',#5,#195,$);
#1928 = CONTEXT_DEPENDENT_SHAPE_REPRESENTATION(#1929,#1931);
#1929 = ( REPRESENTATION_RELATIONSHIP('','',#200,#10) 
REPRESENTATION_RELATIONSHIP_WITH_TRANSFORMATION(#1930) 
SHAPE_REPRESENTATION_RELATIONSHIP() );
#1930 = ITEM_DEFINED_TRANSFORMATION('','',#11,#23);
#1931 = PRODUCT_DEFINITION_SHAPE('Placement','Placement of an item',
  #1932);
#1932 = NEXT_ASSEMBLY_USAGE_OCCURRENCE('4','D23','',#5,#195,$);
#1933 = CONTEXT_DEPENDENT_SHAPE_REPRESENTATION(#1934,#1936);
#1934 = ( REPRESENTATION_RELATIONSHIP('','',#200,#10) 
REPRESENTATION_RELATIONSHIP_WITH_TRANSFORMATION(#1935) 
SHAPE_REPRESENTATION_RELATIONSHIP() );
#1935 = ITEM_DEFINED_TRANSFORMATION('','',#11,#27);
#1936 = PRODUCT_DEFINITION_SHAPE('Placement','Placement of an item',
  #1937);
#1937 = NEXT_ASSEMBLY_USAGE_OCCURRENCE('5','D27','',#5,#195,$);
#1938 = CONTEXT_DEPENDENT_SHAPE_REPRESENTATION(#1939,#1941);
#1939 = ( REPRESENTATION_RELATIONSHIP('','',#200,#10) 
REPRESENTATION_RELATIONSHIP_WITH_TRANSFORMATION(#1940) 
SHAPE_REPRESENTATION_RELATIONSHIP() );
#1940 = ITEM_DEFINED_TRANSFORMATION('','',#11,#31);
#1941 = PRODUCT_DEFINITION_SHAPE('Placement','Placement of an item',
  #1942);
#1942 = NEXT_ASSEMBLY_USAGE_OCCURRENCE('6','D32','',#5,#195,$);
#1943 = CONTEXT_DEPENDENT_SHAPE_REPRESENTATION(#1944,#1946);
#1944 = ( REPRESENTATION_RELATIONSHIP('','',#200,#10) 
REPRESENTATION_RELATIONSHIP_WITH_TRANSFORMATION(#1945) 
SHAPE_REPRESENTATION_RELATIONSHIP() );
#1945 = ITEM_DEFINED_TRANSFORMATION('','',#11,#35);
#1946 = PRODUCT_DEFINITION_SHAPE('Placement','Placement of an item',
  #1947);
#1947 = NEXT_ASSEMBLY_USAGE_OCCURRENCE('7','D40','',#5,#195,$);
#1948 = CONTEXT_DEPENDENT_SHAPE_REPRESENTATION(#1949,#1951);
#1949 = ( REPRESENTATION_RELATIONSHIP('','',#200,#10) 
REPRESENTATION_RELATIONSHIP_WITH_TRANSFORMATION(#1950) 
SHAPE_REPRESENTATION_RELATIONSHIP() );
#1950 = ITEM_DEFINED_TRANSFORMATION('','',#11,#39);
#1951 = PRODUCT_DEFINITION_SHAPE('Placement','Placement of an item',
  #1952);
#1952 = NEXT_ASSEMBLY_USAGE_OCCURRENCE('8','D1','',#5,#195,$);
#1953 = CONTEXT_DEPENDENT_SHAPE_REPRESENTATION(#1954,#1956);
#1954 = ( REPRESENTATION_RELATIONSHIP('','',#200,#10) 
REPRESENTATION_RELATIONSHIP_WITH_TRANSFORMATION(#1955) 
SHAPE_REPRESENTATION_RELATIONSHIP() );
#1955 = ITEM_DEFINED_TRANSFORMATION('','',#11,#43);
#1956 = PRODUCT_DEFINITION_SHAPE('Placement','Placement of an item',
  #1957);
#1957 = NEXT_ASSEMBLY_USAGE_OCCURRENCE('9','D39','',#5,#195,$);
#1958 = CONTEXT_DEPENDENT_SHAPE_REPRESENTATION(#1959,#1961);
#1959 = ( REPRESENTATION_RELATIONSHIP('','',#200,#10) 
REPRESENTATION_RELATIONSHIP_WITH_TRANSFORMATION(#1960) 
SHAPE_REPRESENTATION_RELATIONSHIP() );
#1960 = ITEM_DEFINED_TRANSFORMATION('','',#11,#47);
#1961 = PRODUCT_DEFINITION_SHAPE('Placement','Placement of an item',
  #1962);
#1962 = NEXT_ASSEMBLY_USAGE_OCCURRENCE('10','D8','',#5,#195,$);
#1963 = CONTEXT_DEPENDENT_SHAPE_REPRESENTATION(#1964,#1966);
#1964 = ( REPRESENTATION_RELATIONSHIP('','',#200,#10) 
REPRESENTATION_RELATIONSHIP_WITH_TRANSFORMATION(#1965) 
SHAPE_REPRESENTATION_RELATIONSHIP() );
#1965 = ITEM_DEFINED_TRANSFORMATION('','',#11,#51);
#1966 = PRODUCT_DEFINITION_SHAPE('Placement','Placement of an item',
  #1967);
#1967 = NEXT_ASSEMBLY_USAGE_OCCURRENCE('11','D22','',#5,#195,$);
#1968 = CONTEXT_DEPENDENT_SHAPE_REPRESENTATION(#1969,#1971);
#1969 = ( REPRESENTATION_RELATIONSHIP('','',#200,#10) 
REPRESENTATION_RELATIONSHIP_WITH_TRANSFORMATION(#1970) 
SHAPE_REPRESENTATION_RELATIONSHIP() );
#1970 = ITEM_DEFINED_TRANSFORMATION('','',#11,#55);
#1971 = PRODUCT_DEFINITION_SHAPE('Placement','Placement of an item',
  #1972);
#1972 = NEXT_ASSEMBLY_USAGE_OCCURRENCE('12','D31','',#5,#195,$);
#1973 = CONTEXT_DEPENDENT_SHAPE_REPRESENTATION(#1974,#1976);
#1974 = ( REPRESENTATION_RELATIONSHIP('','',#200,#10) 
REPRESENTATION_RELATIONSHIP_WITH_TRANSFORMATION(#1975) 
SHAPE_REPRESENTATION_RELATIONSHIP() );
#1975 = ITEM_DEFINED_TRANSFORMATION('','',#11,#59);
#1976 = PRODUCT_DEFINITION_SHAPE('Placement','Placement of an item',
  #1977);
#1977 = NEXT_ASSEMBLY_USAGE_OCCURRENCE('13','D14','',#5,#195,$);
#1978 = CONTEXT_DEPENDENT_SHAPE_REPRESENTATION(#1979,#1981);
#1979 = ( REPRESENTATION_RELATIONSHIP('','',#200,#10) 
REPRESENTATION_RELATIONSHIP_WITH_TRANSFORMATION(#1980) 
SHAPE_REPRESENTATION_RELATIONSHIP() );
#1980 = ITEM_DEFINED_TRANSFORMATION('','',#11,#63);
#1981 = PRODUCT_DEFINITION_SHAPE('Placement','Placement of an item',
  #1982);
#1982 = NEXT_ASSEMBLY_USAGE_OCCURRENCE('14','D37','',#5,#195,$);
#1983 = CONTEXT_DEPENDENT_SHAPE_REPRESENTATION(#1984,#1986);
#1984 = ( REPRESENTATION_RELATIONSHIP('','',#200,#10) 
REPRESENTATION_RELATIONSHIP_WITH_TRANSFORMATION(#1985) 
SHAPE_REPRESENTATION_RELATIONSHIP() );
#1985 = ITEM_DEFINED_TRANSFORMATION('','',#11,#67);
#1986 = PRODUCT_DEFINITION_SHAPE('Placement','Placement of an item',
  #1987);
#1987 = NEXT_ASSEMBLY_USAGE_OCCURRENCE('15','D21','',#5,#195,$);
#1988 = CONTEXT_DEPENDENT_SHAPE_REPRESENTATION(#1989,#1991);
#1989 = ( REPRESENTATION_RELATIONSHIP('','',#200,#10) 
REPRESENTATION_RELATIONSHIP_WITH_TRANSFORMATION(#1990) 
SHAPE_REPRESENTATION_RELATIONSHIP() );
#1990 = ITEM_DEFINED_TRANSFORMATION('','',#11,#71);
#1991 = PRODUCT_DEFINITION_SHAPE('Placement','Placement of an item',
  #1992);
#1992 = NEXT_ASSEMBLY_USAGE_OCCURRENCE('16','D13','',#5,#195,$);
#1993 = CONTEXT_DEPENDENT_SHAPE_REPRESENTATION(#1994,#1996);
#1994 = ( REPRESENTATION_RELATIONSHIP('','',#200,#10) 
REPRESENTATION_RELATIONSHIP_WITH_TRANSFORMATION(#1995) 
SHAPE_REPRESENTATION_RELATIONSHIP() );
#1995 = ITEM_DEFINED_TRANSFORMATION('','',#11,#75);
#1996 = PRODUCT_DEFINITION_SHAPE('Placement','Placement of an item',
  #1997);
#1997 = NEXT_ASSEMBLY_USAGE_OCCURRENCE('17','D34','',#5,#195,$);
#1998 = CONTEXT_DEPENDENT_SHAPE_REPRESENTATION(#1999,#2001);
#1999 = ( REPRESENTATION_RELATIONSHIP('','',#200,#10) 
REPRESENTATION_RELATIONSHIP_WITH_TRANSFORMATION(#2000) 
SHAPE_REPRESENTATION_RELATIONSHIP() );
#2000 = ITEM_DEFINED_TRANSFORMATION('','',#11,#79);
#2001 = PRODUCT_DEFINITION_SHAPE('Placement','Placement of an item',
  #2002);
#2002 = NEXT_ASSEMBLY_USAGE_OCCURRENCE('18','D4','',#5,#195,$);
#2003 = CONTEXT_DEPENDENT_SHAPE_REPRESENTATION(#2004,#2006);
#2004 = ( REPRESENTATION_RELATIONSHIP('','',#200,#10) 
REPRESENTATION_RELATIONSHIP_WITH_TRANSFORMATION(#2005) 
SHAPE_REPRESENTATION_RELATIONSHIP() );
#2005 = ITEM_DEFINED_TRANSFORMATION('','',#11,#83);
#2006 = PRODUCT_DEFINITION_SHAPE('Placement','Placement of an item',
  #2007);
#2007 = NEXT_ASSEMBLY_USAGE_OCCURRENCE('19','D10','',#5,#195,$);
#2008 = CONTEXT_DEPENDENT_SHAPE_REPRESENTATION(#2009,#2011);
#2009 = ( REPRESENTATION_RELATIONSHIP('','',#200,#10) 
REPRESENTATION_RELATIONSHIP_WITH_TRANSFORMATION(#2010) 
SHAPE_REPRESENTATION_RELATIONSHIP() );
#2010 = ITEM_DEFINED_TRANSFORMATION('','',#11,#87);
#2011 = PRODUCT_DEFINITION_SHAPE('Placement','Placement of an item',
  #2012);
#2012 = NEXT_ASSEMBLY_USAGE_OCCURRENCE('20','D19','',#5,#195,$);
#2013 = CONTEXT_DEPENDENT_SHAPE_REPRESENTATION(#2014,#2016);
#2014 = ( REPRESENTATION_RELATIONSHIP('','',#200,#10) 
REPRESENTATION_RELATIONSHIP_WITH_TRANSFORMATION(#2015) 
SHAPE_REPRESENTATION_RELATIONSHIP() );
#2015 = ITEM_DEFINED_TRANSFORMATION('','',#11,#91);
#2016 = PRODUCT_DEFINITION_SHAPE('Placement','Placement of an item',
  #2017);
#2017 = NEXT_ASSEMBLY_USAGE_OCCURRENCE('21','D16','',#5,#195,$);
#2018 = CONTEXT_DEPENDENT_SHAPE_REPRESENTATION(#2019,#2021);
#2019 = ( REPRESENTATION_RELATIONSHIP('','',#200,#10) 
REPRESENTATION_RELATIONSHIP_WITH_TRANSFORMATION(#2020) 
SHAPE_REPRESENTATION_RELATIONSHIP() );
#2020 = ITEM_DEFINED_TRANSFORMATION('','',#11,#95);
#2021 = PRODUCT_DEFINITION_SHAPE('Placement','Placement of an item',
  #2022);
#2022 = NEXT_ASSEMBLY_USAGE_OCCURRENCE('22','D2','',#5,#195,$);
#2023 = CONTEXT_DEPENDENT_SHAPE_REPRESENTATION(#2024,#2026);
#2024 = ( REPRESENTATION_RELATIONSHIP('','',#200,#10) 
REPRESENTATION_RELATIONSHIP_WITH_TRANSFORMATION(#2025) 
SHAPE_REPRESENTATION_RELATIONSHIP() );
#2025 = ITEM_DEFINED_TRANSFORMATION('','',#11,#99);
#2026 = PRODUCT_DEFINITION_SHAPE('Placement','Placement of an item',
  #2027);
#2027 = NEXT_ASSEMBLY_USAGE_OCCURRENCE('23','D28','',#5,#195,$);
#2028 = CONTEXT_DEPENDENT_SHAPE_REPRESENTATION(#2029,#2031);
#2029 = ( REPRESENTATION_RELATIONSHIP('','',#200,#10) 
REPRESENTATION_RELATIONSHIP_WITH_TRANSFORMATION(#2030) 
SHAPE_REPRESENTATION_RELATIONSHIP() );
#2030 = ITEM_DEFINED_TRANSFORMATION('','',#11,#103);
#2031 = PRODUCT_DEFINITION_SHAPE('Placement','Placement of an item',
  #2032);
#2032 = NEXT_ASSEMBLY_USAGE_OCCURRENCE('24','D29','',#5,#195,$);
#2033 = CONTEXT_DEPENDENT_SHAPE_REPRESENTATION(#2034,#2036);
#2034 = ( REPRESENTATION_RELATIONSHIP('','',#200,#10) 
REPRESENTATION_RELATIONSHIP_WITH_TRANSFORMATION(#2035) 
SHAPE_REPRESENTATION_RELATIONSHIP() );
#2035 = ITEM_DEFINED_TRANSFORMATION('','',#11,#107);
#2036 = PRODUCT_DEFINITION_SHAPE('Placement','Placement of an item',
  #2037);
#2037 = NEXT_ASSEMBLY_USAGE_OCCURRENCE('25','D9','',#5,#195,$);
#2038 = CONTEXT_DEPENDENT_SHAPE_REPRESENTATION(#2039,#2041);
#2039 = ( REPRESENTATION_RELATIONSHIP('','',#200,#10) 
REPRESENTATION_RELATIONSHIP_WITH_TRANSFORMATION(#2040) 
SHAPE_REPRESENTATION_RELATIONSHIP() );
#2040 = ITEM_DEFINED_TRANSFORMATION('','',#11,#111);
#2041 = PRODUCT_DEFINITION_SHAPE('Placement','Placement of an item',
  #2042);
#2042 = NEXT_ASSEMBLY_USAGE_OCCURRENCE('26','D12','',#5,#195,$);
#2043 = CONTEXT_DEPENDENT_SHAPE_REPRESENTATION(#2044,#2046);
#2044 = ( REPRESENTATION_RELATIONSHIP('','',#200,#10) 
REPRESENTATION_RELATIONSHIP_WITH_TRANSFORMATION(#2045) 
SHAPE_REPRESENTATION_RELATIONSHIP() );
#2045 = ITEM_DEFINED_TRANSFORMATION('','',#11,#115);
#2046 = PRODUCT_DEFINITION_SHAPE('Placement','Placement of an item',
  #2047);
#2047 = NEXT_ASSEMBLY_USAGE_OCCURRENCE('27','D30','',#5,#195,$);
#2048 = CONTEXT_DEPENDENT_SHAPE_REPRESENTATION(#2049,#2051);
#2049 = ( REPRESENTATION_RELATIONSHIP('','',#200,#10) 
REPRESENTATION_RELATIONSHIP_WITH_TRANSFORMATION(#2050) 
SHAPE_REPRESENTATION_RELATIONSHIP() );
#2050 = ITEM_DEFINED_TRANSFORMATION('','',#11,#119);
#2051 = PRODUCT_DEFINITION_SHAPE('Placement','Placement of an item',
  #2052);
#2052 = NEXT_ASSEMBLY_USAGE_OCCURRENCE('28','D11','',#5,#195,$);
#2053 = CONTEXT_DEPENDENT_SHAPE_REPRESENTATION(#2054,#2056);
#2054 = ( REPRESENTATION_RELATIONSHIP('','',#200,#10) 
REPRESENTATION_RELATIONSHIP_WITH_TRANSFORMATION(#2055) 
SHAPE_REPRESENTATION_RELATIONSHIP() );
#2055 = ITEM_DEFINED_TRANSFORMATION('','',#11,#123);
#2056 = PRODUCT_DEFINITION_SHAPE('Placement','Placement of an item',
  #2057);
#2057 = NEXT_ASSEMBLY_USAGE_OCCURRENCE('29','D33','',#5,#195,$);
#2058 = CONTEXT_DEPENDENT_SHAPE_REPRESENTATION(#2059,#2061);
#2059 = ( REPRESENTATION_RELATIONSHIP('','',#200,#10) 
REPRESENTATION_RELATIONSHIP_WITH_TRANSFORMATION(#2060) 
SHAPE_REPRESENTATION_RELATIONSHIP() );
#2060 = ITEM_DEFINED_TRANSFORMATION('','',#11,#127);
#2061 = PRODUCT_DEFINITION_SHAPE('Placement','Placement of an item',
  #2062);
#2062 = NEXT_ASSEMBLY_USAGE_OCCURRENCE('30','D35','',#5,#195,$);
#2063 = CONTEXT_DEPENDENT_SHAPE_REPRESENTATION(#2064,#2066);
#2064 = ( REPRESENTATION_RELATIONSHIP('','',#200,#10) 
REPRESENTATION_RELATIONSHIP_WITH_TRANSFORMATION(#2065) 
SHAPE_REPRESENTATION_RELATIONSHIP() );
#2065 = ITEM_DEFINED_TRANSFORMATION('','',#11,#131);
#2066 = PRODUCT_DEFINITION_SHAPE('Placement','Placement of an item',
  #2067);
#2067 = NEXT_ASSEMBLY_USAGE_OCCURRENCE('31','D15','',#5,#195,$);
#2068 = CONTEXT_DEPENDENT_SHAPE_REPRESENTATION(#2069,#2071);
#2069 = ( REPRESENTATION_RELATIONSHIP('','',#200,#10) 
REPRESENTATION_RELATIONSHIP_WITH_TRANSFORMATION(#2070) 
SHAPE_REPRESENTATION_RELATIONSHIP() );
#2070 = ITEM_DEFINED_TRANSFORMATION('','',#11,#135);
#2071 = PRODUCT_DEFINITION_SHAPE('Placement','Placement of an item',
  #2072);
#2072 = NEXT_ASSEMBLY_USAGE_OCCURRENCE('32','D3','',#5,#195,$);
#2073 = CONTEXT_DEPENDENT_SHAPE_REPRESENTATION(#2074,#2076);
#2074 = ( REPRESENTATION_RELATIONSHIP('','',#200,#10) 
REPRESENTATION_RELATIONSHIP_WITH_TRANSFORMATION(#2075) 
SHAPE_REPRESENTATION_RELATIONSHIP() );
#2075 = ITEM_DEFINED_TRANSFORMATION('','',#11,#139);
#2076 = PRODUCT_DEFINITION_SHAPE('Placement','Placement of an item',
  #2077);
#2077 = NEXT_ASSEMBLY_USAGE_OCCURRENCE('33','D6','',#5,#195,$);
#2078 = CONTEXT_DEPENDENT_SHAPE_REPRESENTATION(#2079,#2081);
#2079 = ( REPRESENTATION_RELATIONSHIP('','',#200,#10) 
REPRESENTATION_RELATIONSHIP_WITH_TRANSFORMATION(#2080) 
SHAPE_REPRESENTATION_RELATIONSHIP() );
#2080 = ITEM_DEFINED_TRANSFORMATION('','',#11,#143);
#2081 = PRODUCT_DEFINITION_SHAPE('Placement','Placement of an item',
  #2082);
#2082 = NEXT_ASSEMBLY_USAGE_OCCURRENCE('34','D18','',#5,#195,$);
#2083 = CONTEXT_DEPENDENT_SHAPE_REPRESENTATION(#2084,#2086);
#2084 = ( REPRESENTATION_RELATIONSHIP('','',#200,#10) 
REPRESENTATION_RELATIONSHIP_WITH_TRANSFORMATION(#2085) 
SHAPE_REPRESENTATION_RELATIONSHIP() );
#2085 = ITEM_DEFINED_TRANSFORMATION('','',#11,#147);
#2086 = PRODUCT_DEFINITION_SHAPE('Placement','Placement of an item',
  #2087);
#2087 = NEXT_ASSEMBLY_USAGE_OCCURRENCE('35','D5','',#5,#195,$);
#2088 = CONTEXT_DEPENDENT_SHAPE_REPRESENTATION(#2089,#2091);
#2089 = ( REPRESENTATION_RELATIONSHIP('','',#200,#10) 
REPRESENTATION_RELATIONSHIP_WITH_TRANSFORMATION(#2090) 
SHAPE_REPRESENTATION_RELATIONSHIP() );
#2090 = ITEM_DEFINED_TRANSFORMATION('','',#11,#151);
#2091 = PRODUCT_DEFINITION_SHAPE('Placement','Placement of an item',
  #2092);
#2092 = NEXT_ASSEMBLY_USAGE_OCCURRENCE('36','D17','',#5,#195,$);
#2093 = CONTEXT_DEPENDENT_SHAPE_REPRESENTATION(#2094,#2096);
#2094 = ( REPRESENTATION_RELATIONSHIP('','',#200,#10) 
REPRESENTATION_RELATIONSHIP_WITH_TRANSFORMATION(#2095) 
SHAPE_REPRESENTATION_RELATIONSHIP() );
#2095 = ITEM_DEFINED_TRANSFORMATION('','',#11,#155);
#2096 = PRODUCT_DEFINITION_SHAPE('Placement','Placement of an item',
  #2097);
#2097 = NEXT_ASSEMBLY_USAGE_OCCURRENCE('37','D7','',#5,#195,$);
#2098 = CONTEXT_DEPENDENT_SHAPE_REPRESENTATION(#2099,#2101);
#2099 = ( REPRESENTATION_RELATIONSHIP('','',#200,#10) 
REPRESENTATION_RELATIONSHIP_WITH_TRANSFORMATION(#2100) 
SHAPE_REPRESENTATION_RELATIONSHIP() );
#2100 = ITEM_DEFINED_TRANSFORMATION('','',#11,#159);
#2101 = PRODUCT_DEFINITION_SHAPE('Placement','Placement of an item',
  #2102);
#2102 = NEXT_ASSEMBLY_USAGE_OCCURRENCE('38','D24','',#5,#195,$);
#2103 = SHAPE_DEFINITION_REPRESENTATION(#2104,#2110);
#2104 = PRODUCT_DEFINITION_SHAPE('','',#2105);
#2105 = PRODUCT_DEFINITION('design','',#2106,#2109);
#2106 = PRODUCT_DEFINITION_FORMATION('','',#2107);
#2107 = PRODUCT('R_0805_2012Metric','R_0805_2012Metric','',(#2108));
#2108 = PRODUCT_CONTEXT('',#2,'mechanical');
#2109 = PRODUCT_DEFINITION_CONTEXT('part definition',#2,'design');
#2110 = SHAPE_REPRESENTATION('',(#11,#2111),#2115);
#2111 = AXIS2_PLACEMENT_3D('',#2112,#2113,#2114);
#2112 = CARTESIAN_POINT('',(0.,0.,0.));
#2113 = DIRECTION('',(0.,0.,1.));
#2114 = DIRECTION('',(1.,0.,-0.));
#2115 = ( GEOMETRIC_REPRESENTATION_CONTEXT(3) 
GLOBAL_UNCERTAINTY_ASSIGNED_CONTEXT((#2119)) 
GLOBAL_UNIT_ASSIGNED_CONTEXT((#2116,#2117,#2118)) REPRESENTATION_CONTEXT
('Context #1','3D Context with UNIT and UNCERTAINTY') );
#2116 = ( LENGTH_UNIT() NAMED_UNIT(*) SI_UNIT(.MILLI.,.METRE.) );
#2117 = ( NAMED_UNIT(*) PLANE_ANGLE_UNIT() SI_UNIT($,.RADIAN.) );
#2118 = ( NAMED_UNIT(*) SI_UNIT($,.STERADIAN.) SOLID_ANGLE_UNIT() );
#2119 = UNCERTAINTY_MEASURE_WITH_UNIT(LENGTH_MEASURE(1.E-07),#2116,
  'distance_accuracy_value','confusion accuracy');
#2120 = CONTEXT_DEPENDENT_SHAPE_REPRESENTATION(#2121,#2123);
#2121 = ( REPRESENTATION_RELATIONSHIP('','',#2110,#10) 
REPRESENTATION_RELATIONSHIP_WITH_TRANSFORMATION(#2122) 
SHAPE_REPRESENTATION_RELATIONSHIP() );
#2122 = ITEM_DEFINED_TRANSFORMATION('','',#11,#163);
#2123 = PRODUCT_DEFINITION_SHAPE('Placement','Placement of an item',
  #2124);
#2124 = NEXT_ASSEMBLY_USAGE_OCCURRENCE('40','R1','',#5,#2105,$);
#2125 = PRODUCT_RELATED_PRODUCT_CATEGORY('part',$,(#2107));
#2126 = SHAPE_DEFINITION_REPRESENTATION(#2127,#2133);
#2127 = PRODUCT_DEFINITION_SHAPE('','',#2128);
#2128 = PRODUCT_DEFINITION('design','',#2129,#2132);
#2129 = PRODUCT_DEFINITION_FORMATION('','',#2130);
#2130 = PRODUCT('R_0805_2012Metric','R_0805_2012Metric','',(#2131));
#2131 = PRODUCT_CONTEXT('',#2,'mechanical');
#2132 = PRODUCT_DEFINITION_CONTEXT('part definition',#2,'design');
#2133 = ADVANCED_BREP_SHAPE_REPRESENTATION('',(#11,#2134),#2924);
#2134 = MANIFOLD_SOLID_BREP('',#2135);
#2135 = CLOSED_SHELL('',(#2136,#2176,#2259,#2284,#2309,#2376,#2393,#2410
    ,#2459,#2476,#2493,#2542,#2559,#2628,#2659,#2683,#2752,#2776,#2793,
    #2810,#2827,#2844,#2861,#2878,#2895,#2912));
#2136 = ADVANCED_FACE('',(#2137),#2171,.F.);
#2137 = FACE_BOUND('',#2138,.F.);
#2138 = EDGE_LOOP('',(#2139,#2149,#2157,#2165));
#2139 = ORIENTED_EDGE('',*,*,#2140,.F.);
#2140 = EDGE_CURVE('',#2141,#2143,#2145,.T.);
#2141 = VERTEX_POINT('',#2142);
#2142 = CARTESIAN_POINT('',(-1.,-0.6,4.5E-02));
#2143 = VERTEX_POINT('',#2144);
#2144 = CARTESIAN_POINT('',(-1.,-0.6,0.405));
#2145 = LINE('',#2146,#2147);
#2146 = CARTESIAN_POINT('',(-1.,-0.6,0.));
#2147 = VECTOR('',#2148,1.);
#2148 = DIRECTION('',(0.,0.,1.));
#2149 = ORIENTED_EDGE('',*,*,#2150,.T.);
#2150 = EDGE_CURVE('',#2141,#2151,#2153,.T.);
#2151 = VERTEX_POINT('',#2152);
#2152 = CARTESIAN_POINT('',(-1.,0.6,4.5E-02));
#2153 = LINE('',#2154,#2155);
#2154 = CARTESIAN_POINT('',(-1.,-0.6,4.5E-02));
#2155 = VECTOR('',#2156,1.);
#2156 = DIRECTION('',(0.,1.,0.));
#2157 = ORIENTED_EDGE('',*,*,#2158,.T.);
#2158 = EDGE_CURVE('',#2151,#2159,#2161,.T.);
#2159 = VERTEX_POINT('',#2160);
#2160 = CARTESIAN_POINT('',(-1.,0.6,0.405));
#2161 = LINE('',#2162,#2163);
#2162 = CARTESIAN_POINT('',(-1.,0.6,0.));
#2163 = VECTOR('',#2164,1.);
#2164 = DIRECTION('',(0.,0.,1.));
#2165 = ORIENTED_EDGE('',*,*,#2166,.F.);
#2166 = EDGE_CURVE('',#2143,#2159,#2167,.T.);
#2167 = LINE('',#2168,#2169);
#2168 = CARTESIAN_POINT('',(-1.,-0.6,0.405));
#2169 = VECTOR('',#2170,1.);
#2170 = DIRECTION('',(0.,1.,0.));
#2171 = PLANE('',#2172);
#2172 = AXIS2_PLACEMENT_3D('',#2173,#2174,#2175);
#2173 = CARTESIAN_POINT('',(-1.,-0.6,0.));
#2174 = DIRECTION('',(1.,0.,0.));
#2175 = DIRECTION('',(0.,0.,1.));
#2176 = ADVANCED_FACE('',(#2177),#2254,.F.);
#2177 = FACE_BOUND('',#2178,.F.);
#2178 = EDGE_LOOP('',(#2179,#2189,#2196,#2197,#2206,#2214,#2223,#2231,
    #2239,#2247));
#2179 = ORIENTED_EDGE('',*,*,#2180,.F.);
#2180 = EDGE_CURVE('',#2181,#2183,#2185,.T.);
#2181 = VERTEX_POINT('',#2182);
#2182 = CARTESIAN_POINT('',(-0.955,-0.6,-2.775557561563E-17));
#2183 = VERTEX_POINT('',#2184);
#2184 = CARTESIAN_POINT('',(-0.745,-0.6,-2.775557561563E-17));
#2185 = LINE('',#2186,#2187);
#2186 = CARTESIAN_POINT('',(-1.,-0.6,0.));
#2187 = VECTOR('',#2188,1.);
#2188 = DIRECTION('',(1.,0.,0.));
#2189 = ORIENTED_EDGE('',*,*,#2190,.F.);
#2190 = EDGE_CURVE('',#2141,#2181,#2191,.T.);
#2191 = CIRCLE('',#2192,4.5E-02);
#2192 = AXIS2_PLACEMENT_3D('',#2193,#2194,#2195);
#2193 = CARTESIAN_POINT('',(-0.955,-0.6,4.5E-02));
#2194 = DIRECTION('',(0.,-1.,0.));
#2195 = DIRECTION('',(0.,0.,1.));
#2196 = ORIENTED_EDGE('',*,*,#2140,.T.);
#2197 = ORIENTED_EDGE('',*,*,#2198,.T.);
#2198 = EDGE_CURVE('',#2143,#2199,#2201,.T.);
#2199 = VERTEX_POINT('',#2200);
#2200 = CARTESIAN_POINT('',(-0.955,-0.6,0.45));
#2201 = CIRCLE('',#2202,4.5E-02);
#2202 = AXIS2_PLACEMENT_3D('',#2203,#2204,#2205);
#2203 = CARTESIAN_POINT('',(-0.955,-0.6,0.405));
#2204 = DIRECTION('',(0.,1.,0.));
#2205 = DIRECTION('',(0.,-0.,1.));
#2206 = ORIENTED_EDGE('',*,*,#2207,.T.);
#2207 = EDGE_CURVE('',#2199,#2208,#2210,.T.);
#2208 = VERTEX_POINT('',#2209);
#2209 = CARTESIAN_POINT('',(-0.745,-0.6,0.45));
#2210 = LINE('',#2211,#2212);
#2211 = CARTESIAN_POINT('',(-1.,-0.6,0.45));
#2212 = VECTOR('',#2213,1.);
#2213 = DIRECTION('',(1.,0.,0.));
#2214 = ORIENTED_EDGE('',*,*,#2215,.F.);
#2215 = EDGE_CURVE('',#2216,#2208,#2218,.T.);
#2216 = VERTEX_POINT('',#2217);
#2217 = CARTESIAN_POINT('',(-0.7,-0.6,0.405));
#2218 = CIRCLE('',#2219,4.5E-02);
#2219 = AXIS2_PLACEMENT_3D('',#2220,#2221,#2222);
#2220 = CARTESIAN_POINT('',(-0.745,-0.6,0.405));
#2221 = DIRECTION('',(0.,-1.,0.));
#2222 = DIRECTION('',(0.,0.,1.));
#2223 = ORIENTED_EDGE('',*,*,#2224,.F.);
#2224 = EDGE_CURVE('',#2225,#2216,#2227,.T.);
#2225 = VERTEX_POINT('',#2226);
#2226 = CARTESIAN_POINT('',(-0.955,-0.6,0.405));
#2227 = LINE('',#2228,#2229);
#2228 = CARTESIAN_POINT('',(-0.955,-0.6,0.405));
#2229 = VECTOR('',#2230,1.);
#2230 = DIRECTION('',(1.,0.,0.));
#2231 = ORIENTED_EDGE('',*,*,#2232,.F.);
#2232 = EDGE_CURVE('',#2233,#2225,#2235,.T.);
#2233 = VERTEX_POINT('',#2234);
#2234 = CARTESIAN_POINT('',(-0.955,-0.6,4.5E-02));
#2235 = LINE('',#2236,#2237);
#2236 = CARTESIAN_POINT('',(-0.955,-0.6,4.5E-02));
#2237 = VECTOR('',#2238,1.);
#2238 = DIRECTION('',(0.,0.,1.));
#2239 = ORIENTED_EDGE('',*,*,#2240,.T.);
#2240 = EDGE_CURVE('',#2233,#2241,#2243,.T.);
#2241 = VERTEX_POINT('',#2242);
#2242 = CARTESIAN_POINT('',(-0.7,-0.6,4.5E-02));
#2243 = LINE('',#2244,#2245);
#2244 = CARTESIAN_POINT('',(-0.955,-0.6,4.5E-02));
#2245 = VECTOR('',#2246,1.);
#2246 = DIRECTION('',(1.,0.,0.));
#2247 = ORIENTED_EDGE('',*,*,#2248,.T.);
#2248 = EDGE_CURVE('',#2241,#2183,#2249,.T.);
#2249 = CIRCLE('',#2250,4.5E-02);
#2250 = AXIS2_PLACEMENT_3D('',#2251,#2252,#2253);
#2251 = CARTESIAN_POINT('',(-0.745,-0.6,4.5E-02));
#2252 = DIRECTION('',(0.,1.,0.));
#2253 = DIRECTION('',(0.,-0.,1.));
#2254 = PLANE('',#2255);
#2255 = AXIS2_PLACEMENT_3D('',#2256,#2257,#2258);
#2256 = CARTESIAN_POINT('',(-1.,-0.6,0.));
#2257 = DIRECTION('',(0.,1.,0.));
#2258 = DIRECTION('',(0.,-0.,1.));
#2259 = ADVANCED_FACE('',(#2260),#2279,.T.);
#2260 = FACE_BOUND('',#2261,.T.);
#2261 = EDGE_LOOP('',(#2262,#2263,#2272,#2278));
#2262 = ORIENTED_EDGE('',*,*,#2150,.T.);
#2263 = ORIENTED_EDGE('',*,*,#2264,.T.);
#2264 = EDGE_CURVE('',#2151,#2265,#2267,.T.);
#2265 = VERTEX_POINT('',#2266);
#2266 = CARTESIAN_POINT('',(-0.955,0.6,-2.775557561563E-17));
#2267 = CIRCLE('',#2268,4.5E-02);
#2268 = AXIS2_PLACEMENT_3D('',#2269,#2270,#2271);
#2269 = CARTESIAN_POINT('',(-0.955,0.6,4.5E-02));
#2270 = DIRECTION('',(0.,-1.,0.));
#2271 = DIRECTION('',(0.,0.,1.));
#2272 = ORIENTED_EDGE('',*,*,#2273,.F.);
#2273 = EDGE_CURVE('',#2181,#2265,#2274,.T.);
#2274 = LINE('',#2275,#2276);
#2275 = CARTESIAN_POINT('',(-0.955,-0.6,-2.775557561563E-17));
#2276 = VECTOR('',#2277,1.);
#2277 = DIRECTION('',(0.,1.,0.));
#2278 = ORIENTED_EDGE('',*,*,#2190,.F.);
#2279 = CYLINDRICAL_SURFACE('',#2280,4.5E-02);
#2280 = AXIS2_PLACEMENT_3D('',#2281,#2282,#2283);
#2281 = CARTESIAN_POINT('',(-0.955,-0.6,4.5E-02));
#2282 = DIRECTION('',(0.,1.,0.));
#2283 = DIRECTION('',(-1.,0.,0.));
#2284 = ADVANCED_FACE('',(#2285),#2304,.T.);
#2285 = FACE_BOUND('',#2286,.T.);
#2286 = EDGE_LOOP('',(#2287,#2288,#2296,#2303));
#2287 = ORIENTED_EDGE('',*,*,#2198,.T.);
#2288 = ORIENTED_EDGE('',*,*,#2289,.T.);
#2289 = EDGE_CURVE('',#2199,#2290,#2292,.T.);
#2290 = VERTEX_POINT('',#2291);
#2291 = CARTESIAN_POINT('',(-0.955,0.6,0.45));
#2292 = LINE('',#2293,#2294);
#2293 = CARTESIAN_POINT('',(-0.955,-0.6,0.45));
#2294 = VECTOR('',#2295,1.);
#2295 = DIRECTION('',(0.,1.,0.));
#2296 = ORIENTED_EDGE('',*,*,#2297,.F.);
#2297 = EDGE_CURVE('',#2159,#2290,#2298,.T.);
#2298 = CIRCLE('',#2299,4.5E-02);
#2299 = AXIS2_PLACEMENT_3D('',#2300,#2301,#2302);
#2300 = CARTESIAN_POINT('',(-0.955,0.6,0.405));
#2301 = DIRECTION('',(0.,1.,0.));
#2302 = DIRECTION('',(0.,-0.,1.));
#2303 = ORIENTED_EDGE('',*,*,#2166,.F.);
#2304 = CYLINDRICAL_SURFACE('',#2305,4.5E-02);
#2305 = AXIS2_PLACEMENT_3D('',#2306,#2307,#2308);
#2306 = CARTESIAN_POINT('',(-0.955,-0.6,0.405));
#2307 = DIRECTION('',(0.,1.,0.));
#2308 = DIRECTION('',(-1.,0.,0.));
#2309 = ADVANCED_FACE('',(#2310),#2371,.T.);
#2310 = FACE_BOUND('',#2311,.T.);
#2311 = EDGE_LOOP('',(#2312,#2320,#2321,#2322,#2323,#2331,#2340,#2348,
    #2356,#2364));
#2312 = ORIENTED_EDGE('',*,*,#2313,.F.);
#2313 = EDGE_CURVE('',#2265,#2314,#2316,.T.);
#2314 = VERTEX_POINT('',#2315);
#2315 = CARTESIAN_POINT('',(-0.745,0.6,-2.775557561563E-17));
#2316 = LINE('',#2317,#2318);
#2317 = CARTESIAN_POINT('',(-1.,0.6,0.));
#2318 = VECTOR('',#2319,1.);
#2319 = DIRECTION('',(1.,0.,0.));
#2320 = ORIENTED_EDGE('',*,*,#2264,.F.);
#2321 = ORIENTED_EDGE('',*,*,#2158,.T.);
#2322 = ORIENTED_EDGE('',*,*,#2297,.T.);
#2323 = ORIENTED_EDGE('',*,*,#2324,.T.);
#2324 = EDGE_CURVE('',#2290,#2325,#2327,.T.);
#2325 = VERTEX_POINT('',#2326);
#2326 = CARTESIAN_POINT('',(-0.745,0.6,0.45));
#2327 = LINE('',#2328,#2329);
#2328 = CARTESIAN_POINT('',(-1.,0.6,0.45));
#2329 = VECTOR('',#2330,1.);
#2330 = DIRECTION('',(1.,0.,0.));
#2331 = ORIENTED_EDGE('',*,*,#2332,.F.);
#2332 = EDGE_CURVE('',#2333,#2325,#2335,.T.);
#2333 = VERTEX_POINT('',#2334);
#2334 = CARTESIAN_POINT('',(-0.7,0.6,0.405));
#2335 = CIRCLE('',#2336,4.5E-02);
#2336 = AXIS2_PLACEMENT_3D('',#2337,#2338,#2339);
#2337 = CARTESIAN_POINT('',(-0.745,0.6,0.405));
#2338 = DIRECTION('',(0.,-1.,0.));
#2339 = DIRECTION('',(0.,0.,1.));
#2340 = ORIENTED_EDGE('',*,*,#2341,.F.);
#2341 = EDGE_CURVE('',#2342,#2333,#2344,.T.);
#2342 = VERTEX_POINT('',#2343);
#2343 = CARTESIAN_POINT('',(-0.955,0.6,0.405));
#2344 = LINE('',#2345,#2346);
#2345 = CARTESIAN_POINT('',(-0.955,0.6,0.405));
#2346 = VECTOR('',#2347,1.);
#2347 = DIRECTION('',(1.,0.,0.));
#2348 = ORIENTED_EDGE('',*,*,#2349,.F.);
#2349 = EDGE_CURVE('',#2350,#2342,#2352,.T.);
#2350 = VERTEX_POINT('',#2351);
#2351 = CARTESIAN_POINT('',(-0.955,0.6,4.5E-02));
#2352 = LINE('',#2353,#2354);
#2353 = CARTESIAN_POINT('',(-0.955,0.6,4.5E-02));
#2354 = VECTOR('',#2355,1.);
#2355 = DIRECTION('',(0.,0.,1.));
#2356 = ORIENTED_EDGE('',*,*,#2357,.T.);
#2357 = EDGE_CURVE('',#2350,#2358,#2360,.T.);
#2358 = VERTEX_POINT('',#2359);
#2359 = CARTESIAN_POINT('',(-0.7,0.6,4.5E-02));
#2360 = LINE('',#2361,#2362);
#2361 = CARTESIAN_POINT('',(-0.955,0.6,4.5E-02));
#2362 = VECTOR('',#2363,1.);
#2363 = DIRECTION('',(1.,0.,0.));
#2364 = ORIENTED_EDGE('',*,*,#2365,.T.);
#2365 = EDGE_CURVE('',#2358,#2314,#2366,.T.);
#2366 = CIRCLE('',#2367,4.5E-02);
#2367 = AXIS2_PLACEMENT_3D('',#2368,#2369,#2370);
#2368 = CARTESIAN_POINT('',(-0.745,0.6,4.5E-02));
#2369 = DIRECTION('',(0.,1.,0.));
#2370 = DIRECTION('',(0.,-0.,1.));
#2371 = PLANE('',#2372);
#2372 = AXIS2_PLACEMENT_3D('',#2373,#2374,#2375);
#2373 = CARTESIAN_POINT('',(-1.,0.6,0.));
#2374 = DIRECTION('',(0.,1.,0.));
#2375 = DIRECTION('',(0.,-0.,1.));
#2376 = ADVANCED_FACE('',(#2377),#2388,.F.);
#2377 = FACE_BOUND('',#2378,.F.);
#2378 = EDGE_LOOP('',(#2379,#2380,#2381,#2382));
#2379 = ORIENTED_EDGE('',*,*,#2313,.F.);
#2380 = ORIENTED_EDGE('',*,*,#2273,.F.);
#2381 = ORIENTED_EDGE('',*,*,#2180,.T.);
#2382 = ORIENTED_EDGE('',*,*,#2383,.T.);
#2383 = EDGE_CURVE('',#2183,#2314,#2384,.T.);
#2384 = LINE('',#2385,#2386);
#2385 = CARTESIAN_POINT('',(-0.745,-0.6,-2.775557561563E-17));
#2386 = VECTOR('',#2387,1.);
#2387 = DIRECTION('',(0.,1.,0.));
#2388 = PLANE('',#2389);
#2389 = AXIS2_PLACEMENT_3D('',#2390,#2391,#2392);
#2390 = CARTESIAN_POINT('',(-1.,-0.6,0.));
#2391 = DIRECTION('',(0.,0.,1.));
#2392 = DIRECTION('',(1.,0.,-0.));
#2393 = ADVANCED_FACE('',(#2394),#2405,.T.);
#2394 = FACE_BOUND('',#2395,.T.);
#2395 = EDGE_LOOP('',(#2396,#2397,#2398,#2399));
#2396 = ORIENTED_EDGE('',*,*,#2248,.T.);
#2397 = ORIENTED_EDGE('',*,*,#2383,.T.);
#2398 = ORIENTED_EDGE('',*,*,#2365,.F.);
#2399 = ORIENTED_EDGE('',*,*,#2400,.F.);
#2400 = EDGE_CURVE('',#2241,#2358,#2401,.T.);
#2401 = LINE('',#2402,#2403);
#2402 = CARTESIAN_POINT('',(-0.7,-0.6,4.5E-02));
#2403 = VECTOR('',#2404,1.);
#2404 = DIRECTION('',(0.,1.,0.));
#2405 = CYLINDRICAL_SURFACE('',#2406,4.5E-02);
#2406 = AXIS2_PLACEMENT_3D('',#2407,#2408,#2409);
#2407 = CARTESIAN_POINT('',(-0.745,-0.6,4.5E-02));
#2408 = DIRECTION('',(0.,1.,0.));
#2409 = DIRECTION('',(1.,0.,0.));
#2410 = ADVANCED_FACE('',(#2411),#2454,.F.);
#2411 = FACE_BOUND('',#2412,.F.);
#2412 = EDGE_LOOP('',(#2413,#2414,#2415,#2416,#2424,#2432,#2440,#2448));
#2413 = ORIENTED_EDGE('',*,*,#2240,.F.);
#2414 = ORIENTED_EDGE('',*,*,#2232,.T.);
#2415 = ORIENTED_EDGE('',*,*,#2224,.T.);
#2416 = ORIENTED_EDGE('',*,*,#2417,.T.);
#2417 = EDGE_CURVE('',#2216,#2418,#2420,.T.);
#2418 = VERTEX_POINT('',#2419);
#2419 = CARTESIAN_POINT('',(0.7,-0.6,0.405));
#2420 = LINE('',#2421,#2422);
#2421 = CARTESIAN_POINT('',(-0.7,-0.6,0.405));
#2422 = VECTOR('',#2423,1.);
#2423 = DIRECTION('',(1.,0.,0.));
#2424 = ORIENTED_EDGE('',*,*,#2425,.T.);
#2425 = EDGE_CURVE('',#2418,#2426,#2428,.T.);
#2426 = VERTEX_POINT('',#2427);
#2427 = CARTESIAN_POINT('',(0.955,-0.6,0.405));
#2428 = LINE('',#2429,#2430);
#2429 = CARTESIAN_POINT('',(-0.955,-0.6,0.405));
#2430 = VECTOR('',#2431,1.);
#2431 = DIRECTION('',(1.,0.,0.));
#2432 = ORIENTED_EDGE('',*,*,#2433,.F.);
#2433 = EDGE_CURVE('',#2434,#2426,#2436,.T.);
#2434 = VERTEX_POINT('',#2435);
#2435 = CARTESIAN_POINT('',(0.955,-0.6,4.5E-02));
#2436 = LINE('',#2437,#2438);
#2437 = CARTESIAN_POINT('',(0.955,-0.6,4.5E-02));
#2438 = VECTOR('',#2439,1.);
#2439 = DIRECTION('',(0.,0.,1.));
#2440 = ORIENTED_EDGE('',*,*,#2441,.F.);
#2441 = EDGE_CURVE('',#2442,#2434,#2444,.T.);
#2442 = VERTEX_POINT('',#2443);
#2443 = CARTESIAN_POINT('',(0.7,-0.6,4.5E-02));
#2444 = LINE('',#2445,#2446);
#2445 = CARTESIAN_POINT('',(-0.955,-0.6,4.5E-02));
#2446 = VECTOR('',#2447,1.);
#2447 = DIRECTION('',(1.,0.,0.));
#2448 = ORIENTED_EDGE('',*,*,#2449,.F.);
#2449 = EDGE_CURVE('',#2241,#2442,#2450,.T.);
#2450 = LINE('',#2451,#2452);
#2451 = CARTESIAN_POINT('',(-0.955,-0.6,4.5E-02));
#2452 = VECTOR('',#2453,1.);
#2453 = DIRECTION('',(1.,0.,0.));
#2454 = PLANE('',#2455);
#2455 = AXIS2_PLACEMENT_3D('',#2456,#2457,#2458);
#2456 = CARTESIAN_POINT('',(-0.955,-0.6,4.5E-02));
#2457 = DIRECTION('',(0.,1.,0.));
#2458 = DIRECTION('',(0.,-0.,1.));
#2459 = ADVANCED_FACE('',(#2460),#2471,.T.);
#2460 = FACE_BOUND('',#2461,.T.);
#2461 = EDGE_LOOP('',(#2462,#2463,#2464,#2465));
#2462 = ORIENTED_EDGE('',*,*,#2324,.F.);
#2463 = ORIENTED_EDGE('',*,*,#2289,.F.);
#2464 = ORIENTED_EDGE('',*,*,#2207,.T.);
#2465 = ORIENTED_EDGE('',*,*,#2466,.T.);
#2466 = EDGE_CURVE('',#2208,#2325,#2467,.T.);
#2467 = LINE('',#2468,#2469);
#2468 = CARTESIAN_POINT('',(-0.745,-0.6,0.45));
#2469 = VECTOR('',#2470,1.);
#2470 = DIRECTION('',(0.,1.,0.));
#2471 = PLANE('',#2472);
#2472 = AXIS2_PLACEMENT_3D('',#2473,#2474,#2475);
#2473 = CARTESIAN_POINT('',(-1.,-0.6,0.45));
#2474 = DIRECTION('',(0.,0.,1.));
#2475 = DIRECTION('',(1.,0.,-0.));
#2476 = ADVANCED_FACE('',(#2477),#2488,.T.);
#2477 = FACE_BOUND('',#2478,.T.);
#2478 = EDGE_LOOP('',(#2479,#2485,#2486,#2487));
#2479 = ORIENTED_EDGE('',*,*,#2480,.T.);
#2480 = EDGE_CURVE('',#2216,#2333,#2481,.T.);
#2481 = LINE('',#2482,#2483);
#2482 = CARTESIAN_POINT('',(-0.7,-0.6,0.405));
#2483 = VECTOR('',#2484,1.);
#2484 = DIRECTION('',(0.,1.,0.));
#2485 = ORIENTED_EDGE('',*,*,#2332,.T.);
#2486 = ORIENTED_EDGE('',*,*,#2466,.F.);
#2487 = ORIENTED_EDGE('',*,*,#2215,.F.);
#2488 = CYLINDRICAL_SURFACE('',#2489,4.5E-02);
#2489 = AXIS2_PLACEMENT_3D('',#2490,#2491,#2492);
#2490 = CARTESIAN_POINT('',(-0.745,-0.6,0.405));
#2491 = DIRECTION('',(0.,1.,0.));
#2492 = DIRECTION('',(1.,0.,0.));
#2493 = ADVANCED_FACE('',(#2494),#2537,.T.);
#2494 = FACE_BOUND('',#2495,.T.);
#2495 = EDGE_LOOP('',(#2496,#2497,#2498,#2499,#2507,#2515,#2523,#2531));
#2496 = ORIENTED_EDGE('',*,*,#2357,.F.);
#2497 = ORIENTED_EDGE('',*,*,#2349,.T.);
#2498 = ORIENTED_EDGE('',*,*,#2341,.T.);
#2499 = ORIENTED_EDGE('',*,*,#2500,.T.);
#2500 = EDGE_CURVE('',#2333,#2501,#2503,.T.);
#2501 = VERTEX_POINT('',#2502);
#2502 = CARTESIAN_POINT('',(0.7,0.6,0.405));
#2503 = LINE('',#2504,#2505);
#2504 = CARTESIAN_POINT('',(-0.7,0.6,0.405));
#2505 = VECTOR('',#2506,1.);
#2506 = DIRECTION('',(1.,0.,0.));
#2507 = ORIENTED_EDGE('',*,*,#2508,.T.);
#2508 = EDGE_CURVE('',#2501,#2509,#2511,.T.);
#2509 = VERTEX_POINT('',#2510);
#2510 = CARTESIAN_POINT('',(0.955,0.6,0.405));
#2511 = LINE('',#2512,#2513);
#2512 = CARTESIAN_POINT('',(-0.955,0.6,0.405));
#2513 = VECTOR('',#2514,1.);
#2514 = DIRECTION('',(1.,0.,0.));
#2515 = ORIENTED_EDGE('',*,*,#2516,.F.);
#2516 = EDGE_CURVE('',#2517,#2509,#2519,.T.);
#2517 = VERTEX_POINT('',#2518);
#2518 = CARTESIAN_POINT('',(0.955,0.6,4.5E-02));
#2519 = LINE('',#2520,#2521);
#2520 = CARTESIAN_POINT('',(0.955,0.6,4.5E-02));
#2521 = VECTOR('',#2522,1.);
#2522 = DIRECTION('',(0.,0.,1.));
#2523 = ORIENTED_EDGE('',*,*,#2524,.F.);
#2524 = EDGE_CURVE('',#2525,#2517,#2527,.T.);
#2525 = VERTEX_POINT('',#2526);
#2526 = CARTESIAN_POINT('',(0.7,0.6,4.5E-02));
#2527 = LINE('',#2528,#2529);
#2528 = CARTESIAN_POINT('',(-0.955,0.6,4.5E-02));
#2529 = VECTOR('',#2530,1.);
#2530 = DIRECTION('',(1.,0.,0.));
#2531 = ORIENTED_EDGE('',*,*,#2532,.F.);
#2532 = EDGE_CURVE('',#2358,#2525,#2533,.T.);
#2533 = LINE('',#2534,#2535);
#2534 = CARTESIAN_POINT('',(-0.955,0.6,4.5E-02));
#2535 = VECTOR('',#2536,1.);
#2536 = DIRECTION('',(1.,0.,0.));
#2537 = PLANE('',#2538);
#2538 = AXIS2_PLACEMENT_3D('',#2539,#2540,#2541);
#2539 = CARTESIAN_POINT('',(-0.955,0.6,4.5E-02));
#2540 = DIRECTION('',(0.,1.,0.));
#2541 = DIRECTION('',(0.,-0.,1.));
#2542 = ADVANCED_FACE('',(#2543),#2554,.F.);
#2543 = FACE_BOUND('',#2544,.F.);
#2544 = EDGE_LOOP('',(#2545,#2546,#2547,#2553));
#2545 = ORIENTED_EDGE('',*,*,#2400,.F.);
#2546 = ORIENTED_EDGE('',*,*,#2449,.T.);
#2547 = ORIENTED_EDGE('',*,*,#2548,.T.);
#2548 = EDGE_CURVE('',#2442,#2525,#2549,.T.);
#2549 = LINE('',#2550,#2551);
#2550 = CARTESIAN_POINT('',(0.7,-0.6,4.5E-02));
#2551 = VECTOR('',#2552,1.);
#2552 = DIRECTION('',(0.,1.,0.));
#2553 = ORIENTED_EDGE('',*,*,#2532,.F.);
#2554 = PLANE('',#2555);
#2555 = AXIS2_PLACEMENT_3D('',#2556,#2557,#2558);
#2556 = CARTESIAN_POINT('',(-0.955,-0.6,4.5E-02));
#2557 = DIRECTION('',(0.,0.,1.));
#2558 = DIRECTION('',(1.,0.,-0.));
#2559 = ADVANCED_FACE('',(#2560),#2623,.F.);
#2560 = FACE_BOUND('',#2561,.F.);
#2561 = EDGE_LOOP('',(#2562,#2572,#2579,#2580,#2581,#2582,#2591,#2599,
    #2608,#2616));
#2562 = ORIENTED_EDGE('',*,*,#2563,.F.);
#2563 = EDGE_CURVE('',#2564,#2566,#2568,.T.);
#2564 = VERTEX_POINT('',#2565);
#2565 = CARTESIAN_POINT('',(0.745,-0.6,-2.775557561563E-17));
#2566 = VERTEX_POINT('',#2567);
#2567 = CARTESIAN_POINT('',(0.955,-0.6,-2.775557561563E-17));
#2568 = LINE('',#2569,#2570);
#2569 = CARTESIAN_POINT('',(0.7,-0.6,0.));
#2570 = VECTOR('',#2571,1.);
#2571 = DIRECTION('',(1.,0.,0.));
#2572 = ORIENTED_EDGE('',*,*,#2573,.F.);
#2573 = EDGE_CURVE('',#2442,#2564,#2574,.T.);
#2574 = CIRCLE('',#2575,4.5E-02);
#2575 = AXIS2_PLACEMENT_3D('',#2576,#2577,#2578);
#2576 = CARTESIAN_POINT('',(0.745,-0.6,4.5E-02));
#2577 = DIRECTION('',(0.,-1.,0.));
#2578 = DIRECTION('',(0.,0.,1.));
#2579 = ORIENTED_EDGE('',*,*,#2441,.T.);
#2580 = ORIENTED_EDGE('',*,*,#2433,.T.);
#2581 = ORIENTED_EDGE('',*,*,#2425,.F.);
#2582 = ORIENTED_EDGE('',*,*,#2583,.T.);
#2583 = EDGE_CURVE('',#2418,#2584,#2586,.T.);
#2584 = VERTEX_POINT('',#2585);
#2585 = CARTESIAN_POINT('',(0.745,-0.6,0.45));
#2586 = CIRCLE('',#2587,4.5E-02);
#2587 = AXIS2_PLACEMENT_3D('',#2588,#2589,#2590);
#2588 = CARTESIAN_POINT('',(0.745,-0.6,0.405));
#2589 = DIRECTION('',(0.,1.,0.));
#2590 = DIRECTION('',(0.,-0.,1.));
#2591 = ORIENTED_EDGE('',*,*,#2592,.T.);
#2592 = EDGE_CURVE('',#2584,#2593,#2595,.T.);
#2593 = VERTEX_POINT('',#2594);
#2594 = CARTESIAN_POINT('',(0.955,-0.6,0.45));
#2595 = LINE('',#2596,#2597);
#2596 = CARTESIAN_POINT('',(0.7,-0.6,0.45));
#2597 = VECTOR('',#2598,1.);
#2598 = DIRECTION('',(1.,0.,0.));
#2599 = ORIENTED_EDGE('',*,*,#2600,.F.);
#2600 = EDGE_CURVE('',#2601,#2593,#2603,.T.);
#2601 = VERTEX_POINT('',#2602);
#2602 = CARTESIAN_POINT('',(1.,-0.6,0.405));
#2603 = CIRCLE('',#2604,4.5E-02);
#2604 = AXIS2_PLACEMENT_3D('',#2605,#2606,#2607);
#2605 = CARTESIAN_POINT('',(0.955,-0.6,0.405));
#2606 = DIRECTION('',(0.,-1.,0.));
#2607 = DIRECTION('',(0.,0.,1.));
#2608 = ORIENTED_EDGE('',*,*,#2609,.F.);
#2609 = EDGE_CURVE('',#2610,#2601,#2612,.T.);
#2610 = VERTEX_POINT('',#2611);
#2611 = CARTESIAN_POINT('',(1.,-0.6,4.5E-02));
#2612 = LINE('',#2613,#2614);
#2613 = CARTESIAN_POINT('',(1.,-0.6,0.));
#2614 = VECTOR('',#2615,1.);
#2615 = DIRECTION('',(0.,0.,1.));
#2616 = ORIENTED_EDGE('',*,*,#2617,.T.);
#2617 = EDGE_CURVE('',#2610,#2566,#2618,.T.);
#2618 = CIRCLE('',#2619,4.5E-02);
#2619 = AXIS2_PLACEMENT_3D('',#2620,#2621,#2622);
#2620 = CARTESIAN_POINT('',(0.955,-0.6,4.5E-02));
#2621 = DIRECTION('',(0.,1.,0.));
#2622 = DIRECTION('',(0.,-0.,1.));
#2623 = PLANE('',#2624);
#2624 = AXIS2_PLACEMENT_3D('',#2625,#2626,#2627);
#2625 = CARTESIAN_POINT('',(0.7,-0.6,0.));
#2626 = DIRECTION('',(0.,1.,0.));
#2627 = DIRECTION('',(0.,-0.,1.));
#2628 = ADVANCED_FACE('',(#2629),#2654,.F.);
#2629 = FACE_BOUND('',#2630,.F.);
#2630 = EDGE_LOOP('',(#2631,#2632,#2640,#2648));
#2631 = ORIENTED_EDGE('',*,*,#2417,.F.);
#2632 = ORIENTED_EDGE('',*,*,#2633,.T.);
#2633 = EDGE_CURVE('',#2216,#2634,#2636,.T.);
#2634 = VERTEX_POINT('',#2635);
#2635 = CARTESIAN_POINT('',(-0.7,-0.6,0.45));
#2636 = LINE('',#2637,#2638);
#2637 = CARTESIAN_POINT('',(-0.7,-0.6,0.405));
#2638 = VECTOR('',#2639,1.);
#2639 = DIRECTION('',(0.,0.,1.));
#2640 = ORIENTED_EDGE('',*,*,#2641,.T.);
#2641 = EDGE_CURVE('',#2634,#2642,#2644,.T.);
#2642 = VERTEX_POINT('',#2643);
#2643 = CARTESIAN_POINT('',(0.7,-0.6,0.45));
#2644 = LINE('',#2645,#2646);
#2645 = CARTESIAN_POINT('',(-0.7,-0.6,0.45));
#2646 = VECTOR('',#2647,1.);
#2647 = DIRECTION('',(1.,0.,0.));
#2648 = ORIENTED_EDGE('',*,*,#2649,.F.);
#2649 = EDGE_CURVE('',#2418,#2642,#2650,.T.);
#2650 = LINE('',#2651,#2652);
#2651 = CARTESIAN_POINT('',(0.7,-0.6,0.405));
#2652 = VECTOR('',#2653,1.);
#2653 = DIRECTION('',(0.,0.,1.));
#2654 = PLANE('',#2655);
#2655 = AXIS2_PLACEMENT_3D('',#2656,#2657,#2658);
#2656 = CARTESIAN_POINT('',(-0.7,-0.6,0.405));
#2657 = DIRECTION('',(0.,1.,0.));
#2658 = DIRECTION('',(0.,-0.,1.));
#2659 = ADVANCED_FACE('',(#2660),#2678,.F.);
#2660 = FACE_BOUND('',#2661,.F.);
#2661 = EDGE_LOOP('',(#2662,#2663,#2664,#2672));
#2662 = ORIENTED_EDGE('',*,*,#2633,.F.);
#2663 = ORIENTED_EDGE('',*,*,#2480,.T.);
#2664 = ORIENTED_EDGE('',*,*,#2665,.T.);
#2665 = EDGE_CURVE('',#2333,#2666,#2668,.T.);
#2666 = VERTEX_POINT('',#2667);
#2667 = CARTESIAN_POINT('',(-0.7,0.6,0.45));
#2668 = LINE('',#2669,#2670);
#2669 = CARTESIAN_POINT('',(-0.7,0.6,0.405));
#2670 = VECTOR('',#2671,1.);
#2671 = DIRECTION('',(0.,0.,1.));
#2672 = ORIENTED_EDGE('',*,*,#2673,.F.);
#2673 = EDGE_CURVE('',#2634,#2666,#2674,.T.);
#2674 = LINE('',#2675,#2676);
#2675 = CARTESIAN_POINT('',(-0.7,-0.6,0.45));
#2676 = VECTOR('',#2677,1.);
#2677 = DIRECTION('',(0.,1.,0.));
#2678 = PLANE('',#2679);
#2679 = AXIS2_PLACEMENT_3D('',#2680,#2681,#2682);
#2680 = CARTESIAN_POINT('',(-0.7,-0.6,0.405));
#2681 = DIRECTION('',(1.,0.,0.));
#2682 = DIRECTION('',(0.,0.,1.));
#2683 = ADVANCED_FACE('',(#2684),#2747,.T.);
#2684 = FACE_BOUND('',#2685,.T.);
#2685 = EDGE_LOOP('',(#2686,#2696,#2703,#2704,#2705,#2706,#2715,#2723,
    #2732,#2740));
#2686 = ORIENTED_EDGE('',*,*,#2687,.F.);
#2687 = EDGE_CURVE('',#2688,#2690,#2692,.T.);
#2688 = VERTEX_POINT('',#2689);
#2689 = CARTESIAN_POINT('',(0.745,0.6,-2.775557561563E-17));
#2690 = VERTEX_POINT('',#2691);
#2691 = CARTESIAN_POINT('',(0.955,0.6,-2.775557561563E-17));
#2692 = LINE('',#2693,#2694);
#2693 = CARTESIAN_POINT('',(0.7,0.6,0.));
#2694 = VECTOR('',#2695,1.);
#2695 = DIRECTION('',(1.,0.,0.));
#2696 = ORIENTED_EDGE('',*,*,#2697,.F.);
#2697 = EDGE_CURVE('',#2525,#2688,#2698,.T.);
#2698 = CIRCLE('',#2699,4.5E-02);
#2699 = AXIS2_PLACEMENT_3D('',#2700,#2701,#2702);
#2700 = CARTESIAN_POINT('',(0.745,0.6,4.5E-02));
#2701 = DIRECTION('',(0.,-1.,0.));
#2702 = DIRECTION('',(0.,0.,1.));
#2703 = ORIENTED_EDGE('',*,*,#2524,.T.);
#2704 = ORIENTED_EDGE('',*,*,#2516,.T.);
#2705 = ORIENTED_EDGE('',*,*,#2508,.F.);
#2706 = ORIENTED_EDGE('',*,*,#2707,.T.);
#2707 = EDGE_CURVE('',#2501,#2708,#2710,.T.);
#2708 = VERTEX_POINT('',#2709);
#2709 = CARTESIAN_POINT('',(0.745,0.6,0.45));
#2710 = CIRCLE('',#2711,4.5E-02);
#2711 = AXIS2_PLACEMENT_3D('',#2712,#2713,#2714);
#2712 = CARTESIAN_POINT('',(0.745,0.6,0.405));
#2713 = DIRECTION('',(0.,1.,0.));
#2714 = DIRECTION('',(0.,-0.,1.));
#2715 = ORIENTED_EDGE('',*,*,#2716,.T.);
#2716 = EDGE_CURVE('',#2708,#2717,#2719,.T.);
#2717 = VERTEX_POINT('',#2718);
#2718 = CARTESIAN_POINT('',(0.955,0.6,0.45));
#2719 = LINE('',#2720,#2721);
#2720 = CARTESIAN_POINT('',(0.7,0.6,0.45));
#2721 = VECTOR('',#2722,1.);
#2722 = DIRECTION('',(1.,0.,0.));
#2723 = ORIENTED_EDGE('',*,*,#2724,.F.);
#2724 = EDGE_CURVE('',#2725,#2717,#2727,.T.);
#2725 = VERTEX_POINT('',#2726);
#2726 = CARTESIAN_POINT('',(1.,0.6,0.405));
#2727 = CIRCLE('',#2728,4.5E-02);
#2728 = AXIS2_PLACEMENT_3D('',#2729,#2730,#2731);
#2729 = CARTESIAN_POINT('',(0.955,0.6,0.405));
#2730 = DIRECTION('',(0.,-1.,0.));
#2731 = DIRECTION('',(0.,0.,1.));
#2732 = ORIENTED_EDGE('',*,*,#2733,.F.);
#2733 = EDGE_CURVE('',#2734,#2725,#2736,.T.);
#2734 = VERTEX_POINT('',#2735);
#2735 = CARTESIAN_POINT('',(1.,0.6,4.5E-02));
#2736 = LINE('',#2737,#2738);
#2737 = CARTESIAN_POINT('',(1.,0.6,0.));
#2738 = VECTOR('',#2739,1.);
#2739 = DIRECTION('',(0.,0.,1.));
#2740 = ORIENTED_EDGE('',*,*,#2741,.T.);
#2741 = EDGE_CURVE('',#2734,#2690,#2742,.T.);
#2742 = CIRCLE('',#2743,4.5E-02);
#2743 = AXIS2_PLACEMENT_3D('',#2744,#2745,#2746);
#2744 = CARTESIAN_POINT('',(0.955,0.6,4.5E-02));
#2745 = DIRECTION('',(0.,1.,0.));
#2746 = DIRECTION('',(0.,-0.,1.));
#2747 = PLANE('',#2748);
#2748 = AXIS2_PLACEMENT_3D('',#2749,#2750,#2751);
#2749 = CARTESIAN_POINT('',(0.7,0.6,0.));
#2750 = DIRECTION('',(0.,1.,0.));
#2751 = DIRECTION('',(0.,-0.,1.));
#2752 = ADVANCED_FACE('',(#2753),#2771,.T.);
#2753 = FACE_BOUND('',#2754,.T.);
#2754 = EDGE_LOOP('',(#2755,#2756,#2757,#2765));
#2755 = ORIENTED_EDGE('',*,*,#2500,.F.);
#2756 = ORIENTED_EDGE('',*,*,#2665,.T.);
#2757 = ORIENTED_EDGE('',*,*,#2758,.T.);
#2758 = EDGE_CURVE('',#2666,#2759,#2761,.T.);
#2759 = VERTEX_POINT('',#2760);
#2760 = CARTESIAN_POINT('',(0.7,0.6,0.45));
#2761 = LINE('',#2762,#2763);
#2762 = CARTESIAN_POINT('',(-0.7,0.6,0.45));
#2763 = VECTOR('',#2764,1.);
#2764 = DIRECTION('',(1.,0.,0.));
#2765 = ORIENTED_EDGE('',*,*,#2766,.F.);
#2766 = EDGE_CURVE('',#2501,#2759,#2767,.T.);
#2767 = LINE('',#2768,#2769);
#2768 = CARTESIAN_POINT('',(0.7,0.6,0.405));
#2769 = VECTOR('',#2770,1.);
#2770 = DIRECTION('',(0.,0.,1.));
#2771 = PLANE('',#2772);
#2772 = AXIS2_PLACEMENT_3D('',#2773,#2774,#2775);
#2773 = CARTESIAN_POINT('',(-0.7,0.6,0.405));
#2774 = DIRECTION('',(0.,1.,0.));
#2775 = DIRECTION('',(0.,-0.,1.));
#2776 = ADVANCED_FACE('',(#2777),#2788,.T.);
#2777 = FACE_BOUND('',#2778,.T.);
#2778 = EDGE_LOOP('',(#2779,#2780,#2781,#2787));
#2779 = ORIENTED_EDGE('',*,*,#2548,.T.);
#2780 = ORIENTED_EDGE('',*,*,#2697,.T.);
#2781 = ORIENTED_EDGE('',*,*,#2782,.F.);
#2782 = EDGE_CURVE('',#2564,#2688,#2783,.T.);
#2783 = LINE('',#2784,#2785);
#2784 = CARTESIAN_POINT('',(0.745,-0.6,-2.775557561563E-17));
#2785 = VECTOR('',#2786,1.);
#2786 = DIRECTION('',(0.,1.,0.));
#2787 = ORIENTED_EDGE('',*,*,#2573,.F.);
#2788 = CYLINDRICAL_SURFACE('',#2789,4.5E-02);
#2789 = AXIS2_PLACEMENT_3D('',#2790,#2791,#2792);
#2790 = CARTESIAN_POINT('',(0.745,-0.6,4.5E-02));
#2791 = DIRECTION('',(0.,1.,0.));
#2792 = DIRECTION('',(-1.,0.,0.));
#2793 = ADVANCED_FACE('',(#2794),#2805,.F.);
#2794 = FACE_BOUND('',#2795,.F.);
#2795 = EDGE_LOOP('',(#2796,#2797,#2798,#2799));
#2796 = ORIENTED_EDGE('',*,*,#2687,.F.);
#2797 = ORIENTED_EDGE('',*,*,#2782,.F.);
#2798 = ORIENTED_EDGE('',*,*,#2563,.T.);
#2799 = ORIENTED_EDGE('',*,*,#2800,.T.);
#2800 = EDGE_CURVE('',#2566,#2690,#2801,.T.);
#2801 = LINE('',#2802,#2803);
#2802 = CARTESIAN_POINT('',(0.955,-0.6,-2.775557561563E-17));
#2803 = VECTOR('',#2804,1.);
#2804 = DIRECTION('',(0.,1.,0.));
#2805 = PLANE('',#2806);
#2806 = AXIS2_PLACEMENT_3D('',#2807,#2808,#2809);
#2807 = CARTESIAN_POINT('',(0.7,-0.6,0.));
#2808 = DIRECTION('',(0.,0.,1.));
#2809 = DIRECTION('',(1.,0.,-0.));
#2810 = ADVANCED_FACE('',(#2811),#2822,.T.);
#2811 = FACE_BOUND('',#2812,.T.);
#2812 = EDGE_LOOP('',(#2813,#2814,#2815,#2816));
#2813 = ORIENTED_EDGE('',*,*,#2617,.T.);
#2814 = ORIENTED_EDGE('',*,*,#2800,.T.);
#2815 = ORIENTED_EDGE('',*,*,#2741,.F.);
#2816 = ORIENTED_EDGE('',*,*,#2817,.F.);
#2817 = EDGE_CURVE('',#2610,#2734,#2818,.T.);
#2818 = LINE('',#2819,#2820);
#2819 = CARTESIAN_POINT('',(1.,-0.6,4.5E-02));
#2820 = VECTOR('',#2821,1.);
#2821 = DIRECTION('',(0.,1.,0.));
#2822 = CYLINDRICAL_SURFACE('',#2823,4.5E-02);
#2823 = AXIS2_PLACEMENT_3D('',#2824,#2825,#2826);
#2824 = CARTESIAN_POINT('',(0.955,-0.6,4.5E-02));
#2825 = DIRECTION('',(0.,1.,0.));
#2826 = DIRECTION('',(1.,0.,0.));
#2827 = ADVANCED_FACE('',(#2828),#2839,.T.);
#2828 = FACE_BOUND('',#2829,.T.);
#2829 = EDGE_LOOP('',(#2830,#2831,#2832,#2833));
#2830 = ORIENTED_EDGE('',*,*,#2609,.F.);
#2831 = ORIENTED_EDGE('',*,*,#2817,.T.);
#2832 = ORIENTED_EDGE('',*,*,#2733,.T.);
#2833 = ORIENTED_EDGE('',*,*,#2834,.F.);
#2834 = EDGE_CURVE('',#2601,#2725,#2835,.T.);
#2835 = LINE('',#2836,#2837);
#2836 = CARTESIAN_POINT('',(1.,-0.6,0.405));
#2837 = VECTOR('',#2838,1.);
#2838 = DIRECTION('',(0.,1.,0.));
#2839 = PLANE('',#2840);
#2840 = AXIS2_PLACEMENT_3D('',#2841,#2842,#2843);
#2841 = CARTESIAN_POINT('',(1.,-0.6,0.));
#2842 = DIRECTION('',(1.,0.,0.));
#2843 = DIRECTION('',(0.,0.,1.));
#2844 = ADVANCED_FACE('',(#2845),#2856,.T.);
#2845 = FACE_BOUND('',#2846,.T.);
#2846 = EDGE_LOOP('',(#2847,#2848,#2849,#2855));
#2847 = ORIENTED_EDGE('',*,*,#2834,.T.);
#2848 = ORIENTED_EDGE('',*,*,#2724,.T.);
#2849 = ORIENTED_EDGE('',*,*,#2850,.F.);
#2850 = EDGE_CURVE('',#2593,#2717,#2851,.T.);
#2851 = LINE('',#2852,#2853);
#2852 = CARTESIAN_POINT('',(0.955,-0.6,0.45));
#2853 = VECTOR('',#2854,1.);
#2854 = DIRECTION('',(0.,1.,0.));
#2855 = ORIENTED_EDGE('',*,*,#2600,.F.);
#2856 = CYLINDRICAL_SURFACE('',#2857,4.5E-02);
#2857 = AXIS2_PLACEMENT_3D('',#2858,#2859,#2860);
#2858 = CARTESIAN_POINT('',(0.955,-0.6,0.405));
#2859 = DIRECTION('',(0.,1.,0.));
#2860 = DIRECTION('',(1.,0.,0.));
#2861 = ADVANCED_FACE('',(#2862),#2873,.T.);
#2862 = FACE_BOUND('',#2863,.T.);
#2863 = EDGE_LOOP('',(#2864,#2865,#2871,#2872));
#2864 = ORIENTED_EDGE('',*,*,#2716,.F.);
#2865 = ORIENTED_EDGE('',*,*,#2866,.F.);
#2866 = EDGE_CURVE('',#2584,#2708,#2867,.T.);
#2867 = LINE('',#2868,#2869);
#2868 = CARTESIAN_POINT('',(0.745,-0.6,0.45));
#2869 = VECTOR('',#2870,1.);
#2870 = DIRECTION('',(0.,1.,0.));
#2871 = ORIENTED_EDGE('',*,*,#2592,.T.);
#2872 = ORIENTED_EDGE('',*,*,#2850,.T.);
#2873 = PLANE('',#2874);
#2874 = AXIS2_PLACEMENT_3D('',#2875,#2876,#2877);
#2875 = CARTESIAN_POINT('',(0.7,-0.6,0.45));
#2876 = DIRECTION('',(0.,0.,1.));
#2877 = DIRECTION('',(1.,0.,-0.));
#2878 = ADVANCED_FACE('',(#2879),#2890,.T.);
#2879 = FACE_BOUND('',#2880,.T.);
#2880 = EDGE_LOOP('',(#2881,#2882,#2883,#2884));
#2881 = ORIENTED_EDGE('',*,*,#2583,.T.);
#2882 = ORIENTED_EDGE('',*,*,#2866,.T.);
#2883 = ORIENTED_EDGE('',*,*,#2707,.F.);
#2884 = ORIENTED_EDGE('',*,*,#2885,.F.);
#2885 = EDGE_CURVE('',#2418,#2501,#2886,.T.);
#2886 = LINE('',#2887,#2888);
#2887 = CARTESIAN_POINT('',(0.7,-0.6,0.405));
#2888 = VECTOR('',#2889,1.);
#2889 = DIRECTION('',(0.,1.,0.));
#2890 = CYLINDRICAL_SURFACE('',#2891,4.5E-02);
#2891 = AXIS2_PLACEMENT_3D('',#2892,#2893,#2894);
#2892 = CARTESIAN_POINT('',(0.745,-0.6,0.405));
#2893 = DIRECTION('',(0.,1.,0.));
#2894 = DIRECTION('',(-1.,0.,0.));
#2895 = ADVANCED_FACE('',(#2896),#2907,.T.);
#2896 = FACE_BOUND('',#2897,.T.);
#2897 = EDGE_LOOP('',(#2898,#2899,#2900,#2901));
#2898 = ORIENTED_EDGE('',*,*,#2649,.F.);
#2899 = ORIENTED_EDGE('',*,*,#2885,.T.);
#2900 = ORIENTED_EDGE('',*,*,#2766,.T.);
#2901 = ORIENTED_EDGE('',*,*,#2902,.F.);
#2902 = EDGE_CURVE('',#2642,#2759,#2903,.T.);
#2903 = LINE('',#2904,#2905);
#2904 = CARTESIAN_POINT('',(0.7,-0.6,0.45));
#2905 = VECTOR('',#2906,1.);
#2906 = DIRECTION('',(0.,1.,0.));
#2907 = PLANE('',#2908);
#2908 = AXIS2_PLACEMENT_3D('',#2909,#2910,#2911);
#2909 = CARTESIAN_POINT('',(0.7,-0.6,0.405));
#2910 = DIRECTION('',(1.,0.,0.));
#2911 = DIRECTION('',(0.,0.,1.));
#2912 = ADVANCED_FACE('',(#2913),#2919,.T.);
#2913 = FACE_BOUND('',#2914,.T.);
#2914 = EDGE_LOOP('',(#2915,#2916,#2917,#2918));
#2915 = ORIENTED_EDGE('',*,*,#2673,.F.);
#2916 = ORIENTED_EDGE('',*,*,#2641,.T.);
#2917 = ORIENTED_EDGE('',*,*,#2902,.T.);
#2918 = ORIENTED_EDGE('',*,*,#2758,.F.);
#2919 = PLANE('',#2920);
#2920 = AXIS2_PLACEMENT_3D('',#2921,#2922,#2923);
#2921 = CARTESIAN_POINT('',(-0.7,-0.6,0.45));
#2922 = DIRECTION('',(0.,0.,1.));
#2923 = DIRECTION('',(1.,0.,-0.));
#2924 = ( GEOMETRIC_REPRESENTATION_CONTEXT(3) 
GLOBAL_UNCERTAINTY_ASSIGNED_CONTEXT((#2928)) 
GLOBAL_UNIT_ASSIGNED_CONTEXT((#2925,#2926,#2927)) REPRESENTATION_CONTEXT
('Context #1','3D Context with UNIT and UNCERTAINTY') );
#2925 = ( LENGTH_UNIT() NAMED_UNIT(*) SI_UNIT(.MILLI.,.METRE.) );
#2926 = ( NAMED_UNIT(*) PLANE_ANGLE_UNIT() SI_UNIT($,.RADIAN.) );
#2927 = ( NAMED_UNIT(*) SI_UNIT($,.STERADIAN.) SOLID_ANGLE_UNIT() );
#2928 = UNCERTAINTY_MEASURE_WITH_UNIT(LENGTH_MEASURE(1.E-07),#2925,
  'distance_accuracy_value','confusion accuracy');
#2929 = CONTEXT_DEPENDENT_SHAPE_REPRESENTATION(#2930,#2932);
#2930 = ( REPRESENTATION_RELATIONSHIP('','',#2133,#2110) 
REPRESENTATION_RELATIONSHIP_WITH_TRANSFORMATION(#2931) 
SHAPE_REPRESENTATION_RELATIONSHIP() );
#2931 = ITEM_DEFINED_TRANSFORMATION('','',#11,#2111);
#2932 = PRODUCT_DEFINITION_SHAPE('Placement','Placement of an item',
  #2933);
#2933 = NEXT_ASSEMBLY_USAGE_OCCURRENCE('39','=>[0:1:1:5]','',#2105,#2128
  ,$);
#2934 = PRODUCT_RELATED_PRODUCT_CATEGORY('part',$,(#2130));
#2935 = SHAPE_DEFINITION_REPRESENTATION(#2936,#2942);
#2936 = PRODUCT_DEFINITION_SHAPE('','',#2937);
#2937 = PRODUCT_DEFINITION('design','',#2938,#2941);
#2938 = PRODUCT_DEFINITION_FORMATION('','',#2939);
#2939 = PRODUCT('C_0805_2012Metric','C_0805_2012Metric','',(#2940));
#2940 = PRODUCT_CONTEXT('',#2,'mechanical');
#2941 = PRODUCT_DEFINITION_CONTEXT('part definition',#2,'design');
#2942 = SHAPE_REPRESENTATION('',(#11,#2943),#2947);
#2943 = AXIS2_PLACEMENT_3D('',#2944,#2945,#2946);
#2944 = CARTESIAN_POINT('',(0.,0.,0.));
#2945 = DIRECTION('',(0.,0.,1.));
#2946 = DIRECTION('',(1.,0.,-0.));
#2947 = ( GEOMETRIC_REPRESENTATION_CONTEXT(3) 
GLOBAL_UNCERTAINTY_ASSIGNED_CONTEXT((#2951)) 
GLOBAL_UNIT_ASSIGNED_CONTEXT((#2948,#2949,#2950)) REPRESENTATION_CONTEXT
('Context #1','3D Context with UNIT and UNCERTAINTY') );
#2948 = ( LENGTH_UNIT() NAMED_UNIT(*) SI_UNIT(.MILLI.,.METRE.) );
#2949 = ( NAMED_UNIT(*) PLANE_ANGLE_UNIT() SI_UNIT($,.RADIAN.) );
#2950 = ( NAMED_UNIT(*) SI_UNIT($,.STERADIAN.) SOLID_ANGLE_UNIT() );
#2951 = UNCERTAINTY_MEASURE_WITH_UNIT(LENGTH_MEASURE(1.E-07),#2948,
  'distance_accuracy_value','confusion accuracy');
#2952 = CONTEXT_DEPENDENT_SHAPE_REPRESENTATION(#2953,#2955);
#2953 = ( REPRESENTATION_RELATIONSHIP('','',#2942,#10) 
REPRESENTATION_RELATIONSHIP_WITH_TRANSFORMATION(#2954) 
SHAPE_REPRESENTATION_RELATIONSHIP() );
#2954 = ITEM_DEFINED_TRANSFORMATION('','',#11,#167);
#2955 = PRODUCT_DEFINITION_SHAPE('Placement','Placement of an item',
  #2956);
#2956 = NEXT_ASSEMBLY_USAGE_OCCURRENCE('42','C1','',#5,#2937,$);
#2957 = PRODUCT_RELATED_PRODUCT_CATEGORY('part',$,(#2939));
#2958 = SHAPE_DEFINITION_REPRESENTATION(#2959,#2965);
#2959 = PRODUCT_DEFINITION_SHAPE('','',#2960);
#2960 = PRODUCT_DEFINITION('design','',#2961,#2964);
#2961 = PRODUCT_DEFINITION_FORMATION('','',#2962);
#2962 = PRODUCT('C_0805_2012Metric','C_0805_2012Metric','',(#2963));
#2963 = PRODUCT_CONTEXT('',#2,'mechanical');
#2964 = PRODUCT_DEFINITION_CONTEXT('part definition',#2,'design');
#2965 = ADVANCED_BREP_SHAPE_REPRESENTATION('',(#11,#2966),#3820);
#2966 = MANIFOLD_SOLID_BREP('',#2967);
#2967 = CLOSED_SHELL('',(#2968,#3044,#3075,#3100,#3125,#3149,#3173,#3198
    ,#3223,#3240,#3326,#3358,#3382,#3407,#3431,#3456,#3480,#3505,#3522,
    #3608,#3639,#3664,#3689,#3713,#3737,#3762,#3787,#3804));
#2968 = ADVANCED_FACE('',(#2969),#3039,.F.);
#2969 = FACE_BOUND('',#2970,.F.);
#2970 = EDGE_LOOP('',(#2971,#2981,#2990,#2998,#3007,#3015,#3024,#3032));
#2971 = ORIENTED_EDGE('',*,*,#2972,.F.);
#2972 = EDGE_CURVE('',#2973,#2975,#2977,.T.);
#2973 = VERTEX_POINT('',#2974);
#2974 = CARTESIAN_POINT('',(-1.,-0.625,4.E-02));
#2975 = VERTEX_POINT('',#2976);
#2976 = CARTESIAN_POINT('',(-1.,-0.625,1.21));
#2977 = LINE('',#2978,#2979);
#2978 = CARTESIAN_POINT('',(-1.,-0.625,0.));
#2979 = VECTOR('',#2980,1.);
#2980 = DIRECTION('',(0.,0.,1.));
#2981 = ORIENTED_EDGE('',*,*,#2982,.T.);
#2982 = EDGE_CURVE('',#2973,#2983,#2985,.T.);
#2983 = VERTEX_POINT('',#2984);
#2984 = CARTESIAN_POINT('',(-1.,-0.585,0.));
#2985 = CIRCLE('',#2986,4.E-02);
#2986 = AXIS2_PLACEMENT_3D('',#2987,#2988,#2989);
#2987 = CARTESIAN_POINT('',(-1.,-0.585,4.E-02));
#2988 = DIRECTION('',(1.,0.,-0.));
#2989 = DIRECTION('',(0.,0.,1.));
#2990 = ORIENTED_EDGE('',*,*,#2991,.T.);
#2991 = EDGE_CURVE('',#2983,#2992,#2994,.T.);
#2992 = VERTEX_POINT('',#2993);
#2993 = CARTESIAN_POINT('',(-1.,0.585,0.));
#2994 = LINE('',#2995,#2996);
#2995 = CARTESIAN_POINT('',(-1.,-0.625,0.));
#2996 = VECTOR('',#2997,1.);
#2997 = DIRECTION('',(0.,1.,0.));
#2998 = ORIENTED_EDGE('',*,*,#2999,.F.);
#2999 = EDGE_CURVE('',#3000,#2992,#3002,.T.);
#3000 = VERTEX_POINT('',#3001);
#3001 = CARTESIAN_POINT('',(-1.,0.625,4.E-02));
#3002 = CIRCLE('',#3003,4.E-02);
#3003 = AXIS2_PLACEMENT_3D('',#3004,#3005,#3006);
#3004 = CARTESIAN_POINT('',(-1.,0.585,4.E-02));
#3005 = DIRECTION('',(-1.,0.,0.));
#3006 = DIRECTION('',(0.,0.,1.));
#3007 = ORIENTED_EDGE('',*,*,#3008,.T.);
#3008 = EDGE_CURVE('',#3000,#3009,#3011,.T.);
#3009 = VERTEX_POINT('',#3010);
#3010 = CARTESIAN_POINT('',(-1.,0.625,1.21));
#3011 = LINE('',#3012,#3013);
#3012 = CARTESIAN_POINT('',(-1.,0.625,0.));
#3013 = VECTOR('',#3014,1.);
#3014 = DIRECTION('',(0.,0.,1.));
#3015 = ORIENTED_EDGE('',*,*,#3016,.T.);
#3016 = EDGE_CURVE('',#3009,#3017,#3019,.T.);
#3017 = VERTEX_POINT('',#3018);
#3018 = CARTESIAN_POINT('',(-1.,0.585,1.25));
#3019 = CIRCLE('',#3020,4.E-02);
#3020 = AXIS2_PLACEMENT_3D('',#3021,#3022,#3023);
#3021 = CARTESIAN_POINT('',(-1.,0.585,1.21));
#3022 = DIRECTION('',(1.,0.,-0.));
#3023 = DIRECTION('',(0.,0.,1.));
#3024 = ORIENTED_EDGE('',*,*,#3025,.F.);
#3025 = EDGE_CURVE('',#3026,#3017,#3028,.T.);
#3026 = VERTEX_POINT('',#3027);
#3027 = CARTESIAN_POINT('',(-1.,-0.585,1.25));
#3028 = LINE('',#3029,#3030);
#3029 = CARTESIAN_POINT('',(-1.,-0.625,1.25));
#3030 = VECTOR('',#3031,1.);
#3031 = DIRECTION('',(0.,1.,0.));
#3032 = ORIENTED_EDGE('',*,*,#3033,.F.);
#3033 = EDGE_CURVE('',#2975,#3026,#3034,.T.);
#3034 = CIRCLE('',#3035,4.E-02);
#3035 = AXIS2_PLACEMENT_3D('',#3036,#3037,#3038);
#3036 = CARTESIAN_POINT('',(-1.,-0.585,1.21));
#3037 = DIRECTION('',(-1.,0.,0.));
#3038 = DIRECTION('',(0.,0.,1.));
#3039 = PLANE('',#3040);
#3040 = AXIS2_PLACEMENT_3D('',#3041,#3042,#3043);
#3041 = CARTESIAN_POINT('',(-1.,-0.625,0.));
#3042 = DIRECTION('',(1.,0.,0.));
#3043 = DIRECTION('',(0.,0.,1.));
#3044 = ADVANCED_FACE('',(#3045),#3070,.F.);
#3045 = FACE_BOUND('',#3046,.F.);
#3046 = EDGE_LOOP('',(#3047,#3057,#3063,#3064));
#3047 = ORIENTED_EDGE('',*,*,#3048,.F.);
#3048 = EDGE_CURVE('',#3049,#3051,#3053,.T.);
#3049 = VERTEX_POINT('',#3050);
#3050 = CARTESIAN_POINT('',(-0.6,-0.625,4.E-02));
#3051 = VERTEX_POINT('',#3052);
#3052 = CARTESIAN_POINT('',(-0.6,-0.625,1.21));
#3053 = LINE('',#3054,#3055);
#3054 = CARTESIAN_POINT('',(-0.6,-0.625,0.));
#3055 = VECTOR('',#3056,1.);
#3056 = DIRECTION('',(0.,0.,1.));
#3057 = ORIENTED_EDGE('',*,*,#3058,.F.);
#3058 = EDGE_CURVE('',#2973,#3049,#3059,.T.);
#3059 = LINE('',#3060,#3061);
#3060 = CARTESIAN_POINT('',(-1.,-0.625,4.E-02));
#3061 = VECTOR('',#3062,1.);
#3062 = DIRECTION('',(1.,0.,0.));
#3063 = ORIENTED_EDGE('',*,*,#2972,.T.);
#3064 = ORIENTED_EDGE('',*,*,#3065,.T.);
#3065 = EDGE_CURVE('',#2975,#3051,#3066,.T.);
#3066 = LINE('',#3067,#3068);
#3067 = CARTESIAN_POINT('',(-1.,-0.625,1.21));
#3068 = VECTOR('',#3069,1.);
#3069 = DIRECTION('',(1.,0.,0.));
#3070 = PLANE('',#3071);
#3071 = AXIS2_PLACEMENT_3D('',#3072,#3073,#3074);
#3072 = CARTESIAN_POINT('',(-1.,-0.625,0.));
#3073 = DIRECTION('',(0.,1.,0.));
#3074 = DIRECTION('',(0.,-0.,1.));
#3075 = ADVANCED_FACE('',(#3076),#3095,.T.);
#3076 = FACE_BOUND('',#3077,.T.);
#3077 = EDGE_LOOP('',(#3078,#3079,#3087,#3094));
#3078 = ORIENTED_EDGE('',*,*,#2982,.T.);
#3079 = ORIENTED_EDGE('',*,*,#3080,.T.);
#3080 = EDGE_CURVE('',#2983,#3081,#3083,.T.);
#3081 = VERTEX_POINT('',#3082);
#3082 = CARTESIAN_POINT('',(-0.6,-0.585,0.));
#3083 = LINE('',#3084,#3085);
#3084 = CARTESIAN_POINT('',(-1.,-0.585,0.));
#3085 = VECTOR('',#3086,1.);
#3086 = DIRECTION('',(1.,0.,0.));
#3087 = ORIENTED_EDGE('',*,*,#3088,.F.);
#3088 = EDGE_CURVE('',#3049,#3081,#3089,.T.);
#3089 = CIRCLE('',#3090,4.E-02);
#3090 = AXIS2_PLACEMENT_3D('',#3091,#3092,#3093);
#3091 = CARTESIAN_POINT('',(-0.6,-0.585,4.E-02));
#3092 = DIRECTION('',(1.,0.,-0.));
#3093 = DIRECTION('',(0.,0.,1.));
#3094 = ORIENTED_EDGE('',*,*,#3058,.F.);
#3095 = CYLINDRICAL_SURFACE('',#3096,4.E-02);
#3096 = AXIS2_PLACEMENT_3D('',#3097,#3098,#3099);
#3097 = CARTESIAN_POINT('',(-1.,-0.585,4.E-02));
#3098 = DIRECTION('',(1.,0.,0.));
#3099 = DIRECTION('',(0.,-1.,0.));
#3100 = ADVANCED_FACE('',(#3101),#3120,.T.);
#3101 = FACE_BOUND('',#3102,.T.);
#3102 = EDGE_LOOP('',(#3103,#3104,#3113,#3119));
#3103 = ORIENTED_EDGE('',*,*,#3065,.T.);
#3104 = ORIENTED_EDGE('',*,*,#3105,.T.);
#3105 = EDGE_CURVE('',#3051,#3106,#3108,.T.);
#3106 = VERTEX_POINT('',#3107);
#3107 = CARTESIAN_POINT('',(-0.6,-0.585,1.25));
#3108 = CIRCLE('',#3109,4.E-02);
#3109 = AXIS2_PLACEMENT_3D('',#3110,#3111,#3112);
#3110 = CARTESIAN_POINT('',(-0.6,-0.585,1.21));
#3111 = DIRECTION('',(-1.,0.,0.));
#3112 = DIRECTION('',(0.,0.,1.));
#3113 = ORIENTED_EDGE('',*,*,#3114,.F.);
#3114 = EDGE_CURVE('',#3026,#3106,#3115,.T.);
#3115 = LINE('',#3116,#3117);
#3116 = CARTESIAN_POINT('',(-1.,-0.585,1.25));
#3117 = VECTOR('',#3118,1.);
#3118 = DIRECTION('',(1.,0.,0.));
#3119 = ORIENTED_EDGE('',*,*,#3033,.F.);
#3120 = CYLINDRICAL_SURFACE('',#3121,4.E-02);
#3121 = AXIS2_PLACEMENT_3D('',#3122,#3123,#3124);
#3122 = CARTESIAN_POINT('',(-1.,-0.585,1.21));
#3123 = DIRECTION('',(1.,0.,0.));
#3124 = DIRECTION('',(0.,-1.,0.));
#3125 = ADVANCED_FACE('',(#3126),#3144,.F.);
#3126 = FACE_BOUND('',#3127,.F.);
#3127 = EDGE_LOOP('',(#3128,#3129,#3130,#3138));
#3128 = ORIENTED_EDGE('',*,*,#2991,.F.);
#3129 = ORIENTED_EDGE('',*,*,#3080,.T.);
#3130 = ORIENTED_EDGE('',*,*,#3131,.T.);
#3131 = EDGE_CURVE('',#3081,#3132,#3134,.T.);
#3132 = VERTEX_POINT('',#3133);
#3133 = CARTESIAN_POINT('',(-0.6,0.585,0.));
#3134 = LINE('',#3135,#3136);
#3135 = CARTESIAN_POINT('',(-0.6,-0.625,0.));
#3136 = VECTOR('',#3137,1.);
#3137 = DIRECTION('',(0.,1.,0.));
#3138 = ORIENTED_EDGE('',*,*,#3139,.F.);
#3139 = EDGE_CURVE('',#2992,#3132,#3140,.T.);
#3140 = LINE('',#3141,#3142);
#3141 = CARTESIAN_POINT('',(-1.,0.585,0.));
#3142 = VECTOR('',#3143,1.);
#3143 = DIRECTION('',(1.,0.,0.));
#3144 = PLANE('',#3145);
#3145 = AXIS2_PLACEMENT_3D('',#3146,#3147,#3148);
#3146 = CARTESIAN_POINT('',(-1.,-0.625,0.));
#3147 = DIRECTION('',(0.,0.,1.));
#3148 = DIRECTION('',(1.,0.,-0.));
#3149 = ADVANCED_FACE('',(#3150),#3168,.T.);
#3150 = FACE_BOUND('',#3151,.T.);
#3151 = EDGE_LOOP('',(#3152,#3153,#3154,#3162));
#3152 = ORIENTED_EDGE('',*,*,#3025,.F.);
#3153 = ORIENTED_EDGE('',*,*,#3114,.T.);
#3154 = ORIENTED_EDGE('',*,*,#3155,.T.);
#3155 = EDGE_CURVE('',#3106,#3156,#3158,.T.);
#3156 = VERTEX_POINT('',#3157);
#3157 = CARTESIAN_POINT('',(-0.6,0.585,1.25));
#3158 = LINE('',#3159,#3160);
#3159 = CARTESIAN_POINT('',(-0.6,-0.625,1.25));
#3160 = VECTOR('',#3161,1.);
#3161 = DIRECTION('',(0.,1.,0.));
#3162 = ORIENTED_EDGE('',*,*,#3163,.F.);
#3163 = EDGE_CURVE('',#3017,#3156,#3164,.T.);
#3164 = LINE('',#3165,#3166);
#3165 = CARTESIAN_POINT('',(-1.,0.585,1.25));
#3166 = VECTOR('',#3167,1.);
#3167 = DIRECTION('',(1.,0.,0.));
#3168 = PLANE('',#3169);
#3169 = AXIS2_PLACEMENT_3D('',#3170,#3171,#3172);
#3170 = CARTESIAN_POINT('',(-1.,-0.625,1.25));
#3171 = DIRECTION('',(0.,0.,1.));
#3172 = DIRECTION('',(1.,0.,-0.));
#3173 = ADVANCED_FACE('',(#3174),#3193,.T.);
#3174 = FACE_BOUND('',#3175,.T.);
#3175 = EDGE_LOOP('',(#3176,#3184,#3191,#3192));
#3176 = ORIENTED_EDGE('',*,*,#3177,.T.);
#3177 = EDGE_CURVE('',#3000,#3178,#3180,.T.);
#3178 = VERTEX_POINT('',#3179);
#3179 = CARTESIAN_POINT('',(-0.6,0.625,4.E-02));
#3180 = LINE('',#3181,#3182);
#3181 = CARTESIAN_POINT('',(-1.,0.625,4.E-02));
#3182 = VECTOR('',#3183,1.);
#3183 = DIRECTION('',(1.,0.,0.));
#3184 = ORIENTED_EDGE('',*,*,#3185,.T.);
#3185 = EDGE_CURVE('',#3178,#3132,#3186,.T.);
#3186 = CIRCLE('',#3187,4.E-02);
#3187 = AXIS2_PLACEMENT_3D('',#3188,#3189,#3190);
#3188 = CARTESIAN_POINT('',(-0.6,0.585,4.E-02));
#3189 = DIRECTION('',(-1.,0.,0.));
#3190 = DIRECTION('',(0.,0.,1.));
#3191 = ORIENTED_EDGE('',*,*,#3139,.F.);
#3192 = ORIENTED_EDGE('',*,*,#2999,.F.);
#3193 = CYLINDRICAL_SURFACE('',#3194,4.E-02);
#3194 = AXIS2_PLACEMENT_3D('',#3195,#3196,#3197);
#3195 = CARTESIAN_POINT('',(-1.,0.585,4.E-02));
#3196 = DIRECTION('',(1.,0.,0.));
#3197 = DIRECTION('',(-0.,1.,0.));
#3198 = ADVANCED_FACE('',(#3199),#3218,.T.);
#3199 = FACE_BOUND('',#3200,.T.);
#3200 = EDGE_LOOP('',(#3201,#3202,#3203,#3212));
#3201 = ORIENTED_EDGE('',*,*,#3016,.T.);
#3202 = ORIENTED_EDGE('',*,*,#3163,.T.);
#3203 = ORIENTED_EDGE('',*,*,#3204,.F.);
#3204 = EDGE_CURVE('',#3205,#3156,#3207,.T.);
#3205 = VERTEX_POINT('',#3206);
#3206 = CARTESIAN_POINT('',(-0.6,0.625,1.21));
#3207 = CIRCLE('',#3208,4.E-02);
#3208 = AXIS2_PLACEMENT_3D('',#3209,#3210,#3211);
#3209 = CARTESIAN_POINT('',(-0.6,0.585,1.21));
#3210 = DIRECTION('',(1.,0.,-0.));
#3211 = DIRECTION('',(0.,0.,1.));
#3212 = ORIENTED_EDGE('',*,*,#3213,.F.);
#3213 = EDGE_CURVE('',#3009,#3205,#3214,.T.);
#3214 = LINE('',#3215,#3216);
#3215 = CARTESIAN_POINT('',(-1.,0.625,1.21));
#3216 = VECTOR('',#3217,1.);
#3217 = DIRECTION('',(1.,0.,0.));
#3218 = CYLINDRICAL_SURFACE('',#3219,4.E-02);
#3219 = AXIS2_PLACEMENT_3D('',#3220,#3221,#3222);
#3220 = CARTESIAN_POINT('',(-1.,0.585,1.21));
#3221 = DIRECTION('',(1.,0.,0.));
#3222 = DIRECTION('',(-0.,1.,0.));
#3223 = ADVANCED_FACE('',(#3224),#3235,.T.);
#3224 = FACE_BOUND('',#3225,.T.);
#3225 = EDGE_LOOP('',(#3226,#3232,#3233,#3234));
#3226 = ORIENTED_EDGE('',*,*,#3227,.F.);
#3227 = EDGE_CURVE('',#3178,#3205,#3228,.T.);
#3228 = LINE('',#3229,#3230);
#3229 = CARTESIAN_POINT('',(-0.6,0.625,0.));
#3230 = VECTOR('',#3231,1.);
#3231 = DIRECTION('',(0.,0.,1.));
#3232 = ORIENTED_EDGE('',*,*,#3177,.F.);
#3233 = ORIENTED_EDGE('',*,*,#3008,.T.);
#3234 = ORIENTED_EDGE('',*,*,#3213,.T.);
#3235 = PLANE('',#3236);
#3236 = AXIS2_PLACEMENT_3D('',#3237,#3238,#3239);
#3237 = CARTESIAN_POINT('',(-1.,0.625,0.));
#3238 = DIRECTION('',(0.,1.,0.));
#3239 = DIRECTION('',(0.,-0.,1.));
#3240 = ADVANCED_FACE('',(#3241,#3251),#3321,.T.);
#3241 = FACE_BOUND('',#3242,.T.);
#3242 = EDGE_LOOP('',(#3243,#3244,#3245,#3246,#3247,#3248,#3249,#3250));
#3243 = ORIENTED_EDGE('',*,*,#3048,.F.);
#3244 = ORIENTED_EDGE('',*,*,#3088,.T.);
#3245 = ORIENTED_EDGE('',*,*,#3131,.T.);
#3246 = ORIENTED_EDGE('',*,*,#3185,.F.);
#3247 = ORIENTED_EDGE('',*,*,#3227,.T.);
#3248 = ORIENTED_EDGE('',*,*,#3204,.T.);
#3249 = ORIENTED_EDGE('',*,*,#3155,.F.);
#3250 = ORIENTED_EDGE('',*,*,#3105,.F.);
#3251 = FACE_BOUND('',#3252,.T.);
#3252 = EDGE_LOOP('',(#3253,#3264,#3272,#3281,#3289,#3298,#3306,#3315));
#3253 = ORIENTED_EDGE('',*,*,#3254,.F.);
#3254 = EDGE_CURVE('',#3255,#3257,#3259,.T.);
#3255 = VERTEX_POINT('',#3256);
#3256 = CARTESIAN_POINT('',(-0.6,-0.585,8.E-02));
#3257 = VERTEX_POINT('',#3258);
#3258 = CARTESIAN_POINT('',(-0.6,-0.545,4.E-02));
#3259 = CIRCLE('',#3260,4.E-02);
#3260 = AXIS2_PLACEMENT_3D('',#3261,#3262,#3263);
#3261 = CARTESIAN_POINT('',(-0.6,-0.545,8.E-02));
#3262 = DIRECTION('',(1.,0.,-0.));
#3263 = DIRECTION('',(0.,0.,1.));
#3264 = ORIENTED_EDGE('',*,*,#3265,.T.);
#3265 = EDGE_CURVE('',#3255,#3266,#3268,.T.);
#3266 = VERTEX_POINT('',#3267);
#3267 = CARTESIAN_POINT('',(-0.6,-0.585,1.17));
#3268 = LINE('',#3269,#3270);
#3269 = CARTESIAN_POINT('',(-0.6,-0.585,4.E-02));
#3270 = VECTOR('',#3271,1.);
#3271 = DIRECTION('',(0.,0.,1.));
#3272 = ORIENTED_EDGE('',*,*,#3273,.T.);
#3273 = EDGE_CURVE('',#3266,#3274,#3276,.T.);
#3274 = VERTEX_POINT('',#3275);
#3275 = CARTESIAN_POINT('',(-0.6,-0.545,1.21));
#3276 = CIRCLE('',#3277,4.E-02);
#3277 = AXIS2_PLACEMENT_3D('',#3278,#3279,#3280);
#3278 = CARTESIAN_POINT('',(-0.6,-0.545,1.17));
#3279 = DIRECTION('',(-1.,0.,0.));
#3280 = DIRECTION('',(0.,0.,1.));
#3281 = ORIENTED_EDGE('',*,*,#3282,.T.);
#3282 = EDGE_CURVE('',#3274,#3283,#3285,.T.);
#3283 = VERTEX_POINT('',#3284);
#3284 = CARTESIAN_POINT('',(-0.6,0.545,1.21));
#3285 = LINE('',#3286,#3287);
#3286 = CARTESIAN_POINT('',(-0.6,-0.585,1.21));
#3287 = VECTOR('',#3288,1.);
#3288 = DIRECTION('',(0.,1.,0.));
#3289 = ORIENTED_EDGE('',*,*,#3290,.F.);
#3290 = EDGE_CURVE('',#3291,#3283,#3293,.T.);
#3291 = VERTEX_POINT('',#3292);
#3292 = CARTESIAN_POINT('',(-0.6,0.585,1.17));
#3293 = CIRCLE('',#3294,4.E-02);
#3294 = AXIS2_PLACEMENT_3D('',#3295,#3296,#3297);
#3295 = CARTESIAN_POINT('',(-0.6,0.545,1.17));
#3296 = DIRECTION('',(1.,0.,-0.));
#3297 = DIRECTION('',(0.,0.,1.));
#3298 = ORIENTED_EDGE('',*,*,#3299,.F.);
#3299 = EDGE_CURVE('',#3300,#3291,#3302,.T.);
#3300 = VERTEX_POINT('',#3301);
#3301 = CARTESIAN_POINT('',(-0.6,0.585,8.E-02));
#3302 = LINE('',#3303,#3304);
#3303 = CARTESIAN_POINT('',(-0.6,0.585,4.E-02));
#3304 = VECTOR('',#3305,1.);
#3305 = DIRECTION('',(0.,0.,1.));
#3306 = ORIENTED_EDGE('',*,*,#3307,.T.);
#3307 = EDGE_CURVE('',#3300,#3308,#3310,.T.);
#3308 = VERTEX_POINT('',#3309);
#3309 = CARTESIAN_POINT('',(-0.6,0.545,4.E-02));
#3310 = CIRCLE('',#3311,4.E-02);
#3311 = AXIS2_PLACEMENT_3D('',#3312,#3313,#3314);
#3312 = CARTESIAN_POINT('',(-0.6,0.545,8.E-02));
#3313 = DIRECTION('',(-1.,0.,0.));
#3314 = DIRECTION('',(0.,0.,1.));
#3315 = ORIENTED_EDGE('',*,*,#3316,.F.);
#3316 = EDGE_CURVE('',#3257,#3308,#3317,.T.);
#3317 = LINE('',#3318,#3319);
#3318 = CARTESIAN_POINT('',(-0.6,-0.585,4.E-02));
#3319 = VECTOR('',#3320,1.);
#3320 = DIRECTION('',(0.,1.,0.));
#3321 = PLANE('',#3322);
#3322 = AXIS2_PLACEMENT_3D('',#3323,#3324,#3325);
#3323 = CARTESIAN_POINT('',(-0.6,-0.625,0.));
#3324 = DIRECTION('',(1.,0.,0.));
#3325 = DIRECTION('',(0.,0.,1.));
#3326 = ADVANCED_FACE('',(#3327),#3353,.T.);
#3327 = FACE_BOUND('',#3328,.T.);
#3328 = EDGE_LOOP('',(#3329,#3330,#3338,#3347));
#3329 = ORIENTED_EDGE('',*,*,#3254,.T.);
#3330 = ORIENTED_EDGE('',*,*,#3331,.T.);
#3331 = EDGE_CURVE('',#3257,#3332,#3334,.T.);
#3332 = VERTEX_POINT('',#3333);
#3333 = CARTESIAN_POINT('',(0.6,-0.545,4.E-02));
#3334 = LINE('',#3335,#3336);
#3335 = CARTESIAN_POINT('',(-0.6,-0.545,4.E-02));
#3336 = VECTOR('',#3337,1.);
#3337 = DIRECTION('',(1.,0.,0.));
#3338 = ORIENTED_EDGE('',*,*,#3339,.F.);
#3339 = EDGE_CURVE('',#3340,#3332,#3342,.T.);
#3340 = VERTEX_POINT('',#3341);
#3341 = CARTESIAN_POINT('',(0.6,-0.585,8.E-02));
#3342 = CIRCLE('',#3343,4.E-02);
#3343 = AXIS2_PLACEMENT_3D('',#3344,#3345,#3346);
#3344 = CARTESIAN_POINT('',(0.6,-0.545,8.E-02));
#3345 = DIRECTION('',(1.,0.,-0.));
#3346 = DIRECTION('',(0.,0.,1.));
#3347 = ORIENTED_EDGE('',*,*,#3348,.F.);
#3348 = EDGE_CURVE('',#3255,#3340,#3349,.T.);
#3349 = LINE('',#3350,#3351);
#3350 = CARTESIAN_POINT('',(-0.6,-0.585,8.E-02));
#3351 = VECTOR('',#3352,1.);
#3352 = DIRECTION('',(1.,0.,0.));
#3353 = CYLINDRICAL_SURFACE('',#3354,4.E-02);
#3354 = AXIS2_PLACEMENT_3D('',#3355,#3356,#3357);
#3355 = CARTESIAN_POINT('',(-0.6,-0.545,8.E-02));
#3356 = DIRECTION('',(1.,0.,0.));
#3357 = DIRECTION('',(0.,-1.,0.));
#3358 = ADVANCED_FACE('',(#3359),#3377,.F.);
#3359 = FACE_BOUND('',#3360,.F.);
#3360 = EDGE_LOOP('',(#3361,#3362,#3363,#3371));
#3361 = ORIENTED_EDGE('',*,*,#3316,.F.);
#3362 = ORIENTED_EDGE('',*,*,#3331,.T.);
#3363 = ORIENTED_EDGE('',*,*,#3364,.T.);
#3364 = EDGE_CURVE('',#3332,#3365,#3367,.T.);
#3365 = VERTEX_POINT('',#3366);
#3366 = CARTESIAN_POINT('',(0.6,0.545,4.E-02));
#3367 = LINE('',#3368,#3369);
#3368 = CARTESIAN_POINT('',(0.6,-0.585,4.E-02));
#3369 = VECTOR('',#3370,1.);
#3370 = DIRECTION('',(0.,1.,0.));
#3371 = ORIENTED_EDGE('',*,*,#3372,.F.);
#3372 = EDGE_CURVE('',#3308,#3365,#3373,.T.);
#3373 = LINE('',#3374,#3375);
#3374 = CARTESIAN_POINT('',(-0.6,0.545,4.E-02));
#3375 = VECTOR('',#3376,1.);
#3376 = DIRECTION('',(1.,0.,0.));
#3377 = PLANE('',#3378);
#3378 = AXIS2_PLACEMENT_3D('',#3379,#3380,#3381);
#3379 = CARTESIAN_POINT('',(-0.6,-0.585,4.E-02));
#3380 = DIRECTION('',(0.,0.,1.));
#3381 = DIRECTION('',(1.,0.,-0.));
#3382 = ADVANCED_FACE('',(#3383),#3402,.T.);
#3383 = FACE_BOUND('',#3384,.T.);
#3384 = EDGE_LOOP('',(#3385,#3393,#3400,#3401));
#3385 = ORIENTED_EDGE('',*,*,#3386,.T.);
#3386 = EDGE_CURVE('',#3300,#3387,#3389,.T.);
#3387 = VERTEX_POINT('',#3388);
#3388 = CARTESIAN_POINT('',(0.6,0.585,8.E-02));
#3389 = LINE('',#3390,#3391);
#3390 = CARTESIAN_POINT('',(-0.6,0.585,8.E-02));
#3391 = VECTOR('',#3392,1.);
#3392 = DIRECTION('',(1.,0.,0.));
#3393 = ORIENTED_EDGE('',*,*,#3394,.T.);
#3394 = EDGE_CURVE('',#3387,#3365,#3395,.T.);
#3395 = CIRCLE('',#3396,4.E-02);
#3396 = AXIS2_PLACEMENT_3D('',#3397,#3398,#3399);
#3397 = CARTESIAN_POINT('',(0.6,0.545,8.E-02));
#3398 = DIRECTION('',(-1.,0.,0.));
#3399 = DIRECTION('',(0.,0.,1.));
#3400 = ORIENTED_EDGE('',*,*,#3372,.F.);
#3401 = ORIENTED_EDGE('',*,*,#3307,.F.);
#3402 = CYLINDRICAL_SURFACE('',#3403,4.E-02);
#3403 = AXIS2_PLACEMENT_3D('',#3404,#3405,#3406);
#3404 = CARTESIAN_POINT('',(-0.6,0.545,8.E-02));
#3405 = DIRECTION('',(1.,0.,0.));
#3406 = DIRECTION('',(-0.,1.,0.));
#3407 = ADVANCED_FACE('',(#3408),#3426,.T.);
#3408 = FACE_BOUND('',#3409,.T.);
#3409 = EDGE_LOOP('',(#3410,#3418,#3419,#3420));
#3410 = ORIENTED_EDGE('',*,*,#3411,.F.);
#3411 = EDGE_CURVE('',#3387,#3412,#3414,.T.);
#3412 = VERTEX_POINT('',#3413);
#3413 = CARTESIAN_POINT('',(0.6,0.585,1.17));
#3414 = LINE('',#3415,#3416);
#3415 = CARTESIAN_POINT('',(0.6,0.585,4.E-02));
#3416 = VECTOR('',#3417,1.);
#3417 = DIRECTION('',(0.,0.,1.));
#3418 = ORIENTED_EDGE('',*,*,#3386,.F.);
#3419 = ORIENTED_EDGE('',*,*,#3299,.T.);
#3420 = ORIENTED_EDGE('',*,*,#3421,.T.);
#3421 = EDGE_CURVE('',#3291,#3412,#3422,.T.);
#3422 = LINE('',#3423,#3424);
#3423 = CARTESIAN_POINT('',(-0.6,0.585,1.17));
#3424 = VECTOR('',#3425,1.);
#3425 = DIRECTION('',(1.,0.,0.));
#3426 = PLANE('',#3427);
#3427 = AXIS2_PLACEMENT_3D('',#3428,#3429,#3430);
#3428 = CARTESIAN_POINT('',(-0.6,0.585,4.E-02));
#3429 = DIRECTION('',(0.,1.,0.));
#3430 = DIRECTION('',(0.,-0.,1.));
#3431 = ADVANCED_FACE('',(#3432),#3451,.T.);
#3432 = FACE_BOUND('',#3433,.T.);
#3433 = EDGE_LOOP('',(#3434,#3435,#3443,#3450));
#3434 = ORIENTED_EDGE('',*,*,#3290,.T.);
#3435 = ORIENTED_EDGE('',*,*,#3436,.T.);
#3436 = EDGE_CURVE('',#3283,#3437,#3439,.T.);
#3437 = VERTEX_POINT('',#3438);
#3438 = CARTESIAN_POINT('',(0.6,0.545,1.21));
#3439 = LINE('',#3440,#3441);
#3440 = CARTESIAN_POINT('',(-0.6,0.545,1.21));
#3441 = VECTOR('',#3442,1.);
#3442 = DIRECTION('',(1.,0.,0.));
#3443 = ORIENTED_EDGE('',*,*,#3444,.F.);
#3444 = EDGE_CURVE('',#3412,#3437,#3445,.T.);
#3445 = CIRCLE('',#3446,4.E-02);
#3446 = AXIS2_PLACEMENT_3D('',#3447,#3448,#3449);
#3447 = CARTESIAN_POINT('',(0.6,0.545,1.17));
#3448 = DIRECTION('',(1.,0.,-0.));
#3449 = DIRECTION('',(0.,0.,1.));
#3450 = ORIENTED_EDGE('',*,*,#3421,.F.);
#3451 = CYLINDRICAL_SURFACE('',#3452,4.E-02);
#3452 = AXIS2_PLACEMENT_3D('',#3453,#3454,#3455);
#3453 = CARTESIAN_POINT('',(-0.6,0.545,1.17));
#3454 = DIRECTION('',(1.,0.,0.));
#3455 = DIRECTION('',(-0.,1.,0.));
#3456 = ADVANCED_FACE('',(#3457),#3475,.T.);
#3457 = FACE_BOUND('',#3458,.T.);
#3458 = EDGE_LOOP('',(#3459,#3460,#3468,#3474));
#3459 = ORIENTED_EDGE('',*,*,#3282,.F.);
#3460 = ORIENTED_EDGE('',*,*,#3461,.T.);
#3461 = EDGE_CURVE('',#3274,#3462,#3464,.T.);
#3462 = VERTEX_POINT('',#3463);
#3463 = CARTESIAN_POINT('',(0.6,-0.545,1.21));
#3464 = LINE('',#3465,#3466);
#3465 = CARTESIAN_POINT('',(-0.6,-0.545,1.21));
#3466 = VECTOR('',#3467,1.);
#3467 = DIRECTION('',(1.,0.,0.));
#3468 = ORIENTED_EDGE('',*,*,#3469,.T.);
#3469 = EDGE_CURVE('',#3462,#3437,#3470,.T.);
#3470 = LINE('',#3471,#3472);
#3471 = CARTESIAN_POINT('',(0.6,-0.585,1.21));
#3472 = VECTOR('',#3473,1.);
#3473 = DIRECTION('',(0.,1.,0.));
#3474 = ORIENTED_EDGE('',*,*,#3436,.F.);
#3475 = PLANE('',#3476);
#3476 = AXIS2_PLACEMENT_3D('',#3477,#3478,#3479);
#3477 = CARTESIAN_POINT('',(-0.6,-0.585,1.21));
#3478 = DIRECTION('',(0.,0.,1.));
#3479 = DIRECTION('',(1.,0.,-0.));
#3480 = ADVANCED_FACE('',(#3481),#3500,.T.);
#3481 = FACE_BOUND('',#3482,.T.);
#3482 = EDGE_LOOP('',(#3483,#3491,#3498,#3499));
#3483 = ORIENTED_EDGE('',*,*,#3484,.T.);
#3484 = EDGE_CURVE('',#3266,#3485,#3487,.T.);
#3485 = VERTEX_POINT('',#3486);
#3486 = CARTESIAN_POINT('',(0.6,-0.585,1.17));
#3487 = LINE('',#3488,#3489);
#3488 = CARTESIAN_POINT('',(-0.6,-0.585,1.17));
#3489 = VECTOR('',#3490,1.);
#3490 = DIRECTION('',(1.,0.,0.));
#3491 = ORIENTED_EDGE('',*,*,#3492,.T.);
#3492 = EDGE_CURVE('',#3485,#3462,#3493,.T.);
#3493 = CIRCLE('',#3494,4.E-02);
#3494 = AXIS2_PLACEMENT_3D('',#3495,#3496,#3497);
#3495 = CARTESIAN_POINT('',(0.6,-0.545,1.17));
#3496 = DIRECTION('',(-1.,0.,0.));
#3497 = DIRECTION('',(0.,0.,1.));
#3498 = ORIENTED_EDGE('',*,*,#3461,.F.);
#3499 = ORIENTED_EDGE('',*,*,#3273,.F.);
#3500 = CYLINDRICAL_SURFACE('',#3501,4.E-02);
#3501 = AXIS2_PLACEMENT_3D('',#3502,#3503,#3504);
#3502 = CARTESIAN_POINT('',(-0.6,-0.545,1.17));
#3503 = DIRECTION('',(1.,0.,0.));
#3504 = DIRECTION('',(0.,-1.,0.));
#3505 = ADVANCED_FACE('',(#3506),#3517,.F.);
#3506 = FACE_BOUND('',#3507,.F.);
#3507 = EDGE_LOOP('',(#3508,#3514,#3515,#3516));
#3508 = ORIENTED_EDGE('',*,*,#3509,.F.);
#3509 = EDGE_CURVE('',#3340,#3485,#3510,.T.);
#3510 = LINE('',#3511,#3512);
#3511 = CARTESIAN_POINT('',(0.6,-0.585,4.E-02));
#3512 = VECTOR('',#3513,1.);
#3513 = DIRECTION('',(0.,0.,1.));
#3514 = ORIENTED_EDGE('',*,*,#3348,.F.);
#3515 = ORIENTED_EDGE('',*,*,#3265,.T.);
#3516 = ORIENTED_EDGE('',*,*,#3484,.T.);
#3517 = PLANE('',#3518);
#3518 = AXIS2_PLACEMENT_3D('',#3519,#3520,#3521);
#3519 = CARTESIAN_POINT('',(-0.6,-0.585,4.E-02));
#3520 = DIRECTION('',(0.,1.,0.));
#3521 = DIRECTION('',(0.,-0.,1.));
#3522 = ADVANCED_FACE('',(#3523,#3593),#3603,.F.);
#3523 = FACE_BOUND('',#3524,.F.);
#3524 = EDGE_LOOP('',(#3525,#3535,#3544,#3552,#3561,#3569,#3578,#3586));
#3525 = ORIENTED_EDGE('',*,*,#3526,.F.);
#3526 = EDGE_CURVE('',#3527,#3529,#3531,.T.);
#3527 = VERTEX_POINT('',#3528);
#3528 = CARTESIAN_POINT('',(0.6,-0.625,4.E-02));
#3529 = VERTEX_POINT('',#3530);
#3530 = CARTESIAN_POINT('',(0.6,-0.625,1.21));
#3531 = LINE('',#3532,#3533);
#3532 = CARTESIAN_POINT('',(0.6,-0.625,0.));
#3533 = VECTOR('',#3534,1.);
#3534 = DIRECTION('',(0.,0.,1.));
#3535 = ORIENTED_EDGE('',*,*,#3536,.T.);
#3536 = EDGE_CURVE('',#3527,#3537,#3539,.T.);
#3537 = VERTEX_POINT('',#3538);
#3538 = CARTESIAN_POINT('',(0.6,-0.585,0.));
#3539 = CIRCLE('',#3540,4.E-02);
#3540 = AXIS2_PLACEMENT_3D('',#3541,#3542,#3543);
#3541 = CARTESIAN_POINT('',(0.6,-0.585,4.E-02));
#3542 = DIRECTION('',(1.,0.,-0.));
#3543 = DIRECTION('',(0.,0.,1.));
#3544 = ORIENTED_EDGE('',*,*,#3545,.T.);
#3545 = EDGE_CURVE('',#3537,#3546,#3548,.T.);
#3546 = VERTEX_POINT('',#3547);
#3547 = CARTESIAN_POINT('',(0.6,0.585,0.));
#3548 = LINE('',#3549,#3550);
#3549 = CARTESIAN_POINT('',(0.6,-0.625,0.));
#3550 = VECTOR('',#3551,1.);
#3551 = DIRECTION('',(0.,1.,0.));
#3552 = ORIENTED_EDGE('',*,*,#3553,.F.);
#3553 = EDGE_CURVE('',#3554,#3546,#3556,.T.);
#3554 = VERTEX_POINT('',#3555);
#3555 = CARTESIAN_POINT('',(0.6,0.625,4.E-02));
#3556 = CIRCLE('',#3557,4.E-02);
#3557 = AXIS2_PLACEMENT_3D('',#3558,#3559,#3560);
#3558 = CARTESIAN_POINT('',(0.6,0.585,4.E-02));
#3559 = DIRECTION('',(-1.,0.,0.));
#3560 = DIRECTION('',(0.,0.,1.));
#3561 = ORIENTED_EDGE('',*,*,#3562,.T.);
#3562 = EDGE_CURVE('',#3554,#3563,#3565,.T.);
#3563 = VERTEX_POINT('',#3564);
#3564 = CARTESIAN_POINT('',(0.6,0.625,1.21));
#3565 = LINE('',#3566,#3567);
#3566 = CARTESIAN_POINT('',(0.6,0.625,0.));
#3567 = VECTOR('',#3568,1.);
#3568 = DIRECTION('',(0.,0.,1.));
#3569 = ORIENTED_EDGE('',*,*,#3570,.T.);
#3570 = EDGE_CURVE('',#3563,#3571,#3573,.T.);
#3571 = VERTEX_POINT('',#3572);
#3572 = CARTESIAN_POINT('',(0.6,0.585,1.25));
#3573 = CIRCLE('',#3574,4.E-02);
#3574 = AXIS2_PLACEMENT_3D('',#3575,#3576,#3577);
#3575 = CARTESIAN_POINT('',(0.6,0.585,1.21));
#3576 = DIRECTION('',(1.,0.,-0.));
#3577 = DIRECTION('',(0.,0.,1.));
#3578 = ORIENTED_EDGE('',*,*,#3579,.F.);
#3579 = EDGE_CURVE('',#3580,#3571,#3582,.T.);
#3580 = VERTEX_POINT('',#3581);
#3581 = CARTESIAN_POINT('',(0.6,-0.585,1.25));
#3582 = LINE('',#3583,#3584);
#3583 = CARTESIAN_POINT('',(0.6,-0.625,1.25));
#3584 = VECTOR('',#3585,1.);
#3585 = DIRECTION('',(0.,1.,0.));
#3586 = ORIENTED_EDGE('',*,*,#3587,.F.);
#3587 = EDGE_CURVE('',#3529,#3580,#3588,.T.);
#3588 = CIRCLE('',#3589,4.E-02);
#3589 = AXIS2_PLACEMENT_3D('',#3590,#3591,#3592);
#3590 = CARTESIAN_POINT('',(0.6,-0.585,1.21));
#3591 = DIRECTION('',(-1.,0.,0.));
#3592 = DIRECTION('',(0.,0.,1.));
#3593 = FACE_BOUND('',#3594,.F.);
#3594 = EDGE_LOOP('',(#3595,#3596,#3597,#3598,#3599,#3600,#3601,#3602));
#3595 = ORIENTED_EDGE('',*,*,#3339,.F.);
#3596 = ORIENTED_EDGE('',*,*,#3509,.T.);
#3597 = ORIENTED_EDGE('',*,*,#3492,.T.);
#3598 = ORIENTED_EDGE('',*,*,#3469,.T.);
#3599 = ORIENTED_EDGE('',*,*,#3444,.F.);
#3600 = ORIENTED_EDGE('',*,*,#3411,.F.);
#3601 = ORIENTED_EDGE('',*,*,#3394,.T.);
#3602 = ORIENTED_EDGE('',*,*,#3364,.F.);
#3603 = PLANE('',#3604);
#3604 = AXIS2_PLACEMENT_3D('',#3605,#3606,#3607);
#3605 = CARTESIAN_POINT('',(0.6,-0.625,0.));
#3606 = DIRECTION('',(1.,0.,0.));
#3607 = DIRECTION('',(0.,0.,1.));
#3608 = ADVANCED_FACE('',(#3609),#3634,.F.);
#3609 = FACE_BOUND('',#3610,.F.);
#3610 = EDGE_LOOP('',(#3611,#3621,#3627,#3628));
#3611 = ORIENTED_EDGE('',*,*,#3612,.F.);
#3612 = EDGE_CURVE('',#3613,#3615,#3617,.T.);
#3613 = VERTEX_POINT('',#3614);
#3614 = CARTESIAN_POINT('',(1.,-0.625,4.E-02));
#3615 = VERTEX_POINT('',#3616);
#3616 = CARTESIAN_POINT('',(1.,-0.625,1.21));
#3617 = LINE('',#3618,#3619);
#3618 = CARTESIAN_POINT('',(1.,-0.625,0.));
#3619 = VECTOR('',#3620,1.);
#3620 = DIRECTION('',(0.,0.,1.));
#3621 = ORIENTED_EDGE('',*,*,#3622,.F.);
#3622 = EDGE_CURVE('',#3527,#3613,#3623,.T.);
#3623 = LINE('',#3624,#3625);
#3624 = CARTESIAN_POINT('',(0.6,-0.625,4.E-02));
#3625 = VECTOR('',#3626,1.);
#3626 = DIRECTION('',(1.,0.,0.));
#3627 = ORIENTED_EDGE('',*,*,#3526,.T.);
#3628 = ORIENTED_EDGE('',*,*,#3629,.T.);
#3629 = EDGE_CURVE('',#3529,#3615,#3630,.T.);
#3630 = LINE('',#3631,#3632);
#3631 = CARTESIAN_POINT('',(0.6,-0.625,1.21));
#3632 = VECTOR('',#3633,1.);
#3633 = DIRECTION('',(1.,0.,0.));
#3634 = PLANE('',#3635);
#3635 = AXIS2_PLACEMENT_3D('',#3636,#3637,#3638);
#3636 = CARTESIAN_POINT('',(0.6,-0.625,0.));
#3637 = DIRECTION('',(0.,1.,0.));
#3638 = DIRECTION('',(0.,-0.,1.));
#3639 = ADVANCED_FACE('',(#3640),#3659,.T.);
#3640 = FACE_BOUND('',#3641,.T.);
#3641 = EDGE_LOOP('',(#3642,#3643,#3651,#3658));
#3642 = ORIENTED_EDGE('',*,*,#3536,.T.);
#3643 = ORIENTED_EDGE('',*,*,#3644,.T.);
#3644 = EDGE_CURVE('',#3537,#3645,#3647,.T.);
#3645 = VERTEX_POINT('',#3646);
#3646 = CARTESIAN_POINT('',(1.,-0.585,0.));
#3647 = LINE('',#3648,#3649);
#3648 = CARTESIAN_POINT('',(0.6,-0.585,0.));
#3649 = VECTOR('',#3650,1.);
#3650 = DIRECTION('',(1.,0.,0.));
#3651 = ORIENTED_EDGE('',*,*,#3652,.F.);
#3652 = EDGE_CURVE('',#3613,#3645,#3653,.T.);
#3653 = CIRCLE('',#3654,4.E-02);
#3654 = AXIS2_PLACEMENT_3D('',#3655,#3656,#3657);
#3655 = CARTESIAN_POINT('',(1.,-0.585,4.E-02));
#3656 = DIRECTION('',(1.,0.,-0.));
#3657 = DIRECTION('',(0.,0.,1.));
#3658 = ORIENTED_EDGE('',*,*,#3622,.F.);
#3659 = CYLINDRICAL_SURFACE('',#3660,4.E-02);
#3660 = AXIS2_PLACEMENT_3D('',#3661,#3662,#3663);
#3661 = CARTESIAN_POINT('',(0.6,-0.585,4.E-02));
#3662 = DIRECTION('',(1.,0.,0.));
#3663 = DIRECTION('',(0.,-1.,0.));
#3664 = ADVANCED_FACE('',(#3665),#3684,.T.);
#3665 = FACE_BOUND('',#3666,.T.);
#3666 = EDGE_LOOP('',(#3667,#3668,#3677,#3683));
#3667 = ORIENTED_EDGE('',*,*,#3629,.T.);
#3668 = ORIENTED_EDGE('',*,*,#3669,.T.);
#3669 = EDGE_CURVE('',#3615,#3670,#3672,.T.);
#3670 = VERTEX_POINT('',#3671);
#3671 = CARTESIAN_POINT('',(1.,-0.585,1.25));
#3672 = CIRCLE('',#3673,4.E-02);
#3673 = AXIS2_PLACEMENT_3D('',#3674,#3675,#3676);
#3674 = CARTESIAN_POINT('',(1.,-0.585,1.21));
#3675 = DIRECTION('',(-1.,0.,0.));
#3676 = DIRECTION('',(0.,0.,1.));
#3677 = ORIENTED_EDGE('',*,*,#3678,.F.);
#3678 = EDGE_CURVE('',#3580,#3670,#3679,.T.);
#3679 = LINE('',#3680,#3681);
#3680 = CARTESIAN_POINT('',(0.6,-0.585,1.25));
#3681 = VECTOR('',#3682,1.);
#3682 = DIRECTION('',(1.,0.,0.));
#3683 = ORIENTED_EDGE('',*,*,#3587,.F.);
#3684 = CYLINDRICAL_SURFACE('',#3685,4.E-02);
#3685 = AXIS2_PLACEMENT_3D('',#3686,#3687,#3688);
#3686 = CARTESIAN_POINT('',(0.6,-0.585,1.21));
#3687 = DIRECTION('',(1.,0.,0.));
#3688 = DIRECTION('',(0.,-1.,0.));
#3689 = ADVANCED_FACE('',(#3690),#3708,.F.);
#3690 = FACE_BOUND('',#3691,.F.);
#3691 = EDGE_LOOP('',(#3692,#3693,#3694,#3702));
#3692 = ORIENTED_EDGE('',*,*,#3545,.F.);
#3693 = ORIENTED_EDGE('',*,*,#3644,.T.);
#3694 = ORIENTED_EDGE('',*,*,#3695,.T.);
#3695 = EDGE_CURVE('',#3645,#3696,#3698,.T.);
#3696 = VERTEX_POINT('',#3697);
#3697 = CARTESIAN_POINT('',(1.,0.585,0.));
#3698 = LINE('',#3699,#3700);
#3699 = CARTESIAN_POINT('',(1.,-0.625,0.));
#3700 = VECTOR('',#3701,1.);
#3701 = DIRECTION('',(0.,1.,0.));
#3702 = ORIENTED_EDGE('',*,*,#3703,.F.);
#3703 = EDGE_CURVE('',#3546,#3696,#3704,.T.);
#3704 = LINE('',#3705,#3706);
#3705 = CARTESIAN_POINT('',(0.6,0.585,0.));
#3706 = VECTOR('',#3707,1.);
#3707 = DIRECTION('',(1.,0.,0.));
#3708 = PLANE('',#3709);
#3709 = AXIS2_PLACEMENT_3D('',#3710,#3711,#3712);
#3710 = CARTESIAN_POINT('',(0.6,-0.625,0.));
#3711 = DIRECTION('',(0.,0.,1.));
#3712 = DIRECTION('',(1.,0.,-0.));
#3713 = ADVANCED_FACE('',(#3714),#3732,.T.);
#3714 = FACE_BOUND('',#3715,.T.);
#3715 = EDGE_LOOP('',(#3716,#3717,#3718,#3726));
#3716 = ORIENTED_EDGE('',*,*,#3579,.F.);
#3717 = ORIENTED_EDGE('',*,*,#3678,.T.);
#3718 = ORIENTED_EDGE('',*,*,#3719,.T.);
#3719 = EDGE_CURVE('',#3670,#3720,#3722,.T.);
#3720 = VERTEX_POINT('',#3721);
#3721 = CARTESIAN_POINT('',(1.,0.585,1.25));
#3722 = LINE('',#3723,#3724);
#3723 = CARTESIAN_POINT('',(1.,-0.625,1.25));
#3724 = VECTOR('',#3725,1.);
#3725 = DIRECTION('',(0.,1.,0.));
#3726 = ORIENTED_EDGE('',*,*,#3727,.F.);
#3727 = EDGE_CURVE('',#3571,#3720,#3728,.T.);
#3728 = LINE('',#3729,#3730);
#3729 = CARTESIAN_POINT('',(0.6,0.585,1.25));
#3730 = VECTOR('',#3731,1.);
#3731 = DIRECTION('',(1.,0.,0.));
#3732 = PLANE('',#3733);
#3733 = AXIS2_PLACEMENT_3D('',#3734,#3735,#3736);
#3734 = CARTESIAN_POINT('',(0.6,-0.625,1.25));
#3735 = DIRECTION('',(0.,0.,1.));
#3736 = DIRECTION('',(1.,0.,-0.));
#3737 = ADVANCED_FACE('',(#3738),#3757,.T.);
#3738 = FACE_BOUND('',#3739,.T.);
#3739 = EDGE_LOOP('',(#3740,#3748,#3755,#3756));
#3740 = ORIENTED_EDGE('',*,*,#3741,.T.);
#3741 = EDGE_CURVE('',#3554,#3742,#3744,.T.);
#3742 = VERTEX_POINT('',#3743);
#3743 = CARTESIAN_POINT('',(1.,0.625,4.E-02));
#3744 = LINE('',#3745,#3746);
#3745 = CARTESIAN_POINT('',(0.6,0.625,4.E-02));
#3746 = VECTOR('',#3747,1.);
#3747 = DIRECTION('',(1.,0.,0.));
#3748 = ORIENTED_EDGE('',*,*,#3749,.T.);
#3749 = EDGE_CURVE('',#3742,#3696,#3750,.T.);
#3750 = CIRCLE('',#3751,4.E-02);
#3751 = AXIS2_PLACEMENT_3D('',#3752,#3753,#3754);
#3752 = CARTESIAN_POINT('',(1.,0.585,4.E-02));
#3753 = DIRECTION('',(-1.,0.,0.));
#3754 = DIRECTION('',(0.,0.,1.));
#3755 = ORIENTED_EDGE('',*,*,#3703,.F.);
#3756 = ORIENTED_EDGE('',*,*,#3553,.F.);
#3757 = CYLINDRICAL_SURFACE('',#3758,4.E-02);
#3758 = AXIS2_PLACEMENT_3D('',#3759,#3760,#3761);
#3759 = CARTESIAN_POINT('',(0.6,0.585,4.E-02));
#3760 = DIRECTION('',(1.,0.,0.));
#3761 = DIRECTION('',(-0.,1.,0.));
#3762 = ADVANCED_FACE('',(#3763),#3782,.T.);
#3763 = FACE_BOUND('',#3764,.T.);
#3764 = EDGE_LOOP('',(#3765,#3766,#3767,#3776));
#3765 = ORIENTED_EDGE('',*,*,#3570,.T.);
#3766 = ORIENTED_EDGE('',*,*,#3727,.T.);
#3767 = ORIENTED_EDGE('',*,*,#3768,.F.);
#3768 = EDGE_CURVE('',#3769,#3720,#3771,.T.);
#3769 = VERTEX_POINT('',#3770);
#3770 = CARTESIAN_POINT('',(1.,0.625,1.21));
#3771 = CIRCLE('',#3772,4.E-02);
#3772 = AXIS2_PLACEMENT_3D('',#3773,#3774,#3775);
#3773 = CARTESIAN_POINT('',(1.,0.585,1.21));
#3774 = DIRECTION('',(1.,0.,-0.));
#3775 = DIRECTION('',(0.,0.,1.));
#3776 = ORIENTED_EDGE('',*,*,#3777,.F.);
#3777 = EDGE_CURVE('',#3563,#3769,#3778,.T.);
#3778 = LINE('',#3779,#3780);
#3779 = CARTESIAN_POINT('',(0.6,0.625,1.21));
#3780 = VECTOR('',#3781,1.);
#3781 = DIRECTION('',(1.,0.,0.));
#3782 = CYLINDRICAL_SURFACE('',#3783,4.E-02);
#3783 = AXIS2_PLACEMENT_3D('',#3784,#3785,#3786);
#3784 = CARTESIAN_POINT('',(0.6,0.585,1.21));
#3785 = DIRECTION('',(1.,0.,0.));
#3786 = DIRECTION('',(-0.,1.,0.));
#3787 = ADVANCED_FACE('',(#3788),#3799,.T.);
#3788 = FACE_BOUND('',#3789,.T.);
#3789 = EDGE_LOOP('',(#3790,#3796,#3797,#3798));
#3790 = ORIENTED_EDGE('',*,*,#3791,.F.);
#3791 = EDGE_CURVE('',#3742,#3769,#3792,.T.);
#3792 = LINE('',#3793,#3794);
#3793 = CARTESIAN_POINT('',(1.,0.625,0.));
#3794 = VECTOR('',#3795,1.);
#3795 = DIRECTION('',(0.,0.,1.));
#3796 = ORIENTED_EDGE('',*,*,#3741,.F.);
#3797 = ORIENTED_EDGE('',*,*,#3562,.T.);
#3798 = ORIENTED_EDGE('',*,*,#3777,.T.);
#3799 = PLANE('',#3800);
#3800 = AXIS2_PLACEMENT_3D('',#3801,#3802,#3803);
#3801 = CARTESIAN_POINT('',(0.6,0.625,0.));
#3802 = DIRECTION('',(0.,1.,0.));
#3803 = DIRECTION('',(0.,-0.,1.));
#3804 = ADVANCED_FACE('',(#3805),#3815,.T.);
#3805 = FACE_BOUND('',#3806,.T.);
#3806 = EDGE_LOOP('',(#3807,#3808,#3809,#3810,#3811,#3812,#3813,#3814));
#3807 = ORIENTED_EDGE('',*,*,#3612,.F.);
#3808 = ORIENTED_EDGE('',*,*,#3652,.T.);
#3809 = ORIENTED_EDGE('',*,*,#3695,.T.);
#3810 = ORIENTED_EDGE('',*,*,#3749,.F.);
#3811 = ORIENTED_EDGE('',*,*,#3791,.T.);
#3812 = ORIENTED_EDGE('',*,*,#3768,.T.);
#3813 = ORIENTED_EDGE('',*,*,#3719,.F.);
#3814 = ORIENTED_EDGE('',*,*,#3669,.F.);
#3815 = PLANE('',#3816);
#3816 = AXIS2_PLACEMENT_3D('',#3817,#3818,#3819);
#3817 = CARTESIAN_POINT('',(1.,-0.625,0.));
#3818 = DIRECTION('',(1.,0.,0.));
#3819 = DIRECTION('',(0.,0.,1.));
#3820 = ( GEOMETRIC_REPRESENTATION_CONTEXT(3) 
GLOBAL_UNCERTAINTY_ASSIGNED_CONTEXT((#3824)) 
GLOBAL_UNIT_ASSIGNED_CONTEXT((#3821,#3822,#3823)) REPRESENTATION_CONTEXT
('Context #1','3D Context with UNIT and UNCERTAINTY') );
#3821 = ( LENGTH_UNIT() NAMED_UNIT(*) SI_UNIT(.MILLI.,.METRE.) );
#3822 = ( NAMED_UNIT(*) PLANE_ANGLE_UNIT() SI_UNIT($,.RADIAN.) );
#3823 = ( NAMED_UNIT(*) SI_UNIT($,.STERADIAN.) SOLID_ANGLE_UNIT() );
#3824 = UNCERTAINTY_MEASURE_WITH_UNIT(LENGTH_MEASURE(1.E-07),#3821,
  'distance_accuracy_value','confusion accuracy');
#3825 = CONTEXT_DEPENDENT_SHAPE_REPRESENTATION(#3826,#3828);
#3826 = ( REPRESENTATION_RELATIONSHIP('','',#2965,#2942) 
REPRESENTATION_RELATIONSHIP_WITH_TRANSFORMATION(#3827) 
SHAPE_REPRESENTATION_RELATIONSHIP() );
#3827 = ITEM_DEFINED_TRANSFORMATION('','',#11,#2943);
#3828 = PRODUCT_DEFINITION_SHAPE('Placement','Placement of an item',
  #3829);
#3829 = NEXT_ASSEMBLY_USAGE_OCCURRENCE('41','=>[0:1:1:7]','',#2937,#2960
  ,$);
#3830 = PRODUCT_RELATED_PRODUCT_CATEGORY('part',$,(#2962));
#3831 = CONTEXT_DEPENDENT_SHAPE_REPRESENTATION(#3832,#3834);
#3832 = ( REPRESENTATION_RELATIONSHIP('','',#2110,#10) 
REPRESENTATION_RELATIONSHIP_WITH_TRANSFORMATION(#3833) 
SHAPE_REPRESENTATION_RELATIONSHIP() );
#3833 = ITEM_DEFINED_TRANSFORMATION('','',#11,#171);
#3834 = PRODUCT_DEFINITION_SHAPE('Placement','Placement of an item',
  #3835);
#3835 = NEXT_ASSEMBLY_USAGE_OCCURRENCE('43','R2','',#5,#2105,$);
#3836 = CONTEXT_DEPENDENT_SHAPE_REPRESENTATION(#3837,#3839);
#3837 = ( REPRESENTATION_RELATIONSHIP('','',#2110,#10) 
REPRESENTATION_RELATIONSHIP_WITH_TRANSFORMATION(#3838) 
SHAPE_REPRESENTATION_RELATIONSHIP() );
#3838 = ITEM_DEFINED_TRANSFORMATION('','',#11,#175);
#3839 = PRODUCT_DEFINITION_SHAPE('Placement','Placement of an item',
  #3840);
#3840 = NEXT_ASSEMBLY_USAGE_OCCURRENCE('44','R3','',#5,#2105,$);
#3841 = SHAPE_DEFINITION_REPRESENTATION(#3842,#3848);
#3842 = PRODUCT_DEFINITION_SHAPE('','',#3843);
#3843 = PRODUCT_DEFINITION('design','',#3844,#3847);
#3844 = PRODUCT_DEFINITION_FORMATION('','',#3845);
#3845 = PRODUCT('QFN-28-1EP_6x6mm_P0.65mm_EP4.25x4.25mm',
  'QFN-28-1EP_6x6mm_P0.65mm_EP4.25x4.25mm','',(#3846));
#3846 = PRODUCT_CONTEXT('',#2,'mechanical');
#3847 = PRODUCT_DEFINITION_CONTEXT('part definition',#2,'design');
#3848 = SHAPE_REPRESENTATION('',(#11,#3849),#3853);
#3849 = AXIS2_PLACEMENT_3D('',#3850,#3851,#3852);
#3850 = CARTESIAN_POINT('',(0.,0.,0.));
#3851 = DIRECTION('',(0.,0.,1.));
#3852 = DIRECTION('',(1.,0.,-0.));
#3853 = ( GEOMETRIC_REPRESENTATION_CONTEXT(3) 
GLOBAL_UNCERTAINTY_ASSIGNED_CONTEXT((#3857)) 
GLOBAL_UNIT_ASSIGNED_CONTEXT((#3854,#3855,#3856)) REPRESENTATION_CONTEXT
('Context #1','3D Context with UNIT and UNCERTAINTY') );
#3854 = ( LENGTH_UNIT() NAMED_UNIT(*) SI_UNIT(.MILLI.,.METRE.) );
#3855 = ( NAMED_UNIT(*) PLANE_ANGLE_UNIT() SI_UNIT($,.RADIAN.) );
#3856 = ( NAMED_UNIT(*) SI_UNIT($,.STERADIAN.) SOLID_ANGLE_UNIT() );
#3857 = UNCERTAINTY_MEASURE_WITH_UNIT(LENGTH_MEASURE(1.E-07),#3854,
  'distance_accuracy_value','confusion accuracy');
#3858 = CONTEXT_DEPENDENT_SHAPE_REPRESENTATION(#3859,#3861);
#3859 = ( REPRESENTATION_RELATIONSHIP('','',#3848,#10) 
REPRESENTATION_RELATIONSHIP_WITH_TRANSFORMATION(#3860) 
SHAPE_REPRESENTATION_RELATIONSHIP() );
#3860 = ITEM_DEFINED_TRANSFORMATION('','',#11,#179);
#3861 = PRODUCT_DEFINITION_SHAPE('Placement','Placement of an item',
  #3862);
#3862 = NEXT_ASSEMBLY_USAGE_OCCURRENCE('46','U2','',#5,#3843,$);
#3863 = PRODUCT_RELATED_PRODUCT_CATEGORY('part',$,(#3845));
#3864 = SHAPE_DEFINITION_REPRESENTATION(#3865,#3871);
#3865 = PRODUCT_DEFINITION_SHAPE('','',#3866);
#3866 = PRODUCT_DEFINITION('design','',#3867,#3870);
#3867 = PRODUCT_DEFINITION_FORMATION('','',#3868);
#3868 = PRODUCT('QFN-28-1EP_6x6mm_Pitch0.65mm',
  'QFN-28-1EP_6x6mm_Pitch0.65mm','',(#3869));
#3869 = PRODUCT_CONTEXT('',#2,'mechanical');
#3870 = PRODUCT_DEFINITION_CONTEXT('part definition',#2,'design');
#3871 = ADVANCED_BREP_SHAPE_REPRESENTATION('',(#11,#3872),#9842);
#3872 = MANIFOLD_SOLID_BREP('',#3873);
#3873 = CLOSED_SHELL('',(#3874,#3915,#3962,#3987,#4027,#4044,#5026,#5204
    ,#5216,#5401,#5441,#5481,#5506,#5531,#5564,#5597,#5637,#5677,#5702,
    #5727,#5760,#5793,#5833,#5858,#5891,#5931,#5971,#5996,#6021,#6054,
    #6087,#6127,#6167,#6192,#6217,#6250,#6283,#6323,#6363,#6388,#6413,
    #6446,#6479,#6519,#6559,#6584,#6609,#6642,#6675,#6860,#7038,#7078,
    #7118,#7143,#7168,#7201,#7234,#7274,#7314,#7339,#7364,#7397,#7430,
    #7470,#7510,#7535,#7560,#7593,#7626,#7666,#7706,#7731,#7756,#7789,
    #7822,#7862,#7902,#7927,#7952,#7985,#8018,#8058,#8098,#8123,#8148,
    #8181,#8214,#8254,#8294,#8319,#8344,#8377,#8410,#8441,#8465,#8489,
    #8513,#8530,#8553,#8570,#8587,#8604,#8621,#8638,#8655,#8672,#8689,
    #8706,#8723,#8740,#8757,#8774,#8791,#8803,#8820,#8832,#8849,#8861,
    #8878,#8890,#8907,#8919,#8936,#8948,#8965,#8977,#8994,#9006,#9023,
    #9035,#9052,#9064,#9081,#9093,#9110,#9122,#9139,#9151,#9168,#9185,
    #9202,#9219,#9236,#9253,#9270,#9287,#9304,#9321,#9338,#9355,#9372,
    #9389,#9406,#9418,#9435,#9447,#9464,#9476,#9493,#9505,#9522,#9534,
    #9551,#9563,#9580,#9592,#9609,#9621,#9638,#9650,#9667,#9679,#9696,
    #9708,#9725,#9737,#9754,#9766,#9783,#9795,#9808,#9833));
#3874 = ADVANCED_FACE('',(#3875),#3910,.T.);
#3875 = FACE_BOUND('',#3876,.F.);
#3876 = EDGE_LOOP('',(#3877,#3887,#3896,#3904));
#3877 = ORIENTED_EDGE('',*,*,#3878,.T.);
#3878 = EDGE_CURVE('',#3879,#3881,#3883,.T.);
#3879 = VERTEX_POINT('',#3880);
#3880 = CARTESIAN_POINT('',(-0.8,3.,0.));
#3881 = VERTEX_POINT('',#3882);
#3882 = CARTESIAN_POINT('',(-0.8,2.75,0.));
#3883 = LINE('',#3884,#3885);
#3884 = CARTESIAN_POINT('',(-0.8,3.,0.));
#3885 = VECTOR('',#3886,1.);
#3886 = DIRECTION('',(-4.555315873023E-16,-1.,0.));
#3887 = ORIENTED_EDGE('',*,*,#3888,.T.);
#3888 = EDGE_CURVE('',#3881,#3889,#3891,.T.);
#3889 = VERTEX_POINT('',#3890);
#3890 = CARTESIAN_POINT('',(-0.5,2.75,0.));
#3891 = CIRCLE('',#3892,0.15);
#3892 = AXIS2_PLACEMENT_3D('',#3893,#3894,#3895);
#3893 = CARTESIAN_POINT('',(-0.65,2.75,0.));
#3894 = DIRECTION('',(0.,0.,1.));
#3895 = DIRECTION('',(-1.,4.555315873023E-16,0.));
#3896 = ORIENTED_EDGE('',*,*,#3897,.T.);
#3897 = EDGE_CURVE('',#3889,#3898,#3900,.T.);
#3898 = VERTEX_POINT('',#3899);
#3899 = CARTESIAN_POINT('',(-0.5,3.,0.));
#3900 = LINE('',#3901,#3902);
#3901 = CARTESIAN_POINT('',(-0.5,2.75,0.));
#3902 = VECTOR('',#3903,1.);
#3903 = DIRECTION('',(3.445092848398E-16,1.,0.));
#3904 = ORIENTED_EDGE('',*,*,#3905,.T.);
#3905 = EDGE_CURVE('',#3898,#3879,#3906,.T.);
#3906 = LINE('',#3907,#3908);
#3907 = CARTESIAN_POINT('',(-0.5,3.,0.));
#3908 = VECTOR('',#3909,1.);
#3909 = DIRECTION('',(-1.,4.555315873023E-16,0.));
#3910 = PLANE('',#3911);
#3911 = AXIS2_PLACEMENT_3D('',#3912,#3913,#3914);
#3912 = CARTESIAN_POINT('',(-0.8,3.,0.));
#3913 = DIRECTION('',(-0.,0.,-1.));
#3914 = DIRECTION('',(1.,-4.555315873023E-16,-0.));
#3915 = ADVANCED_FACE('',(#3916),#3957,.F.);
#3916 = FACE_BOUND('',#3917,.F.);
#3917 = EDGE_LOOP('',(#3918,#3919,#3927,#3935,#3943,#3951));
#3918 = ORIENTED_EDGE('',*,*,#3878,.F.);
#3919 = ORIENTED_EDGE('',*,*,#3920,.T.);
#3920 = EDGE_CURVE('',#3879,#3921,#3923,.T.);
#3921 = VERTEX_POINT('',#3922);
#3922 = CARTESIAN_POINT('',(-0.8,3.,0.2));
#3923 = LINE('',#3924,#3925);
#3924 = CARTESIAN_POINT('',(-0.8,3.,0.));
#3925 = VECTOR('',#3926,1.);
#3926 = DIRECTION('',(0.,0.,1.));
#3927 = ORIENTED_EDGE('',*,*,#3928,.T.);
#3928 = EDGE_CURVE('',#3921,#3929,#3931,.T.);
#3929 = VERTEX_POINT('',#3930);
#3930 = CARTESIAN_POINT('',(-0.8,2.99,0.2));
#3931 = LINE('',#3932,#3933);
#3932 = CARTESIAN_POINT('',(-0.8,3.,0.2));
#3933 = VECTOR('',#3934,1.);
#3934 = DIRECTION('',(-4.555315873023E-16,-1.,0.));
#3935 = ORIENTED_EDGE('',*,*,#3936,.F.);
#3936 = EDGE_CURVE('',#3937,#3929,#3939,.T.);
#3937 = VERTEX_POINT('',#3938);
#3938 = CARTESIAN_POINT('',(-0.8,2.99,2.E-02));
#3939 = LINE('',#3940,#3941);
#3940 = CARTESIAN_POINT('',(-0.8,2.99,1.E-02));
#3941 = VECTOR('',#3942,1.);
#3942 = DIRECTION('',(0.,0.,1.));
#3943 = ORIENTED_EDGE('',*,*,#3944,.F.);
#3944 = EDGE_CURVE('',#3945,#3937,#3947,.T.);
#3945 = VERTEX_POINT('',#3946);
#3946 = CARTESIAN_POINT('',(-0.8,2.75,2.E-02));
#3947 = LINE('',#3948,#3949);
#3948 = CARTESIAN_POINT('',(-0.8,2.995,2.E-02));
#3949 = VECTOR('',#3950,1.);
#3950 = DIRECTION('',(4.555315873023E-16,1.,0.));
#3951 = ORIENTED_EDGE('',*,*,#3952,.F.);
#3952 = EDGE_CURVE('',#3881,#3945,#3953,.T.);
#3953 = LINE('',#3954,#3955);
#3954 = CARTESIAN_POINT('',(-0.8,2.75,0.));
#3955 = VECTOR('',#3956,1.);
#3956 = DIRECTION('',(0.,0.,1.));
#3957 = PLANE('',#3958);
#3958 = AXIS2_PLACEMENT_3D('',#3959,#3960,#3961);
#3959 = CARTESIAN_POINT('',(-0.8,3.,0.));
#3960 = DIRECTION('',(1.,-4.555315873023E-16,0.));
#3961 = DIRECTION('',(-4.555315873023E-16,-1.,0.));
#3962 = ADVANCED_FACE('',(#3963),#3982,.T.);
#3963 = FACE_BOUND('',#3964,.T.);
#3964 = EDGE_LOOP('',(#3965,#3973,#3980,#3981));
#3965 = ORIENTED_EDGE('',*,*,#3966,.T.);
#3966 = EDGE_CURVE('',#3889,#3967,#3969,.T.);
#3967 = VERTEX_POINT('',#3968);
#3968 = CARTESIAN_POINT('',(-0.5,2.75,2.E-02));
#3969 = LINE('',#3970,#3971);
#3970 = CARTESIAN_POINT('',(-0.5,2.75,0.));
#3971 = VECTOR('',#3972,1.);
#3972 = DIRECTION('',(0.,0.,1.));
#3973 = ORIENTED_EDGE('',*,*,#3974,.T.);
#3974 = EDGE_CURVE('',#3967,#3945,#3975,.T.);
#3975 = CIRCLE('',#3976,0.15);
#3976 = AXIS2_PLACEMENT_3D('',#3977,#3978,#3979);
#3977 = CARTESIAN_POINT('',(-0.65,2.75,2.E-02));
#3978 = DIRECTION('',(0.,0.,-1.));
#3979 = DIRECTION('',(-1.,4.555315873023E-16,0.));
#3980 = ORIENTED_EDGE('',*,*,#3952,.F.);
#3981 = ORIENTED_EDGE('',*,*,#3888,.T.);
#3982 = CYLINDRICAL_SURFACE('',#3983,0.15);
#3983 = AXIS2_PLACEMENT_3D('',#3984,#3985,#3986);
#3984 = CARTESIAN_POINT('',(-0.65,2.75,0.));
#3985 = DIRECTION('',(0.,0.,-1.));
#3986 = DIRECTION('',(-1.,4.555315873023E-16,0.));
#3987 = ADVANCED_FACE('',(#3988),#4022,.F.);
#3988 = FACE_BOUND('',#3989,.F.);
#3989 = EDGE_LOOP('',(#3990,#3991,#3992,#4000,#4008,#4016));
#3990 = ORIENTED_EDGE('',*,*,#3897,.F.);
#3991 = ORIENTED_EDGE('',*,*,#3966,.T.);
#3992 = ORIENTED_EDGE('',*,*,#3993,.F.);
#3993 = EDGE_CURVE('',#3994,#3967,#3996,.T.);
#3994 = VERTEX_POINT('',#3995);
#3995 = CARTESIAN_POINT('',(-0.5,2.99,2.E-02));
#3996 = LINE('',#3997,#3998);
#3997 = CARTESIAN_POINT('',(-0.5,2.87,2.E-02));
#3998 = VECTOR('',#3999,1.);
#3999 = DIRECTION('',(-3.445092848398E-16,-1.,0.));
#4000 = ORIENTED_EDGE('',*,*,#4001,.F.);
#4001 = EDGE_CURVE('',#4002,#3994,#4004,.T.);
#4002 = VERTEX_POINT('',#4003);
#4003 = CARTESIAN_POINT('',(-0.5,2.99,0.2));
#4004 = LINE('',#4005,#4006);
#4005 = CARTESIAN_POINT('',(-0.5,2.99,1.E-02));
#4006 = VECTOR('',#4007,1.);
#4007 = DIRECTION('',(-0.,0.,-1.));
#4008 = ORIENTED_EDGE('',*,*,#4009,.T.);
#4009 = EDGE_CURVE('',#4002,#4010,#4012,.T.);
#4010 = VERTEX_POINT('',#4011);
#4011 = CARTESIAN_POINT('',(-0.5,3.,0.2));
#4012 = LINE('',#4013,#4014);
#4013 = CARTESIAN_POINT('',(-0.5,2.75,0.2));
#4014 = VECTOR('',#4015,1.);
#4015 = DIRECTION('',(3.445092848398E-16,1.,0.));
#4016 = ORIENTED_EDGE('',*,*,#4017,.F.);
#4017 = EDGE_CURVE('',#3898,#4010,#4018,.T.);
#4018 = LINE('',#4019,#4020);
#4019 = CARTESIAN_POINT('',(-0.5,3.,0.));
#4020 = VECTOR('',#4021,1.);
#4021 = DIRECTION('',(0.,0.,1.));
#4022 = PLANE('',#4023);
#4023 = AXIS2_PLACEMENT_3D('',#4024,#4025,#4026);
#4024 = CARTESIAN_POINT('',(-0.5,2.75,0.));
#4025 = DIRECTION('',(-1.,3.445092848398E-16,0.));
#4026 = DIRECTION('',(3.445092848398E-16,1.,0.));
#4027 = ADVANCED_FACE('',(#4028),#4039,.F.);
#4028 = FACE_BOUND('',#4029,.F.);
#4029 = EDGE_LOOP('',(#4030,#4031,#4037,#4038));
#4030 = ORIENTED_EDGE('',*,*,#4017,.T.);
#4031 = ORIENTED_EDGE('',*,*,#4032,.T.);
#4032 = EDGE_CURVE('',#4010,#3921,#4033,.T.);
#4033 = LINE('',#4034,#4035);
#4034 = CARTESIAN_POINT('',(-0.5,3.,0.2));
#4035 = VECTOR('',#4036,1.);
#4036 = DIRECTION('',(-1.,4.555315873023E-16,0.));
#4037 = ORIENTED_EDGE('',*,*,#3920,.F.);
#4038 = ORIENTED_EDGE('',*,*,#3905,.F.);
#4039 = PLANE('',#4040);
#4040 = AXIS2_PLACEMENT_3D('',#4041,#4042,#4043);
#4041 = CARTESIAN_POINT('',(-0.5,3.,0.));
#4042 = DIRECTION('',(-4.555315873023E-16,-1.,0.));
#4043 = DIRECTION('',(-1.,4.555315873023E-16,0.));
#4044 = ADVANCED_FACE('',(#4045,#4979),#5021,.F.);
#4045 = FACE_BOUND('',#4046,.F.);
#4046 = EDGE_LOOP('',(#4047,#4057,#4065,#4073,#4082,#4090,#4098,#4106,
    #4115,#4123,#4131,#4139,#4148,#4156,#4164,#4172,#4181,#4189,#4197,
    #4205,#4214,#4222,#4230,#4238,#4247,#4255,#4263,#4271,#4280,#4288,
    #4296,#4304,#4312,#4321,#4329,#4337,#4345,#4354,#4362,#4370,#4378,
    #4387,#4395,#4403,#4411,#4420,#4428,#4436,#4444,#4453,#4461,#4469,
    #4477,#4486,#4494,#4502,#4510,#4519,#4527,#4535,#4543,#4551,#4560,
    #4568,#4576,#4584,#4593,#4601,#4609,#4617,#4626,#4634,#4642,#4650,
    #4659,#4667,#4675,#4683,#4692,#4700,#4708,#4716,#4725,#4733,#4741,
    #4749,#4758,#4766,#4774,#4782,#4790,#4799,#4807,#4815,#4823,#4832,
    #4840,#4848,#4856,#4865,#4873,#4881,#4889,#4898,#4906,#4912,#4913,
    #4914,#4915,#4923,#4931,#4940,#4948,#4956,#4964,#4973));
#4047 = ORIENTED_EDGE('',*,*,#4048,.F.);
#4048 = EDGE_CURVE('',#4049,#4051,#4053,.T.);
#4049 = VERTEX_POINT('',#4050);
#4050 = CARTESIAN_POINT('',(-2.99,2.99,2.E-02));
#4051 = VERTEX_POINT('',#4052);
#4052 = CARTESIAN_POINT('',(-2.1,2.99,2.E-02));
#4053 = LINE('',#4054,#4055);
#4054 = CARTESIAN_POINT('',(-2.99,2.99,2.E-02));
#4055 = VECTOR('',#4056,1.);
#4056 = DIRECTION('',(1.,-2.22044604925E-16,0.));
#4057 = ORIENTED_EDGE('',*,*,#4058,.T.);
#4058 = EDGE_CURVE('',#4049,#4059,#4061,.T.);
#4059 = VERTEX_POINT('',#4060);
#4060 = CARTESIAN_POINT('',(-2.99,2.1,2.E-02));
#4061 = LINE('',#4062,#4063);
#4062 = CARTESIAN_POINT('',(-2.99,2.99,2.E-02));
#4063 = VECTOR('',#4064,1.);
#4064 = DIRECTION('',(-2.22044604925E-16,-1.,0.));
#4065 = ORIENTED_EDGE('',*,*,#4066,.T.);
#4066 = EDGE_CURVE('',#4059,#4067,#4069,.T.);
#4067 = VERTEX_POINT('',#4068);
#4068 = CARTESIAN_POINT('',(-2.75,2.1,2.E-02));
#4069 = LINE('',#4070,#4071);
#4070 = CARTESIAN_POINT('',(-2.87,2.1,2.E-02));
#4071 = VECTOR('',#4072,1.);
#4072 = DIRECTION('',(1.,-3.55951662292E-16,0.));
#4073 = ORIENTED_EDGE('',*,*,#4074,.T.);
#4074 = EDGE_CURVE('',#4067,#4075,#4077,.T.);
#4075 = VERTEX_POINT('',#4076);
#4076 = CARTESIAN_POINT('',(-2.75,1.8,2.E-02));
#4077 = CIRCLE('',#4078,0.15);
#4078 = AXIS2_PLACEMENT_3D('',#4079,#4080,#4081);
#4079 = CARTESIAN_POINT('',(-2.75,1.95,2.E-02));
#4080 = DIRECTION('',(-0.,0.,-1.));
#4081 = DIRECTION('',(-4.669739647545E-16,-1.,0.));
#4082 = ORIENTED_EDGE('',*,*,#4083,.T.);
#4083 = EDGE_CURVE('',#4075,#4084,#4086,.T.);
#4084 = VERTEX_POINT('',#4085);
#4085 = CARTESIAN_POINT('',(-2.99,1.8,2.E-02));
#4086 = LINE('',#4087,#4088);
#4087 = CARTESIAN_POINT('',(-2.995,1.8,2.E-02));
#4088 = VECTOR('',#4089,1.);
#4089 = DIRECTION('',(-1.,4.669739647545E-16,0.));
#4090 = ORIENTED_EDGE('',*,*,#4091,.T.);
#4091 = EDGE_CURVE('',#4084,#4092,#4094,.T.);
#4092 = VERTEX_POINT('',#4093);
#4093 = CARTESIAN_POINT('',(-2.99,1.45,2.E-02));
#4094 = LINE('',#4095,#4096);
#4095 = CARTESIAN_POINT('',(-2.99,2.99,2.E-02));
#4096 = VECTOR('',#4097,1.);
#4097 = DIRECTION('',(-2.22044604925E-16,-1.,0.));
#4098 = ORIENTED_EDGE('',*,*,#4099,.T.);
#4099 = EDGE_CURVE('',#4092,#4100,#4102,.T.);
#4100 = VERTEX_POINT('',#4101);
#4101 = CARTESIAN_POINT('',(-2.75,1.45,2.E-02));
#4102 = LINE('',#4103,#4104);
#4103 = CARTESIAN_POINT('',(-2.87,1.45,2.E-02));
#4104 = VECTOR('',#4105,1.);
#4105 = DIRECTION('',(1.,-3.55951662292E-16,0.));
#4106 = ORIENTED_EDGE('',*,*,#4107,.T.);
#4107 = EDGE_CURVE('',#4100,#4108,#4110,.T.);
#4108 = VERTEX_POINT('',#4109);
#4109 = CARTESIAN_POINT('',(-2.75,1.15,2.E-02));
#4110 = CIRCLE('',#4111,0.15);
#4111 = AXIS2_PLACEMENT_3D('',#4112,#4113,#4114);
#4112 = CARTESIAN_POINT('',(-2.75,1.3,2.E-02));
#4113 = DIRECTION('',(-0.,0.,-1.));
#4114 = DIRECTION('',(-4.669739647545E-16,-1.,0.));
#4115 = ORIENTED_EDGE('',*,*,#4116,.T.);
#4116 = EDGE_CURVE('',#4108,#4117,#4119,.T.);
#4117 = VERTEX_POINT('',#4118);
#4118 = CARTESIAN_POINT('',(-2.99,1.15,2.E-02));
#4119 = LINE('',#4120,#4121);
#4120 = CARTESIAN_POINT('',(-2.995,1.15,2.E-02));
#4121 = VECTOR('',#4122,1.);
#4122 = DIRECTION('',(-1.,4.669739647545E-16,0.));
#4123 = ORIENTED_EDGE('',*,*,#4124,.T.);
#4124 = EDGE_CURVE('',#4117,#4125,#4127,.T.);
#4125 = VERTEX_POINT('',#4126);
#4126 = CARTESIAN_POINT('',(-2.99,0.8,2.E-02));
#4127 = LINE('',#4128,#4129);
#4128 = CARTESIAN_POINT('',(-2.99,2.99,2.E-02));
#4129 = VECTOR('',#4130,1.);
#4130 = DIRECTION('',(-2.22044604925E-16,-1.,0.));
#4131 = ORIENTED_EDGE('',*,*,#4132,.T.);
#4132 = EDGE_CURVE('',#4125,#4133,#4135,.T.);
#4133 = VERTEX_POINT('',#4134);
#4134 = CARTESIAN_POINT('',(-2.75,0.8,2.E-02));
#4135 = LINE('',#4136,#4137);
#4136 = CARTESIAN_POINT('',(-2.87,0.8,2.E-02));
#4137 = VECTOR('',#4138,1.);
#4138 = DIRECTION('',(1.,-3.55951662292E-16,0.));
#4139 = ORIENTED_EDGE('',*,*,#4140,.T.);
#4140 = EDGE_CURVE('',#4133,#4141,#4143,.T.);
#4141 = VERTEX_POINT('',#4142);
#4142 = CARTESIAN_POINT('',(-2.75,0.5,2.E-02));
#4143 = CIRCLE('',#4144,0.15);
#4144 = AXIS2_PLACEMENT_3D('',#4145,#4146,#4147);
#4145 = CARTESIAN_POINT('',(-2.75,0.65,2.E-02));
#4146 = DIRECTION('',(-0.,0.,-1.));
#4147 = DIRECTION('',(-4.669739647545E-16,-1.,0.));
#4148 = ORIENTED_EDGE('',*,*,#4149,.T.);
#4149 = EDGE_CURVE('',#4141,#4150,#4152,.T.);
#4150 = VERTEX_POINT('',#4151);
#4151 = CARTESIAN_POINT('',(-2.99,0.5,2.E-02));
#4152 = LINE('',#4153,#4154);
#4153 = CARTESIAN_POINT('',(-2.995,0.5,2.E-02));
#4154 = VECTOR('',#4155,1.);
#4155 = DIRECTION('',(-1.,4.669739647545E-16,0.));
#4156 = ORIENTED_EDGE('',*,*,#4157,.T.);
#4157 = EDGE_CURVE('',#4150,#4158,#4160,.T.);
#4158 = VERTEX_POINT('',#4159);
#4159 = CARTESIAN_POINT('',(-2.99,0.15,2.E-02));
#4160 = LINE('',#4161,#4162);
#4161 = CARTESIAN_POINT('',(-2.99,2.99,2.E-02));
#4162 = VECTOR('',#4163,1.);
#4163 = DIRECTION('',(-2.22044604925E-16,-1.,0.));
#4164 = ORIENTED_EDGE('',*,*,#4165,.T.);
#4165 = EDGE_CURVE('',#4158,#4166,#4168,.T.);
#4166 = VERTEX_POINT('',#4167);
#4167 = CARTESIAN_POINT('',(-2.75,0.15,2.E-02));
#4168 = LINE('',#4169,#4170);
#4169 = CARTESIAN_POINT('',(-2.87,0.15,2.E-02));
#4170 = VECTOR('',#4171,1.);
#4171 = DIRECTION('',(1.,-3.55951662292E-16,0.));
#4172 = ORIENTED_EDGE('',*,*,#4173,.T.);
#4173 = EDGE_CURVE('',#4166,#4174,#4176,.T.);
#4174 = VERTEX_POINT('',#4175);
#4175 = CARTESIAN_POINT('',(-2.75,-0.15,2.E-02));
#4176 = CIRCLE('',#4177,0.15);
#4177 = AXIS2_PLACEMENT_3D('',#4178,#4179,#4180);
#4178 = CARTESIAN_POINT('',(-2.75,9.71445146547E-16,2.E-02));
#4179 = DIRECTION('',(-0.,0.,-1.));
#4180 = DIRECTION('',(-4.669739647545E-16,-1.,0.));
#4181 = ORIENTED_EDGE('',*,*,#4182,.T.);
#4182 = EDGE_CURVE('',#4174,#4183,#4185,.T.);
#4183 = VERTEX_POINT('',#4184);
#4184 = CARTESIAN_POINT('',(-2.99,-0.15,2.E-02));
#4185 = LINE('',#4186,#4187);
#4186 = CARTESIAN_POINT('',(-2.995,-0.15,2.E-02));
#4187 = VECTOR('',#4188,1.);
#4188 = DIRECTION('',(-1.,4.669739647545E-16,0.));
#4189 = ORIENTED_EDGE('',*,*,#4190,.T.);
#4190 = EDGE_CURVE('',#4183,#4191,#4193,.T.);
#4191 = VERTEX_POINT('',#4192);
#4192 = CARTESIAN_POINT('',(-2.99,-0.5,2.E-02));
#4193 = LINE('',#4194,#4195);
#4194 = CARTESIAN_POINT('',(-2.99,2.99,2.E-02));
#4195 = VECTOR('',#4196,1.);
#4196 = DIRECTION('',(-2.22044604925E-16,-1.,0.));
#4197 = ORIENTED_EDGE('',*,*,#4198,.T.);
#4198 = EDGE_CURVE('',#4191,#4199,#4201,.T.);
#4199 = VERTEX_POINT('',#4200);
#4200 = CARTESIAN_POINT('',(-2.75,-0.5,2.E-02));
#4201 = LINE('',#4202,#4203);
#4202 = CARTESIAN_POINT('',(-2.87,-0.5,2.E-02));
#4203 = VECTOR('',#4204,1.);
#4204 = DIRECTION('',(1.,-3.55951662292E-16,0.));
#4205 = ORIENTED_EDGE('',*,*,#4206,.T.);
#4206 = EDGE_CURVE('',#4199,#4207,#4209,.T.);
#4207 = VERTEX_POINT('',#4208);
#4208 = CARTESIAN_POINT('',(-2.75,-0.8,2.E-02));
#4209 = CIRCLE('',#4210,0.15);
#4210 = AXIS2_PLACEMENT_3D('',#4211,#4212,#4213);
#4211 = CARTESIAN_POINT('',(-2.75,-0.65,2.E-02));
#4212 = DIRECTION('',(-0.,0.,-1.));
#4213 = DIRECTION('',(-4.669739647545E-16,-1.,0.));
#4214 = ORIENTED_EDGE('',*,*,#4215,.T.);
#4215 = EDGE_CURVE('',#4207,#4216,#4218,.T.);
#4216 = VERTEX_POINT('',#4217);
#4217 = CARTESIAN_POINT('',(-2.99,-0.8,2.E-02));
#4218 = LINE('',#4219,#4220);
#4219 = CARTESIAN_POINT('',(-2.995,-0.8,2.E-02));
#4220 = VECTOR('',#4221,1.);
#4221 = DIRECTION('',(-1.,4.669739647545E-16,0.));
#4222 = ORIENTED_EDGE('',*,*,#4223,.T.);
#4223 = EDGE_CURVE('',#4216,#4224,#4226,.T.);
#4224 = VERTEX_POINT('',#4225);
#4225 = CARTESIAN_POINT('',(-2.99,-1.15,2.E-02));
#4226 = LINE('',#4227,#4228);
#4227 = CARTESIAN_POINT('',(-2.99,2.99,2.E-02));
#4228 = VECTOR('',#4229,1.);
#4229 = DIRECTION('',(-2.22044604925E-16,-1.,0.));
#4230 = ORIENTED_EDGE('',*,*,#4231,.T.);
#4231 = EDGE_CURVE('',#4224,#4232,#4234,.T.);
#4232 = VERTEX_POINT('',#4233);
#4233 = CARTESIAN_POINT('',(-2.75,-1.15,2.E-02));
#4234 = LINE('',#4235,#4236);
#4235 = CARTESIAN_POINT('',(-2.87,-1.15,2.E-02));
#4236 = VECTOR('',#4237,1.);
#4237 = DIRECTION('',(1.,-3.55951662292E-16,0.));
#4238 = ORIENTED_EDGE('',*,*,#4239,.T.);
#4239 = EDGE_CURVE('',#4232,#4240,#4242,.T.);
#4240 = VERTEX_POINT('',#4241);
#4241 = CARTESIAN_POINT('',(-2.75,-1.45,2.E-02));
#4242 = CIRCLE('',#4243,0.15);
#4243 = AXIS2_PLACEMENT_3D('',#4244,#4245,#4246);
#4244 = CARTESIAN_POINT('',(-2.75,-1.3,2.E-02));
#4245 = DIRECTION('',(-0.,0.,-1.));
#4246 = DIRECTION('',(-4.669739647545E-16,-1.,0.));
#4247 = ORIENTED_EDGE('',*,*,#4248,.T.);
#4248 = EDGE_CURVE('',#4240,#4249,#4251,.T.);
#4249 = VERTEX_POINT('',#4250);
#4250 = CARTESIAN_POINT('',(-2.99,-1.45,2.E-02));
#4251 = LINE('',#4252,#4253);
#4252 = CARTESIAN_POINT('',(-2.995,-1.45,2.E-02));
#4253 = VECTOR('',#4254,1.);
#4254 = DIRECTION('',(-1.,4.669739647545E-16,0.));
#4255 = ORIENTED_EDGE('',*,*,#4256,.T.);
#4256 = EDGE_CURVE('',#4249,#4257,#4259,.T.);
#4257 = VERTEX_POINT('',#4258);
#4258 = CARTESIAN_POINT('',(-2.99,-1.8,2.E-02));
#4259 = LINE('',#4260,#4261);
#4260 = CARTESIAN_POINT('',(-2.99,2.99,2.E-02));
#4261 = VECTOR('',#4262,1.);
#4262 = DIRECTION('',(-2.22044604925E-16,-1.,0.));
#4263 = ORIENTED_EDGE('',*,*,#4264,.T.);
#4264 = EDGE_CURVE('',#4257,#4265,#4267,.T.);
#4265 = VERTEX_POINT('',#4266);
#4266 = CARTESIAN_POINT('',(-2.75,-1.8,2.E-02));
#4267 = LINE('',#4268,#4269);
#4268 = CARTESIAN_POINT('',(-2.87,-1.8,2.E-02));
#4269 = VECTOR('',#4270,1.);
#4270 = DIRECTION('',(1.,-3.55951662292E-16,0.));
#4271 = ORIENTED_EDGE('',*,*,#4272,.T.);
#4272 = EDGE_CURVE('',#4265,#4273,#4275,.T.);
#4273 = VERTEX_POINT('',#4274);
#4274 = CARTESIAN_POINT('',(-2.75,-2.1,2.E-02));
#4275 = CIRCLE('',#4276,0.15);
#4276 = AXIS2_PLACEMENT_3D('',#4277,#4278,#4279);
#4277 = CARTESIAN_POINT('',(-2.75,-1.95,2.E-02));
#4278 = DIRECTION('',(-0.,0.,-1.));
#4279 = DIRECTION('',(-4.669739647545E-16,-1.,0.));
#4280 = ORIENTED_EDGE('',*,*,#4281,.T.);
#4281 = EDGE_CURVE('',#4273,#4282,#4284,.T.);
#4282 = VERTEX_POINT('',#4283);
#4283 = CARTESIAN_POINT('',(-2.99,-2.1,2.E-02));
#4284 = LINE('',#4285,#4286);
#4285 = CARTESIAN_POINT('',(-2.995,-2.1,2.E-02));
#4286 = VECTOR('',#4287,1.);
#4287 = DIRECTION('',(-1.,4.669739647545E-16,0.));
#4288 = ORIENTED_EDGE('',*,*,#4289,.T.);
#4289 = EDGE_CURVE('',#4282,#4290,#4292,.T.);
#4290 = VERTEX_POINT('',#4291);
#4291 = CARTESIAN_POINT('',(-2.99,-2.99,2.E-02));
#4292 = LINE('',#4293,#4294);
#4293 = CARTESIAN_POINT('',(-2.99,2.99,2.E-02));
#4294 = VECTOR('',#4295,1.);
#4295 = DIRECTION('',(-2.22044604925E-16,-1.,0.));
#4296 = ORIENTED_EDGE('',*,*,#4297,.T.);
#4297 = EDGE_CURVE('',#4290,#4298,#4300,.T.);
#4298 = VERTEX_POINT('',#4299);
#4299 = CARTESIAN_POINT('',(-2.1,-2.99,2.E-02));
#4300 = LINE('',#4301,#4302);
#4301 = CARTESIAN_POINT('',(-2.99,-2.99,2.E-02));
#4302 = VECTOR('',#4303,1.);
#4303 = DIRECTION('',(1.,-2.22044604925E-16,0.));
#4304 = ORIENTED_EDGE('',*,*,#4305,.T.);
#4305 = EDGE_CURVE('',#4298,#4306,#4308,.T.);
#4306 = VERTEX_POINT('',#4307);
#4307 = CARTESIAN_POINT('',(-2.1,-2.75,2.E-02));
#4308 = LINE('',#4309,#4310);
#4309 = CARTESIAN_POINT('',(-2.1,0.12,2.E-02));
#4310 = VECTOR('',#4311,1.);
#4311 = DIRECTION('',(4.555315873023E-16,1.,0.));
#4312 = ORIENTED_EDGE('',*,*,#4313,.T.);
#4313 = EDGE_CURVE('',#4306,#4314,#4316,.T.);
#4314 = VERTEX_POINT('',#4315);
#4315 = CARTESIAN_POINT('',(-1.8,-2.75,2.E-02));
#4316 = CIRCLE('',#4317,0.15);
#4317 = AXIS2_PLACEMENT_3D('',#4318,#4319,#4320);
#4318 = CARTESIAN_POINT('',(-1.95,-2.75,2.E-02));
#4319 = DIRECTION('',(0.,-0.,-1.));
#4320 = DIRECTION('',(1.,-5.665538897648E-16,0.));
#4321 = ORIENTED_EDGE('',*,*,#4322,.T.);
#4322 = EDGE_CURVE('',#4314,#4323,#4325,.T.);
#4323 = VERTEX_POINT('',#4324);
#4324 = CARTESIAN_POINT('',(-1.8,-2.99,2.E-02));
#4325 = LINE('',#4326,#4327);
#4326 = CARTESIAN_POINT('',(-1.8,-5.E-03,2.E-02));
#4327 = VECTOR('',#4328,1.);
#4328 = DIRECTION('',(-5.665538897648E-16,-1.,0.));
#4329 = ORIENTED_EDGE('',*,*,#4330,.T.);
#4330 = EDGE_CURVE('',#4323,#4331,#4333,.T.);
#4331 = VERTEX_POINT('',#4332);
#4332 = CARTESIAN_POINT('',(-1.45,-2.99,2.E-02));
#4333 = LINE('',#4334,#4335);
#4334 = CARTESIAN_POINT('',(-2.99,-2.99,2.E-02));
#4335 = VECTOR('',#4336,1.);
#4336 = DIRECTION('',(1.,-2.22044604925E-16,0.));
#4337 = ORIENTED_EDGE('',*,*,#4338,.T.);
#4338 = EDGE_CURVE('',#4331,#4339,#4341,.T.);
#4339 = VERTEX_POINT('',#4340);
#4340 = CARTESIAN_POINT('',(-1.45,-2.75,2.E-02));
#4341 = LINE('',#4342,#4343);
#4342 = CARTESIAN_POINT('',(-1.45,0.12,2.E-02));
#4343 = VECTOR('',#4344,1.);
#4344 = DIRECTION('',(4.555315873023E-16,1.,0.));
#4345 = ORIENTED_EDGE('',*,*,#4346,.T.);
#4346 = EDGE_CURVE('',#4339,#4347,#4349,.T.);
#4347 = VERTEX_POINT('',#4348);
#4348 = CARTESIAN_POINT('',(-1.15,-2.75,2.E-02));
#4349 = CIRCLE('',#4350,0.15);
#4350 = AXIS2_PLACEMENT_3D('',#4351,#4352,#4353);
#4351 = CARTESIAN_POINT('',(-1.3,-2.75,2.E-02));
#4352 = DIRECTION('',(0.,-0.,-1.));
#4353 = DIRECTION('',(1.,-5.665538897648E-16,0.));
#4354 = ORIENTED_EDGE('',*,*,#4355,.T.);
#4355 = EDGE_CURVE('',#4347,#4356,#4358,.T.);
#4356 = VERTEX_POINT('',#4357);
#4357 = CARTESIAN_POINT('',(-1.15,-2.99,2.E-02));
#4358 = LINE('',#4359,#4360);
#4359 = CARTESIAN_POINT('',(-1.15,-5.E-03,2.E-02));
#4360 = VECTOR('',#4361,1.);
#4361 = DIRECTION('',(-5.665538897648E-16,-1.,0.));
#4362 = ORIENTED_EDGE('',*,*,#4363,.T.);
#4363 = EDGE_CURVE('',#4356,#4364,#4366,.T.);
#4364 = VERTEX_POINT('',#4365);
#4365 = CARTESIAN_POINT('',(-0.8,-2.99,2.E-02));
#4366 = LINE('',#4367,#4368);
#4367 = CARTESIAN_POINT('',(-2.99,-2.99,2.E-02));
#4368 = VECTOR('',#4369,1.);
#4369 = DIRECTION('',(1.,-2.22044604925E-16,0.));
#4370 = ORIENTED_EDGE('',*,*,#4371,.T.);
#4371 = EDGE_CURVE('',#4364,#4372,#4374,.T.);
#4372 = VERTEX_POINT('',#4373);
#4373 = CARTESIAN_POINT('',(-0.8,-2.75,2.E-02));
#4374 = LINE('',#4375,#4376);
#4375 = CARTESIAN_POINT('',(-0.8,0.12,2.E-02));
#4376 = VECTOR('',#4377,1.);
#4377 = DIRECTION('',(4.555315873023E-16,1.,0.));
#4378 = ORIENTED_EDGE('',*,*,#4379,.T.);
#4379 = EDGE_CURVE('',#4372,#4380,#4382,.T.);
#4380 = VERTEX_POINT('',#4381);
#4381 = CARTESIAN_POINT('',(-0.5,-2.75,2.E-02));
#4382 = CIRCLE('',#4383,0.15);
#4383 = AXIS2_PLACEMENT_3D('',#4384,#4385,#4386);
#4384 = CARTESIAN_POINT('',(-0.65,-2.75,2.E-02));
#4385 = DIRECTION('',(0.,-0.,-1.));
#4386 = DIRECTION('',(1.,-5.665538897648E-16,0.));
#4387 = ORIENTED_EDGE('',*,*,#4388,.T.);
#4388 = EDGE_CURVE('',#4380,#4389,#4391,.T.);
#4389 = VERTEX_POINT('',#4390);
#4390 = CARTESIAN_POINT('',(-0.5,-2.99,2.E-02));
#4391 = LINE('',#4392,#4393);
#4392 = CARTESIAN_POINT('',(-0.5,-5.E-03,2.E-02));
#4393 = VECTOR('',#4394,1.);
#4394 = DIRECTION('',(-5.665538897648E-16,-1.,0.));
#4395 = ORIENTED_EDGE('',*,*,#4396,.T.);
#4396 = EDGE_CURVE('',#4389,#4397,#4399,.T.);
#4397 = VERTEX_POINT('',#4398);
#4398 = CARTESIAN_POINT('',(-0.15,-2.99,2.E-02));
#4399 = LINE('',#4400,#4401);
#4400 = CARTESIAN_POINT('',(-2.99,-2.99,2.E-02));
#4401 = VECTOR('',#4402,1.);
#4402 = DIRECTION('',(1.,-2.22044604925E-16,0.));
#4403 = ORIENTED_EDGE('',*,*,#4404,.T.);
#4404 = EDGE_CURVE('',#4397,#4405,#4407,.T.);
#4405 = VERTEX_POINT('',#4406);
#4406 = CARTESIAN_POINT('',(-0.15,-2.75,2.E-02));
#4407 = LINE('',#4408,#4409);
#4408 = CARTESIAN_POINT('',(-0.15,0.12,2.E-02));
#4409 = VECTOR('',#4410,1.);
#4410 = DIRECTION('',(4.555315873023E-16,1.,0.));
#4411 = ORIENTED_EDGE('',*,*,#4412,.T.);
#4412 = EDGE_CURVE('',#4405,#4413,#4415,.T.);
#4413 = VERTEX_POINT('',#4414);
#4414 = CARTESIAN_POINT('',(0.15,-2.75,2.E-02));
#4415 = CIRCLE('',#4416,0.15);
#4416 = AXIS2_PLACEMENT_3D('',#4417,#4418,#4419);
#4417 = CARTESIAN_POINT('',(-1.249000902703E-15,-2.75,2.E-02));
#4418 = DIRECTION('',(0.,-0.,-1.));
#4419 = DIRECTION('',(1.,-5.665538897648E-16,0.));
#4420 = ORIENTED_EDGE('',*,*,#4421,.T.);
#4421 = EDGE_CURVE('',#4413,#4422,#4424,.T.);
#4422 = VERTEX_POINT('',#4423);
#4423 = CARTESIAN_POINT('',(0.15,-2.99,2.E-02));
#4424 = LINE('',#4425,#4426);
#4425 = CARTESIAN_POINT('',(0.15,-5.E-03,2.E-02));
#4426 = VECTOR('',#4427,1.);
#4427 = DIRECTION('',(-5.665538897648E-16,-1.,0.));
#4428 = ORIENTED_EDGE('',*,*,#4429,.T.);
#4429 = EDGE_CURVE('',#4422,#4430,#4432,.T.);
#4430 = VERTEX_POINT('',#4431);
#4431 = CARTESIAN_POINT('',(0.5,-2.99,2.E-02));
#4432 = LINE('',#4433,#4434);
#4433 = CARTESIAN_POINT('',(-2.99,-2.99,2.E-02));
#4434 = VECTOR('',#4435,1.);
#4435 = DIRECTION('',(1.,-2.22044604925E-16,0.));
#4436 = ORIENTED_EDGE('',*,*,#4437,.T.);
#4437 = EDGE_CURVE('',#4430,#4438,#4440,.T.);
#4438 = VERTEX_POINT('',#4439);
#4439 = CARTESIAN_POINT('',(0.5,-2.75,2.E-02));
#4440 = LINE('',#4441,#4442);
#4441 = CARTESIAN_POINT('',(0.5,0.12,2.E-02));
#4442 = VECTOR('',#4443,1.);
#4443 = DIRECTION('',(4.555315873023E-16,1.,0.));
#4444 = ORIENTED_EDGE('',*,*,#4445,.T.);
#4445 = EDGE_CURVE('',#4438,#4446,#4448,.T.);
#4446 = VERTEX_POINT('',#4447);
#4447 = CARTESIAN_POINT('',(0.8,-2.75,2.E-02));
#4448 = CIRCLE('',#4449,0.15);
#4449 = AXIS2_PLACEMENT_3D('',#4450,#4451,#4452);
#4450 = CARTESIAN_POINT('',(0.65,-2.75,2.E-02));
#4451 = DIRECTION('',(0.,-0.,-1.));
#4452 = DIRECTION('',(1.,-5.665538897648E-16,0.));
#4453 = ORIENTED_EDGE('',*,*,#4454,.T.);
#4454 = EDGE_CURVE('',#4446,#4455,#4457,.T.);
#4455 = VERTEX_POINT('',#4456);
#4456 = CARTESIAN_POINT('',(0.8,-2.99,2.E-02));
#4457 = LINE('',#4458,#4459);
#4458 = CARTESIAN_POINT('',(0.8,-5.000000000001E-03,2.E-02));
#4459 = VECTOR('',#4460,1.);
#4460 = DIRECTION('',(-5.665538897648E-16,-1.,0.));
#4461 = ORIENTED_EDGE('',*,*,#4462,.T.);
#4462 = EDGE_CURVE('',#4455,#4463,#4465,.T.);
#4463 = VERTEX_POINT('',#4464);
#4464 = CARTESIAN_POINT('',(1.15,-2.99,2.E-02));
#4465 = LINE('',#4466,#4467);
#4466 = CARTESIAN_POINT('',(-2.99,-2.99,2.E-02));
#4467 = VECTOR('',#4468,1.);
#4468 = DIRECTION('',(1.,-2.22044604925E-16,0.));
#4469 = ORIENTED_EDGE('',*,*,#4470,.T.);
#4470 = EDGE_CURVE('',#4463,#4471,#4473,.T.);
#4471 = VERTEX_POINT('',#4472);
#4472 = CARTESIAN_POINT('',(1.15,-2.75,2.E-02));
#4473 = LINE('',#4474,#4475);
#4474 = CARTESIAN_POINT('',(1.15,0.12,2.E-02));
#4475 = VECTOR('',#4476,1.);
#4476 = DIRECTION('',(4.555315873023E-16,1.,0.));
#4477 = ORIENTED_EDGE('',*,*,#4478,.T.);
#4478 = EDGE_CURVE('',#4471,#4479,#4481,.T.);
#4479 = VERTEX_POINT('',#4480);
#4480 = CARTESIAN_POINT('',(1.45,-2.75,2.E-02));
#4481 = CIRCLE('',#4482,0.15);
#4482 = AXIS2_PLACEMENT_3D('',#4483,#4484,#4485);
#4483 = CARTESIAN_POINT('',(1.3,-2.75,2.E-02));
#4484 = DIRECTION('',(0.,-0.,-1.));
#4485 = DIRECTION('',(1.,-5.665538897648E-16,0.));
#4486 = ORIENTED_EDGE('',*,*,#4487,.T.);
#4487 = EDGE_CURVE('',#4479,#4488,#4490,.T.);
#4488 = VERTEX_POINT('',#4489);
#4489 = CARTESIAN_POINT('',(1.45,-2.99,2.E-02));
#4490 = LINE('',#4491,#4492);
#4491 = CARTESIAN_POINT('',(1.45,-5.000000000001E-03,2.E-02));
#4492 = VECTOR('',#4493,1.);
#4493 = DIRECTION('',(-5.665538897648E-16,-1.,0.));
#4494 = ORIENTED_EDGE('',*,*,#4495,.T.);
#4495 = EDGE_CURVE('',#4488,#4496,#4498,.T.);
#4496 = VERTEX_POINT('',#4497);
#4497 = CARTESIAN_POINT('',(1.8,-2.99,2.E-02));
#4498 = LINE('',#4499,#4500);
#4499 = CARTESIAN_POINT('',(-2.99,-2.99,2.E-02));
#4500 = VECTOR('',#4501,1.);
#4501 = DIRECTION('',(1.,-2.22044604925E-16,0.));
#4502 = ORIENTED_EDGE('',*,*,#4503,.T.);
#4503 = EDGE_CURVE('',#4496,#4504,#4506,.T.);
#4504 = VERTEX_POINT('',#4505);
#4505 = CARTESIAN_POINT('',(1.8,-2.75,2.E-02));
#4506 = LINE('',#4507,#4508);
#4507 = CARTESIAN_POINT('',(1.8,0.12,2.E-02));
#4508 = VECTOR('',#4509,1.);
#4509 = DIRECTION('',(4.555315873023E-16,1.,0.));
#4510 = ORIENTED_EDGE('',*,*,#4511,.T.);
#4511 = EDGE_CURVE('',#4504,#4512,#4514,.T.);
#4512 = VERTEX_POINT('',#4513);
#4513 = CARTESIAN_POINT('',(2.1,-2.75,2.E-02));
#4514 = CIRCLE('',#4515,0.15);
#4515 = AXIS2_PLACEMENT_3D('',#4516,#4517,#4518);
#4516 = CARTESIAN_POINT('',(1.95,-2.75,2.E-02));
#4517 = DIRECTION('',(0.,-0.,-1.));
#4518 = DIRECTION('',(1.,-5.665538897648E-16,0.));
#4519 = ORIENTED_EDGE('',*,*,#4520,.T.);
#4520 = EDGE_CURVE('',#4512,#4521,#4523,.T.);
#4521 = VERTEX_POINT('',#4522);
#4522 = CARTESIAN_POINT('',(2.1,-2.99,2.E-02));
#4523 = LINE('',#4524,#4525);
#4524 = CARTESIAN_POINT('',(2.1,-5.000000000001E-03,2.E-02));
#4525 = VECTOR('',#4526,1.);
#4526 = DIRECTION('',(-5.665538897648E-16,-1.,0.));
#4527 = ORIENTED_EDGE('',*,*,#4528,.T.);
#4528 = EDGE_CURVE('',#4521,#4529,#4531,.T.);
#4529 = VERTEX_POINT('',#4530);
#4530 = CARTESIAN_POINT('',(2.99,-2.99,2.E-02));
#4531 = LINE('',#4532,#4533);
#4532 = CARTESIAN_POINT('',(-2.99,-2.99,2.E-02));
#4533 = VECTOR('',#4534,1.);
#4534 = DIRECTION('',(1.,-2.22044604925E-16,0.));
#4535 = ORIENTED_EDGE('',*,*,#4536,.F.);
#4536 = EDGE_CURVE('',#4537,#4529,#4539,.T.);
#4537 = VERTEX_POINT('',#4538);
#4538 = CARTESIAN_POINT('',(2.99,-2.1,2.E-02));
#4539 = LINE('',#4540,#4541);
#4540 = CARTESIAN_POINT('',(2.99,2.99,2.E-02));
#4541 = VECTOR('',#4542,1.);
#4542 = DIRECTION('',(-2.22044604925E-16,-1.,0.));
#4543 = ORIENTED_EDGE('',*,*,#4544,.T.);
#4544 = EDGE_CURVE('',#4537,#4545,#4547,.T.);
#4545 = VERTEX_POINT('',#4546);
#4546 = CARTESIAN_POINT('',(2.75,-2.1,2.E-02));
#4547 = LINE('',#4548,#4549);
#4548 = CARTESIAN_POINT('',(-0.12,-2.1,2.E-02));
#4549 = VECTOR('',#4550,1.);
#4550 = DIRECTION('',(-1.,2.334869823773E-16,0.));
#4551 = ORIENTED_EDGE('',*,*,#4552,.T.);
#4552 = EDGE_CURVE('',#4545,#4553,#4555,.T.);
#4553 = VERTEX_POINT('',#4554);
#4554 = CARTESIAN_POINT('',(2.75,-1.8,2.E-02));
#4555 = CIRCLE('',#4556,0.15);
#4556 = AXIS2_PLACEMENT_3D('',#4557,#4558,#4559);
#4557 = CARTESIAN_POINT('',(2.75,-1.95,2.E-02));
#4558 = DIRECTION('',(0.,0.,-1.));
#4559 = DIRECTION('',(3.445092848398E-16,1.,0.));
#4560 = ORIENTED_EDGE('',*,*,#4561,.T.);
#4561 = EDGE_CURVE('',#4553,#4562,#4564,.T.);
#4562 = VERTEX_POINT('',#4563);
#4563 = CARTESIAN_POINT('',(2.99,-1.8,2.E-02));
#4564 = LINE('',#4565,#4566);
#4565 = CARTESIAN_POINT('',(4.999999999999E-03,-1.8,2.E-02));
#4566 = VECTOR('',#4567,1.);
#4567 = DIRECTION('',(1.,-3.445092848398E-16,0.));
#4568 = ORIENTED_EDGE('',*,*,#4569,.F.);
#4569 = EDGE_CURVE('',#4570,#4562,#4572,.T.);
#4570 = VERTEX_POINT('',#4571);
#4571 = CARTESIAN_POINT('',(2.99,-1.45,2.E-02));
#4572 = LINE('',#4573,#4574);
#4573 = CARTESIAN_POINT('',(2.99,2.99,2.E-02));
#4574 = VECTOR('',#4575,1.);
#4575 = DIRECTION('',(-2.22044604925E-16,-1.,0.));
#4576 = ORIENTED_EDGE('',*,*,#4577,.T.);
#4577 = EDGE_CURVE('',#4570,#4578,#4580,.T.);
#4578 = VERTEX_POINT('',#4579);
#4579 = CARTESIAN_POINT('',(2.75,-1.45,2.E-02));
#4580 = LINE('',#4581,#4582);
#4581 = CARTESIAN_POINT('',(-0.12,-1.45,2.E-02));
#4582 = VECTOR('',#4583,1.);
#4583 = DIRECTION('',(-1.,2.334869823773E-16,0.));
#4584 = ORIENTED_EDGE('',*,*,#4585,.T.);
#4585 = EDGE_CURVE('',#4578,#4586,#4588,.T.);
#4586 = VERTEX_POINT('',#4587);
#4587 = CARTESIAN_POINT('',(2.75,-1.15,2.E-02));
#4588 = CIRCLE('',#4589,0.15);
#4589 = AXIS2_PLACEMENT_3D('',#4590,#4591,#4592);
#4590 = CARTESIAN_POINT('',(2.75,-1.3,2.E-02));
#4591 = DIRECTION('',(0.,0.,-1.));
#4592 = DIRECTION('',(3.445092848398E-16,1.,0.));
#4593 = ORIENTED_EDGE('',*,*,#4594,.T.);
#4594 = EDGE_CURVE('',#4586,#4595,#4597,.T.);
#4595 = VERTEX_POINT('',#4596);
#4596 = CARTESIAN_POINT('',(2.99,-1.15,2.E-02));
#4597 = LINE('',#4598,#4599);
#4598 = CARTESIAN_POINT('',(4.999999999999E-03,-1.15,2.E-02));
#4599 = VECTOR('',#4600,1.);
#4600 = DIRECTION('',(1.,-3.445092848398E-16,0.));
#4601 = ORIENTED_EDGE('',*,*,#4602,.F.);
#4602 = EDGE_CURVE('',#4603,#4595,#4605,.T.);
#4603 = VERTEX_POINT('',#4604);
#4604 = CARTESIAN_POINT('',(2.99,-0.8,2.E-02));
#4605 = LINE('',#4606,#4607);
#4606 = CARTESIAN_POINT('',(2.99,2.99,2.E-02));
#4607 = VECTOR('',#4608,1.);
#4608 = DIRECTION('',(-2.22044604925E-16,-1.,0.));
#4609 = ORIENTED_EDGE('',*,*,#4610,.T.);
#4610 = EDGE_CURVE('',#4603,#4611,#4613,.T.);
#4611 = VERTEX_POINT('',#4612);
#4612 = CARTESIAN_POINT('',(2.75,-0.8,2.E-02));
#4613 = LINE('',#4614,#4615);
#4614 = CARTESIAN_POINT('',(-0.12,-0.8,2.E-02));
#4615 = VECTOR('',#4616,1.);
#4616 = DIRECTION('',(-1.,2.334869823773E-16,0.));
#4617 = ORIENTED_EDGE('',*,*,#4618,.T.);
#4618 = EDGE_CURVE('',#4611,#4619,#4621,.T.);
#4619 = VERTEX_POINT('',#4620);
#4620 = CARTESIAN_POINT('',(2.75,-0.5,2.E-02));
#4621 = CIRCLE('',#4622,0.15);
#4622 = AXIS2_PLACEMENT_3D('',#4623,#4624,#4625);
#4623 = CARTESIAN_POINT('',(2.75,-0.65,2.E-02));
#4624 = DIRECTION('',(0.,0.,-1.));
#4625 = DIRECTION('',(3.445092848398E-16,1.,0.));
#4626 = ORIENTED_EDGE('',*,*,#4627,.T.);
#4627 = EDGE_CURVE('',#4619,#4628,#4630,.T.);
#4628 = VERTEX_POINT('',#4629);
#4629 = CARTESIAN_POINT('',(2.99,-0.5,2.E-02));
#4630 = LINE('',#4631,#4632);
#4631 = CARTESIAN_POINT('',(5.E-03,-0.5,2.E-02));
#4632 = VECTOR('',#4633,1.);
#4633 = DIRECTION('',(1.,-3.445092848398E-16,0.));
#4634 = ORIENTED_EDGE('',*,*,#4635,.F.);
#4635 = EDGE_CURVE('',#4636,#4628,#4638,.T.);
#4636 = VERTEX_POINT('',#4637);
#4637 = CARTESIAN_POINT('',(2.99,-0.15,2.E-02));
#4638 = LINE('',#4639,#4640);
#4639 = CARTESIAN_POINT('',(2.99,2.99,2.E-02));
#4640 = VECTOR('',#4641,1.);
#4641 = DIRECTION('',(-2.22044604925E-16,-1.,0.));
#4642 = ORIENTED_EDGE('',*,*,#4643,.T.);
#4643 = EDGE_CURVE('',#4636,#4644,#4646,.T.);
#4644 = VERTEX_POINT('',#4645);
#4645 = CARTESIAN_POINT('',(2.75,-0.15,2.E-02));
#4646 = LINE('',#4647,#4648);
#4647 = CARTESIAN_POINT('',(-0.12,-0.15,2.E-02));
#4648 = VECTOR('',#4649,1.);
#4649 = DIRECTION('',(-1.,2.334869823773E-16,0.));
#4650 = ORIENTED_EDGE('',*,*,#4651,.T.);
#4651 = EDGE_CURVE('',#4644,#4652,#4654,.T.);
#4652 = VERTEX_POINT('',#4653);
#4653 = CARTESIAN_POINT('',(2.75,0.15,2.E-02));
#4654 = CIRCLE('',#4655,0.15);
#4655 = AXIS2_PLACEMENT_3D('',#4656,#4657,#4658);
#4656 = CARTESIAN_POINT('',(2.75,-6.383782391595E-16,2.E-02));
#4657 = DIRECTION('',(0.,0.,-1.));
#4658 = DIRECTION('',(3.445092848398E-16,1.,0.));
#4659 = ORIENTED_EDGE('',*,*,#4660,.T.);
#4660 = EDGE_CURVE('',#4652,#4661,#4663,.T.);
#4661 = VERTEX_POINT('',#4662);
#4662 = CARTESIAN_POINT('',(2.99,0.15,2.E-02));
#4663 = LINE('',#4664,#4665);
#4664 = CARTESIAN_POINT('',(5.E-03,0.15,2.E-02));
#4665 = VECTOR('',#4666,1.);
#4666 = DIRECTION('',(1.,-3.445092848398E-16,0.));
#4667 = ORIENTED_EDGE('',*,*,#4668,.F.);
#4668 = EDGE_CURVE('',#4669,#4661,#4671,.T.);
#4669 = VERTEX_POINT('',#4670);
#4670 = CARTESIAN_POINT('',(2.99,0.5,2.E-02));
#4671 = LINE('',#4672,#4673);
#4672 = CARTESIAN_POINT('',(2.99,2.99,2.E-02));
#4673 = VECTOR('',#4674,1.);
#4674 = DIRECTION('',(-2.22044604925E-16,-1.,0.));
#4675 = ORIENTED_EDGE('',*,*,#4676,.T.);
#4676 = EDGE_CURVE('',#4669,#4677,#4679,.T.);
#4677 = VERTEX_POINT('',#4678);
#4678 = CARTESIAN_POINT('',(2.75,0.5,2.E-02));
#4679 = LINE('',#4680,#4681);
#4680 = CARTESIAN_POINT('',(-0.12,0.5,2.E-02));
#4681 = VECTOR('',#4682,1.);
#4682 = DIRECTION('',(-1.,2.334869823773E-16,0.));
#4683 = ORIENTED_EDGE('',*,*,#4684,.T.);
#4684 = EDGE_CURVE('',#4677,#4685,#4687,.T.);
#4685 = VERTEX_POINT('',#4686);
#4686 = CARTESIAN_POINT('',(2.75,0.8,2.E-02));
#4687 = CIRCLE('',#4688,0.15);
#4688 = AXIS2_PLACEMENT_3D('',#4689,#4690,#4691);
#4689 = CARTESIAN_POINT('',(2.75,0.65,2.E-02));
#4690 = DIRECTION('',(0.,0.,-1.));
#4691 = DIRECTION('',(3.445092848398E-16,1.,0.));
#4692 = ORIENTED_EDGE('',*,*,#4693,.T.);
#4693 = EDGE_CURVE('',#4685,#4694,#4696,.T.);
#4694 = VERTEX_POINT('',#4695);
#4695 = CARTESIAN_POINT('',(2.99,0.8,2.E-02));
#4696 = LINE('',#4697,#4698);
#4697 = CARTESIAN_POINT('',(5.E-03,0.8,2.E-02));
#4698 = VECTOR('',#4699,1.);
#4699 = DIRECTION('',(1.,-3.445092848398E-16,0.));
#4700 = ORIENTED_EDGE('',*,*,#4701,.F.);
#4701 = EDGE_CURVE('',#4702,#4694,#4704,.T.);
#4702 = VERTEX_POINT('',#4703);
#4703 = CARTESIAN_POINT('',(2.99,1.15,2.E-02));
#4704 = LINE('',#4705,#4706);
#4705 = CARTESIAN_POINT('',(2.99,2.99,2.E-02));
#4706 = VECTOR('',#4707,1.);
#4707 = DIRECTION('',(-2.22044604925E-16,-1.,0.));
#4708 = ORIENTED_EDGE('',*,*,#4709,.T.);
#4709 = EDGE_CURVE('',#4702,#4710,#4712,.T.);
#4710 = VERTEX_POINT('',#4711);
#4711 = CARTESIAN_POINT('',(2.75,1.15,2.E-02));
#4712 = LINE('',#4713,#4714);
#4713 = CARTESIAN_POINT('',(-0.12,1.15,2.E-02));
#4714 = VECTOR('',#4715,1.);
#4715 = DIRECTION('',(-1.,2.334869823773E-16,0.));
#4716 = ORIENTED_EDGE('',*,*,#4717,.T.);
#4717 = EDGE_CURVE('',#4710,#4718,#4720,.T.);
#4718 = VERTEX_POINT('',#4719);
#4719 = CARTESIAN_POINT('',(2.75,1.45,2.E-02));
#4720 = CIRCLE('',#4721,0.15);
#4721 = AXIS2_PLACEMENT_3D('',#4722,#4723,#4724);
#4722 = CARTESIAN_POINT('',(2.75,1.3,2.E-02));
#4723 = DIRECTION('',(0.,0.,-1.));
#4724 = DIRECTION('',(3.445092848398E-16,1.,0.));
#4725 = ORIENTED_EDGE('',*,*,#4726,.T.);
#4726 = EDGE_CURVE('',#4718,#4727,#4729,.T.);
#4727 = VERTEX_POINT('',#4728);
#4728 = CARTESIAN_POINT('',(2.99,1.45,2.E-02));
#4729 = LINE('',#4730,#4731);
#4730 = CARTESIAN_POINT('',(5.E-03,1.45,2.E-02));
#4731 = VECTOR('',#4732,1.);
#4732 = DIRECTION('',(1.,-3.445092848398E-16,0.));
#4733 = ORIENTED_EDGE('',*,*,#4734,.F.);
#4734 = EDGE_CURVE('',#4735,#4727,#4737,.T.);
#4735 = VERTEX_POINT('',#4736);
#4736 = CARTESIAN_POINT('',(2.99,1.8,2.E-02));
#4737 = LINE('',#4738,#4739);
#4738 = CARTESIAN_POINT('',(2.99,2.99,2.E-02));
#4739 = VECTOR('',#4740,1.);
#4740 = DIRECTION('',(-2.22044604925E-16,-1.,0.));
#4741 = ORIENTED_EDGE('',*,*,#4742,.T.);
#4742 = EDGE_CURVE('',#4735,#4743,#4745,.T.);
#4743 = VERTEX_POINT('',#4744);
#4744 = CARTESIAN_POINT('',(2.75,1.8,2.E-02));
#4745 = LINE('',#4746,#4747);
#4746 = CARTESIAN_POINT('',(-0.12,1.8,2.E-02));
#4747 = VECTOR('',#4748,1.);
#4748 = DIRECTION('',(-1.,2.334869823773E-16,0.));
#4749 = ORIENTED_EDGE('',*,*,#4750,.T.);
#4750 = EDGE_CURVE('',#4743,#4751,#4753,.T.);
#4751 = VERTEX_POINT('',#4752);
#4752 = CARTESIAN_POINT('',(2.75,2.1,2.E-02));
#4753 = CIRCLE('',#4754,0.15);
#4754 = AXIS2_PLACEMENT_3D('',#4755,#4756,#4757);
#4755 = CARTESIAN_POINT('',(2.75,1.95,2.E-02));
#4756 = DIRECTION('',(0.,0.,-1.));
#4757 = DIRECTION('',(3.445092848398E-16,1.,0.));
#4758 = ORIENTED_EDGE('',*,*,#4759,.T.);
#4759 = EDGE_CURVE('',#4751,#4760,#4762,.T.);
#4760 = VERTEX_POINT('',#4761);
#4761 = CARTESIAN_POINT('',(2.99,2.1,2.E-02));
#4762 = LINE('',#4763,#4764);
#4763 = CARTESIAN_POINT('',(5.E-03,2.1,2.E-02));
#4764 = VECTOR('',#4765,1.);
#4765 = DIRECTION('',(1.,-3.445092848398E-16,0.));
#4766 = ORIENTED_EDGE('',*,*,#4767,.F.);
#4767 = EDGE_CURVE('',#4768,#4760,#4770,.T.);
#4768 = VERTEX_POINT('',#4769);
#4769 = CARTESIAN_POINT('',(2.99,2.99,2.E-02));
#4770 = LINE('',#4771,#4772);
#4771 = CARTESIAN_POINT('',(2.99,2.99,2.E-02));
#4772 = VECTOR('',#4773,1.);
#4773 = DIRECTION('',(-2.22044604925E-16,-1.,0.));
#4774 = ORIENTED_EDGE('',*,*,#4775,.F.);
#4775 = EDGE_CURVE('',#4776,#4768,#4778,.T.);
#4776 = VERTEX_POINT('',#4777);
#4777 = CARTESIAN_POINT('',(2.1,2.99,2.E-02));
#4778 = LINE('',#4779,#4780);
#4779 = CARTESIAN_POINT('',(-2.99,2.99,2.E-02));
#4780 = VECTOR('',#4781,1.);
#4781 = DIRECTION('',(1.,-2.22044604925E-16,0.));
#4782 = ORIENTED_EDGE('',*,*,#4783,.T.);
#4783 = EDGE_CURVE('',#4776,#4784,#4786,.T.);
#4784 = VERTEX_POINT('',#4785);
#4785 = CARTESIAN_POINT('',(2.1,2.75,2.E-02));
#4786 = LINE('',#4787,#4788);
#4787 = CARTESIAN_POINT('',(2.1,2.87,2.E-02));
#4788 = VECTOR('',#4789,1.);
#4789 = DIRECTION('',(-3.445092848398E-16,-1.,0.));
#4790 = ORIENTED_EDGE('',*,*,#4791,.T.);
#4791 = EDGE_CURVE('',#4784,#4792,#4794,.T.);
#4792 = VERTEX_POINT('',#4793);
#4793 = CARTESIAN_POINT('',(1.8,2.75,2.E-02));
#4794 = CIRCLE('',#4795,0.15);
#4795 = AXIS2_PLACEMENT_3D('',#4796,#4797,#4798);
#4796 = CARTESIAN_POINT('',(1.95,2.75,2.E-02));
#4797 = DIRECTION('',(0.,0.,-1.));
#4798 = DIRECTION('',(-1.,4.555315873023E-16,0.));
#4799 = ORIENTED_EDGE('',*,*,#4800,.T.);
#4800 = EDGE_CURVE('',#4792,#4801,#4803,.T.);
#4801 = VERTEX_POINT('',#4802);
#4802 = CARTESIAN_POINT('',(1.8,2.99,2.E-02));
#4803 = LINE('',#4804,#4805);
#4804 = CARTESIAN_POINT('',(1.8,2.995,2.E-02));
#4805 = VECTOR('',#4806,1.);
#4806 = DIRECTION('',(4.555315873023E-16,1.,0.));
#4807 = ORIENTED_EDGE('',*,*,#4808,.F.);
#4808 = EDGE_CURVE('',#4809,#4801,#4811,.T.);
#4809 = VERTEX_POINT('',#4810);
#4810 = CARTESIAN_POINT('',(1.45,2.99,2.E-02));
#4811 = LINE('',#4812,#4813);
#4812 = CARTESIAN_POINT('',(-2.99,2.99,2.E-02));
#4813 = VECTOR('',#4814,1.);
#4814 = DIRECTION('',(1.,-2.22044604925E-16,0.));
#4815 = ORIENTED_EDGE('',*,*,#4816,.T.);
#4816 = EDGE_CURVE('',#4809,#4817,#4819,.T.);
#4817 = VERTEX_POINT('',#4818);
#4818 = CARTESIAN_POINT('',(1.45,2.75,2.E-02));
#4819 = LINE('',#4820,#4821);
#4820 = CARTESIAN_POINT('',(1.45,2.87,2.E-02));
#4821 = VECTOR('',#4822,1.);
#4822 = DIRECTION('',(-3.445092848398E-16,-1.,0.));
#4823 = ORIENTED_EDGE('',*,*,#4824,.T.);
#4824 = EDGE_CURVE('',#4817,#4825,#4827,.T.);
#4825 = VERTEX_POINT('',#4826);
#4826 = CARTESIAN_POINT('',(1.15,2.75,2.E-02));
#4827 = CIRCLE('',#4828,0.15);
#4828 = AXIS2_PLACEMENT_3D('',#4829,#4830,#4831);
#4829 = CARTESIAN_POINT('',(1.3,2.75,2.E-02));
#4830 = DIRECTION('',(0.,0.,-1.));
#4831 = DIRECTION('',(-1.,4.555315873023E-16,0.));
#4832 = ORIENTED_EDGE('',*,*,#4833,.T.);
#4833 = EDGE_CURVE('',#4825,#4834,#4836,.T.);
#4834 = VERTEX_POINT('',#4835);
#4835 = CARTESIAN_POINT('',(1.15,2.99,2.E-02));
#4836 = LINE('',#4837,#4838);
#4837 = CARTESIAN_POINT('',(1.15,2.995,2.E-02));
#4838 = VECTOR('',#4839,1.);
#4839 = DIRECTION('',(4.555315873023E-16,1.,0.));
#4840 = ORIENTED_EDGE('',*,*,#4841,.F.);
#4841 = EDGE_CURVE('',#4842,#4834,#4844,.T.);
#4842 = VERTEX_POINT('',#4843);
#4843 = CARTESIAN_POINT('',(0.8,2.99,2.E-02));
#4844 = LINE('',#4845,#4846);
#4845 = CARTESIAN_POINT('',(-2.99,2.99,2.E-02));
#4846 = VECTOR('',#4847,1.);
#4847 = DIRECTION('',(1.,-2.22044604925E-16,0.));
#4848 = ORIENTED_EDGE('',*,*,#4849,.T.);
#4849 = EDGE_CURVE('',#4842,#4850,#4852,.T.);
#4850 = VERTEX_POINT('',#4851);
#4851 = CARTESIAN_POINT('',(0.8,2.75,2.E-02));
#4852 = LINE('',#4853,#4854);
#4853 = CARTESIAN_POINT('',(0.8,2.87,2.E-02));
#4854 = VECTOR('',#4855,1.);
#4855 = DIRECTION('',(-3.445092848398E-16,-1.,0.));
#4856 = ORIENTED_EDGE('',*,*,#4857,.T.);
#4857 = EDGE_CURVE('',#4850,#4858,#4860,.T.);
#4858 = VERTEX_POINT('',#4859);
#4859 = CARTESIAN_POINT('',(0.5,2.75,2.E-02));
#4860 = CIRCLE('',#4861,0.15);
#4861 = AXIS2_PLACEMENT_3D('',#4862,#4863,#4864);
#4862 = CARTESIAN_POINT('',(0.65,2.75,2.E-02));
#4863 = DIRECTION('',(0.,0.,-1.));
#4864 = DIRECTION('',(-1.,4.555315873023E-16,0.));
#4865 = ORIENTED_EDGE('',*,*,#4866,.T.);
#4866 = EDGE_CURVE('',#4858,#4867,#4869,.T.);
#4867 = VERTEX_POINT('',#4868);
#4868 = CARTESIAN_POINT('',(0.5,2.99,2.E-02));
#4869 = LINE('',#4870,#4871);
#4870 = CARTESIAN_POINT('',(0.5,2.995,2.E-02));
#4871 = VECTOR('',#4872,1.);
#4872 = DIRECTION('',(4.555315873023E-16,1.,0.));
#4873 = ORIENTED_EDGE('',*,*,#4874,.F.);
#4874 = EDGE_CURVE('',#4875,#4867,#4877,.T.);
#4875 = VERTEX_POINT('',#4876);
#4876 = CARTESIAN_POINT('',(0.15,2.99,2.E-02));
#4877 = LINE('',#4878,#4879);
#4878 = CARTESIAN_POINT('',(-2.99,2.99,2.E-02));
#4879 = VECTOR('',#4880,1.);
#4880 = DIRECTION('',(1.,-2.22044604925E-16,0.));
#4881 = ORIENTED_EDGE('',*,*,#4882,.T.);
#4882 = EDGE_CURVE('',#4875,#4883,#4885,.T.);
#4883 = VERTEX_POINT('',#4884);
#4884 = CARTESIAN_POINT('',(0.15,2.75,2.E-02));
#4885 = LINE('',#4886,#4887);
#4886 = CARTESIAN_POINT('',(0.15,2.87,2.E-02));
#4887 = VECTOR('',#4888,1.);
#4888 = DIRECTION('',(-3.445092848398E-16,-1.,0.));
#4889 = ORIENTED_EDGE('',*,*,#4890,.T.);
#4890 = EDGE_CURVE('',#4883,#4891,#4893,.T.);
#4891 = VERTEX_POINT('',#4892);
#4892 = CARTESIAN_POINT('',(-0.15,2.75,2.E-02));
#4893 = CIRCLE('',#4894,0.15);
#4894 = AXIS2_PLACEMENT_3D('',#4895,#4896,#4897);
#4895 = CARTESIAN_POINT('',(9.436895709314E-16,2.75,2.E-02));
#4896 = DIRECTION('',(0.,0.,-1.));
#4897 = DIRECTION('',(-1.,4.555315873023E-16,0.));
#4898 = ORIENTED_EDGE('',*,*,#4899,.T.);
#4899 = EDGE_CURVE('',#4891,#4900,#4902,.T.);
#4900 = VERTEX_POINT('',#4901);
#4901 = CARTESIAN_POINT('',(-0.15,2.99,2.E-02));
#4902 = LINE('',#4903,#4904);
#4903 = CARTESIAN_POINT('',(-0.15,2.995,2.E-02));
#4904 = VECTOR('',#4905,1.);
#4905 = DIRECTION('',(4.555315873023E-16,1.,0.));
#4906 = ORIENTED_EDGE('',*,*,#4907,.F.);
#4907 = EDGE_CURVE('',#3994,#4900,#4908,.T.);
#4908 = LINE('',#4909,#4910);
#4909 = CARTESIAN_POINT('',(-2.99,2.99,2.E-02));
#4910 = VECTOR('',#4911,1.);
#4911 = DIRECTION('',(1.,-2.22044604925E-16,0.));
#4912 = ORIENTED_EDGE('',*,*,#3993,.T.);
#4913 = ORIENTED_EDGE('',*,*,#3974,.T.);
#4914 = ORIENTED_EDGE('',*,*,#3944,.T.);
#4915 = ORIENTED_EDGE('',*,*,#4916,.F.);
#4916 = EDGE_CURVE('',#4917,#3937,#4919,.T.);
#4917 = VERTEX_POINT('',#4918);
#4918 = CARTESIAN_POINT('',(-1.15,2.99,2.E-02));
#4919 = LINE('',#4920,#4921);
#4920 = CARTESIAN_POINT('',(-2.99,2.99,2.E-02));
#4921 = VECTOR('',#4922,1.);
#4922 = DIRECTION('',(1.,-2.22044604925E-16,0.));
#4923 = ORIENTED_EDGE('',*,*,#4924,.T.);
#4924 = EDGE_CURVE('',#4917,#4925,#4927,.T.);
#4925 = VERTEX_POINT('',#4926);
#4926 = CARTESIAN_POINT('',(-1.15,2.75,2.E-02));
#4927 = LINE('',#4928,#4929);
#4928 = CARTESIAN_POINT('',(-1.15,2.87,2.E-02));
#4929 = VECTOR('',#4930,1.);
#4930 = DIRECTION('',(-3.445092848398E-16,-1.,0.));
#4931 = ORIENTED_EDGE('',*,*,#4932,.T.);
#4932 = EDGE_CURVE('',#4925,#4933,#4935,.T.);
#4933 = VERTEX_POINT('',#4934);
#4934 = CARTESIAN_POINT('',(-1.45,2.75,2.E-02));
#4935 = CIRCLE('',#4936,0.15);
#4936 = AXIS2_PLACEMENT_3D('',#4937,#4938,#4939);
#4937 = CARTESIAN_POINT('',(-1.3,2.75,2.E-02));
#4938 = DIRECTION('',(0.,0.,-1.));
#4939 = DIRECTION('',(-1.,4.555315873023E-16,0.));
#4940 = ORIENTED_EDGE('',*,*,#4941,.T.);
#4941 = EDGE_CURVE('',#4933,#4942,#4944,.T.);
#4942 = VERTEX_POINT('',#4943);
#4943 = CARTESIAN_POINT('',(-1.45,2.99,2.E-02));
#4944 = LINE('',#4945,#4946);
#4945 = CARTESIAN_POINT('',(-1.45,2.995,2.E-02));
#4946 = VECTOR('',#4947,1.);
#4947 = DIRECTION('',(4.555315873023E-16,1.,0.));
#4948 = ORIENTED_EDGE('',*,*,#4949,.F.);
#4949 = EDGE_CURVE('',#4950,#4942,#4952,.T.);
#4950 = VERTEX_POINT('',#4951);
#4951 = CARTESIAN_POINT('',(-1.8,2.99,2.E-02));
#4952 = LINE('',#4953,#4954);
#4953 = CARTESIAN_POINT('',(-2.99,2.99,2.E-02));
#4954 = VECTOR('',#4955,1.);
#4955 = DIRECTION('',(1.,-2.22044604925E-16,0.));
#4956 = ORIENTED_EDGE('',*,*,#4957,.T.);
#4957 = EDGE_CURVE('',#4950,#4958,#4960,.T.);
#4958 = VERTEX_POINT('',#4959);
#4959 = CARTESIAN_POINT('',(-1.8,2.75,2.E-02));
#4960 = LINE('',#4961,#4962);
#4961 = CARTESIAN_POINT('',(-1.8,2.87,2.E-02));
#4962 = VECTOR('',#4963,1.);
#4963 = DIRECTION('',(-3.445092848398E-16,-1.,0.));
#4964 = ORIENTED_EDGE('',*,*,#4965,.T.);
#4965 = EDGE_CURVE('',#4958,#4966,#4968,.T.);
#4966 = VERTEX_POINT('',#4967);
#4967 = CARTESIAN_POINT('',(-2.1,2.75,2.E-02));
#4968 = CIRCLE('',#4969,0.15);
#4969 = AXIS2_PLACEMENT_3D('',#4970,#4971,#4972);
#4970 = CARTESIAN_POINT('',(-1.95,2.75,2.E-02));
#4971 = DIRECTION('',(0.,0.,-1.));
#4972 = DIRECTION('',(-1.,4.555315873023E-16,0.));
#4973 = ORIENTED_EDGE('',*,*,#4974,.T.);
#4974 = EDGE_CURVE('',#4966,#4051,#4975,.T.);
#4975 = LINE('',#4976,#4977);
#4976 = CARTESIAN_POINT('',(-2.1,2.995,2.E-02));
#4977 = VECTOR('',#4978,1.);
#4978 = DIRECTION('',(4.555315873023E-16,1.,0.));
#4979 = FACE_BOUND('',#4980,.F.);
#4980 = EDGE_LOOP('',(#4981,#4991,#4999,#5007,#5015));
#4981 = ORIENTED_EDGE('',*,*,#4982,.F.);
#4982 = EDGE_CURVE('',#4983,#4985,#4987,.T.);
#4983 = VERTEX_POINT('',#4984);
#4984 = CARTESIAN_POINT('',(-2.275,2.075,2.E-02));
#4985 = VERTEX_POINT('',#4986);
#4986 = CARTESIAN_POINT('',(-2.275,-2.275,2.E-02));
#4987 = LINE('',#4988,#4989);
#4988 = CARTESIAN_POINT('',(-2.275,2.075,2.E-02));
#4989 = VECTOR('',#4990,1.);
#4990 = DIRECTION('',(-2.22044604925E-16,-1.,0.));
#4991 = ORIENTED_EDGE('',*,*,#4992,.F.);
#4992 = EDGE_CURVE('',#4993,#4983,#4995,.T.);
#4993 = VERTEX_POINT('',#4994);
#4994 = CARTESIAN_POINT('',(-2.075,2.275,2.E-02));
#4995 = LINE('',#4996,#4997);
#4996 = CARTESIAN_POINT('',(-2.075,2.275,2.E-02));
#4997 = VECTOR('',#4998,1.);
#4998 = DIRECTION('',(-0.707106781187,-0.707106781187,0.));
#4999 = ORIENTED_EDGE('',*,*,#5000,.F.);
#5000 = EDGE_CURVE('',#5001,#4993,#5003,.T.);
#5001 = VERTEX_POINT('',#5002);
#5002 = CARTESIAN_POINT('',(2.275,2.275,2.E-02));
#5003 = LINE('',#5004,#5005);
#5004 = CARTESIAN_POINT('',(2.275,2.275,2.E-02));
#5005 = VECTOR('',#5006,1.);
#5006 = DIRECTION('',(-1.,2.22044604925E-16,0.));
#5007 = ORIENTED_EDGE('',*,*,#5008,.F.);
#5008 = EDGE_CURVE('',#5009,#5001,#5011,.T.);
#5009 = VERTEX_POINT('',#5010);
#5010 = CARTESIAN_POINT('',(2.275,-2.275,2.E-02));
#5011 = LINE('',#5012,#5013);
#5012 = CARTESIAN_POINT('',(2.275,-2.275,2.E-02));
#5013 = VECTOR('',#5014,1.);
#5014 = DIRECTION('',(2.22044604925E-16,1.,0.));
#5015 = ORIENTED_EDGE('',*,*,#5016,.F.);
#5016 = EDGE_CURVE('',#4985,#5009,#5017,.T.);
#5017 = LINE('',#5018,#5019);
#5018 = CARTESIAN_POINT('',(-2.275,-2.275,2.E-02));
#5019 = VECTOR('',#5020,1.);
#5020 = DIRECTION('',(1.,-2.22044604925E-16,0.));
#5021 = PLANE('',#5022);
#5022 = AXIS2_PLACEMENT_3D('',#5023,#5024,#5025);
#5023 = CARTESIAN_POINT('',(-2.99,2.99,2.E-02));
#5024 = DIRECTION('',(0.,0.,1.));
#5025 = DIRECTION('',(-2.22044604925E-16,-1.,0.));
#5026 = ADVANCED_FACE('',(#5027),#5199,.F.);
#5027 = FACE_BOUND('',#5028,.F.);
#5028 = EDGE_LOOP('',(#5029,#5039,#5045,#5046,#5054,#5062,#5068,#5069,
    #5077,#5085,#5091,#5092,#5093,#5099,#5100,#5101,#5109,#5117,#5123,
    #5124,#5132,#5140,#5146,#5147,#5155,#5163,#5169,#5170,#5178,#5186,
    #5192,#5193));
#5029 = ORIENTED_EDGE('',*,*,#5030,.F.);
#5030 = EDGE_CURVE('',#5031,#5033,#5035,.T.);
#5031 = VERTEX_POINT('',#5032);
#5032 = CARTESIAN_POINT('',(-2.99,2.99,0.92));
#5033 = VERTEX_POINT('',#5034);
#5034 = CARTESIAN_POINT('',(2.99,2.99,0.92));
#5035 = LINE('',#5036,#5037);
#5036 = CARTESIAN_POINT('',(-2.99,2.99,0.92));
#5037 = VECTOR('',#5038,1.);
#5038 = DIRECTION('',(1.,-2.22044604925E-16,0.));
#5039 = ORIENTED_EDGE('',*,*,#5040,.F.);
#5040 = EDGE_CURVE('',#4049,#5031,#5041,.T.);
#5041 = LINE('',#5042,#5043);
#5042 = CARTESIAN_POINT('',(-2.99,2.99,2.E-02));
#5043 = VECTOR('',#5044,1.);
#5044 = DIRECTION('',(0.,0.,1.));
#5045 = ORIENTED_EDGE('',*,*,#4048,.T.);
#5046 = ORIENTED_EDGE('',*,*,#5047,.T.);
#5047 = EDGE_CURVE('',#4051,#5048,#5050,.T.);
#5048 = VERTEX_POINT('',#5049);
#5049 = CARTESIAN_POINT('',(-2.1,2.99,0.2));
#5050 = LINE('',#5051,#5052);
#5051 = CARTESIAN_POINT('',(-2.1,2.99,1.E-02));
#5052 = VECTOR('',#5053,1.);
#5053 = DIRECTION('',(0.,0.,1.));
#5054 = ORIENTED_EDGE('',*,*,#5055,.T.);
#5055 = EDGE_CURVE('',#5048,#5056,#5058,.T.);
#5056 = VERTEX_POINT('',#5057);
#5057 = CARTESIAN_POINT('',(-1.8,2.99,0.2));
#5058 = LINE('',#5059,#5060);
#5059 = CARTESIAN_POINT('',(-2.545,2.99,0.2));
#5060 = VECTOR('',#5061,1.);
#5061 = DIRECTION('',(1.,-2.22044604925E-16,0.));
#5062 = ORIENTED_EDGE('',*,*,#5063,.T.);
#5063 = EDGE_CURVE('',#5056,#4950,#5064,.T.);
#5064 = LINE('',#5065,#5066);
#5065 = CARTESIAN_POINT('',(-1.8,2.99,1.E-02));
#5066 = VECTOR('',#5067,1.);
#5067 = DIRECTION('',(-0.,0.,-1.));
#5068 = ORIENTED_EDGE('',*,*,#4949,.T.);
#5069 = ORIENTED_EDGE('',*,*,#5070,.T.);
#5070 = EDGE_CURVE('',#4942,#5071,#5073,.T.);
#5071 = VERTEX_POINT('',#5072);
#5072 = CARTESIAN_POINT('',(-1.45,2.99,0.2));
#5073 = LINE('',#5074,#5075);
#5074 = CARTESIAN_POINT('',(-1.45,2.99,1.E-02));
#5075 = VECTOR('',#5076,1.);
#5076 = DIRECTION('',(0.,0.,1.));
#5077 = ORIENTED_EDGE('',*,*,#5078,.T.);
#5078 = EDGE_CURVE('',#5071,#5079,#5081,.T.);
#5079 = VERTEX_POINT('',#5080);
#5080 = CARTESIAN_POINT('',(-1.15,2.99,0.2));
#5081 = LINE('',#5082,#5083);
#5082 = CARTESIAN_POINT('',(-2.22,2.99,0.2));
#5083 = VECTOR('',#5084,1.);
#5084 = DIRECTION('',(1.,-2.22044604925E-16,0.));
#5085 = ORIENTED_EDGE('',*,*,#5086,.T.);
#5086 = EDGE_CURVE('',#5079,#4917,#5087,.T.);
#5087 = LINE('',#5088,#5089);
#5088 = CARTESIAN_POINT('',(-1.15,2.99,1.E-02));
#5089 = VECTOR('',#5090,1.);
#5090 = DIRECTION('',(-0.,0.,-1.));
#5091 = ORIENTED_EDGE('',*,*,#4916,.T.);
#5092 = ORIENTED_EDGE('',*,*,#3936,.T.);
#5093 = ORIENTED_EDGE('',*,*,#5094,.T.);
#5094 = EDGE_CURVE('',#3929,#4002,#5095,.T.);
#5095 = LINE('',#5096,#5097);
#5096 = CARTESIAN_POINT('',(-1.895,2.99,0.2));
#5097 = VECTOR('',#5098,1.);
#5098 = DIRECTION('',(1.,-2.22044604925E-16,0.));
#5099 = ORIENTED_EDGE('',*,*,#4001,.T.);
#5100 = ORIENTED_EDGE('',*,*,#4907,.T.);
#5101 = ORIENTED_EDGE('',*,*,#5102,.T.);
#5102 = EDGE_CURVE('',#4900,#5103,#5105,.T.);
#5103 = VERTEX_POINT('',#5104);
#5104 = CARTESIAN_POINT('',(-0.15,2.99,0.2));
#5105 = LINE('',#5106,#5107);
#5106 = CARTESIAN_POINT('',(-0.15,2.99,1.E-02));
#5107 = VECTOR('',#5108,1.);
#5108 = DIRECTION('',(0.,0.,1.));
#5109 = ORIENTED_EDGE('',*,*,#5110,.T.);
#5110 = EDGE_CURVE('',#5103,#5111,#5113,.T.);
#5111 = VERTEX_POINT('',#5112);
#5112 = CARTESIAN_POINT('',(0.15,2.99,0.2));
#5113 = LINE('',#5114,#5115);
#5114 = CARTESIAN_POINT('',(-1.57,2.99,0.2));
#5115 = VECTOR('',#5116,1.);
#5116 = DIRECTION('',(1.,-2.22044604925E-16,0.));
#5117 = ORIENTED_EDGE('',*,*,#5118,.T.);
#5118 = EDGE_CURVE('',#5111,#4875,#5119,.T.);
#5119 = LINE('',#5120,#5121);
#5120 = CARTESIAN_POINT('',(0.15,2.99,1.E-02));
#5121 = VECTOR('',#5122,1.);
#5122 = DIRECTION('',(-0.,0.,-1.));
#5123 = ORIENTED_EDGE('',*,*,#4874,.T.);
#5124 = ORIENTED_EDGE('',*,*,#5125,.T.);
#5125 = EDGE_CURVE('',#4867,#5126,#5128,.T.);
#5126 = VERTEX_POINT('',#5127);
#5127 = CARTESIAN_POINT('',(0.5,2.99,0.2));
#5128 = LINE('',#5129,#5130);
#5129 = CARTESIAN_POINT('',(0.5,2.99,1.E-02));
#5130 = VECTOR('',#5131,1.);
#5131 = DIRECTION('',(0.,0.,1.));
#5132 = ORIENTED_EDGE('',*,*,#5133,.T.);
#5133 = EDGE_CURVE('',#5126,#5134,#5136,.T.);
#5134 = VERTEX_POINT('',#5135);
#5135 = CARTESIAN_POINT('',(0.8,2.99,0.2));
#5136 = LINE('',#5137,#5138);
#5137 = CARTESIAN_POINT('',(-1.245,2.99,0.2));
#5138 = VECTOR('',#5139,1.);
#5139 = DIRECTION('',(1.,-2.22044604925E-16,0.));
#5140 = ORIENTED_EDGE('',*,*,#5141,.T.);
#5141 = EDGE_CURVE('',#5134,#4842,#5142,.T.);
#5142 = LINE('',#5143,#5144);
#5143 = CARTESIAN_POINT('',(0.8,2.99,1.E-02));
#5144 = VECTOR('',#5145,1.);
#5145 = DIRECTION('',(-0.,0.,-1.));
#5146 = ORIENTED_EDGE('',*,*,#4841,.T.);
#5147 = ORIENTED_EDGE('',*,*,#5148,.T.);
#5148 = EDGE_CURVE('',#4834,#5149,#5151,.T.);
#5149 = VERTEX_POINT('',#5150);
#5150 = CARTESIAN_POINT('',(1.15,2.99,0.2));
#5151 = LINE('',#5152,#5153);
#5152 = CARTESIAN_POINT('',(1.15,2.99,1.E-02));
#5153 = VECTOR('',#5154,1.);
#5154 = DIRECTION('',(0.,0.,1.));
#5155 = ORIENTED_EDGE('',*,*,#5156,.T.);
#5156 = EDGE_CURVE('',#5149,#5157,#5159,.T.);
#5157 = VERTEX_POINT('',#5158);
#5158 = CARTESIAN_POINT('',(1.45,2.99,0.2));
#5159 = LINE('',#5160,#5161);
#5160 = CARTESIAN_POINT('',(-0.92,2.99,0.2));
#5161 = VECTOR('',#5162,1.);
#5162 = DIRECTION('',(1.,-2.22044604925E-16,0.));
#5163 = ORIENTED_EDGE('',*,*,#5164,.T.);
#5164 = EDGE_CURVE('',#5157,#4809,#5165,.T.);
#5165 = LINE('',#5166,#5167);
#5166 = CARTESIAN_POINT('',(1.45,2.99,1.E-02));
#5167 = VECTOR('',#5168,1.);
#5168 = DIRECTION('',(-0.,0.,-1.));
#5169 = ORIENTED_EDGE('',*,*,#4808,.T.);
#5170 = ORIENTED_EDGE('',*,*,#5171,.T.);
#5171 = EDGE_CURVE('',#4801,#5172,#5174,.T.);
#5172 = VERTEX_POINT('',#5173);
#5173 = CARTESIAN_POINT('',(1.8,2.99,0.2));
#5174 = LINE('',#5175,#5176);
#5175 = CARTESIAN_POINT('',(1.8,2.99,1.E-02));
#5176 = VECTOR('',#5177,1.);
#5177 = DIRECTION('',(0.,0.,1.));
#5178 = ORIENTED_EDGE('',*,*,#5179,.T.);
#5179 = EDGE_CURVE('',#5172,#5180,#5182,.T.);
#5180 = VERTEX_POINT('',#5181);
#5181 = CARTESIAN_POINT('',(2.1,2.99,0.2));
#5182 = LINE('',#5183,#5184);
#5183 = CARTESIAN_POINT('',(-0.595,2.99,0.2));
#5184 = VECTOR('',#5185,1.);
#5185 = DIRECTION('',(1.,-2.22044604925E-16,0.));
#5186 = ORIENTED_EDGE('',*,*,#5187,.T.);
#5187 = EDGE_CURVE('',#5180,#4776,#5188,.T.);
#5188 = LINE('',#5189,#5190);
#5189 = CARTESIAN_POINT('',(2.1,2.99,1.E-02));
#5190 = VECTOR('',#5191,1.);
#5191 = DIRECTION('',(-0.,0.,-1.));
#5192 = ORIENTED_EDGE('',*,*,#4775,.T.);
#5193 = ORIENTED_EDGE('',*,*,#5194,.T.);
#5194 = EDGE_CURVE('',#4768,#5033,#5195,.T.);
#5195 = LINE('',#5196,#5197);
#5196 = CARTESIAN_POINT('',(2.99,2.99,2.E-02));
#5197 = VECTOR('',#5198,1.);
#5198 = DIRECTION('',(0.,0.,1.));
#5199 = PLANE('',#5200);
#5200 = AXIS2_PLACEMENT_3D('',#5201,#5202,#5203);
#5201 = CARTESIAN_POINT('',(-2.99,2.99,2.E-02));
#5202 = DIRECTION('',(-2.22044604925E-16,-1.,0.));
#5203 = DIRECTION('',(0.,0.,1.));
#5204 = ADVANCED_FACE('',(#5205),#5211,.F.);
#5205 = FACE_BOUND('',#5206,.F.);
#5206 = EDGE_LOOP('',(#5207,#5208,#5209,#5210));
#5207 = ORIENTED_EDGE('',*,*,#3928,.F.);
#5208 = ORIENTED_EDGE('',*,*,#4032,.F.);
#5209 = ORIENTED_EDGE('',*,*,#4009,.F.);
#5210 = ORIENTED_EDGE('',*,*,#5094,.F.);
#5211 = PLANE('',#5212);
#5212 = AXIS2_PLACEMENT_3D('',#5213,#5214,#5215);
#5213 = CARTESIAN_POINT('',(-0.8,3.,0.2));
#5214 = DIRECTION('',(-0.,0.,-1.));
#5215 = DIRECTION('',(1.,-4.555315873023E-16,-0.));
#5216 = ADVANCED_FACE('',(#5217),#5396,.F.);
#5217 = FACE_BOUND('',#5218,.F.);
#5218 = EDGE_LOOP('',(#5219,#5220,#5221,#5229,#5235,#5236,#5244,#5252,
    #5258,#5259,#5267,#5275,#5281,#5282,#5290,#5298,#5304,#5305,#5313,
    #5321,#5327,#5328,#5336,#5344,#5350,#5351,#5359,#5367,#5373,#5374,
    #5382,#5390));
#5219 = ORIENTED_EDGE('',*,*,#4058,.F.);
#5220 = ORIENTED_EDGE('',*,*,#5040,.T.);
#5221 = ORIENTED_EDGE('',*,*,#5222,.T.);
#5222 = EDGE_CURVE('',#5031,#5223,#5225,.T.);
#5223 = VERTEX_POINT('',#5224);
#5224 = CARTESIAN_POINT('',(-2.99,-2.99,0.92));
#5225 = LINE('',#5226,#5227);
#5226 = CARTESIAN_POINT('',(-2.99,2.99,0.92));
#5227 = VECTOR('',#5228,1.);
#5228 = DIRECTION('',(-2.22044604925E-16,-1.,0.));
#5229 = ORIENTED_EDGE('',*,*,#5230,.F.);
#5230 = EDGE_CURVE('',#4290,#5223,#5231,.T.);
#5231 = LINE('',#5232,#5233);
#5232 = CARTESIAN_POINT('',(-2.99,-2.99,2.E-02));
#5233 = VECTOR('',#5234,1.);
#5234 = DIRECTION('',(0.,0.,1.));
#5235 = ORIENTED_EDGE('',*,*,#4289,.F.);
#5236 = ORIENTED_EDGE('',*,*,#5237,.T.);
#5237 = EDGE_CURVE('',#4282,#5238,#5240,.T.);
#5238 = VERTEX_POINT('',#5239);
#5239 = CARTESIAN_POINT('',(-2.99,-2.1,0.2));
#5240 = LINE('',#5241,#5242);
#5241 = CARTESIAN_POINT('',(-2.99,-2.1,1.E-02));
#5242 = VECTOR('',#5243,1.);
#5243 = DIRECTION('',(0.,0.,1.));
#5244 = ORIENTED_EDGE('',*,*,#5245,.T.);
#5245 = EDGE_CURVE('',#5238,#5246,#5248,.T.);
#5246 = VERTEX_POINT('',#5247);
#5247 = CARTESIAN_POINT('',(-2.99,-1.8,0.2));
#5248 = LINE('',#5249,#5250);
#5249 = CARTESIAN_POINT('',(-2.99,0.445,0.2));
#5250 = VECTOR('',#5251,1.);
#5251 = DIRECTION('',(2.22044604925E-16,1.,0.));
#5252 = ORIENTED_EDGE('',*,*,#5253,.T.);
#5253 = EDGE_CURVE('',#5246,#4257,#5254,.T.);
#5254 = LINE('',#5255,#5256);
#5255 = CARTESIAN_POINT('',(-2.99,-1.8,1.E-02));
#5256 = VECTOR('',#5257,1.);
#5257 = DIRECTION('',(0.,-0.,-1.));
#5258 = ORIENTED_EDGE('',*,*,#4256,.F.);
#5259 = ORIENTED_EDGE('',*,*,#5260,.T.);
#5260 = EDGE_CURVE('',#4249,#5261,#5263,.T.);
#5261 = VERTEX_POINT('',#5262);
#5262 = CARTESIAN_POINT('',(-2.99,-1.45,0.2));
#5263 = LINE('',#5264,#5265);
#5264 = CARTESIAN_POINT('',(-2.99,-1.45,1.E-02));
#5265 = VECTOR('',#5266,1.);
#5266 = DIRECTION('',(0.,0.,1.));
#5267 = ORIENTED_EDGE('',*,*,#5268,.T.);
#5268 = EDGE_CURVE('',#5261,#5269,#5271,.T.);
#5269 = VERTEX_POINT('',#5270);
#5270 = CARTESIAN_POINT('',(-2.99,-1.15,0.2));
#5271 = LINE('',#5272,#5273);
#5272 = CARTESIAN_POINT('',(-2.99,0.77,0.2));
#5273 = VECTOR('',#5274,1.);
#5274 = DIRECTION('',(2.22044604925E-16,1.,0.));
#5275 = ORIENTED_EDGE('',*,*,#5276,.T.);
#5276 = EDGE_CURVE('',#5269,#4224,#5277,.T.);
#5277 = LINE('',#5278,#5279);
#5278 = CARTESIAN_POINT('',(-2.99,-1.15,1.E-02));
#5279 = VECTOR('',#5280,1.);
#5280 = DIRECTION('',(0.,-0.,-1.));
#5281 = ORIENTED_EDGE('',*,*,#4223,.F.);
#5282 = ORIENTED_EDGE('',*,*,#5283,.T.);
#5283 = EDGE_CURVE('',#4216,#5284,#5286,.T.);
#5284 = VERTEX_POINT('',#5285);
#5285 = CARTESIAN_POINT('',(-2.99,-0.8,0.2));
#5286 = LINE('',#5287,#5288);
#5287 = CARTESIAN_POINT('',(-2.99,-0.8,1.E-02));
#5288 = VECTOR('',#5289,1.);
#5289 = DIRECTION('',(0.,0.,1.));
#5290 = ORIENTED_EDGE('',*,*,#5291,.T.);
#5291 = EDGE_CURVE('',#5284,#5292,#5294,.T.);
#5292 = VERTEX_POINT('',#5293);
#5293 = CARTESIAN_POINT('',(-2.99,-0.5,0.2));
#5294 = LINE('',#5295,#5296);
#5295 = CARTESIAN_POINT('',(-2.99,1.095,0.2));
#5296 = VECTOR('',#5297,1.);
#5297 = DIRECTION('',(2.22044604925E-16,1.,0.));
#5298 = ORIENTED_EDGE('',*,*,#5299,.T.);
#5299 = EDGE_CURVE('',#5292,#4191,#5300,.T.);
#5300 = LINE('',#5301,#5302);
#5301 = CARTESIAN_POINT('',(-2.99,-0.5,1.E-02));
#5302 = VECTOR('',#5303,1.);
#5303 = DIRECTION('',(0.,-0.,-1.));
#5304 = ORIENTED_EDGE('',*,*,#4190,.F.);
#5305 = ORIENTED_EDGE('',*,*,#5306,.T.);
#5306 = EDGE_CURVE('',#4183,#5307,#5309,.T.);
#5307 = VERTEX_POINT('',#5308);
#5308 = CARTESIAN_POINT('',(-2.99,-0.15,0.2));
#5309 = LINE('',#5310,#5311);
#5310 = CARTESIAN_POINT('',(-2.99,-0.15,1.E-02));
#5311 = VECTOR('',#5312,1.);
#5312 = DIRECTION('',(0.,0.,1.));
#5313 = ORIENTED_EDGE('',*,*,#5314,.T.);
#5314 = EDGE_CURVE('',#5307,#5315,#5317,.T.);
#5315 = VERTEX_POINT('',#5316);
#5316 = CARTESIAN_POINT('',(-2.99,0.15,0.2));
#5317 = LINE('',#5318,#5319);
#5318 = CARTESIAN_POINT('',(-2.99,1.42,0.2));
#5319 = VECTOR('',#5320,1.);
#5320 = DIRECTION('',(2.22044604925E-16,1.,0.));
#5321 = ORIENTED_EDGE('',*,*,#5322,.T.);
#5322 = EDGE_CURVE('',#5315,#4158,#5323,.T.);
#5323 = LINE('',#5324,#5325);
#5324 = CARTESIAN_POINT('',(-2.99,0.15,1.E-02));
#5325 = VECTOR('',#5326,1.);
#5326 = DIRECTION('',(0.,-0.,-1.));
#5327 = ORIENTED_EDGE('',*,*,#4157,.F.);
#5328 = ORIENTED_EDGE('',*,*,#5329,.T.);
#5329 = EDGE_CURVE('',#4150,#5330,#5332,.T.);
#5330 = VERTEX_POINT('',#5331);
#5331 = CARTESIAN_POINT('',(-2.99,0.5,0.2));
#5332 = LINE('',#5333,#5334);
#5333 = CARTESIAN_POINT('',(-2.99,0.5,1.E-02));
#5334 = VECTOR('',#5335,1.);
#5335 = DIRECTION('',(0.,0.,1.));
#5336 = ORIENTED_EDGE('',*,*,#5337,.T.);
#5337 = EDGE_CURVE('',#5330,#5338,#5340,.T.);
#5338 = VERTEX_POINT('',#5339);
#5339 = CARTESIAN_POINT('',(-2.99,0.8,0.2));
#5340 = LINE('',#5341,#5342);
#5341 = CARTESIAN_POINT('',(-2.99,1.745,0.2));
#5342 = VECTOR('',#5343,1.);
#5343 = DIRECTION('',(2.22044604925E-16,1.,0.));
#5344 = ORIENTED_EDGE('',*,*,#5345,.T.);
#5345 = EDGE_CURVE('',#5338,#4125,#5346,.T.);
#5346 = LINE('',#5347,#5348);
#5347 = CARTESIAN_POINT('',(-2.99,0.8,1.E-02));
#5348 = VECTOR('',#5349,1.);
#5349 = DIRECTION('',(0.,-0.,-1.));
#5350 = ORIENTED_EDGE('',*,*,#4124,.F.);
#5351 = ORIENTED_EDGE('',*,*,#5352,.T.);
#5352 = EDGE_CURVE('',#4117,#5353,#5355,.T.);
#5353 = VERTEX_POINT('',#5354);
#5354 = CARTESIAN_POINT('',(-2.99,1.15,0.2));
#5355 = LINE('',#5356,#5357);
#5356 = CARTESIAN_POINT('',(-2.99,1.15,1.E-02));
#5357 = VECTOR('',#5358,1.);
#5358 = DIRECTION('',(0.,0.,1.));
#5359 = ORIENTED_EDGE('',*,*,#5360,.T.);
#5360 = EDGE_CURVE('',#5353,#5361,#5363,.T.);
#5361 = VERTEX_POINT('',#5362);
#5362 = CARTESIAN_POINT('',(-2.99,1.45,0.2));
#5363 = LINE('',#5364,#5365);
#5364 = CARTESIAN_POINT('',(-2.99,2.07,0.2));
#5365 = VECTOR('',#5366,1.);
#5366 = DIRECTION('',(2.22044604925E-16,1.,0.));
#5367 = ORIENTED_EDGE('',*,*,#5368,.T.);
#5368 = EDGE_CURVE('',#5361,#4092,#5369,.T.);
#5369 = LINE('',#5370,#5371);
#5370 = CARTESIAN_POINT('',(-2.99,1.45,1.E-02));
#5371 = VECTOR('',#5372,1.);
#5372 = DIRECTION('',(0.,-0.,-1.));
#5373 = ORIENTED_EDGE('',*,*,#4091,.F.);
#5374 = ORIENTED_EDGE('',*,*,#5375,.T.);
#5375 = EDGE_CURVE('',#4084,#5376,#5378,.T.);
#5376 = VERTEX_POINT('',#5377);
#5377 = CARTESIAN_POINT('',(-2.99,1.8,0.2));
#5378 = LINE('',#5379,#5380);
#5379 = CARTESIAN_POINT('',(-2.99,1.8,1.E-02));
#5380 = VECTOR('',#5381,1.);
#5381 = DIRECTION('',(0.,0.,1.));
#5382 = ORIENTED_EDGE('',*,*,#5383,.T.);
#5383 = EDGE_CURVE('',#5376,#5384,#5386,.T.);
#5384 = VERTEX_POINT('',#5385);
#5385 = CARTESIAN_POINT('',(-2.99,2.1,0.2));
#5386 = LINE('',#5387,#5388);
#5387 = CARTESIAN_POINT('',(-2.99,2.395,0.2));
#5388 = VECTOR('',#5389,1.);
#5389 = DIRECTION('',(2.22044604925E-16,1.,0.));
#5390 = ORIENTED_EDGE('',*,*,#5391,.T.);
#5391 = EDGE_CURVE('',#5384,#4059,#5392,.T.);
#5392 = LINE('',#5393,#5394);
#5393 = CARTESIAN_POINT('',(-2.99,2.1,1.E-02));
#5394 = VECTOR('',#5395,1.);
#5395 = DIRECTION('',(0.,-0.,-1.));
#5396 = PLANE('',#5397);
#5397 = AXIS2_PLACEMENT_3D('',#5398,#5399,#5400);
#5398 = CARTESIAN_POINT('',(-2.99,2.99,2.E-02));
#5399 = DIRECTION('',(1.,-2.22044604925E-16,0.));
#5400 = DIRECTION('',(0.,0.,1.));
#5401 = ADVANCED_FACE('',(#5402),#5436,.F.);
#5402 = FACE_BOUND('',#5403,.F.);
#5403 = EDGE_LOOP('',(#5404,#5414,#5422,#5428,#5429,#5430));
#5404 = ORIENTED_EDGE('',*,*,#5405,.F.);
#5405 = EDGE_CURVE('',#5406,#5408,#5410,.T.);
#5406 = VERTEX_POINT('',#5407);
#5407 = CARTESIAN_POINT('',(-2.1,3.,0.));
#5408 = VERTEX_POINT('',#5409);
#5409 = CARTESIAN_POINT('',(-2.1,2.75,0.));
#5410 = LINE('',#5411,#5412);
#5411 = CARTESIAN_POINT('',(-2.1,3.,0.));
#5412 = VECTOR('',#5413,1.);
#5413 = DIRECTION('',(-4.555315873023E-16,-1.,0.));
#5414 = ORIENTED_EDGE('',*,*,#5415,.T.);
#5415 = EDGE_CURVE('',#5406,#5416,#5418,.T.);
#5416 = VERTEX_POINT('',#5417);
#5417 = CARTESIAN_POINT('',(-2.1,3.,0.2));
#5418 = LINE('',#5419,#5420);
#5419 = CARTESIAN_POINT('',(-2.1,3.,0.));
#5420 = VECTOR('',#5421,1.);
#5421 = DIRECTION('',(0.,0.,1.));
#5422 = ORIENTED_EDGE('',*,*,#5423,.T.);
#5423 = EDGE_CURVE('',#5416,#5048,#5424,.T.);
#5424 = LINE('',#5425,#5426);
#5425 = CARTESIAN_POINT('',(-2.1,3.,0.2));
#5426 = VECTOR('',#5427,1.);
#5427 = DIRECTION('',(-4.555315873023E-16,-1.,0.));
#5428 = ORIENTED_EDGE('',*,*,#5047,.F.);
#5429 = ORIENTED_EDGE('',*,*,#4974,.F.);
#5430 = ORIENTED_EDGE('',*,*,#5431,.F.);
#5431 = EDGE_CURVE('',#5408,#4966,#5432,.T.);
#5432 = LINE('',#5433,#5434);
#5433 = CARTESIAN_POINT('',(-2.1,2.75,0.));
#5434 = VECTOR('',#5435,1.);
#5435 = DIRECTION('',(0.,0.,1.));
#5436 = PLANE('',#5437);
#5437 = AXIS2_PLACEMENT_3D('',#5438,#5439,#5440);
#5438 = CARTESIAN_POINT('',(-2.1,3.,0.));
#5439 = DIRECTION('',(1.,-4.555315873023E-16,0.));
#5440 = DIRECTION('',(-4.555315873023E-16,-1.,0.));
#5441 = ADVANCED_FACE('',(#5442),#5476,.F.);
#5442 = FACE_BOUND('',#5443,.F.);
#5443 = EDGE_LOOP('',(#5444,#5454,#5460,#5461,#5462,#5470));
#5444 = ORIENTED_EDGE('',*,*,#5445,.F.);
#5445 = EDGE_CURVE('',#5446,#5448,#5450,.T.);
#5446 = VERTEX_POINT('',#5447);
#5447 = CARTESIAN_POINT('',(-2.75,2.1,0.));
#5448 = VERTEX_POINT('',#5449);
#5449 = CARTESIAN_POINT('',(-3.,2.1,0.));
#5450 = LINE('',#5451,#5452);
#5451 = CARTESIAN_POINT('',(-2.75,2.1,0.));
#5452 = VECTOR('',#5453,1.);
#5453 = DIRECTION('',(-1.,3.55951662292E-16,0.));
#5454 = ORIENTED_EDGE('',*,*,#5455,.T.);
#5455 = EDGE_CURVE('',#5446,#4067,#5456,.T.);
#5456 = LINE('',#5457,#5458);
#5457 = CARTESIAN_POINT('',(-2.75,2.1,0.));
#5458 = VECTOR('',#5459,1.);
#5459 = DIRECTION('',(0.,0.,1.));
#5460 = ORIENTED_EDGE('',*,*,#4066,.F.);
#5461 = ORIENTED_EDGE('',*,*,#5391,.F.);
#5462 = ORIENTED_EDGE('',*,*,#5463,.T.);
#5463 = EDGE_CURVE('',#5384,#5464,#5466,.T.);
#5464 = VERTEX_POINT('',#5465);
#5465 = CARTESIAN_POINT('',(-3.,2.1,0.2));
#5466 = LINE('',#5467,#5468);
#5467 = CARTESIAN_POINT('',(-2.75,2.1,0.2));
#5468 = VECTOR('',#5469,1.);
#5469 = DIRECTION('',(-1.,3.55951662292E-16,0.));
#5470 = ORIENTED_EDGE('',*,*,#5471,.F.);
#5471 = EDGE_CURVE('',#5448,#5464,#5472,.T.);
#5472 = LINE('',#5473,#5474);
#5473 = CARTESIAN_POINT('',(-3.,2.1,0.));
#5474 = VECTOR('',#5475,1.);
#5475 = DIRECTION('',(0.,0.,1.));
#5476 = PLANE('',#5477);
#5477 = AXIS2_PLACEMENT_3D('',#5478,#5479,#5480);
#5478 = CARTESIAN_POINT('',(-2.75,2.1,0.));
#5479 = DIRECTION('',(-3.55951662292E-16,-1.,0.));
#5480 = DIRECTION('',(-1.,3.55951662292E-16,0.));
#5481 = ADVANCED_FACE('',(#5482),#5501,.T.);
#5482 = FACE_BOUND('',#5483,.T.);
#5483 = EDGE_LOOP('',(#5484,#5492,#5493,#5494));
#5484 = ORIENTED_EDGE('',*,*,#5485,.T.);
#5485 = EDGE_CURVE('',#5486,#4958,#5488,.T.);
#5486 = VERTEX_POINT('',#5487);
#5487 = CARTESIAN_POINT('',(-1.8,2.75,0.));
#5488 = LINE('',#5489,#5490);
#5489 = CARTESIAN_POINT('',(-1.8,2.75,0.));
#5490 = VECTOR('',#5491,1.);
#5491 = DIRECTION('',(0.,0.,1.));
#5492 = ORIENTED_EDGE('',*,*,#4965,.T.);
#5493 = ORIENTED_EDGE('',*,*,#5431,.F.);
#5494 = ORIENTED_EDGE('',*,*,#5495,.T.);
#5495 = EDGE_CURVE('',#5408,#5486,#5496,.T.);
#5496 = CIRCLE('',#5497,0.15);
#5497 = AXIS2_PLACEMENT_3D('',#5498,#5499,#5500);
#5498 = CARTESIAN_POINT('',(-1.95,2.75,0.));
#5499 = DIRECTION('',(0.,0.,1.));
#5500 = DIRECTION('',(-1.,4.555315873023E-16,0.));
#5501 = CYLINDRICAL_SURFACE('',#5502,0.15);
#5502 = AXIS2_PLACEMENT_3D('',#5503,#5504,#5505);
#5503 = CARTESIAN_POINT('',(-1.95,2.75,0.));
#5504 = DIRECTION('',(0.,0.,-1.));
#5505 = DIRECTION('',(-1.,4.555315873023E-16,0.));
#5506 = ADVANCED_FACE('',(#5507),#5526,.T.);
#5507 = FACE_BOUND('',#5508,.T.);
#5508 = EDGE_LOOP('',(#5509,#5510,#5511,#5519));
#5509 = ORIENTED_EDGE('',*,*,#5455,.T.);
#5510 = ORIENTED_EDGE('',*,*,#4074,.T.);
#5511 = ORIENTED_EDGE('',*,*,#5512,.F.);
#5512 = EDGE_CURVE('',#5513,#4075,#5515,.T.);
#5513 = VERTEX_POINT('',#5514);
#5514 = CARTESIAN_POINT('',(-2.75,1.8,0.));
#5515 = LINE('',#5516,#5517);
#5516 = CARTESIAN_POINT('',(-2.75,1.8,0.));
#5517 = VECTOR('',#5518,1.);
#5518 = DIRECTION('',(0.,0.,1.));
#5519 = ORIENTED_EDGE('',*,*,#5520,.T.);
#5520 = EDGE_CURVE('',#5513,#5446,#5521,.T.);
#5521 = CIRCLE('',#5522,0.15);
#5522 = AXIS2_PLACEMENT_3D('',#5523,#5524,#5525);
#5523 = CARTESIAN_POINT('',(-2.75,1.95,0.));
#5524 = DIRECTION('',(0.,0.,1.));
#5525 = DIRECTION('',(-4.669739647545E-16,-1.,0.));
#5526 = CYLINDRICAL_SURFACE('',#5527,0.15);
#5527 = AXIS2_PLACEMENT_3D('',#5528,#5529,#5530);
#5528 = CARTESIAN_POINT('',(-2.75,1.95,0.));
#5529 = DIRECTION('',(0.,0.,-1.));
#5530 = DIRECTION('',(-4.669739647545E-16,-1.,-0.));
#5531 = ADVANCED_FACE('',(#5532),#5559,.F.);
#5532 = FACE_BOUND('',#5533,.F.);
#5533 = EDGE_LOOP('',(#5534,#5542,#5543,#5544,#5545,#5553));
#5534 = ORIENTED_EDGE('',*,*,#5535,.F.);
#5535 = EDGE_CURVE('',#5486,#5536,#5538,.T.);
#5536 = VERTEX_POINT('',#5537);
#5537 = CARTESIAN_POINT('',(-1.8,3.,0.));
#5538 = LINE('',#5539,#5540);
#5539 = CARTESIAN_POINT('',(-1.8,2.75,0.));
#5540 = VECTOR('',#5541,1.);
#5541 = DIRECTION('',(3.445092848398E-16,1.,0.));
#5542 = ORIENTED_EDGE('',*,*,#5485,.T.);
#5543 = ORIENTED_EDGE('',*,*,#4957,.F.);
#5544 = ORIENTED_EDGE('',*,*,#5063,.F.);
#5545 = ORIENTED_EDGE('',*,*,#5546,.T.);
#5546 = EDGE_CURVE('',#5056,#5547,#5549,.T.);
#5547 = VERTEX_POINT('',#5548);
#5548 = CARTESIAN_POINT('',(-1.8,3.,0.2));
#5549 = LINE('',#5550,#5551);
#5550 = CARTESIAN_POINT('',(-1.8,2.75,0.2));
#5551 = VECTOR('',#5552,1.);
#5552 = DIRECTION('',(3.445092848398E-16,1.,0.));
#5553 = ORIENTED_EDGE('',*,*,#5554,.F.);
#5554 = EDGE_CURVE('',#5536,#5547,#5555,.T.);
#5555 = LINE('',#5556,#5557);
#5556 = CARTESIAN_POINT('',(-1.8,3.,0.));
#5557 = VECTOR('',#5558,1.);
#5558 = DIRECTION('',(0.,0.,1.));
#5559 = PLANE('',#5560);
#5560 = AXIS2_PLACEMENT_3D('',#5561,#5562,#5563);
#5561 = CARTESIAN_POINT('',(-1.8,2.75,0.));
#5562 = DIRECTION('',(-1.,3.445092848398E-16,0.));
#5563 = DIRECTION('',(3.445092848398E-16,1.,0.));
#5564 = ADVANCED_FACE('',(#5565),#5592,.F.);
#5565 = FACE_BOUND('',#5566,.F.);
#5566 = EDGE_LOOP('',(#5567,#5575,#5583,#5589,#5590,#5591));
#5567 = ORIENTED_EDGE('',*,*,#5568,.F.);
#5568 = EDGE_CURVE('',#5569,#5513,#5571,.T.);
#5569 = VERTEX_POINT('',#5570);
#5570 = CARTESIAN_POINT('',(-3.,1.8,0.));
#5571 = LINE('',#5572,#5573);
#5572 = CARTESIAN_POINT('',(-3.,1.8,0.));
#5573 = VECTOR('',#5574,1.);
#5574 = DIRECTION('',(1.,-4.669739647545E-16,0.));
#5575 = ORIENTED_EDGE('',*,*,#5576,.T.);
#5576 = EDGE_CURVE('',#5569,#5577,#5579,.T.);
#5577 = VERTEX_POINT('',#5578);
#5578 = CARTESIAN_POINT('',(-3.,1.8,0.2));
#5579 = LINE('',#5580,#5581);
#5580 = CARTESIAN_POINT('',(-3.,1.8,0.));
#5581 = VECTOR('',#5582,1.);
#5582 = DIRECTION('',(0.,0.,1.));
#5583 = ORIENTED_EDGE('',*,*,#5584,.T.);
#5584 = EDGE_CURVE('',#5577,#5376,#5585,.T.);
#5585 = LINE('',#5586,#5587);
#5586 = CARTESIAN_POINT('',(-3.,1.8,0.2));
#5587 = VECTOR('',#5588,1.);
#5588 = DIRECTION('',(1.,-4.669739647545E-16,0.));
#5589 = ORIENTED_EDGE('',*,*,#5375,.F.);
#5590 = ORIENTED_EDGE('',*,*,#4083,.F.);
#5591 = ORIENTED_EDGE('',*,*,#5512,.F.);
#5592 = PLANE('',#5593);
#5593 = AXIS2_PLACEMENT_3D('',#5594,#5595,#5596);
#5594 = CARTESIAN_POINT('',(-3.,1.8,0.));
#5595 = DIRECTION('',(4.669739647545E-16,1.,0.));
#5596 = DIRECTION('',(1.,-4.669739647545E-16,0.));
#5597 = ADVANCED_FACE('',(#5598),#5632,.F.);
#5598 = FACE_BOUND('',#5599,.F.);
#5599 = EDGE_LOOP('',(#5600,#5610,#5618,#5624,#5625,#5626));
#5600 = ORIENTED_EDGE('',*,*,#5601,.F.);
#5601 = EDGE_CURVE('',#5602,#5604,#5606,.T.);
#5602 = VERTEX_POINT('',#5603);
#5603 = CARTESIAN_POINT('',(-1.45,3.,0.));
#5604 = VERTEX_POINT('',#5605);
#5605 = CARTESIAN_POINT('',(-1.45,2.75,0.));
#5606 = LINE('',#5607,#5608);
#5607 = CARTESIAN_POINT('',(-1.45,3.,0.));
#5608 = VECTOR('',#5609,1.);
#5609 = DIRECTION('',(-4.555315873023E-16,-1.,0.));
#5610 = ORIENTED_EDGE('',*,*,#5611,.T.);
#5611 = EDGE_CURVE('',#5602,#5612,#5614,.T.);
#5612 = VERTEX_POINT('',#5613);
#5613 = CARTESIAN_POINT('',(-1.45,3.,0.2));
#5614 = LINE('',#5615,#5616);
#5615 = CARTESIAN_POINT('',(-1.45,3.,0.));
#5616 = VECTOR('',#5617,1.);
#5617 = DIRECTION('',(0.,0.,1.));
#5618 = ORIENTED_EDGE('',*,*,#5619,.T.);
#5619 = EDGE_CURVE('',#5612,#5071,#5620,.T.);
#5620 = LINE('',#5621,#5622);
#5621 = CARTESIAN_POINT('',(-1.45,3.,0.2));
#5622 = VECTOR('',#5623,1.);
#5623 = DIRECTION('',(-4.555315873023E-16,-1.,0.));
#5624 = ORIENTED_EDGE('',*,*,#5070,.F.);
#5625 = ORIENTED_EDGE('',*,*,#4941,.F.);
#5626 = ORIENTED_EDGE('',*,*,#5627,.F.);
#5627 = EDGE_CURVE('',#5604,#4933,#5628,.T.);
#5628 = LINE('',#5629,#5630);
#5629 = CARTESIAN_POINT('',(-1.45,2.75,0.));
#5630 = VECTOR('',#5631,1.);
#5631 = DIRECTION('',(0.,0.,1.));
#5632 = PLANE('',#5633);
#5633 = AXIS2_PLACEMENT_3D('',#5634,#5635,#5636);
#5634 = CARTESIAN_POINT('',(-1.45,3.,0.));
#5635 = DIRECTION('',(1.,-4.555315873023E-16,0.));
#5636 = DIRECTION('',(-4.555315873023E-16,-1.,0.));
#5637 = ADVANCED_FACE('',(#5638),#5672,.F.);
#5638 = FACE_BOUND('',#5639,.F.);
#5639 = EDGE_LOOP('',(#5640,#5650,#5656,#5657,#5658,#5666));
#5640 = ORIENTED_EDGE('',*,*,#5641,.F.);
#5641 = EDGE_CURVE('',#5642,#5644,#5646,.T.);
#5642 = VERTEX_POINT('',#5643);
#5643 = CARTESIAN_POINT('',(-2.75,1.45,0.));
#5644 = VERTEX_POINT('',#5645);
#5645 = CARTESIAN_POINT('',(-3.,1.45,0.));
#5646 = LINE('',#5647,#5648);
#5647 = CARTESIAN_POINT('',(-2.75,1.45,0.));
#5648 = VECTOR('',#5649,1.);
#5649 = DIRECTION('',(-1.,3.55951662292E-16,0.));
#5650 = ORIENTED_EDGE('',*,*,#5651,.T.);
#5651 = EDGE_CURVE('',#5642,#4100,#5652,.T.);
#5652 = LINE('',#5653,#5654);
#5653 = CARTESIAN_POINT('',(-2.75,1.45,0.));
#5654 = VECTOR('',#5655,1.);
#5655 = DIRECTION('',(0.,0.,1.));
#5656 = ORIENTED_EDGE('',*,*,#4099,.F.);
#5657 = ORIENTED_EDGE('',*,*,#5368,.F.);
#5658 = ORIENTED_EDGE('',*,*,#5659,.T.);
#5659 = EDGE_CURVE('',#5361,#5660,#5662,.T.);
#5660 = VERTEX_POINT('',#5661);
#5661 = CARTESIAN_POINT('',(-3.,1.45,0.2));
#5662 = LINE('',#5663,#5664);
#5663 = CARTESIAN_POINT('',(-2.75,1.45,0.2));
#5664 = VECTOR('',#5665,1.);
#5665 = DIRECTION('',(-1.,3.55951662292E-16,0.));
#5666 = ORIENTED_EDGE('',*,*,#5667,.F.);
#5667 = EDGE_CURVE('',#5644,#5660,#5668,.T.);
#5668 = LINE('',#5669,#5670);
#5669 = CARTESIAN_POINT('',(-3.,1.45,0.));
#5670 = VECTOR('',#5671,1.);
#5671 = DIRECTION('',(0.,0.,1.));
#5672 = PLANE('',#5673);
#5673 = AXIS2_PLACEMENT_3D('',#5674,#5675,#5676);
#5674 = CARTESIAN_POINT('',(-2.75,1.45,0.));
#5675 = DIRECTION('',(-3.55951662292E-16,-1.,0.));
#5676 = DIRECTION('',(-1.,3.55951662292E-16,0.));
#5677 = ADVANCED_FACE('',(#5678),#5697,.T.);
#5678 = FACE_BOUND('',#5679,.T.);
#5679 = EDGE_LOOP('',(#5680,#5688,#5689,#5690));
#5680 = ORIENTED_EDGE('',*,*,#5681,.T.);
#5681 = EDGE_CURVE('',#5682,#4925,#5684,.T.);
#5682 = VERTEX_POINT('',#5683);
#5683 = CARTESIAN_POINT('',(-1.15,2.75,0.));
#5684 = LINE('',#5685,#5686);
#5685 = CARTESIAN_POINT('',(-1.15,2.75,0.));
#5686 = VECTOR('',#5687,1.);
#5687 = DIRECTION('',(0.,0.,1.));
#5688 = ORIENTED_EDGE('',*,*,#4932,.T.);
#5689 = ORIENTED_EDGE('',*,*,#5627,.F.);
#5690 = ORIENTED_EDGE('',*,*,#5691,.T.);
#5691 = EDGE_CURVE('',#5604,#5682,#5692,.T.);
#5692 = CIRCLE('',#5693,0.15);
#5693 = AXIS2_PLACEMENT_3D('',#5694,#5695,#5696);
#5694 = CARTESIAN_POINT('',(-1.3,2.75,0.));
#5695 = DIRECTION('',(0.,0.,1.));
#5696 = DIRECTION('',(-1.,4.555315873023E-16,0.));
#5697 = CYLINDRICAL_SURFACE('',#5698,0.15);
#5698 = AXIS2_PLACEMENT_3D('',#5699,#5700,#5701);
#5699 = CARTESIAN_POINT('',(-1.3,2.75,0.));
#5700 = DIRECTION('',(0.,0.,-1.));
#5701 = DIRECTION('',(-1.,4.555315873023E-16,0.));
#5702 = ADVANCED_FACE('',(#5703),#5722,.T.);
#5703 = FACE_BOUND('',#5704,.T.);
#5704 = EDGE_LOOP('',(#5705,#5706,#5707,#5715));
#5705 = ORIENTED_EDGE('',*,*,#5651,.T.);
#5706 = ORIENTED_EDGE('',*,*,#4107,.T.);
#5707 = ORIENTED_EDGE('',*,*,#5708,.F.);
#5708 = EDGE_CURVE('',#5709,#4108,#5711,.T.);
#5709 = VERTEX_POINT('',#5710);
#5710 = CARTESIAN_POINT('',(-2.75,1.15,0.));
#5711 = LINE('',#5712,#5713);
#5712 = CARTESIAN_POINT('',(-2.75,1.15,0.));
#5713 = VECTOR('',#5714,1.);
#5714 = DIRECTION('',(0.,0.,1.));
#5715 = ORIENTED_EDGE('',*,*,#5716,.T.);
#5716 = EDGE_CURVE('',#5709,#5642,#5717,.T.);
#5717 = CIRCLE('',#5718,0.15);
#5718 = AXIS2_PLACEMENT_3D('',#5719,#5720,#5721);
#5719 = CARTESIAN_POINT('',(-2.75,1.3,0.));
#5720 = DIRECTION('',(0.,0.,1.));
#5721 = DIRECTION('',(-4.669739647545E-16,-1.,0.));
#5722 = CYLINDRICAL_SURFACE('',#5723,0.15);
#5723 = AXIS2_PLACEMENT_3D('',#5724,#5725,#5726);
#5724 = CARTESIAN_POINT('',(-2.75,1.3,0.));
#5725 = DIRECTION('',(0.,0.,-1.));
#5726 = DIRECTION('',(-4.669739647545E-16,-1.,-0.));
#5727 = ADVANCED_FACE('',(#5728),#5755,.F.);
#5728 = FACE_BOUND('',#5729,.F.);
#5729 = EDGE_LOOP('',(#5730,#5738,#5739,#5740,#5741,#5749));
#5730 = ORIENTED_EDGE('',*,*,#5731,.F.);
#5731 = EDGE_CURVE('',#5682,#5732,#5734,.T.);
#5732 = VERTEX_POINT('',#5733);
#5733 = CARTESIAN_POINT('',(-1.15,3.,0.));
#5734 = LINE('',#5735,#5736);
#5735 = CARTESIAN_POINT('',(-1.15,2.75,0.));
#5736 = VECTOR('',#5737,1.);
#5737 = DIRECTION('',(3.445092848398E-16,1.,0.));
#5738 = ORIENTED_EDGE('',*,*,#5681,.T.);
#5739 = ORIENTED_EDGE('',*,*,#4924,.F.);
#5740 = ORIENTED_EDGE('',*,*,#5086,.F.);
#5741 = ORIENTED_EDGE('',*,*,#5742,.T.);
#5742 = EDGE_CURVE('',#5079,#5743,#5745,.T.);
#5743 = VERTEX_POINT('',#5744);
#5744 = CARTESIAN_POINT('',(-1.15,3.,0.2));
#5745 = LINE('',#5746,#5747);
#5746 = CARTESIAN_POINT('',(-1.15,2.75,0.2));
#5747 = VECTOR('',#5748,1.);
#5748 = DIRECTION('',(3.445092848398E-16,1.,0.));
#5749 = ORIENTED_EDGE('',*,*,#5750,.F.);
#5750 = EDGE_CURVE('',#5732,#5743,#5751,.T.);
#5751 = LINE('',#5752,#5753);
#5752 = CARTESIAN_POINT('',(-1.15,3.,0.));
#5753 = VECTOR('',#5754,1.);
#5754 = DIRECTION('',(0.,0.,1.));
#5755 = PLANE('',#5756);
#5756 = AXIS2_PLACEMENT_3D('',#5757,#5758,#5759);
#5757 = CARTESIAN_POINT('',(-1.15,2.75,0.));
#5758 = DIRECTION('',(-1.,3.445092848398E-16,0.));
#5759 = DIRECTION('',(3.445092848398E-16,1.,0.));
#5760 = ADVANCED_FACE('',(#5761),#5788,.F.);
#5761 = FACE_BOUND('',#5762,.F.);
#5762 = EDGE_LOOP('',(#5763,#5771,#5779,#5785,#5786,#5787));
#5763 = ORIENTED_EDGE('',*,*,#5764,.F.);
#5764 = EDGE_CURVE('',#5765,#5709,#5767,.T.);
#5765 = VERTEX_POINT('',#5766);
#5766 = CARTESIAN_POINT('',(-3.,1.15,0.));
#5767 = LINE('',#5768,#5769);
#5768 = CARTESIAN_POINT('',(-3.,1.15,0.));
#5769 = VECTOR('',#5770,1.);
#5770 = DIRECTION('',(1.,-4.669739647545E-16,0.));
#5771 = ORIENTED_EDGE('',*,*,#5772,.T.);
#5772 = EDGE_CURVE('',#5765,#5773,#5775,.T.);
#5773 = VERTEX_POINT('',#5774);
#5774 = CARTESIAN_POINT('',(-3.,1.15,0.2));
#5775 = LINE('',#5776,#5777);
#5776 = CARTESIAN_POINT('',(-3.,1.15,0.));
#5777 = VECTOR('',#5778,1.);
#5778 = DIRECTION('',(0.,0.,1.));
#5779 = ORIENTED_EDGE('',*,*,#5780,.T.);
#5780 = EDGE_CURVE('',#5773,#5353,#5781,.T.);
#5781 = LINE('',#5782,#5783);
#5782 = CARTESIAN_POINT('',(-3.,1.15,0.2));
#5783 = VECTOR('',#5784,1.);
#5784 = DIRECTION('',(1.,-4.669739647545E-16,0.));
#5785 = ORIENTED_EDGE('',*,*,#5352,.F.);
#5786 = ORIENTED_EDGE('',*,*,#4116,.F.);
#5787 = ORIENTED_EDGE('',*,*,#5708,.F.);
#5788 = PLANE('',#5789);
#5789 = AXIS2_PLACEMENT_3D('',#5790,#5791,#5792);
#5790 = CARTESIAN_POINT('',(-3.,1.15,0.));
#5791 = DIRECTION('',(4.669739647545E-16,1.,0.));
#5792 = DIRECTION('',(1.,-4.669739647545E-16,0.));
#5793 = ADVANCED_FACE('',(#5794),#5828,.F.);
#5794 = FACE_BOUND('',#5795,.F.);
#5795 = EDGE_LOOP('',(#5796,#5806,#5812,#5813,#5814,#5822));
#5796 = ORIENTED_EDGE('',*,*,#5797,.F.);
#5797 = EDGE_CURVE('',#5798,#5800,#5802,.T.);
#5798 = VERTEX_POINT('',#5799);
#5799 = CARTESIAN_POINT('',(-2.75,0.8,0.));
#5800 = VERTEX_POINT('',#5801);
#5801 = CARTESIAN_POINT('',(-3.,0.8,0.));
#5802 = LINE('',#5803,#5804);
#5803 = CARTESIAN_POINT('',(-2.75,0.8,0.));
#5804 = VECTOR('',#5805,1.);
#5805 = DIRECTION('',(-1.,3.55951662292E-16,0.));
#5806 = ORIENTED_EDGE('',*,*,#5807,.T.);
#5807 = EDGE_CURVE('',#5798,#4133,#5808,.T.);
#5808 = LINE('',#5809,#5810);
#5809 = CARTESIAN_POINT('',(-2.75,0.8,0.));
#5810 = VECTOR('',#5811,1.);
#5811 = DIRECTION('',(0.,0.,1.));
#5812 = ORIENTED_EDGE('',*,*,#4132,.F.);
#5813 = ORIENTED_EDGE('',*,*,#5345,.F.);
#5814 = ORIENTED_EDGE('',*,*,#5815,.T.);
#5815 = EDGE_CURVE('',#5338,#5816,#5818,.T.);
#5816 = VERTEX_POINT('',#5817);
#5817 = CARTESIAN_POINT('',(-3.,0.8,0.2));
#5818 = LINE('',#5819,#5820);
#5819 = CARTESIAN_POINT('',(-2.75,0.8,0.2));
#5820 = VECTOR('',#5821,1.);
#5821 = DIRECTION('',(-1.,3.55951662292E-16,0.));
#5822 = ORIENTED_EDGE('',*,*,#5823,.F.);
#5823 = EDGE_CURVE('',#5800,#5816,#5824,.T.);
#5824 = LINE('',#5825,#5826);
#5825 = CARTESIAN_POINT('',(-3.,0.8,0.));
#5826 = VECTOR('',#5827,1.);
#5827 = DIRECTION('',(0.,0.,1.));
#5828 = PLANE('',#5829);
#5829 = AXIS2_PLACEMENT_3D('',#5830,#5831,#5832);
#5830 = CARTESIAN_POINT('',(-2.75,0.8,0.));
#5831 = DIRECTION('',(-3.55951662292E-16,-1.,0.));
#5832 = DIRECTION('',(-1.,3.55951662292E-16,0.));
#5833 = ADVANCED_FACE('',(#5834),#5853,.T.);
#5834 = FACE_BOUND('',#5835,.T.);
#5835 = EDGE_LOOP('',(#5836,#5837,#5838,#5846));
#5836 = ORIENTED_EDGE('',*,*,#5807,.T.);
#5837 = ORIENTED_EDGE('',*,*,#4140,.T.);
#5838 = ORIENTED_EDGE('',*,*,#5839,.F.);
#5839 = EDGE_CURVE('',#5840,#4141,#5842,.T.);
#5840 = VERTEX_POINT('',#5841);
#5841 = CARTESIAN_POINT('',(-2.75,0.5,0.));
#5842 = LINE('',#5843,#5844);
#5843 = CARTESIAN_POINT('',(-2.75,0.5,0.));
#5844 = VECTOR('',#5845,1.);
#5845 = DIRECTION('',(0.,0.,1.));
#5846 = ORIENTED_EDGE('',*,*,#5847,.T.);
#5847 = EDGE_CURVE('',#5840,#5798,#5848,.T.);
#5848 = CIRCLE('',#5849,0.15);
#5849 = AXIS2_PLACEMENT_3D('',#5850,#5851,#5852);
#5850 = CARTESIAN_POINT('',(-2.75,0.65,0.));
#5851 = DIRECTION('',(0.,0.,1.));
#5852 = DIRECTION('',(-4.669739647545E-16,-1.,0.));
#5853 = CYLINDRICAL_SURFACE('',#5854,0.15);
#5854 = AXIS2_PLACEMENT_3D('',#5855,#5856,#5857);
#5855 = CARTESIAN_POINT('',(-2.75,0.65,0.));
#5856 = DIRECTION('',(0.,0.,-1.));
#5857 = DIRECTION('',(-4.669739647545E-16,-1.,-0.));
#5858 = ADVANCED_FACE('',(#5859),#5886,.F.);
#5859 = FACE_BOUND('',#5860,.F.);
#5860 = EDGE_LOOP('',(#5861,#5869,#5877,#5883,#5884,#5885));
#5861 = ORIENTED_EDGE('',*,*,#5862,.F.);
#5862 = EDGE_CURVE('',#5863,#5840,#5865,.T.);
#5863 = VERTEX_POINT('',#5864);
#5864 = CARTESIAN_POINT('',(-3.,0.5,0.));
#5865 = LINE('',#5866,#5867);
#5866 = CARTESIAN_POINT('',(-3.,0.5,0.));
#5867 = VECTOR('',#5868,1.);
#5868 = DIRECTION('',(1.,-4.669739647545E-16,0.));
#5869 = ORIENTED_EDGE('',*,*,#5870,.T.);
#5870 = EDGE_CURVE('',#5863,#5871,#5873,.T.);
#5871 = VERTEX_POINT('',#5872);
#5872 = CARTESIAN_POINT('',(-3.,0.5,0.2));
#5873 = LINE('',#5874,#5875);
#5874 = CARTESIAN_POINT('',(-3.,0.5,0.));
#5875 = VECTOR('',#5876,1.);
#5876 = DIRECTION('',(0.,0.,1.));
#5877 = ORIENTED_EDGE('',*,*,#5878,.T.);
#5878 = EDGE_CURVE('',#5871,#5330,#5879,.T.);
#5879 = LINE('',#5880,#5881);
#5880 = CARTESIAN_POINT('',(-3.,0.5,0.2));
#5881 = VECTOR('',#5882,1.);
#5882 = DIRECTION('',(1.,-4.669739647545E-16,0.));
#5883 = ORIENTED_EDGE('',*,*,#5329,.F.);
#5884 = ORIENTED_EDGE('',*,*,#4149,.F.);
#5885 = ORIENTED_EDGE('',*,*,#5839,.F.);
#5886 = PLANE('',#5887);
#5887 = AXIS2_PLACEMENT_3D('',#5888,#5889,#5890);
#5888 = CARTESIAN_POINT('',(-3.,0.5,0.));
#5889 = DIRECTION('',(4.669739647545E-16,1.,0.));
#5890 = DIRECTION('',(1.,-4.669739647545E-16,0.));
#5891 = ADVANCED_FACE('',(#5892),#5926,.F.);
#5892 = FACE_BOUND('',#5893,.F.);
#5893 = EDGE_LOOP('',(#5894,#5904,#5912,#5918,#5919,#5920));
#5894 = ORIENTED_EDGE('',*,*,#5895,.F.);
#5895 = EDGE_CURVE('',#5896,#5898,#5900,.T.);
#5896 = VERTEX_POINT('',#5897);
#5897 = CARTESIAN_POINT('',(-0.15,3.,0.));
#5898 = VERTEX_POINT('',#5899);
#5899 = CARTESIAN_POINT('',(-0.15,2.75,0.));
#5900 = LINE('',#5901,#5902);
#5901 = CARTESIAN_POINT('',(-0.15,3.,0.));
#5902 = VECTOR('',#5903,1.);
#5903 = DIRECTION('',(-4.555315873023E-16,-1.,0.));
#5904 = ORIENTED_EDGE('',*,*,#5905,.T.);
#5905 = EDGE_CURVE('',#5896,#5906,#5908,.T.);
#5906 = VERTEX_POINT('',#5907);
#5907 = CARTESIAN_POINT('',(-0.15,3.,0.2));
#5908 = LINE('',#5909,#5910);
#5909 = CARTESIAN_POINT('',(-0.15,3.,0.));
#5910 = VECTOR('',#5911,1.);
#5911 = DIRECTION('',(0.,0.,1.));
#5912 = ORIENTED_EDGE('',*,*,#5913,.T.);
#5913 = EDGE_CURVE('',#5906,#5103,#5914,.T.);
#5914 = LINE('',#5915,#5916);
#5915 = CARTESIAN_POINT('',(-0.15,3.,0.2));
#5916 = VECTOR('',#5917,1.);
#5917 = DIRECTION('',(-4.555315873023E-16,-1.,0.));
#5918 = ORIENTED_EDGE('',*,*,#5102,.F.);
#5919 = ORIENTED_EDGE('',*,*,#4899,.F.);
#5920 = ORIENTED_EDGE('',*,*,#5921,.F.);
#5921 = EDGE_CURVE('',#5898,#4891,#5922,.T.);
#5922 = LINE('',#5923,#5924);
#5923 = CARTESIAN_POINT('',(-0.15,2.75,0.));
#5924 = VECTOR('',#5925,1.);
#5925 = DIRECTION('',(0.,0.,1.));
#5926 = PLANE('',#5927);
#5927 = AXIS2_PLACEMENT_3D('',#5928,#5929,#5930);
#5928 = CARTESIAN_POINT('',(-0.15,3.,0.));
#5929 = DIRECTION('',(1.,-4.555315873023E-16,0.));
#5930 = DIRECTION('',(-4.555315873023E-16,-1.,0.));
#5931 = ADVANCED_FACE('',(#5932),#5966,.F.);
#5932 = FACE_BOUND('',#5933,.F.);
#5933 = EDGE_LOOP('',(#5934,#5944,#5950,#5951,#5952,#5960));
#5934 = ORIENTED_EDGE('',*,*,#5935,.F.);
#5935 = EDGE_CURVE('',#5936,#5938,#5940,.T.);
#5936 = VERTEX_POINT('',#5937);
#5937 = CARTESIAN_POINT('',(-2.75,0.15,0.));
#5938 = VERTEX_POINT('',#5939);
#5939 = CARTESIAN_POINT('',(-3.,0.15,0.));
#5940 = LINE('',#5941,#5942);
#5941 = CARTESIAN_POINT('',(-2.75,0.15,0.));
#5942 = VECTOR('',#5943,1.);
#5943 = DIRECTION('',(-1.,3.55951662292E-16,0.));
#5944 = ORIENTED_EDGE('',*,*,#5945,.T.);
#5945 = EDGE_CURVE('',#5936,#4166,#5946,.T.);
#5946 = LINE('',#5947,#5948);
#5947 = CARTESIAN_POINT('',(-2.75,0.15,0.));
#5948 = VECTOR('',#5949,1.);
#5949 = DIRECTION('',(0.,0.,1.));
#5950 = ORIENTED_EDGE('',*,*,#4165,.F.);
#5951 = ORIENTED_EDGE('',*,*,#5322,.F.);
#5952 = ORIENTED_EDGE('',*,*,#5953,.T.);
#5953 = EDGE_CURVE('',#5315,#5954,#5956,.T.);
#5954 = VERTEX_POINT('',#5955);
#5955 = CARTESIAN_POINT('',(-3.,0.15,0.2));
#5956 = LINE('',#5957,#5958);
#5957 = CARTESIAN_POINT('',(-2.75,0.15,0.2));
#5958 = VECTOR('',#5959,1.);
#5959 = DIRECTION('',(-1.,3.55951662292E-16,0.));
#5960 = ORIENTED_EDGE('',*,*,#5961,.F.);
#5961 = EDGE_CURVE('',#5938,#5954,#5962,.T.);
#5962 = LINE('',#5963,#5964);
#5963 = CARTESIAN_POINT('',(-3.,0.15,0.));
#5964 = VECTOR('',#5965,1.);
#5965 = DIRECTION('',(0.,0.,1.));
#5966 = PLANE('',#5967);
#5967 = AXIS2_PLACEMENT_3D('',#5968,#5969,#5970);
#5968 = CARTESIAN_POINT('',(-2.75,0.15,0.));
#5969 = DIRECTION('',(-3.55951662292E-16,-1.,0.));
#5970 = DIRECTION('',(-1.,3.55951662292E-16,0.));
#5971 = ADVANCED_FACE('',(#5972),#5991,.T.);
#5972 = FACE_BOUND('',#5973,.T.);
#5973 = EDGE_LOOP('',(#5974,#5982,#5983,#5984));
#5974 = ORIENTED_EDGE('',*,*,#5975,.T.);
#5975 = EDGE_CURVE('',#5976,#4883,#5978,.T.);
#5976 = VERTEX_POINT('',#5977);
#5977 = CARTESIAN_POINT('',(0.15,2.75,0.));
#5978 = LINE('',#5979,#5980);
#5979 = CARTESIAN_POINT('',(0.15,2.75,0.));
#5980 = VECTOR('',#5981,1.);
#5981 = DIRECTION('',(0.,0.,1.));
#5982 = ORIENTED_EDGE('',*,*,#4890,.T.);
#5983 = ORIENTED_EDGE('',*,*,#5921,.F.);
#5984 = ORIENTED_EDGE('',*,*,#5985,.T.);
#5985 = EDGE_CURVE('',#5898,#5976,#5986,.T.);
#5986 = CIRCLE('',#5987,0.15);
#5987 = AXIS2_PLACEMENT_3D('',#5988,#5989,#5990);
#5988 = CARTESIAN_POINT('',(9.436895709314E-16,2.75,0.));
#5989 = DIRECTION('',(0.,0.,1.));
#5990 = DIRECTION('',(-1.,4.555315873023E-16,0.));
#5991 = CYLINDRICAL_SURFACE('',#5992,0.15);
#5992 = AXIS2_PLACEMENT_3D('',#5993,#5994,#5995);
#5993 = CARTESIAN_POINT('',(9.436895709314E-16,2.75,0.));
#5994 = DIRECTION('',(0.,0.,-1.));
#5995 = DIRECTION('',(-1.,4.555315873023E-16,0.));
#5996 = ADVANCED_FACE('',(#5997),#6016,.T.);
#5997 = FACE_BOUND('',#5998,.T.);
#5998 = EDGE_LOOP('',(#5999,#6000,#6001,#6009));
#5999 = ORIENTED_EDGE('',*,*,#5945,.T.);
#6000 = ORIENTED_EDGE('',*,*,#4173,.T.);
#6001 = ORIENTED_EDGE('',*,*,#6002,.F.);
#6002 = EDGE_CURVE('',#6003,#4174,#6005,.T.);
#6003 = VERTEX_POINT('',#6004);
#6004 = CARTESIAN_POINT('',(-2.75,-0.15,0.));
#6005 = LINE('',#6006,#6007);
#6006 = CARTESIAN_POINT('',(-2.75,-0.15,0.));
#6007 = VECTOR('',#6008,1.);
#6008 = DIRECTION('',(0.,0.,1.));
#6009 = ORIENTED_EDGE('',*,*,#6010,.T.);
#6010 = EDGE_CURVE('',#6003,#5936,#6011,.T.);
#6011 = CIRCLE('',#6012,0.15);
#6012 = AXIS2_PLACEMENT_3D('',#6013,#6014,#6015);
#6013 = CARTESIAN_POINT('',(-2.75,9.71445146547E-16,0.));
#6014 = DIRECTION('',(0.,0.,1.));
#6015 = DIRECTION('',(-4.669739647545E-16,-1.,0.));
#6016 = CYLINDRICAL_SURFACE('',#6017,0.15);
#6017 = AXIS2_PLACEMENT_3D('',#6018,#6019,#6020);
#6018 = CARTESIAN_POINT('',(-2.75,9.71445146547E-16,0.));
#6019 = DIRECTION('',(0.,0.,-1.));
#6020 = DIRECTION('',(-4.669739647545E-16,-1.,-0.));
#6021 = ADVANCED_FACE('',(#6022),#6049,.F.);
#6022 = FACE_BOUND('',#6023,.F.);
#6023 = EDGE_LOOP('',(#6024,#6032,#6033,#6034,#6035,#6043));
#6024 = ORIENTED_EDGE('',*,*,#6025,.F.);
#6025 = EDGE_CURVE('',#5976,#6026,#6028,.T.);
#6026 = VERTEX_POINT('',#6027);
#6027 = CARTESIAN_POINT('',(0.15,3.,0.));
#6028 = LINE('',#6029,#6030);
#6029 = CARTESIAN_POINT('',(0.15,2.75,0.));
#6030 = VECTOR('',#6031,1.);
#6031 = DIRECTION('',(3.445092848398E-16,1.,0.));
#6032 = ORIENTED_EDGE('',*,*,#5975,.T.);
#6033 = ORIENTED_EDGE('',*,*,#4882,.F.);
#6034 = ORIENTED_EDGE('',*,*,#5118,.F.);
#6035 = ORIENTED_EDGE('',*,*,#6036,.T.);
#6036 = EDGE_CURVE('',#5111,#6037,#6039,.T.);
#6037 = VERTEX_POINT('',#6038);
#6038 = CARTESIAN_POINT('',(0.15,3.,0.2));
#6039 = LINE('',#6040,#6041);
#6040 = CARTESIAN_POINT('',(0.15,2.75,0.2));
#6041 = VECTOR('',#6042,1.);
#6042 = DIRECTION('',(3.445092848398E-16,1.,0.));
#6043 = ORIENTED_EDGE('',*,*,#6044,.F.);
#6044 = EDGE_CURVE('',#6026,#6037,#6045,.T.);
#6045 = LINE('',#6046,#6047);
#6046 = CARTESIAN_POINT('',(0.15,3.,0.));
#6047 = VECTOR('',#6048,1.);
#6048 = DIRECTION('',(0.,0.,1.));
#6049 = PLANE('',#6050);
#6050 = AXIS2_PLACEMENT_3D('',#6051,#6052,#6053);
#6051 = CARTESIAN_POINT('',(0.15,2.75,0.));
#6052 = DIRECTION('',(-1.,3.445092848398E-16,0.));
#6053 = DIRECTION('',(3.445092848398E-16,1.,0.));
#6054 = ADVANCED_FACE('',(#6055),#6082,.F.);
#6055 = FACE_BOUND('',#6056,.F.);
#6056 = EDGE_LOOP('',(#6057,#6065,#6073,#6079,#6080,#6081));
#6057 = ORIENTED_EDGE('',*,*,#6058,.F.);
#6058 = EDGE_CURVE('',#6059,#6003,#6061,.T.);
#6059 = VERTEX_POINT('',#6060);
#6060 = CARTESIAN_POINT('',(-3.,-0.15,0.));
#6061 = LINE('',#6062,#6063);
#6062 = CARTESIAN_POINT('',(-3.,-0.15,0.));
#6063 = VECTOR('',#6064,1.);
#6064 = DIRECTION('',(1.,-4.669739647545E-16,0.));
#6065 = ORIENTED_EDGE('',*,*,#6066,.T.);
#6066 = EDGE_CURVE('',#6059,#6067,#6069,.T.);
#6067 = VERTEX_POINT('',#6068);
#6068 = CARTESIAN_POINT('',(-3.,-0.15,0.2));
#6069 = LINE('',#6070,#6071);
#6070 = CARTESIAN_POINT('',(-3.,-0.15,0.));
#6071 = VECTOR('',#6072,1.);
#6072 = DIRECTION('',(0.,0.,1.));
#6073 = ORIENTED_EDGE('',*,*,#6074,.T.);
#6074 = EDGE_CURVE('',#6067,#5307,#6075,.T.);
#6075 = LINE('',#6076,#6077);
#6076 = CARTESIAN_POINT('',(-3.,-0.15,0.2));
#6077 = VECTOR('',#6078,1.);
#6078 = DIRECTION('',(1.,-4.669739647545E-16,0.));
#6079 = ORIENTED_EDGE('',*,*,#5306,.F.);
#6080 = ORIENTED_EDGE('',*,*,#4182,.F.);
#6081 = ORIENTED_EDGE('',*,*,#6002,.F.);
#6082 = PLANE('',#6083);
#6083 = AXIS2_PLACEMENT_3D('',#6084,#6085,#6086);
#6084 = CARTESIAN_POINT('',(-3.,-0.15,0.));
#6085 = DIRECTION('',(4.669739647545E-16,1.,0.));
#6086 = DIRECTION('',(1.,-4.669739647545E-16,0.));
#6087 = ADVANCED_FACE('',(#6088),#6122,.F.);
#6088 = FACE_BOUND('',#6089,.F.);
#6089 = EDGE_LOOP('',(#6090,#6100,#6108,#6114,#6115,#6116));
#6090 = ORIENTED_EDGE('',*,*,#6091,.F.);
#6091 = EDGE_CURVE('',#6092,#6094,#6096,.T.);
#6092 = VERTEX_POINT('',#6093);
#6093 = CARTESIAN_POINT('',(0.5,3.,0.));
#6094 = VERTEX_POINT('',#6095);
#6095 = CARTESIAN_POINT('',(0.5,2.75,0.));
#6096 = LINE('',#6097,#6098);
#6097 = CARTESIAN_POINT('',(0.5,3.,0.));
#6098 = VECTOR('',#6099,1.);
#6099 = DIRECTION('',(-4.555315873023E-16,-1.,0.));
#6100 = ORIENTED_EDGE('',*,*,#6101,.T.);
#6101 = EDGE_CURVE('',#6092,#6102,#6104,.T.);
#6102 = VERTEX_POINT('',#6103);
#6103 = CARTESIAN_POINT('',(0.5,3.,0.2));
#6104 = LINE('',#6105,#6106);
#6105 = CARTESIAN_POINT('',(0.5,3.,0.));
#6106 = VECTOR('',#6107,1.);
#6107 = DIRECTION('',(0.,0.,1.));
#6108 = ORIENTED_EDGE('',*,*,#6109,.T.);
#6109 = EDGE_CURVE('',#6102,#5126,#6110,.T.);
#6110 = LINE('',#6111,#6112);
#6111 = CARTESIAN_POINT('',(0.5,3.,0.2));
#6112 = VECTOR('',#6113,1.);
#6113 = DIRECTION('',(-4.555315873023E-16,-1.,0.));
#6114 = ORIENTED_EDGE('',*,*,#5125,.F.);
#6115 = ORIENTED_EDGE('',*,*,#4866,.F.);
#6116 = ORIENTED_EDGE('',*,*,#6117,.F.);
#6117 = EDGE_CURVE('',#6094,#4858,#6118,.T.);
#6118 = LINE('',#6119,#6120);
#6119 = CARTESIAN_POINT('',(0.5,2.75,0.));
#6120 = VECTOR('',#6121,1.);
#6121 = DIRECTION('',(0.,0.,1.));
#6122 = PLANE('',#6123);
#6123 = AXIS2_PLACEMENT_3D('',#6124,#6125,#6126);
#6124 = CARTESIAN_POINT('',(0.5,3.,0.));
#6125 = DIRECTION('',(1.,-4.555315873023E-16,0.));
#6126 = DIRECTION('',(-4.555315873023E-16,-1.,0.));
#6127 = ADVANCED_FACE('',(#6128),#6162,.F.);
#6128 = FACE_BOUND('',#6129,.F.);
#6129 = EDGE_LOOP('',(#6130,#6140,#6146,#6147,#6148,#6156));
#6130 = ORIENTED_EDGE('',*,*,#6131,.F.);
#6131 = EDGE_CURVE('',#6132,#6134,#6136,.T.);
#6132 = VERTEX_POINT('',#6133);
#6133 = CARTESIAN_POINT('',(-2.75,-0.5,0.));
#6134 = VERTEX_POINT('',#6135);
#6135 = CARTESIAN_POINT('',(-3.,-0.5,0.));
#6136 = LINE('',#6137,#6138);
#6137 = CARTESIAN_POINT('',(-2.75,-0.5,0.));
#6138 = VECTOR('',#6139,1.);
#6139 = DIRECTION('',(-1.,3.55951662292E-16,0.));
#6140 = ORIENTED_EDGE('',*,*,#6141,.T.);
#6141 = EDGE_CURVE('',#6132,#4199,#6142,.T.);
#6142 = LINE('',#6143,#6144);
#6143 = CARTESIAN_POINT('',(-2.75,-0.5,0.));
#6144 = VECTOR('',#6145,1.);
#6145 = DIRECTION('',(0.,0.,1.));
#6146 = ORIENTED_EDGE('',*,*,#4198,.F.);
#6147 = ORIENTED_EDGE('',*,*,#5299,.F.);
#6148 = ORIENTED_EDGE('',*,*,#6149,.T.);
#6149 = EDGE_CURVE('',#5292,#6150,#6152,.T.);
#6150 = VERTEX_POINT('',#6151);
#6151 = CARTESIAN_POINT('',(-3.,-0.5,0.2));
#6152 = LINE('',#6153,#6154);
#6153 = CARTESIAN_POINT('',(-2.75,-0.5,0.2));
#6154 = VECTOR('',#6155,1.);
#6155 = DIRECTION('',(-1.,3.55951662292E-16,0.));
#6156 = ORIENTED_EDGE('',*,*,#6157,.F.);
#6157 = EDGE_CURVE('',#6134,#6150,#6158,.T.);
#6158 = LINE('',#6159,#6160);
#6159 = CARTESIAN_POINT('',(-3.,-0.5,0.));
#6160 = VECTOR('',#6161,1.);
#6161 = DIRECTION('',(0.,0.,1.));
#6162 = PLANE('',#6163);
#6163 = AXIS2_PLACEMENT_3D('',#6164,#6165,#6166);
#6164 = CARTESIAN_POINT('',(-2.75,-0.5,0.));
#6165 = DIRECTION('',(-3.55951662292E-16,-1.,0.));
#6166 = DIRECTION('',(-1.,3.55951662292E-16,0.));
#6167 = ADVANCED_FACE('',(#6168),#6187,.T.);
#6168 = FACE_BOUND('',#6169,.T.);
#6169 = EDGE_LOOP('',(#6170,#6178,#6179,#6180));
#6170 = ORIENTED_EDGE('',*,*,#6171,.T.);
#6171 = EDGE_CURVE('',#6172,#4850,#6174,.T.);
#6172 = VERTEX_POINT('',#6173);
#6173 = CARTESIAN_POINT('',(0.8,2.75,0.));
#6174 = LINE('',#6175,#6176);
#6175 = CARTESIAN_POINT('',(0.8,2.75,0.));
#6176 = VECTOR('',#6177,1.);
#6177 = DIRECTION('',(0.,0.,1.));
#6178 = ORIENTED_EDGE('',*,*,#4857,.T.);
#6179 = ORIENTED_EDGE('',*,*,#6117,.F.);
#6180 = ORIENTED_EDGE('',*,*,#6181,.T.);
#6181 = EDGE_CURVE('',#6094,#6172,#6182,.T.);
#6182 = CIRCLE('',#6183,0.15);
#6183 = AXIS2_PLACEMENT_3D('',#6184,#6185,#6186);
#6184 = CARTESIAN_POINT('',(0.65,2.75,0.));
#6185 = DIRECTION('',(0.,0.,1.));
#6186 = DIRECTION('',(-1.,4.555315873023E-16,0.));
#6187 = CYLINDRICAL_SURFACE('',#6188,0.15);
#6188 = AXIS2_PLACEMENT_3D('',#6189,#6190,#6191);
#6189 = CARTESIAN_POINT('',(0.65,2.75,0.));
#6190 = DIRECTION('',(0.,0.,-1.));
#6191 = DIRECTION('',(-1.,4.555315873023E-16,0.));
#6192 = ADVANCED_FACE('',(#6193),#6212,.T.);
#6193 = FACE_BOUND('',#6194,.T.);
#6194 = EDGE_LOOP('',(#6195,#6196,#6197,#6205));
#6195 = ORIENTED_EDGE('',*,*,#6141,.T.);
#6196 = ORIENTED_EDGE('',*,*,#4206,.T.);
#6197 = ORIENTED_EDGE('',*,*,#6198,.F.);
#6198 = EDGE_CURVE('',#6199,#4207,#6201,.T.);
#6199 = VERTEX_POINT('',#6200);
#6200 = CARTESIAN_POINT('',(-2.75,-0.8,0.));
#6201 = LINE('',#6202,#6203);
#6202 = CARTESIAN_POINT('',(-2.75,-0.8,0.));
#6203 = VECTOR('',#6204,1.);
#6204 = DIRECTION('',(0.,0.,1.));
#6205 = ORIENTED_EDGE('',*,*,#6206,.T.);
#6206 = EDGE_CURVE('',#6199,#6132,#6207,.T.);
#6207 = CIRCLE('',#6208,0.15);
#6208 = AXIS2_PLACEMENT_3D('',#6209,#6210,#6211);
#6209 = CARTESIAN_POINT('',(-2.75,-0.65,0.));
#6210 = DIRECTION('',(0.,0.,1.));
#6211 = DIRECTION('',(-4.669739647545E-16,-1.,0.));
#6212 = CYLINDRICAL_SURFACE('',#6213,0.15);
#6213 = AXIS2_PLACEMENT_3D('',#6214,#6215,#6216);
#6214 = CARTESIAN_POINT('',(-2.75,-0.65,0.));
#6215 = DIRECTION('',(0.,0.,-1.));
#6216 = DIRECTION('',(-4.669739647545E-16,-1.,-0.));
#6217 = ADVANCED_FACE('',(#6218),#6245,.F.);
#6218 = FACE_BOUND('',#6219,.F.);
#6219 = EDGE_LOOP('',(#6220,#6228,#6229,#6230,#6231,#6239));
#6220 = ORIENTED_EDGE('',*,*,#6221,.F.);
#6221 = EDGE_CURVE('',#6172,#6222,#6224,.T.);
#6222 = VERTEX_POINT('',#6223);
#6223 = CARTESIAN_POINT('',(0.8,3.,0.));
#6224 = LINE('',#6225,#6226);
#6225 = CARTESIAN_POINT('',(0.8,2.75,0.));
#6226 = VECTOR('',#6227,1.);
#6227 = DIRECTION('',(3.445092848398E-16,1.,0.));
#6228 = ORIENTED_EDGE('',*,*,#6171,.T.);
#6229 = ORIENTED_EDGE('',*,*,#4849,.F.);
#6230 = ORIENTED_EDGE('',*,*,#5141,.F.);
#6231 = ORIENTED_EDGE('',*,*,#6232,.T.);
#6232 = EDGE_CURVE('',#5134,#6233,#6235,.T.);
#6233 = VERTEX_POINT('',#6234);
#6234 = CARTESIAN_POINT('',(0.8,3.,0.2));
#6235 = LINE('',#6236,#6237);
#6236 = CARTESIAN_POINT('',(0.8,2.75,0.2));
#6237 = VECTOR('',#6238,1.);
#6238 = DIRECTION('',(3.445092848398E-16,1.,0.));
#6239 = ORIENTED_EDGE('',*,*,#6240,.F.);
#6240 = EDGE_CURVE('',#6222,#6233,#6241,.T.);
#6241 = LINE('',#6242,#6243);
#6242 = CARTESIAN_POINT('',(0.8,3.,0.));
#6243 = VECTOR('',#6244,1.);
#6244 = DIRECTION('',(0.,0.,1.));
#6245 = PLANE('',#6246);
#6246 = AXIS2_PLACEMENT_3D('',#6247,#6248,#6249);
#6247 = CARTESIAN_POINT('',(0.8,2.75,0.));
#6248 = DIRECTION('',(-1.,3.445092848398E-16,0.));
#6249 = DIRECTION('',(3.445092848398E-16,1.,0.));
#6250 = ADVANCED_FACE('',(#6251),#6278,.F.);
#6251 = FACE_BOUND('',#6252,.F.);
#6252 = EDGE_LOOP('',(#6253,#6261,#6269,#6275,#6276,#6277));
#6253 = ORIENTED_EDGE('',*,*,#6254,.F.);
#6254 = EDGE_CURVE('',#6255,#6199,#6257,.T.);
#6255 = VERTEX_POINT('',#6256);
#6256 = CARTESIAN_POINT('',(-3.,-0.8,0.));
#6257 = LINE('',#6258,#6259);
#6258 = CARTESIAN_POINT('',(-3.,-0.8,0.));
#6259 = VECTOR('',#6260,1.);
#6260 = DIRECTION('',(1.,-4.669739647545E-16,0.));
#6261 = ORIENTED_EDGE('',*,*,#6262,.T.);
#6262 = EDGE_CURVE('',#6255,#6263,#6265,.T.);
#6263 = VERTEX_POINT('',#6264);
#6264 = CARTESIAN_POINT('',(-3.,-0.8,0.2));
#6265 = LINE('',#6266,#6267);
#6266 = CARTESIAN_POINT('',(-3.,-0.8,0.));
#6267 = VECTOR('',#6268,1.);
#6268 = DIRECTION('',(0.,0.,1.));
#6269 = ORIENTED_EDGE('',*,*,#6270,.T.);
#6270 = EDGE_CURVE('',#6263,#5284,#6271,.T.);
#6271 = LINE('',#6272,#6273);
#6272 = CARTESIAN_POINT('',(-3.,-0.8,0.2));
#6273 = VECTOR('',#6274,1.);
#6274 = DIRECTION('',(1.,-4.669739647545E-16,0.));
#6275 = ORIENTED_EDGE('',*,*,#5283,.F.);
#6276 = ORIENTED_EDGE('',*,*,#4215,.F.);
#6277 = ORIENTED_EDGE('',*,*,#6198,.F.);
#6278 = PLANE('',#6279);
#6279 = AXIS2_PLACEMENT_3D('',#6280,#6281,#6282);
#6280 = CARTESIAN_POINT('',(-3.,-0.8,0.));
#6281 = DIRECTION('',(4.669739647545E-16,1.,0.));
#6282 = DIRECTION('',(1.,-4.669739647545E-16,0.));
#6283 = ADVANCED_FACE('',(#6284),#6318,.F.);
#6284 = FACE_BOUND('',#6285,.F.);
#6285 = EDGE_LOOP('',(#6286,#6296,#6304,#6310,#6311,#6312));
#6286 = ORIENTED_EDGE('',*,*,#6287,.F.);
#6287 = EDGE_CURVE('',#6288,#6290,#6292,.T.);
#6288 = VERTEX_POINT('',#6289);
#6289 = CARTESIAN_POINT('',(1.15,3.,0.));
#6290 = VERTEX_POINT('',#6291);
#6291 = CARTESIAN_POINT('',(1.15,2.75,0.));
#6292 = LINE('',#6293,#6294);
#6293 = CARTESIAN_POINT('',(1.15,3.,0.));
#6294 = VECTOR('',#6295,1.);
#6295 = DIRECTION('',(-4.555315873023E-16,-1.,0.));
#6296 = ORIENTED_EDGE('',*,*,#6297,.T.);
#6297 = EDGE_CURVE('',#6288,#6298,#6300,.T.);
#6298 = VERTEX_POINT('',#6299);
#6299 = CARTESIAN_POINT('',(1.15,3.,0.2));
#6300 = LINE('',#6301,#6302);
#6301 = CARTESIAN_POINT('',(1.15,3.,0.));
#6302 = VECTOR('',#6303,1.);
#6303 = DIRECTION('',(0.,0.,1.));
#6304 = ORIENTED_EDGE('',*,*,#6305,.T.);
#6305 = EDGE_CURVE('',#6298,#5149,#6306,.T.);
#6306 = LINE('',#6307,#6308);
#6307 = CARTESIAN_POINT('',(1.15,3.,0.2));
#6308 = VECTOR('',#6309,1.);
#6309 = DIRECTION('',(-4.555315873023E-16,-1.,0.));
#6310 = ORIENTED_EDGE('',*,*,#5148,.F.);
#6311 = ORIENTED_EDGE('',*,*,#4833,.F.);
#6312 = ORIENTED_EDGE('',*,*,#6313,.F.);
#6313 = EDGE_CURVE('',#6290,#4825,#6314,.T.);
#6314 = LINE('',#6315,#6316);
#6315 = CARTESIAN_POINT('',(1.15,2.75,0.));
#6316 = VECTOR('',#6317,1.);
#6317 = DIRECTION('',(0.,0.,1.));
#6318 = PLANE('',#6319);
#6319 = AXIS2_PLACEMENT_3D('',#6320,#6321,#6322);
#6320 = CARTESIAN_POINT('',(1.15,3.,0.));
#6321 = DIRECTION('',(1.,-4.555315873023E-16,0.));
#6322 = DIRECTION('',(-4.555315873023E-16,-1.,0.));
#6323 = ADVANCED_FACE('',(#6324),#6358,.F.);
#6324 = FACE_BOUND('',#6325,.F.);
#6325 = EDGE_LOOP('',(#6326,#6336,#6342,#6343,#6344,#6352));
#6326 = ORIENTED_EDGE('',*,*,#6327,.F.);
#6327 = EDGE_CURVE('',#6328,#6330,#6332,.T.);
#6328 = VERTEX_POINT('',#6329);
#6329 = CARTESIAN_POINT('',(-2.75,-1.15,0.));
#6330 = VERTEX_POINT('',#6331);
#6331 = CARTESIAN_POINT('',(-3.,-1.15,0.));
#6332 = LINE('',#6333,#6334);
#6333 = CARTESIAN_POINT('',(-2.75,-1.15,0.));
#6334 = VECTOR('',#6335,1.);
#6335 = DIRECTION('',(-1.,3.55951662292E-16,0.));
#6336 = ORIENTED_EDGE('',*,*,#6337,.T.);
#6337 = EDGE_CURVE('',#6328,#4232,#6338,.T.);
#6338 = LINE('',#6339,#6340);
#6339 = CARTESIAN_POINT('',(-2.75,-1.15,0.));
#6340 = VECTOR('',#6341,1.);
#6341 = DIRECTION('',(0.,0.,1.));
#6342 = ORIENTED_EDGE('',*,*,#4231,.F.);
#6343 = ORIENTED_EDGE('',*,*,#5276,.F.);
#6344 = ORIENTED_EDGE('',*,*,#6345,.T.);
#6345 = EDGE_CURVE('',#5269,#6346,#6348,.T.);
#6346 = VERTEX_POINT('',#6347);
#6347 = CARTESIAN_POINT('',(-3.,-1.15,0.2));
#6348 = LINE('',#6349,#6350);
#6349 = CARTESIAN_POINT('',(-2.75,-1.15,0.2));
#6350 = VECTOR('',#6351,1.);
#6351 = DIRECTION('',(-1.,3.55951662292E-16,0.));
#6352 = ORIENTED_EDGE('',*,*,#6353,.F.);
#6353 = EDGE_CURVE('',#6330,#6346,#6354,.T.);
#6354 = LINE('',#6355,#6356);
#6355 = CARTESIAN_POINT('',(-3.,-1.15,0.));
#6356 = VECTOR('',#6357,1.);
#6357 = DIRECTION('',(0.,0.,1.));
#6358 = PLANE('',#6359);
#6359 = AXIS2_PLACEMENT_3D('',#6360,#6361,#6362);
#6360 = CARTESIAN_POINT('',(-2.75,-1.15,0.));
#6361 = DIRECTION('',(-3.55951662292E-16,-1.,0.));
#6362 = DIRECTION('',(-1.,3.55951662292E-16,0.));
#6363 = ADVANCED_FACE('',(#6364),#6383,.T.);
#6364 = FACE_BOUND('',#6365,.T.);
#6365 = EDGE_LOOP('',(#6366,#6374,#6375,#6376));
#6366 = ORIENTED_EDGE('',*,*,#6367,.T.);
#6367 = EDGE_CURVE('',#6368,#4817,#6370,.T.);
#6368 = VERTEX_POINT('',#6369);
#6369 = CARTESIAN_POINT('',(1.45,2.75,0.));
#6370 = LINE('',#6371,#6372);
#6371 = CARTESIAN_POINT('',(1.45,2.75,0.));
#6372 = VECTOR('',#6373,1.);
#6373 = DIRECTION('',(0.,0.,1.));
#6374 = ORIENTED_EDGE('',*,*,#4824,.T.);
#6375 = ORIENTED_EDGE('',*,*,#6313,.F.);
#6376 = ORIENTED_EDGE('',*,*,#6377,.T.);
#6377 = EDGE_CURVE('',#6290,#6368,#6378,.T.);
#6378 = CIRCLE('',#6379,0.15);
#6379 = AXIS2_PLACEMENT_3D('',#6380,#6381,#6382);
#6380 = CARTESIAN_POINT('',(1.3,2.75,0.));
#6381 = DIRECTION('',(0.,0.,1.));
#6382 = DIRECTION('',(-1.,4.555315873023E-16,0.));
#6383 = CYLINDRICAL_SURFACE('',#6384,0.15);
#6384 = AXIS2_PLACEMENT_3D('',#6385,#6386,#6387);
#6385 = CARTESIAN_POINT('',(1.3,2.75,0.));
#6386 = DIRECTION('',(0.,0.,-1.));
#6387 = DIRECTION('',(-1.,4.555315873023E-16,0.));
#6388 = ADVANCED_FACE('',(#6389),#6408,.T.);
#6389 = FACE_BOUND('',#6390,.T.);
#6390 = EDGE_LOOP('',(#6391,#6392,#6393,#6401));
#6391 = ORIENTED_EDGE('',*,*,#6337,.T.);
#6392 = ORIENTED_EDGE('',*,*,#4239,.T.);
#6393 = ORIENTED_EDGE('',*,*,#6394,.F.);
#6394 = EDGE_CURVE('',#6395,#4240,#6397,.T.);
#6395 = VERTEX_POINT('',#6396);
#6396 = CARTESIAN_POINT('',(-2.75,-1.45,0.));
#6397 = LINE('',#6398,#6399);
#6398 = CARTESIAN_POINT('',(-2.75,-1.45,0.));
#6399 = VECTOR('',#6400,1.);
#6400 = DIRECTION('',(0.,0.,1.));
#6401 = ORIENTED_EDGE('',*,*,#6402,.T.);
#6402 = EDGE_CURVE('',#6395,#6328,#6403,.T.);
#6403 = CIRCLE('',#6404,0.15);
#6404 = AXIS2_PLACEMENT_3D('',#6405,#6406,#6407);
#6405 = CARTESIAN_POINT('',(-2.75,-1.3,0.));
#6406 = DIRECTION('',(0.,0.,1.));
#6407 = DIRECTION('',(-4.669739647545E-16,-1.,0.));
#6408 = CYLINDRICAL_SURFACE('',#6409,0.15);
#6409 = AXIS2_PLACEMENT_3D('',#6410,#6411,#6412);
#6410 = CARTESIAN_POINT('',(-2.75,-1.3,0.));
#6411 = DIRECTION('',(0.,0.,-1.));
#6412 = DIRECTION('',(-4.669739647545E-16,-1.,-0.));
#6413 = ADVANCED_FACE('',(#6414),#6441,.F.);
#6414 = FACE_BOUND('',#6415,.F.);
#6415 = EDGE_LOOP('',(#6416,#6424,#6425,#6426,#6427,#6435));
#6416 = ORIENTED_EDGE('',*,*,#6417,.F.);
#6417 = EDGE_CURVE('',#6368,#6418,#6420,.T.);
#6418 = VERTEX_POINT('',#6419);
#6419 = CARTESIAN_POINT('',(1.45,3.,0.));
#6420 = LINE('',#6421,#6422);
#6421 = CARTESIAN_POINT('',(1.45,2.75,0.));
#6422 = VECTOR('',#6423,1.);
#6423 = DIRECTION('',(3.445092848398E-16,1.,0.));
#6424 = ORIENTED_EDGE('',*,*,#6367,.T.);
#6425 = ORIENTED_EDGE('',*,*,#4816,.F.);
#6426 = ORIENTED_EDGE('',*,*,#5164,.F.);
#6427 = ORIENTED_EDGE('',*,*,#6428,.T.);
#6428 = EDGE_CURVE('',#5157,#6429,#6431,.T.);
#6429 = VERTEX_POINT('',#6430);
#6430 = CARTESIAN_POINT('',(1.45,3.,0.2));
#6431 = LINE('',#6432,#6433);
#6432 = CARTESIAN_POINT('',(1.45,2.75,0.2));
#6433 = VECTOR('',#6434,1.);
#6434 = DIRECTION('',(3.445092848398E-16,1.,0.));
#6435 = ORIENTED_EDGE('',*,*,#6436,.F.);
#6436 = EDGE_CURVE('',#6418,#6429,#6437,.T.);
#6437 = LINE('',#6438,#6439);
#6438 = CARTESIAN_POINT('',(1.45,3.,0.));
#6439 = VECTOR('',#6440,1.);
#6440 = DIRECTION('',(0.,0.,1.));
#6441 = PLANE('',#6442);
#6442 = AXIS2_PLACEMENT_3D('',#6443,#6444,#6445);
#6443 = CARTESIAN_POINT('',(1.45,2.75,0.));
#6444 = DIRECTION('',(-1.,3.445092848398E-16,0.));
#6445 = DIRECTION('',(3.445092848398E-16,1.,0.));
#6446 = ADVANCED_FACE('',(#6447),#6474,.F.);
#6447 = FACE_BOUND('',#6448,.F.);
#6448 = EDGE_LOOP('',(#6449,#6457,#6465,#6471,#6472,#6473));
#6449 = ORIENTED_EDGE('',*,*,#6450,.F.);
#6450 = EDGE_CURVE('',#6451,#6395,#6453,.T.);
#6451 = VERTEX_POINT('',#6452);
#6452 = CARTESIAN_POINT('',(-3.,-1.45,0.));
#6453 = LINE('',#6454,#6455);
#6454 = CARTESIAN_POINT('',(-3.,-1.45,0.));
#6455 = VECTOR('',#6456,1.);
#6456 = DIRECTION('',(1.,-4.669739647545E-16,0.));
#6457 = ORIENTED_EDGE('',*,*,#6458,.T.);
#6458 = EDGE_CURVE('',#6451,#6459,#6461,.T.);
#6459 = VERTEX_POINT('',#6460);
#6460 = CARTESIAN_POINT('',(-3.,-1.45,0.2));
#6461 = LINE('',#6462,#6463);
#6462 = CARTESIAN_POINT('',(-3.,-1.45,0.));
#6463 = VECTOR('',#6464,1.);
#6464 = DIRECTION('',(0.,0.,1.));
#6465 = ORIENTED_EDGE('',*,*,#6466,.T.);
#6466 = EDGE_CURVE('',#6459,#5261,#6467,.T.);
#6467 = LINE('',#6468,#6469);
#6468 = CARTESIAN_POINT('',(-3.,-1.45,0.2));
#6469 = VECTOR('',#6470,1.);
#6470 = DIRECTION('',(1.,-4.669739647545E-16,0.));
#6471 = ORIENTED_EDGE('',*,*,#5260,.F.);
#6472 = ORIENTED_EDGE('',*,*,#4248,.F.);
#6473 = ORIENTED_EDGE('',*,*,#6394,.F.);
#6474 = PLANE('',#6475);
#6475 = AXIS2_PLACEMENT_3D('',#6476,#6477,#6478);
#6476 = CARTESIAN_POINT('',(-3.,-1.45,0.));
#6477 = DIRECTION('',(4.669739647545E-16,1.,0.));
#6478 = DIRECTION('',(1.,-4.669739647545E-16,0.));
#6479 = ADVANCED_FACE('',(#6480),#6514,.F.);
#6480 = FACE_BOUND('',#6481,.F.);
#6481 = EDGE_LOOP('',(#6482,#6492,#6500,#6506,#6507,#6508));
#6482 = ORIENTED_EDGE('',*,*,#6483,.F.);
#6483 = EDGE_CURVE('',#6484,#6486,#6488,.T.);
#6484 = VERTEX_POINT('',#6485);
#6485 = CARTESIAN_POINT('',(1.8,3.,0.));
#6486 = VERTEX_POINT('',#6487);
#6487 = CARTESIAN_POINT('',(1.8,2.75,0.));
#6488 = LINE('',#6489,#6490);
#6489 = CARTESIAN_POINT('',(1.8,3.,0.));
#6490 = VECTOR('',#6491,1.);
#6491 = DIRECTION('',(-4.555315873023E-16,-1.,0.));
#6492 = ORIENTED_EDGE('',*,*,#6493,.T.);
#6493 = EDGE_CURVE('',#6484,#6494,#6496,.T.);
#6494 = VERTEX_POINT('',#6495);
#6495 = CARTESIAN_POINT('',(1.8,3.,0.2));
#6496 = LINE('',#6497,#6498);
#6497 = CARTESIAN_POINT('',(1.8,3.,0.));
#6498 = VECTOR('',#6499,1.);
#6499 = DIRECTION('',(0.,0.,1.));
#6500 = ORIENTED_EDGE('',*,*,#6501,.T.);
#6501 = EDGE_CURVE('',#6494,#5172,#6502,.T.);
#6502 = LINE('',#6503,#6504);
#6503 = CARTESIAN_POINT('',(1.8,3.,0.2));
#6504 = VECTOR('',#6505,1.);
#6505 = DIRECTION('',(-4.555315873023E-16,-1.,0.));
#6506 = ORIENTED_EDGE('',*,*,#5171,.F.);
#6507 = ORIENTED_EDGE('',*,*,#4800,.F.);
#6508 = ORIENTED_EDGE('',*,*,#6509,.F.);
#6509 = EDGE_CURVE('',#6486,#4792,#6510,.T.);
#6510 = LINE('',#6511,#6512);
#6511 = CARTESIAN_POINT('',(1.8,2.75,0.));
#6512 = VECTOR('',#6513,1.);
#6513 = DIRECTION('',(0.,0.,1.));
#6514 = PLANE('',#6515);
#6515 = AXIS2_PLACEMENT_3D('',#6516,#6517,#6518);
#6516 = CARTESIAN_POINT('',(1.8,3.,0.));
#6517 = DIRECTION('',(1.,-4.555315873023E-16,0.));
#6518 = DIRECTION('',(-4.555315873023E-16,-1.,0.));
#6519 = ADVANCED_FACE('',(#6520),#6554,.F.);
#6520 = FACE_BOUND('',#6521,.F.);
#6521 = EDGE_LOOP('',(#6522,#6532,#6538,#6539,#6540,#6548));
#6522 = ORIENTED_EDGE('',*,*,#6523,.F.);
#6523 = EDGE_CURVE('',#6524,#6526,#6528,.T.);
#6524 = VERTEX_POINT('',#6525);
#6525 = CARTESIAN_POINT('',(-2.75,-1.8,0.));
#6526 = VERTEX_POINT('',#6527);
#6527 = CARTESIAN_POINT('',(-3.,-1.8,0.));
#6528 = LINE('',#6529,#6530);
#6529 = CARTESIAN_POINT('',(-2.75,-1.8,0.));
#6530 = VECTOR('',#6531,1.);
#6531 = DIRECTION('',(-1.,3.55951662292E-16,0.));
#6532 = ORIENTED_EDGE('',*,*,#6533,.T.);
#6533 = EDGE_CURVE('',#6524,#4265,#6534,.T.);
#6534 = LINE('',#6535,#6536);
#6535 = CARTESIAN_POINT('',(-2.75,-1.8,0.));
#6536 = VECTOR('',#6537,1.);
#6537 = DIRECTION('',(0.,0.,1.));
#6538 = ORIENTED_EDGE('',*,*,#4264,.F.);
#6539 = ORIENTED_EDGE('',*,*,#5253,.F.);
#6540 = ORIENTED_EDGE('',*,*,#6541,.T.);
#6541 = EDGE_CURVE('',#5246,#6542,#6544,.T.);
#6542 = VERTEX_POINT('',#6543);
#6543 = CARTESIAN_POINT('',(-3.,-1.8,0.2));
#6544 = LINE('',#6545,#6546);
#6545 = CARTESIAN_POINT('',(-2.75,-1.8,0.2));
#6546 = VECTOR('',#6547,1.);
#6547 = DIRECTION('',(-1.,3.55951662292E-16,0.));
#6548 = ORIENTED_EDGE('',*,*,#6549,.F.);
#6549 = EDGE_CURVE('',#6526,#6542,#6550,.T.);
#6550 = LINE('',#6551,#6552);
#6551 = CARTESIAN_POINT('',(-3.,-1.8,0.));
#6552 = VECTOR('',#6553,1.);
#6553 = DIRECTION('',(0.,0.,1.));
#6554 = PLANE('',#6555);
#6555 = AXIS2_PLACEMENT_3D('',#6556,#6557,#6558);
#6556 = CARTESIAN_POINT('',(-2.75,-1.8,0.));
#6557 = DIRECTION('',(-3.55951662292E-16,-1.,0.));
#6558 = DIRECTION('',(-1.,3.55951662292E-16,0.));
#6559 = ADVANCED_FACE('',(#6560),#6579,.T.);
#6560 = FACE_BOUND('',#6561,.T.);
#6561 = EDGE_LOOP('',(#6562,#6570,#6571,#6572));
#6562 = ORIENTED_EDGE('',*,*,#6563,.T.);
#6563 = EDGE_CURVE('',#6564,#4784,#6566,.T.);
#6564 = VERTEX_POINT('',#6565);
#6565 = CARTESIAN_POINT('',(2.1,2.75,0.));
#6566 = LINE('',#6567,#6568);
#6567 = CARTESIAN_POINT('',(2.1,2.75,0.));
#6568 = VECTOR('',#6569,1.);
#6569 = DIRECTION('',(0.,0.,1.));
#6570 = ORIENTED_EDGE('',*,*,#4791,.T.);
#6571 = ORIENTED_EDGE('',*,*,#6509,.F.);
#6572 = ORIENTED_EDGE('',*,*,#6573,.T.);
#6573 = EDGE_CURVE('',#6486,#6564,#6574,.T.);
#6574 = CIRCLE('',#6575,0.15);
#6575 = AXIS2_PLACEMENT_3D('',#6576,#6577,#6578);
#6576 = CARTESIAN_POINT('',(1.95,2.75,0.));
#6577 = DIRECTION('',(0.,0.,1.));
#6578 = DIRECTION('',(-1.,4.555315873023E-16,0.));
#6579 = CYLINDRICAL_SURFACE('',#6580,0.15);
#6580 = AXIS2_PLACEMENT_3D('',#6581,#6582,#6583);
#6581 = CARTESIAN_POINT('',(1.95,2.75,0.));
#6582 = DIRECTION('',(0.,0.,-1.));
#6583 = DIRECTION('',(-1.,4.555315873023E-16,0.));
#6584 = ADVANCED_FACE('',(#6585),#6604,.T.);
#6585 = FACE_BOUND('',#6586,.T.);
#6586 = EDGE_LOOP('',(#6587,#6588,#6589,#6597));
#6587 = ORIENTED_EDGE('',*,*,#6533,.T.);
#6588 = ORIENTED_EDGE('',*,*,#4272,.T.);
#6589 = ORIENTED_EDGE('',*,*,#6590,.F.);
#6590 = EDGE_CURVE('',#6591,#4273,#6593,.T.);
#6591 = VERTEX_POINT('',#6592);
#6592 = CARTESIAN_POINT('',(-2.75,-2.1,0.));
#6593 = LINE('',#6594,#6595);
#6594 = CARTESIAN_POINT('',(-2.75,-2.1,0.));
#6595 = VECTOR('',#6596,1.);
#6596 = DIRECTION('',(0.,0.,1.));
#6597 = ORIENTED_EDGE('',*,*,#6598,.T.);
#6598 = EDGE_CURVE('',#6591,#6524,#6599,.T.);
#6599 = CIRCLE('',#6600,0.15);
#6600 = AXIS2_PLACEMENT_3D('',#6601,#6602,#6603);
#6601 = CARTESIAN_POINT('',(-2.75,-1.95,0.));
#6602 = DIRECTION('',(0.,0.,1.));
#6603 = DIRECTION('',(-4.669739647545E-16,-1.,0.));
#6604 = CYLINDRICAL_SURFACE('',#6605,0.15);
#6605 = AXIS2_PLACEMENT_3D('',#6606,#6607,#6608);
#6606 = CARTESIAN_POINT('',(-2.75,-1.95,0.));
#6607 = DIRECTION('',(0.,0.,-1.));
#6608 = DIRECTION('',(-4.669739647545E-16,-1.,-0.));
#6609 = ADVANCED_FACE('',(#6610),#6637,.F.);
#6610 = FACE_BOUND('',#6611,.F.);
#6611 = EDGE_LOOP('',(#6612,#6620,#6621,#6622,#6623,#6631));
#6612 = ORIENTED_EDGE('',*,*,#6613,.F.);
#6613 = EDGE_CURVE('',#6564,#6614,#6616,.T.);
#6614 = VERTEX_POINT('',#6615);
#6615 = CARTESIAN_POINT('',(2.1,3.,0.));
#6616 = LINE('',#6617,#6618);
#6617 = CARTESIAN_POINT('',(2.1,2.75,0.));
#6618 = VECTOR('',#6619,1.);
#6619 = DIRECTION('',(3.445092848398E-16,1.,0.));
#6620 = ORIENTED_EDGE('',*,*,#6563,.T.);
#6621 = ORIENTED_EDGE('',*,*,#4783,.F.);
#6622 = ORIENTED_EDGE('',*,*,#5187,.F.);
#6623 = ORIENTED_EDGE('',*,*,#6624,.T.);
#6624 = EDGE_CURVE('',#5180,#6625,#6627,.T.);
#6625 = VERTEX_POINT('',#6626);
#6626 = CARTESIAN_POINT('',(2.1,3.,0.2));
#6627 = LINE('',#6628,#6629);
#6628 = CARTESIAN_POINT('',(2.1,2.75,0.2));
#6629 = VECTOR('',#6630,1.);
#6630 = DIRECTION('',(3.445092848398E-16,1.,0.));
#6631 = ORIENTED_EDGE('',*,*,#6632,.F.);
#6632 = EDGE_CURVE('',#6614,#6625,#6633,.T.);
#6633 = LINE('',#6634,#6635);
#6634 = CARTESIAN_POINT('',(2.1,3.,0.));
#6635 = VECTOR('',#6636,1.);
#6636 = DIRECTION('',(0.,0.,1.));
#6637 = PLANE('',#6638);
#6638 = AXIS2_PLACEMENT_3D('',#6639,#6640,#6641);
#6639 = CARTESIAN_POINT('',(2.1,2.75,0.));
#6640 = DIRECTION('',(-1.,3.445092848398E-16,0.));
#6641 = DIRECTION('',(3.445092848398E-16,1.,0.));
#6642 = ADVANCED_FACE('',(#6643),#6670,.F.);
#6643 = FACE_BOUND('',#6644,.F.);
#6644 = EDGE_LOOP('',(#6645,#6653,#6661,#6667,#6668,#6669));
#6645 = ORIENTED_EDGE('',*,*,#6646,.F.);
#6646 = EDGE_CURVE('',#6647,#6591,#6649,.T.);
#6647 = VERTEX_POINT('',#6648);
#6648 = CARTESIAN_POINT('',(-3.,-2.1,0.));
#6649 = LINE('',#6650,#6651);
#6650 = CARTESIAN_POINT('',(-3.,-2.1,0.));
#6651 = VECTOR('',#6652,1.);
#6652 = DIRECTION('',(1.,-4.669739647545E-16,0.));
#6653 = ORIENTED_EDGE('',*,*,#6654,.T.);
#6654 = EDGE_CURVE('',#6647,#6655,#6657,.T.);
#6655 = VERTEX_POINT('',#6656);
#6656 = CARTESIAN_POINT('',(-3.,-2.1,0.2));
#6657 = LINE('',#6658,#6659);
#6658 = CARTESIAN_POINT('',(-3.,-2.1,0.));
#6659 = VECTOR('',#6660,1.);
#6660 = DIRECTION('',(0.,0.,1.));
#6661 = ORIENTED_EDGE('',*,*,#6662,.T.);
#6662 = EDGE_CURVE('',#6655,#5238,#6663,.T.);
#6663 = LINE('',#6664,#6665);
#6664 = CARTESIAN_POINT('',(-3.,-2.1,0.2));
#6665 = VECTOR('',#6666,1.);
#6666 = DIRECTION('',(1.,-4.669739647545E-16,0.));
#6667 = ORIENTED_EDGE('',*,*,#5237,.F.);
#6668 = ORIENTED_EDGE('',*,*,#4281,.F.);
#6669 = ORIENTED_EDGE('',*,*,#6590,.F.);
#6670 = PLANE('',#6671);
#6671 = AXIS2_PLACEMENT_3D('',#6672,#6673,#6674);
#6672 = CARTESIAN_POINT('',(-3.,-2.1,0.));
#6673 = DIRECTION('',(4.669739647545E-16,1.,0.));
#6674 = DIRECTION('',(1.,-4.669739647545E-16,0.));
#6675 = ADVANCED_FACE('',(#6676),#6855,.T.);
#6676 = FACE_BOUND('',#6677,.T.);
#6677 = EDGE_LOOP('',(#6678,#6679,#6680,#6688,#6694,#6695,#6703,#6711,
    #6717,#6718,#6726,#6734,#6740,#6741,#6749,#6757,#6763,#6764,#6772,
    #6780,#6786,#6787,#6795,#6803,#6809,#6810,#6818,#6826,#6832,#6833,
    #6841,#6849));
#6678 = ORIENTED_EDGE('',*,*,#4767,.F.);
#6679 = ORIENTED_EDGE('',*,*,#5194,.T.);
#6680 = ORIENTED_EDGE('',*,*,#6681,.T.);
#6681 = EDGE_CURVE('',#5033,#6682,#6684,.T.);
#6682 = VERTEX_POINT('',#6683);
#6683 = CARTESIAN_POINT('',(2.99,-2.99,0.92));
#6684 = LINE('',#6685,#6686);
#6685 = CARTESIAN_POINT('',(2.99,2.99,0.92));
#6686 = VECTOR('',#6687,1.);
#6687 = DIRECTION('',(-2.22044604925E-16,-1.,0.));
#6688 = ORIENTED_EDGE('',*,*,#6689,.F.);
#6689 = EDGE_CURVE('',#4529,#6682,#6690,.T.);
#6690 = LINE('',#6691,#6692);
#6691 = CARTESIAN_POINT('',(2.99,-2.99,2.E-02));
#6692 = VECTOR('',#6693,1.);
#6693 = DIRECTION('',(0.,0.,1.));
#6694 = ORIENTED_EDGE('',*,*,#4536,.F.);
#6695 = ORIENTED_EDGE('',*,*,#6696,.T.);
#6696 = EDGE_CURVE('',#4537,#6697,#6699,.T.);
#6697 = VERTEX_POINT('',#6698);
#6698 = CARTESIAN_POINT('',(2.99,-2.1,0.2));
#6699 = LINE('',#6700,#6701);
#6700 = CARTESIAN_POINT('',(2.99,-2.1,1.E-02));
#6701 = VECTOR('',#6702,1.);
#6702 = DIRECTION('',(0.,0.,1.));
#6703 = ORIENTED_EDGE('',*,*,#6704,.T.);
#6704 = EDGE_CURVE('',#6697,#6705,#6707,.T.);
#6705 = VERTEX_POINT('',#6706);
#6706 = CARTESIAN_POINT('',(2.99,-1.8,0.2));
#6707 = LINE('',#6708,#6709);
#6708 = CARTESIAN_POINT('',(2.99,0.595,0.2));
#6709 = VECTOR('',#6710,1.);
#6710 = DIRECTION('',(2.22044604925E-16,1.,0.));
#6711 = ORIENTED_EDGE('',*,*,#6712,.T.);
#6712 = EDGE_CURVE('',#6705,#4562,#6713,.T.);
#6713 = LINE('',#6714,#6715);
#6714 = CARTESIAN_POINT('',(2.99,-1.8,1.E-02));
#6715 = VECTOR('',#6716,1.);
#6716 = DIRECTION('',(0.,-0.,-1.));
#6717 = ORIENTED_EDGE('',*,*,#4569,.F.);
#6718 = ORIENTED_EDGE('',*,*,#6719,.T.);
#6719 = EDGE_CURVE('',#4570,#6720,#6722,.T.);
#6720 = VERTEX_POINT('',#6721);
#6721 = CARTESIAN_POINT('',(2.99,-1.45,0.2));
#6722 = LINE('',#6723,#6724);
#6723 = CARTESIAN_POINT('',(2.99,-1.45,1.E-02));
#6724 = VECTOR('',#6725,1.);
#6725 = DIRECTION('',(0.,0.,1.));
#6726 = ORIENTED_EDGE('',*,*,#6727,.T.);
#6727 = EDGE_CURVE('',#6720,#6728,#6730,.T.);
#6728 = VERTEX_POINT('',#6729);
#6729 = CARTESIAN_POINT('',(2.99,-1.15,0.2));
#6730 = LINE('',#6731,#6732);
#6731 = CARTESIAN_POINT('',(2.99,0.92,0.2));
#6732 = VECTOR('',#6733,1.);
#6733 = DIRECTION('',(2.22044604925E-16,1.,0.));
#6734 = ORIENTED_EDGE('',*,*,#6735,.T.);
#6735 = EDGE_CURVE('',#6728,#4595,#6736,.T.);
#6736 = LINE('',#6737,#6738);
#6737 = CARTESIAN_POINT('',(2.99,-1.15,1.E-02));
#6738 = VECTOR('',#6739,1.);
#6739 = DIRECTION('',(0.,-0.,-1.));
#6740 = ORIENTED_EDGE('',*,*,#4602,.F.);
#6741 = ORIENTED_EDGE('',*,*,#6742,.T.);
#6742 = EDGE_CURVE('',#4603,#6743,#6745,.T.);
#6743 = VERTEX_POINT('',#6744);
#6744 = CARTESIAN_POINT('',(2.99,-0.8,0.2));
#6745 = LINE('',#6746,#6747);
#6746 = CARTESIAN_POINT('',(2.99,-0.8,1.E-02));
#6747 = VECTOR('',#6748,1.);
#6748 = DIRECTION('',(0.,0.,1.));
#6749 = ORIENTED_EDGE('',*,*,#6750,.T.);
#6750 = EDGE_CURVE('',#6743,#6751,#6753,.T.);
#6751 = VERTEX_POINT('',#6752);
#6752 = CARTESIAN_POINT('',(2.99,-0.5,0.2));
#6753 = LINE('',#6754,#6755);
#6754 = CARTESIAN_POINT('',(2.99,1.245,0.2));
#6755 = VECTOR('',#6756,1.);
#6756 = DIRECTION('',(2.22044604925E-16,1.,0.));
#6757 = ORIENTED_EDGE('',*,*,#6758,.T.);
#6758 = EDGE_CURVE('',#6751,#4628,#6759,.T.);
#6759 = LINE('',#6760,#6761);
#6760 = CARTESIAN_POINT('',(2.99,-0.5,1.E-02));
#6761 = VECTOR('',#6762,1.);
#6762 = DIRECTION('',(0.,-0.,-1.));
#6763 = ORIENTED_EDGE('',*,*,#4635,.F.);
#6764 = ORIENTED_EDGE('',*,*,#6765,.T.);
#6765 = EDGE_CURVE('',#4636,#6766,#6768,.T.);
#6766 = VERTEX_POINT('',#6767);
#6767 = CARTESIAN_POINT('',(2.99,-0.15,0.2));
#6768 = LINE('',#6769,#6770);
#6769 = CARTESIAN_POINT('',(2.99,-0.15,1.E-02));
#6770 = VECTOR('',#6771,1.);
#6771 = DIRECTION('',(0.,0.,1.));
#6772 = ORIENTED_EDGE('',*,*,#6773,.T.);
#6773 = EDGE_CURVE('',#6766,#6774,#6776,.T.);
#6774 = VERTEX_POINT('',#6775);
#6775 = CARTESIAN_POINT('',(2.99,0.15,0.2));
#6776 = LINE('',#6777,#6778);
#6777 = CARTESIAN_POINT('',(2.99,1.57,0.2));
#6778 = VECTOR('',#6779,1.);
#6779 = DIRECTION('',(2.22044604925E-16,1.,0.));
#6780 = ORIENTED_EDGE('',*,*,#6781,.T.);
#6781 = EDGE_CURVE('',#6774,#4661,#6782,.T.);
#6782 = LINE('',#6783,#6784);
#6783 = CARTESIAN_POINT('',(2.99,0.15,1.E-02));
#6784 = VECTOR('',#6785,1.);
#6785 = DIRECTION('',(0.,-0.,-1.));
#6786 = ORIENTED_EDGE('',*,*,#4668,.F.);
#6787 = ORIENTED_EDGE('',*,*,#6788,.T.);
#6788 = EDGE_CURVE('',#4669,#6789,#6791,.T.);
#6789 = VERTEX_POINT('',#6790);
#6790 = CARTESIAN_POINT('',(2.99,0.5,0.2));
#6791 = LINE('',#6792,#6793);
#6792 = CARTESIAN_POINT('',(2.99,0.5,1.E-02));
#6793 = VECTOR('',#6794,1.);
#6794 = DIRECTION('',(0.,0.,1.));
#6795 = ORIENTED_EDGE('',*,*,#6796,.T.);
#6796 = EDGE_CURVE('',#6789,#6797,#6799,.T.);
#6797 = VERTEX_POINT('',#6798);
#6798 = CARTESIAN_POINT('',(2.99,0.8,0.2));
#6799 = LINE('',#6800,#6801);
#6800 = CARTESIAN_POINT('',(2.99,1.895,0.2));
#6801 = VECTOR('',#6802,1.);
#6802 = DIRECTION('',(2.22044604925E-16,1.,0.));
#6803 = ORIENTED_EDGE('',*,*,#6804,.T.);
#6804 = EDGE_CURVE('',#6797,#4694,#6805,.T.);
#6805 = LINE('',#6806,#6807);
#6806 = CARTESIAN_POINT('',(2.99,0.8,1.E-02));
#6807 = VECTOR('',#6808,1.);
#6808 = DIRECTION('',(0.,-0.,-1.));
#6809 = ORIENTED_EDGE('',*,*,#4701,.F.);
#6810 = ORIENTED_EDGE('',*,*,#6811,.T.);
#6811 = EDGE_CURVE('',#4702,#6812,#6814,.T.);
#6812 = VERTEX_POINT('',#6813);
#6813 = CARTESIAN_POINT('',(2.99,1.15,0.2));
#6814 = LINE('',#6815,#6816);
#6815 = CARTESIAN_POINT('',(2.99,1.15,1.E-02));
#6816 = VECTOR('',#6817,1.);
#6817 = DIRECTION('',(0.,0.,1.));
#6818 = ORIENTED_EDGE('',*,*,#6819,.T.);
#6819 = EDGE_CURVE('',#6812,#6820,#6822,.T.);
#6820 = VERTEX_POINT('',#6821);
#6821 = CARTESIAN_POINT('',(2.99,1.45,0.2));
#6822 = LINE('',#6823,#6824);
#6823 = CARTESIAN_POINT('',(2.99,2.22,0.2));
#6824 = VECTOR('',#6825,1.);
#6825 = DIRECTION('',(2.22044604925E-16,1.,0.));
#6826 = ORIENTED_EDGE('',*,*,#6827,.T.);
#6827 = EDGE_CURVE('',#6820,#4727,#6828,.T.);
#6828 = LINE('',#6829,#6830);
#6829 = CARTESIAN_POINT('',(2.99,1.45,1.E-02));
#6830 = VECTOR('',#6831,1.);
#6831 = DIRECTION('',(0.,-0.,-1.));
#6832 = ORIENTED_EDGE('',*,*,#4734,.F.);
#6833 = ORIENTED_EDGE('',*,*,#6834,.T.);
#6834 = EDGE_CURVE('',#4735,#6835,#6837,.T.);
#6835 = VERTEX_POINT('',#6836);
#6836 = CARTESIAN_POINT('',(2.99,1.8,0.2));
#6837 = LINE('',#6838,#6839);
#6838 = CARTESIAN_POINT('',(2.99,1.8,1.E-02));
#6839 = VECTOR('',#6840,1.);
#6840 = DIRECTION('',(0.,0.,1.));
#6841 = ORIENTED_EDGE('',*,*,#6842,.T.);
#6842 = EDGE_CURVE('',#6835,#6843,#6845,.T.);
#6843 = VERTEX_POINT('',#6844);
#6844 = CARTESIAN_POINT('',(2.99,2.1,0.2));
#6845 = LINE('',#6846,#6847);
#6846 = CARTESIAN_POINT('',(2.99,2.545,0.2));
#6847 = VECTOR('',#6848,1.);
#6848 = DIRECTION('',(2.22044604925E-16,1.,0.));
#6849 = ORIENTED_EDGE('',*,*,#6850,.T.);
#6850 = EDGE_CURVE('',#6843,#4760,#6851,.T.);
#6851 = LINE('',#6852,#6853);
#6852 = CARTESIAN_POINT('',(2.99,2.1,1.E-02));
#6853 = VECTOR('',#6854,1.);
#6854 = DIRECTION('',(0.,-0.,-1.));
#6855 = PLANE('',#6856);
#6856 = AXIS2_PLACEMENT_3D('',#6857,#6858,#6859);
#6857 = CARTESIAN_POINT('',(2.99,2.99,2.E-02));
#6858 = DIRECTION('',(1.,-2.22044604925E-16,0.));
#6859 = DIRECTION('',(0.,0.,1.));
#6860 = ADVANCED_FACE('',(#6861),#7033,.T.);
#6861 = FACE_BOUND('',#6862,.T.);
#6862 = EDGE_LOOP('',(#6863,#6869,#6870,#6871,#6879,#6887,#6893,#6894,
    #6902,#6910,#6916,#6917,#6925,#6933,#6939,#6940,#6948,#6956,#6962,
    #6963,#6971,#6979,#6985,#6986,#6994,#7002,#7008,#7009,#7017,#7025,
    #7031,#7032));
#6863 = ORIENTED_EDGE('',*,*,#6864,.F.);
#6864 = EDGE_CURVE('',#5223,#6682,#6865,.T.);
#6865 = LINE('',#6866,#6867);
#6866 = CARTESIAN_POINT('',(-2.99,-2.99,0.92));
#6867 = VECTOR('',#6868,1.);
#6868 = DIRECTION('',(1.,-2.22044604925E-16,0.));
#6869 = ORIENTED_EDGE('',*,*,#5230,.F.);
#6870 = ORIENTED_EDGE('',*,*,#4297,.T.);
#6871 = ORIENTED_EDGE('',*,*,#6872,.T.);
#6872 = EDGE_CURVE('',#4298,#6873,#6875,.T.);
#6873 = VERTEX_POINT('',#6874);
#6874 = CARTESIAN_POINT('',(-2.1,-2.99,0.2));
#6875 = LINE('',#6876,#6877);
#6876 = CARTESIAN_POINT('',(-2.1,-2.99,1.E-02));
#6877 = VECTOR('',#6878,1.);
#6878 = DIRECTION('',(0.,0.,1.));
#6879 = ORIENTED_EDGE('',*,*,#6880,.T.);
#6880 = EDGE_CURVE('',#6873,#6881,#6883,.T.);
#6881 = VERTEX_POINT('',#6882);
#6882 = CARTESIAN_POINT('',(-1.8,-2.99,0.2));
#6883 = LINE('',#6884,#6885);
#6884 = CARTESIAN_POINT('',(-2.395,-2.99,0.2));
#6885 = VECTOR('',#6886,1.);
#6886 = DIRECTION('',(1.,-2.22044604925E-16,0.));
#6887 = ORIENTED_EDGE('',*,*,#6888,.T.);
#6888 = EDGE_CURVE('',#6881,#4323,#6889,.T.);
#6889 = LINE('',#6890,#6891);
#6890 = CARTESIAN_POINT('',(-1.8,-2.99,1.E-02));
#6891 = VECTOR('',#6892,1.);
#6892 = DIRECTION('',(-0.,0.,-1.));
#6893 = ORIENTED_EDGE('',*,*,#4330,.T.);
#6894 = ORIENTED_EDGE('',*,*,#6895,.T.);
#6895 = EDGE_CURVE('',#4331,#6896,#6898,.T.);
#6896 = VERTEX_POINT('',#6897);
#6897 = CARTESIAN_POINT('',(-1.45,-2.99,0.2));
#6898 = LINE('',#6899,#6900);
#6899 = CARTESIAN_POINT('',(-1.45,-2.99,1.E-02));
#6900 = VECTOR('',#6901,1.);
#6901 = DIRECTION('',(0.,0.,1.));
#6902 = ORIENTED_EDGE('',*,*,#6903,.T.);
#6903 = EDGE_CURVE('',#6896,#6904,#6906,.T.);
#6904 = VERTEX_POINT('',#6905);
#6905 = CARTESIAN_POINT('',(-1.15,-2.99,0.2));
#6906 = LINE('',#6907,#6908);
#6907 = CARTESIAN_POINT('',(-2.07,-2.99,0.2));
#6908 = VECTOR('',#6909,1.);
#6909 = DIRECTION('',(1.,-2.22044604925E-16,0.));
#6910 = ORIENTED_EDGE('',*,*,#6911,.T.);
#6911 = EDGE_CURVE('',#6904,#4356,#6912,.T.);
#6912 = LINE('',#6913,#6914);
#6913 = CARTESIAN_POINT('',(-1.15,-2.99,1.E-02));
#6914 = VECTOR('',#6915,1.);
#6915 = DIRECTION('',(-0.,0.,-1.));
#6916 = ORIENTED_EDGE('',*,*,#4363,.T.);
#6917 = ORIENTED_EDGE('',*,*,#6918,.T.);
#6918 = EDGE_CURVE('',#4364,#6919,#6921,.T.);
#6919 = VERTEX_POINT('',#6920);
#6920 = CARTESIAN_POINT('',(-0.8,-2.99,0.2));
#6921 = LINE('',#6922,#6923);
#6922 = CARTESIAN_POINT('',(-0.8,-2.99,1.E-02));
#6923 = VECTOR('',#6924,1.);
#6924 = DIRECTION('',(0.,0.,1.));
#6925 = ORIENTED_EDGE('',*,*,#6926,.T.);
#6926 = EDGE_CURVE('',#6919,#6927,#6929,.T.);
#6927 = VERTEX_POINT('',#6928);
#6928 = CARTESIAN_POINT('',(-0.5,-2.99,0.2));
#6929 = LINE('',#6930,#6931);
#6930 = CARTESIAN_POINT('',(-1.745,-2.99,0.2));
#6931 = VECTOR('',#6932,1.);
#6932 = DIRECTION('',(1.,-2.22044604925E-16,0.));
#6933 = ORIENTED_EDGE('',*,*,#6934,.T.);
#6934 = EDGE_CURVE('',#6927,#4389,#6935,.T.);
#6935 = LINE('',#6936,#6937);
#6936 = CARTESIAN_POINT('',(-0.5,-2.99,1.E-02));
#6937 = VECTOR('',#6938,1.);
#6938 = DIRECTION('',(-0.,0.,-1.));
#6939 = ORIENTED_EDGE('',*,*,#4396,.T.);
#6940 = ORIENTED_EDGE('',*,*,#6941,.T.);
#6941 = EDGE_CURVE('',#4397,#6942,#6944,.T.);
#6942 = VERTEX_POINT('',#6943);
#6943 = CARTESIAN_POINT('',(-0.15,-2.99,0.2));
#6944 = LINE('',#6945,#6946);
#6945 = CARTESIAN_POINT('',(-0.15,-2.99,1.E-02));
#6946 = VECTOR('',#6947,1.);
#6947 = DIRECTION('',(0.,0.,1.));
#6948 = ORIENTED_EDGE('',*,*,#6949,.T.);
#6949 = EDGE_CURVE('',#6942,#6950,#6952,.T.);
#6950 = VERTEX_POINT('',#6951);
#6951 = CARTESIAN_POINT('',(0.15,-2.99,0.2));
#6952 = LINE('',#6953,#6954);
#6953 = CARTESIAN_POINT('',(-1.42,-2.99,0.2));
#6954 = VECTOR('',#6955,1.);
#6955 = DIRECTION('',(1.,-2.22044604925E-16,0.));
#6956 = ORIENTED_EDGE('',*,*,#6957,.T.);
#6957 = EDGE_CURVE('',#6950,#4422,#6958,.T.);
#6958 = LINE('',#6959,#6960);
#6959 = CARTESIAN_POINT('',(0.15,-2.99,1.E-02));
#6960 = VECTOR('',#6961,1.);
#6961 = DIRECTION('',(-0.,0.,-1.));
#6962 = ORIENTED_EDGE('',*,*,#4429,.T.);
#6963 = ORIENTED_EDGE('',*,*,#6964,.T.);
#6964 = EDGE_CURVE('',#4430,#6965,#6967,.T.);
#6965 = VERTEX_POINT('',#6966);
#6966 = CARTESIAN_POINT('',(0.5,-2.99,0.2));
#6967 = LINE('',#6968,#6969);
#6968 = CARTESIAN_POINT('',(0.5,-2.99,1.E-02));
#6969 = VECTOR('',#6970,1.);
#6970 = DIRECTION('',(0.,0.,1.));
#6971 = ORIENTED_EDGE('',*,*,#6972,.T.);
#6972 = EDGE_CURVE('',#6965,#6973,#6975,.T.);
#6973 = VERTEX_POINT('',#6974);
#6974 = CARTESIAN_POINT('',(0.8,-2.99,0.2));
#6975 = LINE('',#6976,#6977);
#6976 = CARTESIAN_POINT('',(-1.095,-2.99,0.2));
#6977 = VECTOR('',#6978,1.);
#6978 = DIRECTION('',(1.,-2.22044604925E-16,0.));
#6979 = ORIENTED_EDGE('',*,*,#6980,.T.);
#6980 = EDGE_CURVE('',#6973,#4455,#6981,.T.);
#6981 = LINE('',#6982,#6983);
#6982 = CARTESIAN_POINT('',(0.8,-2.99,1.E-02));
#6983 = VECTOR('',#6984,1.);
#6984 = DIRECTION('',(-0.,0.,-1.));
#6985 = ORIENTED_EDGE('',*,*,#4462,.T.);
#6986 = ORIENTED_EDGE('',*,*,#6987,.T.);
#6987 = EDGE_CURVE('',#4463,#6988,#6990,.T.);
#6988 = VERTEX_POINT('',#6989);
#6989 = CARTESIAN_POINT('',(1.15,-2.99,0.2));
#6990 = LINE('',#6991,#6992);
#6991 = CARTESIAN_POINT('',(1.15,-2.99,1.E-02));
#6992 = VECTOR('',#6993,1.);
#6993 = DIRECTION('',(0.,0.,1.));
#6994 = ORIENTED_EDGE('',*,*,#6995,.T.);
#6995 = EDGE_CURVE('',#6988,#6996,#6998,.T.);
#6996 = VERTEX_POINT('',#6997);
#6997 = CARTESIAN_POINT('',(1.45,-2.99,0.2));
#6998 = LINE('',#6999,#7000);
#6999 = CARTESIAN_POINT('',(-0.77,-2.99,0.2));
#7000 = VECTOR('',#7001,1.);
#7001 = DIRECTION('',(1.,-2.22044604925E-16,0.));
#7002 = ORIENTED_EDGE('',*,*,#7003,.T.);
#7003 = EDGE_CURVE('',#6996,#4488,#7004,.T.);
#7004 = LINE('',#7005,#7006);
#7005 = CARTESIAN_POINT('',(1.45,-2.99,1.E-02));
#7006 = VECTOR('',#7007,1.);
#7007 = DIRECTION('',(-0.,0.,-1.));
#7008 = ORIENTED_EDGE('',*,*,#4495,.T.);
#7009 = ORIENTED_EDGE('',*,*,#7010,.T.);
#7010 = EDGE_CURVE('',#4496,#7011,#7013,.T.);
#7011 = VERTEX_POINT('',#7012);
#7012 = CARTESIAN_POINT('',(1.8,-2.99,0.2));
#7013 = LINE('',#7014,#7015);
#7014 = CARTESIAN_POINT('',(1.8,-2.99,1.E-02));
#7015 = VECTOR('',#7016,1.);
#7016 = DIRECTION('',(0.,0.,1.));
#7017 = ORIENTED_EDGE('',*,*,#7018,.T.);
#7018 = EDGE_CURVE('',#7011,#7019,#7021,.T.);
#7019 = VERTEX_POINT('',#7020);
#7020 = CARTESIAN_POINT('',(2.1,-2.99,0.2));
#7021 = LINE('',#7022,#7023);
#7022 = CARTESIAN_POINT('',(-0.445,-2.99,0.2));
#7023 = VECTOR('',#7024,1.);
#7024 = DIRECTION('',(1.,-2.22044604925E-16,0.));
#7025 = ORIENTED_EDGE('',*,*,#7026,.T.);
#7026 = EDGE_CURVE('',#7019,#4521,#7027,.T.);
#7027 = LINE('',#7028,#7029);
#7028 = CARTESIAN_POINT('',(2.1,-2.99,1.E-02));
#7029 = VECTOR('',#7030,1.);
#7030 = DIRECTION('',(-0.,0.,-1.));
#7031 = ORIENTED_EDGE('',*,*,#4528,.T.);
#7032 = ORIENTED_EDGE('',*,*,#6689,.T.);
#7033 = PLANE('',#7034);
#7034 = AXIS2_PLACEMENT_3D('',#7035,#7036,#7037);
#7035 = CARTESIAN_POINT('',(-2.99,-2.99,2.E-02));
#7036 = DIRECTION('',(-2.22044604925E-16,-1.,0.));
#7037 = DIRECTION('',(0.,0.,1.));
#7038 = ADVANCED_FACE('',(#7039),#7073,.F.);
#7039 = FACE_BOUND('',#7040,.F.);
#7040 = EDGE_LOOP('',(#7041,#7051,#7059,#7065,#7066,#7067));
#7041 = ORIENTED_EDGE('',*,*,#7042,.F.);
#7042 = EDGE_CURVE('',#7043,#7045,#7047,.T.);
#7043 = VERTEX_POINT('',#7044);
#7044 = CARTESIAN_POINT('',(3.,2.1,0.));
#7045 = VERTEX_POINT('',#7046);
#7046 = CARTESIAN_POINT('',(2.75,2.1,0.));
#7047 = LINE('',#7048,#7049);
#7048 = CARTESIAN_POINT('',(3.,2.1,0.));
#7049 = VECTOR('',#7050,1.);
#7050 = DIRECTION('',(-1.,3.445092848398E-16,0.));
#7051 = ORIENTED_EDGE('',*,*,#7052,.T.);
#7052 = EDGE_CURVE('',#7043,#7053,#7055,.T.);
#7053 = VERTEX_POINT('',#7054);
#7054 = CARTESIAN_POINT('',(3.,2.1,0.2));
#7055 = LINE('',#7056,#7057);
#7056 = CARTESIAN_POINT('',(3.,2.1,0.));
#7057 = VECTOR('',#7058,1.);
#7058 = DIRECTION('',(0.,0.,1.));
#7059 = ORIENTED_EDGE('',*,*,#7060,.T.);
#7060 = EDGE_CURVE('',#7053,#6843,#7061,.T.);
#7061 = LINE('',#7062,#7063);
#7062 = CARTESIAN_POINT('',(3.,2.1,0.2));
#7063 = VECTOR('',#7064,1.);
#7064 = DIRECTION('',(-1.,3.445092848398E-16,0.));
#7065 = ORIENTED_EDGE('',*,*,#6850,.T.);
#7066 = ORIENTED_EDGE('',*,*,#4759,.F.);
#7067 = ORIENTED_EDGE('',*,*,#7068,.F.);
#7068 = EDGE_CURVE('',#7045,#4751,#7069,.T.);
#7069 = LINE('',#7070,#7071);
#7070 = CARTESIAN_POINT('',(2.75,2.1,0.));
#7071 = VECTOR('',#7072,1.);
#7072 = DIRECTION('',(0.,0.,1.));
#7073 = PLANE('',#7074);
#7074 = AXIS2_PLACEMENT_3D('',#7075,#7076,#7077);
#7075 = CARTESIAN_POINT('',(3.,2.1,0.));
#7076 = DIRECTION('',(-3.445092848398E-16,-1.,0.));
#7077 = DIRECTION('',(-1.,3.445092848398E-16,0.));
#7078 = ADVANCED_FACE('',(#7079),#7113,.F.);
#7079 = FACE_BOUND('',#7080,.F.);
#7080 = EDGE_LOOP('',(#7081,#7091,#7097,#7098,#7099,#7107));
#7081 = ORIENTED_EDGE('',*,*,#7082,.F.);
#7082 = EDGE_CURVE('',#7083,#7085,#7087,.T.);
#7083 = VERTEX_POINT('',#7084);
#7084 = CARTESIAN_POINT('',(-2.1,-2.75,0.));
#7085 = VERTEX_POINT('',#7086);
#7086 = CARTESIAN_POINT('',(-2.1,-3.,0.));
#7087 = LINE('',#7088,#7089);
#7088 = CARTESIAN_POINT('',(-2.1,-2.75,0.));
#7089 = VECTOR('',#7090,1.);
#7090 = DIRECTION('',(-4.555315873023E-16,-1.,0.));
#7091 = ORIENTED_EDGE('',*,*,#7092,.T.);
#7092 = EDGE_CURVE('',#7083,#4306,#7093,.T.);
#7093 = LINE('',#7094,#7095);
#7094 = CARTESIAN_POINT('',(-2.1,-2.75,0.));
#7095 = VECTOR('',#7096,1.);
#7096 = DIRECTION('',(0.,0.,1.));
#7097 = ORIENTED_EDGE('',*,*,#4305,.F.);
#7098 = ORIENTED_EDGE('',*,*,#6872,.T.);
#7099 = ORIENTED_EDGE('',*,*,#7100,.T.);
#7100 = EDGE_CURVE('',#6873,#7101,#7103,.T.);
#7101 = VERTEX_POINT('',#7102);
#7102 = CARTESIAN_POINT('',(-2.1,-3.,0.2));
#7103 = LINE('',#7104,#7105);
#7104 = CARTESIAN_POINT('',(-2.1,-2.75,0.2));
#7105 = VECTOR('',#7106,1.);
#7106 = DIRECTION('',(-4.555315873023E-16,-1.,0.));
#7107 = ORIENTED_EDGE('',*,*,#7108,.F.);
#7108 = EDGE_CURVE('',#7085,#7101,#7109,.T.);
#7109 = LINE('',#7110,#7111);
#7110 = CARTESIAN_POINT('',(-2.1,-3.,0.));
#7111 = VECTOR('',#7112,1.);
#7112 = DIRECTION('',(0.,0.,1.));
#7113 = PLANE('',#7114);
#7114 = AXIS2_PLACEMENT_3D('',#7115,#7116,#7117);
#7115 = CARTESIAN_POINT('',(-2.1,-2.75,0.));
#7116 = DIRECTION('',(1.,-4.555315873023E-16,0.));
#7117 = DIRECTION('',(-4.555315873023E-16,-1.,0.));
#7118 = ADVANCED_FACE('',(#7119),#7138,.T.);
#7119 = FACE_BOUND('',#7120,.T.);
#7120 = EDGE_LOOP('',(#7121,#7129,#7130,#7131));
#7121 = ORIENTED_EDGE('',*,*,#7122,.T.);
#7122 = EDGE_CURVE('',#7123,#4743,#7125,.T.);
#7123 = VERTEX_POINT('',#7124);
#7124 = CARTESIAN_POINT('',(2.75,1.8,0.));
#7125 = LINE('',#7126,#7127);
#7126 = CARTESIAN_POINT('',(2.75,1.8,0.));
#7127 = VECTOR('',#7128,1.);
#7128 = DIRECTION('',(0.,0.,1.));
#7129 = ORIENTED_EDGE('',*,*,#4750,.T.);
#7130 = ORIENTED_EDGE('',*,*,#7068,.F.);
#7131 = ORIENTED_EDGE('',*,*,#7132,.T.);
#7132 = EDGE_CURVE('',#7045,#7123,#7133,.T.);
#7133 = CIRCLE('',#7134,0.15);
#7134 = AXIS2_PLACEMENT_3D('',#7135,#7136,#7137);
#7135 = CARTESIAN_POINT('',(2.75,1.95,0.));
#7136 = DIRECTION('',(0.,-0.,1.));
#7137 = DIRECTION('',(3.445092848398E-16,1.,0.));
#7138 = CYLINDRICAL_SURFACE('',#7139,0.15);
#7139 = AXIS2_PLACEMENT_3D('',#7140,#7141,#7142);
#7140 = CARTESIAN_POINT('',(2.75,1.95,0.));
#7141 = DIRECTION('',(0.,-0.,-1.));
#7142 = DIRECTION('',(3.445092848398E-16,1.,0.));
#7143 = ADVANCED_FACE('',(#7144),#7163,.T.);
#7144 = FACE_BOUND('',#7145,.T.);
#7145 = EDGE_LOOP('',(#7146,#7147,#7148,#7156));
#7146 = ORIENTED_EDGE('',*,*,#7092,.T.);
#7147 = ORIENTED_EDGE('',*,*,#4313,.T.);
#7148 = ORIENTED_EDGE('',*,*,#7149,.F.);
#7149 = EDGE_CURVE('',#7150,#4314,#7152,.T.);
#7150 = VERTEX_POINT('',#7151);
#7151 = CARTESIAN_POINT('',(-1.8,-2.75,0.));
#7152 = LINE('',#7153,#7154);
#7153 = CARTESIAN_POINT('',(-1.8,-2.75,0.));
#7154 = VECTOR('',#7155,1.);
#7155 = DIRECTION('',(0.,0.,1.));
#7156 = ORIENTED_EDGE('',*,*,#7157,.T.);
#7157 = EDGE_CURVE('',#7150,#7083,#7158,.T.);
#7158 = CIRCLE('',#7159,0.15);
#7159 = AXIS2_PLACEMENT_3D('',#7160,#7161,#7162);
#7160 = CARTESIAN_POINT('',(-1.95,-2.75,0.));
#7161 = DIRECTION('',(-0.,0.,1.));
#7162 = DIRECTION('',(1.,-5.665538897648E-16,0.));
#7163 = CYLINDRICAL_SURFACE('',#7164,0.15);
#7164 = AXIS2_PLACEMENT_3D('',#7165,#7166,#7167);
#7165 = CARTESIAN_POINT('',(-1.95,-2.75,0.));
#7166 = DIRECTION('',(-0.,0.,-1.));
#7167 = DIRECTION('',(1.,-5.665538897648E-16,-0.));
#7168 = ADVANCED_FACE('',(#7169),#7196,.F.);
#7169 = FACE_BOUND('',#7170,.F.);
#7170 = EDGE_LOOP('',(#7171,#7179,#7180,#7181,#7182,#7190));
#7171 = ORIENTED_EDGE('',*,*,#7172,.F.);
#7172 = EDGE_CURVE('',#7123,#7173,#7175,.T.);
#7173 = VERTEX_POINT('',#7174);
#7174 = CARTESIAN_POINT('',(3.,1.8,0.));
#7175 = LINE('',#7176,#7177);
#7176 = CARTESIAN_POINT('',(2.75,1.8,0.));
#7177 = VECTOR('',#7178,1.);
#7178 = DIRECTION('',(1.,-2.334869823773E-16,0.));
#7179 = ORIENTED_EDGE('',*,*,#7122,.T.);
#7180 = ORIENTED_EDGE('',*,*,#4742,.F.);
#7181 = ORIENTED_EDGE('',*,*,#6834,.T.);
#7182 = ORIENTED_EDGE('',*,*,#7183,.T.);
#7183 = EDGE_CURVE('',#6835,#7184,#7186,.T.);
#7184 = VERTEX_POINT('',#7185);
#7185 = CARTESIAN_POINT('',(3.,1.8,0.2));
#7186 = LINE('',#7187,#7188);
#7187 = CARTESIAN_POINT('',(2.75,1.8,0.2));
#7188 = VECTOR('',#7189,1.);
#7189 = DIRECTION('',(1.,-2.334869823773E-16,0.));
#7190 = ORIENTED_EDGE('',*,*,#7191,.F.);
#7191 = EDGE_CURVE('',#7173,#7184,#7192,.T.);
#7192 = LINE('',#7193,#7194);
#7193 = CARTESIAN_POINT('',(3.,1.8,0.));
#7194 = VECTOR('',#7195,1.);
#7195 = DIRECTION('',(0.,0.,1.));
#7196 = PLANE('',#7197);
#7197 = AXIS2_PLACEMENT_3D('',#7198,#7199,#7200);
#7198 = CARTESIAN_POINT('',(2.75,1.8,0.));
#7199 = DIRECTION('',(2.334869823773E-16,1.,0.));
#7200 = DIRECTION('',(1.,-2.334869823773E-16,0.));
#7201 = ADVANCED_FACE('',(#7202),#7229,.F.);
#7202 = FACE_BOUND('',#7203,.F.);
#7203 = EDGE_LOOP('',(#7204,#7212,#7220,#7226,#7227,#7228));
#7204 = ORIENTED_EDGE('',*,*,#7205,.F.);
#7205 = EDGE_CURVE('',#7206,#7150,#7208,.T.);
#7206 = VERTEX_POINT('',#7207);
#7207 = CARTESIAN_POINT('',(-1.8,-3.,0.));
#7208 = LINE('',#7209,#7210);
#7209 = CARTESIAN_POINT('',(-1.8,-3.,0.));
#7210 = VECTOR('',#7211,1.);
#7211 = DIRECTION('',(5.665538897648E-16,1.,0.));
#7212 = ORIENTED_EDGE('',*,*,#7213,.T.);
#7213 = EDGE_CURVE('',#7206,#7214,#7216,.T.);
#7214 = VERTEX_POINT('',#7215);
#7215 = CARTESIAN_POINT('',(-1.8,-3.,0.2));
#7216 = LINE('',#7217,#7218);
#7217 = CARTESIAN_POINT('',(-1.8,-3.,0.));
#7218 = VECTOR('',#7219,1.);
#7219 = DIRECTION('',(0.,0.,1.));
#7220 = ORIENTED_EDGE('',*,*,#7221,.T.);
#7221 = EDGE_CURVE('',#7214,#6881,#7222,.T.);
#7222 = LINE('',#7223,#7224);
#7223 = CARTESIAN_POINT('',(-1.8,-3.,0.2));
#7224 = VECTOR('',#7225,1.);
#7225 = DIRECTION('',(5.665538897648E-16,1.,0.));
#7226 = ORIENTED_EDGE('',*,*,#6888,.T.);
#7227 = ORIENTED_EDGE('',*,*,#4322,.F.);
#7228 = ORIENTED_EDGE('',*,*,#7149,.F.);
#7229 = PLANE('',#7230);
#7230 = AXIS2_PLACEMENT_3D('',#7231,#7232,#7233);
#7231 = CARTESIAN_POINT('',(-1.8,-3.,0.));
#7232 = DIRECTION('',(-1.,5.665538897648E-16,0.));
#7233 = DIRECTION('',(5.665538897648E-16,1.,0.));
#7234 = ADVANCED_FACE('',(#7235),#7269,.F.);
#7235 = FACE_BOUND('',#7236,.F.);
#7236 = EDGE_LOOP('',(#7237,#7247,#7255,#7261,#7262,#7263));
#7237 = ORIENTED_EDGE('',*,*,#7238,.F.);
#7238 = EDGE_CURVE('',#7239,#7241,#7243,.T.);
#7239 = VERTEX_POINT('',#7240);
#7240 = CARTESIAN_POINT('',(3.,1.45,0.));
#7241 = VERTEX_POINT('',#7242);
#7242 = CARTESIAN_POINT('',(2.75,1.45,0.));
#7243 = LINE('',#7244,#7245);
#7244 = CARTESIAN_POINT('',(3.,1.45,0.));
#7245 = VECTOR('',#7246,1.);
#7246 = DIRECTION('',(-1.,3.445092848398E-16,0.));
#7247 = ORIENTED_EDGE('',*,*,#7248,.T.);
#7248 = EDGE_CURVE('',#7239,#7249,#7251,.T.);
#7249 = VERTEX_POINT('',#7250);
#7250 = CARTESIAN_POINT('',(3.,1.45,0.2));
#7251 = LINE('',#7252,#7253);
#7252 = CARTESIAN_POINT('',(3.,1.45,0.));
#7253 = VECTOR('',#7254,1.);
#7254 = DIRECTION('',(0.,0.,1.));
#7255 = ORIENTED_EDGE('',*,*,#7256,.T.);
#7256 = EDGE_CURVE('',#7249,#6820,#7257,.T.);
#7257 = LINE('',#7258,#7259);
#7258 = CARTESIAN_POINT('',(3.,1.45,0.2));
#7259 = VECTOR('',#7260,1.);
#7260 = DIRECTION('',(-1.,3.445092848398E-16,0.));
#7261 = ORIENTED_EDGE('',*,*,#6827,.T.);
#7262 = ORIENTED_EDGE('',*,*,#4726,.F.);
#7263 = ORIENTED_EDGE('',*,*,#7264,.F.);
#7264 = EDGE_CURVE('',#7241,#4718,#7265,.T.);
#7265 = LINE('',#7266,#7267);
#7266 = CARTESIAN_POINT('',(2.75,1.45,0.));
#7267 = VECTOR('',#7268,1.);
#7268 = DIRECTION('',(0.,0.,1.));
#7269 = PLANE('',#7270);
#7270 = AXIS2_PLACEMENT_3D('',#7271,#7272,#7273);
#7271 = CARTESIAN_POINT('',(3.,1.45,0.));
#7272 = DIRECTION('',(-3.445092848398E-16,-1.,0.));
#7273 = DIRECTION('',(-1.,3.445092848398E-16,0.));
#7274 = ADVANCED_FACE('',(#7275),#7309,.F.);
#7275 = FACE_BOUND('',#7276,.F.);
#7276 = EDGE_LOOP('',(#7277,#7287,#7293,#7294,#7295,#7303));
#7277 = ORIENTED_EDGE('',*,*,#7278,.F.);
#7278 = EDGE_CURVE('',#7279,#7281,#7283,.T.);
#7279 = VERTEX_POINT('',#7280);
#7280 = CARTESIAN_POINT('',(-1.45,-2.75,0.));
#7281 = VERTEX_POINT('',#7282);
#7282 = CARTESIAN_POINT('',(-1.45,-3.,0.));
#7283 = LINE('',#7284,#7285);
#7284 = CARTESIAN_POINT('',(-1.45,-2.75,0.));
#7285 = VECTOR('',#7286,1.);
#7286 = DIRECTION('',(-4.555315873023E-16,-1.,0.));
#7287 = ORIENTED_EDGE('',*,*,#7288,.T.);
#7288 = EDGE_CURVE('',#7279,#4339,#7289,.T.);
#7289 = LINE('',#7290,#7291);
#7290 = CARTESIAN_POINT('',(-1.45,-2.75,0.));
#7291 = VECTOR('',#7292,1.);
#7292 = DIRECTION('',(0.,0.,1.));
#7293 = ORIENTED_EDGE('',*,*,#4338,.F.);
#7294 = ORIENTED_EDGE('',*,*,#6895,.T.);
#7295 = ORIENTED_EDGE('',*,*,#7296,.T.);
#7296 = EDGE_CURVE('',#6896,#7297,#7299,.T.);
#7297 = VERTEX_POINT('',#7298);
#7298 = CARTESIAN_POINT('',(-1.45,-3.,0.2));
#7299 = LINE('',#7300,#7301);
#7300 = CARTESIAN_POINT('',(-1.45,-2.75,0.2));
#7301 = VECTOR('',#7302,1.);
#7302 = DIRECTION('',(-4.555315873023E-16,-1.,0.));
#7303 = ORIENTED_EDGE('',*,*,#7304,.F.);
#7304 = EDGE_CURVE('',#7281,#7297,#7305,.T.);
#7305 = LINE('',#7306,#7307);
#7306 = CARTESIAN_POINT('',(-1.45,-3.,0.));
#7307 = VECTOR('',#7308,1.);
#7308 = DIRECTION('',(0.,0.,1.));
#7309 = PLANE('',#7310);
#7310 = AXIS2_PLACEMENT_3D('',#7311,#7312,#7313);
#7311 = CARTESIAN_POINT('',(-1.45,-2.75,0.));
#7312 = DIRECTION('',(1.,-4.555315873023E-16,0.));
#7313 = DIRECTION('',(-4.555315873023E-16,-1.,0.));
#7314 = ADVANCED_FACE('',(#7315),#7334,.T.);
#7315 = FACE_BOUND('',#7316,.T.);
#7316 = EDGE_LOOP('',(#7317,#7325,#7326,#7327));
#7317 = ORIENTED_EDGE('',*,*,#7318,.T.);
#7318 = EDGE_CURVE('',#7319,#4710,#7321,.T.);
#7319 = VERTEX_POINT('',#7320);
#7320 = CARTESIAN_POINT('',(2.75,1.15,0.));
#7321 = LINE('',#7322,#7323);
#7322 = CARTESIAN_POINT('',(2.75,1.15,0.));
#7323 = VECTOR('',#7324,1.);
#7324 = DIRECTION('',(0.,0.,1.));
#7325 = ORIENTED_EDGE('',*,*,#4717,.T.);
#7326 = ORIENTED_EDGE('',*,*,#7264,.F.);
#7327 = ORIENTED_EDGE('',*,*,#7328,.T.);
#7328 = EDGE_CURVE('',#7241,#7319,#7329,.T.);
#7329 = CIRCLE('',#7330,0.15);
#7330 = AXIS2_PLACEMENT_3D('',#7331,#7332,#7333);
#7331 = CARTESIAN_POINT('',(2.75,1.3,0.));
#7332 = DIRECTION('',(0.,-0.,1.));
#7333 = DIRECTION('',(3.445092848398E-16,1.,0.));
#7334 = CYLINDRICAL_SURFACE('',#7335,0.15);
#7335 = AXIS2_PLACEMENT_3D('',#7336,#7337,#7338);
#7336 = CARTESIAN_POINT('',(2.75,1.3,0.));
#7337 = DIRECTION('',(0.,-0.,-1.));
#7338 = DIRECTION('',(3.445092848398E-16,1.,0.));
#7339 = ADVANCED_FACE('',(#7340),#7359,.T.);
#7340 = FACE_BOUND('',#7341,.T.);
#7341 = EDGE_LOOP('',(#7342,#7343,#7344,#7352));
#7342 = ORIENTED_EDGE('',*,*,#7288,.T.);
#7343 = ORIENTED_EDGE('',*,*,#4346,.T.);
#7344 = ORIENTED_EDGE('',*,*,#7345,.F.);
#7345 = EDGE_CURVE('',#7346,#4347,#7348,.T.);
#7346 = VERTEX_POINT('',#7347);
#7347 = CARTESIAN_POINT('',(-1.15,-2.75,0.));
#7348 = LINE('',#7349,#7350);
#7349 = CARTESIAN_POINT('',(-1.15,-2.75,0.));
#7350 = VECTOR('',#7351,1.);
#7351 = DIRECTION('',(0.,0.,1.));
#7352 = ORIENTED_EDGE('',*,*,#7353,.T.);
#7353 = EDGE_CURVE('',#7346,#7279,#7354,.T.);
#7354 = CIRCLE('',#7355,0.15);
#7355 = AXIS2_PLACEMENT_3D('',#7356,#7357,#7358);
#7356 = CARTESIAN_POINT('',(-1.3,-2.75,0.));
#7357 = DIRECTION('',(-0.,0.,1.));
#7358 = DIRECTION('',(1.,-5.665538897648E-16,0.));
#7359 = CYLINDRICAL_SURFACE('',#7360,0.15);
#7360 = AXIS2_PLACEMENT_3D('',#7361,#7362,#7363);
#7361 = CARTESIAN_POINT('',(-1.3,-2.75,0.));
#7362 = DIRECTION('',(-0.,0.,-1.));
#7363 = DIRECTION('',(1.,-5.665538897648E-16,-0.));
#7364 = ADVANCED_FACE('',(#7365),#7392,.F.);
#7365 = FACE_BOUND('',#7366,.F.);
#7366 = EDGE_LOOP('',(#7367,#7375,#7376,#7377,#7378,#7386));
#7367 = ORIENTED_EDGE('',*,*,#7368,.F.);
#7368 = EDGE_CURVE('',#7319,#7369,#7371,.T.);
#7369 = VERTEX_POINT('',#7370);
#7370 = CARTESIAN_POINT('',(3.,1.15,0.));
#7371 = LINE('',#7372,#7373);
#7372 = CARTESIAN_POINT('',(2.75,1.15,0.));
#7373 = VECTOR('',#7374,1.);
#7374 = DIRECTION('',(1.,-2.334869823773E-16,0.));
#7375 = ORIENTED_EDGE('',*,*,#7318,.T.);
#7376 = ORIENTED_EDGE('',*,*,#4709,.F.);
#7377 = ORIENTED_EDGE('',*,*,#6811,.T.);
#7378 = ORIENTED_EDGE('',*,*,#7379,.T.);
#7379 = EDGE_CURVE('',#6812,#7380,#7382,.T.);
#7380 = VERTEX_POINT('',#7381);
#7381 = CARTESIAN_POINT('',(3.,1.15,0.2));
#7382 = LINE('',#7383,#7384);
#7383 = CARTESIAN_POINT('',(2.75,1.15,0.2));
#7384 = VECTOR('',#7385,1.);
#7385 = DIRECTION('',(1.,-2.334869823773E-16,0.));
#7386 = ORIENTED_EDGE('',*,*,#7387,.F.);
#7387 = EDGE_CURVE('',#7369,#7380,#7388,.T.);
#7388 = LINE('',#7389,#7390);
#7389 = CARTESIAN_POINT('',(3.,1.15,0.));
#7390 = VECTOR('',#7391,1.);
#7391 = DIRECTION('',(0.,0.,1.));
#7392 = PLANE('',#7393);
#7393 = AXIS2_PLACEMENT_3D('',#7394,#7395,#7396);
#7394 = CARTESIAN_POINT('',(2.75,1.15,0.));
#7395 = DIRECTION('',(2.334869823773E-16,1.,0.));
#7396 = DIRECTION('',(1.,-2.334869823773E-16,0.));
#7397 = ADVANCED_FACE('',(#7398),#7425,.F.);
#7398 = FACE_BOUND('',#7399,.F.);
#7399 = EDGE_LOOP('',(#7400,#7408,#7416,#7422,#7423,#7424));
#7400 = ORIENTED_EDGE('',*,*,#7401,.F.);
#7401 = EDGE_CURVE('',#7402,#7346,#7404,.T.);
#7402 = VERTEX_POINT('',#7403);
#7403 = CARTESIAN_POINT('',(-1.15,-3.,0.));
#7404 = LINE('',#7405,#7406);
#7405 = CARTESIAN_POINT('',(-1.15,-3.,0.));
#7406 = VECTOR('',#7407,1.);
#7407 = DIRECTION('',(5.665538897648E-16,1.,0.));
#7408 = ORIENTED_EDGE('',*,*,#7409,.T.);
#7409 = EDGE_CURVE('',#7402,#7410,#7412,.T.);
#7410 = VERTEX_POINT('',#7411);
#7411 = CARTESIAN_POINT('',(-1.15,-3.,0.2));
#7412 = LINE('',#7413,#7414);
#7413 = CARTESIAN_POINT('',(-1.15,-3.,0.));
#7414 = VECTOR('',#7415,1.);
#7415 = DIRECTION('',(0.,0.,1.));
#7416 = ORIENTED_EDGE('',*,*,#7417,.T.);
#7417 = EDGE_CURVE('',#7410,#6904,#7418,.T.);
#7418 = LINE('',#7419,#7420);
#7419 = CARTESIAN_POINT('',(-1.15,-3.,0.2));
#7420 = VECTOR('',#7421,1.);
#7421 = DIRECTION('',(5.665538897648E-16,1.,0.));
#7422 = ORIENTED_EDGE('',*,*,#6911,.T.);
#7423 = ORIENTED_EDGE('',*,*,#4355,.F.);
#7424 = ORIENTED_EDGE('',*,*,#7345,.F.);
#7425 = PLANE('',#7426);
#7426 = AXIS2_PLACEMENT_3D('',#7427,#7428,#7429);
#7427 = CARTESIAN_POINT('',(-1.15,-3.,0.));
#7428 = DIRECTION('',(-1.,5.665538897648E-16,0.));
#7429 = DIRECTION('',(5.665538897648E-16,1.,0.));
#7430 = ADVANCED_FACE('',(#7431),#7465,.F.);
#7431 = FACE_BOUND('',#7432,.F.);
#7432 = EDGE_LOOP('',(#7433,#7443,#7451,#7457,#7458,#7459));
#7433 = ORIENTED_EDGE('',*,*,#7434,.F.);
#7434 = EDGE_CURVE('',#7435,#7437,#7439,.T.);
#7435 = VERTEX_POINT('',#7436);
#7436 = CARTESIAN_POINT('',(3.,0.8,0.));
#7437 = VERTEX_POINT('',#7438);
#7438 = CARTESIAN_POINT('',(2.75,0.8,0.));
#7439 = LINE('',#7440,#7441);
#7440 = CARTESIAN_POINT('',(3.,0.8,0.));
#7441 = VECTOR('',#7442,1.);
#7442 = DIRECTION('',(-1.,3.445092848398E-16,0.));
#7443 = ORIENTED_EDGE('',*,*,#7444,.T.);
#7444 = EDGE_CURVE('',#7435,#7445,#7447,.T.);
#7445 = VERTEX_POINT('',#7446);
#7446 = CARTESIAN_POINT('',(3.,0.8,0.2));
#7447 = LINE('',#7448,#7449);
#7448 = CARTESIAN_POINT('',(3.,0.8,0.));
#7449 = VECTOR('',#7450,1.);
#7450 = DIRECTION('',(0.,0.,1.));
#7451 = ORIENTED_EDGE('',*,*,#7452,.T.);
#7452 = EDGE_CURVE('',#7445,#6797,#7453,.T.);
#7453 = LINE('',#7454,#7455);
#7454 = CARTESIAN_POINT('',(3.,0.8,0.2));
#7455 = VECTOR('',#7456,1.);
#7456 = DIRECTION('',(-1.,3.445092848398E-16,0.));
#7457 = ORIENTED_EDGE('',*,*,#6804,.T.);
#7458 = ORIENTED_EDGE('',*,*,#4693,.F.);
#7459 = ORIENTED_EDGE('',*,*,#7460,.F.);
#7460 = EDGE_CURVE('',#7437,#4685,#7461,.T.);
#7461 = LINE('',#7462,#7463);
#7462 = CARTESIAN_POINT('',(2.75,0.8,0.));
#7463 = VECTOR('',#7464,1.);
#7464 = DIRECTION('',(0.,0.,1.));
#7465 = PLANE('',#7466);
#7466 = AXIS2_PLACEMENT_3D('',#7467,#7468,#7469);
#7467 = CARTESIAN_POINT('',(3.,0.8,0.));
#7468 = DIRECTION('',(-3.445092848398E-16,-1.,0.));
#7469 = DIRECTION('',(-1.,3.445092848398E-16,0.));
#7470 = ADVANCED_FACE('',(#7471),#7505,.F.);
#7471 = FACE_BOUND('',#7472,.F.);
#7472 = EDGE_LOOP('',(#7473,#7483,#7489,#7490,#7491,#7499));
#7473 = ORIENTED_EDGE('',*,*,#7474,.F.);
#7474 = EDGE_CURVE('',#7475,#7477,#7479,.T.);
#7475 = VERTEX_POINT('',#7476);
#7476 = CARTESIAN_POINT('',(-0.8,-2.75,0.));
#7477 = VERTEX_POINT('',#7478);
#7478 = CARTESIAN_POINT('',(-0.8,-3.,0.));
#7479 = LINE('',#7480,#7481);
#7480 = CARTESIAN_POINT('',(-0.8,-2.75,0.));
#7481 = VECTOR('',#7482,1.);
#7482 = DIRECTION('',(-4.555315873023E-16,-1.,0.));
#7483 = ORIENTED_EDGE('',*,*,#7484,.T.);
#7484 = EDGE_CURVE('',#7475,#4372,#7485,.T.);
#7485 = LINE('',#7486,#7487);
#7486 = CARTESIAN_POINT('',(-0.8,-2.75,0.));
#7487 = VECTOR('',#7488,1.);
#7488 = DIRECTION('',(0.,0.,1.));
#7489 = ORIENTED_EDGE('',*,*,#4371,.F.);
#7490 = ORIENTED_EDGE('',*,*,#6918,.T.);
#7491 = ORIENTED_EDGE('',*,*,#7492,.T.);
#7492 = EDGE_CURVE('',#6919,#7493,#7495,.T.);
#7493 = VERTEX_POINT('',#7494);
#7494 = CARTESIAN_POINT('',(-0.8,-3.,0.2));
#7495 = LINE('',#7496,#7497);
#7496 = CARTESIAN_POINT('',(-0.8,-2.75,0.2));
#7497 = VECTOR('',#7498,1.);
#7498 = DIRECTION('',(-4.555315873023E-16,-1.,0.));
#7499 = ORIENTED_EDGE('',*,*,#7500,.F.);
#7500 = EDGE_CURVE('',#7477,#7493,#7501,.T.);
#7501 = LINE('',#7502,#7503);
#7502 = CARTESIAN_POINT('',(-0.8,-3.,0.));
#7503 = VECTOR('',#7504,1.);
#7504 = DIRECTION('',(0.,0.,1.));
#7505 = PLANE('',#7506);
#7506 = AXIS2_PLACEMENT_3D('',#7507,#7508,#7509);
#7507 = CARTESIAN_POINT('',(-0.8,-2.75,0.));
#7508 = DIRECTION('',(1.,-4.555315873023E-16,0.));
#7509 = DIRECTION('',(-4.555315873023E-16,-1.,0.));
#7510 = ADVANCED_FACE('',(#7511),#7530,.T.);
#7511 = FACE_BOUND('',#7512,.T.);
#7512 = EDGE_LOOP('',(#7513,#7521,#7522,#7523));
#7513 = ORIENTED_EDGE('',*,*,#7514,.T.);
#7514 = EDGE_CURVE('',#7515,#4677,#7517,.T.);
#7515 = VERTEX_POINT('',#7516);
#7516 = CARTESIAN_POINT('',(2.75,0.5,0.));
#7517 = LINE('',#7518,#7519);
#7518 = CARTESIAN_POINT('',(2.75,0.5,0.));
#7519 = VECTOR('',#7520,1.);
#7520 = DIRECTION('',(0.,0.,1.));
#7521 = ORIENTED_EDGE('',*,*,#4684,.T.);
#7522 = ORIENTED_EDGE('',*,*,#7460,.F.);
#7523 = ORIENTED_EDGE('',*,*,#7524,.T.);
#7524 = EDGE_CURVE('',#7437,#7515,#7525,.T.);
#7525 = CIRCLE('',#7526,0.15);
#7526 = AXIS2_PLACEMENT_3D('',#7527,#7528,#7529);
#7527 = CARTESIAN_POINT('',(2.75,0.65,0.));
#7528 = DIRECTION('',(0.,-0.,1.));
#7529 = DIRECTION('',(3.445092848398E-16,1.,0.));
#7530 = CYLINDRICAL_SURFACE('',#7531,0.15);
#7531 = AXIS2_PLACEMENT_3D('',#7532,#7533,#7534);
#7532 = CARTESIAN_POINT('',(2.75,0.65,0.));
#7533 = DIRECTION('',(0.,-0.,-1.));
#7534 = DIRECTION('',(3.445092848398E-16,1.,0.));
#7535 = ADVANCED_FACE('',(#7536),#7555,.T.);
#7536 = FACE_BOUND('',#7537,.T.);
#7537 = EDGE_LOOP('',(#7538,#7539,#7540,#7548));
#7538 = ORIENTED_EDGE('',*,*,#7484,.T.);
#7539 = ORIENTED_EDGE('',*,*,#4379,.T.);
#7540 = ORIENTED_EDGE('',*,*,#7541,.F.);
#7541 = EDGE_CURVE('',#7542,#4380,#7544,.T.);
#7542 = VERTEX_POINT('',#7543);
#7543 = CARTESIAN_POINT('',(-0.5,-2.75,0.));
#7544 = LINE('',#7545,#7546);
#7545 = CARTESIAN_POINT('',(-0.5,-2.75,0.));
#7546 = VECTOR('',#7547,1.);
#7547 = DIRECTION('',(0.,0.,1.));
#7548 = ORIENTED_EDGE('',*,*,#7549,.T.);
#7549 = EDGE_CURVE('',#7542,#7475,#7550,.T.);
#7550 = CIRCLE('',#7551,0.15);
#7551 = AXIS2_PLACEMENT_3D('',#7552,#7553,#7554);
#7552 = CARTESIAN_POINT('',(-0.65,-2.75,0.));
#7553 = DIRECTION('',(-0.,0.,1.));
#7554 = DIRECTION('',(1.,-5.665538897648E-16,0.));
#7555 = CYLINDRICAL_SURFACE('',#7556,0.15);
#7556 = AXIS2_PLACEMENT_3D('',#7557,#7558,#7559);
#7557 = CARTESIAN_POINT('',(-0.65,-2.75,0.));
#7558 = DIRECTION('',(-0.,0.,-1.));
#7559 = DIRECTION('',(1.,-5.665538897648E-16,-0.));
#7560 = ADVANCED_FACE('',(#7561),#7588,.F.);
#7561 = FACE_BOUND('',#7562,.F.);
#7562 = EDGE_LOOP('',(#7563,#7571,#7572,#7573,#7574,#7582));
#7563 = ORIENTED_EDGE('',*,*,#7564,.F.);
#7564 = EDGE_CURVE('',#7515,#7565,#7567,.T.);
#7565 = VERTEX_POINT('',#7566);
#7566 = CARTESIAN_POINT('',(3.,0.5,0.));
#7567 = LINE('',#7568,#7569);
#7568 = CARTESIAN_POINT('',(2.75,0.5,0.));
#7569 = VECTOR('',#7570,1.);
#7570 = DIRECTION('',(1.,-2.334869823773E-16,0.));
#7571 = ORIENTED_EDGE('',*,*,#7514,.T.);
#7572 = ORIENTED_EDGE('',*,*,#4676,.F.);
#7573 = ORIENTED_EDGE('',*,*,#6788,.T.);
#7574 = ORIENTED_EDGE('',*,*,#7575,.T.);
#7575 = EDGE_CURVE('',#6789,#7576,#7578,.T.);
#7576 = VERTEX_POINT('',#7577);
#7577 = CARTESIAN_POINT('',(3.,0.5,0.2));
#7578 = LINE('',#7579,#7580);
#7579 = CARTESIAN_POINT('',(2.75,0.5,0.2));
#7580 = VECTOR('',#7581,1.);
#7581 = DIRECTION('',(1.,-2.334869823773E-16,0.));
#7582 = ORIENTED_EDGE('',*,*,#7583,.F.);
#7583 = EDGE_CURVE('',#7565,#7576,#7584,.T.);
#7584 = LINE('',#7585,#7586);
#7585 = CARTESIAN_POINT('',(3.,0.5,0.));
#7586 = VECTOR('',#7587,1.);
#7587 = DIRECTION('',(0.,0.,1.));
#7588 = PLANE('',#7589);
#7589 = AXIS2_PLACEMENT_3D('',#7590,#7591,#7592);
#7590 = CARTESIAN_POINT('',(2.75,0.5,0.));
#7591 = DIRECTION('',(2.334869823773E-16,1.,0.));
#7592 = DIRECTION('',(1.,-2.334869823773E-16,0.));
#7593 = ADVANCED_FACE('',(#7594),#7621,.F.);
#7594 = FACE_BOUND('',#7595,.F.);
#7595 = EDGE_LOOP('',(#7596,#7604,#7612,#7618,#7619,#7620));
#7596 = ORIENTED_EDGE('',*,*,#7597,.F.);
#7597 = EDGE_CURVE('',#7598,#7542,#7600,.T.);
#7598 = VERTEX_POINT('',#7599);
#7599 = CARTESIAN_POINT('',(-0.5,-3.,0.));
#7600 = LINE('',#7601,#7602);
#7601 = CARTESIAN_POINT('',(-0.5,-3.,0.));
#7602 = VECTOR('',#7603,1.);
#7603 = DIRECTION('',(5.665538897648E-16,1.,0.));
#7604 = ORIENTED_EDGE('',*,*,#7605,.T.);
#7605 = EDGE_CURVE('',#7598,#7606,#7608,.T.);
#7606 = VERTEX_POINT('',#7607);
#7607 = CARTESIAN_POINT('',(-0.5,-3.,0.2));
#7608 = LINE('',#7609,#7610);
#7609 = CARTESIAN_POINT('',(-0.5,-3.,0.));
#7610 = VECTOR('',#7611,1.);
#7611 = DIRECTION('',(0.,0.,1.));
#7612 = ORIENTED_EDGE('',*,*,#7613,.T.);
#7613 = EDGE_CURVE('',#7606,#6927,#7614,.T.);
#7614 = LINE('',#7615,#7616);
#7615 = CARTESIAN_POINT('',(-0.5,-3.,0.2));
#7616 = VECTOR('',#7617,1.);
#7617 = DIRECTION('',(5.665538897648E-16,1.,0.));
#7618 = ORIENTED_EDGE('',*,*,#6934,.T.);
#7619 = ORIENTED_EDGE('',*,*,#4388,.F.);
#7620 = ORIENTED_EDGE('',*,*,#7541,.F.);
#7621 = PLANE('',#7622);
#7622 = AXIS2_PLACEMENT_3D('',#7623,#7624,#7625);
#7623 = CARTESIAN_POINT('',(-0.5,-3.,0.));
#7624 = DIRECTION('',(-1.,5.665538897648E-16,0.));
#7625 = DIRECTION('',(5.665538897648E-16,1.,0.));
#7626 = ADVANCED_FACE('',(#7627),#7661,.F.);
#7627 = FACE_BOUND('',#7628,.F.);
#7628 = EDGE_LOOP('',(#7629,#7639,#7647,#7653,#7654,#7655));
#7629 = ORIENTED_EDGE('',*,*,#7630,.F.);
#7630 = EDGE_CURVE('',#7631,#7633,#7635,.T.);
#7631 = VERTEX_POINT('',#7632);
#7632 = CARTESIAN_POINT('',(3.,0.15,0.));
#7633 = VERTEX_POINT('',#7634);
#7634 = CARTESIAN_POINT('',(2.75,0.15,0.));
#7635 = LINE('',#7636,#7637);
#7636 = CARTESIAN_POINT('',(3.,0.15,0.));
#7637 = VECTOR('',#7638,1.);
#7638 = DIRECTION('',(-1.,3.445092848398E-16,0.));
#7639 = ORIENTED_EDGE('',*,*,#7640,.T.);
#7640 = EDGE_CURVE('',#7631,#7641,#7643,.T.);
#7641 = VERTEX_POINT('',#7642);
#7642 = CARTESIAN_POINT('',(3.,0.15,0.2));
#7643 = LINE('',#7644,#7645);
#7644 = CARTESIAN_POINT('',(3.,0.15,0.));
#7645 = VECTOR('',#7646,1.);
#7646 = DIRECTION('',(0.,0.,1.));
#7647 = ORIENTED_EDGE('',*,*,#7648,.T.);
#7648 = EDGE_CURVE('',#7641,#6774,#7649,.T.);
#7649 = LINE('',#7650,#7651);
#7650 = CARTESIAN_POINT('',(3.,0.15,0.2));
#7651 = VECTOR('',#7652,1.);
#7652 = DIRECTION('',(-1.,3.445092848398E-16,0.));
#7653 = ORIENTED_EDGE('',*,*,#6781,.T.);
#7654 = ORIENTED_EDGE('',*,*,#4660,.F.);
#7655 = ORIENTED_EDGE('',*,*,#7656,.F.);
#7656 = EDGE_CURVE('',#7633,#4652,#7657,.T.);
#7657 = LINE('',#7658,#7659);
#7658 = CARTESIAN_POINT('',(2.75,0.15,0.));
#7659 = VECTOR('',#7660,1.);
#7660 = DIRECTION('',(0.,0.,1.));
#7661 = PLANE('',#7662);
#7662 = AXIS2_PLACEMENT_3D('',#7663,#7664,#7665);
#7663 = CARTESIAN_POINT('',(3.,0.15,0.));
#7664 = DIRECTION('',(-3.445092848398E-16,-1.,0.));
#7665 = DIRECTION('',(-1.,3.445092848398E-16,0.));
#7666 = ADVANCED_FACE('',(#7667),#7701,.F.);
#7667 = FACE_BOUND('',#7668,.F.);
#7668 = EDGE_LOOP('',(#7669,#7679,#7685,#7686,#7687,#7695));
#7669 = ORIENTED_EDGE('',*,*,#7670,.F.);
#7670 = EDGE_CURVE('',#7671,#7673,#7675,.T.);
#7671 = VERTEX_POINT('',#7672);
#7672 = CARTESIAN_POINT('',(-0.15,-2.75,0.));
#7673 = VERTEX_POINT('',#7674);
#7674 = CARTESIAN_POINT('',(-0.15,-3.,0.));
#7675 = LINE('',#7676,#7677);
#7676 = CARTESIAN_POINT('',(-0.15,-2.75,0.));
#7677 = VECTOR('',#7678,1.);
#7678 = DIRECTION('',(-4.555315873023E-16,-1.,0.));
#7679 = ORIENTED_EDGE('',*,*,#7680,.T.);
#7680 = EDGE_CURVE('',#7671,#4405,#7681,.T.);
#7681 = LINE('',#7682,#7683);
#7682 = CARTESIAN_POINT('',(-0.15,-2.75,0.));
#7683 = VECTOR('',#7684,1.);
#7684 = DIRECTION('',(0.,0.,1.));
#7685 = ORIENTED_EDGE('',*,*,#4404,.F.);
#7686 = ORIENTED_EDGE('',*,*,#6941,.T.);
#7687 = ORIENTED_EDGE('',*,*,#7688,.T.);
#7688 = EDGE_CURVE('',#6942,#7689,#7691,.T.);
#7689 = VERTEX_POINT('',#7690);
#7690 = CARTESIAN_POINT('',(-0.15,-3.,0.2));
#7691 = LINE('',#7692,#7693);
#7692 = CARTESIAN_POINT('',(-0.15,-2.75,0.2));
#7693 = VECTOR('',#7694,1.);
#7694 = DIRECTION('',(-4.555315873023E-16,-1.,0.));
#7695 = ORIENTED_EDGE('',*,*,#7696,.F.);
#7696 = EDGE_CURVE('',#7673,#7689,#7697,.T.);
#7697 = LINE('',#7698,#7699);
#7698 = CARTESIAN_POINT('',(-0.15,-3.,0.));
#7699 = VECTOR('',#7700,1.);
#7700 = DIRECTION('',(0.,0.,1.));
#7701 = PLANE('',#7702);
#7702 = AXIS2_PLACEMENT_3D('',#7703,#7704,#7705);
#7703 = CARTESIAN_POINT('',(-0.15,-2.75,0.));
#7704 = DIRECTION('',(1.,-4.555315873023E-16,0.));
#7705 = DIRECTION('',(-4.555315873023E-16,-1.,0.));
#7706 = ADVANCED_FACE('',(#7707),#7726,.T.);
#7707 = FACE_BOUND('',#7708,.T.);
#7708 = EDGE_LOOP('',(#7709,#7717,#7718,#7719));
#7709 = ORIENTED_EDGE('',*,*,#7710,.T.);
#7710 = EDGE_CURVE('',#7711,#4644,#7713,.T.);
#7711 = VERTEX_POINT('',#7712);
#7712 = CARTESIAN_POINT('',(2.75,-0.15,0.));
#7713 = LINE('',#7714,#7715);
#7714 = CARTESIAN_POINT('',(2.75,-0.15,0.));
#7715 = VECTOR('',#7716,1.);
#7716 = DIRECTION('',(0.,0.,1.));
#7717 = ORIENTED_EDGE('',*,*,#4651,.T.);
#7718 = ORIENTED_EDGE('',*,*,#7656,.F.);
#7719 = ORIENTED_EDGE('',*,*,#7720,.T.);
#7720 = EDGE_CURVE('',#7633,#7711,#7721,.T.);
#7721 = CIRCLE('',#7722,0.15);
#7722 = AXIS2_PLACEMENT_3D('',#7723,#7724,#7725);
#7723 = CARTESIAN_POINT('',(2.75,-6.383782391595E-16,0.));
#7724 = DIRECTION('',(0.,-0.,1.));
#7725 = DIRECTION('',(3.445092848398E-16,1.,0.));
#7726 = CYLINDRICAL_SURFACE('',#7727,0.15);
#7727 = AXIS2_PLACEMENT_3D('',#7728,#7729,#7730);
#7728 = CARTESIAN_POINT('',(2.75,-6.383782391595E-16,0.));
#7729 = DIRECTION('',(0.,-0.,-1.));
#7730 = DIRECTION('',(3.445092848398E-16,1.,0.));
#7731 = ADVANCED_FACE('',(#7732),#7751,.T.);
#7732 = FACE_BOUND('',#7733,.T.);
#7733 = EDGE_LOOP('',(#7734,#7735,#7736,#7744));
#7734 = ORIENTED_EDGE('',*,*,#7680,.T.);
#7735 = ORIENTED_EDGE('',*,*,#4412,.T.);
#7736 = ORIENTED_EDGE('',*,*,#7737,.F.);
#7737 = EDGE_CURVE('',#7738,#4413,#7740,.T.);
#7738 = VERTEX_POINT('',#7739);
#7739 = CARTESIAN_POINT('',(0.15,-2.75,0.));
#7740 = LINE('',#7741,#7742);
#7741 = CARTESIAN_POINT('',(0.15,-2.75,0.));
#7742 = VECTOR('',#7743,1.);
#7743 = DIRECTION('',(0.,0.,1.));
#7744 = ORIENTED_EDGE('',*,*,#7745,.T.);
#7745 = EDGE_CURVE('',#7738,#7671,#7746,.T.);
#7746 = CIRCLE('',#7747,0.15);
#7747 = AXIS2_PLACEMENT_3D('',#7748,#7749,#7750);
#7748 = CARTESIAN_POINT('',(-1.249000902703E-15,-2.75,0.));
#7749 = DIRECTION('',(-0.,0.,1.));
#7750 = DIRECTION('',(1.,-5.665538897648E-16,0.));
#7751 = CYLINDRICAL_SURFACE('',#7752,0.15);
#7752 = AXIS2_PLACEMENT_3D('',#7753,#7754,#7755);
#7753 = CARTESIAN_POINT('',(-1.249000902703E-15,-2.75,0.));
#7754 = DIRECTION('',(-0.,0.,-1.));
#7755 = DIRECTION('',(1.,-5.665538897648E-16,-0.));
#7756 = ADVANCED_FACE('',(#7757),#7784,.F.);
#7757 = FACE_BOUND('',#7758,.F.);
#7758 = EDGE_LOOP('',(#7759,#7767,#7768,#7769,#7770,#7778));
#7759 = ORIENTED_EDGE('',*,*,#7760,.F.);
#7760 = EDGE_CURVE('',#7711,#7761,#7763,.T.);
#7761 = VERTEX_POINT('',#7762);
#7762 = CARTESIAN_POINT('',(3.,-0.15,0.));
#7763 = LINE('',#7764,#7765);
#7764 = CARTESIAN_POINT('',(2.75,-0.15,0.));
#7765 = VECTOR('',#7766,1.);
#7766 = DIRECTION('',(1.,-2.334869823773E-16,0.));
#7767 = ORIENTED_EDGE('',*,*,#7710,.T.);
#7768 = ORIENTED_EDGE('',*,*,#4643,.F.);
#7769 = ORIENTED_EDGE('',*,*,#6765,.T.);
#7770 = ORIENTED_EDGE('',*,*,#7771,.T.);
#7771 = EDGE_CURVE('',#6766,#7772,#7774,.T.);
#7772 = VERTEX_POINT('',#7773);
#7773 = CARTESIAN_POINT('',(3.,-0.15,0.2));
#7774 = LINE('',#7775,#7776);
#7775 = CARTESIAN_POINT('',(2.75,-0.15,0.2));
#7776 = VECTOR('',#7777,1.);
#7777 = DIRECTION('',(1.,-2.334869823773E-16,0.));
#7778 = ORIENTED_EDGE('',*,*,#7779,.F.);
#7779 = EDGE_CURVE('',#7761,#7772,#7780,.T.);
#7780 = LINE('',#7781,#7782);
#7781 = CARTESIAN_POINT('',(3.,-0.15,0.));
#7782 = VECTOR('',#7783,1.);
#7783 = DIRECTION('',(0.,0.,1.));
#7784 = PLANE('',#7785);
#7785 = AXIS2_PLACEMENT_3D('',#7786,#7787,#7788);
#7786 = CARTESIAN_POINT('',(2.75,-0.15,0.));
#7787 = DIRECTION('',(2.334869823773E-16,1.,0.));
#7788 = DIRECTION('',(1.,-2.334869823773E-16,0.));
#7789 = ADVANCED_FACE('',(#7790),#7817,.F.);
#7790 = FACE_BOUND('',#7791,.F.);
#7791 = EDGE_LOOP('',(#7792,#7800,#7808,#7814,#7815,#7816));
#7792 = ORIENTED_EDGE('',*,*,#7793,.F.);
#7793 = EDGE_CURVE('',#7794,#7738,#7796,.T.);
#7794 = VERTEX_POINT('',#7795);
#7795 = CARTESIAN_POINT('',(0.15,-3.,0.));
#7796 = LINE('',#7797,#7798);
#7797 = CARTESIAN_POINT('',(0.15,-3.,0.));
#7798 = VECTOR('',#7799,1.);
#7799 = DIRECTION('',(5.665538897648E-16,1.,0.));
#7800 = ORIENTED_EDGE('',*,*,#7801,.T.);
#7801 = EDGE_CURVE('',#7794,#7802,#7804,.T.);
#7802 = VERTEX_POINT('',#7803);
#7803 = CARTESIAN_POINT('',(0.15,-3.,0.2));
#7804 = LINE('',#7805,#7806);
#7805 = CARTESIAN_POINT('',(0.15,-3.,0.));
#7806 = VECTOR('',#7807,1.);
#7807 = DIRECTION('',(0.,0.,1.));
#7808 = ORIENTED_EDGE('',*,*,#7809,.T.);
#7809 = EDGE_CURVE('',#7802,#6950,#7810,.T.);
#7810 = LINE('',#7811,#7812);
#7811 = CARTESIAN_POINT('',(0.15,-3.,0.2));
#7812 = VECTOR('',#7813,1.);
#7813 = DIRECTION('',(5.665538897648E-16,1.,0.));
#7814 = ORIENTED_EDGE('',*,*,#6957,.T.);
#7815 = ORIENTED_EDGE('',*,*,#4421,.F.);
#7816 = ORIENTED_EDGE('',*,*,#7737,.F.);
#7817 = PLANE('',#7818);
#7818 = AXIS2_PLACEMENT_3D('',#7819,#7820,#7821);
#7819 = CARTESIAN_POINT('',(0.15,-3.,0.));
#7820 = DIRECTION('',(-1.,5.665538897648E-16,0.));
#7821 = DIRECTION('',(5.665538897648E-16,1.,0.));
#7822 = ADVANCED_FACE('',(#7823),#7857,.F.);
#7823 = FACE_BOUND('',#7824,.F.);
#7824 = EDGE_LOOP('',(#7825,#7835,#7843,#7849,#7850,#7851));
#7825 = ORIENTED_EDGE('',*,*,#7826,.F.);
#7826 = EDGE_CURVE('',#7827,#7829,#7831,.T.);
#7827 = VERTEX_POINT('',#7828);
#7828 = CARTESIAN_POINT('',(3.,-0.5,0.));
#7829 = VERTEX_POINT('',#7830);
#7830 = CARTESIAN_POINT('',(2.75,-0.5,0.));
#7831 = LINE('',#7832,#7833);
#7832 = CARTESIAN_POINT('',(3.,-0.5,0.));
#7833 = VECTOR('',#7834,1.);
#7834 = DIRECTION('',(-1.,3.445092848398E-16,0.));
#7835 = ORIENTED_EDGE('',*,*,#7836,.T.);
#7836 = EDGE_CURVE('',#7827,#7837,#7839,.T.);
#7837 = VERTEX_POINT('',#7838);
#7838 = CARTESIAN_POINT('',(3.,-0.5,0.2));
#7839 = LINE('',#7840,#7841);
#7840 = CARTESIAN_POINT('',(3.,-0.5,0.));
#7841 = VECTOR('',#7842,1.);
#7842 = DIRECTION('',(0.,0.,1.));
#7843 = ORIENTED_EDGE('',*,*,#7844,.T.);
#7844 = EDGE_CURVE('',#7837,#6751,#7845,.T.);
#7845 = LINE('',#7846,#7847);
#7846 = CARTESIAN_POINT('',(3.,-0.5,0.2));
#7847 = VECTOR('',#7848,1.);
#7848 = DIRECTION('',(-1.,3.445092848398E-16,0.));
#7849 = ORIENTED_EDGE('',*,*,#6758,.T.);
#7850 = ORIENTED_EDGE('',*,*,#4627,.F.);
#7851 = ORIENTED_EDGE('',*,*,#7852,.F.);
#7852 = EDGE_CURVE('',#7829,#4619,#7853,.T.);
#7853 = LINE('',#7854,#7855);
#7854 = CARTESIAN_POINT('',(2.75,-0.5,0.));
#7855 = VECTOR('',#7856,1.);
#7856 = DIRECTION('',(0.,0.,1.));
#7857 = PLANE('',#7858);
#7858 = AXIS2_PLACEMENT_3D('',#7859,#7860,#7861);
#7859 = CARTESIAN_POINT('',(3.,-0.5,0.));
#7860 = DIRECTION('',(-3.445092848398E-16,-1.,0.));
#7861 = DIRECTION('',(-1.,3.445092848398E-16,0.));
#7862 = ADVANCED_FACE('',(#7863),#7897,.F.);
#7863 = FACE_BOUND('',#7864,.F.);
#7864 = EDGE_LOOP('',(#7865,#7875,#7881,#7882,#7883,#7891));
#7865 = ORIENTED_EDGE('',*,*,#7866,.F.);
#7866 = EDGE_CURVE('',#7867,#7869,#7871,.T.);
#7867 = VERTEX_POINT('',#7868);
#7868 = CARTESIAN_POINT('',(0.5,-2.75,0.));
#7869 = VERTEX_POINT('',#7870);
#7870 = CARTESIAN_POINT('',(0.5,-3.,0.));
#7871 = LINE('',#7872,#7873);
#7872 = CARTESIAN_POINT('',(0.5,-2.75,0.));
#7873 = VECTOR('',#7874,1.);
#7874 = DIRECTION('',(-4.555315873023E-16,-1.,0.));
#7875 = ORIENTED_EDGE('',*,*,#7876,.T.);
#7876 = EDGE_CURVE('',#7867,#4438,#7877,.T.);
#7877 = LINE('',#7878,#7879);
#7878 = CARTESIAN_POINT('',(0.5,-2.75,0.));
#7879 = VECTOR('',#7880,1.);
#7880 = DIRECTION('',(0.,0.,1.));
#7881 = ORIENTED_EDGE('',*,*,#4437,.F.);
#7882 = ORIENTED_EDGE('',*,*,#6964,.T.);
#7883 = ORIENTED_EDGE('',*,*,#7884,.T.);
#7884 = EDGE_CURVE('',#6965,#7885,#7887,.T.);
#7885 = VERTEX_POINT('',#7886);
#7886 = CARTESIAN_POINT('',(0.5,-3.,0.2));
#7887 = LINE('',#7888,#7889);
#7888 = CARTESIAN_POINT('',(0.5,-2.75,0.2));
#7889 = VECTOR('',#7890,1.);
#7890 = DIRECTION('',(-4.555315873023E-16,-1.,0.));
#7891 = ORIENTED_EDGE('',*,*,#7892,.F.);
#7892 = EDGE_CURVE('',#7869,#7885,#7893,.T.);
#7893 = LINE('',#7894,#7895);
#7894 = CARTESIAN_POINT('',(0.5,-3.,0.));
#7895 = VECTOR('',#7896,1.);
#7896 = DIRECTION('',(0.,0.,1.));
#7897 = PLANE('',#7898);
#7898 = AXIS2_PLACEMENT_3D('',#7899,#7900,#7901);
#7899 = CARTESIAN_POINT('',(0.5,-2.75,0.));
#7900 = DIRECTION('',(1.,-4.555315873023E-16,0.));
#7901 = DIRECTION('',(-4.555315873023E-16,-1.,0.));
#7902 = ADVANCED_FACE('',(#7903),#7922,.T.);
#7903 = FACE_BOUND('',#7904,.T.);
#7904 = EDGE_LOOP('',(#7905,#7913,#7914,#7915));
#7905 = ORIENTED_EDGE('',*,*,#7906,.T.);
#7906 = EDGE_CURVE('',#7907,#4611,#7909,.T.);
#7907 = VERTEX_POINT('',#7908);
#7908 = CARTESIAN_POINT('',(2.75,-0.8,0.));
#7909 = LINE('',#7910,#7911);
#7910 = CARTESIAN_POINT('',(2.75,-0.8,0.));
#7911 = VECTOR('',#7912,1.);
#7912 = DIRECTION('',(0.,0.,1.));
#7913 = ORIENTED_EDGE('',*,*,#4618,.T.);
#7914 = ORIENTED_EDGE('',*,*,#7852,.F.);
#7915 = ORIENTED_EDGE('',*,*,#7916,.T.);
#7916 = EDGE_CURVE('',#7829,#7907,#7917,.T.);
#7917 = CIRCLE('',#7918,0.15);
#7918 = AXIS2_PLACEMENT_3D('',#7919,#7920,#7921);
#7919 = CARTESIAN_POINT('',(2.75,-0.65,0.));
#7920 = DIRECTION('',(0.,-0.,1.));
#7921 = DIRECTION('',(3.445092848398E-16,1.,0.));
#7922 = CYLINDRICAL_SURFACE('',#7923,0.15);
#7923 = AXIS2_PLACEMENT_3D('',#7924,#7925,#7926);
#7924 = CARTESIAN_POINT('',(2.75,-0.65,0.));
#7925 = DIRECTION('',(0.,-0.,-1.));
#7926 = DIRECTION('',(3.445092848398E-16,1.,0.));
#7927 = ADVANCED_FACE('',(#7928),#7947,.T.);
#7928 = FACE_BOUND('',#7929,.T.);
#7929 = EDGE_LOOP('',(#7930,#7931,#7932,#7940));
#7930 = ORIENTED_EDGE('',*,*,#7876,.T.);
#7931 = ORIENTED_EDGE('',*,*,#4445,.T.);
#7932 = ORIENTED_EDGE('',*,*,#7933,.F.);
#7933 = EDGE_CURVE('',#7934,#4446,#7936,.T.);
#7934 = VERTEX_POINT('',#7935);
#7935 = CARTESIAN_POINT('',(0.8,-2.75,0.));
#7936 = LINE('',#7937,#7938);
#7937 = CARTESIAN_POINT('',(0.8,-2.75,0.));
#7938 = VECTOR('',#7939,1.);
#7939 = DIRECTION('',(0.,0.,1.));
#7940 = ORIENTED_EDGE('',*,*,#7941,.T.);
#7941 = EDGE_CURVE('',#7934,#7867,#7942,.T.);
#7942 = CIRCLE('',#7943,0.15);
#7943 = AXIS2_PLACEMENT_3D('',#7944,#7945,#7946);
#7944 = CARTESIAN_POINT('',(0.65,-2.75,0.));
#7945 = DIRECTION('',(-0.,0.,1.));
#7946 = DIRECTION('',(1.,-5.665538897648E-16,0.));
#7947 = CYLINDRICAL_SURFACE('',#7948,0.15);
#7948 = AXIS2_PLACEMENT_3D('',#7949,#7950,#7951);
#7949 = CARTESIAN_POINT('',(0.65,-2.75,0.));
#7950 = DIRECTION('',(-0.,0.,-1.));
#7951 = DIRECTION('',(1.,-5.665538897648E-16,-0.));
#7952 = ADVANCED_FACE('',(#7953),#7980,.F.);
#7953 = FACE_BOUND('',#7954,.F.);
#7954 = EDGE_LOOP('',(#7955,#7963,#7964,#7965,#7966,#7974));
#7955 = ORIENTED_EDGE('',*,*,#7956,.F.);
#7956 = EDGE_CURVE('',#7907,#7957,#7959,.T.);
#7957 = VERTEX_POINT('',#7958);
#7958 = CARTESIAN_POINT('',(3.,-0.8,0.));
#7959 = LINE('',#7960,#7961);
#7960 = CARTESIAN_POINT('',(2.75,-0.8,0.));
#7961 = VECTOR('',#7962,1.);
#7962 = DIRECTION('',(1.,-2.334869823773E-16,0.));
#7963 = ORIENTED_EDGE('',*,*,#7906,.T.);
#7964 = ORIENTED_EDGE('',*,*,#4610,.F.);
#7965 = ORIENTED_EDGE('',*,*,#6742,.T.);
#7966 = ORIENTED_EDGE('',*,*,#7967,.T.);
#7967 = EDGE_CURVE('',#6743,#7968,#7970,.T.);
#7968 = VERTEX_POINT('',#7969);
#7969 = CARTESIAN_POINT('',(3.,-0.8,0.2));
#7970 = LINE('',#7971,#7972);
#7971 = CARTESIAN_POINT('',(2.75,-0.8,0.2));
#7972 = VECTOR('',#7973,1.);
#7973 = DIRECTION('',(1.,-2.334869823773E-16,0.));
#7974 = ORIENTED_EDGE('',*,*,#7975,.F.);
#7975 = EDGE_CURVE('',#7957,#7968,#7976,.T.);
#7976 = LINE('',#7977,#7978);
#7977 = CARTESIAN_POINT('',(3.,-0.8,0.));
#7978 = VECTOR('',#7979,1.);
#7979 = DIRECTION('',(0.,0.,1.));
#7980 = PLANE('',#7981);
#7981 = AXIS2_PLACEMENT_3D('',#7982,#7983,#7984);
#7982 = CARTESIAN_POINT('',(2.75,-0.8,0.));
#7983 = DIRECTION('',(2.334869823773E-16,1.,0.));
#7984 = DIRECTION('',(1.,-2.334869823773E-16,0.));
#7985 = ADVANCED_FACE('',(#7986),#8013,.F.);
#7986 = FACE_BOUND('',#7987,.F.);
#7987 = EDGE_LOOP('',(#7988,#7996,#8004,#8010,#8011,#8012));
#7988 = ORIENTED_EDGE('',*,*,#7989,.F.);
#7989 = EDGE_CURVE('',#7990,#7934,#7992,.T.);
#7990 = VERTEX_POINT('',#7991);
#7991 = CARTESIAN_POINT('',(0.8,-3.,0.));
#7992 = LINE('',#7993,#7994);
#7993 = CARTESIAN_POINT('',(0.8,-3.,0.));
#7994 = VECTOR('',#7995,1.);
#7995 = DIRECTION('',(5.665538897648E-16,1.,0.));
#7996 = ORIENTED_EDGE('',*,*,#7997,.T.);
#7997 = EDGE_CURVE('',#7990,#7998,#8000,.T.);
#7998 = VERTEX_POINT('',#7999);
#7999 = CARTESIAN_POINT('',(0.8,-3.,0.2));
#8000 = LINE('',#8001,#8002);
#8001 = CARTESIAN_POINT('',(0.8,-3.,0.));
#8002 = VECTOR('',#8003,1.);
#8003 = DIRECTION('',(0.,0.,1.));
#8004 = ORIENTED_EDGE('',*,*,#8005,.T.);
#8005 = EDGE_CURVE('',#7998,#6973,#8006,.T.);
#8006 = LINE('',#8007,#8008);
#8007 = CARTESIAN_POINT('',(0.8,-3.,0.2));
#8008 = VECTOR('',#8009,1.);
#8009 = DIRECTION('',(5.665538897648E-16,1.,0.));
#8010 = ORIENTED_EDGE('',*,*,#6980,.T.);
#8011 = ORIENTED_EDGE('',*,*,#4454,.F.);
#8012 = ORIENTED_EDGE('',*,*,#7933,.F.);
#8013 = PLANE('',#8014);
#8014 = AXIS2_PLACEMENT_3D('',#8015,#8016,#8017);
#8015 = CARTESIAN_POINT('',(0.8,-3.,0.));
#8016 = DIRECTION('',(-1.,5.665538897648E-16,0.));
#8017 = DIRECTION('',(5.665538897648E-16,1.,0.));
#8018 = ADVANCED_FACE('',(#8019),#8053,.F.);
#8019 = FACE_BOUND('',#8020,.F.);
#8020 = EDGE_LOOP('',(#8021,#8031,#8039,#8045,#8046,#8047));
#8021 = ORIENTED_EDGE('',*,*,#8022,.F.);
#8022 = EDGE_CURVE('',#8023,#8025,#8027,.T.);
#8023 = VERTEX_POINT('',#8024);
#8024 = CARTESIAN_POINT('',(3.,-1.15,0.));
#8025 = VERTEX_POINT('',#8026);
#8026 = CARTESIAN_POINT('',(2.75,-1.15,0.));
#8027 = LINE('',#8028,#8029);
#8028 = CARTESIAN_POINT('',(3.,-1.15,0.));
#8029 = VECTOR('',#8030,1.);
#8030 = DIRECTION('',(-1.,3.445092848398E-16,0.));
#8031 = ORIENTED_EDGE('',*,*,#8032,.T.);
#8032 = EDGE_CURVE('',#8023,#8033,#8035,.T.);
#8033 = VERTEX_POINT('',#8034);
#8034 = CARTESIAN_POINT('',(3.,-1.15,0.2));
#8035 = LINE('',#8036,#8037);
#8036 = CARTESIAN_POINT('',(3.,-1.15,0.));
#8037 = VECTOR('',#8038,1.);
#8038 = DIRECTION('',(0.,0.,1.));
#8039 = ORIENTED_EDGE('',*,*,#8040,.T.);
#8040 = EDGE_CURVE('',#8033,#6728,#8041,.T.);
#8041 = LINE('',#8042,#8043);
#8042 = CARTESIAN_POINT('',(3.,-1.15,0.2));
#8043 = VECTOR('',#8044,1.);
#8044 = DIRECTION('',(-1.,3.445092848398E-16,0.));
#8045 = ORIENTED_EDGE('',*,*,#6735,.T.);
#8046 = ORIENTED_EDGE('',*,*,#4594,.F.);
#8047 = ORIENTED_EDGE('',*,*,#8048,.F.);
#8048 = EDGE_CURVE('',#8025,#4586,#8049,.T.);
#8049 = LINE('',#8050,#8051);
#8050 = CARTESIAN_POINT('',(2.75,-1.15,0.));
#8051 = VECTOR('',#8052,1.);
#8052 = DIRECTION('',(0.,0.,1.));
#8053 = PLANE('',#8054);
#8054 = AXIS2_PLACEMENT_3D('',#8055,#8056,#8057);
#8055 = CARTESIAN_POINT('',(3.,-1.15,0.));
#8056 = DIRECTION('',(-3.445092848398E-16,-1.,0.));
#8057 = DIRECTION('',(-1.,3.445092848398E-16,0.));
#8058 = ADVANCED_FACE('',(#8059),#8093,.F.);
#8059 = FACE_BOUND('',#8060,.F.);
#8060 = EDGE_LOOP('',(#8061,#8071,#8077,#8078,#8079,#8087));
#8061 = ORIENTED_EDGE('',*,*,#8062,.F.);
#8062 = EDGE_CURVE('',#8063,#8065,#8067,.T.);
#8063 = VERTEX_POINT('',#8064);
#8064 = CARTESIAN_POINT('',(1.15,-2.75,0.));
#8065 = VERTEX_POINT('',#8066);
#8066 = CARTESIAN_POINT('',(1.15,-3.,0.));
#8067 = LINE('',#8068,#8069);
#8068 = CARTESIAN_POINT('',(1.15,-2.75,0.));
#8069 = VECTOR('',#8070,1.);
#8070 = DIRECTION('',(-4.555315873023E-16,-1.,0.));
#8071 = ORIENTED_EDGE('',*,*,#8072,.T.);
#8072 = EDGE_CURVE('',#8063,#4471,#8073,.T.);
#8073 = LINE('',#8074,#8075);
#8074 = CARTESIAN_POINT('',(1.15,-2.75,0.));
#8075 = VECTOR('',#8076,1.);
#8076 = DIRECTION('',(0.,0.,1.));
#8077 = ORIENTED_EDGE('',*,*,#4470,.F.);
#8078 = ORIENTED_EDGE('',*,*,#6987,.T.);
#8079 = ORIENTED_EDGE('',*,*,#8080,.T.);
#8080 = EDGE_CURVE('',#6988,#8081,#8083,.T.);
#8081 = VERTEX_POINT('',#8082);
#8082 = CARTESIAN_POINT('',(1.15,-3.,0.2));
#8083 = LINE('',#8084,#8085);
#8084 = CARTESIAN_POINT('',(1.15,-2.75,0.2));
#8085 = VECTOR('',#8086,1.);
#8086 = DIRECTION('',(-4.555315873023E-16,-1.,0.));
#8087 = ORIENTED_EDGE('',*,*,#8088,.F.);
#8088 = EDGE_CURVE('',#8065,#8081,#8089,.T.);
#8089 = LINE('',#8090,#8091);
#8090 = CARTESIAN_POINT('',(1.15,-3.,0.));
#8091 = VECTOR('',#8092,1.);
#8092 = DIRECTION('',(0.,0.,1.));
#8093 = PLANE('',#8094);
#8094 = AXIS2_PLACEMENT_3D('',#8095,#8096,#8097);
#8095 = CARTESIAN_POINT('',(1.15,-2.75,0.));
#8096 = DIRECTION('',(1.,-4.555315873023E-16,0.));
#8097 = DIRECTION('',(-4.555315873023E-16,-1.,0.));
#8098 = ADVANCED_FACE('',(#8099),#8118,.T.);
#8099 = FACE_BOUND('',#8100,.T.);
#8100 = EDGE_LOOP('',(#8101,#8109,#8110,#8111));
#8101 = ORIENTED_EDGE('',*,*,#8102,.T.);
#8102 = EDGE_CURVE('',#8103,#4578,#8105,.T.);
#8103 = VERTEX_POINT('',#8104);
#8104 = CARTESIAN_POINT('',(2.75,-1.45,0.));
#8105 = LINE('',#8106,#8107);
#8106 = CARTESIAN_POINT('',(2.75,-1.45,0.));
#8107 = VECTOR('',#8108,1.);
#8108 = DIRECTION('',(0.,0.,1.));
#8109 = ORIENTED_EDGE('',*,*,#4585,.T.);
#8110 = ORIENTED_EDGE('',*,*,#8048,.F.);
#8111 = ORIENTED_EDGE('',*,*,#8112,.T.);
#8112 = EDGE_CURVE('',#8025,#8103,#8113,.T.);
#8113 = CIRCLE('',#8114,0.15);
#8114 = AXIS2_PLACEMENT_3D('',#8115,#8116,#8117);
#8115 = CARTESIAN_POINT('',(2.75,-1.3,0.));
#8116 = DIRECTION('',(0.,-0.,1.));
#8117 = DIRECTION('',(3.445092848398E-16,1.,0.));
#8118 = CYLINDRICAL_SURFACE('',#8119,0.15);
#8119 = AXIS2_PLACEMENT_3D('',#8120,#8121,#8122);
#8120 = CARTESIAN_POINT('',(2.75,-1.3,0.));
#8121 = DIRECTION('',(0.,-0.,-1.));
#8122 = DIRECTION('',(3.445092848398E-16,1.,0.));
#8123 = ADVANCED_FACE('',(#8124),#8143,.T.);
#8124 = FACE_BOUND('',#8125,.T.);
#8125 = EDGE_LOOP('',(#8126,#8127,#8128,#8136));
#8126 = ORIENTED_EDGE('',*,*,#8072,.T.);
#8127 = ORIENTED_EDGE('',*,*,#4478,.T.);
#8128 = ORIENTED_EDGE('',*,*,#8129,.F.);
#8129 = EDGE_CURVE('',#8130,#4479,#8132,.T.);
#8130 = VERTEX_POINT('',#8131);
#8131 = CARTESIAN_POINT('',(1.45,-2.75,0.));
#8132 = LINE('',#8133,#8134);
#8133 = CARTESIAN_POINT('',(1.45,-2.75,0.));
#8134 = VECTOR('',#8135,1.);
#8135 = DIRECTION('',(0.,0.,1.));
#8136 = ORIENTED_EDGE('',*,*,#8137,.T.);
#8137 = EDGE_CURVE('',#8130,#8063,#8138,.T.);
#8138 = CIRCLE('',#8139,0.15);
#8139 = AXIS2_PLACEMENT_3D('',#8140,#8141,#8142);
#8140 = CARTESIAN_POINT('',(1.3,-2.75,0.));
#8141 = DIRECTION('',(-0.,0.,1.));
#8142 = DIRECTION('',(1.,-5.665538897648E-16,0.));
#8143 = CYLINDRICAL_SURFACE('',#8144,0.15);
#8144 = AXIS2_PLACEMENT_3D('',#8145,#8146,#8147);
#8145 = CARTESIAN_POINT('',(1.3,-2.75,0.));
#8146 = DIRECTION('',(-0.,0.,-1.));
#8147 = DIRECTION('',(1.,-5.665538897648E-16,-0.));
#8148 = ADVANCED_FACE('',(#8149),#8176,.F.);
#8149 = FACE_BOUND('',#8150,.F.);
#8150 = EDGE_LOOP('',(#8151,#8159,#8160,#8161,#8162,#8170));
#8151 = ORIENTED_EDGE('',*,*,#8152,.F.);
#8152 = EDGE_CURVE('',#8103,#8153,#8155,.T.);
#8153 = VERTEX_POINT('',#8154);
#8154 = CARTESIAN_POINT('',(3.,-1.45,0.));
#8155 = LINE('',#8156,#8157);
#8156 = CARTESIAN_POINT('',(2.75,-1.45,0.));
#8157 = VECTOR('',#8158,1.);
#8158 = DIRECTION('',(1.,-2.334869823773E-16,0.));
#8159 = ORIENTED_EDGE('',*,*,#8102,.T.);
#8160 = ORIENTED_EDGE('',*,*,#4577,.F.);
#8161 = ORIENTED_EDGE('',*,*,#6719,.T.);
#8162 = ORIENTED_EDGE('',*,*,#8163,.T.);
#8163 = EDGE_CURVE('',#6720,#8164,#8166,.T.);
#8164 = VERTEX_POINT('',#8165);
#8165 = CARTESIAN_POINT('',(3.,-1.45,0.2));
#8166 = LINE('',#8167,#8168);
#8167 = CARTESIAN_POINT('',(2.75,-1.45,0.2));
#8168 = VECTOR('',#8169,1.);
#8169 = DIRECTION('',(1.,-2.334869823773E-16,0.));
#8170 = ORIENTED_EDGE('',*,*,#8171,.F.);
#8171 = EDGE_CURVE('',#8153,#8164,#8172,.T.);
#8172 = LINE('',#8173,#8174);
#8173 = CARTESIAN_POINT('',(3.,-1.45,0.));
#8174 = VECTOR('',#8175,1.);
#8175 = DIRECTION('',(0.,0.,1.));
#8176 = PLANE('',#8177);
#8177 = AXIS2_PLACEMENT_3D('',#8178,#8179,#8180);
#8178 = CARTESIAN_POINT('',(2.75,-1.45,0.));
#8179 = DIRECTION('',(2.334869823773E-16,1.,0.));
#8180 = DIRECTION('',(1.,-2.334869823773E-16,0.));
#8181 = ADVANCED_FACE('',(#8182),#8209,.F.);
#8182 = FACE_BOUND('',#8183,.F.);
#8183 = EDGE_LOOP('',(#8184,#8192,#8200,#8206,#8207,#8208));
#8184 = ORIENTED_EDGE('',*,*,#8185,.F.);
#8185 = EDGE_CURVE('',#8186,#8130,#8188,.T.);
#8186 = VERTEX_POINT('',#8187);
#8187 = CARTESIAN_POINT('',(1.45,-3.,0.));
#8188 = LINE('',#8189,#8190);
#8189 = CARTESIAN_POINT('',(1.45,-3.,0.));
#8190 = VECTOR('',#8191,1.);
#8191 = DIRECTION('',(5.665538897648E-16,1.,0.));
#8192 = ORIENTED_EDGE('',*,*,#8193,.T.);
#8193 = EDGE_CURVE('',#8186,#8194,#8196,.T.);
#8194 = VERTEX_POINT('',#8195);
#8195 = CARTESIAN_POINT('',(1.45,-3.,0.2));
#8196 = LINE('',#8197,#8198);
#8197 = CARTESIAN_POINT('',(1.45,-3.,0.));
#8198 = VECTOR('',#8199,1.);
#8199 = DIRECTION('',(0.,0.,1.));
#8200 = ORIENTED_EDGE('',*,*,#8201,.T.);
#8201 = EDGE_CURVE('',#8194,#6996,#8202,.T.);
#8202 = LINE('',#8203,#8204);
#8203 = CARTESIAN_POINT('',(1.45,-3.,0.2));
#8204 = VECTOR('',#8205,1.);
#8205 = DIRECTION('',(5.665538897648E-16,1.,0.));
#8206 = ORIENTED_EDGE('',*,*,#7003,.T.);
#8207 = ORIENTED_EDGE('',*,*,#4487,.F.);
#8208 = ORIENTED_EDGE('',*,*,#8129,.F.);
#8209 = PLANE('',#8210);
#8210 = AXIS2_PLACEMENT_3D('',#8211,#8212,#8213);
#8211 = CARTESIAN_POINT('',(1.45,-3.,0.));
#8212 = DIRECTION('',(-1.,5.665538897648E-16,0.));
#8213 = DIRECTION('',(5.665538897648E-16,1.,0.));
#8214 = ADVANCED_FACE('',(#8215),#8249,.F.);
#8215 = FACE_BOUND('',#8216,.F.);
#8216 = EDGE_LOOP('',(#8217,#8227,#8235,#8241,#8242,#8243));
#8217 = ORIENTED_EDGE('',*,*,#8218,.F.);
#8218 = EDGE_CURVE('',#8219,#8221,#8223,.T.);
#8219 = VERTEX_POINT('',#8220);
#8220 = CARTESIAN_POINT('',(3.,-1.8,0.));
#8221 = VERTEX_POINT('',#8222);
#8222 = CARTESIAN_POINT('',(2.75,-1.8,0.));
#8223 = LINE('',#8224,#8225);
#8224 = CARTESIAN_POINT('',(3.,-1.8,0.));
#8225 = VECTOR('',#8226,1.);
#8226 = DIRECTION('',(-1.,3.445092848398E-16,0.));
#8227 = ORIENTED_EDGE('',*,*,#8228,.T.);
#8228 = EDGE_CURVE('',#8219,#8229,#8231,.T.);
#8229 = VERTEX_POINT('',#8230);
#8230 = CARTESIAN_POINT('',(3.,-1.8,0.2));
#8231 = LINE('',#8232,#8233);
#8232 = CARTESIAN_POINT('',(3.,-1.8,0.));
#8233 = VECTOR('',#8234,1.);
#8234 = DIRECTION('',(0.,0.,1.));
#8235 = ORIENTED_EDGE('',*,*,#8236,.T.);
#8236 = EDGE_CURVE('',#8229,#6705,#8237,.T.);
#8237 = LINE('',#8238,#8239);
#8238 = CARTESIAN_POINT('',(3.,-1.8,0.2));
#8239 = VECTOR('',#8240,1.);
#8240 = DIRECTION('',(-1.,3.445092848398E-16,0.));
#8241 = ORIENTED_EDGE('',*,*,#6712,.T.);
#8242 = ORIENTED_EDGE('',*,*,#4561,.F.);
#8243 = ORIENTED_EDGE('',*,*,#8244,.F.);
#8244 = EDGE_CURVE('',#8221,#4553,#8245,.T.);
#8245 = LINE('',#8246,#8247);
#8246 = CARTESIAN_POINT('',(2.75,-1.8,0.));
#8247 = VECTOR('',#8248,1.);
#8248 = DIRECTION('',(0.,0.,1.));
#8249 = PLANE('',#8250);
#8250 = AXIS2_PLACEMENT_3D('',#8251,#8252,#8253);
#8251 = CARTESIAN_POINT('',(3.,-1.8,0.));
#8252 = DIRECTION('',(-3.445092848398E-16,-1.,0.));
#8253 = DIRECTION('',(-1.,3.445092848398E-16,0.));
#8254 = ADVANCED_FACE('',(#8255),#8289,.F.);
#8255 = FACE_BOUND('',#8256,.F.);
#8256 = EDGE_LOOP('',(#8257,#8267,#8273,#8274,#8275,#8283));
#8257 = ORIENTED_EDGE('',*,*,#8258,.F.);
#8258 = EDGE_CURVE('',#8259,#8261,#8263,.T.);
#8259 = VERTEX_POINT('',#8260);
#8260 = CARTESIAN_POINT('',(1.8,-2.75,0.));
#8261 = VERTEX_POINT('',#8262);
#8262 = CARTESIAN_POINT('',(1.8,-3.,0.));
#8263 = LINE('',#8264,#8265);
#8264 = CARTESIAN_POINT('',(1.8,-2.75,0.));
#8265 = VECTOR('',#8266,1.);
#8266 = DIRECTION('',(-4.555315873023E-16,-1.,0.));
#8267 = ORIENTED_EDGE('',*,*,#8268,.T.);
#8268 = EDGE_CURVE('',#8259,#4504,#8269,.T.);
#8269 = LINE('',#8270,#8271);
#8270 = CARTESIAN_POINT('',(1.8,-2.75,0.));
#8271 = VECTOR('',#8272,1.);
#8272 = DIRECTION('',(0.,0.,1.));
#8273 = ORIENTED_EDGE('',*,*,#4503,.F.);
#8274 = ORIENTED_EDGE('',*,*,#7010,.T.);
#8275 = ORIENTED_EDGE('',*,*,#8276,.T.);
#8276 = EDGE_CURVE('',#7011,#8277,#8279,.T.);
#8277 = VERTEX_POINT('',#8278);
#8278 = CARTESIAN_POINT('',(1.8,-3.,0.2));
#8279 = LINE('',#8280,#8281);
#8280 = CARTESIAN_POINT('',(1.8,-2.75,0.2));
#8281 = VECTOR('',#8282,1.);
#8282 = DIRECTION('',(-4.555315873023E-16,-1.,0.));
#8283 = ORIENTED_EDGE('',*,*,#8284,.F.);
#8284 = EDGE_CURVE('',#8261,#8277,#8285,.T.);
#8285 = LINE('',#8286,#8287);
#8286 = CARTESIAN_POINT('',(1.8,-3.,0.));
#8287 = VECTOR('',#8288,1.);
#8288 = DIRECTION('',(0.,0.,1.));
#8289 = PLANE('',#8290);
#8290 = AXIS2_PLACEMENT_3D('',#8291,#8292,#8293);
#8291 = CARTESIAN_POINT('',(1.8,-2.75,0.));
#8292 = DIRECTION('',(1.,-4.555315873023E-16,0.));
#8293 = DIRECTION('',(-4.555315873023E-16,-1.,0.));
#8294 = ADVANCED_FACE('',(#8295),#8314,.T.);
#8295 = FACE_BOUND('',#8296,.T.);
#8296 = EDGE_LOOP('',(#8297,#8305,#8306,#8307));
#8297 = ORIENTED_EDGE('',*,*,#8298,.T.);
#8298 = EDGE_CURVE('',#8299,#4545,#8301,.T.);
#8299 = VERTEX_POINT('',#8300);
#8300 = CARTESIAN_POINT('',(2.75,-2.1,0.));
#8301 = LINE('',#8302,#8303);
#8302 = CARTESIAN_POINT('',(2.75,-2.1,0.));
#8303 = VECTOR('',#8304,1.);
#8304 = DIRECTION('',(0.,0.,1.));
#8305 = ORIENTED_EDGE('',*,*,#4552,.T.);
#8306 = ORIENTED_EDGE('',*,*,#8244,.F.);
#8307 = ORIENTED_EDGE('',*,*,#8308,.T.);
#8308 = EDGE_CURVE('',#8221,#8299,#8309,.T.);
#8309 = CIRCLE('',#8310,0.15);
#8310 = AXIS2_PLACEMENT_3D('',#8311,#8312,#8313);
#8311 = CARTESIAN_POINT('',(2.75,-1.95,0.));
#8312 = DIRECTION('',(0.,-0.,1.));
#8313 = DIRECTION('',(3.445092848398E-16,1.,0.));
#8314 = CYLINDRICAL_SURFACE('',#8315,0.15);
#8315 = AXIS2_PLACEMENT_3D('',#8316,#8317,#8318);
#8316 = CARTESIAN_POINT('',(2.75,-1.95,0.));
#8317 = DIRECTION('',(0.,-0.,-1.));
#8318 = DIRECTION('',(3.445092848398E-16,1.,0.));
#8319 = ADVANCED_FACE('',(#8320),#8339,.T.);
#8320 = FACE_BOUND('',#8321,.T.);
#8321 = EDGE_LOOP('',(#8322,#8323,#8324,#8332));
#8322 = ORIENTED_EDGE('',*,*,#8268,.T.);
#8323 = ORIENTED_EDGE('',*,*,#4511,.T.);
#8324 = ORIENTED_EDGE('',*,*,#8325,.F.);
#8325 = EDGE_CURVE('',#8326,#4512,#8328,.T.);
#8326 = VERTEX_POINT('',#8327);
#8327 = CARTESIAN_POINT('',(2.1,-2.75,0.));
#8328 = LINE('',#8329,#8330);
#8329 = CARTESIAN_POINT('',(2.1,-2.75,0.));
#8330 = VECTOR('',#8331,1.);
#8331 = DIRECTION('',(0.,0.,1.));
#8332 = ORIENTED_EDGE('',*,*,#8333,.T.);
#8333 = EDGE_CURVE('',#8326,#8259,#8334,.T.);
#8334 = CIRCLE('',#8335,0.15);
#8335 = AXIS2_PLACEMENT_3D('',#8336,#8337,#8338);
#8336 = CARTESIAN_POINT('',(1.95,-2.75,0.));
#8337 = DIRECTION('',(-0.,0.,1.));
#8338 = DIRECTION('',(1.,-5.665538897648E-16,0.));
#8339 = CYLINDRICAL_SURFACE('',#8340,0.15);
#8340 = AXIS2_PLACEMENT_3D('',#8341,#8342,#8343);
#8341 = CARTESIAN_POINT('',(1.95,-2.75,0.));
#8342 = DIRECTION('',(-0.,0.,-1.));
#8343 = DIRECTION('',(1.,-5.665538897648E-16,-0.));
#8344 = ADVANCED_FACE('',(#8345),#8372,.F.);
#8345 = FACE_BOUND('',#8346,.F.);
#8346 = EDGE_LOOP('',(#8347,#8355,#8356,#8357,#8358,#8366));
#8347 = ORIENTED_EDGE('',*,*,#8348,.F.);
#8348 = EDGE_CURVE('',#8299,#8349,#8351,.T.);
#8349 = VERTEX_POINT('',#8350);
#8350 = CARTESIAN_POINT('',(3.,-2.1,0.));
#8351 = LINE('',#8352,#8353);
#8352 = CARTESIAN_POINT('',(2.75,-2.1,0.));
#8353 = VECTOR('',#8354,1.);
#8354 = DIRECTION('',(1.,-2.334869823773E-16,0.));
#8355 = ORIENTED_EDGE('',*,*,#8298,.T.);
#8356 = ORIENTED_EDGE('',*,*,#4544,.F.);
#8357 = ORIENTED_EDGE('',*,*,#6696,.T.);
#8358 = ORIENTED_EDGE('',*,*,#8359,.T.);
#8359 = EDGE_CURVE('',#6697,#8360,#8362,.T.);
#8360 = VERTEX_POINT('',#8361);
#8361 = CARTESIAN_POINT('',(3.,-2.1,0.2));
#8362 = LINE('',#8363,#8364);
#8363 = CARTESIAN_POINT('',(2.75,-2.1,0.2));
#8364 = VECTOR('',#8365,1.);
#8365 = DIRECTION('',(1.,-2.334869823773E-16,0.));
#8366 = ORIENTED_EDGE('',*,*,#8367,.F.);
#8367 = EDGE_CURVE('',#8349,#8360,#8368,.T.);
#8368 = LINE('',#8369,#8370);
#8369 = CARTESIAN_POINT('',(3.,-2.1,0.));
#8370 = VECTOR('',#8371,1.);
#8371 = DIRECTION('',(0.,0.,1.));
#8372 = PLANE('',#8373);
#8373 = AXIS2_PLACEMENT_3D('',#8374,#8375,#8376);
#8374 = CARTESIAN_POINT('',(2.75,-2.1,0.));
#8375 = DIRECTION('',(2.334869823773E-16,1.,0.));
#8376 = DIRECTION('',(1.,-2.334869823773E-16,0.));
#8377 = ADVANCED_FACE('',(#8378),#8405,.F.);
#8378 = FACE_BOUND('',#8379,.F.);
#8379 = EDGE_LOOP('',(#8380,#8388,#8396,#8402,#8403,#8404));
#8380 = ORIENTED_EDGE('',*,*,#8381,.F.);
#8381 = EDGE_CURVE('',#8382,#8326,#8384,.T.);
#8382 = VERTEX_POINT('',#8383);
#8383 = CARTESIAN_POINT('',(2.1,-3.,0.));
#8384 = LINE('',#8385,#8386);
#8385 = CARTESIAN_POINT('',(2.1,-3.,0.));
#8386 = VECTOR('',#8387,1.);
#8387 = DIRECTION('',(5.665538897648E-16,1.,0.));
#8388 = ORIENTED_EDGE('',*,*,#8389,.T.);
#8389 = EDGE_CURVE('',#8382,#8390,#8392,.T.);
#8390 = VERTEX_POINT('',#8391);
#8391 = CARTESIAN_POINT('',(2.1,-3.,0.2));
#8392 = LINE('',#8393,#8394);
#8393 = CARTESIAN_POINT('',(2.1,-3.,0.));
#8394 = VECTOR('',#8395,1.);
#8395 = DIRECTION('',(0.,0.,1.));
#8396 = ORIENTED_EDGE('',*,*,#8397,.T.);
#8397 = EDGE_CURVE('',#8390,#7019,#8398,.T.);
#8398 = LINE('',#8399,#8400);
#8399 = CARTESIAN_POINT('',(2.1,-3.,0.2));
#8400 = VECTOR('',#8401,1.);
#8401 = DIRECTION('',(5.665538897648E-16,1.,0.));
#8402 = ORIENTED_EDGE('',*,*,#7026,.T.);
#8403 = ORIENTED_EDGE('',*,*,#4520,.F.);
#8404 = ORIENTED_EDGE('',*,*,#8325,.F.);
#8405 = PLANE('',#8406);
#8406 = AXIS2_PLACEMENT_3D('',#8407,#8408,#8409);
#8407 = CARTESIAN_POINT('',(2.1,-3.,0.));
#8408 = DIRECTION('',(-1.,5.665538897648E-16,0.));
#8409 = DIRECTION('',(5.665538897648E-16,1.,0.));
#8410 = ADVANCED_FACE('',(#8411),#8436,.F.);
#8411 = FACE_BOUND('',#8412,.F.);
#8412 = EDGE_LOOP('',(#8413,#8421,#8422,#8430));
#8413 = ORIENTED_EDGE('',*,*,#8414,.T.);
#8414 = EDGE_CURVE('',#8415,#4983,#8417,.T.);
#8415 = VERTEX_POINT('',#8416);
#8416 = CARTESIAN_POINT('',(-2.275,2.075,0.));
#8417 = LINE('',#8418,#8419);
#8418 = CARTESIAN_POINT('',(-2.275,2.075,0.));
#8419 = VECTOR('',#8420,1.);
#8420 = DIRECTION('',(0.,0.,1.));
#8421 = ORIENTED_EDGE('',*,*,#4982,.T.);
#8422 = ORIENTED_EDGE('',*,*,#8423,.F.);
#8423 = EDGE_CURVE('',#8424,#4985,#8426,.T.);
#8424 = VERTEX_POINT('',#8425);
#8425 = CARTESIAN_POINT('',(-2.275,-2.275,0.));
#8426 = LINE('',#8427,#8428);
#8427 = CARTESIAN_POINT('',(-2.275,-2.275,0.));
#8428 = VECTOR('',#8429,1.);
#8429 = DIRECTION('',(0.,0.,1.));
#8430 = ORIENTED_EDGE('',*,*,#8431,.F.);
#8431 = EDGE_CURVE('',#8415,#8424,#8432,.T.);
#8432 = LINE('',#8433,#8434);
#8433 = CARTESIAN_POINT('',(-2.275,2.075,0.));
#8434 = VECTOR('',#8435,1.);
#8435 = DIRECTION('',(-2.22044604925E-16,-1.,0.));
#8436 = PLANE('',#8437);
#8437 = AXIS2_PLACEMENT_3D('',#8438,#8439,#8440);
#8438 = CARTESIAN_POINT('',(-2.275,2.075,0.));
#8439 = DIRECTION('',(1.,-2.22044604925E-16,0.));
#8440 = DIRECTION('',(-2.22044604925E-16,-1.,0.));
#8441 = ADVANCED_FACE('',(#8442),#8460,.F.);
#8442 = FACE_BOUND('',#8443,.F.);
#8443 = EDGE_LOOP('',(#8444,#8445,#8446,#8454));
#8444 = ORIENTED_EDGE('',*,*,#8423,.T.);
#8445 = ORIENTED_EDGE('',*,*,#5016,.T.);
#8446 = ORIENTED_EDGE('',*,*,#8447,.F.);
#8447 = EDGE_CURVE('',#8448,#5009,#8450,.T.);
#8448 = VERTEX_POINT('',#8449);
#8449 = CARTESIAN_POINT('',(2.275,-2.275,0.));
#8450 = LINE('',#8451,#8452);
#8451 = CARTESIAN_POINT('',(2.275,-2.275,0.));
#8452 = VECTOR('',#8453,1.);
#8453 = DIRECTION('',(0.,0.,1.));
#8454 = ORIENTED_EDGE('',*,*,#8455,.F.);
#8455 = EDGE_CURVE('',#8424,#8448,#8456,.T.);
#8456 = LINE('',#8457,#8458);
#8457 = CARTESIAN_POINT('',(-2.275,-2.275,0.));
#8458 = VECTOR('',#8459,1.);
#8459 = DIRECTION('',(1.,-2.22044604925E-16,0.));
#8460 = PLANE('',#8461);
#8461 = AXIS2_PLACEMENT_3D('',#8462,#8463,#8464);
#8462 = CARTESIAN_POINT('',(-2.275,-2.275,0.));
#8463 = DIRECTION('',(2.22044604925E-16,1.,0.));
#8464 = DIRECTION('',(1.,-2.22044604925E-16,0.));
#8465 = ADVANCED_FACE('',(#8466),#8484,.F.);
#8466 = FACE_BOUND('',#8467,.F.);
#8467 = EDGE_LOOP('',(#8468,#8469,#8470,#8478));
#8468 = ORIENTED_EDGE('',*,*,#8447,.T.);
#8469 = ORIENTED_EDGE('',*,*,#5008,.T.);
#8470 = ORIENTED_EDGE('',*,*,#8471,.F.);
#8471 = EDGE_CURVE('',#8472,#5001,#8474,.T.);
#8472 = VERTEX_POINT('',#8473);
#8473 = CARTESIAN_POINT('',(2.275,2.275,0.));
#8474 = LINE('',#8475,#8476);
#8475 = CARTESIAN_POINT('',(2.275,2.275,0.));
#8476 = VECTOR('',#8477,1.);
#8477 = DIRECTION('',(0.,0.,1.));
#8478 = ORIENTED_EDGE('',*,*,#8479,.F.);
#8479 = EDGE_CURVE('',#8448,#8472,#8480,.T.);
#8480 = LINE('',#8481,#8482);
#8481 = CARTESIAN_POINT('',(2.275,-2.275,0.));
#8482 = VECTOR('',#8483,1.);
#8483 = DIRECTION('',(2.22044604925E-16,1.,0.));
#8484 = PLANE('',#8485);
#8485 = AXIS2_PLACEMENT_3D('',#8486,#8487,#8488);
#8486 = CARTESIAN_POINT('',(2.275,-2.275,0.));
#8487 = DIRECTION('',(-1.,2.22044604925E-16,0.));
#8488 = DIRECTION('',(2.22044604925E-16,1.,0.));
#8489 = ADVANCED_FACE('',(#8490),#8508,.F.);
#8490 = FACE_BOUND('',#8491,.F.);
#8491 = EDGE_LOOP('',(#8492,#8493,#8494,#8502));
#8492 = ORIENTED_EDGE('',*,*,#8471,.T.);
#8493 = ORIENTED_EDGE('',*,*,#5000,.T.);
#8494 = ORIENTED_EDGE('',*,*,#8495,.F.);
#8495 = EDGE_CURVE('',#8496,#4993,#8498,.T.);
#8496 = VERTEX_POINT('',#8497);
#8497 = CARTESIAN_POINT('',(-2.075,2.275,0.));
#8498 = LINE('',#8499,#8500);
#8499 = CARTESIAN_POINT('',(-2.075,2.275,0.));
#8500 = VECTOR('',#8501,1.);
#8501 = DIRECTION('',(0.,0.,1.));
#8502 = ORIENTED_EDGE('',*,*,#8503,.F.);
#8503 = EDGE_CURVE('',#8472,#8496,#8504,.T.);
#8504 = LINE('',#8505,#8506);
#8505 = CARTESIAN_POINT('',(2.275,2.275,0.));
#8506 = VECTOR('',#8507,1.);
#8507 = DIRECTION('',(-1.,2.22044604925E-16,0.));
#8508 = PLANE('',#8509);
#8509 = AXIS2_PLACEMENT_3D('',#8510,#8511,#8512);
#8510 = CARTESIAN_POINT('',(2.275,2.275,0.));
#8511 = DIRECTION('',(-2.22044604925E-16,-1.,0.));
#8512 = DIRECTION('',(-1.,2.22044604925E-16,0.));
#8513 = ADVANCED_FACE('',(#8514),#8525,.F.);
#8514 = FACE_BOUND('',#8515,.F.);
#8515 = EDGE_LOOP('',(#8516,#8517,#8518,#8519));
#8516 = ORIENTED_EDGE('',*,*,#8495,.T.);
#8517 = ORIENTED_EDGE('',*,*,#4992,.T.);
#8518 = ORIENTED_EDGE('',*,*,#8414,.F.);
#8519 = ORIENTED_EDGE('',*,*,#8520,.F.);
#8520 = EDGE_CURVE('',#8496,#8415,#8521,.T.);
#8521 = LINE('',#8522,#8523);
#8522 = CARTESIAN_POINT('',(-2.075,2.275,0.));
#8523 = VECTOR('',#8524,1.);
#8524 = DIRECTION('',(-0.707106781187,-0.707106781187,0.));
#8525 = PLANE('',#8526);
#8526 = AXIS2_PLACEMENT_3D('',#8527,#8528,#8529);
#8527 = CARTESIAN_POINT('',(-2.075,2.275,0.));
#8528 = DIRECTION('',(0.707106781187,-0.707106781187,0.));
#8529 = DIRECTION('',(-0.707106781187,-0.707106781187,0.));
#8530 = ADVANCED_FACE('',(#8531,#8537),#8548,.T.);
#8531 = FACE_BOUND('',#8532,.T.);
#8532 = EDGE_LOOP('',(#8533,#8534,#8535,#8536));
#8533 = ORIENTED_EDGE('',*,*,#5030,.F.);
#8534 = ORIENTED_EDGE('',*,*,#5222,.T.);
#8535 = ORIENTED_EDGE('',*,*,#6864,.T.);
#8536 = ORIENTED_EDGE('',*,*,#6681,.F.);
#8537 = FACE_BOUND('',#8538,.T.);
#8538 = EDGE_LOOP('',(#8539));
#8539 = ORIENTED_EDGE('',*,*,#8540,.T.);
#8540 = EDGE_CURVE('',#8541,#8541,#8543,.T.);
#8541 = VERTEX_POINT('',#8542);
#8542 = CARTESIAN_POINT('',(-2.4,2.15,0.92));
#8543 = CIRCLE('',#8544,0.25);
#8544 = AXIS2_PLACEMENT_3D('',#8545,#8546,#8547);
#8545 = CARTESIAN_POINT('',(-2.4,2.4,0.92));
#8546 = DIRECTION('',(-0.,0.,-1.));
#8547 = DIRECTION('',(-2.22044604925E-16,-1.,0.));
#8548 = PLANE('',#8549);
#8549 = AXIS2_PLACEMENT_3D('',#8550,#8551,#8552);
#8550 = CARTESIAN_POINT('',(-2.99,2.99,0.92));
#8551 = DIRECTION('',(0.,0.,1.));
#8552 = DIRECTION('',(-2.22044604925E-16,-1.,0.));
#8553 = ADVANCED_FACE('',(#8554),#8565,.F.);
#8554 = FACE_BOUND('',#8555,.F.);
#8555 = EDGE_LOOP('',(#8556,#8557,#8563,#8564));
#8556 = ORIENTED_EDGE('',*,*,#6501,.F.);
#8557 = ORIENTED_EDGE('',*,*,#8558,.F.);
#8558 = EDGE_CURVE('',#6625,#6494,#8559,.T.);
#8559 = LINE('',#8560,#8561);
#8560 = CARTESIAN_POINT('',(2.1,3.,0.2));
#8561 = VECTOR('',#8562,1.);
#8562 = DIRECTION('',(-1.,4.555315873023E-16,0.));
#8563 = ORIENTED_EDGE('',*,*,#6624,.F.);
#8564 = ORIENTED_EDGE('',*,*,#5179,.F.);
#8565 = PLANE('',#8566);
#8566 = AXIS2_PLACEMENT_3D('',#8567,#8568,#8569);
#8567 = CARTESIAN_POINT('',(1.8,3.,0.2));
#8568 = DIRECTION('',(-0.,0.,-1.));
#8569 = DIRECTION('',(1.,-4.555315873023E-16,-0.));
#8570 = ADVANCED_FACE('',(#8571),#8582,.F.);
#8571 = FACE_BOUND('',#8572,.F.);
#8572 = EDGE_LOOP('',(#8573,#8574,#8580,#8581));
#8573 = ORIENTED_EDGE('',*,*,#5423,.F.);
#8574 = ORIENTED_EDGE('',*,*,#8575,.F.);
#8575 = EDGE_CURVE('',#5547,#5416,#8576,.T.);
#8576 = LINE('',#8577,#8578);
#8577 = CARTESIAN_POINT('',(-1.8,3.,0.2));
#8578 = VECTOR('',#8579,1.);
#8579 = DIRECTION('',(-1.,4.555315873023E-16,0.));
#8580 = ORIENTED_EDGE('',*,*,#5546,.F.);
#8581 = ORIENTED_EDGE('',*,*,#5055,.F.);
#8582 = PLANE('',#8583);
#8583 = AXIS2_PLACEMENT_3D('',#8584,#8585,#8586);
#8584 = CARTESIAN_POINT('',(-2.1,3.,0.2));
#8585 = DIRECTION('',(-0.,0.,-1.));
#8586 = DIRECTION('',(1.,-4.555315873023E-16,-0.));
#8587 = ADVANCED_FACE('',(#8588),#8599,.F.);
#8588 = FACE_BOUND('',#8589,.F.);
#8589 = EDGE_LOOP('',(#8590,#8591,#8597,#8598));
#8590 = ORIENTED_EDGE('',*,*,#6305,.F.);
#8591 = ORIENTED_EDGE('',*,*,#8592,.F.);
#8592 = EDGE_CURVE('',#6429,#6298,#8593,.T.);
#8593 = LINE('',#8594,#8595);
#8594 = CARTESIAN_POINT('',(1.45,3.,0.2));
#8595 = VECTOR('',#8596,1.);
#8596 = DIRECTION('',(-1.,4.555315873023E-16,0.));
#8597 = ORIENTED_EDGE('',*,*,#6428,.F.);
#8598 = ORIENTED_EDGE('',*,*,#5156,.F.);
#8599 = PLANE('',#8600);
#8600 = AXIS2_PLACEMENT_3D('',#8601,#8602,#8603);
#8601 = CARTESIAN_POINT('',(1.15,3.,0.2));
#8602 = DIRECTION('',(-0.,0.,-1.));
#8603 = DIRECTION('',(1.,-4.555315873023E-16,-0.));
#8604 = ADVANCED_FACE('',(#8605),#8616,.F.);
#8605 = FACE_BOUND('',#8606,.F.);
#8606 = EDGE_LOOP('',(#8607,#8608,#8614,#8615));
#8607 = ORIENTED_EDGE('',*,*,#5619,.F.);
#8608 = ORIENTED_EDGE('',*,*,#8609,.F.);
#8609 = EDGE_CURVE('',#5743,#5612,#8610,.T.);
#8610 = LINE('',#8611,#8612);
#8611 = CARTESIAN_POINT('',(-1.15,3.,0.2));
#8612 = VECTOR('',#8613,1.);
#8613 = DIRECTION('',(-1.,4.555315873023E-16,0.));
#8614 = ORIENTED_EDGE('',*,*,#5742,.F.);
#8615 = ORIENTED_EDGE('',*,*,#5078,.F.);
#8616 = PLANE('',#8617);
#8617 = AXIS2_PLACEMENT_3D('',#8618,#8619,#8620);
#8618 = CARTESIAN_POINT('',(-1.45,3.,0.2));
#8619 = DIRECTION('',(-0.,0.,-1.));
#8620 = DIRECTION('',(1.,-4.555315873023E-16,-0.));
#8621 = ADVANCED_FACE('',(#8622),#8633,.F.);
#8622 = FACE_BOUND('',#8623,.F.);
#8623 = EDGE_LOOP('',(#8624,#8625,#8631,#8632));
#8624 = ORIENTED_EDGE('',*,*,#6109,.F.);
#8625 = ORIENTED_EDGE('',*,*,#8626,.F.);
#8626 = EDGE_CURVE('',#6233,#6102,#8627,.T.);
#8627 = LINE('',#8628,#8629);
#8628 = CARTESIAN_POINT('',(0.8,3.,0.2));
#8629 = VECTOR('',#8630,1.);
#8630 = DIRECTION('',(-1.,4.555315873023E-16,0.));
#8631 = ORIENTED_EDGE('',*,*,#6232,.F.);
#8632 = ORIENTED_EDGE('',*,*,#5133,.F.);
#8633 = PLANE('',#8634);
#8634 = AXIS2_PLACEMENT_3D('',#8635,#8636,#8637);
#8635 = CARTESIAN_POINT('',(0.5,3.,0.2));
#8636 = DIRECTION('',(-0.,0.,-1.));
#8637 = DIRECTION('',(1.,-4.555315873023E-16,-0.));
#8638 = ADVANCED_FACE('',(#8639),#8650,.F.);
#8639 = FACE_BOUND('',#8640,.F.);
#8640 = EDGE_LOOP('',(#8641,#8642,#8648,#8649));
#8641 = ORIENTED_EDGE('',*,*,#5913,.F.);
#8642 = ORIENTED_EDGE('',*,*,#8643,.F.);
#8643 = EDGE_CURVE('',#6037,#5906,#8644,.T.);
#8644 = LINE('',#8645,#8646);
#8645 = CARTESIAN_POINT('',(0.15,3.,0.2));
#8646 = VECTOR('',#8647,1.);
#8647 = DIRECTION('',(-1.,4.555315873023E-16,0.));
#8648 = ORIENTED_EDGE('',*,*,#6036,.F.);
#8649 = ORIENTED_EDGE('',*,*,#5110,.F.);
#8650 = PLANE('',#8651);
#8651 = AXIS2_PLACEMENT_3D('',#8652,#8653,#8654);
#8652 = CARTESIAN_POINT('',(-0.15,3.,0.2));
#8653 = DIRECTION('',(-0.,0.,-1.));
#8654 = DIRECTION('',(1.,-4.555315873023E-16,-0.));
#8655 = ADVANCED_FACE('',(#8656),#8667,.F.);
#8656 = FACE_BOUND('',#8657,.F.);
#8657 = EDGE_LOOP('',(#8658,#8659,#8665,#8666));
#8658 = ORIENTED_EDGE('',*,*,#5584,.F.);
#8659 = ORIENTED_EDGE('',*,*,#8660,.F.);
#8660 = EDGE_CURVE('',#5464,#5577,#8661,.T.);
#8661 = LINE('',#8662,#8663);
#8662 = CARTESIAN_POINT('',(-3.,2.1,0.2));
#8663 = VECTOR('',#8664,1.);
#8664 = DIRECTION('',(-4.669739647545E-16,-1.,0.));
#8665 = ORIENTED_EDGE('',*,*,#5463,.F.);
#8666 = ORIENTED_EDGE('',*,*,#5383,.F.);
#8667 = PLANE('',#8668);
#8668 = AXIS2_PLACEMENT_3D('',#8669,#8670,#8671);
#8669 = CARTESIAN_POINT('',(-3.,1.8,0.2));
#8670 = DIRECTION('',(0.,-0.,-1.));
#8671 = DIRECTION('',(4.669739647545E-16,1.,0.));
#8672 = ADVANCED_FACE('',(#8673),#8684,.F.);
#8673 = FACE_BOUND('',#8674,.F.);
#8674 = EDGE_LOOP('',(#8675,#8676,#8682,#8683));
#8675 = ORIENTED_EDGE('',*,*,#6662,.F.);
#8676 = ORIENTED_EDGE('',*,*,#8677,.F.);
#8677 = EDGE_CURVE('',#6542,#6655,#8678,.T.);
#8678 = LINE('',#8679,#8680);
#8679 = CARTESIAN_POINT('',(-3.,-1.8,0.2));
#8680 = VECTOR('',#8681,1.);
#8681 = DIRECTION('',(-4.669739647545E-16,-1.,0.));
#8682 = ORIENTED_EDGE('',*,*,#6541,.F.);
#8683 = ORIENTED_EDGE('',*,*,#5245,.F.);
#8684 = PLANE('',#8685);
#8685 = AXIS2_PLACEMENT_3D('',#8686,#8687,#8688);
#8686 = CARTESIAN_POINT('',(-3.,-2.1,0.2));
#8687 = DIRECTION('',(0.,-0.,-1.));
#8688 = DIRECTION('',(4.669739647545E-16,1.,0.));
#8689 = ADVANCED_FACE('',(#8690),#8701,.F.);
#8690 = FACE_BOUND('',#8691,.F.);
#8691 = EDGE_LOOP('',(#8692,#8693,#8699,#8700));
#8692 = ORIENTED_EDGE('',*,*,#5780,.F.);
#8693 = ORIENTED_EDGE('',*,*,#8694,.F.);
#8694 = EDGE_CURVE('',#5660,#5773,#8695,.T.);
#8695 = LINE('',#8696,#8697);
#8696 = CARTESIAN_POINT('',(-3.,1.45,0.2));
#8697 = VECTOR('',#8698,1.);
#8698 = DIRECTION('',(-4.669739647545E-16,-1.,0.));
#8699 = ORIENTED_EDGE('',*,*,#5659,.F.);
#8700 = ORIENTED_EDGE('',*,*,#5360,.F.);
#8701 = PLANE('',#8702);
#8702 = AXIS2_PLACEMENT_3D('',#8703,#8704,#8705);
#8703 = CARTESIAN_POINT('',(-3.,1.15,0.2));
#8704 = DIRECTION('',(0.,-0.,-1.));
#8705 = DIRECTION('',(4.669739647545E-16,1.,0.));
#8706 = ADVANCED_FACE('',(#8707),#8718,.F.);
#8707 = FACE_BOUND('',#8708,.F.);
#8708 = EDGE_LOOP('',(#8709,#8710,#8716,#8717));
#8709 = ORIENTED_EDGE('',*,*,#6466,.F.);
#8710 = ORIENTED_EDGE('',*,*,#8711,.F.);
#8711 = EDGE_CURVE('',#6346,#6459,#8712,.T.);
#8712 = LINE('',#8713,#8714);
#8713 = CARTESIAN_POINT('',(-3.,-1.15,0.2));
#8714 = VECTOR('',#8715,1.);
#8715 = DIRECTION('',(-4.669739647545E-16,-1.,0.));
#8716 = ORIENTED_EDGE('',*,*,#6345,.F.);
#8717 = ORIENTED_EDGE('',*,*,#5268,.F.);
#8718 = PLANE('',#8719);
#8719 = AXIS2_PLACEMENT_3D('',#8720,#8721,#8722);
#8720 = CARTESIAN_POINT('',(-3.,-1.45,0.2));
#8721 = DIRECTION('',(0.,-0.,-1.));
#8722 = DIRECTION('',(4.669739647545E-16,1.,0.));
#8723 = ADVANCED_FACE('',(#8724),#8735,.F.);
#8724 = FACE_BOUND('',#8725,.F.);
#8725 = EDGE_LOOP('',(#8726,#8727,#8733,#8734));
#8726 = ORIENTED_EDGE('',*,*,#5878,.F.);
#8727 = ORIENTED_EDGE('',*,*,#8728,.F.);
#8728 = EDGE_CURVE('',#5816,#5871,#8729,.T.);
#8729 = LINE('',#8730,#8731);
#8730 = CARTESIAN_POINT('',(-3.,0.8,0.2));
#8731 = VECTOR('',#8732,1.);
#8732 = DIRECTION('',(-4.669739647545E-16,-1.,0.));
#8733 = ORIENTED_EDGE('',*,*,#5815,.F.);
#8734 = ORIENTED_EDGE('',*,*,#5337,.F.);
#8735 = PLANE('',#8736);
#8736 = AXIS2_PLACEMENT_3D('',#8737,#8738,#8739);
#8737 = CARTESIAN_POINT('',(-3.,0.5,0.2));
#8738 = DIRECTION('',(0.,-0.,-1.));
#8739 = DIRECTION('',(4.669739647545E-16,1.,0.));
#8740 = ADVANCED_FACE('',(#8741),#8752,.F.);
#8741 = FACE_BOUND('',#8742,.F.);
#8742 = EDGE_LOOP('',(#8743,#8744,#8750,#8751));
#8743 = ORIENTED_EDGE('',*,*,#6270,.F.);
#8744 = ORIENTED_EDGE('',*,*,#8745,.F.);
#8745 = EDGE_CURVE('',#6150,#6263,#8746,.T.);
#8746 = LINE('',#8747,#8748);
#8747 = CARTESIAN_POINT('',(-3.,-0.5,0.2));
#8748 = VECTOR('',#8749,1.);
#8749 = DIRECTION('',(-4.669739647545E-16,-1.,0.));
#8750 = ORIENTED_EDGE('',*,*,#6149,.F.);
#8751 = ORIENTED_EDGE('',*,*,#5291,.F.);
#8752 = PLANE('',#8753);
#8753 = AXIS2_PLACEMENT_3D('',#8754,#8755,#8756);
#8754 = CARTESIAN_POINT('',(-3.,-0.8,0.2));
#8755 = DIRECTION('',(0.,-0.,-1.));
#8756 = DIRECTION('',(4.669739647545E-16,1.,0.));
#8757 = ADVANCED_FACE('',(#8758),#8769,.F.);
#8758 = FACE_BOUND('',#8759,.F.);
#8759 = EDGE_LOOP('',(#8760,#8761,#8767,#8768));
#8760 = ORIENTED_EDGE('',*,*,#6074,.F.);
#8761 = ORIENTED_EDGE('',*,*,#8762,.F.);
#8762 = EDGE_CURVE('',#5954,#6067,#8763,.T.);
#8763 = LINE('',#8764,#8765);
#8764 = CARTESIAN_POINT('',(-3.,0.15,0.2));
#8765 = VECTOR('',#8766,1.);
#8766 = DIRECTION('',(-4.669739647545E-16,-1.,0.));
#8767 = ORIENTED_EDGE('',*,*,#5953,.F.);
#8768 = ORIENTED_EDGE('',*,*,#5314,.F.);
#8769 = PLANE('',#8770);
#8770 = AXIS2_PLACEMENT_3D('',#8771,#8772,#8773);
#8771 = CARTESIAN_POINT('',(-3.,-0.15,0.2));
#8772 = DIRECTION('',(0.,-0.,-1.));
#8773 = DIRECTION('',(4.669739647545E-16,1.,0.));
#8774 = ADVANCED_FACE('',(#8775),#8786,.T.);
#8775 = FACE_BOUND('',#8776,.F.);
#8776 = EDGE_LOOP('',(#8777,#8778,#8779,#8780));
#8777 = ORIENTED_EDGE('',*,*,#5405,.T.);
#8778 = ORIENTED_EDGE('',*,*,#5495,.T.);
#8779 = ORIENTED_EDGE('',*,*,#5535,.T.);
#8780 = ORIENTED_EDGE('',*,*,#8781,.T.);
#8781 = EDGE_CURVE('',#5536,#5406,#8782,.T.);
#8782 = LINE('',#8783,#8784);
#8783 = CARTESIAN_POINT('',(-1.8,3.,0.));
#8784 = VECTOR('',#8785,1.);
#8785 = DIRECTION('',(-1.,4.555315873023E-16,0.));
#8786 = PLANE('',#8787);
#8787 = AXIS2_PLACEMENT_3D('',#8788,#8789,#8790);
#8788 = CARTESIAN_POINT('',(-2.1,3.,0.));
#8789 = DIRECTION('',(-0.,0.,-1.));
#8790 = DIRECTION('',(1.,-4.555315873023E-16,-0.));
#8791 = ADVANCED_FACE('',(#8792),#8798,.F.);
#8792 = FACE_BOUND('',#8793,.F.);
#8793 = EDGE_LOOP('',(#8794,#8795,#8796,#8797));
#8794 = ORIENTED_EDGE('',*,*,#5554,.T.);
#8795 = ORIENTED_EDGE('',*,*,#8575,.T.);
#8796 = ORIENTED_EDGE('',*,*,#5415,.F.);
#8797 = ORIENTED_EDGE('',*,*,#8781,.F.);
#8798 = PLANE('',#8799);
#8799 = AXIS2_PLACEMENT_3D('',#8800,#8801,#8802);
#8800 = CARTESIAN_POINT('',(-1.8,3.,0.));
#8801 = DIRECTION('',(-4.555315873023E-16,-1.,0.));
#8802 = DIRECTION('',(-1.,4.555315873023E-16,0.));
#8803 = ADVANCED_FACE('',(#8804),#8815,.T.);
#8804 = FACE_BOUND('',#8805,.F.);
#8805 = EDGE_LOOP('',(#8806,#8807,#8808,#8809));
#8806 = ORIENTED_EDGE('',*,*,#5568,.T.);
#8807 = ORIENTED_EDGE('',*,*,#5520,.T.);
#8808 = ORIENTED_EDGE('',*,*,#5445,.T.);
#8809 = ORIENTED_EDGE('',*,*,#8810,.T.);
#8810 = EDGE_CURVE('',#5448,#5569,#8811,.T.);
#8811 = LINE('',#8812,#8813);
#8812 = CARTESIAN_POINT('',(-3.,2.1,0.));
#8813 = VECTOR('',#8814,1.);
#8814 = DIRECTION('',(-4.669739647545E-16,-1.,0.));
#8815 = PLANE('',#8816);
#8816 = AXIS2_PLACEMENT_3D('',#8817,#8818,#8819);
#8817 = CARTESIAN_POINT('',(-3.,1.8,0.));
#8818 = DIRECTION('',(0.,-0.,-1.));
#8819 = DIRECTION('',(4.669739647545E-16,1.,0.));
#8820 = ADVANCED_FACE('',(#8821),#8827,.F.);
#8821 = FACE_BOUND('',#8822,.F.);
#8822 = EDGE_LOOP('',(#8823,#8824,#8825,#8826));
#8823 = ORIENTED_EDGE('',*,*,#5471,.T.);
#8824 = ORIENTED_EDGE('',*,*,#8660,.T.);
#8825 = ORIENTED_EDGE('',*,*,#5576,.F.);
#8826 = ORIENTED_EDGE('',*,*,#8810,.F.);
#8827 = PLANE('',#8828);
#8828 = AXIS2_PLACEMENT_3D('',#8829,#8830,#8831);
#8829 = CARTESIAN_POINT('',(-3.,2.1,0.));
#8830 = DIRECTION('',(1.,-4.669739647545E-16,0.));
#8831 = DIRECTION('',(-4.669739647545E-16,-1.,0.));
#8832 = ADVANCED_FACE('',(#8833),#8844,.T.);
#8833 = FACE_BOUND('',#8834,.F.);
#8834 = EDGE_LOOP('',(#8835,#8836,#8837,#8838));
#8835 = ORIENTED_EDGE('',*,*,#5601,.T.);
#8836 = ORIENTED_EDGE('',*,*,#5691,.T.);
#8837 = ORIENTED_EDGE('',*,*,#5731,.T.);
#8838 = ORIENTED_EDGE('',*,*,#8839,.T.);
#8839 = EDGE_CURVE('',#5732,#5602,#8840,.T.);
#8840 = LINE('',#8841,#8842);
#8841 = CARTESIAN_POINT('',(-1.15,3.,0.));
#8842 = VECTOR('',#8843,1.);
#8843 = DIRECTION('',(-1.,4.555315873023E-16,0.));
#8844 = PLANE('',#8845);
#8845 = AXIS2_PLACEMENT_3D('',#8846,#8847,#8848);
#8846 = CARTESIAN_POINT('',(-1.45,3.,0.));
#8847 = DIRECTION('',(-0.,0.,-1.));
#8848 = DIRECTION('',(1.,-4.555315873023E-16,-0.));
#8849 = ADVANCED_FACE('',(#8850),#8856,.F.);
#8850 = FACE_BOUND('',#8851,.F.);
#8851 = EDGE_LOOP('',(#8852,#8853,#8854,#8855));
#8852 = ORIENTED_EDGE('',*,*,#5750,.T.);
#8853 = ORIENTED_EDGE('',*,*,#8609,.T.);
#8854 = ORIENTED_EDGE('',*,*,#5611,.F.);
#8855 = ORIENTED_EDGE('',*,*,#8839,.F.);
#8856 = PLANE('',#8857);
#8857 = AXIS2_PLACEMENT_3D('',#8858,#8859,#8860);
#8858 = CARTESIAN_POINT('',(-1.15,3.,0.));
#8859 = DIRECTION('',(-4.555315873023E-16,-1.,0.));
#8860 = DIRECTION('',(-1.,4.555315873023E-16,0.));
#8861 = ADVANCED_FACE('',(#8862),#8873,.T.);
#8862 = FACE_BOUND('',#8863,.F.);
#8863 = EDGE_LOOP('',(#8864,#8865,#8866,#8867));
#8864 = ORIENTED_EDGE('',*,*,#5764,.T.);
#8865 = ORIENTED_EDGE('',*,*,#5716,.T.);
#8866 = ORIENTED_EDGE('',*,*,#5641,.T.);
#8867 = ORIENTED_EDGE('',*,*,#8868,.T.);
#8868 = EDGE_CURVE('',#5644,#5765,#8869,.T.);
#8869 = LINE('',#8870,#8871);
#8870 = CARTESIAN_POINT('',(-3.,1.45,0.));
#8871 = VECTOR('',#8872,1.);
#8872 = DIRECTION('',(-4.669739647545E-16,-1.,0.));
#8873 = PLANE('',#8874);
#8874 = AXIS2_PLACEMENT_3D('',#8875,#8876,#8877);
#8875 = CARTESIAN_POINT('',(-3.,1.15,0.));
#8876 = DIRECTION('',(0.,-0.,-1.));
#8877 = DIRECTION('',(4.669739647545E-16,1.,0.));
#8878 = ADVANCED_FACE('',(#8879),#8885,.F.);
#8879 = FACE_BOUND('',#8880,.F.);
#8880 = EDGE_LOOP('',(#8881,#8882,#8883,#8884));
#8881 = ORIENTED_EDGE('',*,*,#5667,.T.);
#8882 = ORIENTED_EDGE('',*,*,#8694,.T.);
#8883 = ORIENTED_EDGE('',*,*,#5772,.F.);
#8884 = ORIENTED_EDGE('',*,*,#8868,.F.);
#8885 = PLANE('',#8886);
#8886 = AXIS2_PLACEMENT_3D('',#8887,#8888,#8889);
#8887 = CARTESIAN_POINT('',(-3.,1.45,0.));
#8888 = DIRECTION('',(1.,-4.669739647545E-16,0.));
#8889 = DIRECTION('',(-4.669739647545E-16,-1.,0.));
#8890 = ADVANCED_FACE('',(#8891),#8902,.T.);
#8891 = FACE_BOUND('',#8892,.F.);
#8892 = EDGE_LOOP('',(#8893,#8894,#8895,#8896));
#8893 = ORIENTED_EDGE('',*,*,#5862,.T.);
#8894 = ORIENTED_EDGE('',*,*,#5847,.T.);
#8895 = ORIENTED_EDGE('',*,*,#5797,.T.);
#8896 = ORIENTED_EDGE('',*,*,#8897,.T.);
#8897 = EDGE_CURVE('',#5800,#5863,#8898,.T.);
#8898 = LINE('',#8899,#8900);
#8899 = CARTESIAN_POINT('',(-3.,0.8,0.));
#8900 = VECTOR('',#8901,1.);
#8901 = DIRECTION('',(-4.669739647545E-16,-1.,0.));
#8902 = PLANE('',#8903);
#8903 = AXIS2_PLACEMENT_3D('',#8904,#8905,#8906);
#8904 = CARTESIAN_POINT('',(-3.,0.5,0.));
#8905 = DIRECTION('',(0.,-0.,-1.));
#8906 = DIRECTION('',(4.669739647545E-16,1.,0.));
#8907 = ADVANCED_FACE('',(#8908),#8914,.F.);
#8908 = FACE_BOUND('',#8909,.F.);
#8909 = EDGE_LOOP('',(#8910,#8911,#8912,#8913));
#8910 = ORIENTED_EDGE('',*,*,#5823,.T.);
#8911 = ORIENTED_EDGE('',*,*,#8728,.T.);
#8912 = ORIENTED_EDGE('',*,*,#5870,.F.);
#8913 = ORIENTED_EDGE('',*,*,#8897,.F.);
#8914 = PLANE('',#8915);
#8915 = AXIS2_PLACEMENT_3D('',#8916,#8917,#8918);
#8916 = CARTESIAN_POINT('',(-3.,0.8,0.));
#8917 = DIRECTION('',(1.,-4.669739647545E-16,0.));
#8918 = DIRECTION('',(-4.669739647545E-16,-1.,0.));
#8919 = ADVANCED_FACE('',(#8920),#8931,.T.);
#8920 = FACE_BOUND('',#8921,.F.);
#8921 = EDGE_LOOP('',(#8922,#8923,#8924,#8925));
#8922 = ORIENTED_EDGE('',*,*,#5895,.T.);
#8923 = ORIENTED_EDGE('',*,*,#5985,.T.);
#8924 = ORIENTED_EDGE('',*,*,#6025,.T.);
#8925 = ORIENTED_EDGE('',*,*,#8926,.T.);
#8926 = EDGE_CURVE('',#6026,#5896,#8927,.T.);
#8927 = LINE('',#8928,#8929);
#8928 = CARTESIAN_POINT('',(0.15,3.,0.));
#8929 = VECTOR('',#8930,1.);
#8930 = DIRECTION('',(-1.,4.555315873023E-16,0.));
#8931 = PLANE('',#8932);
#8932 = AXIS2_PLACEMENT_3D('',#8933,#8934,#8935);
#8933 = CARTESIAN_POINT('',(-0.15,3.,0.));
#8934 = DIRECTION('',(-0.,0.,-1.));
#8935 = DIRECTION('',(1.,-4.555315873023E-16,-0.));
#8936 = ADVANCED_FACE('',(#8937),#8943,.F.);
#8937 = FACE_BOUND('',#8938,.F.);
#8938 = EDGE_LOOP('',(#8939,#8940,#8941,#8942));
#8939 = ORIENTED_EDGE('',*,*,#6044,.T.);
#8940 = ORIENTED_EDGE('',*,*,#8643,.T.);
#8941 = ORIENTED_EDGE('',*,*,#5905,.F.);
#8942 = ORIENTED_EDGE('',*,*,#8926,.F.);
#8943 = PLANE('',#8944);
#8944 = AXIS2_PLACEMENT_3D('',#8945,#8946,#8947);
#8945 = CARTESIAN_POINT('',(0.15,3.,0.));
#8946 = DIRECTION('',(-4.555315873023E-16,-1.,0.));
#8947 = DIRECTION('',(-1.,4.555315873023E-16,0.));
#8948 = ADVANCED_FACE('',(#8949),#8960,.T.);
#8949 = FACE_BOUND('',#8950,.F.);
#8950 = EDGE_LOOP('',(#8951,#8952,#8953,#8954));
#8951 = ORIENTED_EDGE('',*,*,#6058,.T.);
#8952 = ORIENTED_EDGE('',*,*,#6010,.T.);
#8953 = ORIENTED_EDGE('',*,*,#5935,.T.);
#8954 = ORIENTED_EDGE('',*,*,#8955,.T.);
#8955 = EDGE_CURVE('',#5938,#6059,#8956,.T.);
#8956 = LINE('',#8957,#8958);
#8957 = CARTESIAN_POINT('',(-3.,0.15,0.));
#8958 = VECTOR('',#8959,1.);
#8959 = DIRECTION('',(-4.669739647545E-16,-1.,0.));
#8960 = PLANE('',#8961);
#8961 = AXIS2_PLACEMENT_3D('',#8962,#8963,#8964);
#8962 = CARTESIAN_POINT('',(-3.,-0.15,0.));
#8963 = DIRECTION('',(0.,-0.,-1.));
#8964 = DIRECTION('',(4.669739647545E-16,1.,0.));
#8965 = ADVANCED_FACE('',(#8966),#8972,.F.);
#8966 = FACE_BOUND('',#8967,.F.);
#8967 = EDGE_LOOP('',(#8968,#8969,#8970,#8971));
#8968 = ORIENTED_EDGE('',*,*,#5961,.T.);
#8969 = ORIENTED_EDGE('',*,*,#8762,.T.);
#8970 = ORIENTED_EDGE('',*,*,#6066,.F.);
#8971 = ORIENTED_EDGE('',*,*,#8955,.F.);
#8972 = PLANE('',#8973);
#8973 = AXIS2_PLACEMENT_3D('',#8974,#8975,#8976);
#8974 = CARTESIAN_POINT('',(-3.,0.15,0.));
#8975 = DIRECTION('',(1.,-4.669739647545E-16,0.));
#8976 = DIRECTION('',(-4.669739647545E-16,-1.,0.));
#8977 = ADVANCED_FACE('',(#8978),#8989,.T.);
#8978 = FACE_BOUND('',#8979,.F.);
#8979 = EDGE_LOOP('',(#8980,#8981,#8982,#8983));
#8980 = ORIENTED_EDGE('',*,*,#6091,.T.);
#8981 = ORIENTED_EDGE('',*,*,#6181,.T.);
#8982 = ORIENTED_EDGE('',*,*,#6221,.T.);
#8983 = ORIENTED_EDGE('',*,*,#8984,.T.);
#8984 = EDGE_CURVE('',#6222,#6092,#8985,.T.);
#8985 = LINE('',#8986,#8987);
#8986 = CARTESIAN_POINT('',(0.8,3.,0.));
#8987 = VECTOR('',#8988,1.);
#8988 = DIRECTION('',(-1.,4.555315873023E-16,0.));
#8989 = PLANE('',#8990);
#8990 = AXIS2_PLACEMENT_3D('',#8991,#8992,#8993);
#8991 = CARTESIAN_POINT('',(0.5,3.,0.));
#8992 = DIRECTION('',(-0.,0.,-1.));
#8993 = DIRECTION('',(1.,-4.555315873023E-16,-0.));
#8994 = ADVANCED_FACE('',(#8995),#9001,.F.);
#8995 = FACE_BOUND('',#8996,.F.);
#8996 = EDGE_LOOP('',(#8997,#8998,#8999,#9000));
#8997 = ORIENTED_EDGE('',*,*,#6240,.T.);
#8998 = ORIENTED_EDGE('',*,*,#8626,.T.);
#8999 = ORIENTED_EDGE('',*,*,#6101,.F.);
#9000 = ORIENTED_EDGE('',*,*,#8984,.F.);
#9001 = PLANE('',#9002);
#9002 = AXIS2_PLACEMENT_3D('',#9003,#9004,#9005);
#9003 = CARTESIAN_POINT('',(0.8,3.,0.));
#9004 = DIRECTION('',(-4.555315873023E-16,-1.,0.));
#9005 = DIRECTION('',(-1.,4.555315873023E-16,0.));
#9006 = ADVANCED_FACE('',(#9007),#9018,.T.);
#9007 = FACE_BOUND('',#9008,.F.);
#9008 = EDGE_LOOP('',(#9009,#9010,#9011,#9012));
#9009 = ORIENTED_EDGE('',*,*,#6254,.T.);
#9010 = ORIENTED_EDGE('',*,*,#6206,.T.);
#9011 = ORIENTED_EDGE('',*,*,#6131,.T.);
#9012 = ORIENTED_EDGE('',*,*,#9013,.T.);
#9013 = EDGE_CURVE('',#6134,#6255,#9014,.T.);
#9014 = LINE('',#9015,#9016);
#9015 = CARTESIAN_POINT('',(-3.,-0.5,0.));
#9016 = VECTOR('',#9017,1.);
#9017 = DIRECTION('',(-4.669739647545E-16,-1.,0.));
#9018 = PLANE('',#9019);
#9019 = AXIS2_PLACEMENT_3D('',#9020,#9021,#9022);
#9020 = CARTESIAN_POINT('',(-3.,-0.8,0.));
#9021 = DIRECTION('',(0.,-0.,-1.));
#9022 = DIRECTION('',(4.669739647545E-16,1.,0.));
#9023 = ADVANCED_FACE('',(#9024),#9030,.F.);
#9024 = FACE_BOUND('',#9025,.F.);
#9025 = EDGE_LOOP('',(#9026,#9027,#9028,#9029));
#9026 = ORIENTED_EDGE('',*,*,#6157,.T.);
#9027 = ORIENTED_EDGE('',*,*,#8745,.T.);
#9028 = ORIENTED_EDGE('',*,*,#6262,.F.);
#9029 = ORIENTED_EDGE('',*,*,#9013,.F.);
#9030 = PLANE('',#9031);
#9031 = AXIS2_PLACEMENT_3D('',#9032,#9033,#9034);
#9032 = CARTESIAN_POINT('',(-3.,-0.5,0.));
#9033 = DIRECTION('',(1.,-4.669739647545E-16,0.));
#9034 = DIRECTION('',(-4.669739647545E-16,-1.,0.));
#9035 = ADVANCED_FACE('',(#9036),#9047,.T.);
#9036 = FACE_BOUND('',#9037,.F.);
#9037 = EDGE_LOOP('',(#9038,#9039,#9040,#9041));
#9038 = ORIENTED_EDGE('',*,*,#6287,.T.);
#9039 = ORIENTED_EDGE('',*,*,#6377,.T.);
#9040 = ORIENTED_EDGE('',*,*,#6417,.T.);
#9041 = ORIENTED_EDGE('',*,*,#9042,.T.);
#9042 = EDGE_CURVE('',#6418,#6288,#9043,.T.);
#9043 = LINE('',#9044,#9045);
#9044 = CARTESIAN_POINT('',(1.45,3.,0.));
#9045 = VECTOR('',#9046,1.);
#9046 = DIRECTION('',(-1.,4.555315873023E-16,0.));
#9047 = PLANE('',#9048);
#9048 = AXIS2_PLACEMENT_3D('',#9049,#9050,#9051);
#9049 = CARTESIAN_POINT('',(1.15,3.,0.));
#9050 = DIRECTION('',(-0.,0.,-1.));
#9051 = DIRECTION('',(1.,-4.555315873023E-16,-0.));
#9052 = ADVANCED_FACE('',(#9053),#9059,.F.);
#9053 = FACE_BOUND('',#9054,.F.);
#9054 = EDGE_LOOP('',(#9055,#9056,#9057,#9058));
#9055 = ORIENTED_EDGE('',*,*,#6436,.T.);
#9056 = ORIENTED_EDGE('',*,*,#8592,.T.);
#9057 = ORIENTED_EDGE('',*,*,#6297,.F.);
#9058 = ORIENTED_EDGE('',*,*,#9042,.F.);
#9059 = PLANE('',#9060);
#9060 = AXIS2_PLACEMENT_3D('',#9061,#9062,#9063);
#9061 = CARTESIAN_POINT('',(1.45,3.,0.));
#9062 = DIRECTION('',(-4.555315873023E-16,-1.,0.));
#9063 = DIRECTION('',(-1.,4.555315873023E-16,0.));
#9064 = ADVANCED_FACE('',(#9065),#9076,.T.);
#9065 = FACE_BOUND('',#9066,.F.);
#9066 = EDGE_LOOP('',(#9067,#9068,#9069,#9070));
#9067 = ORIENTED_EDGE('',*,*,#6450,.T.);
#9068 = ORIENTED_EDGE('',*,*,#6402,.T.);
#9069 = ORIENTED_EDGE('',*,*,#6327,.T.);
#9070 = ORIENTED_EDGE('',*,*,#9071,.T.);
#9071 = EDGE_CURVE('',#6330,#6451,#9072,.T.);
#9072 = LINE('',#9073,#9074);
#9073 = CARTESIAN_POINT('',(-3.,-1.15,0.));
#9074 = VECTOR('',#9075,1.);
#9075 = DIRECTION('',(-4.669739647545E-16,-1.,0.));
#9076 = PLANE('',#9077);
#9077 = AXIS2_PLACEMENT_3D('',#9078,#9079,#9080);
#9078 = CARTESIAN_POINT('',(-3.,-1.45,0.));
#9079 = DIRECTION('',(0.,-0.,-1.));
#9080 = DIRECTION('',(4.669739647545E-16,1.,0.));
#9081 = ADVANCED_FACE('',(#9082),#9088,.F.);
#9082 = FACE_BOUND('',#9083,.F.);
#9083 = EDGE_LOOP('',(#9084,#9085,#9086,#9087));
#9084 = ORIENTED_EDGE('',*,*,#6353,.T.);
#9085 = ORIENTED_EDGE('',*,*,#8711,.T.);
#9086 = ORIENTED_EDGE('',*,*,#6458,.F.);
#9087 = ORIENTED_EDGE('',*,*,#9071,.F.);
#9088 = PLANE('',#9089);
#9089 = AXIS2_PLACEMENT_3D('',#9090,#9091,#9092);
#9090 = CARTESIAN_POINT('',(-3.,-1.15,0.));
#9091 = DIRECTION('',(1.,-4.669739647545E-16,0.));
#9092 = DIRECTION('',(-4.669739647545E-16,-1.,0.));
#9093 = ADVANCED_FACE('',(#9094),#9105,.T.);
#9094 = FACE_BOUND('',#9095,.F.);
#9095 = EDGE_LOOP('',(#9096,#9097,#9098,#9099));
#9096 = ORIENTED_EDGE('',*,*,#6483,.T.);
#9097 = ORIENTED_EDGE('',*,*,#6573,.T.);
#9098 = ORIENTED_EDGE('',*,*,#6613,.T.);
#9099 = ORIENTED_EDGE('',*,*,#9100,.T.);
#9100 = EDGE_CURVE('',#6614,#6484,#9101,.T.);
#9101 = LINE('',#9102,#9103);
#9102 = CARTESIAN_POINT('',(2.1,3.,0.));
#9103 = VECTOR('',#9104,1.);
#9104 = DIRECTION('',(-1.,4.555315873023E-16,0.));
#9105 = PLANE('',#9106);
#9106 = AXIS2_PLACEMENT_3D('',#9107,#9108,#9109);
#9107 = CARTESIAN_POINT('',(1.8,3.,0.));
#9108 = DIRECTION('',(-0.,0.,-1.));
#9109 = DIRECTION('',(1.,-4.555315873023E-16,-0.));
#9110 = ADVANCED_FACE('',(#9111),#9117,.F.);
#9111 = FACE_BOUND('',#9112,.F.);
#9112 = EDGE_LOOP('',(#9113,#9114,#9115,#9116));
#9113 = ORIENTED_EDGE('',*,*,#6632,.T.);
#9114 = ORIENTED_EDGE('',*,*,#8558,.T.);
#9115 = ORIENTED_EDGE('',*,*,#6493,.F.);
#9116 = ORIENTED_EDGE('',*,*,#9100,.F.);
#9117 = PLANE('',#9118);
#9118 = AXIS2_PLACEMENT_3D('',#9119,#9120,#9121);
#9119 = CARTESIAN_POINT('',(2.1,3.,0.));
#9120 = DIRECTION('',(-4.555315873023E-16,-1.,0.));
#9121 = DIRECTION('',(-1.,4.555315873023E-16,0.));
#9122 = ADVANCED_FACE('',(#9123),#9134,.T.);
#9123 = FACE_BOUND('',#9124,.F.);
#9124 = EDGE_LOOP('',(#9125,#9126,#9127,#9128));
#9125 = ORIENTED_EDGE('',*,*,#6646,.T.);
#9126 = ORIENTED_EDGE('',*,*,#6598,.T.);
#9127 = ORIENTED_EDGE('',*,*,#6523,.T.);
#9128 = ORIENTED_EDGE('',*,*,#9129,.T.);
#9129 = EDGE_CURVE('',#6526,#6647,#9130,.T.);
#9130 = LINE('',#9131,#9132);
#9131 = CARTESIAN_POINT('',(-3.,-1.8,0.));
#9132 = VECTOR('',#9133,1.);
#9133 = DIRECTION('',(-4.669739647545E-16,-1.,0.));
#9134 = PLANE('',#9135);
#9135 = AXIS2_PLACEMENT_3D('',#9136,#9137,#9138);
#9136 = CARTESIAN_POINT('',(-3.,-2.1,0.));
#9137 = DIRECTION('',(0.,-0.,-1.));
#9138 = DIRECTION('',(4.669739647545E-16,1.,0.));
#9139 = ADVANCED_FACE('',(#9140),#9146,.F.);
#9140 = FACE_BOUND('',#9141,.F.);
#9141 = EDGE_LOOP('',(#9142,#9143,#9144,#9145));
#9142 = ORIENTED_EDGE('',*,*,#6549,.T.);
#9143 = ORIENTED_EDGE('',*,*,#8677,.T.);
#9144 = ORIENTED_EDGE('',*,*,#6654,.F.);
#9145 = ORIENTED_EDGE('',*,*,#9129,.F.);
#9146 = PLANE('',#9147);
#9147 = AXIS2_PLACEMENT_3D('',#9148,#9149,#9150);
#9148 = CARTESIAN_POINT('',(-3.,-1.8,0.));
#9149 = DIRECTION('',(1.,-4.669739647545E-16,0.));
#9150 = DIRECTION('',(-4.669739647545E-16,-1.,0.));
#9151 = ADVANCED_FACE('',(#9152),#9163,.F.);
#9152 = FACE_BOUND('',#9153,.F.);
#9153 = EDGE_LOOP('',(#9154,#9155,#9161,#9162));
#9154 = ORIENTED_EDGE('',*,*,#7060,.F.);
#9155 = ORIENTED_EDGE('',*,*,#9156,.F.);
#9156 = EDGE_CURVE('',#7184,#7053,#9157,.T.);
#9157 = LINE('',#9158,#9159);
#9158 = CARTESIAN_POINT('',(3.,1.8,0.2));
#9159 = VECTOR('',#9160,1.);
#9160 = DIRECTION('',(3.445092848398E-16,1.,0.));
#9161 = ORIENTED_EDGE('',*,*,#7183,.F.);
#9162 = ORIENTED_EDGE('',*,*,#6842,.T.);
#9163 = PLANE('',#9164);
#9164 = AXIS2_PLACEMENT_3D('',#9165,#9166,#9167);
#9165 = CARTESIAN_POINT('',(3.,2.1,0.2));
#9166 = DIRECTION('',(0.,0.,-1.));
#9167 = DIRECTION('',(-3.445092848398E-16,-1.,-0.));
#9168 = ADVANCED_FACE('',(#9169),#9180,.F.);
#9169 = FACE_BOUND('',#9170,.F.);
#9170 = EDGE_LOOP('',(#9171,#9172,#9178,#9179));
#9171 = ORIENTED_EDGE('',*,*,#8236,.F.);
#9172 = ORIENTED_EDGE('',*,*,#9173,.F.);
#9173 = EDGE_CURVE('',#8360,#8229,#9174,.T.);
#9174 = LINE('',#9175,#9176);
#9175 = CARTESIAN_POINT('',(3.,-2.1,0.2));
#9176 = VECTOR('',#9177,1.);
#9177 = DIRECTION('',(3.445092848398E-16,1.,0.));
#9178 = ORIENTED_EDGE('',*,*,#8359,.F.);
#9179 = ORIENTED_EDGE('',*,*,#6704,.T.);
#9180 = PLANE('',#9181);
#9181 = AXIS2_PLACEMENT_3D('',#9182,#9183,#9184);
#9182 = CARTESIAN_POINT('',(3.,-1.8,0.2));
#9183 = DIRECTION('',(0.,0.,-1.));
#9184 = DIRECTION('',(-3.445092848398E-16,-1.,-0.));
#9185 = ADVANCED_FACE('',(#9186),#9197,.F.);
#9186 = FACE_BOUND('',#9187,.F.);
#9187 = EDGE_LOOP('',(#9188,#9189,#9195,#9196));
#9188 = ORIENTED_EDGE('',*,*,#7256,.F.);
#9189 = ORIENTED_EDGE('',*,*,#9190,.F.);
#9190 = EDGE_CURVE('',#7380,#7249,#9191,.T.);
#9191 = LINE('',#9192,#9193);
#9192 = CARTESIAN_POINT('',(3.,1.15,0.2));
#9193 = VECTOR('',#9194,1.);
#9194 = DIRECTION('',(3.445092848398E-16,1.,0.));
#9195 = ORIENTED_EDGE('',*,*,#7379,.F.);
#9196 = ORIENTED_EDGE('',*,*,#6819,.T.);
#9197 = PLANE('',#9198);
#9198 = AXIS2_PLACEMENT_3D('',#9199,#9200,#9201);
#9199 = CARTESIAN_POINT('',(3.,1.45,0.2));
#9200 = DIRECTION('',(0.,0.,-1.));
#9201 = DIRECTION('',(-3.445092848398E-16,-1.,-0.));
#9202 = ADVANCED_FACE('',(#9203),#9214,.F.);
#9203 = FACE_BOUND('',#9204,.F.);
#9204 = EDGE_LOOP('',(#9205,#9206,#9212,#9213));
#9205 = ORIENTED_EDGE('',*,*,#8040,.F.);
#9206 = ORIENTED_EDGE('',*,*,#9207,.F.);
#9207 = EDGE_CURVE('',#8164,#8033,#9208,.T.);
#9208 = LINE('',#9209,#9210);
#9209 = CARTESIAN_POINT('',(3.,-1.45,0.2));
#9210 = VECTOR('',#9211,1.);
#9211 = DIRECTION('',(3.445092848398E-16,1.,0.));
#9212 = ORIENTED_EDGE('',*,*,#8163,.F.);
#9213 = ORIENTED_EDGE('',*,*,#6727,.T.);
#9214 = PLANE('',#9215);
#9215 = AXIS2_PLACEMENT_3D('',#9216,#9217,#9218);
#9216 = CARTESIAN_POINT('',(3.,-1.15,0.2));
#9217 = DIRECTION('',(0.,0.,-1.));
#9218 = DIRECTION('',(-3.445092848398E-16,-1.,-0.));
#9219 = ADVANCED_FACE('',(#9220),#9231,.F.);
#9220 = FACE_BOUND('',#9221,.F.);
#9221 = EDGE_LOOP('',(#9222,#9223,#9229,#9230));
#9222 = ORIENTED_EDGE('',*,*,#7452,.F.);
#9223 = ORIENTED_EDGE('',*,*,#9224,.F.);
#9224 = EDGE_CURVE('',#7576,#7445,#9225,.T.);
#9225 = LINE('',#9226,#9227);
#9226 = CARTESIAN_POINT('',(3.,0.5,0.2));
#9227 = VECTOR('',#9228,1.);
#9228 = DIRECTION('',(3.445092848398E-16,1.,0.));
#9229 = ORIENTED_EDGE('',*,*,#7575,.F.);
#9230 = ORIENTED_EDGE('',*,*,#6796,.T.);
#9231 = PLANE('',#9232);
#9232 = AXIS2_PLACEMENT_3D('',#9233,#9234,#9235);
#9233 = CARTESIAN_POINT('',(3.,0.8,0.2));
#9234 = DIRECTION('',(0.,0.,-1.));
#9235 = DIRECTION('',(-3.445092848398E-16,-1.,-0.));
#9236 = ADVANCED_FACE('',(#9237),#9248,.F.);
#9237 = FACE_BOUND('',#9238,.F.);
#9238 = EDGE_LOOP('',(#9239,#9240,#9246,#9247));
#9239 = ORIENTED_EDGE('',*,*,#7844,.F.);
#9240 = ORIENTED_EDGE('',*,*,#9241,.F.);
#9241 = EDGE_CURVE('',#7968,#7837,#9242,.T.);
#9242 = LINE('',#9243,#9244);
#9243 = CARTESIAN_POINT('',(3.,-0.8,0.2));
#9244 = VECTOR('',#9245,1.);
#9245 = DIRECTION('',(3.445092848398E-16,1.,0.));
#9246 = ORIENTED_EDGE('',*,*,#7967,.F.);
#9247 = ORIENTED_EDGE('',*,*,#6750,.T.);
#9248 = PLANE('',#9249);
#9249 = AXIS2_PLACEMENT_3D('',#9250,#9251,#9252);
#9250 = CARTESIAN_POINT('',(3.,-0.5,0.2));
#9251 = DIRECTION('',(0.,0.,-1.));
#9252 = DIRECTION('',(-3.445092848398E-16,-1.,-0.));
#9253 = ADVANCED_FACE('',(#9254),#9265,.F.);
#9254 = FACE_BOUND('',#9255,.F.);
#9255 = EDGE_LOOP('',(#9256,#9257,#9263,#9264));
#9256 = ORIENTED_EDGE('',*,*,#7648,.F.);
#9257 = ORIENTED_EDGE('',*,*,#9258,.F.);
#9258 = EDGE_CURVE('',#7772,#7641,#9259,.T.);
#9259 = LINE('',#9260,#9261);
#9260 = CARTESIAN_POINT('',(3.,-0.15,0.2));
#9261 = VECTOR('',#9262,1.);
#9262 = DIRECTION('',(3.445092848398E-16,1.,0.));
#9263 = ORIENTED_EDGE('',*,*,#7771,.F.);
#9264 = ORIENTED_EDGE('',*,*,#6773,.T.);
#9265 = PLANE('',#9266);
#9266 = AXIS2_PLACEMENT_3D('',#9267,#9268,#9269);
#9267 = CARTESIAN_POINT('',(3.,0.15,0.2));
#9268 = DIRECTION('',(0.,0.,-1.));
#9269 = DIRECTION('',(-3.445092848398E-16,-1.,-0.));
#9270 = ADVANCED_FACE('',(#9271),#9282,.F.);
#9271 = FACE_BOUND('',#9272,.F.);
#9272 = EDGE_LOOP('',(#9273,#9274,#9280,#9281));
#9273 = ORIENTED_EDGE('',*,*,#8397,.F.);
#9274 = ORIENTED_EDGE('',*,*,#9275,.F.);
#9275 = EDGE_CURVE('',#8277,#8390,#9276,.T.);
#9276 = LINE('',#9277,#9278);
#9277 = CARTESIAN_POINT('',(1.8,-3.,0.2));
#9278 = VECTOR('',#9279,1.);
#9279 = DIRECTION('',(1.,-5.665538897648E-16,0.));
#9280 = ORIENTED_EDGE('',*,*,#8276,.F.);
#9281 = ORIENTED_EDGE('',*,*,#7018,.T.);
#9282 = PLANE('',#9283);
#9283 = AXIS2_PLACEMENT_3D('',#9284,#9285,#9286);
#9284 = CARTESIAN_POINT('',(2.1,-3.,0.2));
#9285 = DIRECTION('',(0.,0.,-1.));
#9286 = DIRECTION('',(-1.,5.665538897648E-16,0.));
#9287 = ADVANCED_FACE('',(#9288),#9299,.F.);
#9288 = FACE_BOUND('',#9289,.F.);
#9289 = EDGE_LOOP('',(#9290,#9291,#9297,#9298));
#9290 = ORIENTED_EDGE('',*,*,#7221,.F.);
#9291 = ORIENTED_EDGE('',*,*,#9292,.F.);
#9292 = EDGE_CURVE('',#7101,#7214,#9293,.T.);
#9293 = LINE('',#9294,#9295);
#9294 = CARTESIAN_POINT('',(-2.1,-3.,0.2));
#9295 = VECTOR('',#9296,1.);
#9296 = DIRECTION('',(1.,-5.665538897648E-16,0.));
#9297 = ORIENTED_EDGE('',*,*,#7100,.F.);
#9298 = ORIENTED_EDGE('',*,*,#6880,.T.);
#9299 = PLANE('',#9300);
#9300 = AXIS2_PLACEMENT_3D('',#9301,#9302,#9303);
#9301 = CARTESIAN_POINT('',(-1.8,-3.,0.2));
#9302 = DIRECTION('',(0.,0.,-1.));
#9303 = DIRECTION('',(-1.,5.665538897648E-16,0.));
#9304 = ADVANCED_FACE('',(#9305),#9316,.F.);
#9305 = FACE_BOUND('',#9306,.F.);
#9306 = EDGE_LOOP('',(#9307,#9308,#9314,#9315));
#9307 = ORIENTED_EDGE('',*,*,#8201,.F.);
#9308 = ORIENTED_EDGE('',*,*,#9309,.F.);
#9309 = EDGE_CURVE('',#8081,#8194,#9310,.T.);
#9310 = LINE('',#9311,#9312);
#9311 = CARTESIAN_POINT('',(1.15,-3.,0.2));
#9312 = VECTOR('',#9313,1.);
#9313 = DIRECTION('',(1.,-5.665538897648E-16,0.));
#9314 = ORIENTED_EDGE('',*,*,#8080,.F.);
#9315 = ORIENTED_EDGE('',*,*,#6995,.T.);
#9316 = PLANE('',#9317);
#9317 = AXIS2_PLACEMENT_3D('',#9318,#9319,#9320);
#9318 = CARTESIAN_POINT('',(1.45,-3.,0.2));
#9319 = DIRECTION('',(0.,0.,-1.));
#9320 = DIRECTION('',(-1.,5.665538897648E-16,0.));
#9321 = ADVANCED_FACE('',(#9322),#9333,.F.);
#9322 = FACE_BOUND('',#9323,.F.);
#9323 = EDGE_LOOP('',(#9324,#9325,#9331,#9332));
#9324 = ORIENTED_EDGE('',*,*,#7417,.F.);
#9325 = ORIENTED_EDGE('',*,*,#9326,.F.);
#9326 = EDGE_CURVE('',#7297,#7410,#9327,.T.);
#9327 = LINE('',#9328,#9329);
#9328 = CARTESIAN_POINT('',(-1.45,-3.,0.2));
#9329 = VECTOR('',#9330,1.);
#9330 = DIRECTION('',(1.,-5.665538897648E-16,0.));
#9331 = ORIENTED_EDGE('',*,*,#7296,.F.);
#9332 = ORIENTED_EDGE('',*,*,#6903,.T.);
#9333 = PLANE('',#9334);
#9334 = AXIS2_PLACEMENT_3D('',#9335,#9336,#9337);
#9335 = CARTESIAN_POINT('',(-1.15,-3.,0.2));
#9336 = DIRECTION('',(0.,0.,-1.));
#9337 = DIRECTION('',(-1.,5.665538897648E-16,0.));
#9338 = ADVANCED_FACE('',(#9339),#9350,.F.);
#9339 = FACE_BOUND('',#9340,.F.);
#9340 = EDGE_LOOP('',(#9341,#9342,#9348,#9349));
#9341 = ORIENTED_EDGE('',*,*,#8005,.F.);
#9342 = ORIENTED_EDGE('',*,*,#9343,.F.);
#9343 = EDGE_CURVE('',#7885,#7998,#9344,.T.);
#9344 = LINE('',#9345,#9346);
#9345 = CARTESIAN_POINT('',(0.5,-3.,0.2));
#9346 = VECTOR('',#9347,1.);
#9347 = DIRECTION('',(1.,-5.665538897648E-16,0.));
#9348 = ORIENTED_EDGE('',*,*,#7884,.F.);
#9349 = ORIENTED_EDGE('',*,*,#6972,.T.);
#9350 = PLANE('',#9351);
#9351 = AXIS2_PLACEMENT_3D('',#9352,#9353,#9354);
#9352 = CARTESIAN_POINT('',(0.8,-3.,0.2));
#9353 = DIRECTION('',(0.,0.,-1.));
#9354 = DIRECTION('',(-1.,5.665538897648E-16,0.));
#9355 = ADVANCED_FACE('',(#9356),#9367,.F.);
#9356 = FACE_BOUND('',#9357,.F.);
#9357 = EDGE_LOOP('',(#9358,#9359,#9365,#9366));
#9358 = ORIENTED_EDGE('',*,*,#7613,.F.);
#9359 = ORIENTED_EDGE('',*,*,#9360,.F.);
#9360 = EDGE_CURVE('',#7493,#7606,#9361,.T.);
#9361 = LINE('',#9362,#9363);
#9362 = CARTESIAN_POINT('',(-0.8,-3.,0.2));
#9363 = VECTOR('',#9364,1.);
#9364 = DIRECTION('',(1.,-5.665538897648E-16,0.));
#9365 = ORIENTED_EDGE('',*,*,#7492,.F.);
#9366 = ORIENTED_EDGE('',*,*,#6926,.T.);
#9367 = PLANE('',#9368);
#9368 = AXIS2_PLACEMENT_3D('',#9369,#9370,#9371);
#9369 = CARTESIAN_POINT('',(-0.5,-3.,0.2));
#9370 = DIRECTION('',(0.,0.,-1.));
#9371 = DIRECTION('',(-1.,5.665538897648E-16,0.));
#9372 = ADVANCED_FACE('',(#9373),#9384,.F.);
#9373 = FACE_BOUND('',#9374,.F.);
#9374 = EDGE_LOOP('',(#9375,#9376,#9382,#9383));
#9375 = ORIENTED_EDGE('',*,*,#7809,.F.);
#9376 = ORIENTED_EDGE('',*,*,#9377,.F.);
#9377 = EDGE_CURVE('',#7689,#7802,#9378,.T.);
#9378 = LINE('',#9379,#9380);
#9379 = CARTESIAN_POINT('',(-0.15,-3.,0.2));
#9380 = VECTOR('',#9381,1.);
#9381 = DIRECTION('',(1.,-5.665538897648E-16,0.));
#9382 = ORIENTED_EDGE('',*,*,#7688,.F.);
#9383 = ORIENTED_EDGE('',*,*,#6949,.T.);
#9384 = PLANE('',#9385);
#9385 = AXIS2_PLACEMENT_3D('',#9386,#9387,#9388);
#9386 = CARTESIAN_POINT('',(0.15,-3.,0.2));
#9387 = DIRECTION('',(0.,0.,-1.));
#9388 = DIRECTION('',(-1.,5.665538897648E-16,0.));
#9389 = ADVANCED_FACE('',(#9390),#9401,.T.);
#9390 = FACE_BOUND('',#9391,.F.);
#9391 = EDGE_LOOP('',(#9392,#9393,#9394,#9395));
#9392 = ORIENTED_EDGE('',*,*,#7042,.T.);
#9393 = ORIENTED_EDGE('',*,*,#7132,.T.);
#9394 = ORIENTED_EDGE('',*,*,#7172,.T.);
#9395 = ORIENTED_EDGE('',*,*,#9396,.T.);
#9396 = EDGE_CURVE('',#7173,#7043,#9397,.T.);
#9397 = LINE('',#9398,#9399);
#9398 = CARTESIAN_POINT('',(3.,1.8,0.));
#9399 = VECTOR('',#9400,1.);
#9400 = DIRECTION('',(3.445092848398E-16,1.,0.));
#9401 = PLANE('',#9402);
#9402 = AXIS2_PLACEMENT_3D('',#9403,#9404,#9405);
#9403 = CARTESIAN_POINT('',(3.,2.1,0.));
#9404 = DIRECTION('',(0.,0.,-1.));
#9405 = DIRECTION('',(-3.445092848398E-16,-1.,-0.));
#9406 = ADVANCED_FACE('',(#9407),#9413,.F.);
#9407 = FACE_BOUND('',#9408,.F.);
#9408 = EDGE_LOOP('',(#9409,#9410,#9411,#9412));
#9409 = ORIENTED_EDGE('',*,*,#7191,.T.);
#9410 = ORIENTED_EDGE('',*,*,#9156,.T.);
#9411 = ORIENTED_EDGE('',*,*,#7052,.F.);
#9412 = ORIENTED_EDGE('',*,*,#9396,.F.);
#9413 = PLANE('',#9414);
#9414 = AXIS2_PLACEMENT_3D('',#9415,#9416,#9417);
#9415 = CARTESIAN_POINT('',(3.,1.8,0.));
#9416 = DIRECTION('',(-1.,3.445092848398E-16,0.));
#9417 = DIRECTION('',(3.445092848398E-16,1.,0.));
#9418 = ADVANCED_FACE('',(#9419),#9430,.T.);
#9419 = FACE_BOUND('',#9420,.F.);
#9420 = EDGE_LOOP('',(#9421,#9422,#9423,#9424));
#9421 = ORIENTED_EDGE('',*,*,#7205,.T.);
#9422 = ORIENTED_EDGE('',*,*,#7157,.T.);
#9423 = ORIENTED_EDGE('',*,*,#7082,.T.);
#9424 = ORIENTED_EDGE('',*,*,#9425,.T.);
#9425 = EDGE_CURVE('',#7085,#7206,#9426,.T.);
#9426 = LINE('',#9427,#9428);
#9427 = CARTESIAN_POINT('',(-2.1,-3.,0.));
#9428 = VECTOR('',#9429,1.);
#9429 = DIRECTION('',(1.,-5.665538897648E-16,0.));
#9430 = PLANE('',#9431);
#9431 = AXIS2_PLACEMENT_3D('',#9432,#9433,#9434);
#9432 = CARTESIAN_POINT('',(-1.8,-3.,0.));
#9433 = DIRECTION('',(0.,0.,-1.));
#9434 = DIRECTION('',(-1.,5.665538897648E-16,0.));
#9435 = ADVANCED_FACE('',(#9436),#9442,.F.);
#9436 = FACE_BOUND('',#9437,.F.);
#9437 = EDGE_LOOP('',(#9438,#9439,#9440,#9441));
#9438 = ORIENTED_EDGE('',*,*,#7108,.T.);
#9439 = ORIENTED_EDGE('',*,*,#9292,.T.);
#9440 = ORIENTED_EDGE('',*,*,#7213,.F.);
#9441 = ORIENTED_EDGE('',*,*,#9425,.F.);
#9442 = PLANE('',#9443);
#9443 = AXIS2_PLACEMENT_3D('',#9444,#9445,#9446);
#9444 = CARTESIAN_POINT('',(-2.1,-3.,0.));
#9445 = DIRECTION('',(5.665538897648E-16,1.,0.));
#9446 = DIRECTION('',(1.,-5.665538897648E-16,0.));
#9447 = ADVANCED_FACE('',(#9448),#9459,.T.);
#9448 = FACE_BOUND('',#9449,.F.);
#9449 = EDGE_LOOP('',(#9450,#9451,#9452,#9453));
#9450 = ORIENTED_EDGE('',*,*,#7238,.T.);
#9451 = ORIENTED_EDGE('',*,*,#7328,.T.);
#9452 = ORIENTED_EDGE('',*,*,#7368,.T.);
#9453 = ORIENTED_EDGE('',*,*,#9454,.T.);
#9454 = EDGE_CURVE('',#7369,#7239,#9455,.T.);
#9455 = LINE('',#9456,#9457);
#9456 = CARTESIAN_POINT('',(3.,1.15,0.));
#9457 = VECTOR('',#9458,1.);
#9458 = DIRECTION('',(3.445092848398E-16,1.,0.));
#9459 = PLANE('',#9460);
#9460 = AXIS2_PLACEMENT_3D('',#9461,#9462,#9463);
#9461 = CARTESIAN_POINT('',(3.,1.45,0.));
#9462 = DIRECTION('',(0.,0.,-1.));
#9463 = DIRECTION('',(-3.445092848398E-16,-1.,-0.));
#9464 = ADVANCED_FACE('',(#9465),#9471,.F.);
#9465 = FACE_BOUND('',#9466,.F.);
#9466 = EDGE_LOOP('',(#9467,#9468,#9469,#9470));
#9467 = ORIENTED_EDGE('',*,*,#7387,.T.);
#9468 = ORIENTED_EDGE('',*,*,#9190,.T.);
#9469 = ORIENTED_EDGE('',*,*,#7248,.F.);
#9470 = ORIENTED_EDGE('',*,*,#9454,.F.);
#9471 = PLANE('',#9472);
#9472 = AXIS2_PLACEMENT_3D('',#9473,#9474,#9475);
#9473 = CARTESIAN_POINT('',(3.,1.15,0.));
#9474 = DIRECTION('',(-1.,3.445092848398E-16,0.));
#9475 = DIRECTION('',(3.445092848398E-16,1.,0.));
#9476 = ADVANCED_FACE('',(#9477),#9488,.T.);
#9477 = FACE_BOUND('',#9478,.F.);
#9478 = EDGE_LOOP('',(#9479,#9480,#9481,#9482));
#9479 = ORIENTED_EDGE('',*,*,#7401,.T.);
#9480 = ORIENTED_EDGE('',*,*,#7353,.T.);
#9481 = ORIENTED_EDGE('',*,*,#7278,.T.);
#9482 = ORIENTED_EDGE('',*,*,#9483,.T.);
#9483 = EDGE_CURVE('',#7281,#7402,#9484,.T.);
#9484 = LINE('',#9485,#9486);
#9485 = CARTESIAN_POINT('',(-1.45,-3.,0.));
#9486 = VECTOR('',#9487,1.);
#9487 = DIRECTION('',(1.,-5.665538897648E-16,0.));
#9488 = PLANE('',#9489);
#9489 = AXIS2_PLACEMENT_3D('',#9490,#9491,#9492);
#9490 = CARTESIAN_POINT('',(-1.15,-3.,0.));
#9491 = DIRECTION('',(0.,0.,-1.));
#9492 = DIRECTION('',(-1.,5.665538897648E-16,0.));
#9493 = ADVANCED_FACE('',(#9494),#9500,.F.);
#9494 = FACE_BOUND('',#9495,.F.);
#9495 = EDGE_LOOP('',(#9496,#9497,#9498,#9499));
#9496 = ORIENTED_EDGE('',*,*,#7304,.T.);
#9497 = ORIENTED_EDGE('',*,*,#9326,.T.);
#9498 = ORIENTED_EDGE('',*,*,#7409,.F.);
#9499 = ORIENTED_EDGE('',*,*,#9483,.F.);
#9500 = PLANE('',#9501);
#9501 = AXIS2_PLACEMENT_3D('',#9502,#9503,#9504);
#9502 = CARTESIAN_POINT('',(-1.45,-3.,0.));
#9503 = DIRECTION('',(5.665538897648E-16,1.,0.));
#9504 = DIRECTION('',(1.,-5.665538897648E-16,0.));
#9505 = ADVANCED_FACE('',(#9506),#9517,.T.);
#9506 = FACE_BOUND('',#9507,.F.);
#9507 = EDGE_LOOP('',(#9508,#9509,#9510,#9511));
#9508 = ORIENTED_EDGE('',*,*,#7434,.T.);
#9509 = ORIENTED_EDGE('',*,*,#7524,.T.);
#9510 = ORIENTED_EDGE('',*,*,#7564,.T.);
#9511 = ORIENTED_EDGE('',*,*,#9512,.T.);
#9512 = EDGE_CURVE('',#7565,#7435,#9513,.T.);
#9513 = LINE('',#9514,#9515);
#9514 = CARTESIAN_POINT('',(3.,0.5,0.));
#9515 = VECTOR('',#9516,1.);
#9516 = DIRECTION('',(3.445092848398E-16,1.,0.));
#9517 = PLANE('',#9518);
#9518 = AXIS2_PLACEMENT_3D('',#9519,#9520,#9521);
#9519 = CARTESIAN_POINT('',(3.,0.8,0.));
#9520 = DIRECTION('',(0.,0.,-1.));
#9521 = DIRECTION('',(-3.445092848398E-16,-1.,-0.));
#9522 = ADVANCED_FACE('',(#9523),#9529,.F.);
#9523 = FACE_BOUND('',#9524,.F.);
#9524 = EDGE_LOOP('',(#9525,#9526,#9527,#9528));
#9525 = ORIENTED_EDGE('',*,*,#7583,.T.);
#9526 = ORIENTED_EDGE('',*,*,#9224,.T.);
#9527 = ORIENTED_EDGE('',*,*,#7444,.F.);
#9528 = ORIENTED_EDGE('',*,*,#9512,.F.);
#9529 = PLANE('',#9530);
#9530 = AXIS2_PLACEMENT_3D('',#9531,#9532,#9533);
#9531 = CARTESIAN_POINT('',(3.,0.5,0.));
#9532 = DIRECTION('',(-1.,3.445092848398E-16,0.));
#9533 = DIRECTION('',(3.445092848398E-16,1.,0.));
#9534 = ADVANCED_FACE('',(#9535),#9546,.T.);
#9535 = FACE_BOUND('',#9536,.F.);
#9536 = EDGE_LOOP('',(#9537,#9538,#9539,#9540));
#9537 = ORIENTED_EDGE('',*,*,#7597,.T.);
#9538 = ORIENTED_EDGE('',*,*,#7549,.T.);
#9539 = ORIENTED_EDGE('',*,*,#7474,.T.);
#9540 = ORIENTED_EDGE('',*,*,#9541,.T.);
#9541 = EDGE_CURVE('',#7477,#7598,#9542,.T.);
#9542 = LINE('',#9543,#9544);
#9543 = CARTESIAN_POINT('',(-0.8,-3.,0.));
#9544 = VECTOR('',#9545,1.);
#9545 = DIRECTION('',(1.,-5.665538897648E-16,0.));
#9546 = PLANE('',#9547);
#9547 = AXIS2_PLACEMENT_3D('',#9548,#9549,#9550);
#9548 = CARTESIAN_POINT('',(-0.5,-3.,0.));
#9549 = DIRECTION('',(0.,0.,-1.));
#9550 = DIRECTION('',(-1.,5.665538897648E-16,0.));
#9551 = ADVANCED_FACE('',(#9552),#9558,.F.);
#9552 = FACE_BOUND('',#9553,.F.);
#9553 = EDGE_LOOP('',(#9554,#9555,#9556,#9557));
#9554 = ORIENTED_EDGE('',*,*,#7500,.T.);
#9555 = ORIENTED_EDGE('',*,*,#9360,.T.);
#9556 = ORIENTED_EDGE('',*,*,#7605,.F.);
#9557 = ORIENTED_EDGE('',*,*,#9541,.F.);
#9558 = PLANE('',#9559);
#9559 = AXIS2_PLACEMENT_3D('',#9560,#9561,#9562);
#9560 = CARTESIAN_POINT('',(-0.8,-3.,0.));
#9561 = DIRECTION('',(5.665538897648E-16,1.,0.));
#9562 = DIRECTION('',(1.,-5.665538897648E-16,0.));
#9563 = ADVANCED_FACE('',(#9564),#9575,.T.);
#9564 = FACE_BOUND('',#9565,.F.);
#9565 = EDGE_LOOP('',(#9566,#9567,#9568,#9569));
#9566 = ORIENTED_EDGE('',*,*,#7630,.T.);
#9567 = ORIENTED_EDGE('',*,*,#7720,.T.);
#9568 = ORIENTED_EDGE('',*,*,#7760,.T.);
#9569 = ORIENTED_EDGE('',*,*,#9570,.T.);
#9570 = EDGE_CURVE('',#7761,#7631,#9571,.T.);
#9571 = LINE('',#9572,#9573);
#9572 = CARTESIAN_POINT('',(3.,-0.15,0.));
#9573 = VECTOR('',#9574,1.);
#9574 = DIRECTION('',(3.445092848398E-16,1.,0.));
#9575 = PLANE('',#9576);
#9576 = AXIS2_PLACEMENT_3D('',#9577,#9578,#9579);
#9577 = CARTESIAN_POINT('',(3.,0.15,0.));
#9578 = DIRECTION('',(0.,0.,-1.));
#9579 = DIRECTION('',(-3.445092848398E-16,-1.,-0.));
#9580 = ADVANCED_FACE('',(#9581),#9587,.F.);
#9581 = FACE_BOUND('',#9582,.F.);
#9582 = EDGE_LOOP('',(#9583,#9584,#9585,#9586));
#9583 = ORIENTED_EDGE('',*,*,#7779,.T.);
#9584 = ORIENTED_EDGE('',*,*,#9258,.T.);
#9585 = ORIENTED_EDGE('',*,*,#7640,.F.);
#9586 = ORIENTED_EDGE('',*,*,#9570,.F.);
#9587 = PLANE('',#9588);
#9588 = AXIS2_PLACEMENT_3D('',#9589,#9590,#9591);
#9589 = CARTESIAN_POINT('',(3.,-0.15,0.));
#9590 = DIRECTION('',(-1.,3.445092848398E-16,0.));
#9591 = DIRECTION('',(3.445092848398E-16,1.,0.));
#9592 = ADVANCED_FACE('',(#9593),#9604,.T.);
#9593 = FACE_BOUND('',#9594,.F.);
#9594 = EDGE_LOOP('',(#9595,#9596,#9597,#9598));
#9595 = ORIENTED_EDGE('',*,*,#7793,.T.);
#9596 = ORIENTED_EDGE('',*,*,#7745,.T.);
#9597 = ORIENTED_EDGE('',*,*,#7670,.T.);
#9598 = ORIENTED_EDGE('',*,*,#9599,.T.);
#9599 = EDGE_CURVE('',#7673,#7794,#9600,.T.);
#9600 = LINE('',#9601,#9602);
#9601 = CARTESIAN_POINT('',(-0.15,-3.,0.));
#9602 = VECTOR('',#9603,1.);
#9603 = DIRECTION('',(1.,-5.665538897648E-16,0.));
#9604 = PLANE('',#9605);
#9605 = AXIS2_PLACEMENT_3D('',#9606,#9607,#9608);
#9606 = CARTESIAN_POINT('',(0.15,-3.,0.));
#9607 = DIRECTION('',(0.,0.,-1.));
#9608 = DIRECTION('',(-1.,5.665538897648E-16,0.));
#9609 = ADVANCED_FACE('',(#9610),#9616,.F.);
#9610 = FACE_BOUND('',#9611,.F.);
#9611 = EDGE_LOOP('',(#9612,#9613,#9614,#9615));
#9612 = ORIENTED_EDGE('',*,*,#7696,.T.);
#9613 = ORIENTED_EDGE('',*,*,#9377,.T.);
#9614 = ORIENTED_EDGE('',*,*,#7801,.F.);
#9615 = ORIENTED_EDGE('',*,*,#9599,.F.);
#9616 = PLANE('',#9617);
#9617 = AXIS2_PLACEMENT_3D('',#9618,#9619,#9620);
#9618 = CARTESIAN_POINT('',(-0.15,-3.,0.));
#9619 = DIRECTION('',(5.665538897648E-16,1.,0.));
#9620 = DIRECTION('',(1.,-5.665538897648E-16,0.));
#9621 = ADVANCED_FACE('',(#9622),#9633,.T.);
#9622 = FACE_BOUND('',#9623,.F.);
#9623 = EDGE_LOOP('',(#9624,#9625,#9626,#9627));
#9624 = ORIENTED_EDGE('',*,*,#7826,.T.);
#9625 = ORIENTED_EDGE('',*,*,#7916,.T.);
#9626 = ORIENTED_EDGE('',*,*,#7956,.T.);
#9627 = ORIENTED_EDGE('',*,*,#9628,.T.);
#9628 = EDGE_CURVE('',#7957,#7827,#9629,.T.);
#9629 = LINE('',#9630,#9631);
#9630 = CARTESIAN_POINT('',(3.,-0.8,0.));
#9631 = VECTOR('',#9632,1.);
#9632 = DIRECTION('',(3.445092848398E-16,1.,0.));
#9633 = PLANE('',#9634);
#9634 = AXIS2_PLACEMENT_3D('',#9635,#9636,#9637);
#9635 = CARTESIAN_POINT('',(3.,-0.5,0.));
#9636 = DIRECTION('',(0.,0.,-1.));
#9637 = DIRECTION('',(-3.445092848398E-16,-1.,-0.));
#9638 = ADVANCED_FACE('',(#9639),#9645,.F.);
#9639 = FACE_BOUND('',#9640,.F.);
#9640 = EDGE_LOOP('',(#9641,#9642,#9643,#9644));
#9641 = ORIENTED_EDGE('',*,*,#7975,.T.);
#9642 = ORIENTED_EDGE('',*,*,#9241,.T.);
#9643 = ORIENTED_EDGE('',*,*,#7836,.F.);
#9644 = ORIENTED_EDGE('',*,*,#9628,.F.);
#9645 = PLANE('',#9646);
#9646 = AXIS2_PLACEMENT_3D('',#9647,#9648,#9649);
#9647 = CARTESIAN_POINT('',(3.,-0.8,0.));
#9648 = DIRECTION('',(-1.,3.445092848398E-16,0.));
#9649 = DIRECTION('',(3.445092848398E-16,1.,0.));
#9650 = ADVANCED_FACE('',(#9651),#9662,.T.);
#9651 = FACE_BOUND('',#9652,.F.);
#9652 = EDGE_LOOP('',(#9653,#9654,#9655,#9656));
#9653 = ORIENTED_EDGE('',*,*,#7989,.T.);
#9654 = ORIENTED_EDGE('',*,*,#7941,.T.);
#9655 = ORIENTED_EDGE('',*,*,#7866,.T.);
#9656 = ORIENTED_EDGE('',*,*,#9657,.T.);
#9657 = EDGE_CURVE('',#7869,#7990,#9658,.T.);
#9658 = LINE('',#9659,#9660);
#9659 = CARTESIAN_POINT('',(0.5,-3.,0.));
#9660 = VECTOR('',#9661,1.);
#9661 = DIRECTION('',(1.,-5.665538897648E-16,0.));
#9662 = PLANE('',#9663);
#9663 = AXIS2_PLACEMENT_3D('',#9664,#9665,#9666);
#9664 = CARTESIAN_POINT('',(0.8,-3.,0.));
#9665 = DIRECTION('',(0.,0.,-1.));
#9666 = DIRECTION('',(-1.,5.665538897648E-16,0.));
#9667 = ADVANCED_FACE('',(#9668),#9674,.F.);
#9668 = FACE_BOUND('',#9669,.F.);
#9669 = EDGE_LOOP('',(#9670,#9671,#9672,#9673));
#9670 = ORIENTED_EDGE('',*,*,#7892,.T.);
#9671 = ORIENTED_EDGE('',*,*,#9343,.T.);
#9672 = ORIENTED_EDGE('',*,*,#7997,.F.);
#9673 = ORIENTED_EDGE('',*,*,#9657,.F.);
#9674 = PLANE('',#9675);
#9675 = AXIS2_PLACEMENT_3D('',#9676,#9677,#9678);
#9676 = CARTESIAN_POINT('',(0.5,-3.,0.));
#9677 = DIRECTION('',(5.665538897648E-16,1.,0.));
#9678 = DIRECTION('',(1.,-5.665538897648E-16,0.));
#9679 = ADVANCED_FACE('',(#9680),#9691,.T.);
#9680 = FACE_BOUND('',#9681,.F.);
#9681 = EDGE_LOOP('',(#9682,#9683,#9684,#9685));
#9682 = ORIENTED_EDGE('',*,*,#8022,.T.);
#9683 = ORIENTED_EDGE('',*,*,#8112,.T.);
#9684 = ORIENTED_EDGE('',*,*,#8152,.T.);
#9685 = ORIENTED_EDGE('',*,*,#9686,.T.);
#9686 = EDGE_CURVE('',#8153,#8023,#9687,.T.);
#9687 = LINE('',#9688,#9689);
#9688 = CARTESIAN_POINT('',(3.,-1.45,0.));
#9689 = VECTOR('',#9690,1.);
#9690 = DIRECTION('',(3.445092848398E-16,1.,0.));
#9691 = PLANE('',#9692);
#9692 = AXIS2_PLACEMENT_3D('',#9693,#9694,#9695);
#9693 = CARTESIAN_POINT('',(3.,-1.15,0.));
#9694 = DIRECTION('',(0.,0.,-1.));
#9695 = DIRECTION('',(-3.445092848398E-16,-1.,-0.));
#9696 = ADVANCED_FACE('',(#9697),#9703,.F.);
#9697 = FACE_BOUND('',#9698,.F.);
#9698 = EDGE_LOOP('',(#9699,#9700,#9701,#9702));
#9699 = ORIENTED_EDGE('',*,*,#8171,.T.);
#9700 = ORIENTED_EDGE('',*,*,#9207,.T.);
#9701 = ORIENTED_EDGE('',*,*,#8032,.F.);
#9702 = ORIENTED_EDGE('',*,*,#9686,.F.);
#9703 = PLANE('',#9704);
#9704 = AXIS2_PLACEMENT_3D('',#9705,#9706,#9707);
#9705 = CARTESIAN_POINT('',(3.,-1.45,0.));
#9706 = DIRECTION('',(-1.,3.445092848398E-16,0.));
#9707 = DIRECTION('',(3.445092848398E-16,1.,0.));
#9708 = ADVANCED_FACE('',(#9709),#9720,.T.);
#9709 = FACE_BOUND('',#9710,.F.);
#9710 = EDGE_LOOP('',(#9711,#9712,#9713,#9714));
#9711 = ORIENTED_EDGE('',*,*,#8185,.T.);
#9712 = ORIENTED_EDGE('',*,*,#8137,.T.);
#9713 = ORIENTED_EDGE('',*,*,#8062,.T.);
#9714 = ORIENTED_EDGE('',*,*,#9715,.T.);
#9715 = EDGE_CURVE('',#8065,#8186,#9716,.T.);
#9716 = LINE('',#9717,#9718);
#9717 = CARTESIAN_POINT('',(1.15,-3.,0.));
#9718 = VECTOR('',#9719,1.);
#9719 = DIRECTION('',(1.,-5.665538897648E-16,0.));
#9720 = PLANE('',#9721);
#9721 = AXIS2_PLACEMENT_3D('',#9722,#9723,#9724);
#9722 = CARTESIAN_POINT('',(1.45,-3.,0.));
#9723 = DIRECTION('',(0.,0.,-1.));
#9724 = DIRECTION('',(-1.,5.665538897648E-16,0.));
#9725 = ADVANCED_FACE('',(#9726),#9732,.F.);
#9726 = FACE_BOUND('',#9727,.F.);
#9727 = EDGE_LOOP('',(#9728,#9729,#9730,#9731));
#9728 = ORIENTED_EDGE('',*,*,#8088,.T.);
#9729 = ORIENTED_EDGE('',*,*,#9309,.T.);
#9730 = ORIENTED_EDGE('',*,*,#8193,.F.);
#9731 = ORIENTED_EDGE('',*,*,#9715,.F.);
#9732 = PLANE('',#9733);
#9733 = AXIS2_PLACEMENT_3D('',#9734,#9735,#9736);
#9734 = CARTESIAN_POINT('',(1.15,-3.,0.));
#9735 = DIRECTION('',(5.665538897648E-16,1.,0.));
#9736 = DIRECTION('',(1.,-5.665538897648E-16,0.));
#9737 = ADVANCED_FACE('',(#9738),#9749,.T.);
#9738 = FACE_BOUND('',#9739,.F.);
#9739 = EDGE_LOOP('',(#9740,#9741,#9742,#9743));
#9740 = ORIENTED_EDGE('',*,*,#8218,.T.);
#9741 = ORIENTED_EDGE('',*,*,#8308,.T.);
#9742 = ORIENTED_EDGE('',*,*,#8348,.T.);
#9743 = ORIENTED_EDGE('',*,*,#9744,.T.);
#9744 = EDGE_CURVE('',#8349,#8219,#9745,.T.);
#9745 = LINE('',#9746,#9747);
#9746 = CARTESIAN_POINT('',(3.,-2.1,0.));
#9747 = VECTOR('',#9748,1.);
#9748 = DIRECTION('',(3.445092848398E-16,1.,0.));
#9749 = PLANE('',#9750);
#9750 = AXIS2_PLACEMENT_3D('',#9751,#9752,#9753);
#9751 = CARTESIAN_POINT('',(3.,-1.8,0.));
#9752 = DIRECTION('',(0.,0.,-1.));
#9753 = DIRECTION('',(-3.445092848398E-16,-1.,-0.));
#9754 = ADVANCED_FACE('',(#9755),#9761,.F.);
#9755 = FACE_BOUND('',#9756,.F.);
#9756 = EDGE_LOOP('',(#9757,#9758,#9759,#9760));
#9757 = ORIENTED_EDGE('',*,*,#8367,.T.);
#9758 = ORIENTED_EDGE('',*,*,#9173,.T.);
#9759 = ORIENTED_EDGE('',*,*,#8228,.F.);
#9760 = ORIENTED_EDGE('',*,*,#9744,.F.);
#9761 = PLANE('',#9762);
#9762 = AXIS2_PLACEMENT_3D('',#9763,#9764,#9765);
#9763 = CARTESIAN_POINT('',(3.,-2.1,0.));
#9764 = DIRECTION('',(-1.,3.445092848398E-16,0.));
#9765 = DIRECTION('',(3.445092848398E-16,1.,0.));
#9766 = ADVANCED_FACE('',(#9767),#9778,.T.);
#9767 = FACE_BOUND('',#9768,.F.);
#9768 = EDGE_LOOP('',(#9769,#9770,#9771,#9772));
#9769 = ORIENTED_EDGE('',*,*,#8381,.T.);
#9770 = ORIENTED_EDGE('',*,*,#8333,.T.);
#9771 = ORIENTED_EDGE('',*,*,#8258,.T.);
#9772 = ORIENTED_EDGE('',*,*,#9773,.T.);
#9773 = EDGE_CURVE('',#8261,#8382,#9774,.T.);
#9774 = LINE('',#9775,#9776);
#9775 = CARTESIAN_POINT('',(1.8,-3.,0.));
#9776 = VECTOR('',#9777,1.);
#9777 = DIRECTION('',(1.,-5.665538897648E-16,0.));
#9778 = PLANE('',#9779);
#9779 = AXIS2_PLACEMENT_3D('',#9780,#9781,#9782);
#9780 = CARTESIAN_POINT('',(2.1,-3.,0.));
#9781 = DIRECTION('',(0.,0.,-1.));
#9782 = DIRECTION('',(-1.,5.665538897648E-16,0.));
#9783 = ADVANCED_FACE('',(#9784),#9790,.F.);
#9784 = FACE_BOUND('',#9785,.F.);
#9785 = EDGE_LOOP('',(#9786,#9787,#9788,#9789));
#9786 = ORIENTED_EDGE('',*,*,#8284,.T.);
#9787 = ORIENTED_EDGE('',*,*,#9275,.T.);
#9788 = ORIENTED_EDGE('',*,*,#8389,.F.);
#9789 = ORIENTED_EDGE('',*,*,#9773,.F.);
#9790 = PLANE('',#9791);
#9791 = AXIS2_PLACEMENT_3D('',#9792,#9793,#9794);
#9792 = CARTESIAN_POINT('',(1.8,-3.,0.));
#9793 = DIRECTION('',(5.665538897648E-16,1.,0.));
#9794 = DIRECTION('',(1.,-5.665538897648E-16,0.));
#9795 = ADVANCED_FACE('',(#9796),#9803,.T.);
#9796 = FACE_BOUND('',#9797,.F.);
#9797 = EDGE_LOOP('',(#9798,#9799,#9800,#9801,#9802));
#9798 = ORIENTED_EDGE('',*,*,#8431,.T.);
#9799 = ORIENTED_EDGE('',*,*,#8455,.T.);
#9800 = ORIENTED_EDGE('',*,*,#8479,.T.);
#9801 = ORIENTED_EDGE('',*,*,#8503,.T.);
#9802 = ORIENTED_EDGE('',*,*,#8520,.T.);
#9803 = PLANE('',#9804);
#9804 = AXIS2_PLACEMENT_3D('',#9805,#9806,#9807);
#9805 = CARTESIAN_POINT('',(-2.275,2.075,0.));
#9806 = DIRECTION('',(0.,-0.,-1.));
#9807 = DIRECTION('',(2.22044604925E-16,1.,0.));
#9808 = ADVANCED_FACE('',(#9809),#9828,.F.);
#9809 = FACE_BOUND('',#9810,.F.);
#9810 = EDGE_LOOP('',(#9811,#9819,#9826,#9827));
#9811 = ORIENTED_EDGE('',*,*,#9812,.T.);
#9812 = EDGE_CURVE('',#8541,#9813,#9815,.T.);
#9813 = VERTEX_POINT('',#9814);
#9814 = CARTESIAN_POINT('',(-2.4,2.15,0.91));
#9815 = LINE('',#9816,#9817);
#9816 = CARTESIAN_POINT('',(-2.4,2.15,0.93));
#9817 = VECTOR('',#9818,1.);
#9818 = DIRECTION('',(-0.,0.,-1.));
#9819 = ORIENTED_EDGE('',*,*,#9820,.T.);
#9820 = EDGE_CURVE('',#9813,#9813,#9821,.T.);
#9821 = CIRCLE('',#9822,0.25);
#9822 = AXIS2_PLACEMENT_3D('',#9823,#9824,#9825);
#9823 = CARTESIAN_POINT('',(-2.4,2.4,0.91));
#9824 = DIRECTION('',(0.,0.,1.));
#9825 = DIRECTION('',(-2.22044604925E-16,-1.,0.));
#9826 = ORIENTED_EDGE('',*,*,#9812,.F.);
#9827 = ORIENTED_EDGE('',*,*,#8540,.T.);
#9828 = CYLINDRICAL_SURFACE('',#9829,0.25);
#9829 = AXIS2_PLACEMENT_3D('',#9830,#9831,#9832);
#9830 = CARTESIAN_POINT('',(-2.4,2.4,0.93));
#9831 = DIRECTION('',(0.,0.,-1.));
#9832 = DIRECTION('',(-2.22044604925E-16,-1.,-0.));
#9833 = ADVANCED_FACE('',(#9834),#9837,.T.);
#9834 = FACE_BOUND('',#9835,.T.);
#9835 = EDGE_LOOP('',(#9836));
#9836 = ORIENTED_EDGE('',*,*,#9820,.T.);
#9837 = PLANE('',#9838);
#9838 = AXIS2_PLACEMENT_3D('',#9839,#9840,#9841);
#9839 = CARTESIAN_POINT('',(-2.4,2.4,0.91));
#9840 = DIRECTION('',(0.,0.,1.));
#9841 = DIRECTION('',(-2.22044604925E-16,-1.,0.));
#9842 = ( GEOMETRIC_REPRESENTATION_CONTEXT(3) 
GLOBAL_UNCERTAINTY_ASSIGNED_CONTEXT((#9846)) 
GLOBAL_UNIT_ASSIGNED_CONTEXT((#9843,#9844,#9845)) REPRESENTATION_CONTEXT
('Context #1','3D Context with UNIT and UNCERTAINTY') );
#9843 = ( LENGTH_UNIT() NAMED_UNIT(*) SI_UNIT(.MILLI.,.METRE.) );
#9844 = ( NAMED_UNIT(*) PLANE_ANGLE_UNIT() SI_UNIT($,.RADIAN.) );
#9845 = ( NAMED_UNIT(*) SI_UNIT($,.STERADIAN.) SOLID_ANGLE_UNIT() );
#9846 = UNCERTAINTY_MEASURE_WITH_UNIT(LENGTH_MEASURE(1.E-07),#9843,
  'distance_accuracy_value','confusion accuracy');
#9847 = CONTEXT_DEPENDENT_SHAPE_REPRESENTATION(#9848,#9850);
#9848 = ( REPRESENTATION_RELATIONSHIP('','',#3871,#3848) 
REPRESENTATION_RELATIONSHIP_WITH_TRANSFORMATION(#9849) 
SHAPE_REPRESENTATION_RELATIONSHIP() );
#9849 = ITEM_DEFINED_TRANSFORMATION('','',#11,#3849);
#9850 = PRODUCT_DEFINITION_SHAPE('Placement','Placement of an item',
  #9851);
#9851 = NEXT_ASSEMBLY_USAGE_OCCURRENCE('45','=>[0:1:1:9]','',#3843,#3866
  ,$);
#9852 = PRODUCT_RELATED_PRODUCT_CATEGORY('part',$,(#3868));
#9853 = SHAPE_DEFINITION_REPRESENTATION(#9854,#9860);
#9854 = PRODUCT_DEFINITION_SHAPE('','',#9855);
#9855 = PRODUCT_DEFINITION('design','',#9856,#9859);
#9856 = PRODUCT_DEFINITION_FORMATION('','',#9857);
#9857 = PRODUCT('Keyboard-Zerodeck_PCB','Keyboard-Zerodeck_PCB','',(
    #9858));
#9858 = PRODUCT_CONTEXT('',#2,'mechanical');
#9859 = PRODUCT_DEFINITION_CONTEXT('part definition',#2,'design');
#9860 = ADVANCED_BREP_SHAPE_REPRESENTATION('',(#11,#9861),#18669);
#9861 = MANIFOLD_SOLID_BREP('',#9862);
#9862 = CLOSED_SHELL('',(#9863,#9903,#9934,#9965,#12424,#14883,#14895,
    #14912,#14929,#14946,#14963,#14980,#14997,#15014,#15031,#15048,
    #15065,#15082,#15099,#15116,#15133,#15150,#15167,#15184,#15201,
    #15218,#15235,#15252,#15269,#15286,#15303,#15320,#15337,#15354,
    #15371,#15388,#15405,#15422,#15439,#15456,#15473,#15490,#15507,
    #15524,#15541,#15558,#15575,#15592,#15609,#15626,#15643,#15660,
    #15677,#15694,#15711,#15728,#15745,#15762,#15779,#15796,#15813,
    #15830,#15847,#15864,#15881,#15898,#15915,#15932,#15949,#15966,
    #15983,#16000,#16017,#16034,#16051,#16068,#16085,#16102,#16119,
    #16136,#16153,#16170,#16187,#16204,#16221,#16238,#16255,#16272,
    #16289,#16306,#16323,#16340,#16357,#16374,#16391,#16408,#16425,
    #16442,#16459,#16476,#16493,#16510,#16527,#16544,#16561,#16578,
    #16595,#16612,#16629,#16646,#16663,#16680,#16697,#16714,#16731,
    #16748,#16765,#16782,#16799,#16816,#16833,#16850,#16867,#16884,
    #16901,#16918,#16935,#16952,#16969,#16986,#17003,#17020,#17037,
    #17054,#17071,#17088,#17105,#17122,#17139,#17156,#17173,#17190,
    #17207,#17224,#17241,#17258,#17275,#17292,#17309,#17326,#17343,
    #17360,#17377,#17394,#17411,#17428,#17445,#17462,#17479,#17496,
    #17513,#17530,#17547,#17564,#17581,#17598,#17615,#17632,#17649,
    #17666,#17683,#17700,#17717,#17734,#17751,#17768,#17785,#17802,
    #17819,#17836,#17853,#17870,#17887,#17904,#17921,#17938,#17955,
    #17972,#17989,#18006,#18023,#18040,#18057,#18074,#18091,#18108,
    #18125,#18142,#18159,#18176,#18193,#18210,#18227,#18244,#18261,
    #18278,#18295,#18312,#18329,#18346,#18363,#18380,#18397,#18414,
    #18431,#18448,#18465,#18482,#18499,#18516,#18533,#18550,#18567,
    #18584,#18601,#18618,#18635,#18652));
#9863 = ADVANCED_FACE('',(#9864),#9898,.T.);
#9864 = FACE_BOUND('',#9865,.T.);
#9865 = EDGE_LOOP('',(#9866,#9876,#9884,#9892));
#9866 = ORIENTED_EDGE('',*,*,#9867,.T.);
#9867 = EDGE_CURVE('',#9868,#9870,#9872,.T.);
#9868 = VERTEX_POINT('',#9869);
#9869 = CARTESIAN_POINT('',(235.,-130.5,0.));
#9870 = VERTEX_POINT('',#9871);
#9871 = CARTESIAN_POINT('',(235.,-130.5,1.51));
#9872 = LINE('',#9873,#9874);
#9873 = CARTESIAN_POINT('',(235.,-130.5,0.));
#9874 = VECTOR('',#9875,1.);
#9875 = DIRECTION('',(0.,0.,1.));
#9876 = ORIENTED_EDGE('',*,*,#9877,.T.);
#9877 = EDGE_CURVE('',#9870,#9878,#9880,.T.);
#9878 = VERTEX_POINT('',#9879);
#9879 = CARTESIAN_POINT('',(15.,-130.5,1.51));
#9880 = LINE('',#9881,#9882);
#9881 = CARTESIAN_POINT('',(235.,-130.5,1.51));
#9882 = VECTOR('',#9883,1.);
#9883 = DIRECTION('',(-1.,0.,0.));
#9884 = ORIENTED_EDGE('',*,*,#9885,.F.);
#9885 = EDGE_CURVE('',#9886,#9878,#9888,.T.);
#9886 = VERTEX_POINT('',#9887);
#9887 = CARTESIAN_POINT('',(15.,-130.5,0.));
#9888 = LINE('',#9889,#9890);
#9889 = CARTESIAN_POINT('',(15.,-130.5,0.));
#9890 = VECTOR('',#9891,1.);
#9891 = DIRECTION('',(0.,0.,1.));
#9892 = ORIENTED_EDGE('',*,*,#9893,.F.);
#9893 = EDGE_CURVE('',#9868,#9886,#9894,.T.);
#9894 = LINE('',#9895,#9896);
#9895 = CARTESIAN_POINT('',(235.,-130.5,0.));
#9896 = VECTOR('',#9897,1.);
#9897 = DIRECTION('',(-1.,0.,0.));
#9898 = PLANE('',#9899);
#9899 = AXIS2_PLACEMENT_3D('',#9900,#9901,#9902);
#9900 = CARTESIAN_POINT('',(235.,-130.5,0.));
#9901 = DIRECTION('',(0.,-1.,0.));
#9902 = DIRECTION('',(-1.,0.,0.));
#9903 = ADVANCED_FACE('',(#9904),#9929,.T.);
#9904 = FACE_BOUND('',#9905,.T.);
#9905 = EDGE_LOOP('',(#9906,#9916,#9922,#9923));
#9906 = ORIENTED_EDGE('',*,*,#9907,.T.);
#9907 = EDGE_CURVE('',#9908,#9910,#9912,.T.);
#9908 = VERTEX_POINT('',#9909);
#9909 = CARTESIAN_POINT('',(235.,-40.5,0.));
#9910 = VERTEX_POINT('',#9911);
#9911 = CARTESIAN_POINT('',(235.,-40.5,1.51));
#9912 = LINE('',#9913,#9914);
#9913 = CARTESIAN_POINT('',(235.,-40.5,0.));
#9914 = VECTOR('',#9915,1.);
#9915 = DIRECTION('',(0.,0.,1.));
#9916 = ORIENTED_EDGE('',*,*,#9917,.T.);
#9917 = EDGE_CURVE('',#9910,#9870,#9918,.T.);
#9918 = LINE('',#9919,#9920);
#9919 = CARTESIAN_POINT('',(235.,-40.5,1.51));
#9920 = VECTOR('',#9921,1.);
#9921 = DIRECTION('',(0.,-1.,0.));
#9922 = ORIENTED_EDGE('',*,*,#9867,.F.);
#9923 = ORIENTED_EDGE('',*,*,#9924,.F.);
#9924 = EDGE_CURVE('',#9908,#9868,#9925,.T.);
#9925 = LINE('',#9926,#9927);
#9926 = CARTESIAN_POINT('',(235.,-40.5,0.));
#9927 = VECTOR('',#9928,1.);
#9928 = DIRECTION('',(0.,-1.,0.));
#9929 = PLANE('',#9930);
#9930 = AXIS2_PLACEMENT_3D('',#9931,#9932,#9933);
#9931 = CARTESIAN_POINT('',(235.,-40.5,0.));
#9932 = DIRECTION('',(1.,0.,-0.));
#9933 = DIRECTION('',(0.,-1.,0.));
#9934 = ADVANCED_FACE('',(#9935),#9960,.T.);
#9935 = FACE_BOUND('',#9936,.T.);
#9936 = EDGE_LOOP('',(#9937,#9938,#9946,#9954));
#9937 = ORIENTED_EDGE('',*,*,#9885,.T.);
#9938 = ORIENTED_EDGE('',*,*,#9939,.T.);
#9939 = EDGE_CURVE('',#9878,#9940,#9942,.T.);
#9940 = VERTEX_POINT('',#9941);
#9941 = CARTESIAN_POINT('',(15.,-40.5,1.51));
#9942 = LINE('',#9943,#9944);
#9943 = CARTESIAN_POINT('',(15.,-130.5,1.51));
#9944 = VECTOR('',#9945,1.);
#9945 = DIRECTION('',(0.,1.,0.));
#9946 = ORIENTED_EDGE('',*,*,#9947,.F.);
#9947 = EDGE_CURVE('',#9948,#9940,#9950,.T.);
#9948 = VERTEX_POINT('',#9949);
#9949 = CARTESIAN_POINT('',(15.,-40.5,0.));
#9950 = LINE('',#9951,#9952);
#9951 = CARTESIAN_POINT('',(15.,-40.5,0.));
#9952 = VECTOR('',#9953,1.);
#9953 = DIRECTION('',(0.,0.,1.));
#9954 = ORIENTED_EDGE('',*,*,#9955,.F.);
#9955 = EDGE_CURVE('',#9886,#9948,#9956,.T.);
#9956 = LINE('',#9957,#9958);
#9957 = CARTESIAN_POINT('',(15.,-130.5,0.));
#9958 = VECTOR('',#9959,1.);
#9959 = DIRECTION('',(0.,1.,0.));
#9960 = PLANE('',#9961);
#9961 = AXIS2_PLACEMENT_3D('',#9962,#9963,#9964);
#9962 = CARTESIAN_POINT('',(15.,-130.5,0.));
#9963 = DIRECTION('',(-1.,0.,0.));
#9964 = DIRECTION('',(0.,1.,0.));
#9965 = ADVANCED_FACE('',(#9966,#9977,#9988,#9999,#10010,#10021,#10032,
    #10043,#10054,#10065,#10076,#10087,#10098,#10109,#10120,#10131,
    #10142,#10153,#10164,#10175,#10186,#10197,#10208,#10219,#10230,
    #10241,#10252,#10263,#10274,#10285,#10296,#10307,#10318,#10329,
    #10340,#10351,#10362,#10373,#10384,#10395,#10406,#10417,#10428,
    #10439,#10450,#10461,#10472,#10483,#10494,#10505,#10516,#10527,
    #10538,#10549,#10560,#10571,#10582,#10593,#10604,#10615,#10626,
    #10637,#10648,#10659,#10670,#10681,#10692,#10703,#10714,#10725,
    #10736,#10747,#10758,#10769,#10780,#10791,#10802,#10813,#10824,
    #10835,#10846,#10857,#10868,#10879,#10890,#10901,#10912,#10923,
    #10934,#10945,#10956,#10967,#10978,#10989,#11000,#11011,#11022,
    #11033,#11044,#11055,#11066,#11077,#11088,#11099,#11110,#11121,
    #11132,#11143,#11154,#11165,#11176,#11187,#11198,#11209,#11220,
    #11231,#11242,#11253,#11264,#11275,#11286,#11297,#11308,#11319,
    #11330,#11341,#11352,#11363,#11374,#11385,#11396,#11407,#11418,
    #11429,#11440,#11451,#11462,#11473,#11484,#11495,#11506,#11517,
    #11528,#11539,#11550,#11561,#11572,#11583,#11594,#11605,#11616,
    #11627,#11638,#11649,#11660,#11671,#11682,#11693,#11704,#11715,
    #11726,#11737,#11748,#11759,#11770,#11781,#11792,#11803,#11814,
    #11825,#11836,#11847,#11858,#11869,#11880,#11891,#11902,#11913,
    #11924,#11935,#11946,#11957,#11968,#11979,#11990,#12001,#12012,
    #12023,#12034,#12045,#12056,#12067,#12078,#12089,#12100,#12111,
    #12122,#12133,#12144,#12155,#12166,#12177,#12188,#12199,#12210,
    #12221,#12232,#12243,#12254,#12265,#12276,#12287,#12298,#12309,
    #12320,#12331,#12342,#12353,#12364,#12375,#12386,#12397,#12408),
  #12419,.F.);
#9966 = FACE_BOUND('',#9967,.F.);
#9967 = EDGE_LOOP('',(#9968,#9969,#9970,#9976));
#9968 = ORIENTED_EDGE('',*,*,#9893,.F.);
#9969 = ORIENTED_EDGE('',*,*,#9924,.F.);
#9970 = ORIENTED_EDGE('',*,*,#9971,.F.);
#9971 = EDGE_CURVE('',#9948,#9908,#9972,.T.);
#9972 = LINE('',#9973,#9974);
#9973 = CARTESIAN_POINT('',(15.,-40.5,0.));
#9974 = VECTOR('',#9975,1.);
#9975 = DIRECTION('',(1.,0.,0.));
#9976 = ORIENTED_EDGE('',*,*,#9955,.F.);
#9977 = FACE_BOUND('',#9978,.F.);
#9978 = EDGE_LOOP('',(#9979));
#9979 = ORIENTED_EDGE('',*,*,#9980,.T.);
#9980 = EDGE_CURVE('',#9981,#9981,#9983,.T.);
#9981 = VERTEX_POINT('',#9982);
#9982 = CARTESIAN_POINT('',(30.5,-115.95,0.));
#9983 = CIRCLE('',#9984,1.5);
#9984 = AXIS2_PLACEMENT_3D('',#9985,#9986,#9987);
#9985 = CARTESIAN_POINT('',(30.5,-114.45,0.));
#9986 = DIRECTION('',(-0.,0.,-1.));
#9987 = DIRECTION('',(-0.,-1.,0.));
#9988 = FACE_BOUND('',#9989,.F.);
#9989 = EDGE_LOOP('',(#9990));
#9990 = ORIENTED_EDGE('',*,*,#9991,.T.);
#9991 = EDGE_CURVE('',#9992,#9992,#9994,.T.);
#9992 = VERTEX_POINT('',#9993);
#9993 = CARTESIAN_POINT('',(25.5,-113.75,0.));
#9994 = CIRCLE('',#9995,1.5);
#9995 = AXIS2_PLACEMENT_3D('',#9996,#9997,#9998);
#9996 = CARTESIAN_POINT('',(25.5,-112.25,0.));
#9997 = DIRECTION('',(-0.,0.,-1.));
#9998 = DIRECTION('',(-0.,-1.,0.));
#9999 = FACE_BOUND('',#10000,.F.);
#10000 = EDGE_LOOP('',(#10001));
#10001 = ORIENTED_EDGE('',*,*,#10002,.T.);
#10002 = EDGE_CURVE('',#10003,#10003,#10005,.T.);
#10003 = VERTEX_POINT('',#10004);
#10004 = CARTESIAN_POINT('',(43.5,-113.75,0.));
#10005 = CIRCLE('',#10006,1.5);
#10006 = AXIS2_PLACEMENT_3D('',#10007,#10008,#10009);
#10007 = CARTESIAN_POINT('',(43.5,-112.25,0.));
#10008 = DIRECTION('',(-0.,0.,-1.));
#10009 = DIRECTION('',(-0.,-1.,0.));
#10010 = FACE_BOUND('',#10011,.F.);
#10011 = EDGE_LOOP('',(#10012));
#10012 = ORIENTED_EDGE('',*,*,#10013,.T.);
#10013 = EDGE_CURVE('',#10014,#10014,#10016,.T.);
#10014 = VERTEX_POINT('',#10015);
#10015 = CARTESIAN_POINT('',(25.,-109.3509,0.));
#10016 = CIRCLE('',#10017,0.8509);
#10017 = AXIS2_PLACEMENT_3D('',#10018,#10019,#10020);
#10018 = CARTESIAN_POINT('',(25.,-108.5,0.));
#10019 = DIRECTION('',(-0.,0.,-1.));
#10020 = DIRECTION('',(-0.,-1.,0.));
#10021 = FACE_BOUND('',#10022,.F.);
#10022 = EDGE_LOOP('',(#10023));
#10023 = ORIENTED_EDGE('',*,*,#10024,.T.);
#10024 = EDGE_CURVE('',#10025,#10025,#10027,.T.);
#10025 = VERTEX_POINT('',#10026);
#10026 = CARTESIAN_POINT('',(30.5,-110.2145,0.));
#10027 = CIRCLE('',#10028,1.7145);
#10028 = AXIS2_PLACEMENT_3D('',#10029,#10030,#10031);
#10029 = CARTESIAN_POINT('',(30.5,-108.5,0.));
#10030 = DIRECTION('',(-0.,0.,-1.));
#10031 = DIRECTION('',(-0.,-1.,0.));
#10032 = FACE_BOUND('',#10033,.F.);
#10033 = EDGE_LOOP('',(#10034));
#10034 = ORIENTED_EDGE('',*,*,#10035,.T.);
#10035 = EDGE_CURVE('',#10036,#10036,#10038,.T.);
#10036 = VERTEX_POINT('',#10037);
#10037 = CARTESIAN_POINT('',(36.,-109.3509,0.));
#10038 = CIRCLE('',#10039,0.8509);
#10039 = AXIS2_PLACEMENT_3D('',#10040,#10041,#10042);
#10040 = CARTESIAN_POINT('',(36.,-108.5,0.));
#10041 = DIRECTION('',(-0.,0.,-1.));
#10042 = DIRECTION('',(-0.,-1.,0.));
#10043 = FACE_BOUND('',#10044,.F.);
#10044 = EDGE_LOOP('',(#10045));
#10045 = ORIENTED_EDGE('',*,*,#10046,.T.);
#10046 = EDGE_CURVE('',#10047,#10047,#10049,.T.);
#10047 = VERTEX_POINT('',#10048);
#10048 = CARTESIAN_POINT('',(43.,-109.3509,0.));
#10049 = CIRCLE('',#10050,0.8509);
#10050 = AXIS2_PLACEMENT_3D('',#10051,#10052,#10053);
#10051 = CARTESIAN_POINT('',(43.,-108.5,0.));
#10052 = DIRECTION('',(-0.,0.,-1.));
#10053 = DIRECTION('',(-0.,-1.,0.));
#10054 = FACE_BOUND('',#10055,.F.);
#10055 = EDGE_LOOP('',(#10056));
#10056 = ORIENTED_EDGE('',*,*,#10057,.T.);
#10057 = EDGE_CURVE('',#10058,#10058,#10060,.T.);
#10058 = VERTEX_POINT('',#10059);
#10059 = CARTESIAN_POINT('',(48.5,-115.95,0.));
#10060 = CIRCLE('',#10061,1.5);
#10061 = AXIS2_PLACEMENT_3D('',#10062,#10063,#10064);
#10062 = CARTESIAN_POINT('',(48.5,-114.45,0.));
#10063 = DIRECTION('',(-0.,0.,-1.));
#10064 = DIRECTION('',(-0.,-1.,0.));
#10065 = FACE_BOUND('',#10066,.F.);
#10066 = EDGE_LOOP('',(#10067));
#10067 = ORIENTED_EDGE('',*,*,#10068,.T.);
#10068 = EDGE_CURVE('',#10069,#10069,#10071,.T.);
#10069 = VERTEX_POINT('',#10070);
#10070 = CARTESIAN_POINT('',(66.5,-115.95,0.));
#10071 = CIRCLE('',#10072,1.5);
#10072 = AXIS2_PLACEMENT_3D('',#10073,#10074,#10075);
#10073 = CARTESIAN_POINT('',(66.5,-114.45,0.));
#10074 = DIRECTION('',(-0.,0.,-1.));
#10075 = DIRECTION('',(-0.,-1.,0.));
#10076 = FACE_BOUND('',#10077,.F.);
#10077 = EDGE_LOOP('',(#10078));
#10078 = ORIENTED_EDGE('',*,*,#10079,.T.);
#10079 = EDGE_CURVE('',#10080,#10080,#10082,.T.);
#10080 = VERTEX_POINT('',#10081);
#10081 = CARTESIAN_POINT('',(61.5,-113.75,0.));
#10082 = CIRCLE('',#10083,1.5);
#10083 = AXIS2_PLACEMENT_3D('',#10084,#10085,#10086);
#10084 = CARTESIAN_POINT('',(61.5,-112.25,0.));
#10085 = DIRECTION('',(-0.,0.,-1.));
#10086 = DIRECTION('',(-0.,-1.,0.));
#10087 = FACE_BOUND('',#10088,.F.);
#10088 = EDGE_LOOP('',(#10089));
#10089 = ORIENTED_EDGE('',*,*,#10090,.T.);
#10090 = EDGE_CURVE('',#10091,#10091,#10093,.T.);
#10091 = VERTEX_POINT('',#10092);
#10092 = CARTESIAN_POINT('',(48.5,-110.2145,0.));
#10093 = CIRCLE('',#10094,1.7145);
#10094 = AXIS2_PLACEMENT_3D('',#10095,#10096,#10097);
#10095 = CARTESIAN_POINT('',(48.5,-108.5,0.));
#10096 = DIRECTION('',(-0.,0.,-1.));
#10097 = DIRECTION('',(-0.,-1.,0.));
#10098 = FACE_BOUND('',#10099,.F.);
#10099 = EDGE_LOOP('',(#10100));
#10100 = ORIENTED_EDGE('',*,*,#10101,.T.);
#10101 = EDGE_CURVE('',#10102,#10102,#10104,.T.);
#10102 = VERTEX_POINT('',#10103);
#10103 = CARTESIAN_POINT('',(54.,-109.3509,0.));
#10104 = CIRCLE('',#10105,0.8509);
#10105 = AXIS2_PLACEMENT_3D('',#10106,#10107,#10108);
#10106 = CARTESIAN_POINT('',(54.,-108.5,0.));
#10107 = DIRECTION('',(-0.,0.,-1.));
#10108 = DIRECTION('',(-0.,-1.,0.));
#10109 = FACE_BOUND('',#10110,.F.);
#10110 = EDGE_LOOP('',(#10111));
#10111 = ORIENTED_EDGE('',*,*,#10112,.T.);
#10112 = EDGE_CURVE('',#10113,#10113,#10115,.T.);
#10113 = VERTEX_POINT('',#10114);
#10114 = CARTESIAN_POINT('',(61.,-109.3509,0.));
#10115 = CIRCLE('',#10116,0.8509);
#10116 = AXIS2_PLACEMENT_3D('',#10117,#10118,#10119);
#10117 = CARTESIAN_POINT('',(61.,-108.5,0.));
#10118 = DIRECTION('',(-0.,0.,-1.));
#10119 = DIRECTION('',(-0.,-1.,0.));
#10120 = FACE_BOUND('',#10121,.F.);
#10121 = EDGE_LOOP('',(#10122));
#10122 = ORIENTED_EDGE('',*,*,#10123,.T.);
#10123 = EDGE_CURVE('',#10124,#10124,#10126,.T.);
#10124 = VERTEX_POINT('',#10125);
#10125 = CARTESIAN_POINT('',(66.5,-110.2145,0.));
#10126 = CIRCLE('',#10127,1.7145);
#10127 = AXIS2_PLACEMENT_3D('',#10128,#10129,#10130);
#10128 = CARTESIAN_POINT('',(66.5,-108.5,0.));
#10129 = DIRECTION('',(-0.,0.,-1.));
#10130 = DIRECTION('',(-0.,-1.,0.));
#10131 = FACE_BOUND('',#10132,.F.);
#10132 = EDGE_LOOP('',(#10133));
#10133 = ORIENTED_EDGE('',*,*,#10134,.T.);
#10134 = EDGE_CURVE('',#10135,#10135,#10137,.T.);
#10135 = VERTEX_POINT('',#10136);
#10136 = CARTESIAN_POINT('',(35.72,-104.7953,0.));
#10137 = CIRCLE('',#10138,0.4953);
#10138 = AXIS2_PLACEMENT_3D('',#10139,#10140,#10141);
#10139 = CARTESIAN_POINT('',(35.72,-104.3,0.));
#10140 = DIRECTION('',(-0.,0.,-1.));
#10141 = DIRECTION('',(-0.,-1.,0.));
#10142 = FACE_BOUND('',#10143,.F.);
#10143 = EDGE_LOOP('',(#10144));
#10144 = ORIENTED_EDGE('',*,*,#10145,.T.);
#10145 = EDGE_CURVE('',#10146,#10146,#10148,.T.);
#10146 = VERTEX_POINT('',#10147);
#10147 = CARTESIAN_POINT('',(53.72,-104.7953,0.));
#10148 = CIRCLE('',#10149,0.4953);
#10149 = AXIS2_PLACEMENT_3D('',#10150,#10151,#10152);
#10150 = CARTESIAN_POINT('',(53.72,-104.3,0.));
#10151 = DIRECTION('',(-0.,0.,-1.));
#10152 = DIRECTION('',(-0.,-1.,0.));
#10153 = FACE_BOUND('',#10154,.F.);
#10154 = EDGE_LOOP('',(#10155));
#10155 = ORIENTED_EDGE('',*,*,#10156,.T.);
#10156 = EDGE_CURVE('',#10157,#10157,#10159,.T.);
#10157 = VERTEX_POINT('',#10158);
#10158 = CARTESIAN_POINT('',(72.,-109.3509,0.));
#10159 = CIRCLE('',#10160,0.8509);
#10160 = AXIS2_PLACEMENT_3D('',#10161,#10162,#10163);
#10161 = CARTESIAN_POINT('',(72.,-108.5,0.));
#10162 = DIRECTION('',(-0.,0.,-1.));
#10163 = DIRECTION('',(-0.,-1.,0.));
#10164 = FACE_BOUND('',#10165,.F.);
#10165 = EDGE_LOOP('',(#10166));
#10166 = ORIENTED_EDGE('',*,*,#10167,.T.);
#10167 = EDGE_CURVE('',#10168,#10168,#10170,.T.);
#10168 = VERTEX_POINT('',#10169);
#10169 = CARTESIAN_POINT('',(97.5,-113.8,0.));
#10170 = CIRCLE('',#10171,1.5);
#10171 = AXIS2_PLACEMENT_3D('',#10172,#10173,#10174);
#10172 = CARTESIAN_POINT('',(97.5,-112.3,0.));
#10173 = DIRECTION('',(-0.,0.,-1.));
#10174 = DIRECTION('',(-0.,-1.,0.));
#10175 = FACE_BOUND('',#10176,.F.);
#10176 = EDGE_LOOP('',(#10177));
#10177 = ORIENTED_EDGE('',*,*,#10178,.T.);
#10178 = EDGE_CURVE('',#10179,#10179,#10181,.T.);
#10179 = VERTEX_POINT('',#10180);
#10180 = CARTESIAN_POINT('',(102.5,-116.,0.));
#10181 = CIRCLE('',#10182,1.5);
#10182 = AXIS2_PLACEMENT_3D('',#10183,#10184,#10185);
#10183 = CARTESIAN_POINT('',(102.5,-114.5,0.));
#10184 = DIRECTION('',(-0.,0.,-1.));
#10185 = DIRECTION('',(-0.,-1.,0.));
#10186 = FACE_BOUND('',#10187,.F.);
#10187 = EDGE_LOOP('',(#10188));
#10188 = ORIENTED_EDGE('',*,*,#10189,.T.);
#10189 = EDGE_CURVE('',#10190,#10190,#10192,.T.);
#10190 = VERTEX_POINT('',#10191);
#10191 = CARTESIAN_POINT('',(97.,-109.4009,0.));
#10192 = CIRCLE('',#10193,0.8509);
#10193 = AXIS2_PLACEMENT_3D('',#10194,#10195,#10196);
#10194 = CARTESIAN_POINT('',(97.,-108.55,0.));
#10195 = DIRECTION('',(-0.,0.,-1.));
#10196 = DIRECTION('',(-0.,-1.,0.));
#10197 = FACE_BOUND('',#10198,.F.);
#10198 = EDGE_LOOP('',(#10199));
#10199 = ORIENTED_EDGE('',*,*,#10200,.T.);
#10200 = EDGE_CURVE('',#10201,#10201,#10203,.T.);
#10201 = VERTEX_POINT('',#10202);
#10202 = CARTESIAN_POINT('',(102.5,-110.2645,0.));
#10203 = CIRCLE('',#10204,1.7145);
#10204 = AXIS2_PLACEMENT_3D('',#10205,#10206,#10207);
#10205 = CARTESIAN_POINT('',(102.5,-108.55,0.));
#10206 = DIRECTION('',(-0.,0.,-1.));
#10207 = DIRECTION('',(-0.,-1.,0.));
#10208 = FACE_BOUND('',#10209,.F.);
#10209 = EDGE_LOOP('',(#10210));
#10210 = ORIENTED_EDGE('',*,*,#10211,.T.);
#10211 = EDGE_CURVE('',#10212,#10212,#10214,.T.);
#10212 = VERTEX_POINT('',#10213);
#10213 = CARTESIAN_POINT('',(108.,-109.4009,0.));
#10214 = CIRCLE('',#10215,0.8509);
#10215 = AXIS2_PLACEMENT_3D('',#10216,#10217,#10218);
#10216 = CARTESIAN_POINT('',(108.,-108.55,0.));
#10217 = DIRECTION('',(-0.,0.,-1.));
#10218 = DIRECTION('',(-0.,-1.,0.));
#10219 = FACE_BOUND('',#10220,.F.);
#10220 = EDGE_LOOP('',(#10221));
#10221 = ORIENTED_EDGE('',*,*,#10222,.T.);
#10222 = EDGE_CURVE('',#10223,#10223,#10225,.T.);
#10223 = VERTEX_POINT('',#10224);
#10224 = CARTESIAN_POINT('',(71.72,-104.7953,0.));
#10225 = CIRCLE('',#10226,0.4953);
#10226 = AXIS2_PLACEMENT_3D('',#10227,#10228,#10229);
#10227 = CARTESIAN_POINT('',(71.72,-104.3,0.));
#10228 = DIRECTION('',(-0.,0.,-1.));
#10229 = DIRECTION('',(-0.,-1.,0.));
#10230 = FACE_BOUND('',#10231,.F.);
#10231 = EDGE_LOOP('',(#10232));
#10232 = ORIENTED_EDGE('',*,*,#10233,.T.);
#10233 = EDGE_CURVE('',#10234,#10234,#10236,.T.);
#10234 = VERTEX_POINT('',#10235);
#10235 = CARTESIAN_POINT('',(107.72,-104.8453,0.));
#10236 = CIRCLE('',#10237,0.4953);
#10237 = AXIS2_PLACEMENT_3D('',#10238,#10239,#10240);
#10238 = CARTESIAN_POINT('',(107.72,-104.35,0.));
#10239 = DIRECTION('',(-0.,0.,-1.));
#10240 = DIRECTION('',(-0.,-1.,0.));
#10241 = FACE_BOUND('',#10242,.F.);
#10242 = EDGE_LOOP('',(#10243));
#10243 = ORIENTED_EDGE('',*,*,#10244,.T.);
#10244 = EDGE_CURVE('',#10245,#10245,#10247,.T.);
#10245 = VERTEX_POINT('',#10246);
#10246 = CARTESIAN_POINT('',(30.5,-98.95,0.));
#10247 = CIRCLE('',#10248,1.5);
#10248 = AXIS2_PLACEMENT_3D('',#10249,#10250,#10251);
#10249 = CARTESIAN_POINT('',(30.5,-97.45,0.));
#10250 = DIRECTION('',(-0.,0.,-1.));
#10251 = DIRECTION('',(-0.,-1.,0.));
#10252 = FACE_BOUND('',#10253,.F.);
#10253 = EDGE_LOOP('',(#10254));
#10254 = ORIENTED_EDGE('',*,*,#10255,.T.);
#10255 = EDGE_CURVE('',#10256,#10256,#10258,.T.);
#10256 = VERTEX_POINT('',#10257);
#10257 = CARTESIAN_POINT('',(25.5,-96.75,0.));
#10258 = CIRCLE('',#10259,1.5);
#10259 = AXIS2_PLACEMENT_3D('',#10260,#10261,#10262);
#10260 = CARTESIAN_POINT('',(25.5,-95.25,0.));
#10261 = DIRECTION('',(-0.,0.,-1.));
#10262 = DIRECTION('',(-0.,-1.,0.));
#10263 = FACE_BOUND('',#10264,.F.);
#10264 = EDGE_LOOP('',(#10265));
#10265 = ORIENTED_EDGE('',*,*,#10266,.T.);
#10266 = EDGE_CURVE('',#10267,#10267,#10269,.T.);
#10267 = VERTEX_POINT('',#10268);
#10268 = CARTESIAN_POINT('',(43.5,-96.75,0.));
#10269 = CIRCLE('',#10270,1.5);
#10270 = AXIS2_PLACEMENT_3D('',#10271,#10272,#10273);
#10271 = CARTESIAN_POINT('',(43.5,-95.25,0.));
#10272 = DIRECTION('',(-0.,0.,-1.));
#10273 = DIRECTION('',(-0.,-1.,0.));
#10274 = FACE_BOUND('',#10275,.F.);
#10275 = EDGE_LOOP('',(#10276));
#10276 = ORIENTED_EDGE('',*,*,#10277,.T.);
#10277 = EDGE_CURVE('',#10278,#10278,#10280,.T.);
#10278 = VERTEX_POINT('',#10279);
#10279 = CARTESIAN_POINT('',(48.5,-98.95,0.));
#10280 = CIRCLE('',#10281,1.5);
#10281 = AXIS2_PLACEMENT_3D('',#10282,#10283,#10284);
#10282 = CARTESIAN_POINT('',(48.5,-97.45,0.));
#10283 = DIRECTION('',(-0.,0.,-1.));
#10284 = DIRECTION('',(-0.,-1.,0.));
#10285 = FACE_BOUND('',#10286,.F.);
#10286 = EDGE_LOOP('',(#10287));
#10287 = ORIENTED_EDGE('',*,*,#10288,.T.);
#10288 = EDGE_CURVE('',#10289,#10289,#10291,.T.);
#10289 = VERTEX_POINT('',#10290);
#10290 = CARTESIAN_POINT('',(66.5,-98.95,0.));
#10291 = CIRCLE('',#10292,1.5);
#10292 = AXIS2_PLACEMENT_3D('',#10293,#10294,#10295);
#10293 = CARTESIAN_POINT('',(66.5,-97.45,0.));
#10294 = DIRECTION('',(-0.,0.,-1.));
#10295 = DIRECTION('',(-0.,-1.,0.));
#10296 = FACE_BOUND('',#10297,.F.);
#10297 = EDGE_LOOP('',(#10298));
#10298 = ORIENTED_EDGE('',*,*,#10299,.T.);
#10299 = EDGE_CURVE('',#10300,#10300,#10302,.T.);
#10300 = VERTEX_POINT('',#10301);
#10301 = CARTESIAN_POINT('',(61.5,-96.75,0.));
#10302 = CIRCLE('',#10303,1.5);
#10303 = AXIS2_PLACEMENT_3D('',#10304,#10305,#10306);
#10304 = CARTESIAN_POINT('',(61.5,-95.25,0.));
#10305 = DIRECTION('',(-0.,0.,-1.));
#10306 = DIRECTION('',(-0.,-1.,0.));
#10307 = FACE_BOUND('',#10308,.F.);
#10308 = EDGE_LOOP('',(#10309));
#10309 = ORIENTED_EDGE('',*,*,#10310,.T.);
#10310 = EDGE_CURVE('',#10311,#10311,#10313,.T.);
#10311 = VERTEX_POINT('',#10312);
#10312 = CARTESIAN_POINT('',(25.,-92.3509,0.));
#10313 = CIRCLE('',#10314,0.8509);
#10314 = AXIS2_PLACEMENT_3D('',#10315,#10316,#10317);
#10315 = CARTESIAN_POINT('',(25.,-91.5,0.));
#10316 = DIRECTION('',(-0.,0.,-1.));
#10317 = DIRECTION('',(-0.,-1.,0.));
#10318 = FACE_BOUND('',#10319,.F.);
#10319 = EDGE_LOOP('',(#10320));
#10320 = ORIENTED_EDGE('',*,*,#10321,.T.);
#10321 = EDGE_CURVE('',#10322,#10322,#10324,.T.);
#10322 = VERTEX_POINT('',#10323);
#10323 = CARTESIAN_POINT('',(30.5,-93.2145,0.));
#10324 = CIRCLE('',#10325,1.7145);
#10325 = AXIS2_PLACEMENT_3D('',#10326,#10327,#10328);
#10326 = CARTESIAN_POINT('',(30.5,-91.5,0.));
#10327 = DIRECTION('',(-0.,0.,-1.));
#10328 = DIRECTION('',(-0.,-1.,0.));
#10329 = FACE_BOUND('',#10330,.F.);
#10330 = EDGE_LOOP('',(#10331));
#10331 = ORIENTED_EDGE('',*,*,#10332,.T.);
#10332 = EDGE_CURVE('',#10333,#10333,#10335,.T.);
#10333 = VERTEX_POINT('',#10334);
#10334 = CARTESIAN_POINT('',(36.,-92.3509,0.));
#10335 = CIRCLE('',#10336,0.8509);
#10336 = AXIS2_PLACEMENT_3D('',#10337,#10338,#10339);
#10337 = CARTESIAN_POINT('',(36.,-91.5,0.));
#10338 = DIRECTION('',(-0.,0.,-1.));
#10339 = DIRECTION('',(-0.,-1.,0.));
#10340 = FACE_BOUND('',#10341,.F.);
#10341 = EDGE_LOOP('',(#10342));
#10342 = ORIENTED_EDGE('',*,*,#10343,.T.);
#10343 = EDGE_CURVE('',#10344,#10344,#10346,.T.);
#10344 = VERTEX_POINT('',#10345);
#10345 = CARTESIAN_POINT('',(43.,-92.3509,0.));
#10346 = CIRCLE('',#10347,0.8509);
#10347 = AXIS2_PLACEMENT_3D('',#10348,#10349,#10350);
#10348 = CARTESIAN_POINT('',(43.,-91.5,0.));
#10349 = DIRECTION('',(-0.,0.,-1.));
#10350 = DIRECTION('',(-0.,-1.,0.));
#10351 = FACE_BOUND('',#10352,.F.);
#10352 = EDGE_LOOP('',(#10353));
#10353 = ORIENTED_EDGE('',*,*,#10354,.T.);
#10354 = EDGE_CURVE('',#10355,#10355,#10357,.T.);
#10355 = VERTEX_POINT('',#10356);
#10356 = CARTESIAN_POINT('',(35.72,-87.7953,0.));
#10357 = CIRCLE('',#10358,0.4953);
#10358 = AXIS2_PLACEMENT_3D('',#10359,#10360,#10361);
#10359 = CARTESIAN_POINT('',(35.72,-87.3,0.));
#10360 = DIRECTION('',(-0.,0.,-1.));
#10361 = DIRECTION('',(-0.,-1.,0.));
#10362 = FACE_BOUND('',#10363,.F.);
#10363 = EDGE_LOOP('',(#10364));
#10364 = ORIENTED_EDGE('',*,*,#10365,.T.);
#10365 = EDGE_CURVE('',#10366,#10366,#10368,.T.);
#10366 = VERTEX_POINT('',#10367);
#10367 = CARTESIAN_POINT('',(48.5,-93.2145,0.));
#10368 = CIRCLE('',#10369,1.7145);
#10369 = AXIS2_PLACEMENT_3D('',#10370,#10371,#10372);
#10370 = CARTESIAN_POINT('',(48.5,-91.5,0.));
#10371 = DIRECTION('',(-0.,0.,-1.));
#10372 = DIRECTION('',(-0.,-1.,0.));
#10373 = FACE_BOUND('',#10374,.F.);
#10374 = EDGE_LOOP('',(#10375));
#10375 = ORIENTED_EDGE('',*,*,#10376,.T.);
#10376 = EDGE_CURVE('',#10377,#10377,#10379,.T.);
#10377 = VERTEX_POINT('',#10378);
#10378 = CARTESIAN_POINT('',(54.,-92.3509,0.));
#10379 = CIRCLE('',#10380,0.8509);
#10380 = AXIS2_PLACEMENT_3D('',#10381,#10382,#10383);
#10381 = CARTESIAN_POINT('',(54.,-91.5,0.));
#10382 = DIRECTION('',(-0.,0.,-1.));
#10383 = DIRECTION('',(-0.,-1.,0.));
#10384 = FACE_BOUND('',#10385,.F.);
#10385 = EDGE_LOOP('',(#10386));
#10386 = ORIENTED_EDGE('',*,*,#10387,.T.);
#10387 = EDGE_CURVE('',#10388,#10388,#10390,.T.);
#10388 = VERTEX_POINT('',#10389);
#10389 = CARTESIAN_POINT('',(61.,-92.3509,0.));
#10390 = CIRCLE('',#10391,0.8509);
#10391 = AXIS2_PLACEMENT_3D('',#10392,#10393,#10394);
#10392 = CARTESIAN_POINT('',(61.,-91.5,0.));
#10393 = DIRECTION('',(-0.,0.,-1.));
#10394 = DIRECTION('',(-0.,-1.,0.));
#10395 = FACE_BOUND('',#10396,.F.);
#10396 = EDGE_LOOP('',(#10397));
#10397 = ORIENTED_EDGE('',*,*,#10398,.T.);
#10398 = EDGE_CURVE('',#10399,#10399,#10401,.T.);
#10399 = VERTEX_POINT('',#10400);
#10400 = CARTESIAN_POINT('',(66.5,-93.2145,0.));
#10401 = CIRCLE('',#10402,1.7145);
#10402 = AXIS2_PLACEMENT_3D('',#10403,#10404,#10405);
#10403 = CARTESIAN_POINT('',(66.5,-91.5,0.));
#10404 = DIRECTION('',(-0.,0.,-1.));
#10405 = DIRECTION('',(-0.,-1.,0.));
#10406 = FACE_BOUND('',#10407,.F.);
#10407 = EDGE_LOOP('',(#10408));
#10408 = ORIENTED_EDGE('',*,*,#10409,.T.);
#10409 = EDGE_CURVE('',#10410,#10410,#10412,.T.);
#10410 = VERTEX_POINT('',#10411);
#10411 = CARTESIAN_POINT('',(53.72,-87.7953,0.));
#10412 = CIRCLE('',#10413,0.4953);
#10413 = AXIS2_PLACEMENT_3D('',#10414,#10415,#10416);
#10414 = CARTESIAN_POINT('',(53.72,-87.3,0.));
#10415 = DIRECTION('',(-0.,0.,-1.));
#10416 = DIRECTION('',(-0.,-1.,0.));
#10417 = FACE_BOUND('',#10418,.F.);
#10418 = EDGE_LOOP('',(#10419));
#10419 = ORIENTED_EDGE('',*,*,#10420,.T.);
#10420 = EDGE_CURVE('',#10421,#10421,#10423,.T.);
#10421 = VERTEX_POINT('',#10422);
#10422 = CARTESIAN_POINT('',(84.5,-98.95,0.));
#10423 = CIRCLE('',#10424,1.5);
#10424 = AXIS2_PLACEMENT_3D('',#10425,#10426,#10427);
#10425 = CARTESIAN_POINT('',(84.5,-97.45,0.));
#10426 = DIRECTION('',(-0.,0.,-1.));
#10427 = DIRECTION('',(-0.,-1.,0.));
#10428 = FACE_BOUND('',#10429,.F.);
#10429 = EDGE_LOOP('',(#10430));
#10430 = ORIENTED_EDGE('',*,*,#10431,.T.);
#10431 = EDGE_CURVE('',#10432,#10432,#10434,.T.);
#10432 = VERTEX_POINT('',#10433);
#10433 = CARTESIAN_POINT('',(79.5,-96.75,0.));
#10434 = CIRCLE('',#10435,1.5);
#10435 = AXIS2_PLACEMENT_3D('',#10436,#10437,#10438);
#10436 = CARTESIAN_POINT('',(79.5,-95.25,0.));
#10437 = DIRECTION('',(-0.,0.,-1.));
#10438 = DIRECTION('',(-0.,-1.,0.));
#10439 = FACE_BOUND('',#10440,.F.);
#10440 = EDGE_LOOP('',(#10441));
#10441 = ORIENTED_EDGE('',*,*,#10442,.T.);
#10442 = EDGE_CURVE('',#10443,#10443,#10445,.T.);
#10443 = VERTEX_POINT('',#10444);
#10444 = CARTESIAN_POINT('',(102.5,-98.95,0.));
#10445 = CIRCLE('',#10446,1.5);
#10446 = AXIS2_PLACEMENT_3D('',#10447,#10448,#10449);
#10447 = CARTESIAN_POINT('',(102.5,-97.45,0.));
#10448 = DIRECTION('',(-0.,0.,-1.));
#10449 = DIRECTION('',(-0.,-1.,0.));
#10450 = FACE_BOUND('',#10451,.F.);
#10451 = EDGE_LOOP('',(#10452));
#10452 = ORIENTED_EDGE('',*,*,#10453,.T.);
#10453 = EDGE_CURVE('',#10454,#10454,#10456,.T.);
#10454 = VERTEX_POINT('',#10455);
#10455 = CARTESIAN_POINT('',(97.5,-96.75,0.));
#10456 = CIRCLE('',#10457,1.5);
#10457 = AXIS2_PLACEMENT_3D('',#10458,#10459,#10460);
#10458 = CARTESIAN_POINT('',(97.5,-95.25,0.));
#10459 = DIRECTION('',(-0.,0.,-1.));
#10460 = DIRECTION('',(-0.,-1.,0.));
#10461 = FACE_BOUND('',#10462,.F.);
#10462 = EDGE_LOOP('',(#10463));
#10463 = ORIENTED_EDGE('',*,*,#10464,.T.);
#10464 = EDGE_CURVE('',#10465,#10465,#10467,.T.);
#10465 = VERTEX_POINT('',#10466);
#10466 = CARTESIAN_POINT('',(72.,-92.3509,0.));
#10467 = CIRCLE('',#10468,0.8509);
#10468 = AXIS2_PLACEMENT_3D('',#10469,#10470,#10471);
#10469 = CARTESIAN_POINT('',(72.,-91.5,0.));
#10470 = DIRECTION('',(-0.,0.,-1.));
#10471 = DIRECTION('',(-0.,-1.,0.));
#10472 = FACE_BOUND('',#10473,.F.);
#10473 = EDGE_LOOP('',(#10474));
#10474 = ORIENTED_EDGE('',*,*,#10475,.T.);
#10475 = EDGE_CURVE('',#10476,#10476,#10478,.T.);
#10476 = VERTEX_POINT('',#10477);
#10477 = CARTESIAN_POINT('',(79.,-92.3509,0.));
#10478 = CIRCLE('',#10479,0.8509);
#10479 = AXIS2_PLACEMENT_3D('',#10480,#10481,#10482);
#10480 = CARTESIAN_POINT('',(79.,-91.5,0.));
#10481 = DIRECTION('',(-0.,0.,-1.));
#10482 = DIRECTION('',(-0.,-1.,0.));
#10483 = FACE_BOUND('',#10484,.F.);
#10484 = EDGE_LOOP('',(#10485));
#10485 = ORIENTED_EDGE('',*,*,#10486,.T.);
#10486 = EDGE_CURVE('',#10487,#10487,#10489,.T.);
#10487 = VERTEX_POINT('',#10488);
#10488 = CARTESIAN_POINT('',(84.5,-93.2145,0.));
#10489 = CIRCLE('',#10490,1.7145);
#10490 = AXIS2_PLACEMENT_3D('',#10491,#10492,#10493);
#10491 = CARTESIAN_POINT('',(84.5,-91.5,0.));
#10492 = DIRECTION('',(-0.,0.,-1.));
#10493 = DIRECTION('',(-0.,-1.,0.));
#10494 = FACE_BOUND('',#10495,.F.);
#10495 = EDGE_LOOP('',(#10496));
#10496 = ORIENTED_EDGE('',*,*,#10497,.T.);
#10497 = EDGE_CURVE('',#10498,#10498,#10500,.T.);
#10498 = VERTEX_POINT('',#10499);
#10499 = CARTESIAN_POINT('',(71.72,-87.7953,0.));
#10500 = CIRCLE('',#10501,0.4953);
#10501 = AXIS2_PLACEMENT_3D('',#10502,#10503,#10504);
#10502 = CARTESIAN_POINT('',(71.72,-87.3,0.));
#10503 = DIRECTION('',(-0.,0.,-1.));
#10504 = DIRECTION('',(-0.,-1.,0.));
#10505 = FACE_BOUND('',#10506,.F.);
#10506 = EDGE_LOOP('',(#10507));
#10507 = ORIENTED_EDGE('',*,*,#10508,.T.);
#10508 = EDGE_CURVE('',#10509,#10509,#10511,.T.);
#10509 = VERTEX_POINT('',#10510);
#10510 = CARTESIAN_POINT('',(90.,-92.3509,0.));
#10511 = CIRCLE('',#10512,0.8509);
#10512 = AXIS2_PLACEMENT_3D('',#10513,#10514,#10515);
#10513 = CARTESIAN_POINT('',(90.,-91.5,0.));
#10514 = DIRECTION('',(-0.,0.,-1.));
#10515 = DIRECTION('',(-0.,-1.,0.));
#10516 = FACE_BOUND('',#10517,.F.);
#10517 = EDGE_LOOP('',(#10518));
#10518 = ORIENTED_EDGE('',*,*,#10519,.T.);
#10519 = EDGE_CURVE('',#10520,#10520,#10522,.T.);
#10520 = VERTEX_POINT('',#10521);
#10521 = CARTESIAN_POINT('',(97.,-92.3509,0.));
#10522 = CIRCLE('',#10523,0.8509);
#10523 = AXIS2_PLACEMENT_3D('',#10524,#10525,#10526);
#10524 = CARTESIAN_POINT('',(97.,-91.5,0.));
#10525 = DIRECTION('',(-0.,0.,-1.));
#10526 = DIRECTION('',(-0.,-1.,0.));
#10527 = FACE_BOUND('',#10528,.F.);
#10528 = EDGE_LOOP('',(#10529));
#10529 = ORIENTED_EDGE('',*,*,#10530,.T.);
#10530 = EDGE_CURVE('',#10531,#10531,#10533,.T.);
#10531 = VERTEX_POINT('',#10532);
#10532 = CARTESIAN_POINT('',(102.5,-93.2145,0.));
#10533 = CIRCLE('',#10534,1.7145);
#10534 = AXIS2_PLACEMENT_3D('',#10535,#10536,#10537);
#10535 = CARTESIAN_POINT('',(102.5,-91.5,0.));
#10536 = DIRECTION('',(-0.,0.,-1.));
#10537 = DIRECTION('',(-0.,-1.,0.));
#10538 = FACE_BOUND('',#10539,.F.);
#10539 = EDGE_LOOP('',(#10540));
#10540 = ORIENTED_EDGE('',*,*,#10541,.T.);
#10541 = EDGE_CURVE('',#10542,#10542,#10544,.T.);
#10542 = VERTEX_POINT('',#10543);
#10543 = CARTESIAN_POINT('',(108.,-92.3509,0.));
#10544 = CIRCLE('',#10545,0.8509);
#10545 = AXIS2_PLACEMENT_3D('',#10546,#10547,#10548);
#10546 = CARTESIAN_POINT('',(108.,-91.5,0.));
#10547 = DIRECTION('',(-0.,0.,-1.));
#10548 = DIRECTION('',(-0.,-1.,0.));
#10549 = FACE_BOUND('',#10550,.F.);
#10550 = EDGE_LOOP('',(#10551));
#10551 = ORIENTED_EDGE('',*,*,#10552,.T.);
#10552 = EDGE_CURVE('',#10553,#10553,#10555,.T.);
#10553 = VERTEX_POINT('',#10554);
#10554 = CARTESIAN_POINT('',(89.72,-87.7953,0.));
#10555 = CIRCLE('',#10556,0.4953);
#10556 = AXIS2_PLACEMENT_3D('',#10557,#10558,#10559);
#10557 = CARTESIAN_POINT('',(89.72,-87.3,0.));
#10558 = DIRECTION('',(-0.,0.,-1.));
#10559 = DIRECTION('',(-0.,-1.,0.));
#10560 = FACE_BOUND('',#10561,.F.);
#10561 = EDGE_LOOP('',(#10562));
#10562 = ORIENTED_EDGE('',*,*,#10563,.T.);
#10563 = EDGE_CURVE('',#10564,#10564,#10566,.T.);
#10564 = VERTEX_POINT('',#10565);
#10565 = CARTESIAN_POINT('',(107.72,-87.7953,0.));
#10566 = CIRCLE('',#10567,0.4953);
#10567 = AXIS2_PLACEMENT_3D('',#10568,#10569,#10570);
#10568 = CARTESIAN_POINT('',(107.72,-87.3,0.));
#10569 = DIRECTION('',(-0.,0.,-1.));
#10570 = DIRECTION('',(-0.,-1.,0.));
#10571 = FACE_BOUND('',#10572,.F.);
#10572 = EDGE_LOOP('',(#10573));
#10573 = ORIENTED_EDGE('',*,*,#10574,.T.);
#10574 = EDGE_CURVE('',#10575,#10575,#10577,.T.);
#10575 = VERTEX_POINT('',#10576);
#10576 = CARTESIAN_POINT('',(151.5,-113.75,0.));
#10577 = CIRCLE('',#10578,1.5);
#10578 = AXIS2_PLACEMENT_3D('',#10579,#10580,#10581);
#10579 = CARTESIAN_POINT('',(151.5,-112.25,0.));
#10580 = DIRECTION('',(-0.,0.,-1.));
#10581 = DIRECTION('',(-0.,-1.,0.));
#10582 = FACE_BOUND('',#10583,.F.);
#10583 = EDGE_LOOP('',(#10584));
#10584 = ORIENTED_EDGE('',*,*,#10585,.T.);
#10585 = EDGE_CURVE('',#10586,#10586,#10588,.T.);
#10586 = VERTEX_POINT('',#10587);
#10587 = CARTESIAN_POINT('',(151.,-109.3509,0.));
#10588 = CIRCLE('',#10589,0.8509);
#10589 = AXIS2_PLACEMENT_3D('',#10590,#10591,#10592);
#10590 = CARTESIAN_POINT('',(151.,-108.5,0.));
#10591 = DIRECTION('',(-0.,0.,-1.));
#10592 = DIRECTION('',(-0.,-1.,0.));
#10593 = FACE_BOUND('',#10594,.F.);
#10594 = EDGE_LOOP('',(#10595));
#10595 = ORIENTED_EDGE('',*,*,#10596,.T.);
#10596 = EDGE_CURVE('',#10597,#10597,#10599,.T.);
#10597 = VERTEX_POINT('',#10598);
#10598 = CARTESIAN_POINT('',(156.5,-115.95,0.));
#10599 = CIRCLE('',#10600,1.5);
#10600 = AXIS2_PLACEMENT_3D('',#10601,#10602,#10603);
#10601 = CARTESIAN_POINT('',(156.5,-114.45,0.));
#10602 = DIRECTION('',(-0.,0.,-1.));
#10603 = DIRECTION('',(-0.,-1.,0.));
#10604 = FACE_BOUND('',#10605,.F.);
#10605 = EDGE_LOOP('',(#10606));
#10606 = ORIENTED_EDGE('',*,*,#10607,.T.);
#10607 = EDGE_CURVE('',#10608,#10608,#10610,.T.);
#10608 = VERTEX_POINT('',#10609);
#10609 = CARTESIAN_POINT('',(174.5,-115.95,0.));
#10610 = CIRCLE('',#10611,1.5);
#10611 = AXIS2_PLACEMENT_3D('',#10612,#10613,#10614);
#10612 = CARTESIAN_POINT('',(174.5,-114.45,0.));
#10613 = DIRECTION('',(-0.,0.,-1.));
#10614 = DIRECTION('',(-0.,-1.,0.));
#10615 = FACE_BOUND('',#10616,.F.);
#10616 = EDGE_LOOP('',(#10617));
#10617 = ORIENTED_EDGE('',*,*,#10618,.T.);
#10618 = EDGE_CURVE('',#10619,#10619,#10621,.T.);
#10619 = VERTEX_POINT('',#10620);
#10620 = CARTESIAN_POINT('',(169.5,-113.75,0.));
#10621 = CIRCLE('',#10622,1.5);
#10622 = AXIS2_PLACEMENT_3D('',#10623,#10624,#10625);
#10623 = CARTESIAN_POINT('',(169.5,-112.25,0.));
#10624 = DIRECTION('',(-0.,0.,-1.));
#10625 = DIRECTION('',(-0.,-1.,0.));
#10626 = FACE_BOUND('',#10627,.F.);
#10627 = EDGE_LOOP('',(#10628));
#10628 = ORIENTED_EDGE('',*,*,#10629,.T.);
#10629 = EDGE_CURVE('',#10630,#10630,#10632,.T.);
#10630 = VERTEX_POINT('',#10631);
#10631 = CARTESIAN_POINT('',(156.5,-110.2145,0.));
#10632 = CIRCLE('',#10633,1.7145);
#10633 = AXIS2_PLACEMENT_3D('',#10634,#10635,#10636);
#10634 = CARTESIAN_POINT('',(156.5,-108.5,0.));
#10635 = DIRECTION('',(-0.,0.,-1.));
#10636 = DIRECTION('',(-0.,-1.,0.));
#10637 = FACE_BOUND('',#10638,.F.);
#10638 = EDGE_LOOP('',(#10639));
#10639 = ORIENTED_EDGE('',*,*,#10640,.T.);
#10640 = EDGE_CURVE('',#10641,#10641,#10643,.T.);
#10641 = VERTEX_POINT('',#10642);
#10642 = CARTESIAN_POINT('',(162.,-109.3509,0.));
#10643 = CIRCLE('',#10644,0.8509);
#10644 = AXIS2_PLACEMENT_3D('',#10645,#10646,#10647);
#10645 = CARTESIAN_POINT('',(162.,-108.5,0.));
#10646 = DIRECTION('',(-0.,0.,-1.));
#10647 = DIRECTION('',(-0.,-1.,0.));
#10648 = FACE_BOUND('',#10649,.F.);
#10649 = EDGE_LOOP('',(#10650));
#10650 = ORIENTED_EDGE('',*,*,#10651,.T.);
#10651 = EDGE_CURVE('',#10652,#10652,#10654,.T.);
#10652 = VERTEX_POINT('',#10653);
#10653 = CARTESIAN_POINT('',(169.,-109.3509,0.));
#10654 = CIRCLE('',#10655,0.8509);
#10655 = AXIS2_PLACEMENT_3D('',#10656,#10657,#10658);
#10656 = CARTESIAN_POINT('',(169.,-108.5,0.));
#10657 = DIRECTION('',(-0.,0.,-1.));
#10658 = DIRECTION('',(-0.,-1.,0.));
#10659 = FACE_BOUND('',#10660,.F.);
#10660 = EDGE_LOOP('',(#10661));
#10661 = ORIENTED_EDGE('',*,*,#10662,.T.);
#10662 = EDGE_CURVE('',#10663,#10663,#10665,.T.);
#10663 = VERTEX_POINT('',#10664);
#10664 = CARTESIAN_POINT('',(174.5,-110.2145,0.));
#10665 = CIRCLE('',#10666,1.7145);
#10666 = AXIS2_PLACEMENT_3D('',#10667,#10668,#10669);
#10667 = CARTESIAN_POINT('',(174.5,-108.5,0.));
#10668 = DIRECTION('',(-0.,0.,-1.));
#10669 = DIRECTION('',(-0.,-1.,0.));
#10670 = FACE_BOUND('',#10671,.F.);
#10671 = EDGE_LOOP('',(#10672));
#10672 = ORIENTED_EDGE('',*,*,#10673,.T.);
#10673 = EDGE_CURVE('',#10674,#10674,#10676,.T.);
#10674 = VERTEX_POINT('',#10675);
#10675 = CARTESIAN_POINT('',(187.5,-113.75,0.));
#10676 = CIRCLE('',#10677,1.5);
#10677 = AXIS2_PLACEMENT_3D('',#10678,#10679,#10680);
#10678 = CARTESIAN_POINT('',(187.5,-112.25,0.));
#10679 = DIRECTION('',(-0.,0.,-1.));
#10680 = DIRECTION('',(-0.,-1.,0.));
#10681 = FACE_BOUND('',#10682,.F.);
#10682 = EDGE_LOOP('',(#10683));
#10683 = ORIENTED_EDGE('',*,*,#10684,.T.);
#10684 = EDGE_CURVE('',#10685,#10685,#10687,.T.);
#10685 = VERTEX_POINT('',#10686);
#10686 = CARTESIAN_POINT('',(192.5,-115.95,0.));
#10687 = CIRCLE('',#10688,1.5);
#10688 = AXIS2_PLACEMENT_3D('',#10689,#10690,#10691);
#10689 = CARTESIAN_POINT('',(192.5,-114.45,0.));
#10690 = DIRECTION('',(-0.,0.,-1.));
#10691 = DIRECTION('',(-0.,-1.,0.));
#10692 = FACE_BOUND('',#10693,.F.);
#10693 = EDGE_LOOP('',(#10694));
#10694 = ORIENTED_EDGE('',*,*,#10695,.T.);
#10695 = EDGE_CURVE('',#10696,#10696,#10698,.T.);
#10696 = VERTEX_POINT('',#10697);
#10697 = CARTESIAN_POINT('',(180.,-109.3509,0.));
#10698 = CIRCLE('',#10699,0.8509);
#10699 = AXIS2_PLACEMENT_3D('',#10700,#10701,#10702);
#10700 = CARTESIAN_POINT('',(180.,-108.5,0.));
#10701 = DIRECTION('',(-0.,0.,-1.));
#10702 = DIRECTION('',(-0.,-1.,0.));
#10703 = FACE_BOUND('',#10704,.F.);
#10704 = EDGE_LOOP('',(#10705));
#10705 = ORIENTED_EDGE('',*,*,#10706,.T.);
#10706 = EDGE_CURVE('',#10707,#10707,#10709,.T.);
#10707 = VERTEX_POINT('',#10708);
#10708 = CARTESIAN_POINT('',(187.,-109.3509,0.));
#10709 = CIRCLE('',#10710,0.8509);
#10710 = AXIS2_PLACEMENT_3D('',#10711,#10712,#10713);
#10711 = CARTESIAN_POINT('',(187.,-108.5,0.));
#10712 = DIRECTION('',(-0.,0.,-1.));
#10713 = DIRECTION('',(-0.,-1.,0.));
#10714 = FACE_BOUND('',#10715,.F.);
#10715 = EDGE_LOOP('',(#10716));
#10716 = ORIENTED_EDGE('',*,*,#10717,.T.);
#10717 = EDGE_CURVE('',#10718,#10718,#10720,.T.);
#10718 = VERTEX_POINT('',#10719);
#10719 = CARTESIAN_POINT('',(192.5,-110.2145,0.));
#10720 = CIRCLE('',#10721,1.7145);
#10721 = AXIS2_PLACEMENT_3D('',#10722,#10723,#10724);
#10722 = CARTESIAN_POINT('',(192.5,-108.5,0.));
#10723 = DIRECTION('',(-0.,0.,-1.));
#10724 = DIRECTION('',(-0.,-1.,0.));
#10725 = FACE_BOUND('',#10726,.F.);
#10726 = EDGE_LOOP('',(#10727));
#10727 = ORIENTED_EDGE('',*,*,#10728,.T.);
#10728 = EDGE_CURVE('',#10729,#10729,#10731,.T.);
#10729 = VERTEX_POINT('',#10730);
#10730 = CARTESIAN_POINT('',(198.,-109.3509,0.));
#10731 = CIRCLE('',#10732,0.8509);
#10732 = AXIS2_PLACEMENT_3D('',#10733,#10734,#10735);
#10733 = CARTESIAN_POINT('',(198.,-108.5,0.));
#10734 = DIRECTION('',(-0.,0.,-1.));
#10735 = DIRECTION('',(-0.,-1.,0.));
#10736 = FACE_BOUND('',#10737,.F.);
#10737 = EDGE_LOOP('',(#10738));
#10738 = ORIENTED_EDGE('',*,*,#10739,.T.);
#10739 = EDGE_CURVE('',#10740,#10740,#10742,.T.);
#10740 = VERTEX_POINT('',#10741);
#10741 = CARTESIAN_POINT('',(161.72,-104.7953,0.));
#10742 = CIRCLE('',#10743,0.4953);
#10743 = AXIS2_PLACEMENT_3D('',#10744,#10745,#10746);
#10744 = CARTESIAN_POINT('',(161.72,-104.3,0.));
#10745 = DIRECTION('',(-0.,0.,-1.));
#10746 = DIRECTION('',(-5.738281734385E-14,-1.,0.));
#10747 = FACE_BOUND('',#10748,.F.);
#10748 = EDGE_LOOP('',(#10749));
#10749 = ORIENTED_EDGE('',*,*,#10750,.T.);
#10750 = EDGE_CURVE('',#10751,#10751,#10753,.T.);
#10751 = VERTEX_POINT('',#10752);
#10752 = CARTESIAN_POINT('',(179.72,-104.7953,0.));
#10753 = CIRCLE('',#10754,0.4953);
#10754 = AXIS2_PLACEMENT_3D('',#10755,#10756,#10757);
#10755 = CARTESIAN_POINT('',(179.72,-104.3,0.));
#10756 = DIRECTION('',(-0.,0.,-1.));
#10757 = DIRECTION('',(-5.738281734385E-14,-1.,0.));
#10758 = FACE_BOUND('',#10759,.F.);
#10759 = EDGE_LOOP('',(#10760));
#10760 = ORIENTED_EDGE('',*,*,#10761,.T.);
#10761 = EDGE_CURVE('',#10762,#10762,#10764,.T.);
#10762 = VERTEX_POINT('',#10763);
#10763 = CARTESIAN_POINT('',(197.72,-104.7953,0.));
#10764 = CIRCLE('',#10765,0.4953);
#10765 = AXIS2_PLACEMENT_3D('',#10766,#10767,#10768);
#10766 = CARTESIAN_POINT('',(197.72,-104.3,0.));
#10767 = DIRECTION('',(-0.,0.,-1.));
#10768 = DIRECTION('',(-5.738281734385E-14,-1.,0.));
#10769 = FACE_BOUND('',#10770,.F.);
#10770 = EDGE_LOOP('',(#10771));
#10771 = ORIENTED_EDGE('',*,*,#10772,.T.);
#10772 = EDGE_CURVE('',#10773,#10773,#10775,.T.);
#10773 = VERTEX_POINT('',#10774);
#10774 = CARTESIAN_POINT('',(120.525,-98.875,0.));
#10775 = CIRCLE('',#10776,1.5);
#10776 = AXIS2_PLACEMENT_3D('',#10777,#10778,#10779);
#10777 = CARTESIAN_POINT('',(120.525,-97.375,0.));
#10778 = DIRECTION('',(-0.,0.,-1.));
#10779 = DIRECTION('',(-0.,-1.,0.));
#10780 = FACE_BOUND('',#10781,.F.);
#10781 = EDGE_LOOP('',(#10782));
#10782 = ORIENTED_EDGE('',*,*,#10783,.T.);
#10783 = EDGE_CURVE('',#10784,#10784,#10786,.T.);
#10784 = VERTEX_POINT('',#10785);
#10785 = CARTESIAN_POINT('',(115.525,-96.675,0.));
#10786 = CIRCLE('',#10787,1.5);
#10787 = AXIS2_PLACEMENT_3D('',#10788,#10789,#10790);
#10788 = CARTESIAN_POINT('',(115.525,-95.175,0.));
#10789 = DIRECTION('',(-0.,0.,-1.));
#10790 = DIRECTION('',(-0.,-1.,0.));
#10791 = FACE_BOUND('',#10792,.F.);
#10792 = EDGE_LOOP('',(#10793));
#10793 = ORIENTED_EDGE('',*,*,#10794,.T.);
#10794 = EDGE_CURVE('',#10795,#10795,#10797,.T.);
#10795 = VERTEX_POINT('',#10796);
#10796 = CARTESIAN_POINT('',(138.45,-98.9,0.));
#10797 = CIRCLE('',#10798,1.5);
#10798 = AXIS2_PLACEMENT_3D('',#10799,#10800,#10801);
#10799 = CARTESIAN_POINT('',(138.45,-97.4,0.));
#10800 = DIRECTION('',(-0.,0.,-1.));
#10801 = DIRECTION('',(-0.,-1.,0.));
#10802 = FACE_BOUND('',#10803,.F.);
#10803 = EDGE_LOOP('',(#10804));
#10804 = ORIENTED_EDGE('',*,*,#10805,.T.);
#10805 = EDGE_CURVE('',#10806,#10806,#10808,.T.);
#10806 = VERTEX_POINT('',#10807);
#10807 = CARTESIAN_POINT('',(133.45,-96.7,0.));
#10808 = CIRCLE('',#10809,1.5);
#10809 = AXIS2_PLACEMENT_3D('',#10810,#10811,#10812);
#10810 = CARTESIAN_POINT('',(133.45,-95.2,0.));
#10811 = DIRECTION('',(-0.,0.,-1.));
#10812 = DIRECTION('',(-0.,-1.,0.));
#10813 = FACE_BOUND('',#10814,.F.);
#10814 = EDGE_LOOP('',(#10815));
#10815 = ORIENTED_EDGE('',*,*,#10816,.T.);
#10816 = EDGE_CURVE('',#10817,#10817,#10819,.T.);
#10817 = VERTEX_POINT('',#10818);
#10818 = CARTESIAN_POINT('',(151.5,-96.75,0.));
#10819 = CIRCLE('',#10820,1.5);
#10820 = AXIS2_PLACEMENT_3D('',#10821,#10822,#10823);
#10821 = CARTESIAN_POINT('',(151.5,-95.25,0.));
#10822 = DIRECTION('',(-0.,0.,-1.));
#10823 = DIRECTION('',(-0.,-1.,0.));
#10824 = FACE_BOUND('',#10825,.F.);
#10825 = EDGE_LOOP('',(#10826));
#10826 = ORIENTED_EDGE('',*,*,#10827,.T.);
#10827 = EDGE_CURVE('',#10828,#10828,#10830,.T.);
#10828 = VERTEX_POINT('',#10829);
#10829 = CARTESIAN_POINT('',(115.025,-92.2759,0.));
#10830 = CIRCLE('',#10831,0.8509);
#10831 = AXIS2_PLACEMENT_3D('',#10832,#10833,#10834);
#10832 = CARTESIAN_POINT('',(115.025,-91.425,0.));
#10833 = DIRECTION('',(-0.,0.,-1.));
#10834 = DIRECTION('',(-0.,-1.,0.));
#10835 = FACE_BOUND('',#10836,.F.);
#10836 = EDGE_LOOP('',(#10837));
#10837 = ORIENTED_EDGE('',*,*,#10838,.T.);
#10838 = EDGE_CURVE('',#10839,#10839,#10841,.T.);
#10839 = VERTEX_POINT('',#10840);
#10840 = CARTESIAN_POINT('',(120.525,-93.1395,0.));
#10841 = CIRCLE('',#10842,1.7145);
#10842 = AXIS2_PLACEMENT_3D('',#10843,#10844,#10845);
#10843 = CARTESIAN_POINT('',(120.525,-91.425,0.));
#10844 = DIRECTION('',(-0.,0.,-1.));
#10845 = DIRECTION('',(-0.,-1.,0.));
#10846 = FACE_BOUND('',#10847,.F.);
#10847 = EDGE_LOOP('',(#10848));
#10848 = ORIENTED_EDGE('',*,*,#10849,.T.);
#10849 = EDGE_CURVE('',#10850,#10850,#10852,.T.);
#10850 = VERTEX_POINT('',#10851);
#10851 = CARTESIAN_POINT('',(126.025,-92.2759,0.));
#10852 = CIRCLE('',#10853,0.8509);
#10853 = AXIS2_PLACEMENT_3D('',#10854,#10855,#10856);
#10854 = CARTESIAN_POINT('',(126.025,-91.425,0.));
#10855 = DIRECTION('',(-0.,0.,-1.));
#10856 = DIRECTION('',(-0.,-1.,0.));
#10857 = FACE_BOUND('',#10858,.F.);
#10858 = EDGE_LOOP('',(#10859));
#10859 = ORIENTED_EDGE('',*,*,#10860,.T.);
#10860 = EDGE_CURVE('',#10861,#10861,#10863,.T.);
#10861 = VERTEX_POINT('',#10862);
#10862 = CARTESIAN_POINT('',(132.95,-92.3009,0.));
#10863 = CIRCLE('',#10864,0.8509);
#10864 = AXIS2_PLACEMENT_3D('',#10865,#10866,#10867);
#10865 = CARTESIAN_POINT('',(132.95,-91.45,0.));
#10866 = DIRECTION('',(-0.,0.,-1.));
#10867 = DIRECTION('',(-0.,-1.,0.));
#10868 = FACE_BOUND('',#10869,.F.);
#10869 = EDGE_LOOP('',(#10870));
#10870 = ORIENTED_EDGE('',*,*,#10871,.T.);
#10871 = EDGE_CURVE('',#10872,#10872,#10874,.T.);
#10872 = VERTEX_POINT('',#10873);
#10873 = CARTESIAN_POINT('',(125.745,-87.7203,0.));
#10874 = CIRCLE('',#10875,0.4953);
#10875 = AXIS2_PLACEMENT_3D('',#10876,#10877,#10878);
#10876 = CARTESIAN_POINT('',(125.745,-87.225,0.));
#10877 = DIRECTION('',(-0.,0.,-1.));
#10878 = DIRECTION('',(-0.,-1.,0.));
#10879 = FACE_BOUND('',#10880,.F.);
#10880 = EDGE_LOOP('',(#10881));
#10881 = ORIENTED_EDGE('',*,*,#10882,.T.);
#10882 = EDGE_CURVE('',#10883,#10883,#10885,.T.);
#10883 = VERTEX_POINT('',#10884);
#10884 = CARTESIAN_POINT('',(138.45,-93.1645,0.));
#10885 = CIRCLE('',#10886,1.7145);
#10886 = AXIS2_PLACEMENT_3D('',#10887,#10888,#10889);
#10887 = CARTESIAN_POINT('',(138.45,-91.45,0.));
#10888 = DIRECTION('',(-0.,0.,-1.));
#10889 = DIRECTION('',(-0.,-1.,0.));
#10890 = FACE_BOUND('',#10891,.F.);
#10891 = EDGE_LOOP('',(#10892));
#10892 = ORIENTED_EDGE('',*,*,#10893,.T.);
#10893 = EDGE_CURVE('',#10894,#10894,#10896,.T.);
#10894 = VERTEX_POINT('',#10895);
#10895 = CARTESIAN_POINT('',(143.95,-92.3009,0.));
#10896 = CIRCLE('',#10897,0.8509);
#10897 = AXIS2_PLACEMENT_3D('',#10898,#10899,#10900);
#10898 = CARTESIAN_POINT('',(143.95,-91.45,0.));
#10899 = DIRECTION('',(-0.,0.,-1.));
#10900 = DIRECTION('',(-0.,-1.,0.));
#10901 = FACE_BOUND('',#10902,.F.);
#10902 = EDGE_LOOP('',(#10903));
#10903 = ORIENTED_EDGE('',*,*,#10904,.T.);
#10904 = EDGE_CURVE('',#10905,#10905,#10907,.T.);
#10905 = VERTEX_POINT('',#10906);
#10906 = CARTESIAN_POINT('',(151.,-92.3509,0.));
#10907 = CIRCLE('',#10908,0.8509);
#10908 = AXIS2_PLACEMENT_3D('',#10909,#10910,#10911);
#10909 = CARTESIAN_POINT('',(151.,-91.5,0.));
#10910 = DIRECTION('',(-0.,0.,-1.));
#10911 = DIRECTION('',(-0.,-1.,0.));
#10912 = FACE_BOUND('',#10913,.F.);
#10913 = EDGE_LOOP('',(#10914));
#10914 = ORIENTED_EDGE('',*,*,#10915,.T.);
#10915 = EDGE_CURVE('',#10916,#10916,#10918,.T.);
#10916 = VERTEX_POINT('',#10917);
#10917 = CARTESIAN_POINT('',(143.67,-87.7453,0.));
#10918 = CIRCLE('',#10919,0.4953);
#10919 = AXIS2_PLACEMENT_3D('',#10920,#10921,#10922);
#10920 = CARTESIAN_POINT('',(143.67,-87.25,0.));
#10921 = DIRECTION('',(-0.,0.,-1.));
#10922 = DIRECTION('',(-5.738281734384E-14,-1.,0.));
#10923 = FACE_BOUND('',#10924,.F.);
#10924 = EDGE_LOOP('',(#10925));
#10925 = ORIENTED_EDGE('',*,*,#10926,.T.);
#10926 = EDGE_CURVE('',#10927,#10927,#10929,.T.);
#10927 = VERTEX_POINT('',#10928);
#10928 = CARTESIAN_POINT('',(156.5,-98.95,0.));
#10929 = CIRCLE('',#10930,1.5);
#10930 = AXIS2_PLACEMENT_3D('',#10931,#10932,#10933);
#10931 = CARTESIAN_POINT('',(156.5,-97.45,0.));
#10932 = DIRECTION('',(-0.,0.,-1.));
#10933 = DIRECTION('',(-0.,-1.,0.));
#10934 = FACE_BOUND('',#10935,.F.);
#10935 = EDGE_LOOP('',(#10936));
#10936 = ORIENTED_EDGE('',*,*,#10937,.T.);
#10937 = EDGE_CURVE('',#10938,#10938,#10940,.T.);
#10938 = VERTEX_POINT('',#10939);
#10939 = CARTESIAN_POINT('',(174.5,-98.95,0.));
#10940 = CIRCLE('',#10941,1.5);
#10941 = AXIS2_PLACEMENT_3D('',#10942,#10943,#10944);
#10942 = CARTESIAN_POINT('',(174.5,-97.45,0.));
#10943 = DIRECTION('',(-0.,0.,-1.));
#10944 = DIRECTION('',(-0.,-1.,0.));
#10945 = FACE_BOUND('',#10946,.F.);
#10946 = EDGE_LOOP('',(#10947));
#10947 = ORIENTED_EDGE('',*,*,#10948,.T.);
#10948 = EDGE_CURVE('',#10949,#10949,#10951,.T.);
#10949 = VERTEX_POINT('',#10950);
#10950 = CARTESIAN_POINT('',(169.5,-96.75,0.));
#10951 = CIRCLE('',#10952,1.5);
#10952 = AXIS2_PLACEMENT_3D('',#10953,#10954,#10955);
#10953 = CARTESIAN_POINT('',(169.5,-95.25,0.));
#10954 = DIRECTION('',(-0.,0.,-1.));
#10955 = DIRECTION('',(-0.,-1.,0.));
#10956 = FACE_BOUND('',#10957,.F.);
#10957 = EDGE_LOOP('',(#10958));
#10958 = ORIENTED_EDGE('',*,*,#10959,.T.);
#10959 = EDGE_CURVE('',#10960,#10960,#10962,.T.);
#10960 = VERTEX_POINT('',#10961);
#10961 = CARTESIAN_POINT('',(192.475,-98.95,0.));
#10962 = CIRCLE('',#10963,1.5);
#10963 = AXIS2_PLACEMENT_3D('',#10964,#10965,#10966);
#10964 = CARTESIAN_POINT('',(192.475,-97.45,0.));
#10965 = DIRECTION('',(-0.,0.,-1.));
#10966 = DIRECTION('',(-0.,-1.,0.));
#10967 = FACE_BOUND('',#10968,.F.);
#10968 = EDGE_LOOP('',(#10969));
#10969 = ORIENTED_EDGE('',*,*,#10970,.T.);
#10970 = EDGE_CURVE('',#10971,#10971,#10973,.T.);
#10971 = VERTEX_POINT('',#10972);
#10972 = CARTESIAN_POINT('',(187.475,-96.75,0.));
#10973 = CIRCLE('',#10974,1.5);
#10974 = AXIS2_PLACEMENT_3D('',#10975,#10976,#10977);
#10975 = CARTESIAN_POINT('',(187.475,-95.25,0.));
#10976 = DIRECTION('',(-0.,0.,-1.));
#10977 = DIRECTION('',(-0.,-1.,0.));
#10978 = FACE_BOUND('',#10979,.F.);
#10979 = EDGE_LOOP('',(#10980));
#10980 = ORIENTED_EDGE('',*,*,#10981,.T.);
#10981 = EDGE_CURVE('',#10982,#10982,#10984,.T.);
#10982 = VERTEX_POINT('',#10983);
#10983 = CARTESIAN_POINT('',(156.5,-93.2145,0.));
#10984 = CIRCLE('',#10985,1.7145);
#10985 = AXIS2_PLACEMENT_3D('',#10986,#10987,#10988);
#10986 = CARTESIAN_POINT('',(156.5,-91.5,0.));
#10987 = DIRECTION('',(-0.,0.,-1.));
#10988 = DIRECTION('',(-0.,-1.,0.));
#10989 = FACE_BOUND('',#10990,.F.);
#10990 = EDGE_LOOP('',(#10991));
#10991 = ORIENTED_EDGE('',*,*,#10992,.T.);
#10992 = EDGE_CURVE('',#10993,#10993,#10995,.T.);
#10993 = VERTEX_POINT('',#10994);
#10994 = CARTESIAN_POINT('',(162.,-92.3509,0.));
#10995 = CIRCLE('',#10996,0.8509);
#10996 = AXIS2_PLACEMENT_3D('',#10997,#10998,#10999);
#10997 = CARTESIAN_POINT('',(162.,-91.5,0.));
#10998 = DIRECTION('',(-0.,0.,-1.));
#10999 = DIRECTION('',(-0.,-1.,0.));
#11000 = FACE_BOUND('',#11001,.F.);
#11001 = EDGE_LOOP('',(#11002));
#11002 = ORIENTED_EDGE('',*,*,#11003,.T.);
#11003 = EDGE_CURVE('',#11004,#11004,#11006,.T.);
#11004 = VERTEX_POINT('',#11005);
#11005 = CARTESIAN_POINT('',(169.,-92.3509,0.));
#11006 = CIRCLE('',#11007,0.8509);
#11007 = AXIS2_PLACEMENT_3D('',#11008,#11009,#11010);
#11008 = CARTESIAN_POINT('',(169.,-91.5,0.));
#11009 = DIRECTION('',(-0.,0.,-1.));
#11010 = DIRECTION('',(-0.,-1.,0.));
#11011 = FACE_BOUND('',#11012,.F.);
#11012 = EDGE_LOOP('',(#11013));
#11013 = ORIENTED_EDGE('',*,*,#11014,.T.);
#11014 = EDGE_CURVE('',#11015,#11015,#11017,.T.);
#11015 = VERTEX_POINT('',#11016);
#11016 = CARTESIAN_POINT('',(174.5,-93.2145,0.));
#11017 = CIRCLE('',#11018,1.7145);
#11018 = AXIS2_PLACEMENT_3D('',#11019,#11020,#11021);
#11019 = CARTESIAN_POINT('',(174.5,-91.5,0.));
#11020 = DIRECTION('',(-0.,0.,-1.));
#11021 = DIRECTION('',(-0.,-1.,0.));
#11022 = FACE_BOUND('',#11023,.F.);
#11023 = EDGE_LOOP('',(#11024));
#11024 = ORIENTED_EDGE('',*,*,#11025,.T.);
#11025 = EDGE_CURVE('',#11026,#11026,#11028,.T.);
#11026 = VERTEX_POINT('',#11027);
#11027 = CARTESIAN_POINT('',(161.72,-87.7953,0.));
#11028 = CIRCLE('',#11029,0.4953);
#11029 = AXIS2_PLACEMENT_3D('',#11030,#11031,#11032);
#11030 = CARTESIAN_POINT('',(161.72,-87.3,0.));
#11031 = DIRECTION('',(-0.,0.,-1.));
#11032 = DIRECTION('',(-5.738281734385E-14,-1.,0.));
#11033 = FACE_BOUND('',#11034,.F.);
#11034 = EDGE_LOOP('',(#11035));
#11035 = ORIENTED_EDGE('',*,*,#11036,.T.);
#11036 = EDGE_CURVE('',#11037,#11037,#11039,.T.);
#11037 = VERTEX_POINT('',#11038);
#11038 = CARTESIAN_POINT('',(180.,-92.3509,0.));
#11039 = CIRCLE('',#11040,0.8509);
#11040 = AXIS2_PLACEMENT_3D('',#11041,#11042,#11043);
#11041 = CARTESIAN_POINT('',(180.,-91.5,0.));
#11042 = DIRECTION('',(-0.,0.,-1.));
#11043 = DIRECTION('',(-0.,-1.,0.));
#11044 = FACE_BOUND('',#11045,.F.);
#11045 = EDGE_LOOP('',(#11046));
#11046 = ORIENTED_EDGE('',*,*,#11047,.T.);
#11047 = EDGE_CURVE('',#11048,#11048,#11050,.T.);
#11048 = VERTEX_POINT('',#11049);
#11049 = CARTESIAN_POINT('',(186.975,-92.3509,0.));
#11050 = CIRCLE('',#11051,0.8509);
#11051 = AXIS2_PLACEMENT_3D('',#11052,#11053,#11054);
#11052 = CARTESIAN_POINT('',(186.975,-91.5,0.));
#11053 = DIRECTION('',(-0.,0.,-1.));
#11054 = DIRECTION('',(-0.,-1.,0.));
#11055 = FACE_BOUND('',#11056,.F.);
#11056 = EDGE_LOOP('',(#11057));
#11057 = ORIENTED_EDGE('',*,*,#11058,.T.);
#11058 = EDGE_CURVE('',#11059,#11059,#11061,.T.);
#11059 = VERTEX_POINT('',#11060);
#11060 = CARTESIAN_POINT('',(192.475,-93.2145,0.));
#11061 = CIRCLE('',#11062,1.7145);
#11062 = AXIS2_PLACEMENT_3D('',#11063,#11064,#11065);
#11063 = CARTESIAN_POINT('',(192.475,-91.5,0.));
#11064 = DIRECTION('',(-0.,0.,-1.));
#11065 = DIRECTION('',(-1.657725834378E-14,-1.,0.));
#11066 = FACE_BOUND('',#11067,.F.);
#11067 = EDGE_LOOP('',(#11068));
#11068 = ORIENTED_EDGE('',*,*,#11069,.T.);
#11069 = EDGE_CURVE('',#11070,#11070,#11072,.T.);
#11070 = VERTEX_POINT('',#11071);
#11071 = CARTESIAN_POINT('',(197.975,-92.3509,0.));
#11072 = CIRCLE('',#11073,0.8509);
#11073 = AXIS2_PLACEMENT_3D('',#11074,#11075,#11076);
#11074 = CARTESIAN_POINT('',(197.975,-91.5,0.));
#11075 = DIRECTION('',(-0.,0.,-1.));
#11076 = DIRECTION('',(-0.,-1.,0.));
#11077 = FACE_BOUND('',#11078,.F.);
#11078 = EDGE_LOOP('',(#11079));
#11079 = ORIENTED_EDGE('',*,*,#11080,.T.);
#11080 = EDGE_CURVE('',#11081,#11081,#11083,.T.);
#11081 = VERTEX_POINT('',#11082);
#11082 = CARTESIAN_POINT('',(179.72,-87.7953,0.));
#11083 = CIRCLE('',#11084,0.4953);
#11084 = AXIS2_PLACEMENT_3D('',#11085,#11086,#11087);
#11085 = CARTESIAN_POINT('',(179.72,-87.3,0.));
#11086 = DIRECTION('',(-0.,0.,-1.));
#11087 = DIRECTION('',(-5.738281734385E-14,-1.,0.));
#11088 = FACE_BOUND('',#11089,.F.);
#11089 = EDGE_LOOP('',(#11090));
#11090 = ORIENTED_EDGE('',*,*,#11091,.T.);
#11091 = EDGE_CURVE('',#11092,#11092,#11094,.T.);
#11092 = VERTEX_POINT('',#11093);
#11093 = CARTESIAN_POINT('',(197.695,-87.7953,0.));
#11094 = CIRCLE('',#11095,0.4953);
#11095 = AXIS2_PLACEMENT_3D('',#11096,#11097,#11098);
#11096 = CARTESIAN_POINT('',(197.695,-87.3,0.));
#11097 = DIRECTION('',(-0.,0.,-1.));
#11098 = DIRECTION('',(-0.,-1.,0.));
#11099 = FACE_BOUND('',#11100,.F.);
#11100 = EDGE_LOOP('',(#11101));
#11101 = ORIENTED_EDGE('',*,*,#11102,.T.);
#11102 = EDGE_CURVE('',#11103,#11103,#11105,.T.);
#11103 = VERTEX_POINT('',#11104);
#11104 = CARTESIAN_POINT('',(30.5,-81.95,0.));
#11105 = CIRCLE('',#11106,1.5);
#11106 = AXIS2_PLACEMENT_3D('',#11107,#11108,#11109);
#11107 = CARTESIAN_POINT('',(30.5,-80.45,0.));
#11108 = DIRECTION('',(-0.,0.,-1.));
#11109 = DIRECTION('',(-0.,-1.,0.));
#11110 = FACE_BOUND('',#11111,.F.);
#11111 = EDGE_LOOP('',(#11112));
#11112 = ORIENTED_EDGE('',*,*,#11113,.T.);
#11113 = EDGE_CURVE('',#11114,#11114,#11116,.T.);
#11114 = VERTEX_POINT('',#11115);
#11115 = CARTESIAN_POINT('',(25.5,-79.75,0.));
#11116 = CIRCLE('',#11117,1.5);
#11117 = AXIS2_PLACEMENT_3D('',#11118,#11119,#11120);
#11118 = CARTESIAN_POINT('',(25.5,-78.25,0.));
#11119 = DIRECTION('',(-0.,0.,-1.));
#11120 = DIRECTION('',(-0.,-1.,0.));
#11121 = FACE_BOUND('',#11122,.F.);
#11122 = EDGE_LOOP('',(#11123));
#11123 = ORIENTED_EDGE('',*,*,#11124,.T.);
#11124 = EDGE_CURVE('',#11125,#11125,#11127,.T.);
#11125 = VERTEX_POINT('',#11126);
#11126 = CARTESIAN_POINT('',(43.5,-79.75,0.));
#11127 = CIRCLE('',#11128,1.5);
#11128 = AXIS2_PLACEMENT_3D('',#11129,#11130,#11131);
#11129 = CARTESIAN_POINT('',(43.5,-78.25,0.));
#11130 = DIRECTION('',(-0.,0.,-1.));
#11131 = DIRECTION('',(-0.,-1.,0.));
#11132 = FACE_BOUND('',#11133,.F.);
#11133 = EDGE_LOOP('',(#11134));
#11134 = ORIENTED_EDGE('',*,*,#11135,.T.);
#11135 = EDGE_CURVE('',#11136,#11136,#11138,.T.);
#11136 = VERTEX_POINT('',#11137);
#11137 = CARTESIAN_POINT('',(48.5,-81.95,0.));
#11138 = CIRCLE('',#11139,1.5);
#11139 = AXIS2_PLACEMENT_3D('',#11140,#11141,#11142);
#11140 = CARTESIAN_POINT('',(48.5,-80.45,0.));
#11141 = DIRECTION('',(-0.,0.,-1.));
#11142 = DIRECTION('',(-0.,-1.,0.));
#11143 = FACE_BOUND('',#11144,.F.);
#11144 = EDGE_LOOP('',(#11145));
#11145 = ORIENTED_EDGE('',*,*,#11146,.T.);
#11146 = EDGE_CURVE('',#11147,#11147,#11149,.T.);
#11147 = VERTEX_POINT('',#11148);
#11148 = CARTESIAN_POINT('',(66.5,-81.95,0.));
#11149 = CIRCLE('',#11150,1.5);
#11150 = AXIS2_PLACEMENT_3D('',#11151,#11152,#11153);
#11151 = CARTESIAN_POINT('',(66.5,-80.45,0.));
#11152 = DIRECTION('',(-0.,0.,-1.));
#11153 = DIRECTION('',(-0.,-1.,0.));
#11154 = FACE_BOUND('',#11155,.F.);
#11155 = EDGE_LOOP('',(#11156));
#11156 = ORIENTED_EDGE('',*,*,#11157,.T.);
#11157 = EDGE_CURVE('',#11158,#11158,#11160,.T.);
#11158 = VERTEX_POINT('',#11159);
#11159 = CARTESIAN_POINT('',(61.5,-79.75,0.));
#11160 = CIRCLE('',#11161,1.5);
#11161 = AXIS2_PLACEMENT_3D('',#11162,#11163,#11164);
#11162 = CARTESIAN_POINT('',(61.5,-78.25,0.));
#11163 = DIRECTION('',(-0.,0.,-1.));
#11164 = DIRECTION('',(-0.,-1.,0.));
#11165 = FACE_BOUND('',#11166,.F.);
#11166 = EDGE_LOOP('',(#11167));
#11167 = ORIENTED_EDGE('',*,*,#11168,.T.);
#11168 = EDGE_CURVE('',#11169,#11169,#11171,.T.);
#11169 = VERTEX_POINT('',#11170);
#11170 = CARTESIAN_POINT('',(25.,-75.3509,0.));
#11171 = CIRCLE('',#11172,0.8509);
#11172 = AXIS2_PLACEMENT_3D('',#11173,#11174,#11175);
#11173 = CARTESIAN_POINT('',(25.,-74.5,0.));
#11174 = DIRECTION('',(-0.,0.,-1.));
#11175 = DIRECTION('',(-0.,-1.,0.));
#11176 = FACE_BOUND('',#11177,.F.);
#11177 = EDGE_LOOP('',(#11178));
#11178 = ORIENTED_EDGE('',*,*,#11179,.T.);
#11179 = EDGE_CURVE('',#11180,#11180,#11182,.T.);
#11180 = VERTEX_POINT('',#11181);
#11181 = CARTESIAN_POINT('',(30.5,-76.2145,0.));
#11182 = CIRCLE('',#11183,1.7145);
#11183 = AXIS2_PLACEMENT_3D('',#11184,#11185,#11186);
#11184 = CARTESIAN_POINT('',(30.5,-74.5,0.));
#11185 = DIRECTION('',(-0.,0.,-1.));
#11186 = DIRECTION('',(-0.,-1.,0.));
#11187 = FACE_BOUND('',#11188,.F.);
#11188 = EDGE_LOOP('',(#11189));
#11189 = ORIENTED_EDGE('',*,*,#11190,.T.);
#11190 = EDGE_CURVE('',#11191,#11191,#11193,.T.);
#11191 = VERTEX_POINT('',#11192);
#11192 = CARTESIAN_POINT('',(36.,-75.3509,0.));
#11193 = CIRCLE('',#11194,0.8509);
#11194 = AXIS2_PLACEMENT_3D('',#11195,#11196,#11197);
#11195 = CARTESIAN_POINT('',(36.,-74.5,0.));
#11196 = DIRECTION('',(-0.,0.,-1.));
#11197 = DIRECTION('',(-0.,-1.,0.));
#11198 = FACE_BOUND('',#11199,.F.);
#11199 = EDGE_LOOP('',(#11200));
#11200 = ORIENTED_EDGE('',*,*,#11201,.T.);
#11201 = EDGE_CURVE('',#11202,#11202,#11204,.T.);
#11202 = VERTEX_POINT('',#11203);
#11203 = CARTESIAN_POINT('',(43.,-75.3509,0.));
#11204 = CIRCLE('',#11205,0.8509);
#11205 = AXIS2_PLACEMENT_3D('',#11206,#11207,#11208);
#11206 = CARTESIAN_POINT('',(43.,-74.5,0.));
#11207 = DIRECTION('',(-0.,0.,-1.));
#11208 = DIRECTION('',(-0.,-1.,0.));
#11209 = FACE_BOUND('',#11210,.F.);
#11210 = EDGE_LOOP('',(#11211));
#11211 = ORIENTED_EDGE('',*,*,#11212,.T.);
#11212 = EDGE_CURVE('',#11213,#11213,#11215,.T.);
#11213 = VERTEX_POINT('',#11214);
#11214 = CARTESIAN_POINT('',(35.72,-70.7953,0.));
#11215 = CIRCLE('',#11216,0.4953);
#11216 = AXIS2_PLACEMENT_3D('',#11217,#11218,#11219);
#11217 = CARTESIAN_POINT('',(35.72,-70.3,0.));
#11218 = DIRECTION('',(-0.,0.,-1.));
#11219 = DIRECTION('',(-0.,-1.,0.));
#11220 = FACE_BOUND('',#11221,.F.);
#11221 = EDGE_LOOP('',(#11222));
#11222 = ORIENTED_EDGE('',*,*,#11223,.T.);
#11223 = EDGE_CURVE('',#11224,#11224,#11226,.T.);
#11224 = VERTEX_POINT('',#11225);
#11225 = CARTESIAN_POINT('',(48.5,-76.2145,0.));
#11226 = CIRCLE('',#11227,1.7145);
#11227 = AXIS2_PLACEMENT_3D('',#11228,#11229,#11230);
#11228 = CARTESIAN_POINT('',(48.5,-74.5,0.));
#11229 = DIRECTION('',(-0.,0.,-1.));
#11230 = DIRECTION('',(-0.,-1.,0.));
#11231 = FACE_BOUND('',#11232,.F.);
#11232 = EDGE_LOOP('',(#11233));
#11233 = ORIENTED_EDGE('',*,*,#11234,.T.);
#11234 = EDGE_CURVE('',#11235,#11235,#11237,.T.);
#11235 = VERTEX_POINT('',#11236);
#11236 = CARTESIAN_POINT('',(54.,-75.3509,0.));
#11237 = CIRCLE('',#11238,0.8509);
#11238 = AXIS2_PLACEMENT_3D('',#11239,#11240,#11241);
#11239 = CARTESIAN_POINT('',(54.,-74.5,0.));
#11240 = DIRECTION('',(-0.,0.,-1.));
#11241 = DIRECTION('',(-0.,-1.,0.));
#11242 = FACE_BOUND('',#11243,.F.);
#11243 = EDGE_LOOP('',(#11244));
#11244 = ORIENTED_EDGE('',*,*,#11245,.T.);
#11245 = EDGE_CURVE('',#11246,#11246,#11248,.T.);
#11246 = VERTEX_POINT('',#11247);
#11247 = CARTESIAN_POINT('',(61.,-75.3509,0.));
#11248 = CIRCLE('',#11249,0.8509);
#11249 = AXIS2_PLACEMENT_3D('',#11250,#11251,#11252);
#11250 = CARTESIAN_POINT('',(61.,-74.5,0.));
#11251 = DIRECTION('',(-0.,0.,-1.));
#11252 = DIRECTION('',(-0.,-1.,0.));
#11253 = FACE_BOUND('',#11254,.F.);
#11254 = EDGE_LOOP('',(#11255));
#11255 = ORIENTED_EDGE('',*,*,#11256,.T.);
#11256 = EDGE_CURVE('',#11257,#11257,#11259,.T.);
#11257 = VERTEX_POINT('',#11258);
#11258 = CARTESIAN_POINT('',(66.5,-76.2145,0.));
#11259 = CIRCLE('',#11260,1.7145);
#11260 = AXIS2_PLACEMENT_3D('',#11261,#11262,#11263);
#11261 = CARTESIAN_POINT('',(66.5,-74.5,0.));
#11262 = DIRECTION('',(-0.,0.,-1.));
#11263 = DIRECTION('',(-0.,-1.,0.));
#11264 = FACE_BOUND('',#11265,.F.);
#11265 = EDGE_LOOP('',(#11266));
#11266 = ORIENTED_EDGE('',*,*,#11267,.T.);
#11267 = EDGE_CURVE('',#11268,#11268,#11270,.T.);
#11268 = VERTEX_POINT('',#11269);
#11269 = CARTESIAN_POINT('',(53.72,-70.7953,0.));
#11270 = CIRCLE('',#11271,0.4953);
#11271 = AXIS2_PLACEMENT_3D('',#11272,#11273,#11274);
#11272 = CARTESIAN_POINT('',(53.72,-70.3,0.));
#11273 = DIRECTION('',(-0.,0.,-1.));
#11274 = DIRECTION('',(-0.,-1.,0.));
#11275 = FACE_BOUND('',#11276,.F.);
#11276 = EDGE_LOOP('',(#11277));
#11277 = ORIENTED_EDGE('',*,*,#11278,.T.);
#11278 = EDGE_CURVE('',#11279,#11279,#11281,.T.);
#11279 = VERTEX_POINT('',#11280);
#11280 = CARTESIAN_POINT('',(84.5,-81.95,0.));
#11281 = CIRCLE('',#11282,1.5);
#11282 = AXIS2_PLACEMENT_3D('',#11283,#11284,#11285);
#11283 = CARTESIAN_POINT('',(84.5,-80.45,0.));
#11284 = DIRECTION('',(-0.,0.,-1.));
#11285 = DIRECTION('',(-0.,-1.,0.));
#11286 = FACE_BOUND('',#11287,.F.);
#11287 = EDGE_LOOP('',(#11288));
#11288 = ORIENTED_EDGE('',*,*,#11289,.T.);
#11289 = EDGE_CURVE('',#11290,#11290,#11292,.T.);
#11290 = VERTEX_POINT('',#11291);
#11291 = CARTESIAN_POINT('',(79.5,-79.75,0.));
#11292 = CIRCLE('',#11293,1.5);
#11293 = AXIS2_PLACEMENT_3D('',#11294,#11295,#11296);
#11294 = CARTESIAN_POINT('',(79.5,-78.25,0.));
#11295 = DIRECTION('',(-0.,0.,-1.));
#11296 = DIRECTION('',(-0.,-1.,0.));
#11297 = FACE_BOUND('',#11298,.F.);
#11298 = EDGE_LOOP('',(#11299));
#11299 = ORIENTED_EDGE('',*,*,#11300,.T.);
#11300 = EDGE_CURVE('',#11301,#11301,#11303,.T.);
#11301 = VERTEX_POINT('',#11302);
#11302 = CARTESIAN_POINT('',(97.5,-79.75,0.));
#11303 = CIRCLE('',#11304,1.5);
#11304 = AXIS2_PLACEMENT_3D('',#11305,#11306,#11307);
#11305 = CARTESIAN_POINT('',(97.5,-78.25,0.));
#11306 = DIRECTION('',(-0.,0.,-1.));
#11307 = DIRECTION('',(-0.,-1.,0.));
#11308 = FACE_BOUND('',#11309,.F.);
#11309 = EDGE_LOOP('',(#11310));
#11310 = ORIENTED_EDGE('',*,*,#11311,.T.);
#11311 = EDGE_CURVE('',#11312,#11312,#11314,.T.);
#11312 = VERTEX_POINT('',#11313);
#11313 = CARTESIAN_POINT('',(102.5,-81.95,0.));
#11314 = CIRCLE('',#11315,1.5);
#11315 = AXIS2_PLACEMENT_3D('',#11316,#11317,#11318);
#11316 = CARTESIAN_POINT('',(102.5,-80.45,0.));
#11317 = DIRECTION('',(-0.,0.,-1.));
#11318 = DIRECTION('',(-0.,-1.,0.));
#11319 = FACE_BOUND('',#11320,.F.);
#11320 = EDGE_LOOP('',(#11321));
#11321 = ORIENTED_EDGE('',*,*,#11322,.T.);
#11322 = EDGE_CURVE('',#11323,#11323,#11325,.T.);
#11323 = VERTEX_POINT('',#11324);
#11324 = CARTESIAN_POINT('',(72.,-75.3509,0.));
#11325 = CIRCLE('',#11326,0.8509);
#11326 = AXIS2_PLACEMENT_3D('',#11327,#11328,#11329);
#11327 = CARTESIAN_POINT('',(72.,-74.5,0.));
#11328 = DIRECTION('',(-0.,0.,-1.));
#11329 = DIRECTION('',(-0.,-1.,0.));
#11330 = FACE_BOUND('',#11331,.F.);
#11331 = EDGE_LOOP('',(#11332));
#11332 = ORIENTED_EDGE('',*,*,#11333,.T.);
#11333 = EDGE_CURVE('',#11334,#11334,#11336,.T.);
#11334 = VERTEX_POINT('',#11335);
#11335 = CARTESIAN_POINT('',(79.,-75.3509,0.));
#11336 = CIRCLE('',#11337,0.8509);
#11337 = AXIS2_PLACEMENT_3D('',#11338,#11339,#11340);
#11338 = CARTESIAN_POINT('',(79.,-74.5,0.));
#11339 = DIRECTION('',(-0.,0.,-1.));
#11340 = DIRECTION('',(-0.,-1.,0.));
#11341 = FACE_BOUND('',#11342,.F.);
#11342 = EDGE_LOOP('',(#11343));
#11343 = ORIENTED_EDGE('',*,*,#11344,.T.);
#11344 = EDGE_CURVE('',#11345,#11345,#11347,.T.);
#11345 = VERTEX_POINT('',#11346);
#11346 = CARTESIAN_POINT('',(84.5,-76.2145,0.));
#11347 = CIRCLE('',#11348,1.7145);
#11348 = AXIS2_PLACEMENT_3D('',#11349,#11350,#11351);
#11349 = CARTESIAN_POINT('',(84.5,-74.5,0.));
#11350 = DIRECTION('',(-0.,0.,-1.));
#11351 = DIRECTION('',(-0.,-1.,0.));
#11352 = FACE_BOUND('',#11353,.F.);
#11353 = EDGE_LOOP('',(#11354));
#11354 = ORIENTED_EDGE('',*,*,#11355,.T.);
#11355 = EDGE_CURVE('',#11356,#11356,#11358,.T.);
#11356 = VERTEX_POINT('',#11357);
#11357 = CARTESIAN_POINT('',(71.72,-70.7953,0.));
#11358 = CIRCLE('',#11359,0.4953);
#11359 = AXIS2_PLACEMENT_3D('',#11360,#11361,#11362);
#11360 = CARTESIAN_POINT('',(71.72,-70.3,0.));
#11361 = DIRECTION('',(-0.,0.,-1.));
#11362 = DIRECTION('',(-0.,-1.,0.));
#11363 = FACE_BOUND('',#11364,.F.);
#11364 = EDGE_LOOP('',(#11365));
#11365 = ORIENTED_EDGE('',*,*,#11366,.T.);
#11366 = EDGE_CURVE('',#11367,#11367,#11369,.T.);
#11367 = VERTEX_POINT('',#11368);
#11368 = CARTESIAN_POINT('',(90.,-75.3509,0.));
#11369 = CIRCLE('',#11370,0.8509);
#11370 = AXIS2_PLACEMENT_3D('',#11371,#11372,#11373);
#11371 = CARTESIAN_POINT('',(90.,-74.5,0.));
#11372 = DIRECTION('',(-0.,0.,-1.));
#11373 = DIRECTION('',(-0.,-1.,0.));
#11374 = FACE_BOUND('',#11375,.F.);
#11375 = EDGE_LOOP('',(#11376));
#11376 = ORIENTED_EDGE('',*,*,#11377,.T.);
#11377 = EDGE_CURVE('',#11378,#11378,#11380,.T.);
#11378 = VERTEX_POINT('',#11379);
#11379 = CARTESIAN_POINT('',(97.,-75.3509,0.));
#11380 = CIRCLE('',#11381,0.8509);
#11381 = AXIS2_PLACEMENT_3D('',#11382,#11383,#11384);
#11382 = CARTESIAN_POINT('',(97.,-74.5,0.));
#11383 = DIRECTION('',(-0.,0.,-1.));
#11384 = DIRECTION('',(-0.,-1.,0.));
#11385 = FACE_BOUND('',#11386,.F.);
#11386 = EDGE_LOOP('',(#11387));
#11387 = ORIENTED_EDGE('',*,*,#11388,.T.);
#11388 = EDGE_CURVE('',#11389,#11389,#11391,.T.);
#11389 = VERTEX_POINT('',#11390);
#11390 = CARTESIAN_POINT('',(102.5,-76.2145,0.));
#11391 = CIRCLE('',#11392,1.7145);
#11392 = AXIS2_PLACEMENT_3D('',#11393,#11394,#11395);
#11393 = CARTESIAN_POINT('',(102.5,-74.5,0.));
#11394 = DIRECTION('',(-0.,0.,-1.));
#11395 = DIRECTION('',(-0.,-1.,0.));
#11396 = FACE_BOUND('',#11397,.F.);
#11397 = EDGE_LOOP('',(#11398));
#11398 = ORIENTED_EDGE('',*,*,#11399,.T.);
#11399 = EDGE_CURVE('',#11400,#11400,#11402,.T.);
#11400 = VERTEX_POINT('',#11401);
#11401 = CARTESIAN_POINT('',(108.,-75.3509,0.));
#11402 = CIRCLE('',#11403,0.8509);
#11403 = AXIS2_PLACEMENT_3D('',#11404,#11405,#11406);
#11404 = CARTESIAN_POINT('',(108.,-74.5,0.));
#11405 = DIRECTION('',(-0.,0.,-1.));
#11406 = DIRECTION('',(-0.,-1.,0.));
#11407 = FACE_BOUND('',#11408,.F.);
#11408 = EDGE_LOOP('',(#11409));
#11409 = ORIENTED_EDGE('',*,*,#11410,.T.);
#11410 = EDGE_CURVE('',#11411,#11411,#11413,.T.);
#11411 = VERTEX_POINT('',#11412);
#11412 = CARTESIAN_POINT('',(89.72,-70.7953,0.));
#11413 = CIRCLE('',#11414,0.4953);
#11414 = AXIS2_PLACEMENT_3D('',#11415,#11416,#11417);
#11415 = CARTESIAN_POINT('',(89.72,-70.3,0.));
#11416 = DIRECTION('',(-0.,0.,-1.));
#11417 = DIRECTION('',(-0.,-1.,0.));
#11418 = FACE_BOUND('',#11419,.F.);
#11419 = EDGE_LOOP('',(#11420));
#11420 = ORIENTED_EDGE('',*,*,#11421,.T.);
#11421 = EDGE_CURVE('',#11422,#11422,#11424,.T.);
#11422 = VERTEX_POINT('',#11423);
#11423 = CARTESIAN_POINT('',(107.72,-70.7953,0.));
#11424 = CIRCLE('',#11425,0.4953);
#11425 = AXIS2_PLACEMENT_3D('',#11426,#11427,#11428);
#11426 = CARTESIAN_POINT('',(107.72,-70.3,0.));
#11427 = DIRECTION('',(-0.,0.,-1.));
#11428 = DIRECTION('',(-0.,-1.,0.));
#11429 = FACE_BOUND('',#11430,.F.);
#11430 = EDGE_LOOP('',(#11431));
#11431 = ORIENTED_EDGE('',*,*,#11432,.T.);
#11432 = EDGE_CURVE('',#11433,#11433,#11435,.T.);
#11433 = VERTEX_POINT('',#11434);
#11434 = CARTESIAN_POINT('',(30.5,-64.95,0.));
#11435 = CIRCLE('',#11436,1.5);
#11436 = AXIS2_PLACEMENT_3D('',#11437,#11438,#11439);
#11437 = CARTESIAN_POINT('',(30.5,-63.45,0.));
#11438 = DIRECTION('',(-0.,0.,-1.));
#11439 = DIRECTION('',(-0.,-1.,0.));
#11440 = FACE_BOUND('',#11441,.F.);
#11441 = EDGE_LOOP('',(#11442));
#11442 = ORIENTED_EDGE('',*,*,#11443,.T.);
#11443 = EDGE_CURVE('',#11444,#11444,#11446,.T.);
#11444 = VERTEX_POINT('',#11445);
#11445 = CARTESIAN_POINT('',(25.5,-62.75,0.));
#11446 = CIRCLE('',#11447,1.5);
#11447 = AXIS2_PLACEMENT_3D('',#11448,#11449,#11450);
#11448 = CARTESIAN_POINT('',(25.5,-61.25,0.));
#11449 = DIRECTION('',(-0.,0.,-1.));
#11450 = DIRECTION('',(-0.,-1.,0.));
#11451 = FACE_BOUND('',#11452,.F.);
#11452 = EDGE_LOOP('',(#11453));
#11453 = ORIENTED_EDGE('',*,*,#11454,.T.);
#11454 = EDGE_CURVE('',#11455,#11455,#11457,.T.);
#11455 = VERTEX_POINT('',#11456);
#11456 = CARTESIAN_POINT('',(43.5,-62.75,0.));
#11457 = CIRCLE('',#11458,1.5);
#11458 = AXIS2_PLACEMENT_3D('',#11459,#11460,#11461);
#11459 = CARTESIAN_POINT('',(43.5,-61.25,0.));
#11460 = DIRECTION('',(-0.,0.,-1.));
#11461 = DIRECTION('',(-0.,-1.,0.));
#11462 = FACE_BOUND('',#11463,.F.);
#11463 = EDGE_LOOP('',(#11464));
#11464 = ORIENTED_EDGE('',*,*,#11465,.T.);
#11465 = EDGE_CURVE('',#11466,#11466,#11468,.T.);
#11466 = VERTEX_POINT('',#11467);
#11467 = CARTESIAN_POINT('',(48.5,-64.95,0.));
#11468 = CIRCLE('',#11469,1.5);
#11469 = AXIS2_PLACEMENT_3D('',#11470,#11471,#11472);
#11470 = CARTESIAN_POINT('',(48.5,-63.45,0.));
#11471 = DIRECTION('',(-0.,0.,-1.));
#11472 = DIRECTION('',(-0.,-1.,0.));
#11473 = FACE_BOUND('',#11474,.F.);
#11474 = EDGE_LOOP('',(#11475));
#11475 = ORIENTED_EDGE('',*,*,#11476,.T.);
#11476 = EDGE_CURVE('',#11477,#11477,#11479,.T.);
#11477 = VERTEX_POINT('',#11478);
#11478 = CARTESIAN_POINT('',(66.5,-64.95,0.));
#11479 = CIRCLE('',#11480,1.5);
#11480 = AXIS2_PLACEMENT_3D('',#11481,#11482,#11483);
#11481 = CARTESIAN_POINT('',(66.5,-63.45,0.));
#11482 = DIRECTION('',(-0.,0.,-1.));
#11483 = DIRECTION('',(-0.,-1.,0.));
#11484 = FACE_BOUND('',#11485,.F.);
#11485 = EDGE_LOOP('',(#11486));
#11486 = ORIENTED_EDGE('',*,*,#11487,.T.);
#11487 = EDGE_CURVE('',#11488,#11488,#11490,.T.);
#11488 = VERTEX_POINT('',#11489);
#11489 = CARTESIAN_POINT('',(61.5,-62.75,0.));
#11490 = CIRCLE('',#11491,1.5);
#11491 = AXIS2_PLACEMENT_3D('',#11492,#11493,#11494);
#11492 = CARTESIAN_POINT('',(61.5,-61.25,0.));
#11493 = DIRECTION('',(-0.,0.,-1.));
#11494 = DIRECTION('',(-0.,-1.,0.));
#11495 = FACE_BOUND('',#11496,.F.);
#11496 = EDGE_LOOP('',(#11497));
#11497 = ORIENTED_EDGE('',*,*,#11498,.T.);
#11498 = EDGE_CURVE('',#11499,#11499,#11501,.T.);
#11499 = VERTEX_POINT('',#11500);
#11500 = CARTESIAN_POINT('',(25.,-58.3509,0.));
#11501 = CIRCLE('',#11502,0.8509);
#11502 = AXIS2_PLACEMENT_3D('',#11503,#11504,#11505);
#11503 = CARTESIAN_POINT('',(25.,-57.5,0.));
#11504 = DIRECTION('',(-0.,0.,-1.));
#11505 = DIRECTION('',(-0.,-1.,0.));
#11506 = FACE_BOUND('',#11507,.F.);
#11507 = EDGE_LOOP('',(#11508));
#11508 = ORIENTED_EDGE('',*,*,#11509,.T.);
#11509 = EDGE_CURVE('',#11510,#11510,#11512,.T.);
#11510 = VERTEX_POINT('',#11511);
#11511 = CARTESIAN_POINT('',(30.5,-59.2145,0.));
#11512 = CIRCLE('',#11513,1.7145);
#11513 = AXIS2_PLACEMENT_3D('',#11514,#11515,#11516);
#11514 = CARTESIAN_POINT('',(30.5,-57.5,0.));
#11515 = DIRECTION('',(-0.,0.,-1.));
#11516 = DIRECTION('',(-0.,-1.,0.));
#11517 = FACE_BOUND('',#11518,.F.);
#11518 = EDGE_LOOP('',(#11519));
#11519 = ORIENTED_EDGE('',*,*,#11520,.T.);
#11520 = EDGE_CURVE('',#11521,#11521,#11523,.T.);
#11521 = VERTEX_POINT('',#11522);
#11522 = CARTESIAN_POINT('',(36.,-58.3509,0.));
#11523 = CIRCLE('',#11524,0.8509);
#11524 = AXIS2_PLACEMENT_3D('',#11525,#11526,#11527);
#11525 = CARTESIAN_POINT('',(36.,-57.5,0.));
#11526 = DIRECTION('',(-0.,0.,-1.));
#11527 = DIRECTION('',(-0.,-1.,0.));
#11528 = FACE_BOUND('',#11529,.F.);
#11529 = EDGE_LOOP('',(#11530));
#11530 = ORIENTED_EDGE('',*,*,#11531,.T.);
#11531 = EDGE_CURVE('',#11532,#11532,#11534,.T.);
#11532 = VERTEX_POINT('',#11533);
#11533 = CARTESIAN_POINT('',(43.,-58.3509,0.));
#11534 = CIRCLE('',#11535,0.8509);
#11535 = AXIS2_PLACEMENT_3D('',#11536,#11537,#11538);
#11536 = CARTESIAN_POINT('',(43.,-57.5,0.));
#11537 = DIRECTION('',(-0.,0.,-1.));
#11538 = DIRECTION('',(-0.,-1.,0.));
#11539 = FACE_BOUND('',#11540,.F.);
#11540 = EDGE_LOOP('',(#11541));
#11541 = ORIENTED_EDGE('',*,*,#11542,.T.);
#11542 = EDGE_CURVE('',#11543,#11543,#11545,.T.);
#11543 = VERTEX_POINT('',#11544);
#11544 = CARTESIAN_POINT('',(35.72,-53.7953,0.));
#11545 = CIRCLE('',#11546,0.4953);
#11546 = AXIS2_PLACEMENT_3D('',#11547,#11548,#11549);
#11547 = CARTESIAN_POINT('',(35.72,-53.3,0.));
#11548 = DIRECTION('',(-0.,0.,-1.));
#11549 = DIRECTION('',(-0.,-1.,0.));
#11550 = FACE_BOUND('',#11551,.F.);
#11551 = EDGE_LOOP('',(#11552));
#11552 = ORIENTED_EDGE('',*,*,#11553,.T.);
#11553 = EDGE_CURVE('',#11554,#11554,#11556,.T.);
#11554 = VERTEX_POINT('',#11555);
#11555 = CARTESIAN_POINT('',(48.5,-59.2145,0.));
#11556 = CIRCLE('',#11557,1.7145);
#11557 = AXIS2_PLACEMENT_3D('',#11558,#11559,#11560);
#11558 = CARTESIAN_POINT('',(48.5,-57.5,0.));
#11559 = DIRECTION('',(-0.,0.,-1.));
#11560 = DIRECTION('',(-0.,-1.,0.));
#11561 = FACE_BOUND('',#11562,.F.);
#11562 = EDGE_LOOP('',(#11563));
#11563 = ORIENTED_EDGE('',*,*,#11564,.T.);
#11564 = EDGE_CURVE('',#11565,#11565,#11567,.T.);
#11565 = VERTEX_POINT('',#11566);
#11566 = CARTESIAN_POINT('',(54.,-58.3509,0.));
#11567 = CIRCLE('',#11568,0.8509);
#11568 = AXIS2_PLACEMENT_3D('',#11569,#11570,#11571);
#11569 = CARTESIAN_POINT('',(54.,-57.5,0.));
#11570 = DIRECTION('',(-0.,0.,-1.));
#11571 = DIRECTION('',(-0.,-1.,0.));
#11572 = FACE_BOUND('',#11573,.F.);
#11573 = EDGE_LOOP('',(#11574));
#11574 = ORIENTED_EDGE('',*,*,#11575,.T.);
#11575 = EDGE_CURVE('',#11576,#11576,#11578,.T.);
#11576 = VERTEX_POINT('',#11577);
#11577 = CARTESIAN_POINT('',(61.,-58.3509,0.));
#11578 = CIRCLE('',#11579,0.8509);
#11579 = AXIS2_PLACEMENT_3D('',#11580,#11581,#11582);
#11580 = CARTESIAN_POINT('',(61.,-57.5,0.));
#11581 = DIRECTION('',(-0.,0.,-1.));
#11582 = DIRECTION('',(-0.,-1.,0.));
#11583 = FACE_BOUND('',#11584,.F.);
#11584 = EDGE_LOOP('',(#11585));
#11585 = ORIENTED_EDGE('',*,*,#11586,.T.);
#11586 = EDGE_CURVE('',#11587,#11587,#11589,.T.);
#11587 = VERTEX_POINT('',#11588);
#11588 = CARTESIAN_POINT('',(66.5,-59.2145,0.));
#11589 = CIRCLE('',#11590,1.7145);
#11590 = AXIS2_PLACEMENT_3D('',#11591,#11592,#11593);
#11591 = CARTESIAN_POINT('',(66.5,-57.5,0.));
#11592 = DIRECTION('',(-0.,0.,-1.));
#11593 = DIRECTION('',(-0.,-1.,0.));
#11594 = FACE_BOUND('',#11595,.F.);
#11595 = EDGE_LOOP('',(#11596));
#11596 = ORIENTED_EDGE('',*,*,#11597,.T.);
#11597 = EDGE_CURVE('',#11598,#11598,#11600,.T.);
#11598 = VERTEX_POINT('',#11599);
#11599 = CARTESIAN_POINT('',(53.72,-53.7953,0.));
#11600 = CIRCLE('',#11601,0.4953);
#11601 = AXIS2_PLACEMENT_3D('',#11602,#11603,#11604);
#11602 = CARTESIAN_POINT('',(53.72,-53.3,0.));
#11603 = DIRECTION('',(-0.,0.,-1.));
#11604 = DIRECTION('',(-0.,-1.,0.));
#11605 = FACE_BOUND('',#11606,.F.);
#11606 = EDGE_LOOP('',(#11607));
#11607 = ORIENTED_EDGE('',*,*,#11608,.T.);
#11608 = EDGE_CURVE('',#11609,#11609,#11611,.T.);
#11609 = VERTEX_POINT('',#11610);
#11610 = CARTESIAN_POINT('',(84.5,-64.95,0.));
#11611 = CIRCLE('',#11612,1.5);
#11612 = AXIS2_PLACEMENT_3D('',#11613,#11614,#11615);
#11613 = CARTESIAN_POINT('',(84.5,-63.45,0.));
#11614 = DIRECTION('',(-0.,0.,-1.));
#11615 = DIRECTION('',(-0.,-1.,0.));
#11616 = FACE_BOUND('',#11617,.F.);
#11617 = EDGE_LOOP('',(#11618));
#11618 = ORIENTED_EDGE('',*,*,#11619,.T.);
#11619 = EDGE_CURVE('',#11620,#11620,#11622,.T.);
#11620 = VERTEX_POINT('',#11621);
#11621 = CARTESIAN_POINT('',(79.5,-62.75,0.));
#11622 = CIRCLE('',#11623,1.5);
#11623 = AXIS2_PLACEMENT_3D('',#11624,#11625,#11626);
#11624 = CARTESIAN_POINT('',(79.5,-61.25,0.));
#11625 = DIRECTION('',(-0.,0.,-1.));
#11626 = DIRECTION('',(-0.,-1.,0.));
#11627 = FACE_BOUND('',#11628,.F.);
#11628 = EDGE_LOOP('',(#11629));
#11629 = ORIENTED_EDGE('',*,*,#11630,.T.);
#11630 = EDGE_CURVE('',#11631,#11631,#11633,.T.);
#11631 = VERTEX_POINT('',#11632);
#11632 = CARTESIAN_POINT('',(97.5,-62.75,0.));
#11633 = CIRCLE('',#11634,1.5);
#11634 = AXIS2_PLACEMENT_3D('',#11635,#11636,#11637);
#11635 = CARTESIAN_POINT('',(97.5,-61.25,0.));
#11636 = DIRECTION('',(-0.,0.,-1.));
#11637 = DIRECTION('',(-0.,-1.,0.));
#11638 = FACE_BOUND('',#11639,.F.);
#11639 = EDGE_LOOP('',(#11640));
#11640 = ORIENTED_EDGE('',*,*,#11641,.T.);
#11641 = EDGE_CURVE('',#11642,#11642,#11644,.T.);
#11642 = VERTEX_POINT('',#11643);
#11643 = CARTESIAN_POINT('',(102.5,-64.95,0.));
#11644 = CIRCLE('',#11645,1.5);
#11645 = AXIS2_PLACEMENT_3D('',#11646,#11647,#11648);
#11646 = CARTESIAN_POINT('',(102.5,-63.45,0.));
#11647 = DIRECTION('',(-0.,0.,-1.));
#11648 = DIRECTION('',(-0.,-1.,0.));
#11649 = FACE_BOUND('',#11650,.F.);
#11650 = EDGE_LOOP('',(#11651));
#11651 = ORIENTED_EDGE('',*,*,#11652,.T.);
#11652 = EDGE_CURVE('',#11653,#11653,#11655,.T.);
#11653 = VERTEX_POINT('',#11654);
#11654 = CARTESIAN_POINT('',(72.,-58.3509,0.));
#11655 = CIRCLE('',#11656,0.8509);
#11656 = AXIS2_PLACEMENT_3D('',#11657,#11658,#11659);
#11657 = CARTESIAN_POINT('',(72.,-57.5,0.));
#11658 = DIRECTION('',(-0.,0.,-1.));
#11659 = DIRECTION('',(-0.,-1.,0.));
#11660 = FACE_BOUND('',#11661,.F.);
#11661 = EDGE_LOOP('',(#11662));
#11662 = ORIENTED_EDGE('',*,*,#11663,.T.);
#11663 = EDGE_CURVE('',#11664,#11664,#11666,.T.);
#11664 = VERTEX_POINT('',#11665);
#11665 = CARTESIAN_POINT('',(79.,-58.3509,0.));
#11666 = CIRCLE('',#11667,0.8509);
#11667 = AXIS2_PLACEMENT_3D('',#11668,#11669,#11670);
#11668 = CARTESIAN_POINT('',(79.,-57.5,0.));
#11669 = DIRECTION('',(-0.,0.,-1.));
#11670 = DIRECTION('',(-0.,-1.,0.));
#11671 = FACE_BOUND('',#11672,.F.);
#11672 = EDGE_LOOP('',(#11673));
#11673 = ORIENTED_EDGE('',*,*,#11674,.T.);
#11674 = EDGE_CURVE('',#11675,#11675,#11677,.T.);
#11675 = VERTEX_POINT('',#11676);
#11676 = CARTESIAN_POINT('',(84.5,-59.2145,0.));
#11677 = CIRCLE('',#11678,1.7145);
#11678 = AXIS2_PLACEMENT_3D('',#11679,#11680,#11681);
#11679 = CARTESIAN_POINT('',(84.5,-57.5,0.));
#11680 = DIRECTION('',(-0.,0.,-1.));
#11681 = DIRECTION('',(-0.,-1.,0.));
#11682 = FACE_BOUND('',#11683,.F.);
#11683 = EDGE_LOOP('',(#11684));
#11684 = ORIENTED_EDGE('',*,*,#11685,.T.);
#11685 = EDGE_CURVE('',#11686,#11686,#11688,.T.);
#11686 = VERTEX_POINT('',#11687);
#11687 = CARTESIAN_POINT('',(71.72,-53.7953,0.));
#11688 = CIRCLE('',#11689,0.4953);
#11689 = AXIS2_PLACEMENT_3D('',#11690,#11691,#11692);
#11690 = CARTESIAN_POINT('',(71.72,-53.3,0.));
#11691 = DIRECTION('',(-0.,0.,-1.));
#11692 = DIRECTION('',(-0.,-1.,0.));
#11693 = FACE_BOUND('',#11694,.F.);
#11694 = EDGE_LOOP('',(#11695));
#11695 = ORIENTED_EDGE('',*,*,#11696,.T.);
#11696 = EDGE_CURVE('',#11697,#11697,#11699,.T.);
#11697 = VERTEX_POINT('',#11698);
#11698 = CARTESIAN_POINT('',(90.,-58.3509,0.));
#11699 = CIRCLE('',#11700,0.8509);
#11700 = AXIS2_PLACEMENT_3D('',#11701,#11702,#11703);
#11701 = CARTESIAN_POINT('',(90.,-57.5,0.));
#11702 = DIRECTION('',(-0.,0.,-1.));
#11703 = DIRECTION('',(-0.,-1.,0.));
#11704 = FACE_BOUND('',#11705,.F.);
#11705 = EDGE_LOOP('',(#11706));
#11706 = ORIENTED_EDGE('',*,*,#11707,.T.);
#11707 = EDGE_CURVE('',#11708,#11708,#11710,.T.);
#11708 = VERTEX_POINT('',#11709);
#11709 = CARTESIAN_POINT('',(97.,-58.3509,0.));
#11710 = CIRCLE('',#11711,0.8509);
#11711 = AXIS2_PLACEMENT_3D('',#11712,#11713,#11714);
#11712 = CARTESIAN_POINT('',(97.,-57.5,0.));
#11713 = DIRECTION('',(-0.,0.,-1.));
#11714 = DIRECTION('',(-0.,-1.,0.));
#11715 = FACE_BOUND('',#11716,.F.);
#11716 = EDGE_LOOP('',(#11717));
#11717 = ORIENTED_EDGE('',*,*,#11718,.T.);
#11718 = EDGE_CURVE('',#11719,#11719,#11721,.T.);
#11719 = VERTEX_POINT('',#11720);
#11720 = CARTESIAN_POINT('',(102.5,-59.2145,0.));
#11721 = CIRCLE('',#11722,1.7145);
#11722 = AXIS2_PLACEMENT_3D('',#11723,#11724,#11725);
#11723 = CARTESIAN_POINT('',(102.5,-57.5,0.));
#11724 = DIRECTION('',(-0.,0.,-1.));
#11725 = DIRECTION('',(-0.,-1.,0.));
#11726 = FACE_BOUND('',#11727,.F.);
#11727 = EDGE_LOOP('',(#11728));
#11728 = ORIENTED_EDGE('',*,*,#11729,.T.);
#11729 = EDGE_CURVE('',#11730,#11730,#11732,.T.);
#11730 = VERTEX_POINT('',#11731);
#11731 = CARTESIAN_POINT('',(108.,-58.3509,0.));
#11732 = CIRCLE('',#11733,0.8509);
#11733 = AXIS2_PLACEMENT_3D('',#11734,#11735,#11736);
#11734 = CARTESIAN_POINT('',(108.,-57.5,0.));
#11735 = DIRECTION('',(-0.,0.,-1.));
#11736 = DIRECTION('',(-0.,-1.,0.));
#11737 = FACE_BOUND('',#11738,.F.);
#11738 = EDGE_LOOP('',(#11739));
#11739 = ORIENTED_EDGE('',*,*,#11740,.T.);
#11740 = EDGE_CURVE('',#11741,#11741,#11743,.T.);
#11741 = VERTEX_POINT('',#11742);
#11742 = CARTESIAN_POINT('',(89.72,-53.7953,0.));
#11743 = CIRCLE('',#11744,0.4953);
#11744 = AXIS2_PLACEMENT_3D('',#11745,#11746,#11747);
#11745 = CARTESIAN_POINT('',(89.72,-53.3,0.));
#11746 = DIRECTION('',(-0.,0.,-1.));
#11747 = DIRECTION('',(-0.,-1.,0.));
#11748 = FACE_BOUND('',#11749,.F.);
#11749 = EDGE_LOOP('',(#11750));
#11750 = ORIENTED_EDGE('',*,*,#11751,.T.);
#11751 = EDGE_CURVE('',#11752,#11752,#11754,.T.);
#11752 = VERTEX_POINT('',#11753);
#11753 = CARTESIAN_POINT('',(107.72,-53.7953,0.));
#11754 = CIRCLE('',#11755,0.4953);
#11755 = AXIS2_PLACEMENT_3D('',#11756,#11757,#11758);
#11756 = CARTESIAN_POINT('',(107.72,-53.3,0.));
#11757 = DIRECTION('',(-0.,0.,-1.));
#11758 = DIRECTION('',(-0.,-1.,0.));
#11759 = FACE_BOUND('',#11760,.F.);
#11760 = EDGE_LOOP('',(#11761));
#11761 = ORIENTED_EDGE('',*,*,#11762,.T.);
#11762 = EDGE_CURVE('',#11763,#11763,#11765,.T.);
#11763 = VERTEX_POINT('',#11764);
#11764 = CARTESIAN_POINT('',(120.5,-81.95,0.));
#11765 = CIRCLE('',#11766,1.5);
#11766 = AXIS2_PLACEMENT_3D('',#11767,#11768,#11769);
#11767 = CARTESIAN_POINT('',(120.5,-80.45,0.));
#11768 = DIRECTION('',(-0.,0.,-1.));
#11769 = DIRECTION('',(-0.,-1.,0.));
#11770 = FACE_BOUND('',#11771,.F.);
#11771 = EDGE_LOOP('',(#11772));
#11772 = ORIENTED_EDGE('',*,*,#11773,.T.);
#11773 = EDGE_CURVE('',#11774,#11774,#11776,.T.);
#11774 = VERTEX_POINT('',#11775);
#11775 = CARTESIAN_POINT('',(115.5,-79.75,0.));
#11776 = CIRCLE('',#11777,1.5);
#11777 = AXIS2_PLACEMENT_3D('',#11778,#11779,#11780);
#11778 = CARTESIAN_POINT('',(115.5,-78.25,0.));
#11779 = DIRECTION('',(-0.,0.,-1.));
#11780 = DIRECTION('',(-0.,-1.,0.));
#11781 = FACE_BOUND('',#11782,.F.);
#11782 = EDGE_LOOP('',(#11783));
#11783 = ORIENTED_EDGE('',*,*,#11784,.T.);
#11784 = EDGE_CURVE('',#11785,#11785,#11787,.T.);
#11785 = VERTEX_POINT('',#11786);
#11786 = CARTESIAN_POINT('',(138.5,-81.95,0.));
#11787 = CIRCLE('',#11788,1.5);
#11788 = AXIS2_PLACEMENT_3D('',#11789,#11790,#11791);
#11789 = CARTESIAN_POINT('',(138.5,-80.45,0.));
#11790 = DIRECTION('',(-0.,0.,-1.));
#11791 = DIRECTION('',(-0.,-1.,0.));
#11792 = FACE_BOUND('',#11793,.F.);
#11793 = EDGE_LOOP('',(#11794));
#11794 = ORIENTED_EDGE('',*,*,#11795,.T.);
#11795 = EDGE_CURVE('',#11796,#11796,#11798,.T.);
#11796 = VERTEX_POINT('',#11797);
#11797 = CARTESIAN_POINT('',(133.5,-79.75,0.));
#11798 = CIRCLE('',#11799,1.5);
#11799 = AXIS2_PLACEMENT_3D('',#11800,#11801,#11802);
#11800 = CARTESIAN_POINT('',(133.5,-78.25,0.));
#11801 = DIRECTION('',(-0.,0.,-1.));
#11802 = DIRECTION('',(-0.,-1.,0.));
#11803 = FACE_BOUND('',#11804,.F.);
#11804 = EDGE_LOOP('',(#11805));
#11805 = ORIENTED_EDGE('',*,*,#11806,.T.);
#11806 = EDGE_CURVE('',#11807,#11807,#11809,.T.);
#11807 = VERTEX_POINT('',#11808);
#11808 = CARTESIAN_POINT('',(151.5,-79.75,0.));
#11809 = CIRCLE('',#11810,1.5);
#11810 = AXIS2_PLACEMENT_3D('',#11811,#11812,#11813);
#11811 = CARTESIAN_POINT('',(151.5,-78.25,0.));
#11812 = DIRECTION('',(-0.,0.,-1.));
#11813 = DIRECTION('',(-0.,-1.,0.));
#11814 = FACE_BOUND('',#11815,.F.);
#11815 = EDGE_LOOP('',(#11816));
#11816 = ORIENTED_EDGE('',*,*,#11817,.T.);
#11817 = EDGE_CURVE('',#11818,#11818,#11820,.T.);
#11818 = VERTEX_POINT('',#11819);
#11819 = CARTESIAN_POINT('',(115.,-75.3509,0.));
#11820 = CIRCLE('',#11821,0.8509);
#11821 = AXIS2_PLACEMENT_3D('',#11822,#11823,#11824);
#11822 = CARTESIAN_POINT('',(115.,-74.5,0.));
#11823 = DIRECTION('',(-0.,0.,-1.));
#11824 = DIRECTION('',(-0.,-1.,0.));
#11825 = FACE_BOUND('',#11826,.F.);
#11826 = EDGE_LOOP('',(#11827));
#11827 = ORIENTED_EDGE('',*,*,#11828,.T.);
#11828 = EDGE_CURVE('',#11829,#11829,#11831,.T.);
#11829 = VERTEX_POINT('',#11830);
#11830 = CARTESIAN_POINT('',(120.5,-76.2145,0.));
#11831 = CIRCLE('',#11832,1.7145);
#11832 = AXIS2_PLACEMENT_3D('',#11833,#11834,#11835);
#11833 = CARTESIAN_POINT('',(120.5,-74.5,0.));
#11834 = DIRECTION('',(-0.,0.,-1.));
#11835 = DIRECTION('',(-0.,-1.,0.));
#11836 = FACE_BOUND('',#11837,.F.);
#11837 = EDGE_LOOP('',(#11838));
#11838 = ORIENTED_EDGE('',*,*,#11839,.T.);
#11839 = EDGE_CURVE('',#11840,#11840,#11842,.T.);
#11840 = VERTEX_POINT('',#11841);
#11841 = CARTESIAN_POINT('',(126.,-75.3509,0.));
#11842 = CIRCLE('',#11843,0.8509);
#11843 = AXIS2_PLACEMENT_3D('',#11844,#11845,#11846);
#11844 = CARTESIAN_POINT('',(126.,-74.5,0.));
#11845 = DIRECTION('',(-0.,0.,-1.));
#11846 = DIRECTION('',(-0.,-1.,0.));
#11847 = FACE_BOUND('',#11848,.F.);
#11848 = EDGE_LOOP('',(#11849));
#11849 = ORIENTED_EDGE('',*,*,#11850,.T.);
#11850 = EDGE_CURVE('',#11851,#11851,#11853,.T.);
#11851 = VERTEX_POINT('',#11852);
#11852 = CARTESIAN_POINT('',(133.,-75.3509,0.));
#11853 = CIRCLE('',#11854,0.8509);
#11854 = AXIS2_PLACEMENT_3D('',#11855,#11856,#11857);
#11855 = CARTESIAN_POINT('',(133.,-74.5,0.));
#11856 = DIRECTION('',(-0.,0.,-1.));
#11857 = DIRECTION('',(-0.,-1.,0.));
#11858 = FACE_BOUND('',#11859,.F.);
#11859 = EDGE_LOOP('',(#11860));
#11860 = ORIENTED_EDGE('',*,*,#11861,.T.);
#11861 = EDGE_CURVE('',#11862,#11862,#11864,.T.);
#11862 = VERTEX_POINT('',#11863);
#11863 = CARTESIAN_POINT('',(125.72,-70.7953,0.));
#11864 = CIRCLE('',#11865,0.4953);
#11865 = AXIS2_PLACEMENT_3D('',#11866,#11867,#11868);
#11866 = CARTESIAN_POINT('',(125.72,-70.3,0.));
#11867 = DIRECTION('',(-0.,0.,-1.));
#11868 = DIRECTION('',(-0.,-1.,0.));
#11869 = FACE_BOUND('',#11870,.F.);
#11870 = EDGE_LOOP('',(#11871));
#11871 = ORIENTED_EDGE('',*,*,#11872,.T.);
#11872 = EDGE_CURVE('',#11873,#11873,#11875,.T.);
#11873 = VERTEX_POINT('',#11874);
#11874 = CARTESIAN_POINT('',(138.5,-76.2145,0.));
#11875 = CIRCLE('',#11876,1.7145);
#11876 = AXIS2_PLACEMENT_3D('',#11877,#11878,#11879);
#11877 = CARTESIAN_POINT('',(138.5,-74.5,0.));
#11878 = DIRECTION('',(-0.,0.,-1.));
#11879 = DIRECTION('',(-0.,-1.,0.));
#11880 = FACE_BOUND('',#11881,.F.);
#11881 = EDGE_LOOP('',(#11882));
#11882 = ORIENTED_EDGE('',*,*,#11883,.T.);
#11883 = EDGE_CURVE('',#11884,#11884,#11886,.T.);
#11884 = VERTEX_POINT('',#11885);
#11885 = CARTESIAN_POINT('',(144.,-75.3509,0.));
#11886 = CIRCLE('',#11887,0.8509);
#11887 = AXIS2_PLACEMENT_3D('',#11888,#11889,#11890);
#11888 = CARTESIAN_POINT('',(144.,-74.5,0.));
#11889 = DIRECTION('',(-0.,0.,-1.));
#11890 = DIRECTION('',(-0.,-1.,0.));
#11891 = FACE_BOUND('',#11892,.F.);
#11892 = EDGE_LOOP('',(#11893));
#11893 = ORIENTED_EDGE('',*,*,#11894,.T.);
#11894 = EDGE_CURVE('',#11895,#11895,#11897,.T.);
#11895 = VERTEX_POINT('',#11896);
#11896 = CARTESIAN_POINT('',(151.,-75.3509,0.));
#11897 = CIRCLE('',#11898,0.8509);
#11898 = AXIS2_PLACEMENT_3D('',#11899,#11900,#11901);
#11899 = CARTESIAN_POINT('',(151.,-74.5,0.));
#11900 = DIRECTION('',(-0.,0.,-1.));
#11901 = DIRECTION('',(-0.,-1.,0.));
#11902 = FACE_BOUND('',#11903,.F.);
#11903 = EDGE_LOOP('',(#11904));
#11904 = ORIENTED_EDGE('',*,*,#11905,.T.);
#11905 = EDGE_CURVE('',#11906,#11906,#11908,.T.);
#11906 = VERTEX_POINT('',#11907);
#11907 = CARTESIAN_POINT('',(143.72,-70.7953,0.));
#11908 = CIRCLE('',#11909,0.4953);
#11909 = AXIS2_PLACEMENT_3D('',#11910,#11911,#11912);
#11910 = CARTESIAN_POINT('',(143.72,-70.3,0.));
#11911 = DIRECTION('',(-0.,0.,-1.));
#11912 = DIRECTION('',(-5.738281734385E-14,-1.,0.));
#11913 = FACE_BOUND('',#11914,.F.);
#11914 = EDGE_LOOP('',(#11915));
#11915 = ORIENTED_EDGE('',*,*,#11916,.T.);
#11916 = EDGE_CURVE('',#11917,#11917,#11919,.T.);
#11917 = VERTEX_POINT('',#11918);
#11918 = CARTESIAN_POINT('',(156.5,-81.95,0.));
#11919 = CIRCLE('',#11920,1.5);
#11920 = AXIS2_PLACEMENT_3D('',#11921,#11922,#11923);
#11921 = CARTESIAN_POINT('',(156.5,-80.45,0.));
#11922 = DIRECTION('',(-0.,0.,-1.));
#11923 = DIRECTION('',(-0.,-1.,0.));
#11924 = FACE_BOUND('',#11925,.F.);
#11925 = EDGE_LOOP('',(#11926));
#11926 = ORIENTED_EDGE('',*,*,#11927,.T.);
#11927 = EDGE_CURVE('',#11928,#11928,#11930,.T.);
#11928 = VERTEX_POINT('',#11929);
#11929 = CARTESIAN_POINT('',(174.5,-81.95,0.));
#11930 = CIRCLE('',#11931,1.5);
#11931 = AXIS2_PLACEMENT_3D('',#11932,#11933,#11934);
#11932 = CARTESIAN_POINT('',(174.5,-80.45,0.));
#11933 = DIRECTION('',(-0.,0.,-1.));
#11934 = DIRECTION('',(-0.,-1.,0.));
#11935 = FACE_BOUND('',#11936,.F.);
#11936 = EDGE_LOOP('',(#11937));
#11937 = ORIENTED_EDGE('',*,*,#11938,.T.);
#11938 = EDGE_CURVE('',#11939,#11939,#11941,.T.);
#11939 = VERTEX_POINT('',#11940);
#11940 = CARTESIAN_POINT('',(169.5,-79.75,0.));
#11941 = CIRCLE('',#11942,1.5);
#11942 = AXIS2_PLACEMENT_3D('',#11943,#11944,#11945);
#11943 = CARTESIAN_POINT('',(169.5,-78.25,0.));
#11944 = DIRECTION('',(-0.,0.,-1.));
#11945 = DIRECTION('',(-0.,-1.,0.));
#11946 = FACE_BOUND('',#11947,.F.);
#11947 = EDGE_LOOP('',(#11948));
#11948 = ORIENTED_EDGE('',*,*,#11949,.T.);
#11949 = EDGE_CURVE('',#11950,#11950,#11952,.T.);
#11950 = VERTEX_POINT('',#11951);
#11951 = CARTESIAN_POINT('',(187.5,-79.75,0.));
#11952 = CIRCLE('',#11953,1.5);
#11953 = AXIS2_PLACEMENT_3D('',#11954,#11955,#11956);
#11954 = CARTESIAN_POINT('',(187.5,-78.25,0.));
#11955 = DIRECTION('',(-0.,0.,-1.));
#11956 = DIRECTION('',(-0.,-1.,0.));
#11957 = FACE_BOUND('',#11958,.F.);
#11958 = EDGE_LOOP('',(#11959));
#11959 = ORIENTED_EDGE('',*,*,#11960,.T.);
#11960 = EDGE_CURVE('',#11961,#11961,#11963,.T.);
#11961 = VERTEX_POINT('',#11962);
#11962 = CARTESIAN_POINT('',(192.5,-81.95,0.));
#11963 = CIRCLE('',#11964,1.5);
#11964 = AXIS2_PLACEMENT_3D('',#11965,#11966,#11967);
#11965 = CARTESIAN_POINT('',(192.5,-80.45,0.));
#11966 = DIRECTION('',(-0.,0.,-1.));
#11967 = DIRECTION('',(-0.,-1.,0.));
#11968 = FACE_BOUND('',#11969,.F.);
#11969 = EDGE_LOOP('',(#11970));
#11970 = ORIENTED_EDGE('',*,*,#11971,.T.);
#11971 = EDGE_CURVE('',#11972,#11972,#11974,.T.);
#11972 = VERTEX_POINT('',#11973);
#11973 = CARTESIAN_POINT('',(156.5,-76.2145,0.));
#11974 = CIRCLE('',#11975,1.7145);
#11975 = AXIS2_PLACEMENT_3D('',#11976,#11977,#11978);
#11976 = CARTESIAN_POINT('',(156.5,-74.5,0.));
#11977 = DIRECTION('',(-0.,0.,-1.));
#11978 = DIRECTION('',(-0.,-1.,0.));
#11979 = FACE_BOUND('',#11980,.F.);
#11980 = EDGE_LOOP('',(#11981));
#11981 = ORIENTED_EDGE('',*,*,#11982,.T.);
#11982 = EDGE_CURVE('',#11983,#11983,#11985,.T.);
#11983 = VERTEX_POINT('',#11984);
#11984 = CARTESIAN_POINT('',(162.,-75.3509,0.));
#11985 = CIRCLE('',#11986,0.8509);
#11986 = AXIS2_PLACEMENT_3D('',#11987,#11988,#11989);
#11987 = CARTESIAN_POINT('',(162.,-74.5,0.));
#11988 = DIRECTION('',(-0.,0.,-1.));
#11989 = DIRECTION('',(-0.,-1.,0.));
#11990 = FACE_BOUND('',#11991,.F.);
#11991 = EDGE_LOOP('',(#11992));
#11992 = ORIENTED_EDGE('',*,*,#11993,.T.);
#11993 = EDGE_CURVE('',#11994,#11994,#11996,.T.);
#11994 = VERTEX_POINT('',#11995);
#11995 = CARTESIAN_POINT('',(169.,-75.3509,0.));
#11996 = CIRCLE('',#11997,0.8509);
#11997 = AXIS2_PLACEMENT_3D('',#11998,#11999,#12000);
#11998 = CARTESIAN_POINT('',(169.,-74.5,0.));
#11999 = DIRECTION('',(-0.,0.,-1.));
#12000 = DIRECTION('',(-0.,-1.,0.));
#12001 = FACE_BOUND('',#12002,.F.);
#12002 = EDGE_LOOP('',(#12003));
#12003 = ORIENTED_EDGE('',*,*,#12004,.T.);
#12004 = EDGE_CURVE('',#12005,#12005,#12007,.T.);
#12005 = VERTEX_POINT('',#12006);
#12006 = CARTESIAN_POINT('',(174.5,-76.2145,0.));
#12007 = CIRCLE('',#12008,1.7145);
#12008 = AXIS2_PLACEMENT_3D('',#12009,#12010,#12011);
#12009 = CARTESIAN_POINT('',(174.5,-74.5,0.));
#12010 = DIRECTION('',(-0.,0.,-1.));
#12011 = DIRECTION('',(-0.,-1.,0.));
#12012 = FACE_BOUND('',#12013,.F.);
#12013 = EDGE_LOOP('',(#12014));
#12014 = ORIENTED_EDGE('',*,*,#12015,.T.);
#12015 = EDGE_CURVE('',#12016,#12016,#12018,.T.);
#12016 = VERTEX_POINT('',#12017);
#12017 = CARTESIAN_POINT('',(161.72,-70.7953,0.));
#12018 = CIRCLE('',#12019,0.4953);
#12019 = AXIS2_PLACEMENT_3D('',#12020,#12021,#12022);
#12020 = CARTESIAN_POINT('',(161.72,-70.3,0.));
#12021 = DIRECTION('',(-0.,0.,-1.));
#12022 = DIRECTION('',(-5.738281734385E-14,-1.,0.));
#12023 = FACE_BOUND('',#12024,.F.);
#12024 = EDGE_LOOP('',(#12025));
#12025 = ORIENTED_EDGE('',*,*,#12026,.T.);
#12026 = EDGE_CURVE('',#12027,#12027,#12029,.T.);
#12027 = VERTEX_POINT('',#12028);
#12028 = CARTESIAN_POINT('',(180.,-75.3509,0.));
#12029 = CIRCLE('',#12030,0.8509);
#12030 = AXIS2_PLACEMENT_3D('',#12031,#12032,#12033);
#12031 = CARTESIAN_POINT('',(180.,-74.5,0.));
#12032 = DIRECTION('',(-0.,0.,-1.));
#12033 = DIRECTION('',(-0.,-1.,0.));
#12034 = FACE_BOUND('',#12035,.F.);
#12035 = EDGE_LOOP('',(#12036));
#12036 = ORIENTED_EDGE('',*,*,#12037,.T.);
#12037 = EDGE_CURVE('',#12038,#12038,#12040,.T.);
#12038 = VERTEX_POINT('',#12039);
#12039 = CARTESIAN_POINT('',(187.,-75.3509,0.));
#12040 = CIRCLE('',#12041,0.8509);
#12041 = AXIS2_PLACEMENT_3D('',#12042,#12043,#12044);
#12042 = CARTESIAN_POINT('',(187.,-74.5,0.));
#12043 = DIRECTION('',(-0.,0.,-1.));
#12044 = DIRECTION('',(-0.,-1.,0.));
#12045 = FACE_BOUND('',#12046,.F.);
#12046 = EDGE_LOOP('',(#12047));
#12047 = ORIENTED_EDGE('',*,*,#12048,.T.);
#12048 = EDGE_CURVE('',#12049,#12049,#12051,.T.);
#12049 = VERTEX_POINT('',#12050);
#12050 = CARTESIAN_POINT('',(192.5,-76.2145,0.));
#12051 = CIRCLE('',#12052,1.7145);
#12052 = AXIS2_PLACEMENT_3D('',#12053,#12054,#12055);
#12053 = CARTESIAN_POINT('',(192.5,-74.5,0.));
#12054 = DIRECTION('',(-0.,0.,-1.));
#12055 = DIRECTION('',(-0.,-1.,0.));
#12056 = FACE_BOUND('',#12057,.F.);
#12057 = EDGE_LOOP('',(#12058));
#12058 = ORIENTED_EDGE('',*,*,#12059,.T.);
#12059 = EDGE_CURVE('',#12060,#12060,#12062,.T.);
#12060 = VERTEX_POINT('',#12061);
#12061 = CARTESIAN_POINT('',(198.,-75.3509,0.));
#12062 = CIRCLE('',#12063,0.8509);
#12063 = AXIS2_PLACEMENT_3D('',#12064,#12065,#12066);
#12064 = CARTESIAN_POINT('',(198.,-74.5,0.));
#12065 = DIRECTION('',(-0.,0.,-1.));
#12066 = DIRECTION('',(-0.,-1.,0.));
#12067 = FACE_BOUND('',#12068,.F.);
#12068 = EDGE_LOOP('',(#12069));
#12069 = ORIENTED_EDGE('',*,*,#12070,.T.);
#12070 = EDGE_CURVE('',#12071,#12071,#12073,.T.);
#12071 = VERTEX_POINT('',#12072);
#12072 = CARTESIAN_POINT('',(179.72,-70.7953,0.));
#12073 = CIRCLE('',#12074,0.4953);
#12074 = AXIS2_PLACEMENT_3D('',#12075,#12076,#12077);
#12075 = CARTESIAN_POINT('',(179.72,-70.3,0.));
#12076 = DIRECTION('',(-0.,0.,-1.));
#12077 = DIRECTION('',(-5.738281734385E-14,-1.,0.));
#12078 = FACE_BOUND('',#12079,.F.);
#12079 = EDGE_LOOP('',(#12080));
#12080 = ORIENTED_EDGE('',*,*,#12081,.T.);
#12081 = EDGE_CURVE('',#12082,#12082,#12084,.T.);
#12082 = VERTEX_POINT('',#12083);
#12083 = CARTESIAN_POINT('',(197.72,-70.7953,0.));
#12084 = CIRCLE('',#12085,0.4953);
#12085 = AXIS2_PLACEMENT_3D('',#12086,#12087,#12088);
#12086 = CARTESIAN_POINT('',(197.72,-70.3,0.));
#12087 = DIRECTION('',(-0.,0.,-1.));
#12088 = DIRECTION('',(-5.738281734385E-14,-1.,0.));
#12089 = FACE_BOUND('',#12090,.F.);
#12090 = EDGE_LOOP('',(#12091));
#12091 = ORIENTED_EDGE('',*,*,#12092,.T.);
#12092 = EDGE_CURVE('',#12093,#12093,#12095,.T.);
#12093 = VERTEX_POINT('',#12094);
#12094 = CARTESIAN_POINT('',(120.5,-64.95,0.));
#12095 = CIRCLE('',#12096,1.5);
#12096 = AXIS2_PLACEMENT_3D('',#12097,#12098,#12099);
#12097 = CARTESIAN_POINT('',(120.5,-63.45,0.));
#12098 = DIRECTION('',(-0.,0.,-1.));
#12099 = DIRECTION('',(-0.,-1.,0.));
#12100 = FACE_BOUND('',#12101,.F.);
#12101 = EDGE_LOOP('',(#12102));
#12102 = ORIENTED_EDGE('',*,*,#12103,.T.);
#12103 = EDGE_CURVE('',#12104,#12104,#12106,.T.);
#12104 = VERTEX_POINT('',#12105);
#12105 = CARTESIAN_POINT('',(115.5,-62.75,0.));
#12106 = CIRCLE('',#12107,1.5);
#12107 = AXIS2_PLACEMENT_3D('',#12108,#12109,#12110);
#12108 = CARTESIAN_POINT('',(115.5,-61.25,0.));
#12109 = DIRECTION('',(-0.,0.,-1.));
#12110 = DIRECTION('',(-0.,-1.,0.));
#12111 = FACE_BOUND('',#12112,.F.);
#12112 = EDGE_LOOP('',(#12113));
#12113 = ORIENTED_EDGE('',*,*,#12114,.T.);
#12114 = EDGE_CURVE('',#12115,#12115,#12117,.T.);
#12115 = VERTEX_POINT('',#12116);
#12116 = CARTESIAN_POINT('',(138.5,-64.95,0.));
#12117 = CIRCLE('',#12118,1.5);
#12118 = AXIS2_PLACEMENT_3D('',#12119,#12120,#12121);
#12119 = CARTESIAN_POINT('',(138.5,-63.45,0.));
#12120 = DIRECTION('',(-0.,0.,-1.));
#12121 = DIRECTION('',(-0.,-1.,0.));
#12122 = FACE_BOUND('',#12123,.F.);
#12123 = EDGE_LOOP('',(#12124));
#12124 = ORIENTED_EDGE('',*,*,#12125,.T.);
#12125 = EDGE_CURVE('',#12126,#12126,#12128,.T.);
#12126 = VERTEX_POINT('',#12127);
#12127 = CARTESIAN_POINT('',(133.5,-62.75,0.));
#12128 = CIRCLE('',#12129,1.5);
#12129 = AXIS2_PLACEMENT_3D('',#12130,#12131,#12132);
#12130 = CARTESIAN_POINT('',(133.5,-61.25,0.));
#12131 = DIRECTION('',(-0.,0.,-1.));
#12132 = DIRECTION('',(-0.,-1.,0.));
#12133 = FACE_BOUND('',#12134,.F.);
#12134 = EDGE_LOOP('',(#12135));
#12135 = ORIENTED_EDGE('',*,*,#12136,.T.);
#12136 = EDGE_CURVE('',#12137,#12137,#12139,.T.);
#12137 = VERTEX_POINT('',#12138);
#12138 = CARTESIAN_POINT('',(151.5,-62.75,0.));
#12139 = CIRCLE('',#12140,1.5);
#12140 = AXIS2_PLACEMENT_3D('',#12141,#12142,#12143);
#12141 = CARTESIAN_POINT('',(151.5,-61.25,0.));
#12142 = DIRECTION('',(-0.,0.,-1.));
#12143 = DIRECTION('',(-0.,-1.,0.));
#12144 = FACE_BOUND('',#12145,.F.);
#12145 = EDGE_LOOP('',(#12146));
#12146 = ORIENTED_EDGE('',*,*,#12147,.T.);
#12147 = EDGE_CURVE('',#12148,#12148,#12150,.T.);
#12148 = VERTEX_POINT('',#12149);
#12149 = CARTESIAN_POINT('',(115.,-58.3509,0.));
#12150 = CIRCLE('',#12151,0.8509);
#12151 = AXIS2_PLACEMENT_3D('',#12152,#12153,#12154);
#12152 = CARTESIAN_POINT('',(115.,-57.5,0.));
#12153 = DIRECTION('',(-0.,0.,-1.));
#12154 = DIRECTION('',(-0.,-1.,0.));
#12155 = FACE_BOUND('',#12156,.F.);
#12156 = EDGE_LOOP('',(#12157));
#12157 = ORIENTED_EDGE('',*,*,#12158,.T.);
#12158 = EDGE_CURVE('',#12159,#12159,#12161,.T.);
#12159 = VERTEX_POINT('',#12160);
#12160 = CARTESIAN_POINT('',(120.5,-59.2145,0.));
#12161 = CIRCLE('',#12162,1.7145);
#12162 = AXIS2_PLACEMENT_3D('',#12163,#12164,#12165);
#12163 = CARTESIAN_POINT('',(120.5,-57.5,0.));
#12164 = DIRECTION('',(-0.,0.,-1.));
#12165 = DIRECTION('',(-0.,-1.,0.));
#12166 = FACE_BOUND('',#12167,.F.);
#12167 = EDGE_LOOP('',(#12168));
#12168 = ORIENTED_EDGE('',*,*,#12169,.T.);
#12169 = EDGE_CURVE('',#12170,#12170,#12172,.T.);
#12170 = VERTEX_POINT('',#12171);
#12171 = CARTESIAN_POINT('',(126.,-58.3509,0.));
#12172 = CIRCLE('',#12173,0.8509);
#12173 = AXIS2_PLACEMENT_3D('',#12174,#12175,#12176);
#12174 = CARTESIAN_POINT('',(126.,-57.5,0.));
#12175 = DIRECTION('',(-0.,0.,-1.));
#12176 = DIRECTION('',(-0.,-1.,0.));
#12177 = FACE_BOUND('',#12178,.F.);
#12178 = EDGE_LOOP('',(#12179));
#12179 = ORIENTED_EDGE('',*,*,#12180,.T.);
#12180 = EDGE_CURVE('',#12181,#12181,#12183,.T.);
#12181 = VERTEX_POINT('',#12182);
#12182 = CARTESIAN_POINT('',(133.,-58.3509,0.));
#12183 = CIRCLE('',#12184,0.8509);
#12184 = AXIS2_PLACEMENT_3D('',#12185,#12186,#12187);
#12185 = CARTESIAN_POINT('',(133.,-57.5,0.));
#12186 = DIRECTION('',(-0.,0.,-1.));
#12187 = DIRECTION('',(-0.,-1.,0.));
#12188 = FACE_BOUND('',#12189,.F.);
#12189 = EDGE_LOOP('',(#12190));
#12190 = ORIENTED_EDGE('',*,*,#12191,.T.);
#12191 = EDGE_CURVE('',#12192,#12192,#12194,.T.);
#12192 = VERTEX_POINT('',#12193);
#12193 = CARTESIAN_POINT('',(125.72,-53.7953,0.));
#12194 = CIRCLE('',#12195,0.4953);
#12195 = AXIS2_PLACEMENT_3D('',#12196,#12197,#12198);
#12196 = CARTESIAN_POINT('',(125.72,-53.3,0.));
#12197 = DIRECTION('',(-0.,0.,-1.));
#12198 = DIRECTION('',(-0.,-1.,0.));
#12199 = FACE_BOUND('',#12200,.F.);
#12200 = EDGE_LOOP('',(#12201));
#12201 = ORIENTED_EDGE('',*,*,#12202,.T.);
#12202 = EDGE_CURVE('',#12203,#12203,#12205,.T.);
#12203 = VERTEX_POINT('',#12204);
#12204 = CARTESIAN_POINT('',(138.5,-59.2145,0.));
#12205 = CIRCLE('',#12206,1.7145);
#12206 = AXIS2_PLACEMENT_3D('',#12207,#12208,#12209);
#12207 = CARTESIAN_POINT('',(138.5,-57.5,0.));
#12208 = DIRECTION('',(-0.,0.,-1.));
#12209 = DIRECTION('',(-0.,-1.,0.));
#12210 = FACE_BOUND('',#12211,.F.);
#12211 = EDGE_LOOP('',(#12212));
#12212 = ORIENTED_EDGE('',*,*,#12213,.T.);
#12213 = EDGE_CURVE('',#12214,#12214,#12216,.T.);
#12214 = VERTEX_POINT('',#12215);
#12215 = CARTESIAN_POINT('',(144.,-58.3509,0.));
#12216 = CIRCLE('',#12217,0.8509);
#12217 = AXIS2_PLACEMENT_3D('',#12218,#12219,#12220);
#12218 = CARTESIAN_POINT('',(144.,-57.5,0.));
#12219 = DIRECTION('',(-0.,0.,-1.));
#12220 = DIRECTION('',(-0.,-1.,0.));
#12221 = FACE_BOUND('',#12222,.F.);
#12222 = EDGE_LOOP('',(#12223));
#12223 = ORIENTED_EDGE('',*,*,#12224,.T.);
#12224 = EDGE_CURVE('',#12225,#12225,#12227,.T.);
#12225 = VERTEX_POINT('',#12226);
#12226 = CARTESIAN_POINT('',(151.,-58.3509,0.));
#12227 = CIRCLE('',#12228,0.8509);
#12228 = AXIS2_PLACEMENT_3D('',#12229,#12230,#12231);
#12229 = CARTESIAN_POINT('',(151.,-57.5,0.));
#12230 = DIRECTION('',(-0.,0.,-1.));
#12231 = DIRECTION('',(-0.,-1.,0.));
#12232 = FACE_BOUND('',#12233,.F.);
#12233 = EDGE_LOOP('',(#12234));
#12234 = ORIENTED_EDGE('',*,*,#12235,.T.);
#12235 = EDGE_CURVE('',#12236,#12236,#12238,.T.);
#12236 = VERTEX_POINT('',#12237);
#12237 = CARTESIAN_POINT('',(143.72,-53.7953,0.));
#12238 = CIRCLE('',#12239,0.4953);
#12239 = AXIS2_PLACEMENT_3D('',#12240,#12241,#12242);
#12240 = CARTESIAN_POINT('',(143.72,-53.3,0.));
#12241 = DIRECTION('',(-0.,0.,-1.));
#12242 = DIRECTION('',(-5.738281734384E-14,-1.,0.));
#12243 = FACE_BOUND('',#12244,.F.);
#12244 = EDGE_LOOP('',(#12245));
#12245 = ORIENTED_EDGE('',*,*,#12246,.T.);
#12246 = EDGE_CURVE('',#12247,#12247,#12249,.T.);
#12247 = VERTEX_POINT('',#12248);
#12248 = CARTESIAN_POINT('',(156.5,-64.95,0.));
#12249 = CIRCLE('',#12250,1.5);
#12250 = AXIS2_PLACEMENT_3D('',#12251,#12252,#12253);
#12251 = CARTESIAN_POINT('',(156.5,-63.45,0.));
#12252 = DIRECTION('',(-0.,0.,-1.));
#12253 = DIRECTION('',(-0.,-1.,0.));
#12254 = FACE_BOUND('',#12255,.F.);
#12255 = EDGE_LOOP('',(#12256));
#12256 = ORIENTED_EDGE('',*,*,#12257,.T.);
#12257 = EDGE_CURVE('',#12258,#12258,#12260,.T.);
#12258 = VERTEX_POINT('',#12259);
#12259 = CARTESIAN_POINT('',(174.5,-64.95,0.));
#12260 = CIRCLE('',#12261,1.5);
#12261 = AXIS2_PLACEMENT_3D('',#12262,#12263,#12264);
#12262 = CARTESIAN_POINT('',(174.5,-63.45,0.));
#12263 = DIRECTION('',(-0.,0.,-1.));
#12264 = DIRECTION('',(-0.,-1.,0.));
#12265 = FACE_BOUND('',#12266,.F.);
#12266 = EDGE_LOOP('',(#12267));
#12267 = ORIENTED_EDGE('',*,*,#12268,.T.);
#12268 = EDGE_CURVE('',#12269,#12269,#12271,.T.);
#12269 = VERTEX_POINT('',#12270);
#12270 = CARTESIAN_POINT('',(169.5,-62.75,0.));
#12271 = CIRCLE('',#12272,1.5);
#12272 = AXIS2_PLACEMENT_3D('',#12273,#12274,#12275);
#12273 = CARTESIAN_POINT('',(169.5,-61.25,0.));
#12274 = DIRECTION('',(-0.,0.,-1.));
#12275 = DIRECTION('',(-0.,-1.,0.));
#12276 = FACE_BOUND('',#12277,.F.);
#12277 = EDGE_LOOP('',(#12278));
#12278 = ORIENTED_EDGE('',*,*,#12279,.T.);
#12279 = EDGE_CURVE('',#12280,#12280,#12282,.T.);
#12280 = VERTEX_POINT('',#12281);
#12281 = CARTESIAN_POINT('',(187.5,-62.75,0.));
#12282 = CIRCLE('',#12283,1.5);
#12283 = AXIS2_PLACEMENT_3D('',#12284,#12285,#12286);
#12284 = CARTESIAN_POINT('',(187.5,-61.25,0.));
#12285 = DIRECTION('',(-0.,0.,-1.));
#12286 = DIRECTION('',(-0.,-1.,0.));
#12287 = FACE_BOUND('',#12288,.F.);
#12288 = EDGE_LOOP('',(#12289));
#12289 = ORIENTED_EDGE('',*,*,#12290,.T.);
#12290 = EDGE_CURVE('',#12291,#12291,#12293,.T.);
#12291 = VERTEX_POINT('',#12292);
#12292 = CARTESIAN_POINT('',(192.5,-64.95,0.));
#12293 = CIRCLE('',#12294,1.5);
#12294 = AXIS2_PLACEMENT_3D('',#12295,#12296,#12297);
#12295 = CARTESIAN_POINT('',(192.5,-63.45,0.));
#12296 = DIRECTION('',(-0.,0.,-1.));
#12297 = DIRECTION('',(-0.,-1.,0.));
#12298 = FACE_BOUND('',#12299,.F.);
#12299 = EDGE_LOOP('',(#12300));
#12300 = ORIENTED_EDGE('',*,*,#12301,.T.);
#12301 = EDGE_CURVE('',#12302,#12302,#12304,.T.);
#12302 = VERTEX_POINT('',#12303);
#12303 = CARTESIAN_POINT('',(156.5,-59.2145,0.));
#12304 = CIRCLE('',#12305,1.7145);
#12305 = AXIS2_PLACEMENT_3D('',#12306,#12307,#12308);
#12306 = CARTESIAN_POINT('',(156.5,-57.5,0.));
#12307 = DIRECTION('',(-0.,0.,-1.));
#12308 = DIRECTION('',(-0.,-1.,0.));
#12309 = FACE_BOUND('',#12310,.F.);
#12310 = EDGE_LOOP('',(#12311));
#12311 = ORIENTED_EDGE('',*,*,#12312,.T.);
#12312 = EDGE_CURVE('',#12313,#12313,#12315,.T.);
#12313 = VERTEX_POINT('',#12314);
#12314 = CARTESIAN_POINT('',(162.,-58.3509,0.));
#12315 = CIRCLE('',#12316,0.8509);
#12316 = AXIS2_PLACEMENT_3D('',#12317,#12318,#12319);
#12317 = CARTESIAN_POINT('',(162.,-57.5,0.));
#12318 = DIRECTION('',(-0.,0.,-1.));
#12319 = DIRECTION('',(-0.,-1.,0.));
#12320 = FACE_BOUND('',#12321,.F.);
#12321 = EDGE_LOOP('',(#12322));
#12322 = ORIENTED_EDGE('',*,*,#12323,.T.);
#12323 = EDGE_CURVE('',#12324,#12324,#12326,.T.);
#12324 = VERTEX_POINT('',#12325);
#12325 = CARTESIAN_POINT('',(169.,-58.3509,0.));
#12326 = CIRCLE('',#12327,0.8509);
#12327 = AXIS2_PLACEMENT_3D('',#12328,#12329,#12330);
#12328 = CARTESIAN_POINT('',(169.,-57.5,0.));
#12329 = DIRECTION('',(-0.,0.,-1.));
#12330 = DIRECTION('',(-0.,-1.,0.));
#12331 = FACE_BOUND('',#12332,.F.);
#12332 = EDGE_LOOP('',(#12333));
#12333 = ORIENTED_EDGE('',*,*,#12334,.T.);
#12334 = EDGE_CURVE('',#12335,#12335,#12337,.T.);
#12335 = VERTEX_POINT('',#12336);
#12336 = CARTESIAN_POINT('',(174.5,-59.2145,0.));
#12337 = CIRCLE('',#12338,1.7145);
#12338 = AXIS2_PLACEMENT_3D('',#12339,#12340,#12341);
#12339 = CARTESIAN_POINT('',(174.5,-57.5,0.));
#12340 = DIRECTION('',(-0.,0.,-1.));
#12341 = DIRECTION('',(-0.,-1.,0.));
#12342 = FACE_BOUND('',#12343,.F.);
#12343 = EDGE_LOOP('',(#12344));
#12344 = ORIENTED_EDGE('',*,*,#12345,.T.);
#12345 = EDGE_CURVE('',#12346,#12346,#12348,.T.);
#12346 = VERTEX_POINT('',#12347);
#12347 = CARTESIAN_POINT('',(161.72,-53.7953,0.));
#12348 = CIRCLE('',#12349,0.4953);
#12349 = AXIS2_PLACEMENT_3D('',#12350,#12351,#12352);
#12350 = CARTESIAN_POINT('',(161.72,-53.3,0.));
#12351 = DIRECTION('',(-0.,0.,-1.));
#12352 = DIRECTION('',(-5.738281734384E-14,-1.,0.));
#12353 = FACE_BOUND('',#12354,.F.);
#12354 = EDGE_LOOP('',(#12355));
#12355 = ORIENTED_EDGE('',*,*,#12356,.T.);
#12356 = EDGE_CURVE('',#12357,#12357,#12359,.T.);
#12357 = VERTEX_POINT('',#12358);
#12358 = CARTESIAN_POINT('',(180.,-58.3509,0.));
#12359 = CIRCLE('',#12360,0.8509);
#12360 = AXIS2_PLACEMENT_3D('',#12361,#12362,#12363);
#12361 = CARTESIAN_POINT('',(180.,-57.5,0.));
#12362 = DIRECTION('',(-0.,0.,-1.));
#12363 = DIRECTION('',(-0.,-1.,0.));
#12364 = FACE_BOUND('',#12365,.F.);
#12365 = EDGE_LOOP('',(#12366));
#12366 = ORIENTED_EDGE('',*,*,#12367,.T.);
#12367 = EDGE_CURVE('',#12368,#12368,#12370,.T.);
#12368 = VERTEX_POINT('',#12369);
#12369 = CARTESIAN_POINT('',(187.,-58.3509,0.));
#12370 = CIRCLE('',#12371,0.8509);
#12371 = AXIS2_PLACEMENT_3D('',#12372,#12373,#12374);
#12372 = CARTESIAN_POINT('',(187.,-57.5,0.));
#12373 = DIRECTION('',(-0.,0.,-1.));
#12374 = DIRECTION('',(-0.,-1.,0.));
#12375 = FACE_BOUND('',#12376,.F.);
#12376 = EDGE_LOOP('',(#12377));
#12377 = ORIENTED_EDGE('',*,*,#12378,.T.);
#12378 = EDGE_CURVE('',#12379,#12379,#12381,.T.);
#12379 = VERTEX_POINT('',#12380);
#12380 = CARTESIAN_POINT('',(192.5,-59.2145,0.));
#12381 = CIRCLE('',#12382,1.7145);
#12382 = AXIS2_PLACEMENT_3D('',#12383,#12384,#12385);
#12383 = CARTESIAN_POINT('',(192.5,-57.5,0.));
#12384 = DIRECTION('',(-0.,0.,-1.));
#12385 = DIRECTION('',(-0.,-1.,0.));
#12386 = FACE_BOUND('',#12387,.F.);
#12387 = EDGE_LOOP('',(#12388));
#12388 = ORIENTED_EDGE('',*,*,#12389,.T.);
#12389 = EDGE_CURVE('',#12390,#12390,#12392,.T.);
#12390 = VERTEX_POINT('',#12391);
#12391 = CARTESIAN_POINT('',(198.,-58.3509,0.));
#12392 = CIRCLE('',#12393,0.8509);
#12393 = AXIS2_PLACEMENT_3D('',#12394,#12395,#12396);
#12394 = CARTESIAN_POINT('',(198.,-57.5,0.));
#12395 = DIRECTION('',(-0.,0.,-1.));
#12396 = DIRECTION('',(-0.,-1.,0.));
#12397 = FACE_BOUND('',#12398,.F.);
#12398 = EDGE_LOOP('',(#12399));
#12399 = ORIENTED_EDGE('',*,*,#12400,.T.);
#12400 = EDGE_CURVE('',#12401,#12401,#12403,.T.);
#12401 = VERTEX_POINT('',#12402);
#12402 = CARTESIAN_POINT('',(179.72,-53.7953,0.));
#12403 = CIRCLE('',#12404,0.4953);
#12404 = AXIS2_PLACEMENT_3D('',#12405,#12406,#12407);
#12405 = CARTESIAN_POINT('',(179.72,-53.3,0.));
#12406 = DIRECTION('',(-0.,0.,-1.));
#12407 = DIRECTION('',(-5.738281734384E-14,-1.,0.));
#12408 = FACE_BOUND('',#12409,.F.);
#12409 = EDGE_LOOP('',(#12410));
#12410 = ORIENTED_EDGE('',*,*,#12411,.T.);
#12411 = EDGE_CURVE('',#12412,#12412,#12414,.T.);
#12412 = VERTEX_POINT('',#12413);
#12413 = CARTESIAN_POINT('',(197.72,-53.7953,0.));
#12414 = CIRCLE('',#12415,0.4953);
#12415 = AXIS2_PLACEMENT_3D('',#12416,#12417,#12418);
#12416 = CARTESIAN_POINT('',(197.72,-53.3,0.));
#12417 = DIRECTION('',(-0.,0.,-1.));
#12418 = DIRECTION('',(-5.738281734384E-14,-1.,0.));
#12419 = PLANE('',#12420);
#12420 = AXIS2_PLACEMENT_3D('',#12421,#12422,#12423);
#12421 = CARTESIAN_POINT('',(0.,0.,0.));
#12422 = DIRECTION('',(0.,0.,1.));
#12423 = DIRECTION('',(1.,0.,-0.));
#12424 = ADVANCED_FACE('',(#12425,#12436,#12447,#12458,#12469,#12480,
    #12491,#12502,#12513,#12524,#12535,#12546,#12557,#12568,#12579,
    #12590,#12601,#12612,#12623,#12634,#12645,#12656,#12667,#12678,
    #12689,#12700,#12711,#12722,#12733,#12744,#12755,#12766,#12777,
    #12788,#12799,#12810,#12821,#12832,#12843,#12854,#12865,#12876,
    #12887,#12898,#12909,#12920,#12931,#12942,#12953,#12964,#12975,
    #12986,#12997,#13008,#13019,#13030,#13041,#13052,#13063,#13074,
    #13085,#13096,#13107,#13118,#13129,#13140,#13151,#13162,#13173,
    #13184,#13195,#13206,#13217,#13228,#13239,#13250,#13261,#13272,
    #13283,#13294,#13305,#13316,#13327,#13338,#13349,#13360,#13371,
    #13382,#13393,#13404,#13415,#13426,#13437,#13448,#13459,#13470,
    #13481,#13492,#13503,#13514,#13525,#13536,#13547,#13558,#13569,
    #13580,#13591,#13602,#13613,#13624,#13635,#13646,#13657,#13668,
    #13679,#13690,#13701,#13712,#13723,#13734,#13745,#13756,#13767,
    #13778,#13789,#13800,#13811,#13822,#13833,#13844,#13855,#13866,
    #13877,#13888,#13899,#13910,#13921,#13932,#13943,#13954,#13965,
    #13976,#13987,#13998,#14009,#14020,#14031,#14042,#14053,#14064,
    #14075,#14086,#14097,#14108,#14119,#14130,#14141,#14152,#14163,
    #14174,#14185,#14196,#14207,#14218,#14229,#14240,#14251,#14262,
    #14273,#14284,#14295,#14306,#14317,#14328,#14339,#14350,#14361,
    #14372,#14383,#14394,#14405,#14416,#14427,#14438,#14449,#14460,
    #14471,#14482,#14493,#14504,#14515,#14526,#14537,#14548,#14559,
    #14570,#14581,#14592,#14603,#14614,#14625,#14636,#14647,#14658,
    #14669,#14680,#14691,#14702,#14713,#14724,#14735,#14746,#14757,
    #14768,#14779,#14790,#14801,#14812,#14823,#14834,#14845,#14856,
    #14867),#14878,.T.);
#12425 = FACE_BOUND('',#12426,.T.);
#12426 = EDGE_LOOP('',(#12427,#12428,#12429,#12435));
#12427 = ORIENTED_EDGE('',*,*,#9877,.F.);
#12428 = ORIENTED_EDGE('',*,*,#9917,.F.);
#12429 = ORIENTED_EDGE('',*,*,#12430,.F.);
#12430 = EDGE_CURVE('',#9940,#9910,#12431,.T.);
#12431 = LINE('',#12432,#12433);
#12432 = CARTESIAN_POINT('',(15.,-40.5,1.51));
#12433 = VECTOR('',#12434,1.);
#12434 = DIRECTION('',(1.,0.,0.));
#12435 = ORIENTED_EDGE('',*,*,#9939,.F.);
#12436 = FACE_BOUND('',#12437,.T.);
#12437 = EDGE_LOOP('',(#12438));
#12438 = ORIENTED_EDGE('',*,*,#12439,.T.);
#12439 = EDGE_CURVE('',#12440,#12440,#12442,.T.);
#12440 = VERTEX_POINT('',#12441);
#12441 = CARTESIAN_POINT('',(30.5,-115.95,1.51));
#12442 = CIRCLE('',#12443,1.5);
#12443 = AXIS2_PLACEMENT_3D('',#12444,#12445,#12446);
#12444 = CARTESIAN_POINT('',(30.5,-114.45,1.51));
#12445 = DIRECTION('',(-0.,0.,-1.));
#12446 = DIRECTION('',(-0.,-1.,0.));
#12447 = FACE_BOUND('',#12448,.T.);
#12448 = EDGE_LOOP('',(#12449));
#12449 = ORIENTED_EDGE('',*,*,#12450,.T.);
#12450 = EDGE_CURVE('',#12451,#12451,#12453,.T.);
#12451 = VERTEX_POINT('',#12452);
#12452 = CARTESIAN_POINT('',(25.5,-113.75,1.51));
#12453 = CIRCLE('',#12454,1.5);
#12454 = AXIS2_PLACEMENT_3D('',#12455,#12456,#12457);
#12455 = CARTESIAN_POINT('',(25.5,-112.25,1.51));
#12456 = DIRECTION('',(-0.,0.,-1.));
#12457 = DIRECTION('',(-0.,-1.,0.));
#12458 = FACE_BOUND('',#12459,.T.);
#12459 = EDGE_LOOP('',(#12460));
#12460 = ORIENTED_EDGE('',*,*,#12461,.T.);
#12461 = EDGE_CURVE('',#12462,#12462,#12464,.T.);
#12462 = VERTEX_POINT('',#12463);
#12463 = CARTESIAN_POINT('',(43.5,-113.75,1.51));
#12464 = CIRCLE('',#12465,1.5);
#12465 = AXIS2_PLACEMENT_3D('',#12466,#12467,#12468);
#12466 = CARTESIAN_POINT('',(43.5,-112.25,1.51));
#12467 = DIRECTION('',(-0.,0.,-1.));
#12468 = DIRECTION('',(-0.,-1.,0.));
#12469 = FACE_BOUND('',#12470,.T.);
#12470 = EDGE_LOOP('',(#12471));
#12471 = ORIENTED_EDGE('',*,*,#12472,.T.);
#12472 = EDGE_CURVE('',#12473,#12473,#12475,.T.);
#12473 = VERTEX_POINT('',#12474);
#12474 = CARTESIAN_POINT('',(25.,-109.3509,1.51));
#12475 = CIRCLE('',#12476,0.8509);
#12476 = AXIS2_PLACEMENT_3D('',#12477,#12478,#12479);
#12477 = CARTESIAN_POINT('',(25.,-108.5,1.51));
#12478 = DIRECTION('',(-0.,0.,-1.));
#12479 = DIRECTION('',(-0.,-1.,0.));
#12480 = FACE_BOUND('',#12481,.T.);
#12481 = EDGE_LOOP('',(#12482));
#12482 = ORIENTED_EDGE('',*,*,#12483,.T.);
#12483 = EDGE_CURVE('',#12484,#12484,#12486,.T.);
#12484 = VERTEX_POINT('',#12485);
#12485 = CARTESIAN_POINT('',(30.5,-110.2145,1.51));
#12486 = CIRCLE('',#12487,1.7145);
#12487 = AXIS2_PLACEMENT_3D('',#12488,#12489,#12490);
#12488 = CARTESIAN_POINT('',(30.5,-108.5,1.51));
#12489 = DIRECTION('',(-0.,0.,-1.));
#12490 = DIRECTION('',(-0.,-1.,0.));
#12491 = FACE_BOUND('',#12492,.T.);
#12492 = EDGE_LOOP('',(#12493));
#12493 = ORIENTED_EDGE('',*,*,#12494,.T.);
#12494 = EDGE_CURVE('',#12495,#12495,#12497,.T.);
#12495 = VERTEX_POINT('',#12496);
#12496 = CARTESIAN_POINT('',(36.,-109.3509,1.51));
#12497 = CIRCLE('',#12498,0.8509);
#12498 = AXIS2_PLACEMENT_3D('',#12499,#12500,#12501);
#12499 = CARTESIAN_POINT('',(36.,-108.5,1.51));
#12500 = DIRECTION('',(-0.,0.,-1.));
#12501 = DIRECTION('',(-0.,-1.,0.));
#12502 = FACE_BOUND('',#12503,.T.);
#12503 = EDGE_LOOP('',(#12504));
#12504 = ORIENTED_EDGE('',*,*,#12505,.T.);
#12505 = EDGE_CURVE('',#12506,#12506,#12508,.T.);
#12506 = VERTEX_POINT('',#12507);
#12507 = CARTESIAN_POINT('',(43.,-109.3509,1.51));
#12508 = CIRCLE('',#12509,0.8509);
#12509 = AXIS2_PLACEMENT_3D('',#12510,#12511,#12512);
#12510 = CARTESIAN_POINT('',(43.,-108.5,1.51));
#12511 = DIRECTION('',(-0.,0.,-1.));
#12512 = DIRECTION('',(-0.,-1.,0.));
#12513 = FACE_BOUND('',#12514,.T.);
#12514 = EDGE_LOOP('',(#12515));
#12515 = ORIENTED_EDGE('',*,*,#12516,.T.);
#12516 = EDGE_CURVE('',#12517,#12517,#12519,.T.);
#12517 = VERTEX_POINT('',#12518);
#12518 = CARTESIAN_POINT('',(48.5,-115.95,1.51));
#12519 = CIRCLE('',#12520,1.5);
#12520 = AXIS2_PLACEMENT_3D('',#12521,#12522,#12523);
#12521 = CARTESIAN_POINT('',(48.5,-114.45,1.51));
#12522 = DIRECTION('',(-0.,0.,-1.));
#12523 = DIRECTION('',(-0.,-1.,0.));
#12524 = FACE_BOUND('',#12525,.T.);
#12525 = EDGE_LOOP('',(#12526));
#12526 = ORIENTED_EDGE('',*,*,#12527,.T.);
#12527 = EDGE_CURVE('',#12528,#12528,#12530,.T.);
#12528 = VERTEX_POINT('',#12529);
#12529 = CARTESIAN_POINT('',(66.5,-115.95,1.51));
#12530 = CIRCLE('',#12531,1.5);
#12531 = AXIS2_PLACEMENT_3D('',#12532,#12533,#12534);
#12532 = CARTESIAN_POINT('',(66.5,-114.45,1.51));
#12533 = DIRECTION('',(-0.,0.,-1.));
#12534 = DIRECTION('',(-0.,-1.,0.));
#12535 = FACE_BOUND('',#12536,.T.);
#12536 = EDGE_LOOP('',(#12537));
#12537 = ORIENTED_EDGE('',*,*,#12538,.T.);
#12538 = EDGE_CURVE('',#12539,#12539,#12541,.T.);
#12539 = VERTEX_POINT('',#12540);
#12540 = CARTESIAN_POINT('',(61.5,-113.75,1.51));
#12541 = CIRCLE('',#12542,1.5);
#12542 = AXIS2_PLACEMENT_3D('',#12543,#12544,#12545);
#12543 = CARTESIAN_POINT('',(61.5,-112.25,1.51));
#12544 = DIRECTION('',(-0.,0.,-1.));
#12545 = DIRECTION('',(-0.,-1.,0.));
#12546 = FACE_BOUND('',#12547,.T.);
#12547 = EDGE_LOOP('',(#12548));
#12548 = ORIENTED_EDGE('',*,*,#12549,.T.);
#12549 = EDGE_CURVE('',#12550,#12550,#12552,.T.);
#12550 = VERTEX_POINT('',#12551);
#12551 = CARTESIAN_POINT('',(48.5,-110.2145,1.51));
#12552 = CIRCLE('',#12553,1.7145);
#12553 = AXIS2_PLACEMENT_3D('',#12554,#12555,#12556);
#12554 = CARTESIAN_POINT('',(48.5,-108.5,1.51));
#12555 = DIRECTION('',(-0.,0.,-1.));
#12556 = DIRECTION('',(-0.,-1.,0.));
#12557 = FACE_BOUND('',#12558,.T.);
#12558 = EDGE_LOOP('',(#12559));
#12559 = ORIENTED_EDGE('',*,*,#12560,.T.);
#12560 = EDGE_CURVE('',#12561,#12561,#12563,.T.);
#12561 = VERTEX_POINT('',#12562);
#12562 = CARTESIAN_POINT('',(54.,-109.3509,1.51));
#12563 = CIRCLE('',#12564,0.8509);
#12564 = AXIS2_PLACEMENT_3D('',#12565,#12566,#12567);
#12565 = CARTESIAN_POINT('',(54.,-108.5,1.51));
#12566 = DIRECTION('',(-0.,0.,-1.));
#12567 = DIRECTION('',(-0.,-1.,0.));
#12568 = FACE_BOUND('',#12569,.T.);
#12569 = EDGE_LOOP('',(#12570));
#12570 = ORIENTED_EDGE('',*,*,#12571,.T.);
#12571 = EDGE_CURVE('',#12572,#12572,#12574,.T.);
#12572 = VERTEX_POINT('',#12573);
#12573 = CARTESIAN_POINT('',(61.,-109.3509,1.51));
#12574 = CIRCLE('',#12575,0.8509);
#12575 = AXIS2_PLACEMENT_3D('',#12576,#12577,#12578);
#12576 = CARTESIAN_POINT('',(61.,-108.5,1.51));
#12577 = DIRECTION('',(-0.,0.,-1.));
#12578 = DIRECTION('',(-0.,-1.,0.));
#12579 = FACE_BOUND('',#12580,.T.);
#12580 = EDGE_LOOP('',(#12581));
#12581 = ORIENTED_EDGE('',*,*,#12582,.T.);
#12582 = EDGE_CURVE('',#12583,#12583,#12585,.T.);
#12583 = VERTEX_POINT('',#12584);
#12584 = CARTESIAN_POINT('',(66.5,-110.2145,1.51));
#12585 = CIRCLE('',#12586,1.7145);
#12586 = AXIS2_PLACEMENT_3D('',#12587,#12588,#12589);
#12587 = CARTESIAN_POINT('',(66.5,-108.5,1.51));
#12588 = DIRECTION('',(-0.,0.,-1.));
#12589 = DIRECTION('',(-0.,-1.,0.));
#12590 = FACE_BOUND('',#12591,.T.);
#12591 = EDGE_LOOP('',(#12592));
#12592 = ORIENTED_EDGE('',*,*,#12593,.T.);
#12593 = EDGE_CURVE('',#12594,#12594,#12596,.T.);
#12594 = VERTEX_POINT('',#12595);
#12595 = CARTESIAN_POINT('',(35.72,-104.7953,1.51));
#12596 = CIRCLE('',#12597,0.4953);
#12597 = AXIS2_PLACEMENT_3D('',#12598,#12599,#12600);
#12598 = CARTESIAN_POINT('',(35.72,-104.3,1.51));
#12599 = DIRECTION('',(-0.,0.,-1.));
#12600 = DIRECTION('',(-0.,-1.,0.));
#12601 = FACE_BOUND('',#12602,.T.);
#12602 = EDGE_LOOP('',(#12603));
#12603 = ORIENTED_EDGE('',*,*,#12604,.T.);
#12604 = EDGE_CURVE('',#12605,#12605,#12607,.T.);
#12605 = VERTEX_POINT('',#12606);
#12606 = CARTESIAN_POINT('',(53.72,-104.7953,1.51));
#12607 = CIRCLE('',#12608,0.4953);
#12608 = AXIS2_PLACEMENT_3D('',#12609,#12610,#12611);
#12609 = CARTESIAN_POINT('',(53.72,-104.3,1.51));
#12610 = DIRECTION('',(-0.,0.,-1.));
#12611 = DIRECTION('',(-0.,-1.,0.));
#12612 = FACE_BOUND('',#12613,.T.);
#12613 = EDGE_LOOP('',(#12614));
#12614 = ORIENTED_EDGE('',*,*,#12615,.T.);
#12615 = EDGE_CURVE('',#12616,#12616,#12618,.T.);
#12616 = VERTEX_POINT('',#12617);
#12617 = CARTESIAN_POINT('',(72.,-109.3509,1.51));
#12618 = CIRCLE('',#12619,0.8509);
#12619 = AXIS2_PLACEMENT_3D('',#12620,#12621,#12622);
#12620 = CARTESIAN_POINT('',(72.,-108.5,1.51));
#12621 = DIRECTION('',(-0.,0.,-1.));
#12622 = DIRECTION('',(-0.,-1.,0.));
#12623 = FACE_BOUND('',#12624,.T.);
#12624 = EDGE_LOOP('',(#12625));
#12625 = ORIENTED_EDGE('',*,*,#12626,.T.);
#12626 = EDGE_CURVE('',#12627,#12627,#12629,.T.);
#12627 = VERTEX_POINT('',#12628);
#12628 = CARTESIAN_POINT('',(97.5,-113.8,1.51));
#12629 = CIRCLE('',#12630,1.5);
#12630 = AXIS2_PLACEMENT_3D('',#12631,#12632,#12633);
#12631 = CARTESIAN_POINT('',(97.5,-112.3,1.51));
#12632 = DIRECTION('',(-0.,0.,-1.));
#12633 = DIRECTION('',(-0.,-1.,0.));
#12634 = FACE_BOUND('',#12635,.T.);
#12635 = EDGE_LOOP('',(#12636));
#12636 = ORIENTED_EDGE('',*,*,#12637,.T.);
#12637 = EDGE_CURVE('',#12638,#12638,#12640,.T.);
#12638 = VERTEX_POINT('',#12639);
#12639 = CARTESIAN_POINT('',(102.5,-116.,1.51));
#12640 = CIRCLE('',#12641,1.5);
#12641 = AXIS2_PLACEMENT_3D('',#12642,#12643,#12644);
#12642 = CARTESIAN_POINT('',(102.5,-114.5,1.51));
#12643 = DIRECTION('',(-0.,0.,-1.));
#12644 = DIRECTION('',(-0.,-1.,0.));
#12645 = FACE_BOUND('',#12646,.T.);
#12646 = EDGE_LOOP('',(#12647));
#12647 = ORIENTED_EDGE('',*,*,#12648,.T.);
#12648 = EDGE_CURVE('',#12649,#12649,#12651,.T.);
#12649 = VERTEX_POINT('',#12650);
#12650 = CARTESIAN_POINT('',(97.,-109.4009,1.51));
#12651 = CIRCLE('',#12652,0.8509);
#12652 = AXIS2_PLACEMENT_3D('',#12653,#12654,#12655);
#12653 = CARTESIAN_POINT('',(97.,-108.55,1.51));
#12654 = DIRECTION('',(-0.,0.,-1.));
#12655 = DIRECTION('',(-0.,-1.,0.));
#12656 = FACE_BOUND('',#12657,.T.);
#12657 = EDGE_LOOP('',(#12658));
#12658 = ORIENTED_EDGE('',*,*,#12659,.T.);
#12659 = EDGE_CURVE('',#12660,#12660,#12662,.T.);
#12660 = VERTEX_POINT('',#12661);
#12661 = CARTESIAN_POINT('',(102.5,-110.2645,1.51));
#12662 = CIRCLE('',#12663,1.7145);
#12663 = AXIS2_PLACEMENT_3D('',#12664,#12665,#12666);
#12664 = CARTESIAN_POINT('',(102.5,-108.55,1.51));
#12665 = DIRECTION('',(-0.,0.,-1.));
#12666 = DIRECTION('',(-0.,-1.,0.));
#12667 = FACE_BOUND('',#12668,.T.);
#12668 = EDGE_LOOP('',(#12669));
#12669 = ORIENTED_EDGE('',*,*,#12670,.T.);
#12670 = EDGE_CURVE('',#12671,#12671,#12673,.T.);
#12671 = VERTEX_POINT('',#12672);
#12672 = CARTESIAN_POINT('',(108.,-109.4009,1.51));
#12673 = CIRCLE('',#12674,0.8509);
#12674 = AXIS2_PLACEMENT_3D('',#12675,#12676,#12677);
#12675 = CARTESIAN_POINT('',(108.,-108.55,1.51));
#12676 = DIRECTION('',(-0.,0.,-1.));
#12677 = DIRECTION('',(-0.,-1.,0.));
#12678 = FACE_BOUND('',#12679,.T.);
#12679 = EDGE_LOOP('',(#12680));
#12680 = ORIENTED_EDGE('',*,*,#12681,.T.);
#12681 = EDGE_CURVE('',#12682,#12682,#12684,.T.);
#12682 = VERTEX_POINT('',#12683);
#12683 = CARTESIAN_POINT('',(71.72,-104.7953,1.51));
#12684 = CIRCLE('',#12685,0.4953);
#12685 = AXIS2_PLACEMENT_3D('',#12686,#12687,#12688);
#12686 = CARTESIAN_POINT('',(71.72,-104.3,1.51));
#12687 = DIRECTION('',(-0.,0.,-1.));
#12688 = DIRECTION('',(-0.,-1.,0.));
#12689 = FACE_BOUND('',#12690,.T.);
#12690 = EDGE_LOOP('',(#12691));
#12691 = ORIENTED_EDGE('',*,*,#12692,.T.);
#12692 = EDGE_CURVE('',#12693,#12693,#12695,.T.);
#12693 = VERTEX_POINT('',#12694);
#12694 = CARTESIAN_POINT('',(107.72,-104.8453,1.51));
#12695 = CIRCLE('',#12696,0.4953);
#12696 = AXIS2_PLACEMENT_3D('',#12697,#12698,#12699);
#12697 = CARTESIAN_POINT('',(107.72,-104.35,1.51));
#12698 = DIRECTION('',(-0.,0.,-1.));
#12699 = DIRECTION('',(-0.,-1.,0.));
#12700 = FACE_BOUND('',#12701,.T.);
#12701 = EDGE_LOOP('',(#12702));
#12702 = ORIENTED_EDGE('',*,*,#12703,.T.);
#12703 = EDGE_CURVE('',#12704,#12704,#12706,.T.);
#12704 = VERTEX_POINT('',#12705);
#12705 = CARTESIAN_POINT('',(30.5,-98.95,1.51));
#12706 = CIRCLE('',#12707,1.5);
#12707 = AXIS2_PLACEMENT_3D('',#12708,#12709,#12710);
#12708 = CARTESIAN_POINT('',(30.5,-97.45,1.51));
#12709 = DIRECTION('',(-0.,0.,-1.));
#12710 = DIRECTION('',(-0.,-1.,0.));
#12711 = FACE_BOUND('',#12712,.T.);
#12712 = EDGE_LOOP('',(#12713));
#12713 = ORIENTED_EDGE('',*,*,#12714,.T.);
#12714 = EDGE_CURVE('',#12715,#12715,#12717,.T.);
#12715 = VERTEX_POINT('',#12716);
#12716 = CARTESIAN_POINT('',(25.5,-96.75,1.51));
#12717 = CIRCLE('',#12718,1.5);
#12718 = AXIS2_PLACEMENT_3D('',#12719,#12720,#12721);
#12719 = CARTESIAN_POINT('',(25.5,-95.25,1.51));
#12720 = DIRECTION('',(-0.,0.,-1.));
#12721 = DIRECTION('',(-0.,-1.,0.));
#12722 = FACE_BOUND('',#12723,.T.);
#12723 = EDGE_LOOP('',(#12724));
#12724 = ORIENTED_EDGE('',*,*,#12725,.T.);
#12725 = EDGE_CURVE('',#12726,#12726,#12728,.T.);
#12726 = VERTEX_POINT('',#12727);
#12727 = CARTESIAN_POINT('',(43.5,-96.75,1.51));
#12728 = CIRCLE('',#12729,1.5);
#12729 = AXIS2_PLACEMENT_3D('',#12730,#12731,#12732);
#12730 = CARTESIAN_POINT('',(43.5,-95.25,1.51));
#12731 = DIRECTION('',(-0.,0.,-1.));
#12732 = DIRECTION('',(-0.,-1.,0.));
#12733 = FACE_BOUND('',#12734,.T.);
#12734 = EDGE_LOOP('',(#12735));
#12735 = ORIENTED_EDGE('',*,*,#12736,.T.);
#12736 = EDGE_CURVE('',#12737,#12737,#12739,.T.);
#12737 = VERTEX_POINT('',#12738);
#12738 = CARTESIAN_POINT('',(48.5,-98.95,1.51));
#12739 = CIRCLE('',#12740,1.5);
#12740 = AXIS2_PLACEMENT_3D('',#12741,#12742,#12743);
#12741 = CARTESIAN_POINT('',(48.5,-97.45,1.51));
#12742 = DIRECTION('',(-0.,0.,-1.));
#12743 = DIRECTION('',(-0.,-1.,0.));
#12744 = FACE_BOUND('',#12745,.T.);
#12745 = EDGE_LOOP('',(#12746));
#12746 = ORIENTED_EDGE('',*,*,#12747,.T.);
#12747 = EDGE_CURVE('',#12748,#12748,#12750,.T.);
#12748 = VERTEX_POINT('',#12749);
#12749 = CARTESIAN_POINT('',(66.5,-98.95,1.51));
#12750 = CIRCLE('',#12751,1.5);
#12751 = AXIS2_PLACEMENT_3D('',#12752,#12753,#12754);
#12752 = CARTESIAN_POINT('',(66.5,-97.45,1.51));
#12753 = DIRECTION('',(-0.,0.,-1.));
#12754 = DIRECTION('',(-0.,-1.,0.));
#12755 = FACE_BOUND('',#12756,.T.);
#12756 = EDGE_LOOP('',(#12757));
#12757 = ORIENTED_EDGE('',*,*,#12758,.T.);
#12758 = EDGE_CURVE('',#12759,#12759,#12761,.T.);
#12759 = VERTEX_POINT('',#12760);
#12760 = CARTESIAN_POINT('',(61.5,-96.75,1.51));
#12761 = CIRCLE('',#12762,1.5);
#12762 = AXIS2_PLACEMENT_3D('',#12763,#12764,#12765);
#12763 = CARTESIAN_POINT('',(61.5,-95.25,1.51));
#12764 = DIRECTION('',(-0.,0.,-1.));
#12765 = DIRECTION('',(-0.,-1.,0.));
#12766 = FACE_BOUND('',#12767,.T.);
#12767 = EDGE_LOOP('',(#12768));
#12768 = ORIENTED_EDGE('',*,*,#12769,.T.);
#12769 = EDGE_CURVE('',#12770,#12770,#12772,.T.);
#12770 = VERTEX_POINT('',#12771);
#12771 = CARTESIAN_POINT('',(25.,-92.3509,1.51));
#12772 = CIRCLE('',#12773,0.8509);
#12773 = AXIS2_PLACEMENT_3D('',#12774,#12775,#12776);
#12774 = CARTESIAN_POINT('',(25.,-91.5,1.51));
#12775 = DIRECTION('',(-0.,0.,-1.));
#12776 = DIRECTION('',(-0.,-1.,0.));
#12777 = FACE_BOUND('',#12778,.T.);
#12778 = EDGE_LOOP('',(#12779));
#12779 = ORIENTED_EDGE('',*,*,#12780,.T.);
#12780 = EDGE_CURVE('',#12781,#12781,#12783,.T.);
#12781 = VERTEX_POINT('',#12782);
#12782 = CARTESIAN_POINT('',(30.5,-93.2145,1.51));
#12783 = CIRCLE('',#12784,1.7145);
#12784 = AXIS2_PLACEMENT_3D('',#12785,#12786,#12787);
#12785 = CARTESIAN_POINT('',(30.5,-91.5,1.51));
#12786 = DIRECTION('',(-0.,0.,-1.));
#12787 = DIRECTION('',(-0.,-1.,0.));
#12788 = FACE_BOUND('',#12789,.T.);
#12789 = EDGE_LOOP('',(#12790));
#12790 = ORIENTED_EDGE('',*,*,#12791,.T.);
#12791 = EDGE_CURVE('',#12792,#12792,#12794,.T.);
#12792 = VERTEX_POINT('',#12793);
#12793 = CARTESIAN_POINT('',(36.,-92.3509,1.51));
#12794 = CIRCLE('',#12795,0.8509);
#12795 = AXIS2_PLACEMENT_3D('',#12796,#12797,#12798);
#12796 = CARTESIAN_POINT('',(36.,-91.5,1.51));
#12797 = DIRECTION('',(-0.,0.,-1.));
#12798 = DIRECTION('',(-0.,-1.,0.));
#12799 = FACE_BOUND('',#12800,.T.);
#12800 = EDGE_LOOP('',(#12801));
#12801 = ORIENTED_EDGE('',*,*,#12802,.T.);
#12802 = EDGE_CURVE('',#12803,#12803,#12805,.T.);
#12803 = VERTEX_POINT('',#12804);
#12804 = CARTESIAN_POINT('',(43.,-92.3509,1.51));
#12805 = CIRCLE('',#12806,0.8509);
#12806 = AXIS2_PLACEMENT_3D('',#12807,#12808,#12809);
#12807 = CARTESIAN_POINT('',(43.,-91.5,1.51));
#12808 = DIRECTION('',(-0.,0.,-1.));
#12809 = DIRECTION('',(-0.,-1.,0.));
#12810 = FACE_BOUND('',#12811,.T.);
#12811 = EDGE_LOOP('',(#12812));
#12812 = ORIENTED_EDGE('',*,*,#12813,.T.);
#12813 = EDGE_CURVE('',#12814,#12814,#12816,.T.);
#12814 = VERTEX_POINT('',#12815);
#12815 = CARTESIAN_POINT('',(35.72,-87.7953,1.51));
#12816 = CIRCLE('',#12817,0.4953);
#12817 = AXIS2_PLACEMENT_3D('',#12818,#12819,#12820);
#12818 = CARTESIAN_POINT('',(35.72,-87.3,1.51));
#12819 = DIRECTION('',(-0.,0.,-1.));
#12820 = DIRECTION('',(-0.,-1.,0.));
#12821 = FACE_BOUND('',#12822,.T.);
#12822 = EDGE_LOOP('',(#12823));
#12823 = ORIENTED_EDGE('',*,*,#12824,.T.);
#12824 = EDGE_CURVE('',#12825,#12825,#12827,.T.);
#12825 = VERTEX_POINT('',#12826);
#12826 = CARTESIAN_POINT('',(48.5,-93.2145,1.51));
#12827 = CIRCLE('',#12828,1.7145);
#12828 = AXIS2_PLACEMENT_3D('',#12829,#12830,#12831);
#12829 = CARTESIAN_POINT('',(48.5,-91.5,1.51));
#12830 = DIRECTION('',(-0.,0.,-1.));
#12831 = DIRECTION('',(-0.,-1.,0.));
#12832 = FACE_BOUND('',#12833,.T.);
#12833 = EDGE_LOOP('',(#12834));
#12834 = ORIENTED_EDGE('',*,*,#12835,.T.);
#12835 = EDGE_CURVE('',#12836,#12836,#12838,.T.);
#12836 = VERTEX_POINT('',#12837);
#12837 = CARTESIAN_POINT('',(54.,-92.3509,1.51));
#12838 = CIRCLE('',#12839,0.8509);
#12839 = AXIS2_PLACEMENT_3D('',#12840,#12841,#12842);
#12840 = CARTESIAN_POINT('',(54.,-91.5,1.51));
#12841 = DIRECTION('',(-0.,0.,-1.));
#12842 = DIRECTION('',(-0.,-1.,0.));
#12843 = FACE_BOUND('',#12844,.T.);
#12844 = EDGE_LOOP('',(#12845));
#12845 = ORIENTED_EDGE('',*,*,#12846,.T.);
#12846 = EDGE_CURVE('',#12847,#12847,#12849,.T.);
#12847 = VERTEX_POINT('',#12848);
#12848 = CARTESIAN_POINT('',(61.,-92.3509,1.51));
#12849 = CIRCLE('',#12850,0.8509);
#12850 = AXIS2_PLACEMENT_3D('',#12851,#12852,#12853);
#12851 = CARTESIAN_POINT('',(61.,-91.5,1.51));
#12852 = DIRECTION('',(-0.,0.,-1.));
#12853 = DIRECTION('',(-0.,-1.,0.));
#12854 = FACE_BOUND('',#12855,.T.);
#12855 = EDGE_LOOP('',(#12856));
#12856 = ORIENTED_EDGE('',*,*,#12857,.T.);
#12857 = EDGE_CURVE('',#12858,#12858,#12860,.T.);
#12858 = VERTEX_POINT('',#12859);
#12859 = CARTESIAN_POINT('',(66.5,-93.2145,1.51));
#12860 = CIRCLE('',#12861,1.7145);
#12861 = AXIS2_PLACEMENT_3D('',#12862,#12863,#12864);
#12862 = CARTESIAN_POINT('',(66.5,-91.5,1.51));
#12863 = DIRECTION('',(-0.,0.,-1.));
#12864 = DIRECTION('',(-0.,-1.,0.));
#12865 = FACE_BOUND('',#12866,.T.);
#12866 = EDGE_LOOP('',(#12867));
#12867 = ORIENTED_EDGE('',*,*,#12868,.T.);
#12868 = EDGE_CURVE('',#12869,#12869,#12871,.T.);
#12869 = VERTEX_POINT('',#12870);
#12870 = CARTESIAN_POINT('',(53.72,-87.7953,1.51));
#12871 = CIRCLE('',#12872,0.4953);
#12872 = AXIS2_PLACEMENT_3D('',#12873,#12874,#12875);
#12873 = CARTESIAN_POINT('',(53.72,-87.3,1.51));
#12874 = DIRECTION('',(-0.,0.,-1.));
#12875 = DIRECTION('',(-0.,-1.,0.));
#12876 = FACE_BOUND('',#12877,.T.);
#12877 = EDGE_LOOP('',(#12878));
#12878 = ORIENTED_EDGE('',*,*,#12879,.T.);
#12879 = EDGE_CURVE('',#12880,#12880,#12882,.T.);
#12880 = VERTEX_POINT('',#12881);
#12881 = CARTESIAN_POINT('',(84.5,-98.95,1.51));
#12882 = CIRCLE('',#12883,1.5);
#12883 = AXIS2_PLACEMENT_3D('',#12884,#12885,#12886);
#12884 = CARTESIAN_POINT('',(84.5,-97.45,1.51));
#12885 = DIRECTION('',(-0.,0.,-1.));
#12886 = DIRECTION('',(-0.,-1.,0.));
#12887 = FACE_BOUND('',#12888,.T.);
#12888 = EDGE_LOOP('',(#12889));
#12889 = ORIENTED_EDGE('',*,*,#12890,.T.);
#12890 = EDGE_CURVE('',#12891,#12891,#12893,.T.);
#12891 = VERTEX_POINT('',#12892);
#12892 = CARTESIAN_POINT('',(79.5,-96.75,1.51));
#12893 = CIRCLE('',#12894,1.5);
#12894 = AXIS2_PLACEMENT_3D('',#12895,#12896,#12897);
#12895 = CARTESIAN_POINT('',(79.5,-95.25,1.51));
#12896 = DIRECTION('',(-0.,0.,-1.));
#12897 = DIRECTION('',(-0.,-1.,0.));
#12898 = FACE_BOUND('',#12899,.T.);
#12899 = EDGE_LOOP('',(#12900));
#12900 = ORIENTED_EDGE('',*,*,#12901,.T.);
#12901 = EDGE_CURVE('',#12902,#12902,#12904,.T.);
#12902 = VERTEX_POINT('',#12903);
#12903 = CARTESIAN_POINT('',(102.5,-98.95,1.51));
#12904 = CIRCLE('',#12905,1.5);
#12905 = AXIS2_PLACEMENT_3D('',#12906,#12907,#12908);
#12906 = CARTESIAN_POINT('',(102.5,-97.45,1.51));
#12907 = DIRECTION('',(-0.,0.,-1.));
#12908 = DIRECTION('',(-0.,-1.,0.));
#12909 = FACE_BOUND('',#12910,.T.);
#12910 = EDGE_LOOP('',(#12911));
#12911 = ORIENTED_EDGE('',*,*,#12912,.T.);
#12912 = EDGE_CURVE('',#12913,#12913,#12915,.T.);
#12913 = VERTEX_POINT('',#12914);
#12914 = CARTESIAN_POINT('',(97.5,-96.75,1.51));
#12915 = CIRCLE('',#12916,1.5);
#12916 = AXIS2_PLACEMENT_3D('',#12917,#12918,#12919);
#12917 = CARTESIAN_POINT('',(97.5,-95.25,1.51));
#12918 = DIRECTION('',(-0.,0.,-1.));
#12919 = DIRECTION('',(-0.,-1.,0.));
#12920 = FACE_BOUND('',#12921,.T.);
#12921 = EDGE_LOOP('',(#12922));
#12922 = ORIENTED_EDGE('',*,*,#12923,.T.);
#12923 = EDGE_CURVE('',#12924,#12924,#12926,.T.);
#12924 = VERTEX_POINT('',#12925);
#12925 = CARTESIAN_POINT('',(72.,-92.3509,1.51));
#12926 = CIRCLE('',#12927,0.8509);
#12927 = AXIS2_PLACEMENT_3D('',#12928,#12929,#12930);
#12928 = CARTESIAN_POINT('',(72.,-91.5,1.51));
#12929 = DIRECTION('',(-0.,0.,-1.));
#12930 = DIRECTION('',(-0.,-1.,0.));
#12931 = FACE_BOUND('',#12932,.T.);
#12932 = EDGE_LOOP('',(#12933));
#12933 = ORIENTED_EDGE('',*,*,#12934,.T.);
#12934 = EDGE_CURVE('',#12935,#12935,#12937,.T.);
#12935 = VERTEX_POINT('',#12936);
#12936 = CARTESIAN_POINT('',(79.,-92.3509,1.51));
#12937 = CIRCLE('',#12938,0.8509);
#12938 = AXIS2_PLACEMENT_3D('',#12939,#12940,#12941);
#12939 = CARTESIAN_POINT('',(79.,-91.5,1.51));
#12940 = DIRECTION('',(-0.,0.,-1.));
#12941 = DIRECTION('',(-0.,-1.,0.));
#12942 = FACE_BOUND('',#12943,.T.);
#12943 = EDGE_LOOP('',(#12944));
#12944 = ORIENTED_EDGE('',*,*,#12945,.T.);
#12945 = EDGE_CURVE('',#12946,#12946,#12948,.T.);
#12946 = VERTEX_POINT('',#12947);
#12947 = CARTESIAN_POINT('',(84.5,-93.2145,1.51));
#12948 = CIRCLE('',#12949,1.7145);
#12949 = AXIS2_PLACEMENT_3D('',#12950,#12951,#12952);
#12950 = CARTESIAN_POINT('',(84.5,-91.5,1.51));
#12951 = DIRECTION('',(-0.,0.,-1.));
#12952 = DIRECTION('',(-0.,-1.,0.));
#12953 = FACE_BOUND('',#12954,.T.);
#12954 = EDGE_LOOP('',(#12955));
#12955 = ORIENTED_EDGE('',*,*,#12956,.T.);
#12956 = EDGE_CURVE('',#12957,#12957,#12959,.T.);
#12957 = VERTEX_POINT('',#12958);
#12958 = CARTESIAN_POINT('',(71.72,-87.7953,1.51));
#12959 = CIRCLE('',#12960,0.4953);
#12960 = AXIS2_PLACEMENT_3D('',#12961,#12962,#12963);
#12961 = CARTESIAN_POINT('',(71.72,-87.3,1.51));
#12962 = DIRECTION('',(-0.,0.,-1.));
#12963 = DIRECTION('',(-0.,-1.,0.));
#12964 = FACE_BOUND('',#12965,.T.);
#12965 = EDGE_LOOP('',(#12966));
#12966 = ORIENTED_EDGE('',*,*,#12967,.T.);
#12967 = EDGE_CURVE('',#12968,#12968,#12970,.T.);
#12968 = VERTEX_POINT('',#12969);
#12969 = CARTESIAN_POINT('',(90.,-92.3509,1.51));
#12970 = CIRCLE('',#12971,0.8509);
#12971 = AXIS2_PLACEMENT_3D('',#12972,#12973,#12974);
#12972 = CARTESIAN_POINT('',(90.,-91.5,1.51));
#12973 = DIRECTION('',(-0.,0.,-1.));
#12974 = DIRECTION('',(-0.,-1.,0.));
#12975 = FACE_BOUND('',#12976,.T.);
#12976 = EDGE_LOOP('',(#12977));
#12977 = ORIENTED_EDGE('',*,*,#12978,.T.);
#12978 = EDGE_CURVE('',#12979,#12979,#12981,.T.);
#12979 = VERTEX_POINT('',#12980);
#12980 = CARTESIAN_POINT('',(97.,-92.3509,1.51));
#12981 = CIRCLE('',#12982,0.8509);
#12982 = AXIS2_PLACEMENT_3D('',#12983,#12984,#12985);
#12983 = CARTESIAN_POINT('',(97.,-91.5,1.51));
#12984 = DIRECTION('',(-0.,0.,-1.));
#12985 = DIRECTION('',(-0.,-1.,0.));
#12986 = FACE_BOUND('',#12987,.T.);
#12987 = EDGE_LOOP('',(#12988));
#12988 = ORIENTED_EDGE('',*,*,#12989,.T.);
#12989 = EDGE_CURVE('',#12990,#12990,#12992,.T.);
#12990 = VERTEX_POINT('',#12991);
#12991 = CARTESIAN_POINT('',(102.5,-93.2145,1.51));
#12992 = CIRCLE('',#12993,1.7145);
#12993 = AXIS2_PLACEMENT_3D('',#12994,#12995,#12996);
#12994 = CARTESIAN_POINT('',(102.5,-91.5,1.51));
#12995 = DIRECTION('',(-0.,0.,-1.));
#12996 = DIRECTION('',(-0.,-1.,0.));
#12997 = FACE_BOUND('',#12998,.T.);
#12998 = EDGE_LOOP('',(#12999));
#12999 = ORIENTED_EDGE('',*,*,#13000,.T.);
#13000 = EDGE_CURVE('',#13001,#13001,#13003,.T.);
#13001 = VERTEX_POINT('',#13002);
#13002 = CARTESIAN_POINT('',(108.,-92.3509,1.51));
#13003 = CIRCLE('',#13004,0.8509);
#13004 = AXIS2_PLACEMENT_3D('',#13005,#13006,#13007);
#13005 = CARTESIAN_POINT('',(108.,-91.5,1.51));
#13006 = DIRECTION('',(-0.,0.,-1.));
#13007 = DIRECTION('',(-0.,-1.,0.));
#13008 = FACE_BOUND('',#13009,.T.);
#13009 = EDGE_LOOP('',(#13010));
#13010 = ORIENTED_EDGE('',*,*,#13011,.T.);
#13011 = EDGE_CURVE('',#13012,#13012,#13014,.T.);
#13012 = VERTEX_POINT('',#13013);
#13013 = CARTESIAN_POINT('',(89.72,-87.7953,1.51));
#13014 = CIRCLE('',#13015,0.4953);
#13015 = AXIS2_PLACEMENT_3D('',#13016,#13017,#13018);
#13016 = CARTESIAN_POINT('',(89.72,-87.3,1.51));
#13017 = DIRECTION('',(-0.,0.,-1.));
#13018 = DIRECTION('',(-0.,-1.,0.));
#13019 = FACE_BOUND('',#13020,.T.);
#13020 = EDGE_LOOP('',(#13021));
#13021 = ORIENTED_EDGE('',*,*,#13022,.T.);
#13022 = EDGE_CURVE('',#13023,#13023,#13025,.T.);
#13023 = VERTEX_POINT('',#13024);
#13024 = CARTESIAN_POINT('',(107.72,-87.7953,1.51));
#13025 = CIRCLE('',#13026,0.4953);
#13026 = AXIS2_PLACEMENT_3D('',#13027,#13028,#13029);
#13027 = CARTESIAN_POINT('',(107.72,-87.3,1.51));
#13028 = DIRECTION('',(-0.,0.,-1.));
#13029 = DIRECTION('',(-0.,-1.,0.));
#13030 = FACE_BOUND('',#13031,.T.);
#13031 = EDGE_LOOP('',(#13032));
#13032 = ORIENTED_EDGE('',*,*,#13033,.T.);
#13033 = EDGE_CURVE('',#13034,#13034,#13036,.T.);
#13034 = VERTEX_POINT('',#13035);
#13035 = CARTESIAN_POINT('',(151.5,-113.75,1.51));
#13036 = CIRCLE('',#13037,1.5);
#13037 = AXIS2_PLACEMENT_3D('',#13038,#13039,#13040);
#13038 = CARTESIAN_POINT('',(151.5,-112.25,1.51));
#13039 = DIRECTION('',(-0.,0.,-1.));
#13040 = DIRECTION('',(-0.,-1.,0.));
#13041 = FACE_BOUND('',#13042,.T.);
#13042 = EDGE_LOOP('',(#13043));
#13043 = ORIENTED_EDGE('',*,*,#13044,.T.);
#13044 = EDGE_CURVE('',#13045,#13045,#13047,.T.);
#13045 = VERTEX_POINT('',#13046);
#13046 = CARTESIAN_POINT('',(151.,-109.3509,1.51));
#13047 = CIRCLE('',#13048,0.8509);
#13048 = AXIS2_PLACEMENT_3D('',#13049,#13050,#13051);
#13049 = CARTESIAN_POINT('',(151.,-108.5,1.51));
#13050 = DIRECTION('',(-0.,0.,-1.));
#13051 = DIRECTION('',(-0.,-1.,0.));
#13052 = FACE_BOUND('',#13053,.T.);
#13053 = EDGE_LOOP('',(#13054));
#13054 = ORIENTED_EDGE('',*,*,#13055,.T.);
#13055 = EDGE_CURVE('',#13056,#13056,#13058,.T.);
#13056 = VERTEX_POINT('',#13057);
#13057 = CARTESIAN_POINT('',(156.5,-115.95,1.51));
#13058 = CIRCLE('',#13059,1.5);
#13059 = AXIS2_PLACEMENT_3D('',#13060,#13061,#13062);
#13060 = CARTESIAN_POINT('',(156.5,-114.45,1.51));
#13061 = DIRECTION('',(-0.,0.,-1.));
#13062 = DIRECTION('',(-0.,-1.,0.));
#13063 = FACE_BOUND('',#13064,.T.);
#13064 = EDGE_LOOP('',(#13065));
#13065 = ORIENTED_EDGE('',*,*,#13066,.T.);
#13066 = EDGE_CURVE('',#13067,#13067,#13069,.T.);
#13067 = VERTEX_POINT('',#13068);
#13068 = CARTESIAN_POINT('',(174.5,-115.95,1.51));
#13069 = CIRCLE('',#13070,1.5);
#13070 = AXIS2_PLACEMENT_3D('',#13071,#13072,#13073);
#13071 = CARTESIAN_POINT('',(174.5,-114.45,1.51));
#13072 = DIRECTION('',(-0.,0.,-1.));
#13073 = DIRECTION('',(-0.,-1.,0.));
#13074 = FACE_BOUND('',#13075,.T.);
#13075 = EDGE_LOOP('',(#13076));
#13076 = ORIENTED_EDGE('',*,*,#13077,.T.);
#13077 = EDGE_CURVE('',#13078,#13078,#13080,.T.);
#13078 = VERTEX_POINT('',#13079);
#13079 = CARTESIAN_POINT('',(169.5,-113.75,1.51));
#13080 = CIRCLE('',#13081,1.5);
#13081 = AXIS2_PLACEMENT_3D('',#13082,#13083,#13084);
#13082 = CARTESIAN_POINT('',(169.5,-112.25,1.51));
#13083 = DIRECTION('',(-0.,0.,-1.));
#13084 = DIRECTION('',(-0.,-1.,0.));
#13085 = FACE_BOUND('',#13086,.T.);
#13086 = EDGE_LOOP('',(#13087));
#13087 = ORIENTED_EDGE('',*,*,#13088,.T.);
#13088 = EDGE_CURVE('',#13089,#13089,#13091,.T.);
#13089 = VERTEX_POINT('',#13090);
#13090 = CARTESIAN_POINT('',(156.5,-110.2145,1.51));
#13091 = CIRCLE('',#13092,1.7145);
#13092 = AXIS2_PLACEMENT_3D('',#13093,#13094,#13095);
#13093 = CARTESIAN_POINT('',(156.5,-108.5,1.51));
#13094 = DIRECTION('',(-0.,0.,-1.));
#13095 = DIRECTION('',(-0.,-1.,0.));
#13096 = FACE_BOUND('',#13097,.T.);
#13097 = EDGE_LOOP('',(#13098));
#13098 = ORIENTED_EDGE('',*,*,#13099,.T.);
#13099 = EDGE_CURVE('',#13100,#13100,#13102,.T.);
#13100 = VERTEX_POINT('',#13101);
#13101 = CARTESIAN_POINT('',(162.,-109.3509,1.51));
#13102 = CIRCLE('',#13103,0.8509);
#13103 = AXIS2_PLACEMENT_3D('',#13104,#13105,#13106);
#13104 = CARTESIAN_POINT('',(162.,-108.5,1.51));
#13105 = DIRECTION('',(-0.,0.,-1.));
#13106 = DIRECTION('',(-0.,-1.,0.));
#13107 = FACE_BOUND('',#13108,.T.);
#13108 = EDGE_LOOP('',(#13109));
#13109 = ORIENTED_EDGE('',*,*,#13110,.T.);
#13110 = EDGE_CURVE('',#13111,#13111,#13113,.T.);
#13111 = VERTEX_POINT('',#13112);
#13112 = CARTESIAN_POINT('',(169.,-109.3509,1.51));
#13113 = CIRCLE('',#13114,0.8509);
#13114 = AXIS2_PLACEMENT_3D('',#13115,#13116,#13117);
#13115 = CARTESIAN_POINT('',(169.,-108.5,1.51));
#13116 = DIRECTION('',(-0.,0.,-1.));
#13117 = DIRECTION('',(-0.,-1.,0.));
#13118 = FACE_BOUND('',#13119,.T.);
#13119 = EDGE_LOOP('',(#13120));
#13120 = ORIENTED_EDGE('',*,*,#13121,.T.);
#13121 = EDGE_CURVE('',#13122,#13122,#13124,.T.);
#13122 = VERTEX_POINT('',#13123);
#13123 = CARTESIAN_POINT('',(174.5,-110.2145,1.51));
#13124 = CIRCLE('',#13125,1.7145);
#13125 = AXIS2_PLACEMENT_3D('',#13126,#13127,#13128);
#13126 = CARTESIAN_POINT('',(174.5,-108.5,1.51));
#13127 = DIRECTION('',(-0.,0.,-1.));
#13128 = DIRECTION('',(-0.,-1.,0.));
#13129 = FACE_BOUND('',#13130,.T.);
#13130 = EDGE_LOOP('',(#13131));
#13131 = ORIENTED_EDGE('',*,*,#13132,.T.);
#13132 = EDGE_CURVE('',#13133,#13133,#13135,.T.);
#13133 = VERTEX_POINT('',#13134);
#13134 = CARTESIAN_POINT('',(187.5,-113.75,1.51));
#13135 = CIRCLE('',#13136,1.5);
#13136 = AXIS2_PLACEMENT_3D('',#13137,#13138,#13139);
#13137 = CARTESIAN_POINT('',(187.5,-112.25,1.51));
#13138 = DIRECTION('',(-0.,0.,-1.));
#13139 = DIRECTION('',(-0.,-1.,0.));
#13140 = FACE_BOUND('',#13141,.T.);
#13141 = EDGE_LOOP('',(#13142));
#13142 = ORIENTED_EDGE('',*,*,#13143,.T.);
#13143 = EDGE_CURVE('',#13144,#13144,#13146,.T.);
#13144 = VERTEX_POINT('',#13145);
#13145 = CARTESIAN_POINT('',(192.5,-115.95,1.51));
#13146 = CIRCLE('',#13147,1.5);
#13147 = AXIS2_PLACEMENT_3D('',#13148,#13149,#13150);
#13148 = CARTESIAN_POINT('',(192.5,-114.45,1.51));
#13149 = DIRECTION('',(-0.,0.,-1.));
#13150 = DIRECTION('',(-0.,-1.,0.));
#13151 = FACE_BOUND('',#13152,.T.);
#13152 = EDGE_LOOP('',(#13153));
#13153 = ORIENTED_EDGE('',*,*,#13154,.T.);
#13154 = EDGE_CURVE('',#13155,#13155,#13157,.T.);
#13155 = VERTEX_POINT('',#13156);
#13156 = CARTESIAN_POINT('',(180.,-109.3509,1.51));
#13157 = CIRCLE('',#13158,0.8509);
#13158 = AXIS2_PLACEMENT_3D('',#13159,#13160,#13161);
#13159 = CARTESIAN_POINT('',(180.,-108.5,1.51));
#13160 = DIRECTION('',(-0.,0.,-1.));
#13161 = DIRECTION('',(-0.,-1.,0.));
#13162 = FACE_BOUND('',#13163,.T.);
#13163 = EDGE_LOOP('',(#13164));
#13164 = ORIENTED_EDGE('',*,*,#13165,.T.);
#13165 = EDGE_CURVE('',#13166,#13166,#13168,.T.);
#13166 = VERTEX_POINT('',#13167);
#13167 = CARTESIAN_POINT('',(187.,-109.3509,1.51));
#13168 = CIRCLE('',#13169,0.8509);
#13169 = AXIS2_PLACEMENT_3D('',#13170,#13171,#13172);
#13170 = CARTESIAN_POINT('',(187.,-108.5,1.51));
#13171 = DIRECTION('',(-0.,0.,-1.));
#13172 = DIRECTION('',(-0.,-1.,0.));
#13173 = FACE_BOUND('',#13174,.T.);
#13174 = EDGE_LOOP('',(#13175));
#13175 = ORIENTED_EDGE('',*,*,#13176,.T.);
#13176 = EDGE_CURVE('',#13177,#13177,#13179,.T.);
#13177 = VERTEX_POINT('',#13178);
#13178 = CARTESIAN_POINT('',(192.5,-110.2145,1.51));
#13179 = CIRCLE('',#13180,1.7145);
#13180 = AXIS2_PLACEMENT_3D('',#13181,#13182,#13183);
#13181 = CARTESIAN_POINT('',(192.5,-108.5,1.51));
#13182 = DIRECTION('',(-0.,0.,-1.));
#13183 = DIRECTION('',(-0.,-1.,0.));
#13184 = FACE_BOUND('',#13185,.T.);
#13185 = EDGE_LOOP('',(#13186));
#13186 = ORIENTED_EDGE('',*,*,#13187,.T.);
#13187 = EDGE_CURVE('',#13188,#13188,#13190,.T.);
#13188 = VERTEX_POINT('',#13189);
#13189 = CARTESIAN_POINT('',(198.,-109.3509,1.51));
#13190 = CIRCLE('',#13191,0.8509);
#13191 = AXIS2_PLACEMENT_3D('',#13192,#13193,#13194);
#13192 = CARTESIAN_POINT('',(198.,-108.5,1.51));
#13193 = DIRECTION('',(-0.,0.,-1.));
#13194 = DIRECTION('',(-0.,-1.,0.));
#13195 = FACE_BOUND('',#13196,.T.);
#13196 = EDGE_LOOP('',(#13197));
#13197 = ORIENTED_EDGE('',*,*,#13198,.T.);
#13198 = EDGE_CURVE('',#13199,#13199,#13201,.T.);
#13199 = VERTEX_POINT('',#13200);
#13200 = CARTESIAN_POINT('',(161.72,-104.7953,1.51));
#13201 = CIRCLE('',#13202,0.4953);
#13202 = AXIS2_PLACEMENT_3D('',#13203,#13204,#13205);
#13203 = CARTESIAN_POINT('',(161.72,-104.3,1.51));
#13204 = DIRECTION('',(-0.,0.,-1.));
#13205 = DIRECTION('',(-5.738281734385E-14,-1.,0.));
#13206 = FACE_BOUND('',#13207,.T.);
#13207 = EDGE_LOOP('',(#13208));
#13208 = ORIENTED_EDGE('',*,*,#13209,.T.);
#13209 = EDGE_CURVE('',#13210,#13210,#13212,.T.);
#13210 = VERTEX_POINT('',#13211);
#13211 = CARTESIAN_POINT('',(179.72,-104.7953,1.51));
#13212 = CIRCLE('',#13213,0.4953);
#13213 = AXIS2_PLACEMENT_3D('',#13214,#13215,#13216);
#13214 = CARTESIAN_POINT('',(179.72,-104.3,1.51));
#13215 = DIRECTION('',(-0.,0.,-1.));
#13216 = DIRECTION('',(-5.738281734385E-14,-1.,0.));
#13217 = FACE_BOUND('',#13218,.T.);
#13218 = EDGE_LOOP('',(#13219));
#13219 = ORIENTED_EDGE('',*,*,#13220,.T.);
#13220 = EDGE_CURVE('',#13221,#13221,#13223,.T.);
#13221 = VERTEX_POINT('',#13222);
#13222 = CARTESIAN_POINT('',(197.72,-104.7953,1.51));
#13223 = CIRCLE('',#13224,0.4953);
#13224 = AXIS2_PLACEMENT_3D('',#13225,#13226,#13227);
#13225 = CARTESIAN_POINT('',(197.72,-104.3,1.51));
#13226 = DIRECTION('',(-0.,0.,-1.));
#13227 = DIRECTION('',(-5.738281734385E-14,-1.,0.));
#13228 = FACE_BOUND('',#13229,.T.);
#13229 = EDGE_LOOP('',(#13230));
#13230 = ORIENTED_EDGE('',*,*,#13231,.T.);
#13231 = EDGE_CURVE('',#13232,#13232,#13234,.T.);
#13232 = VERTEX_POINT('',#13233);
#13233 = CARTESIAN_POINT('',(120.525,-98.875,1.51));
#13234 = CIRCLE('',#13235,1.5);
#13235 = AXIS2_PLACEMENT_3D('',#13236,#13237,#13238);
#13236 = CARTESIAN_POINT('',(120.525,-97.375,1.51));
#13237 = DIRECTION('',(-0.,0.,-1.));
#13238 = DIRECTION('',(-0.,-1.,0.));
#13239 = FACE_BOUND('',#13240,.T.);
#13240 = EDGE_LOOP('',(#13241));
#13241 = ORIENTED_EDGE('',*,*,#13242,.T.);
#13242 = EDGE_CURVE('',#13243,#13243,#13245,.T.);
#13243 = VERTEX_POINT('',#13244);
#13244 = CARTESIAN_POINT('',(115.525,-96.675,1.51));
#13245 = CIRCLE('',#13246,1.5);
#13246 = AXIS2_PLACEMENT_3D('',#13247,#13248,#13249);
#13247 = CARTESIAN_POINT('',(115.525,-95.175,1.51));
#13248 = DIRECTION('',(-0.,0.,-1.));
#13249 = DIRECTION('',(-0.,-1.,0.));
#13250 = FACE_BOUND('',#13251,.T.);
#13251 = EDGE_LOOP('',(#13252));
#13252 = ORIENTED_EDGE('',*,*,#13253,.T.);
#13253 = EDGE_CURVE('',#13254,#13254,#13256,.T.);
#13254 = VERTEX_POINT('',#13255);
#13255 = CARTESIAN_POINT('',(138.45,-98.9,1.51));
#13256 = CIRCLE('',#13257,1.5);
#13257 = AXIS2_PLACEMENT_3D('',#13258,#13259,#13260);
#13258 = CARTESIAN_POINT('',(138.45,-97.4,1.51));
#13259 = DIRECTION('',(-0.,0.,-1.));
#13260 = DIRECTION('',(-0.,-1.,0.));
#13261 = FACE_BOUND('',#13262,.T.);
#13262 = EDGE_LOOP('',(#13263));
#13263 = ORIENTED_EDGE('',*,*,#13264,.T.);
#13264 = EDGE_CURVE('',#13265,#13265,#13267,.T.);
#13265 = VERTEX_POINT('',#13266);
#13266 = CARTESIAN_POINT('',(133.45,-96.7,1.51));
#13267 = CIRCLE('',#13268,1.5);
#13268 = AXIS2_PLACEMENT_3D('',#13269,#13270,#13271);
#13269 = CARTESIAN_POINT('',(133.45,-95.2,1.51));
#13270 = DIRECTION('',(-0.,0.,-1.));
#13271 = DIRECTION('',(-0.,-1.,0.));
#13272 = FACE_BOUND('',#13273,.T.);
#13273 = EDGE_LOOP('',(#13274));
#13274 = ORIENTED_EDGE('',*,*,#13275,.T.);
#13275 = EDGE_CURVE('',#13276,#13276,#13278,.T.);
#13276 = VERTEX_POINT('',#13277);
#13277 = CARTESIAN_POINT('',(151.5,-96.75,1.51));
#13278 = CIRCLE('',#13279,1.5);
#13279 = AXIS2_PLACEMENT_3D('',#13280,#13281,#13282);
#13280 = CARTESIAN_POINT('',(151.5,-95.25,1.51));
#13281 = DIRECTION('',(-0.,0.,-1.));
#13282 = DIRECTION('',(-0.,-1.,0.));
#13283 = FACE_BOUND('',#13284,.T.);
#13284 = EDGE_LOOP('',(#13285));
#13285 = ORIENTED_EDGE('',*,*,#13286,.T.);
#13286 = EDGE_CURVE('',#13287,#13287,#13289,.T.);
#13287 = VERTEX_POINT('',#13288);
#13288 = CARTESIAN_POINT('',(115.025,-92.2759,1.51));
#13289 = CIRCLE('',#13290,0.8509);
#13290 = AXIS2_PLACEMENT_3D('',#13291,#13292,#13293);
#13291 = CARTESIAN_POINT('',(115.025,-91.425,1.51));
#13292 = DIRECTION('',(-0.,0.,-1.));
#13293 = DIRECTION('',(-0.,-1.,0.));
#13294 = FACE_BOUND('',#13295,.T.);
#13295 = EDGE_LOOP('',(#13296));
#13296 = ORIENTED_EDGE('',*,*,#13297,.T.);
#13297 = EDGE_CURVE('',#13298,#13298,#13300,.T.);
#13298 = VERTEX_POINT('',#13299);
#13299 = CARTESIAN_POINT('',(120.525,-93.1395,1.51));
#13300 = CIRCLE('',#13301,1.7145);
#13301 = AXIS2_PLACEMENT_3D('',#13302,#13303,#13304);
#13302 = CARTESIAN_POINT('',(120.525,-91.425,1.51));
#13303 = DIRECTION('',(-0.,0.,-1.));
#13304 = DIRECTION('',(-0.,-1.,0.));
#13305 = FACE_BOUND('',#13306,.T.);
#13306 = EDGE_LOOP('',(#13307));
#13307 = ORIENTED_EDGE('',*,*,#13308,.T.);
#13308 = EDGE_CURVE('',#13309,#13309,#13311,.T.);
#13309 = VERTEX_POINT('',#13310);
#13310 = CARTESIAN_POINT('',(126.025,-92.2759,1.51));
#13311 = CIRCLE('',#13312,0.8509);
#13312 = AXIS2_PLACEMENT_3D('',#13313,#13314,#13315);
#13313 = CARTESIAN_POINT('',(126.025,-91.425,1.51));
#13314 = DIRECTION('',(-0.,0.,-1.));
#13315 = DIRECTION('',(-0.,-1.,0.));
#13316 = FACE_BOUND('',#13317,.T.);
#13317 = EDGE_LOOP('',(#13318));
#13318 = ORIENTED_EDGE('',*,*,#13319,.T.);
#13319 = EDGE_CURVE('',#13320,#13320,#13322,.T.);
#13320 = VERTEX_POINT('',#13321);
#13321 = CARTESIAN_POINT('',(132.95,-92.3009,1.51));
#13322 = CIRCLE('',#13323,0.8509);
#13323 = AXIS2_PLACEMENT_3D('',#13324,#13325,#13326);
#13324 = CARTESIAN_POINT('',(132.95,-91.45,1.51));
#13325 = DIRECTION('',(-0.,0.,-1.));
#13326 = DIRECTION('',(-0.,-1.,0.));
#13327 = FACE_BOUND('',#13328,.T.);
#13328 = EDGE_LOOP('',(#13329));
#13329 = ORIENTED_EDGE('',*,*,#13330,.T.);
#13330 = EDGE_CURVE('',#13331,#13331,#13333,.T.);
#13331 = VERTEX_POINT('',#13332);
#13332 = CARTESIAN_POINT('',(125.745,-87.7203,1.51));
#13333 = CIRCLE('',#13334,0.4953);
#13334 = AXIS2_PLACEMENT_3D('',#13335,#13336,#13337);
#13335 = CARTESIAN_POINT('',(125.745,-87.225,1.51));
#13336 = DIRECTION('',(-0.,0.,-1.));
#13337 = DIRECTION('',(-0.,-1.,0.));
#13338 = FACE_BOUND('',#13339,.T.);
#13339 = EDGE_LOOP('',(#13340));
#13340 = ORIENTED_EDGE('',*,*,#13341,.T.);
#13341 = EDGE_CURVE('',#13342,#13342,#13344,.T.);
#13342 = VERTEX_POINT('',#13343);
#13343 = CARTESIAN_POINT('',(138.45,-93.1645,1.51));
#13344 = CIRCLE('',#13345,1.7145);
#13345 = AXIS2_PLACEMENT_3D('',#13346,#13347,#13348);
#13346 = CARTESIAN_POINT('',(138.45,-91.45,1.51));
#13347 = DIRECTION('',(-0.,0.,-1.));
#13348 = DIRECTION('',(-0.,-1.,0.));
#13349 = FACE_BOUND('',#13350,.T.);
#13350 = EDGE_LOOP('',(#13351));
#13351 = ORIENTED_EDGE('',*,*,#13352,.T.);
#13352 = EDGE_CURVE('',#13353,#13353,#13355,.T.);
#13353 = VERTEX_POINT('',#13354);
#13354 = CARTESIAN_POINT('',(143.95,-92.3009,1.51));
#13355 = CIRCLE('',#13356,0.8509);
#13356 = AXIS2_PLACEMENT_3D('',#13357,#13358,#13359);
#13357 = CARTESIAN_POINT('',(143.95,-91.45,1.51));
#13358 = DIRECTION('',(-0.,0.,-1.));
#13359 = DIRECTION('',(-0.,-1.,0.));
#13360 = FACE_BOUND('',#13361,.T.);
#13361 = EDGE_LOOP('',(#13362));
#13362 = ORIENTED_EDGE('',*,*,#13363,.T.);
#13363 = EDGE_CURVE('',#13364,#13364,#13366,.T.);
#13364 = VERTEX_POINT('',#13365);
#13365 = CARTESIAN_POINT('',(151.,-92.3509,1.51));
#13366 = CIRCLE('',#13367,0.8509);
#13367 = AXIS2_PLACEMENT_3D('',#13368,#13369,#13370);
#13368 = CARTESIAN_POINT('',(151.,-91.5,1.51));
#13369 = DIRECTION('',(-0.,0.,-1.));
#13370 = DIRECTION('',(-0.,-1.,0.));
#13371 = FACE_BOUND('',#13372,.T.);
#13372 = EDGE_LOOP('',(#13373));
#13373 = ORIENTED_EDGE('',*,*,#13374,.T.);
#13374 = EDGE_CURVE('',#13375,#13375,#13377,.T.);
#13375 = VERTEX_POINT('',#13376);
#13376 = CARTESIAN_POINT('',(143.67,-87.7453,1.51));
#13377 = CIRCLE('',#13378,0.4953);
#13378 = AXIS2_PLACEMENT_3D('',#13379,#13380,#13381);
#13379 = CARTESIAN_POINT('',(143.67,-87.25,1.51));
#13380 = DIRECTION('',(-0.,0.,-1.));
#13381 = DIRECTION('',(-5.738281734384E-14,-1.,0.));
#13382 = FACE_BOUND('',#13383,.T.);
#13383 = EDGE_LOOP('',(#13384));
#13384 = ORIENTED_EDGE('',*,*,#13385,.T.);
#13385 = EDGE_CURVE('',#13386,#13386,#13388,.T.);
#13386 = VERTEX_POINT('',#13387);
#13387 = CARTESIAN_POINT('',(156.5,-98.95,1.51));
#13388 = CIRCLE('',#13389,1.5);
#13389 = AXIS2_PLACEMENT_3D('',#13390,#13391,#13392);
#13390 = CARTESIAN_POINT('',(156.5,-97.45,1.51));
#13391 = DIRECTION('',(-0.,0.,-1.));
#13392 = DIRECTION('',(-0.,-1.,0.));
#13393 = FACE_BOUND('',#13394,.T.);
#13394 = EDGE_LOOP('',(#13395));
#13395 = ORIENTED_EDGE('',*,*,#13396,.T.);
#13396 = EDGE_CURVE('',#13397,#13397,#13399,.T.);
#13397 = VERTEX_POINT('',#13398);
#13398 = CARTESIAN_POINT('',(174.5,-98.95,1.51));
#13399 = CIRCLE('',#13400,1.5);
#13400 = AXIS2_PLACEMENT_3D('',#13401,#13402,#13403);
#13401 = CARTESIAN_POINT('',(174.5,-97.45,1.51));
#13402 = DIRECTION('',(-0.,0.,-1.));
#13403 = DIRECTION('',(-0.,-1.,0.));
#13404 = FACE_BOUND('',#13405,.T.);
#13405 = EDGE_LOOP('',(#13406));
#13406 = ORIENTED_EDGE('',*,*,#13407,.T.);
#13407 = EDGE_CURVE('',#13408,#13408,#13410,.T.);
#13408 = VERTEX_POINT('',#13409);
#13409 = CARTESIAN_POINT('',(169.5,-96.75,1.51));
#13410 = CIRCLE('',#13411,1.5);
#13411 = AXIS2_PLACEMENT_3D('',#13412,#13413,#13414);
#13412 = CARTESIAN_POINT('',(169.5,-95.25,1.51));
#13413 = DIRECTION('',(-0.,0.,-1.));
#13414 = DIRECTION('',(-0.,-1.,0.));
#13415 = FACE_BOUND('',#13416,.T.);
#13416 = EDGE_LOOP('',(#13417));
#13417 = ORIENTED_EDGE('',*,*,#13418,.T.);
#13418 = EDGE_CURVE('',#13419,#13419,#13421,.T.);
#13419 = VERTEX_POINT('',#13420);
#13420 = CARTESIAN_POINT('',(192.475,-98.95,1.51));
#13421 = CIRCLE('',#13422,1.5);
#13422 = AXIS2_PLACEMENT_3D('',#13423,#13424,#13425);
#13423 = CARTESIAN_POINT('',(192.475,-97.45,1.51));
#13424 = DIRECTION('',(-0.,0.,-1.));
#13425 = DIRECTION('',(-0.,-1.,0.));
#13426 = FACE_BOUND('',#13427,.T.);
#13427 = EDGE_LOOP('',(#13428));
#13428 = ORIENTED_EDGE('',*,*,#13429,.T.);
#13429 = EDGE_CURVE('',#13430,#13430,#13432,.T.);
#13430 = VERTEX_POINT('',#13431);
#13431 = CARTESIAN_POINT('',(187.475,-96.75,1.51));
#13432 = CIRCLE('',#13433,1.5);
#13433 = AXIS2_PLACEMENT_3D('',#13434,#13435,#13436);
#13434 = CARTESIAN_POINT('',(187.475,-95.25,1.51));
#13435 = DIRECTION('',(-0.,0.,-1.));
#13436 = DIRECTION('',(-0.,-1.,0.));
#13437 = FACE_BOUND('',#13438,.T.);
#13438 = EDGE_LOOP('',(#13439));
#13439 = ORIENTED_EDGE('',*,*,#13440,.T.);
#13440 = EDGE_CURVE('',#13441,#13441,#13443,.T.);
#13441 = VERTEX_POINT('',#13442);
#13442 = CARTESIAN_POINT('',(156.5,-93.2145,1.51));
#13443 = CIRCLE('',#13444,1.7145);
#13444 = AXIS2_PLACEMENT_3D('',#13445,#13446,#13447);
#13445 = CARTESIAN_POINT('',(156.5,-91.5,1.51));
#13446 = DIRECTION('',(-0.,0.,-1.));
#13447 = DIRECTION('',(-0.,-1.,0.));
#13448 = FACE_BOUND('',#13449,.T.);
#13449 = EDGE_LOOP('',(#13450));
#13450 = ORIENTED_EDGE('',*,*,#13451,.T.);
#13451 = EDGE_CURVE('',#13452,#13452,#13454,.T.);
#13452 = VERTEX_POINT('',#13453);
#13453 = CARTESIAN_POINT('',(162.,-92.3509,1.51));
#13454 = CIRCLE('',#13455,0.8509);
#13455 = AXIS2_PLACEMENT_3D('',#13456,#13457,#13458);
#13456 = CARTESIAN_POINT('',(162.,-91.5,1.51));
#13457 = DIRECTION('',(-0.,0.,-1.));
#13458 = DIRECTION('',(-0.,-1.,0.));
#13459 = FACE_BOUND('',#13460,.T.);
#13460 = EDGE_LOOP('',(#13461));
#13461 = ORIENTED_EDGE('',*,*,#13462,.T.);
#13462 = EDGE_CURVE('',#13463,#13463,#13465,.T.);
#13463 = VERTEX_POINT('',#13464);
#13464 = CARTESIAN_POINT('',(169.,-92.3509,1.51));
#13465 = CIRCLE('',#13466,0.8509);
#13466 = AXIS2_PLACEMENT_3D('',#13467,#13468,#13469);
#13467 = CARTESIAN_POINT('',(169.,-91.5,1.51));
#13468 = DIRECTION('',(-0.,0.,-1.));
#13469 = DIRECTION('',(-0.,-1.,0.));
#13470 = FACE_BOUND('',#13471,.T.);
#13471 = EDGE_LOOP('',(#13472));
#13472 = ORIENTED_EDGE('',*,*,#13473,.T.);
#13473 = EDGE_CURVE('',#13474,#13474,#13476,.T.);
#13474 = VERTEX_POINT('',#13475);
#13475 = CARTESIAN_POINT('',(174.5,-93.2145,1.51));
#13476 = CIRCLE('',#13477,1.7145);
#13477 = AXIS2_PLACEMENT_3D('',#13478,#13479,#13480);
#13478 = CARTESIAN_POINT('',(174.5,-91.5,1.51));
#13479 = DIRECTION('',(-0.,0.,-1.));
#13480 = DIRECTION('',(-0.,-1.,0.));
#13481 = FACE_BOUND('',#13482,.T.);
#13482 = EDGE_LOOP('',(#13483));
#13483 = ORIENTED_EDGE('',*,*,#13484,.T.);
#13484 = EDGE_CURVE('',#13485,#13485,#13487,.T.);
#13485 = VERTEX_POINT('',#13486);
#13486 = CARTESIAN_POINT('',(161.72,-87.7953,1.51));
#13487 = CIRCLE('',#13488,0.4953);
#13488 = AXIS2_PLACEMENT_3D('',#13489,#13490,#13491);
#13489 = CARTESIAN_POINT('',(161.72,-87.3,1.51));
#13490 = DIRECTION('',(-0.,0.,-1.));
#13491 = DIRECTION('',(-5.738281734385E-14,-1.,0.));
#13492 = FACE_BOUND('',#13493,.T.);
#13493 = EDGE_LOOP('',(#13494));
#13494 = ORIENTED_EDGE('',*,*,#13495,.T.);
#13495 = EDGE_CURVE('',#13496,#13496,#13498,.T.);
#13496 = VERTEX_POINT('',#13497);
#13497 = CARTESIAN_POINT('',(180.,-92.3509,1.51));
#13498 = CIRCLE('',#13499,0.8509);
#13499 = AXIS2_PLACEMENT_3D('',#13500,#13501,#13502);
#13500 = CARTESIAN_POINT('',(180.,-91.5,1.51));
#13501 = DIRECTION('',(-0.,0.,-1.));
#13502 = DIRECTION('',(-0.,-1.,0.));
#13503 = FACE_BOUND('',#13504,.T.);
#13504 = EDGE_LOOP('',(#13505));
#13505 = ORIENTED_EDGE('',*,*,#13506,.T.);
#13506 = EDGE_CURVE('',#13507,#13507,#13509,.T.);
#13507 = VERTEX_POINT('',#13508);
#13508 = CARTESIAN_POINT('',(186.975,-92.3509,1.51));
#13509 = CIRCLE('',#13510,0.8509);
#13510 = AXIS2_PLACEMENT_3D('',#13511,#13512,#13513);
#13511 = CARTESIAN_POINT('',(186.975,-91.5,1.51));
#13512 = DIRECTION('',(-0.,0.,-1.));
#13513 = DIRECTION('',(-0.,-1.,0.));
#13514 = FACE_BOUND('',#13515,.T.);
#13515 = EDGE_LOOP('',(#13516));
#13516 = ORIENTED_EDGE('',*,*,#13517,.T.);
#13517 = EDGE_CURVE('',#13518,#13518,#13520,.T.);
#13518 = VERTEX_POINT('',#13519);
#13519 = CARTESIAN_POINT('',(192.475,-93.2145,1.51));
#13520 = CIRCLE('',#13521,1.7145);
#13521 = AXIS2_PLACEMENT_3D('',#13522,#13523,#13524);
#13522 = CARTESIAN_POINT('',(192.475,-91.5,1.51));
#13523 = DIRECTION('',(-0.,0.,-1.));
#13524 = DIRECTION('',(-1.657725834378E-14,-1.,0.));
#13525 = FACE_BOUND('',#13526,.T.);
#13526 = EDGE_LOOP('',(#13527));
#13527 = ORIENTED_EDGE('',*,*,#13528,.T.);
#13528 = EDGE_CURVE('',#13529,#13529,#13531,.T.);
#13529 = VERTEX_POINT('',#13530);
#13530 = CARTESIAN_POINT('',(197.975,-92.3509,1.51));
#13531 = CIRCLE('',#13532,0.8509);
#13532 = AXIS2_PLACEMENT_3D('',#13533,#13534,#13535);
#13533 = CARTESIAN_POINT('',(197.975,-91.5,1.51));
#13534 = DIRECTION('',(-0.,0.,-1.));
#13535 = DIRECTION('',(-0.,-1.,0.));
#13536 = FACE_BOUND('',#13537,.T.);
#13537 = EDGE_LOOP('',(#13538));
#13538 = ORIENTED_EDGE('',*,*,#13539,.T.);
#13539 = EDGE_CURVE('',#13540,#13540,#13542,.T.);
#13540 = VERTEX_POINT('',#13541);
#13541 = CARTESIAN_POINT('',(179.72,-87.7953,1.51));
#13542 = CIRCLE('',#13543,0.4953);
#13543 = AXIS2_PLACEMENT_3D('',#13544,#13545,#13546);
#13544 = CARTESIAN_POINT('',(179.72,-87.3,1.51));
#13545 = DIRECTION('',(-0.,0.,-1.));
#13546 = DIRECTION('',(-5.738281734385E-14,-1.,0.));
#13547 = FACE_BOUND('',#13548,.T.);
#13548 = EDGE_LOOP('',(#13549));
#13549 = ORIENTED_EDGE('',*,*,#13550,.T.);
#13550 = EDGE_CURVE('',#13551,#13551,#13553,.T.);
#13551 = VERTEX_POINT('',#13552);
#13552 = CARTESIAN_POINT('',(197.695,-87.7953,1.51));
#13553 = CIRCLE('',#13554,0.4953);
#13554 = AXIS2_PLACEMENT_3D('',#13555,#13556,#13557);
#13555 = CARTESIAN_POINT('',(197.695,-87.3,1.51));
#13556 = DIRECTION('',(-0.,0.,-1.));
#13557 = DIRECTION('',(-0.,-1.,0.));
#13558 = FACE_BOUND('',#13559,.T.);
#13559 = EDGE_LOOP('',(#13560));
#13560 = ORIENTED_EDGE('',*,*,#13561,.T.);
#13561 = EDGE_CURVE('',#13562,#13562,#13564,.T.);
#13562 = VERTEX_POINT('',#13563);
#13563 = CARTESIAN_POINT('',(30.5,-81.95,1.51));
#13564 = CIRCLE('',#13565,1.5);
#13565 = AXIS2_PLACEMENT_3D('',#13566,#13567,#13568);
#13566 = CARTESIAN_POINT('',(30.5,-80.45,1.51));
#13567 = DIRECTION('',(-0.,0.,-1.));
#13568 = DIRECTION('',(-0.,-1.,0.));
#13569 = FACE_BOUND('',#13570,.T.);
#13570 = EDGE_LOOP('',(#13571));
#13571 = ORIENTED_EDGE('',*,*,#13572,.T.);
#13572 = EDGE_CURVE('',#13573,#13573,#13575,.T.);
#13573 = VERTEX_POINT('',#13574);
#13574 = CARTESIAN_POINT('',(25.5,-79.75,1.51));
#13575 = CIRCLE('',#13576,1.5);
#13576 = AXIS2_PLACEMENT_3D('',#13577,#13578,#13579);
#13577 = CARTESIAN_POINT('',(25.5,-78.25,1.51));
#13578 = DIRECTION('',(-0.,0.,-1.));
#13579 = DIRECTION('',(-0.,-1.,0.));
#13580 = FACE_BOUND('',#13581,.T.);
#13581 = EDGE_LOOP('',(#13582));
#13582 = ORIENTED_EDGE('',*,*,#13583,.T.);
#13583 = EDGE_CURVE('',#13584,#13584,#13586,.T.);
#13584 = VERTEX_POINT('',#13585);
#13585 = CARTESIAN_POINT('',(43.5,-79.75,1.51));
#13586 = CIRCLE('',#13587,1.5);
#13587 = AXIS2_PLACEMENT_3D('',#13588,#13589,#13590);
#13588 = CARTESIAN_POINT('',(43.5,-78.25,1.51));
#13589 = DIRECTION('',(-0.,0.,-1.));
#13590 = DIRECTION('',(-0.,-1.,0.));
#13591 = FACE_BOUND('',#13592,.T.);
#13592 = EDGE_LOOP('',(#13593));
#13593 = ORIENTED_EDGE('',*,*,#13594,.T.);
#13594 = EDGE_CURVE('',#13595,#13595,#13597,.T.);
#13595 = VERTEX_POINT('',#13596);
#13596 = CARTESIAN_POINT('',(48.5,-81.95,1.51));
#13597 = CIRCLE('',#13598,1.5);
#13598 = AXIS2_PLACEMENT_3D('',#13599,#13600,#13601);
#13599 = CARTESIAN_POINT('',(48.5,-80.45,1.51));
#13600 = DIRECTION('',(-0.,0.,-1.));
#13601 = DIRECTION('',(-0.,-1.,0.));
#13602 = FACE_BOUND('',#13603,.T.);
#13603 = EDGE_LOOP('',(#13604));
#13604 = ORIENTED_EDGE('',*,*,#13605,.T.);
#13605 = EDGE_CURVE('',#13606,#13606,#13608,.T.);
#13606 = VERTEX_POINT('',#13607);
#13607 = CARTESIAN_POINT('',(66.5,-81.95,1.51));
#13608 = CIRCLE('',#13609,1.5);
#13609 = AXIS2_PLACEMENT_3D('',#13610,#13611,#13612);
#13610 = CARTESIAN_POINT('',(66.5,-80.45,1.51));
#13611 = DIRECTION('',(-0.,0.,-1.));
#13612 = DIRECTION('',(-0.,-1.,0.));
#13613 = FACE_BOUND('',#13614,.T.);
#13614 = EDGE_LOOP('',(#13615));
#13615 = ORIENTED_EDGE('',*,*,#13616,.T.);
#13616 = EDGE_CURVE('',#13617,#13617,#13619,.T.);
#13617 = VERTEX_POINT('',#13618);
#13618 = CARTESIAN_POINT('',(61.5,-79.75,1.51));
#13619 = CIRCLE('',#13620,1.5);
#13620 = AXIS2_PLACEMENT_3D('',#13621,#13622,#13623);
#13621 = CARTESIAN_POINT('',(61.5,-78.25,1.51));
#13622 = DIRECTION('',(-0.,0.,-1.));
#13623 = DIRECTION('',(-0.,-1.,0.));
#13624 = FACE_BOUND('',#13625,.T.);
#13625 = EDGE_LOOP('',(#13626));
#13626 = ORIENTED_EDGE('',*,*,#13627,.T.);
#13627 = EDGE_CURVE('',#13628,#13628,#13630,.T.);
#13628 = VERTEX_POINT('',#13629);
#13629 = CARTESIAN_POINT('',(25.,-75.3509,1.51));
#13630 = CIRCLE('',#13631,0.8509);
#13631 = AXIS2_PLACEMENT_3D('',#13632,#13633,#13634);
#13632 = CARTESIAN_POINT('',(25.,-74.5,1.51));
#13633 = DIRECTION('',(-0.,0.,-1.));
#13634 = DIRECTION('',(-0.,-1.,0.));
#13635 = FACE_BOUND('',#13636,.T.);
#13636 = EDGE_LOOP('',(#13637));
#13637 = ORIENTED_EDGE('',*,*,#13638,.T.);
#13638 = EDGE_CURVE('',#13639,#13639,#13641,.T.);
#13639 = VERTEX_POINT('',#13640);
#13640 = CARTESIAN_POINT('',(30.5,-76.2145,1.51));
#13641 = CIRCLE('',#13642,1.7145);
#13642 = AXIS2_PLACEMENT_3D('',#13643,#13644,#13645);
#13643 = CARTESIAN_POINT('',(30.5,-74.5,1.51));
#13644 = DIRECTION('',(-0.,0.,-1.));
#13645 = DIRECTION('',(-0.,-1.,0.));
#13646 = FACE_BOUND('',#13647,.T.);
#13647 = EDGE_LOOP('',(#13648));
#13648 = ORIENTED_EDGE('',*,*,#13649,.T.);
#13649 = EDGE_CURVE('',#13650,#13650,#13652,.T.);
#13650 = VERTEX_POINT('',#13651);
#13651 = CARTESIAN_POINT('',(36.,-75.3509,1.51));
#13652 = CIRCLE('',#13653,0.8509);
#13653 = AXIS2_PLACEMENT_3D('',#13654,#13655,#13656);
#13654 = CARTESIAN_POINT('',(36.,-74.5,1.51));
#13655 = DIRECTION('',(-0.,0.,-1.));
#13656 = DIRECTION('',(-0.,-1.,0.));
#13657 = FACE_BOUND('',#13658,.T.);
#13658 = EDGE_LOOP('',(#13659));
#13659 = ORIENTED_EDGE('',*,*,#13660,.T.);
#13660 = EDGE_CURVE('',#13661,#13661,#13663,.T.);
#13661 = VERTEX_POINT('',#13662);
#13662 = CARTESIAN_POINT('',(43.,-75.3509,1.51));
#13663 = CIRCLE('',#13664,0.8509);
#13664 = AXIS2_PLACEMENT_3D('',#13665,#13666,#13667);
#13665 = CARTESIAN_POINT('',(43.,-74.5,1.51));
#13666 = DIRECTION('',(-0.,0.,-1.));
#13667 = DIRECTION('',(-0.,-1.,0.));
#13668 = FACE_BOUND('',#13669,.T.);
#13669 = EDGE_LOOP('',(#13670));
#13670 = ORIENTED_EDGE('',*,*,#13671,.T.);
#13671 = EDGE_CURVE('',#13672,#13672,#13674,.T.);
#13672 = VERTEX_POINT('',#13673);
#13673 = CARTESIAN_POINT('',(35.72,-70.7953,1.51));
#13674 = CIRCLE('',#13675,0.4953);
#13675 = AXIS2_PLACEMENT_3D('',#13676,#13677,#13678);
#13676 = CARTESIAN_POINT('',(35.72,-70.3,1.51));
#13677 = DIRECTION('',(-0.,0.,-1.));
#13678 = DIRECTION('',(-0.,-1.,0.));
#13679 = FACE_BOUND('',#13680,.T.);
#13680 = EDGE_LOOP('',(#13681));
#13681 = ORIENTED_EDGE('',*,*,#13682,.T.);
#13682 = EDGE_CURVE('',#13683,#13683,#13685,.T.);
#13683 = VERTEX_POINT('',#13684);
#13684 = CARTESIAN_POINT('',(48.5,-76.2145,1.51));
#13685 = CIRCLE('',#13686,1.7145);
#13686 = AXIS2_PLACEMENT_3D('',#13687,#13688,#13689);
#13687 = CARTESIAN_POINT('',(48.5,-74.5,1.51));
#13688 = DIRECTION('',(-0.,0.,-1.));
#13689 = DIRECTION('',(-0.,-1.,0.));
#13690 = FACE_BOUND('',#13691,.T.);
#13691 = EDGE_LOOP('',(#13692));
#13692 = ORIENTED_EDGE('',*,*,#13693,.T.);
#13693 = EDGE_CURVE('',#13694,#13694,#13696,.T.);
#13694 = VERTEX_POINT('',#13695);
#13695 = CARTESIAN_POINT('',(54.,-75.3509,1.51));
#13696 = CIRCLE('',#13697,0.8509);
#13697 = AXIS2_PLACEMENT_3D('',#13698,#13699,#13700);
#13698 = CARTESIAN_POINT('',(54.,-74.5,1.51));
#13699 = DIRECTION('',(-0.,0.,-1.));
#13700 = DIRECTION('',(-0.,-1.,0.));
#13701 = FACE_BOUND('',#13702,.T.);
#13702 = EDGE_LOOP('',(#13703));
#13703 = ORIENTED_EDGE('',*,*,#13704,.T.);
#13704 = EDGE_CURVE('',#13705,#13705,#13707,.T.);
#13705 = VERTEX_POINT('',#13706);
#13706 = CARTESIAN_POINT('',(61.,-75.3509,1.51));
#13707 = CIRCLE('',#13708,0.8509);
#13708 = AXIS2_PLACEMENT_3D('',#13709,#13710,#13711);
#13709 = CARTESIAN_POINT('',(61.,-74.5,1.51));
#13710 = DIRECTION('',(-0.,0.,-1.));
#13711 = DIRECTION('',(-0.,-1.,0.));
#13712 = FACE_BOUND('',#13713,.T.);
#13713 = EDGE_LOOP('',(#13714));
#13714 = ORIENTED_EDGE('',*,*,#13715,.T.);
#13715 = EDGE_CURVE('',#13716,#13716,#13718,.T.);
#13716 = VERTEX_POINT('',#13717);
#13717 = CARTESIAN_POINT('',(66.5,-76.2145,1.51));
#13718 = CIRCLE('',#13719,1.7145);
#13719 = AXIS2_PLACEMENT_3D('',#13720,#13721,#13722);
#13720 = CARTESIAN_POINT('',(66.5,-74.5,1.51));
#13721 = DIRECTION('',(-0.,0.,-1.));
#13722 = DIRECTION('',(-0.,-1.,0.));
#13723 = FACE_BOUND('',#13724,.T.);
#13724 = EDGE_LOOP('',(#13725));
#13725 = ORIENTED_EDGE('',*,*,#13726,.T.);
#13726 = EDGE_CURVE('',#13727,#13727,#13729,.T.);
#13727 = VERTEX_POINT('',#13728);
#13728 = CARTESIAN_POINT('',(53.72,-70.7953,1.51));
#13729 = CIRCLE('',#13730,0.4953);
#13730 = AXIS2_PLACEMENT_3D('',#13731,#13732,#13733);
#13731 = CARTESIAN_POINT('',(53.72,-70.3,1.51));
#13732 = DIRECTION('',(-0.,0.,-1.));
#13733 = DIRECTION('',(-0.,-1.,0.));
#13734 = FACE_BOUND('',#13735,.T.);
#13735 = EDGE_LOOP('',(#13736));
#13736 = ORIENTED_EDGE('',*,*,#13737,.T.);
#13737 = EDGE_CURVE('',#13738,#13738,#13740,.T.);
#13738 = VERTEX_POINT('',#13739);
#13739 = CARTESIAN_POINT('',(84.5,-81.95,1.51));
#13740 = CIRCLE('',#13741,1.5);
#13741 = AXIS2_PLACEMENT_3D('',#13742,#13743,#13744);
#13742 = CARTESIAN_POINT('',(84.5,-80.45,1.51));
#13743 = DIRECTION('',(-0.,0.,-1.));
#13744 = DIRECTION('',(-0.,-1.,0.));
#13745 = FACE_BOUND('',#13746,.T.);
#13746 = EDGE_LOOP('',(#13747));
#13747 = ORIENTED_EDGE('',*,*,#13748,.T.);
#13748 = EDGE_CURVE('',#13749,#13749,#13751,.T.);
#13749 = VERTEX_POINT('',#13750);
#13750 = CARTESIAN_POINT('',(79.5,-79.75,1.51));
#13751 = CIRCLE('',#13752,1.5);
#13752 = AXIS2_PLACEMENT_3D('',#13753,#13754,#13755);
#13753 = CARTESIAN_POINT('',(79.5,-78.25,1.51));
#13754 = DIRECTION('',(-0.,0.,-1.));
#13755 = DIRECTION('',(-0.,-1.,0.));
#13756 = FACE_BOUND('',#13757,.T.);
#13757 = EDGE_LOOP('',(#13758));
#13758 = ORIENTED_EDGE('',*,*,#13759,.T.);
#13759 = EDGE_CURVE('',#13760,#13760,#13762,.T.);
#13760 = VERTEX_POINT('',#13761);
#13761 = CARTESIAN_POINT('',(97.5,-79.75,1.51));
#13762 = CIRCLE('',#13763,1.5);
#13763 = AXIS2_PLACEMENT_3D('',#13764,#13765,#13766);
#13764 = CARTESIAN_POINT('',(97.5,-78.25,1.51));
#13765 = DIRECTION('',(-0.,0.,-1.));
#13766 = DIRECTION('',(-0.,-1.,0.));
#13767 = FACE_BOUND('',#13768,.T.);
#13768 = EDGE_LOOP('',(#13769));
#13769 = ORIENTED_EDGE('',*,*,#13770,.T.);
#13770 = EDGE_CURVE('',#13771,#13771,#13773,.T.);
#13771 = VERTEX_POINT('',#13772);
#13772 = CARTESIAN_POINT('',(102.5,-81.95,1.51));
#13773 = CIRCLE('',#13774,1.5);
#13774 = AXIS2_PLACEMENT_3D('',#13775,#13776,#13777);
#13775 = CARTESIAN_POINT('',(102.5,-80.45,1.51));
#13776 = DIRECTION('',(-0.,0.,-1.));
#13777 = DIRECTION('',(-0.,-1.,0.));
#13778 = FACE_BOUND('',#13779,.T.);
#13779 = EDGE_LOOP('',(#13780));
#13780 = ORIENTED_EDGE('',*,*,#13781,.T.);
#13781 = EDGE_CURVE('',#13782,#13782,#13784,.T.);
#13782 = VERTEX_POINT('',#13783);
#13783 = CARTESIAN_POINT('',(72.,-75.3509,1.51));
#13784 = CIRCLE('',#13785,0.8509);
#13785 = AXIS2_PLACEMENT_3D('',#13786,#13787,#13788);
#13786 = CARTESIAN_POINT('',(72.,-74.5,1.51));
#13787 = DIRECTION('',(-0.,0.,-1.));
#13788 = DIRECTION('',(-0.,-1.,0.));
#13789 = FACE_BOUND('',#13790,.T.);
#13790 = EDGE_LOOP('',(#13791));
#13791 = ORIENTED_EDGE('',*,*,#13792,.T.);
#13792 = EDGE_CURVE('',#13793,#13793,#13795,.T.);
#13793 = VERTEX_POINT('',#13794);
#13794 = CARTESIAN_POINT('',(79.,-75.3509,1.51));
#13795 = CIRCLE('',#13796,0.8509);
#13796 = AXIS2_PLACEMENT_3D('',#13797,#13798,#13799);
#13797 = CARTESIAN_POINT('',(79.,-74.5,1.51));
#13798 = DIRECTION('',(-0.,0.,-1.));
#13799 = DIRECTION('',(-0.,-1.,0.));
#13800 = FACE_BOUND('',#13801,.T.);
#13801 = EDGE_LOOP('',(#13802));
#13802 = ORIENTED_EDGE('',*,*,#13803,.T.);
#13803 = EDGE_CURVE('',#13804,#13804,#13806,.T.);
#13804 = VERTEX_POINT('',#13805);
#13805 = CARTESIAN_POINT('',(84.5,-76.2145,1.51));
#13806 = CIRCLE('',#13807,1.7145);
#13807 = AXIS2_PLACEMENT_3D('',#13808,#13809,#13810);
#13808 = CARTESIAN_POINT('',(84.5,-74.5,1.51));
#13809 = DIRECTION('',(-0.,0.,-1.));
#13810 = DIRECTION('',(-0.,-1.,0.));
#13811 = FACE_BOUND('',#13812,.T.);
#13812 = EDGE_LOOP('',(#13813));
#13813 = ORIENTED_EDGE('',*,*,#13814,.T.);
#13814 = EDGE_CURVE('',#13815,#13815,#13817,.T.);
#13815 = VERTEX_POINT('',#13816);
#13816 = CARTESIAN_POINT('',(71.72,-70.7953,1.51));
#13817 = CIRCLE('',#13818,0.4953);
#13818 = AXIS2_PLACEMENT_3D('',#13819,#13820,#13821);
#13819 = CARTESIAN_POINT('',(71.72,-70.3,1.51));
#13820 = DIRECTION('',(-0.,0.,-1.));
#13821 = DIRECTION('',(-0.,-1.,0.));
#13822 = FACE_BOUND('',#13823,.T.);
#13823 = EDGE_LOOP('',(#13824));
#13824 = ORIENTED_EDGE('',*,*,#13825,.T.);
#13825 = EDGE_CURVE('',#13826,#13826,#13828,.T.);
#13826 = VERTEX_POINT('',#13827);
#13827 = CARTESIAN_POINT('',(90.,-75.3509,1.51));
#13828 = CIRCLE('',#13829,0.8509);
#13829 = AXIS2_PLACEMENT_3D('',#13830,#13831,#13832);
#13830 = CARTESIAN_POINT('',(90.,-74.5,1.51));
#13831 = DIRECTION('',(-0.,0.,-1.));
#13832 = DIRECTION('',(-0.,-1.,0.));
#13833 = FACE_BOUND('',#13834,.T.);
#13834 = EDGE_LOOP('',(#13835));
#13835 = ORIENTED_EDGE('',*,*,#13836,.T.);
#13836 = EDGE_CURVE('',#13837,#13837,#13839,.T.);
#13837 = VERTEX_POINT('',#13838);
#13838 = CARTESIAN_POINT('',(97.,-75.3509,1.51));
#13839 = CIRCLE('',#13840,0.8509);
#13840 = AXIS2_PLACEMENT_3D('',#13841,#13842,#13843);
#13841 = CARTESIAN_POINT('',(97.,-74.5,1.51));
#13842 = DIRECTION('',(-0.,0.,-1.));
#13843 = DIRECTION('',(-0.,-1.,0.));
#13844 = FACE_BOUND('',#13845,.T.);
#13845 = EDGE_LOOP('',(#13846));
#13846 = ORIENTED_EDGE('',*,*,#13847,.T.);
#13847 = EDGE_CURVE('',#13848,#13848,#13850,.T.);
#13848 = VERTEX_POINT('',#13849);
#13849 = CARTESIAN_POINT('',(102.5,-76.2145,1.51));
#13850 = CIRCLE('',#13851,1.7145);
#13851 = AXIS2_PLACEMENT_3D('',#13852,#13853,#13854);
#13852 = CARTESIAN_POINT('',(102.5,-74.5,1.51));
#13853 = DIRECTION('',(-0.,0.,-1.));
#13854 = DIRECTION('',(-0.,-1.,0.));
#13855 = FACE_BOUND('',#13856,.T.);
#13856 = EDGE_LOOP('',(#13857));
#13857 = ORIENTED_EDGE('',*,*,#13858,.T.);
#13858 = EDGE_CURVE('',#13859,#13859,#13861,.T.);
#13859 = VERTEX_POINT('',#13860);
#13860 = CARTESIAN_POINT('',(108.,-75.3509,1.51));
#13861 = CIRCLE('',#13862,0.8509);
#13862 = AXIS2_PLACEMENT_3D('',#13863,#13864,#13865);
#13863 = CARTESIAN_POINT('',(108.,-74.5,1.51));
#13864 = DIRECTION('',(-0.,0.,-1.));
#13865 = DIRECTION('',(-0.,-1.,0.));
#13866 = FACE_BOUND('',#13867,.T.);
#13867 = EDGE_LOOP('',(#13868));
#13868 = ORIENTED_EDGE('',*,*,#13869,.T.);
#13869 = EDGE_CURVE('',#13870,#13870,#13872,.T.);
#13870 = VERTEX_POINT('',#13871);
#13871 = CARTESIAN_POINT('',(89.72,-70.7953,1.51));
#13872 = CIRCLE('',#13873,0.4953);
#13873 = AXIS2_PLACEMENT_3D('',#13874,#13875,#13876);
#13874 = CARTESIAN_POINT('',(89.72,-70.3,1.51));
#13875 = DIRECTION('',(-0.,0.,-1.));
#13876 = DIRECTION('',(-0.,-1.,0.));
#13877 = FACE_BOUND('',#13878,.T.);
#13878 = EDGE_LOOP('',(#13879));
#13879 = ORIENTED_EDGE('',*,*,#13880,.T.);
#13880 = EDGE_CURVE('',#13881,#13881,#13883,.T.);
#13881 = VERTEX_POINT('',#13882);
#13882 = CARTESIAN_POINT('',(107.72,-70.7953,1.51));
#13883 = CIRCLE('',#13884,0.4953);
#13884 = AXIS2_PLACEMENT_3D('',#13885,#13886,#13887);
#13885 = CARTESIAN_POINT('',(107.72,-70.3,1.51));
#13886 = DIRECTION('',(-0.,0.,-1.));
#13887 = DIRECTION('',(-0.,-1.,0.));
#13888 = FACE_BOUND('',#13889,.T.);
#13889 = EDGE_LOOP('',(#13890));
#13890 = ORIENTED_EDGE('',*,*,#13891,.T.);
#13891 = EDGE_CURVE('',#13892,#13892,#13894,.T.);
#13892 = VERTEX_POINT('',#13893);
#13893 = CARTESIAN_POINT('',(30.5,-64.95,1.51));
#13894 = CIRCLE('',#13895,1.5);
#13895 = AXIS2_PLACEMENT_3D('',#13896,#13897,#13898);
#13896 = CARTESIAN_POINT('',(30.5,-63.45,1.51));
#13897 = DIRECTION('',(-0.,0.,-1.));
#13898 = DIRECTION('',(-0.,-1.,0.));
#13899 = FACE_BOUND('',#13900,.T.);
#13900 = EDGE_LOOP('',(#13901));
#13901 = ORIENTED_EDGE('',*,*,#13902,.T.);
#13902 = EDGE_CURVE('',#13903,#13903,#13905,.T.);
#13903 = VERTEX_POINT('',#13904);
#13904 = CARTESIAN_POINT('',(25.5,-62.75,1.51));
#13905 = CIRCLE('',#13906,1.5);
#13906 = AXIS2_PLACEMENT_3D('',#13907,#13908,#13909);
#13907 = CARTESIAN_POINT('',(25.5,-61.25,1.51));
#13908 = DIRECTION('',(-0.,0.,-1.));
#13909 = DIRECTION('',(-0.,-1.,0.));
#13910 = FACE_BOUND('',#13911,.T.);
#13911 = EDGE_LOOP('',(#13912));
#13912 = ORIENTED_EDGE('',*,*,#13913,.T.);
#13913 = EDGE_CURVE('',#13914,#13914,#13916,.T.);
#13914 = VERTEX_POINT('',#13915);
#13915 = CARTESIAN_POINT('',(43.5,-62.75,1.51));
#13916 = CIRCLE('',#13917,1.5);
#13917 = AXIS2_PLACEMENT_3D('',#13918,#13919,#13920);
#13918 = CARTESIAN_POINT('',(43.5,-61.25,1.51));
#13919 = DIRECTION('',(-0.,0.,-1.));
#13920 = DIRECTION('',(-0.,-1.,0.));
#13921 = FACE_BOUND('',#13922,.T.);
#13922 = EDGE_LOOP('',(#13923));
#13923 = ORIENTED_EDGE('',*,*,#13924,.T.);
#13924 = EDGE_CURVE('',#13925,#13925,#13927,.T.);
#13925 = VERTEX_POINT('',#13926);
#13926 = CARTESIAN_POINT('',(48.5,-64.95,1.51));
#13927 = CIRCLE('',#13928,1.5);
#13928 = AXIS2_PLACEMENT_3D('',#13929,#13930,#13931);
#13929 = CARTESIAN_POINT('',(48.5,-63.45,1.51));
#13930 = DIRECTION('',(-0.,0.,-1.));
#13931 = DIRECTION('',(-0.,-1.,0.));
#13932 = FACE_BOUND('',#13933,.T.);
#13933 = EDGE_LOOP('',(#13934));
#13934 = ORIENTED_EDGE('',*,*,#13935,.T.);
#13935 = EDGE_CURVE('',#13936,#13936,#13938,.T.);
#13936 = VERTEX_POINT('',#13937);
#13937 = CARTESIAN_POINT('',(66.5,-64.95,1.51));
#13938 = CIRCLE('',#13939,1.5);
#13939 = AXIS2_PLACEMENT_3D('',#13940,#13941,#13942);
#13940 = CARTESIAN_POINT('',(66.5,-63.45,1.51));
#13941 = DIRECTION('',(-0.,0.,-1.));
#13942 = DIRECTION('',(-0.,-1.,0.));
#13943 = FACE_BOUND('',#13944,.T.);
#13944 = EDGE_LOOP('',(#13945));
#13945 = ORIENTED_EDGE('',*,*,#13946,.T.);
#13946 = EDGE_CURVE('',#13947,#13947,#13949,.T.);
#13947 = VERTEX_POINT('',#13948);
#13948 = CARTESIAN_POINT('',(61.5,-62.75,1.51));
#13949 = CIRCLE('',#13950,1.5);
#13950 = AXIS2_PLACEMENT_3D('',#13951,#13952,#13953);
#13951 = CARTESIAN_POINT('',(61.5,-61.25,1.51));
#13952 = DIRECTION('',(-0.,0.,-1.));
#13953 = DIRECTION('',(-0.,-1.,0.));
#13954 = FACE_BOUND('',#13955,.T.);
#13955 = EDGE_LOOP('',(#13956));
#13956 = ORIENTED_EDGE('',*,*,#13957,.T.);
#13957 = EDGE_CURVE('',#13958,#13958,#13960,.T.);
#13958 = VERTEX_POINT('',#13959);
#13959 = CARTESIAN_POINT('',(25.,-58.3509,1.51));
#13960 = CIRCLE('',#13961,0.8509);
#13961 = AXIS2_PLACEMENT_3D('',#13962,#13963,#13964);
#13962 = CARTESIAN_POINT('',(25.,-57.5,1.51));
#13963 = DIRECTION('',(-0.,0.,-1.));
#13964 = DIRECTION('',(-0.,-1.,0.));
#13965 = FACE_BOUND('',#13966,.T.);
#13966 = EDGE_LOOP('',(#13967));
#13967 = ORIENTED_EDGE('',*,*,#13968,.T.);
#13968 = EDGE_CURVE('',#13969,#13969,#13971,.T.);
#13969 = VERTEX_POINT('',#13970);
#13970 = CARTESIAN_POINT('',(30.5,-59.2145,1.51));
#13971 = CIRCLE('',#13972,1.7145);
#13972 = AXIS2_PLACEMENT_3D('',#13973,#13974,#13975);
#13973 = CARTESIAN_POINT('',(30.5,-57.5,1.51));
#13974 = DIRECTION('',(-0.,0.,-1.));
#13975 = DIRECTION('',(-0.,-1.,0.));
#13976 = FACE_BOUND('',#13977,.T.);
#13977 = EDGE_LOOP('',(#13978));
#13978 = ORIENTED_EDGE('',*,*,#13979,.T.);
#13979 = EDGE_CURVE('',#13980,#13980,#13982,.T.);
#13980 = VERTEX_POINT('',#13981);
#13981 = CARTESIAN_POINT('',(36.,-58.3509,1.51));
#13982 = CIRCLE('',#13983,0.8509);
#13983 = AXIS2_PLACEMENT_3D('',#13984,#13985,#13986);
#13984 = CARTESIAN_POINT('',(36.,-57.5,1.51));
#13985 = DIRECTION('',(-0.,0.,-1.));
#13986 = DIRECTION('',(-0.,-1.,0.));
#13987 = FACE_BOUND('',#13988,.T.);
#13988 = EDGE_LOOP('',(#13989));
#13989 = ORIENTED_EDGE('',*,*,#13990,.T.);
#13990 = EDGE_CURVE('',#13991,#13991,#13993,.T.);
#13991 = VERTEX_POINT('',#13992);
#13992 = CARTESIAN_POINT('',(43.,-58.3509,1.51));
#13993 = CIRCLE('',#13994,0.8509);
#13994 = AXIS2_PLACEMENT_3D('',#13995,#13996,#13997);
#13995 = CARTESIAN_POINT('',(43.,-57.5,1.51));
#13996 = DIRECTION('',(-0.,0.,-1.));
#13997 = DIRECTION('',(-0.,-1.,0.));
#13998 = FACE_BOUND('',#13999,.T.);
#13999 = EDGE_LOOP('',(#14000));
#14000 = ORIENTED_EDGE('',*,*,#14001,.T.);
#14001 = EDGE_CURVE('',#14002,#14002,#14004,.T.);
#14002 = VERTEX_POINT('',#14003);
#14003 = CARTESIAN_POINT('',(35.72,-53.7953,1.51));
#14004 = CIRCLE('',#14005,0.4953);
#14005 = AXIS2_PLACEMENT_3D('',#14006,#14007,#14008);
#14006 = CARTESIAN_POINT('',(35.72,-53.3,1.51));
#14007 = DIRECTION('',(-0.,0.,-1.));
#14008 = DIRECTION('',(-0.,-1.,0.));
#14009 = FACE_BOUND('',#14010,.T.);
#14010 = EDGE_LOOP('',(#14011));
#14011 = ORIENTED_EDGE('',*,*,#14012,.T.);
#14012 = EDGE_CURVE('',#14013,#14013,#14015,.T.);
#14013 = VERTEX_POINT('',#14014);
#14014 = CARTESIAN_POINT('',(48.5,-59.2145,1.51));
#14015 = CIRCLE('',#14016,1.7145);
#14016 = AXIS2_PLACEMENT_3D('',#14017,#14018,#14019);
#14017 = CARTESIAN_POINT('',(48.5,-57.5,1.51));
#14018 = DIRECTION('',(-0.,0.,-1.));
#14019 = DIRECTION('',(-0.,-1.,0.));
#14020 = FACE_BOUND('',#14021,.T.);
#14021 = EDGE_LOOP('',(#14022));
#14022 = ORIENTED_EDGE('',*,*,#14023,.T.);
#14023 = EDGE_CURVE('',#14024,#14024,#14026,.T.);
#14024 = VERTEX_POINT('',#14025);
#14025 = CARTESIAN_POINT('',(54.,-58.3509,1.51));
#14026 = CIRCLE('',#14027,0.8509);
#14027 = AXIS2_PLACEMENT_3D('',#14028,#14029,#14030);
#14028 = CARTESIAN_POINT('',(54.,-57.5,1.51));
#14029 = DIRECTION('',(-0.,0.,-1.));
#14030 = DIRECTION('',(-0.,-1.,0.));
#14031 = FACE_BOUND('',#14032,.T.);
#14032 = EDGE_LOOP('',(#14033));
#14033 = ORIENTED_EDGE('',*,*,#14034,.T.);
#14034 = EDGE_CURVE('',#14035,#14035,#14037,.T.);
#14035 = VERTEX_POINT('',#14036);
#14036 = CARTESIAN_POINT('',(61.,-58.3509,1.51));
#14037 = CIRCLE('',#14038,0.8509);
#14038 = AXIS2_PLACEMENT_3D('',#14039,#14040,#14041);
#14039 = CARTESIAN_POINT('',(61.,-57.5,1.51));
#14040 = DIRECTION('',(-0.,0.,-1.));
#14041 = DIRECTION('',(-0.,-1.,0.));
#14042 = FACE_BOUND('',#14043,.T.);
#14043 = EDGE_LOOP('',(#14044));
#14044 = ORIENTED_EDGE('',*,*,#14045,.T.);
#14045 = EDGE_CURVE('',#14046,#14046,#14048,.T.);
#14046 = VERTEX_POINT('',#14047);
#14047 = CARTESIAN_POINT('',(66.5,-59.2145,1.51));
#14048 = CIRCLE('',#14049,1.7145);
#14049 = AXIS2_PLACEMENT_3D('',#14050,#14051,#14052);
#14050 = CARTESIAN_POINT('',(66.5,-57.5,1.51));
#14051 = DIRECTION('',(-0.,0.,-1.));
#14052 = DIRECTION('',(-0.,-1.,0.));
#14053 = FACE_BOUND('',#14054,.T.);
#14054 = EDGE_LOOP('',(#14055));
#14055 = ORIENTED_EDGE('',*,*,#14056,.T.);
#14056 = EDGE_CURVE('',#14057,#14057,#14059,.T.);
#14057 = VERTEX_POINT('',#14058);
#14058 = CARTESIAN_POINT('',(53.72,-53.7953,1.51));
#14059 = CIRCLE('',#14060,0.4953);
#14060 = AXIS2_PLACEMENT_3D('',#14061,#14062,#14063);
#14061 = CARTESIAN_POINT('',(53.72,-53.3,1.51));
#14062 = DIRECTION('',(-0.,0.,-1.));
#14063 = DIRECTION('',(-0.,-1.,0.));
#14064 = FACE_BOUND('',#14065,.T.);
#14065 = EDGE_LOOP('',(#14066));
#14066 = ORIENTED_EDGE('',*,*,#14067,.T.);
#14067 = EDGE_CURVE('',#14068,#14068,#14070,.T.);
#14068 = VERTEX_POINT('',#14069);
#14069 = CARTESIAN_POINT('',(84.5,-64.95,1.51));
#14070 = CIRCLE('',#14071,1.5);
#14071 = AXIS2_PLACEMENT_3D('',#14072,#14073,#14074);
#14072 = CARTESIAN_POINT('',(84.5,-63.45,1.51));
#14073 = DIRECTION('',(-0.,0.,-1.));
#14074 = DIRECTION('',(-0.,-1.,0.));
#14075 = FACE_BOUND('',#14076,.T.);
#14076 = EDGE_LOOP('',(#14077));
#14077 = ORIENTED_EDGE('',*,*,#14078,.T.);
#14078 = EDGE_CURVE('',#14079,#14079,#14081,.T.);
#14079 = VERTEX_POINT('',#14080);
#14080 = CARTESIAN_POINT('',(79.5,-62.75,1.51));
#14081 = CIRCLE('',#14082,1.5);
#14082 = AXIS2_PLACEMENT_3D('',#14083,#14084,#14085);
#14083 = CARTESIAN_POINT('',(79.5,-61.25,1.51));
#14084 = DIRECTION('',(-0.,0.,-1.));
#14085 = DIRECTION('',(-0.,-1.,0.));
#14086 = FACE_BOUND('',#14087,.T.);
#14087 = EDGE_LOOP('',(#14088));
#14088 = ORIENTED_EDGE('',*,*,#14089,.T.);
#14089 = EDGE_CURVE('',#14090,#14090,#14092,.T.);
#14090 = VERTEX_POINT('',#14091);
#14091 = CARTESIAN_POINT('',(97.5,-62.75,1.51));
#14092 = CIRCLE('',#14093,1.5);
#14093 = AXIS2_PLACEMENT_3D('',#14094,#14095,#14096);
#14094 = CARTESIAN_POINT('',(97.5,-61.25,1.51));
#14095 = DIRECTION('',(-0.,0.,-1.));
#14096 = DIRECTION('',(-0.,-1.,0.));
#14097 = FACE_BOUND('',#14098,.T.);
#14098 = EDGE_LOOP('',(#14099));
#14099 = ORIENTED_EDGE('',*,*,#14100,.T.);
#14100 = EDGE_CURVE('',#14101,#14101,#14103,.T.);
#14101 = VERTEX_POINT('',#14102);
#14102 = CARTESIAN_POINT('',(102.5,-64.95,1.51));
#14103 = CIRCLE('',#14104,1.5);
#14104 = AXIS2_PLACEMENT_3D('',#14105,#14106,#14107);
#14105 = CARTESIAN_POINT('',(102.5,-63.45,1.51));
#14106 = DIRECTION('',(-0.,0.,-1.));
#14107 = DIRECTION('',(-0.,-1.,0.));
#14108 = FACE_BOUND('',#14109,.T.);
#14109 = EDGE_LOOP('',(#14110));
#14110 = ORIENTED_EDGE('',*,*,#14111,.T.);
#14111 = EDGE_CURVE('',#14112,#14112,#14114,.T.);
#14112 = VERTEX_POINT('',#14113);
#14113 = CARTESIAN_POINT('',(72.,-58.3509,1.51));
#14114 = CIRCLE('',#14115,0.8509);
#14115 = AXIS2_PLACEMENT_3D('',#14116,#14117,#14118);
#14116 = CARTESIAN_POINT('',(72.,-57.5,1.51));
#14117 = DIRECTION('',(-0.,0.,-1.));
#14118 = DIRECTION('',(-0.,-1.,0.));
#14119 = FACE_BOUND('',#14120,.T.);
#14120 = EDGE_LOOP('',(#14121));
#14121 = ORIENTED_EDGE('',*,*,#14122,.T.);
#14122 = EDGE_CURVE('',#14123,#14123,#14125,.T.);
#14123 = VERTEX_POINT('',#14124);
#14124 = CARTESIAN_POINT('',(79.,-58.3509,1.51));
#14125 = CIRCLE('',#14126,0.8509);
#14126 = AXIS2_PLACEMENT_3D('',#14127,#14128,#14129);
#14127 = CARTESIAN_POINT('',(79.,-57.5,1.51));
#14128 = DIRECTION('',(-0.,0.,-1.));
#14129 = DIRECTION('',(-0.,-1.,0.));
#14130 = FACE_BOUND('',#14131,.T.);
#14131 = EDGE_LOOP('',(#14132));
#14132 = ORIENTED_EDGE('',*,*,#14133,.T.);
#14133 = EDGE_CURVE('',#14134,#14134,#14136,.T.);
#14134 = VERTEX_POINT('',#14135);
#14135 = CARTESIAN_POINT('',(84.5,-59.2145,1.51));
#14136 = CIRCLE('',#14137,1.7145);
#14137 = AXIS2_PLACEMENT_3D('',#14138,#14139,#14140);
#14138 = CARTESIAN_POINT('',(84.5,-57.5,1.51));
#14139 = DIRECTION('',(-0.,0.,-1.));
#14140 = DIRECTION('',(-0.,-1.,0.));
#14141 = FACE_BOUND('',#14142,.T.);
#14142 = EDGE_LOOP('',(#14143));
#14143 = ORIENTED_EDGE('',*,*,#14144,.T.);
#14144 = EDGE_CURVE('',#14145,#14145,#14147,.T.);
#14145 = VERTEX_POINT('',#14146);
#14146 = CARTESIAN_POINT('',(71.72,-53.7953,1.51));
#14147 = CIRCLE('',#14148,0.4953);
#14148 = AXIS2_PLACEMENT_3D('',#14149,#14150,#14151);
#14149 = CARTESIAN_POINT('',(71.72,-53.3,1.51));
#14150 = DIRECTION('',(-0.,0.,-1.));
#14151 = DIRECTION('',(-0.,-1.,0.));
#14152 = FACE_BOUND('',#14153,.T.);
#14153 = EDGE_LOOP('',(#14154));
#14154 = ORIENTED_EDGE('',*,*,#14155,.T.);
#14155 = EDGE_CURVE('',#14156,#14156,#14158,.T.);
#14156 = VERTEX_POINT('',#14157);
#14157 = CARTESIAN_POINT('',(90.,-58.3509,1.51));
#14158 = CIRCLE('',#14159,0.8509);
#14159 = AXIS2_PLACEMENT_3D('',#14160,#14161,#14162);
#14160 = CARTESIAN_POINT('',(90.,-57.5,1.51));
#14161 = DIRECTION('',(-0.,0.,-1.));
#14162 = DIRECTION('',(-0.,-1.,0.));
#14163 = FACE_BOUND('',#14164,.T.);
#14164 = EDGE_LOOP('',(#14165));
#14165 = ORIENTED_EDGE('',*,*,#14166,.T.);
#14166 = EDGE_CURVE('',#14167,#14167,#14169,.T.);
#14167 = VERTEX_POINT('',#14168);
#14168 = CARTESIAN_POINT('',(97.,-58.3509,1.51));
#14169 = CIRCLE('',#14170,0.8509);
#14170 = AXIS2_PLACEMENT_3D('',#14171,#14172,#14173);
#14171 = CARTESIAN_POINT('',(97.,-57.5,1.51));
#14172 = DIRECTION('',(-0.,0.,-1.));
#14173 = DIRECTION('',(-0.,-1.,0.));
#14174 = FACE_BOUND('',#14175,.T.);
#14175 = EDGE_LOOP('',(#14176));
#14176 = ORIENTED_EDGE('',*,*,#14177,.T.);
#14177 = EDGE_CURVE('',#14178,#14178,#14180,.T.);
#14178 = VERTEX_POINT('',#14179);
#14179 = CARTESIAN_POINT('',(102.5,-59.2145,1.51));
#14180 = CIRCLE('',#14181,1.7145);
#14181 = AXIS2_PLACEMENT_3D('',#14182,#14183,#14184);
#14182 = CARTESIAN_POINT('',(102.5,-57.5,1.51));
#14183 = DIRECTION('',(-0.,0.,-1.));
#14184 = DIRECTION('',(-0.,-1.,0.));
#14185 = FACE_BOUND('',#14186,.T.);
#14186 = EDGE_LOOP('',(#14187));
#14187 = ORIENTED_EDGE('',*,*,#14188,.T.);
#14188 = EDGE_CURVE('',#14189,#14189,#14191,.T.);
#14189 = VERTEX_POINT('',#14190);
#14190 = CARTESIAN_POINT('',(108.,-58.3509,1.51));
#14191 = CIRCLE('',#14192,0.8509);
#14192 = AXIS2_PLACEMENT_3D('',#14193,#14194,#14195);
#14193 = CARTESIAN_POINT('',(108.,-57.5,1.51));
#14194 = DIRECTION('',(-0.,0.,-1.));
#14195 = DIRECTION('',(-0.,-1.,0.));
#14196 = FACE_BOUND('',#14197,.T.);
#14197 = EDGE_LOOP('',(#14198));
#14198 = ORIENTED_EDGE('',*,*,#14199,.T.);
#14199 = EDGE_CURVE('',#14200,#14200,#14202,.T.);
#14200 = VERTEX_POINT('',#14201);
#14201 = CARTESIAN_POINT('',(89.72,-53.7953,1.51));
#14202 = CIRCLE('',#14203,0.4953);
#14203 = AXIS2_PLACEMENT_3D('',#14204,#14205,#14206);
#14204 = CARTESIAN_POINT('',(89.72,-53.3,1.51));
#14205 = DIRECTION('',(-0.,0.,-1.));
#14206 = DIRECTION('',(-0.,-1.,0.));
#14207 = FACE_BOUND('',#14208,.T.);
#14208 = EDGE_LOOP('',(#14209));
#14209 = ORIENTED_EDGE('',*,*,#14210,.T.);
#14210 = EDGE_CURVE('',#14211,#14211,#14213,.T.);
#14211 = VERTEX_POINT('',#14212);
#14212 = CARTESIAN_POINT('',(107.72,-53.7953,1.51));
#14213 = CIRCLE('',#14214,0.4953);
#14214 = AXIS2_PLACEMENT_3D('',#14215,#14216,#14217);
#14215 = CARTESIAN_POINT('',(107.72,-53.3,1.51));
#14216 = DIRECTION('',(-0.,0.,-1.));
#14217 = DIRECTION('',(-0.,-1.,0.));
#14218 = FACE_BOUND('',#14219,.T.);
#14219 = EDGE_LOOP('',(#14220));
#14220 = ORIENTED_EDGE('',*,*,#14221,.T.);
#14221 = EDGE_CURVE('',#14222,#14222,#14224,.T.);
#14222 = VERTEX_POINT('',#14223);
#14223 = CARTESIAN_POINT('',(120.5,-81.95,1.51));
#14224 = CIRCLE('',#14225,1.5);
#14225 = AXIS2_PLACEMENT_3D('',#14226,#14227,#14228);
#14226 = CARTESIAN_POINT('',(120.5,-80.45,1.51));
#14227 = DIRECTION('',(-0.,0.,-1.));
#14228 = DIRECTION('',(-0.,-1.,0.));
#14229 = FACE_BOUND('',#14230,.T.);
#14230 = EDGE_LOOP('',(#14231));
#14231 = ORIENTED_EDGE('',*,*,#14232,.T.);
#14232 = EDGE_CURVE('',#14233,#14233,#14235,.T.);
#14233 = VERTEX_POINT('',#14234);
#14234 = CARTESIAN_POINT('',(115.5,-79.75,1.51));
#14235 = CIRCLE('',#14236,1.5);
#14236 = AXIS2_PLACEMENT_3D('',#14237,#14238,#14239);
#14237 = CARTESIAN_POINT('',(115.5,-78.25,1.51));
#14238 = DIRECTION('',(-0.,0.,-1.));
#14239 = DIRECTION('',(-0.,-1.,0.));
#14240 = FACE_BOUND('',#14241,.T.);
#14241 = EDGE_LOOP('',(#14242));
#14242 = ORIENTED_EDGE('',*,*,#14243,.T.);
#14243 = EDGE_CURVE('',#14244,#14244,#14246,.T.);
#14244 = VERTEX_POINT('',#14245);
#14245 = CARTESIAN_POINT('',(138.5,-81.95,1.51));
#14246 = CIRCLE('',#14247,1.5);
#14247 = AXIS2_PLACEMENT_3D('',#14248,#14249,#14250);
#14248 = CARTESIAN_POINT('',(138.5,-80.45,1.51));
#14249 = DIRECTION('',(-0.,0.,-1.));
#14250 = DIRECTION('',(-0.,-1.,0.));
#14251 = FACE_BOUND('',#14252,.T.);
#14252 = EDGE_LOOP('',(#14253));
#14253 = ORIENTED_EDGE('',*,*,#14254,.T.);
#14254 = EDGE_CURVE('',#14255,#14255,#14257,.T.);
#14255 = VERTEX_POINT('',#14256);
#14256 = CARTESIAN_POINT('',(133.5,-79.75,1.51));
#14257 = CIRCLE('',#14258,1.5);
#14258 = AXIS2_PLACEMENT_3D('',#14259,#14260,#14261);
#14259 = CARTESIAN_POINT('',(133.5,-78.25,1.51));
#14260 = DIRECTION('',(-0.,0.,-1.));
#14261 = DIRECTION('',(-0.,-1.,0.));
#14262 = FACE_BOUND('',#14263,.T.);
#14263 = EDGE_LOOP('',(#14264));
#14264 = ORIENTED_EDGE('',*,*,#14265,.T.);
#14265 = EDGE_CURVE('',#14266,#14266,#14268,.T.);
#14266 = VERTEX_POINT('',#14267);
#14267 = CARTESIAN_POINT('',(151.5,-79.75,1.51));
#14268 = CIRCLE('',#14269,1.5);
#14269 = AXIS2_PLACEMENT_3D('',#14270,#14271,#14272);
#14270 = CARTESIAN_POINT('',(151.5,-78.25,1.51));
#14271 = DIRECTION('',(-0.,0.,-1.));
#14272 = DIRECTION('',(-0.,-1.,0.));
#14273 = FACE_BOUND('',#14274,.T.);
#14274 = EDGE_LOOP('',(#14275));
#14275 = ORIENTED_EDGE('',*,*,#14276,.T.);
#14276 = EDGE_CURVE('',#14277,#14277,#14279,.T.);
#14277 = VERTEX_POINT('',#14278);
#14278 = CARTESIAN_POINT('',(115.,-75.3509,1.51));
#14279 = CIRCLE('',#14280,0.8509);
#14280 = AXIS2_PLACEMENT_3D('',#14281,#14282,#14283);
#14281 = CARTESIAN_POINT('',(115.,-74.5,1.51));
#14282 = DIRECTION('',(-0.,0.,-1.));
#14283 = DIRECTION('',(-0.,-1.,0.));
#14284 = FACE_BOUND('',#14285,.T.);
#14285 = EDGE_LOOP('',(#14286));
#14286 = ORIENTED_EDGE('',*,*,#14287,.T.);
#14287 = EDGE_CURVE('',#14288,#14288,#14290,.T.);
#14288 = VERTEX_POINT('',#14289);
#14289 = CARTESIAN_POINT('',(120.5,-76.2145,1.51));
#14290 = CIRCLE('',#14291,1.7145);
#14291 = AXIS2_PLACEMENT_3D('',#14292,#14293,#14294);
#14292 = CARTESIAN_POINT('',(120.5,-74.5,1.51));
#14293 = DIRECTION('',(-0.,0.,-1.));
#14294 = DIRECTION('',(-0.,-1.,0.));
#14295 = FACE_BOUND('',#14296,.T.);
#14296 = EDGE_LOOP('',(#14297));
#14297 = ORIENTED_EDGE('',*,*,#14298,.T.);
#14298 = EDGE_CURVE('',#14299,#14299,#14301,.T.);
#14299 = VERTEX_POINT('',#14300);
#14300 = CARTESIAN_POINT('',(126.,-75.3509,1.51));
#14301 = CIRCLE('',#14302,0.8509);
#14302 = AXIS2_PLACEMENT_3D('',#14303,#14304,#14305);
#14303 = CARTESIAN_POINT('',(126.,-74.5,1.51));
#14304 = DIRECTION('',(-0.,0.,-1.));
#14305 = DIRECTION('',(-0.,-1.,0.));
#14306 = FACE_BOUND('',#14307,.T.);
#14307 = EDGE_LOOP('',(#14308));
#14308 = ORIENTED_EDGE('',*,*,#14309,.T.);
#14309 = EDGE_CURVE('',#14310,#14310,#14312,.T.);
#14310 = VERTEX_POINT('',#14311);
#14311 = CARTESIAN_POINT('',(133.,-75.3509,1.51));
#14312 = CIRCLE('',#14313,0.8509);
#14313 = AXIS2_PLACEMENT_3D('',#14314,#14315,#14316);
#14314 = CARTESIAN_POINT('',(133.,-74.5,1.51));
#14315 = DIRECTION('',(-0.,0.,-1.));
#14316 = DIRECTION('',(-0.,-1.,0.));
#14317 = FACE_BOUND('',#14318,.T.);
#14318 = EDGE_LOOP('',(#14319));
#14319 = ORIENTED_EDGE('',*,*,#14320,.T.);
#14320 = EDGE_CURVE('',#14321,#14321,#14323,.T.);
#14321 = VERTEX_POINT('',#14322);
#14322 = CARTESIAN_POINT('',(125.72,-70.7953,1.51));
#14323 = CIRCLE('',#14324,0.4953);
#14324 = AXIS2_PLACEMENT_3D('',#14325,#14326,#14327);
#14325 = CARTESIAN_POINT('',(125.72,-70.3,1.51));
#14326 = DIRECTION('',(-0.,0.,-1.));
#14327 = DIRECTION('',(-0.,-1.,0.));
#14328 = FACE_BOUND('',#14329,.T.);
#14329 = EDGE_LOOP('',(#14330));
#14330 = ORIENTED_EDGE('',*,*,#14331,.T.);
#14331 = EDGE_CURVE('',#14332,#14332,#14334,.T.);
#14332 = VERTEX_POINT('',#14333);
#14333 = CARTESIAN_POINT('',(138.5,-76.2145,1.51));
#14334 = CIRCLE('',#14335,1.7145);
#14335 = AXIS2_PLACEMENT_3D('',#14336,#14337,#14338);
#14336 = CARTESIAN_POINT('',(138.5,-74.5,1.51));
#14337 = DIRECTION('',(-0.,0.,-1.));
#14338 = DIRECTION('',(-0.,-1.,0.));
#14339 = FACE_BOUND('',#14340,.T.);
#14340 = EDGE_LOOP('',(#14341));
#14341 = ORIENTED_EDGE('',*,*,#14342,.T.);
#14342 = EDGE_CURVE('',#14343,#14343,#14345,.T.);
#14343 = VERTEX_POINT('',#14344);
#14344 = CARTESIAN_POINT('',(144.,-75.3509,1.51));
#14345 = CIRCLE('',#14346,0.8509);
#14346 = AXIS2_PLACEMENT_3D('',#14347,#14348,#14349);
#14347 = CARTESIAN_POINT('',(144.,-74.5,1.51));
#14348 = DIRECTION('',(-0.,0.,-1.));
#14349 = DIRECTION('',(-0.,-1.,0.));
#14350 = FACE_BOUND('',#14351,.T.);
#14351 = EDGE_LOOP('',(#14352));
#14352 = ORIENTED_EDGE('',*,*,#14353,.T.);
#14353 = EDGE_CURVE('',#14354,#14354,#14356,.T.);
#14354 = VERTEX_POINT('',#14355);
#14355 = CARTESIAN_POINT('',(151.,-75.3509,1.51));
#14356 = CIRCLE('',#14357,0.8509);
#14357 = AXIS2_PLACEMENT_3D('',#14358,#14359,#14360);
#14358 = CARTESIAN_POINT('',(151.,-74.5,1.51));
#14359 = DIRECTION('',(-0.,0.,-1.));
#14360 = DIRECTION('',(-0.,-1.,0.));
#14361 = FACE_BOUND('',#14362,.T.);
#14362 = EDGE_LOOP('',(#14363));
#14363 = ORIENTED_EDGE('',*,*,#14364,.T.);
#14364 = EDGE_CURVE('',#14365,#14365,#14367,.T.);
#14365 = VERTEX_POINT('',#14366);
#14366 = CARTESIAN_POINT('',(143.72,-70.7953,1.51));
#14367 = CIRCLE('',#14368,0.4953);
#14368 = AXIS2_PLACEMENT_3D('',#14369,#14370,#14371);
#14369 = CARTESIAN_POINT('',(143.72,-70.3,1.51));
#14370 = DIRECTION('',(-0.,0.,-1.));
#14371 = DIRECTION('',(-5.738281734385E-14,-1.,0.));
#14372 = FACE_BOUND('',#14373,.T.);
#14373 = EDGE_LOOP('',(#14374));
#14374 = ORIENTED_EDGE('',*,*,#14375,.T.);
#14375 = EDGE_CURVE('',#14376,#14376,#14378,.T.);
#14376 = VERTEX_POINT('',#14377);
#14377 = CARTESIAN_POINT('',(156.5,-81.95,1.51));
#14378 = CIRCLE('',#14379,1.5);
#14379 = AXIS2_PLACEMENT_3D('',#14380,#14381,#14382);
#14380 = CARTESIAN_POINT('',(156.5,-80.45,1.51));
#14381 = DIRECTION('',(-0.,0.,-1.));
#14382 = DIRECTION('',(-0.,-1.,0.));
#14383 = FACE_BOUND('',#14384,.T.);
#14384 = EDGE_LOOP('',(#14385));
#14385 = ORIENTED_EDGE('',*,*,#14386,.T.);
#14386 = EDGE_CURVE('',#14387,#14387,#14389,.T.);
#14387 = VERTEX_POINT('',#14388);
#14388 = CARTESIAN_POINT('',(174.5,-81.95,1.51));
#14389 = CIRCLE('',#14390,1.5);
#14390 = AXIS2_PLACEMENT_3D('',#14391,#14392,#14393);
#14391 = CARTESIAN_POINT('',(174.5,-80.45,1.51));
#14392 = DIRECTION('',(-0.,0.,-1.));
#14393 = DIRECTION('',(-0.,-1.,0.));
#14394 = FACE_BOUND('',#14395,.T.);
#14395 = EDGE_LOOP('',(#14396));
#14396 = ORIENTED_EDGE('',*,*,#14397,.T.);
#14397 = EDGE_CURVE('',#14398,#14398,#14400,.T.);
#14398 = VERTEX_POINT('',#14399);
#14399 = CARTESIAN_POINT('',(169.5,-79.75,1.51));
#14400 = CIRCLE('',#14401,1.5);
#14401 = AXIS2_PLACEMENT_3D('',#14402,#14403,#14404);
#14402 = CARTESIAN_POINT('',(169.5,-78.25,1.51));
#14403 = DIRECTION('',(-0.,0.,-1.));
#14404 = DIRECTION('',(-0.,-1.,0.));
#14405 = FACE_BOUND('',#14406,.T.);
#14406 = EDGE_LOOP('',(#14407));
#14407 = ORIENTED_EDGE('',*,*,#14408,.T.);
#14408 = EDGE_CURVE('',#14409,#14409,#14411,.T.);
#14409 = VERTEX_POINT('',#14410);
#14410 = CARTESIAN_POINT('',(187.5,-79.75,1.51));
#14411 = CIRCLE('',#14412,1.5);
#14412 = AXIS2_PLACEMENT_3D('',#14413,#14414,#14415);
#14413 = CARTESIAN_POINT('',(187.5,-78.25,1.51));
#14414 = DIRECTION('',(-0.,0.,-1.));
#14415 = DIRECTION('',(-0.,-1.,0.));
#14416 = FACE_BOUND('',#14417,.T.);
#14417 = EDGE_LOOP('',(#14418));
#14418 = ORIENTED_EDGE('',*,*,#14419,.T.);
#14419 = EDGE_CURVE('',#14420,#14420,#14422,.T.);
#14420 = VERTEX_POINT('',#14421);
#14421 = CARTESIAN_POINT('',(192.5,-81.95,1.51));
#14422 = CIRCLE('',#14423,1.5);
#14423 = AXIS2_PLACEMENT_3D('',#14424,#14425,#14426);
#14424 = CARTESIAN_POINT('',(192.5,-80.45,1.51));
#14425 = DIRECTION('',(-0.,0.,-1.));
#14426 = DIRECTION('',(-0.,-1.,0.));
#14427 = FACE_BOUND('',#14428,.T.);
#14428 = EDGE_LOOP('',(#14429));
#14429 = ORIENTED_EDGE('',*,*,#14430,.T.);
#14430 = EDGE_CURVE('',#14431,#14431,#14433,.T.);
#14431 = VERTEX_POINT('',#14432);
#14432 = CARTESIAN_POINT('',(156.5,-76.2145,1.51));
#14433 = CIRCLE('',#14434,1.7145);
#14434 = AXIS2_PLACEMENT_3D('',#14435,#14436,#14437);
#14435 = CARTESIAN_POINT('',(156.5,-74.5,1.51));
#14436 = DIRECTION('',(-0.,0.,-1.));
#14437 = DIRECTION('',(-0.,-1.,0.));
#14438 = FACE_BOUND('',#14439,.T.);
#14439 = EDGE_LOOP('',(#14440));
#14440 = ORIENTED_EDGE('',*,*,#14441,.T.);
#14441 = EDGE_CURVE('',#14442,#14442,#14444,.T.);
#14442 = VERTEX_POINT('',#14443);
#14443 = CARTESIAN_POINT('',(162.,-75.3509,1.51));
#14444 = CIRCLE('',#14445,0.8509);
#14445 = AXIS2_PLACEMENT_3D('',#14446,#14447,#14448);
#14446 = CARTESIAN_POINT('',(162.,-74.5,1.51));
#14447 = DIRECTION('',(-0.,0.,-1.));
#14448 = DIRECTION('',(-0.,-1.,0.));
#14449 = FACE_BOUND('',#14450,.T.);
#14450 = EDGE_LOOP('',(#14451));
#14451 = ORIENTED_EDGE('',*,*,#14452,.T.);
#14452 = EDGE_CURVE('',#14453,#14453,#14455,.T.);
#14453 = VERTEX_POINT('',#14454);
#14454 = CARTESIAN_POINT('',(169.,-75.3509,1.51));
#14455 = CIRCLE('',#14456,0.8509);
#14456 = AXIS2_PLACEMENT_3D('',#14457,#14458,#14459);
#14457 = CARTESIAN_POINT('',(169.,-74.5,1.51));
#14458 = DIRECTION('',(-0.,0.,-1.));
#14459 = DIRECTION('',(-0.,-1.,0.));
#14460 = FACE_BOUND('',#14461,.T.);
#14461 = EDGE_LOOP('',(#14462));
#14462 = ORIENTED_EDGE('',*,*,#14463,.T.);
#14463 = EDGE_CURVE('',#14464,#14464,#14466,.T.);
#14464 = VERTEX_POINT('',#14465);
#14465 = CARTESIAN_POINT('',(174.5,-76.2145,1.51));
#14466 = CIRCLE('',#14467,1.7145);
#14467 = AXIS2_PLACEMENT_3D('',#14468,#14469,#14470);
#14468 = CARTESIAN_POINT('',(174.5,-74.5,1.51));
#14469 = DIRECTION('',(-0.,0.,-1.));
#14470 = DIRECTION('',(-0.,-1.,0.));
#14471 = FACE_BOUND('',#14472,.T.);
#14472 = EDGE_LOOP('',(#14473));
#14473 = ORIENTED_EDGE('',*,*,#14474,.T.);
#14474 = EDGE_CURVE('',#14475,#14475,#14477,.T.);
#14475 = VERTEX_POINT('',#14476);
#14476 = CARTESIAN_POINT('',(161.72,-70.7953,1.51));
#14477 = CIRCLE('',#14478,0.4953);
#14478 = AXIS2_PLACEMENT_3D('',#14479,#14480,#14481);
#14479 = CARTESIAN_POINT('',(161.72,-70.3,1.51));
#14480 = DIRECTION('',(-0.,0.,-1.));
#14481 = DIRECTION('',(-5.738281734385E-14,-1.,0.));
#14482 = FACE_BOUND('',#14483,.T.);
#14483 = EDGE_LOOP('',(#14484));
#14484 = ORIENTED_EDGE('',*,*,#14485,.T.);
#14485 = EDGE_CURVE('',#14486,#14486,#14488,.T.);
#14486 = VERTEX_POINT('',#14487);
#14487 = CARTESIAN_POINT('',(180.,-75.3509,1.51));
#14488 = CIRCLE('',#14489,0.8509);
#14489 = AXIS2_PLACEMENT_3D('',#14490,#14491,#14492);
#14490 = CARTESIAN_POINT('',(180.,-74.5,1.51));
#14491 = DIRECTION('',(-0.,0.,-1.));
#14492 = DIRECTION('',(-0.,-1.,0.));
#14493 = FACE_BOUND('',#14494,.T.);
#14494 = EDGE_LOOP('',(#14495));
#14495 = ORIENTED_EDGE('',*,*,#14496,.T.);
#14496 = EDGE_CURVE('',#14497,#14497,#14499,.T.);
#14497 = VERTEX_POINT('',#14498);
#14498 = CARTESIAN_POINT('',(187.,-75.3509,1.51));
#14499 = CIRCLE('',#14500,0.8509);
#14500 = AXIS2_PLACEMENT_3D('',#14501,#14502,#14503);
#14501 = CARTESIAN_POINT('',(187.,-74.5,1.51));
#14502 = DIRECTION('',(-0.,0.,-1.));
#14503 = DIRECTION('',(-0.,-1.,0.));
#14504 = FACE_BOUND('',#14505,.T.);
#14505 = EDGE_LOOP('',(#14506));
#14506 = ORIENTED_EDGE('',*,*,#14507,.T.);
#14507 = EDGE_CURVE('',#14508,#14508,#14510,.T.);
#14508 = VERTEX_POINT('',#14509);
#14509 = CARTESIAN_POINT('',(192.5,-76.2145,1.51));
#14510 = CIRCLE('',#14511,1.7145);
#14511 = AXIS2_PLACEMENT_3D('',#14512,#14513,#14514);
#14512 = CARTESIAN_POINT('',(192.5,-74.5,1.51));
#14513 = DIRECTION('',(-0.,0.,-1.));
#14514 = DIRECTION('',(-0.,-1.,0.));
#14515 = FACE_BOUND('',#14516,.T.);
#14516 = EDGE_LOOP('',(#14517));
#14517 = ORIENTED_EDGE('',*,*,#14518,.T.);
#14518 = EDGE_CURVE('',#14519,#14519,#14521,.T.);
#14519 = VERTEX_POINT('',#14520);
#14520 = CARTESIAN_POINT('',(198.,-75.3509,1.51));
#14521 = CIRCLE('',#14522,0.8509);
#14522 = AXIS2_PLACEMENT_3D('',#14523,#14524,#14525);
#14523 = CARTESIAN_POINT('',(198.,-74.5,1.51));
#14524 = DIRECTION('',(-0.,0.,-1.));
#14525 = DIRECTION('',(-0.,-1.,0.));
#14526 = FACE_BOUND('',#14527,.T.);
#14527 = EDGE_LOOP('',(#14528));
#14528 = ORIENTED_EDGE('',*,*,#14529,.T.);
#14529 = EDGE_CURVE('',#14530,#14530,#14532,.T.);
#14530 = VERTEX_POINT('',#14531);
#14531 = CARTESIAN_POINT('',(179.72,-70.7953,1.51));
#14532 = CIRCLE('',#14533,0.4953);
#14533 = AXIS2_PLACEMENT_3D('',#14534,#14535,#14536);
#14534 = CARTESIAN_POINT('',(179.72,-70.3,1.51));
#14535 = DIRECTION('',(-0.,0.,-1.));
#14536 = DIRECTION('',(-5.738281734385E-14,-1.,0.));
#14537 = FACE_BOUND('',#14538,.T.);
#14538 = EDGE_LOOP('',(#14539));
#14539 = ORIENTED_EDGE('',*,*,#14540,.T.);
#14540 = EDGE_CURVE('',#14541,#14541,#14543,.T.);
#14541 = VERTEX_POINT('',#14542);
#14542 = CARTESIAN_POINT('',(197.72,-70.7953,1.51));
#14543 = CIRCLE('',#14544,0.4953);
#14544 = AXIS2_PLACEMENT_3D('',#14545,#14546,#14547);
#14545 = CARTESIAN_POINT('',(197.72,-70.3,1.51));
#14546 = DIRECTION('',(-0.,0.,-1.));
#14547 = DIRECTION('',(-5.738281734385E-14,-1.,0.));
#14548 = FACE_BOUND('',#14549,.T.);
#14549 = EDGE_LOOP('',(#14550));
#14550 = ORIENTED_EDGE('',*,*,#14551,.T.);
#14551 = EDGE_CURVE('',#14552,#14552,#14554,.T.);
#14552 = VERTEX_POINT('',#14553);
#14553 = CARTESIAN_POINT('',(120.5,-64.95,1.51));
#14554 = CIRCLE('',#14555,1.5);
#14555 = AXIS2_PLACEMENT_3D('',#14556,#14557,#14558);
#14556 = CARTESIAN_POINT('',(120.5,-63.45,1.51));
#14557 = DIRECTION('',(-0.,0.,-1.));
#14558 = DIRECTION('',(-0.,-1.,0.));
#14559 = FACE_BOUND('',#14560,.T.);
#14560 = EDGE_LOOP('',(#14561));
#14561 = ORIENTED_EDGE('',*,*,#14562,.T.);
#14562 = EDGE_CURVE('',#14563,#14563,#14565,.T.);
#14563 = VERTEX_POINT('',#14564);
#14564 = CARTESIAN_POINT('',(115.5,-62.75,1.51));
#14565 = CIRCLE('',#14566,1.5);
#14566 = AXIS2_PLACEMENT_3D('',#14567,#14568,#14569);
#14567 = CARTESIAN_POINT('',(115.5,-61.25,1.51));
#14568 = DIRECTION('',(-0.,0.,-1.));
#14569 = DIRECTION('',(-0.,-1.,0.));
#14570 = FACE_BOUND('',#14571,.T.);
#14571 = EDGE_LOOP('',(#14572));
#14572 = ORIENTED_EDGE('',*,*,#14573,.T.);
#14573 = EDGE_CURVE('',#14574,#14574,#14576,.T.);
#14574 = VERTEX_POINT('',#14575);
#14575 = CARTESIAN_POINT('',(138.5,-64.95,1.51));
#14576 = CIRCLE('',#14577,1.5);
#14577 = AXIS2_PLACEMENT_3D('',#14578,#14579,#14580);
#14578 = CARTESIAN_POINT('',(138.5,-63.45,1.51));
#14579 = DIRECTION('',(-0.,0.,-1.));
#14580 = DIRECTION('',(-0.,-1.,0.));
#14581 = FACE_BOUND('',#14582,.T.);
#14582 = EDGE_LOOP('',(#14583));
#14583 = ORIENTED_EDGE('',*,*,#14584,.T.);
#14584 = EDGE_CURVE('',#14585,#14585,#14587,.T.);
#14585 = VERTEX_POINT('',#14586);
#14586 = CARTESIAN_POINT('',(133.5,-62.75,1.51));
#14587 = CIRCLE('',#14588,1.5);
#14588 = AXIS2_PLACEMENT_3D('',#14589,#14590,#14591);
#14589 = CARTESIAN_POINT('',(133.5,-61.25,1.51));
#14590 = DIRECTION('',(-0.,0.,-1.));
#14591 = DIRECTION('',(-0.,-1.,0.));
#14592 = FACE_BOUND('',#14593,.T.);
#14593 = EDGE_LOOP('',(#14594));
#14594 = ORIENTED_EDGE('',*,*,#14595,.T.);
#14595 = EDGE_CURVE('',#14596,#14596,#14598,.T.);
#14596 = VERTEX_POINT('',#14597);
#14597 = CARTESIAN_POINT('',(151.5,-62.75,1.51));
#14598 = CIRCLE('',#14599,1.5);
#14599 = AXIS2_PLACEMENT_3D('',#14600,#14601,#14602);
#14600 = CARTESIAN_POINT('',(151.5,-61.25,1.51));
#14601 = DIRECTION('',(-0.,0.,-1.));
#14602 = DIRECTION('',(-0.,-1.,0.));
#14603 = FACE_BOUND('',#14604,.T.);
#14604 = EDGE_LOOP('',(#14605));
#14605 = ORIENTED_EDGE('',*,*,#14606,.T.);
#14606 = EDGE_CURVE('',#14607,#14607,#14609,.T.);
#14607 = VERTEX_POINT('',#14608);
#14608 = CARTESIAN_POINT('',(115.,-58.3509,1.51));
#14609 = CIRCLE('',#14610,0.8509);
#14610 = AXIS2_PLACEMENT_3D('',#14611,#14612,#14613);
#14611 = CARTESIAN_POINT('',(115.,-57.5,1.51));
#14612 = DIRECTION('',(-0.,0.,-1.));
#14613 = DIRECTION('',(-0.,-1.,0.));
#14614 = FACE_BOUND('',#14615,.T.);
#14615 = EDGE_LOOP('',(#14616));
#14616 = ORIENTED_EDGE('',*,*,#14617,.T.);
#14617 = EDGE_CURVE('',#14618,#14618,#14620,.T.);
#14618 = VERTEX_POINT('',#14619);
#14619 = CARTESIAN_POINT('',(120.5,-59.2145,1.51));
#14620 = CIRCLE('',#14621,1.7145);
#14621 = AXIS2_PLACEMENT_3D('',#14622,#14623,#14624);
#14622 = CARTESIAN_POINT('',(120.5,-57.5,1.51));
#14623 = DIRECTION('',(-0.,0.,-1.));
#14624 = DIRECTION('',(-0.,-1.,0.));
#14625 = FACE_BOUND('',#14626,.T.);
#14626 = EDGE_LOOP('',(#14627));
#14627 = ORIENTED_EDGE('',*,*,#14628,.T.);
#14628 = EDGE_CURVE('',#14629,#14629,#14631,.T.);
#14629 = VERTEX_POINT('',#14630);
#14630 = CARTESIAN_POINT('',(126.,-58.3509,1.51));
#14631 = CIRCLE('',#14632,0.8509);
#14632 = AXIS2_PLACEMENT_3D('',#14633,#14634,#14635);
#14633 = CARTESIAN_POINT('',(126.,-57.5,1.51));
#14634 = DIRECTION('',(-0.,0.,-1.));
#14635 = DIRECTION('',(-0.,-1.,0.));
#14636 = FACE_BOUND('',#14637,.T.);
#14637 = EDGE_LOOP('',(#14638));
#14638 = ORIENTED_EDGE('',*,*,#14639,.T.);
#14639 = EDGE_CURVE('',#14640,#14640,#14642,.T.);
#14640 = VERTEX_POINT('',#14641);
#14641 = CARTESIAN_POINT('',(133.,-58.3509,1.51));
#14642 = CIRCLE('',#14643,0.8509);
#14643 = AXIS2_PLACEMENT_3D('',#14644,#14645,#14646);
#14644 = CARTESIAN_POINT('',(133.,-57.5,1.51));
#14645 = DIRECTION('',(-0.,0.,-1.));
#14646 = DIRECTION('',(-0.,-1.,0.));
#14647 = FACE_BOUND('',#14648,.T.);
#14648 = EDGE_LOOP('',(#14649));
#14649 = ORIENTED_EDGE('',*,*,#14650,.T.);
#14650 = EDGE_CURVE('',#14651,#14651,#14653,.T.);
#14651 = VERTEX_POINT('',#14652);
#14652 = CARTESIAN_POINT('',(125.72,-53.7953,1.51));
#14653 = CIRCLE('',#14654,0.4953);
#14654 = AXIS2_PLACEMENT_3D('',#14655,#14656,#14657);
#14655 = CARTESIAN_POINT('',(125.72,-53.3,1.51));
#14656 = DIRECTION('',(-0.,0.,-1.));
#14657 = DIRECTION('',(-0.,-1.,0.));
#14658 = FACE_BOUND('',#14659,.T.);
#14659 = EDGE_LOOP('',(#14660));
#14660 = ORIENTED_EDGE('',*,*,#14661,.T.);
#14661 = EDGE_CURVE('',#14662,#14662,#14664,.T.);
#14662 = VERTEX_POINT('',#14663);
#14663 = CARTESIAN_POINT('',(138.5,-59.2145,1.51));
#14664 = CIRCLE('',#14665,1.7145);
#14665 = AXIS2_PLACEMENT_3D('',#14666,#14667,#14668);
#14666 = CARTESIAN_POINT('',(138.5,-57.5,1.51));
#14667 = DIRECTION('',(-0.,0.,-1.));
#14668 = DIRECTION('',(-0.,-1.,0.));
#14669 = FACE_BOUND('',#14670,.T.);
#14670 = EDGE_LOOP('',(#14671));
#14671 = ORIENTED_EDGE('',*,*,#14672,.T.);
#14672 = EDGE_CURVE('',#14673,#14673,#14675,.T.);
#14673 = VERTEX_POINT('',#14674);
#14674 = CARTESIAN_POINT('',(144.,-58.3509,1.51));
#14675 = CIRCLE('',#14676,0.8509);
#14676 = AXIS2_PLACEMENT_3D('',#14677,#14678,#14679);
#14677 = CARTESIAN_POINT('',(144.,-57.5,1.51));
#14678 = DIRECTION('',(-0.,0.,-1.));
#14679 = DIRECTION('',(-0.,-1.,0.));
#14680 = FACE_BOUND('',#14681,.T.);
#14681 = EDGE_LOOP('',(#14682));
#14682 = ORIENTED_EDGE('',*,*,#14683,.T.);
#14683 = EDGE_CURVE('',#14684,#14684,#14686,.T.);
#14684 = VERTEX_POINT('',#14685);
#14685 = CARTESIAN_POINT('',(151.,-58.3509,1.51));
#14686 = CIRCLE('',#14687,0.8509);
#14687 = AXIS2_PLACEMENT_3D('',#14688,#14689,#14690);
#14688 = CARTESIAN_POINT('',(151.,-57.5,1.51));
#14689 = DIRECTION('',(-0.,0.,-1.));
#14690 = DIRECTION('',(-0.,-1.,0.));
#14691 = FACE_BOUND('',#14692,.T.);
#14692 = EDGE_LOOP('',(#14693));
#14693 = ORIENTED_EDGE('',*,*,#14694,.T.);
#14694 = EDGE_CURVE('',#14695,#14695,#14697,.T.);
#14695 = VERTEX_POINT('',#14696);
#14696 = CARTESIAN_POINT('',(143.72,-53.7953,1.51));
#14697 = CIRCLE('',#14698,0.4953);
#14698 = AXIS2_PLACEMENT_3D('',#14699,#14700,#14701);
#14699 = CARTESIAN_POINT('',(143.72,-53.3,1.51));
#14700 = DIRECTION('',(-0.,0.,-1.));
#14701 = DIRECTION('',(-5.738281734384E-14,-1.,0.));
#14702 = FACE_BOUND('',#14703,.T.);
#14703 = EDGE_LOOP('',(#14704));
#14704 = ORIENTED_EDGE('',*,*,#14705,.T.);
#14705 = EDGE_CURVE('',#14706,#14706,#14708,.T.);
#14706 = VERTEX_POINT('',#14707);
#14707 = CARTESIAN_POINT('',(156.5,-64.95,1.51));
#14708 = CIRCLE('',#14709,1.5);
#14709 = AXIS2_PLACEMENT_3D('',#14710,#14711,#14712);
#14710 = CARTESIAN_POINT('',(156.5,-63.45,1.51));
#14711 = DIRECTION('',(-0.,0.,-1.));
#14712 = DIRECTION('',(-0.,-1.,0.));
#14713 = FACE_BOUND('',#14714,.T.);
#14714 = EDGE_LOOP('',(#14715));
#14715 = ORIENTED_EDGE('',*,*,#14716,.T.);
#14716 = EDGE_CURVE('',#14717,#14717,#14719,.T.);
#14717 = VERTEX_POINT('',#14718);
#14718 = CARTESIAN_POINT('',(174.5,-64.95,1.51));
#14719 = CIRCLE('',#14720,1.5);
#14720 = AXIS2_PLACEMENT_3D('',#14721,#14722,#14723);
#14721 = CARTESIAN_POINT('',(174.5,-63.45,1.51));
#14722 = DIRECTION('',(-0.,0.,-1.));
#14723 = DIRECTION('',(-0.,-1.,0.));
#14724 = FACE_BOUND('',#14725,.T.);
#14725 = EDGE_LOOP('',(#14726));
#14726 = ORIENTED_EDGE('',*,*,#14727,.T.);
#14727 = EDGE_CURVE('',#14728,#14728,#14730,.T.);
#14728 = VERTEX_POINT('',#14729);
#14729 = CARTESIAN_POINT('',(169.5,-62.75,1.51));
#14730 = CIRCLE('',#14731,1.5);
#14731 = AXIS2_PLACEMENT_3D('',#14732,#14733,#14734);
#14732 = CARTESIAN_POINT('',(169.5,-61.25,1.51));
#14733 = DIRECTION('',(-0.,0.,-1.));
#14734 = DIRECTION('',(-0.,-1.,0.));
#14735 = FACE_BOUND('',#14736,.T.);
#14736 = EDGE_LOOP('',(#14737));
#14737 = ORIENTED_EDGE('',*,*,#14738,.T.);
#14738 = EDGE_CURVE('',#14739,#14739,#14741,.T.);
#14739 = VERTEX_POINT('',#14740);
#14740 = CARTESIAN_POINT('',(187.5,-62.75,1.51));
#14741 = CIRCLE('',#14742,1.5);
#14742 = AXIS2_PLACEMENT_3D('',#14743,#14744,#14745);
#14743 = CARTESIAN_POINT('',(187.5,-61.25,1.51));
#14744 = DIRECTION('',(-0.,0.,-1.));
#14745 = DIRECTION('',(-0.,-1.,0.));
#14746 = FACE_BOUND('',#14747,.T.);
#14747 = EDGE_LOOP('',(#14748));
#14748 = ORIENTED_EDGE('',*,*,#14749,.T.);
#14749 = EDGE_CURVE('',#14750,#14750,#14752,.T.);
#14750 = VERTEX_POINT('',#14751);
#14751 = CARTESIAN_POINT('',(192.5,-64.95,1.51));
#14752 = CIRCLE('',#14753,1.5);
#14753 = AXIS2_PLACEMENT_3D('',#14754,#14755,#14756);
#14754 = CARTESIAN_POINT('',(192.5,-63.45,1.51));
#14755 = DIRECTION('',(-0.,0.,-1.));
#14756 = DIRECTION('',(-0.,-1.,0.));
#14757 = FACE_BOUND('',#14758,.T.);
#14758 = EDGE_LOOP('',(#14759));
#14759 = ORIENTED_EDGE('',*,*,#14760,.T.);
#14760 = EDGE_CURVE('',#14761,#14761,#14763,.T.);
#14761 = VERTEX_POINT('',#14762);
#14762 = CARTESIAN_POINT('',(156.5,-59.2145,1.51));
#14763 = CIRCLE('',#14764,1.7145);
#14764 = AXIS2_PLACEMENT_3D('',#14765,#14766,#14767);
#14765 = CARTESIAN_POINT('',(156.5,-57.5,1.51));
#14766 = DIRECTION('',(-0.,0.,-1.));
#14767 = DIRECTION('',(-0.,-1.,0.));
#14768 = FACE_BOUND('',#14769,.T.);
#14769 = EDGE_LOOP('',(#14770));
#14770 = ORIENTED_EDGE('',*,*,#14771,.T.);
#14771 = EDGE_CURVE('',#14772,#14772,#14774,.T.);
#14772 = VERTEX_POINT('',#14773);
#14773 = CARTESIAN_POINT('',(162.,-58.3509,1.51));
#14774 = CIRCLE('',#14775,0.8509);
#14775 = AXIS2_PLACEMENT_3D('',#14776,#14777,#14778);
#14776 = CARTESIAN_POINT('',(162.,-57.5,1.51));
#14777 = DIRECTION('',(-0.,0.,-1.));
#14778 = DIRECTION('',(-0.,-1.,0.));
#14779 = FACE_BOUND('',#14780,.T.);
#14780 = EDGE_LOOP('',(#14781));
#14781 = ORIENTED_EDGE('',*,*,#14782,.T.);
#14782 = EDGE_CURVE('',#14783,#14783,#14785,.T.);
#14783 = VERTEX_POINT('',#14784);
#14784 = CARTESIAN_POINT('',(169.,-58.3509,1.51));
#14785 = CIRCLE('',#14786,0.8509);
#14786 = AXIS2_PLACEMENT_3D('',#14787,#14788,#14789);
#14787 = CARTESIAN_POINT('',(169.,-57.5,1.51));
#14788 = DIRECTION('',(-0.,0.,-1.));
#14789 = DIRECTION('',(-0.,-1.,0.));
#14790 = FACE_BOUND('',#14791,.T.);
#14791 = EDGE_LOOP('',(#14792));
#14792 = ORIENTED_EDGE('',*,*,#14793,.T.);
#14793 = EDGE_CURVE('',#14794,#14794,#14796,.T.);
#14794 = VERTEX_POINT('',#14795);
#14795 = CARTESIAN_POINT('',(174.5,-59.2145,1.51));
#14796 = CIRCLE('',#14797,1.7145);
#14797 = AXIS2_PLACEMENT_3D('',#14798,#14799,#14800);
#14798 = CARTESIAN_POINT('',(174.5,-57.5,1.51));
#14799 = DIRECTION('',(-0.,0.,-1.));
#14800 = DIRECTION('',(-0.,-1.,0.));
#14801 = FACE_BOUND('',#14802,.T.);
#14802 = EDGE_LOOP('',(#14803));
#14803 = ORIENTED_EDGE('',*,*,#14804,.T.);
#14804 = EDGE_CURVE('',#14805,#14805,#14807,.T.);
#14805 = VERTEX_POINT('',#14806);
#14806 = CARTESIAN_POINT('',(161.72,-53.7953,1.51));
#14807 = CIRCLE('',#14808,0.4953);
#14808 = AXIS2_PLACEMENT_3D('',#14809,#14810,#14811);
#14809 = CARTESIAN_POINT('',(161.72,-53.3,1.51));
#14810 = DIRECTION('',(-0.,0.,-1.));
#14811 = DIRECTION('',(-5.738281734384E-14,-1.,0.));
#14812 = FACE_BOUND('',#14813,.T.);
#14813 = EDGE_LOOP('',(#14814));
#14814 = ORIENTED_EDGE('',*,*,#14815,.T.);
#14815 = EDGE_CURVE('',#14816,#14816,#14818,.T.);
#14816 = VERTEX_POINT('',#14817);
#14817 = CARTESIAN_POINT('',(180.,-58.3509,1.51));
#14818 = CIRCLE('',#14819,0.8509);
#14819 = AXIS2_PLACEMENT_3D('',#14820,#14821,#14822);
#14820 = CARTESIAN_POINT('',(180.,-57.5,1.51));
#14821 = DIRECTION('',(-0.,0.,-1.));
#14822 = DIRECTION('',(-0.,-1.,0.));
#14823 = FACE_BOUND('',#14824,.T.);
#14824 = EDGE_LOOP('',(#14825));
#14825 = ORIENTED_EDGE('',*,*,#14826,.T.);
#14826 = EDGE_CURVE('',#14827,#14827,#14829,.T.);
#14827 = VERTEX_POINT('',#14828);
#14828 = CARTESIAN_POINT('',(187.,-58.3509,1.51));
#14829 = CIRCLE('',#14830,0.8509);
#14830 = AXIS2_PLACEMENT_3D('',#14831,#14832,#14833);
#14831 = CARTESIAN_POINT('',(187.,-57.5,1.51));
#14832 = DIRECTION('',(-0.,0.,-1.));
#14833 = DIRECTION('',(-0.,-1.,0.));
#14834 = FACE_BOUND('',#14835,.T.);
#14835 = EDGE_LOOP('',(#14836));
#14836 = ORIENTED_EDGE('',*,*,#14837,.T.);
#14837 = EDGE_CURVE('',#14838,#14838,#14840,.T.);
#14838 = VERTEX_POINT('',#14839);
#14839 = CARTESIAN_POINT('',(192.5,-59.2145,1.51));
#14840 = CIRCLE('',#14841,1.7145);
#14841 = AXIS2_PLACEMENT_3D('',#14842,#14843,#14844);
#14842 = CARTESIAN_POINT('',(192.5,-57.5,1.51));
#14843 = DIRECTION('',(-0.,0.,-1.));
#14844 = DIRECTION('',(-0.,-1.,0.));
#14845 = FACE_BOUND('',#14846,.T.);
#14846 = EDGE_LOOP('',(#14847));
#14847 = ORIENTED_EDGE('',*,*,#14848,.T.);
#14848 = EDGE_CURVE('',#14849,#14849,#14851,.T.);
#14849 = VERTEX_POINT('',#14850);
#14850 = CARTESIAN_POINT('',(198.,-58.3509,1.51));
#14851 = CIRCLE('',#14852,0.8509);
#14852 = AXIS2_PLACEMENT_3D('',#14853,#14854,#14855);
#14853 = CARTESIAN_POINT('',(198.,-57.5,1.51));
#14854 = DIRECTION('',(-0.,0.,-1.));
#14855 = DIRECTION('',(-0.,-1.,0.));
#14856 = FACE_BOUND('',#14857,.T.);
#14857 = EDGE_LOOP('',(#14858));
#14858 = ORIENTED_EDGE('',*,*,#14859,.T.);
#14859 = EDGE_CURVE('',#14860,#14860,#14862,.T.);
#14860 = VERTEX_POINT('',#14861);
#14861 = CARTESIAN_POINT('',(179.72,-53.7953,1.51));
#14862 = CIRCLE('',#14863,0.4953);
#14863 = AXIS2_PLACEMENT_3D('',#14864,#14865,#14866);
#14864 = CARTESIAN_POINT('',(179.72,-53.3,1.51));
#14865 = DIRECTION('',(-0.,0.,-1.));
#14866 = DIRECTION('',(-5.738281734384E-14,-1.,0.));
#14867 = FACE_BOUND('',#14868,.T.);
#14868 = EDGE_LOOP('',(#14869));
#14869 = ORIENTED_EDGE('',*,*,#14870,.T.);
#14870 = EDGE_CURVE('',#14871,#14871,#14873,.T.);
#14871 = VERTEX_POINT('',#14872);
#14872 = CARTESIAN_POINT('',(197.72,-53.7953,1.51));
#14873 = CIRCLE('',#14874,0.4953);
#14874 = AXIS2_PLACEMENT_3D('',#14875,#14876,#14877);
#14875 = CARTESIAN_POINT('',(197.72,-53.3,1.51));
#14876 = DIRECTION('',(-0.,0.,-1.));
#14877 = DIRECTION('',(-5.738281734384E-14,-1.,0.));
#14878 = PLANE('',#14879);
#14879 = AXIS2_PLACEMENT_3D('',#14880,#14881,#14882);
#14880 = CARTESIAN_POINT('',(0.,0.,1.51));
#14881 = DIRECTION('',(0.,0.,1.));
#14882 = DIRECTION('',(1.,0.,-0.));
#14883 = ADVANCED_FACE('',(#14884),#14890,.T.);
#14884 = FACE_BOUND('',#14885,.T.);
#14885 = EDGE_LOOP('',(#14886,#14887,#14888,#14889));
#14886 = ORIENTED_EDGE('',*,*,#9947,.T.);
#14887 = ORIENTED_EDGE('',*,*,#12430,.T.);
#14888 = ORIENTED_EDGE('',*,*,#9907,.F.);
#14889 = ORIENTED_EDGE('',*,*,#9971,.F.);
#14890 = PLANE('',#14891);
#14891 = AXIS2_PLACEMENT_3D('',#14892,#14893,#14894);
#14892 = CARTESIAN_POINT('',(15.,-40.5,0.));
#14893 = DIRECTION('',(0.,1.,0.));
#14894 = DIRECTION('',(1.,0.,0.));
#14895 = ADVANCED_FACE('',(#14896),#14907,.F.);
#14896 = FACE_BOUND('',#14897,.T.);
#14897 = EDGE_LOOP('',(#14898,#14899,#14905,#14906));
#14898 = ORIENTED_EDGE('',*,*,#9980,.T.);
#14899 = ORIENTED_EDGE('',*,*,#14900,.T.);
#14900 = EDGE_CURVE('',#9981,#12440,#14901,.T.);
#14901 = LINE('',#14902,#14903);
#14902 = CARTESIAN_POINT('',(30.5,-115.95,-4.6E-02));
#14903 = VECTOR('',#14904,1.);
#14904 = DIRECTION('',(0.,0.,1.));
#14905 = ORIENTED_EDGE('',*,*,#12439,.F.);
#14906 = ORIENTED_EDGE('',*,*,#14900,.F.);
#14907 = CYLINDRICAL_SURFACE('',#14908,1.5);
#14908 = AXIS2_PLACEMENT_3D('',#14909,#14910,#14911);
#14909 = CARTESIAN_POINT('',(30.5,-114.45,-4.6E-02));
#14910 = DIRECTION('',(-0.,-0.,-1.));
#14911 = DIRECTION('',(-0.,-1.,0.));
#14912 = ADVANCED_FACE('',(#14913),#14924,.F.);
#14913 = FACE_BOUND('',#14914,.T.);
#14914 = EDGE_LOOP('',(#14915,#14916,#14922,#14923));
#14915 = ORIENTED_EDGE('',*,*,#9991,.T.);
#14916 = ORIENTED_EDGE('',*,*,#14917,.T.);
#14917 = EDGE_CURVE('',#9992,#12451,#14918,.T.);
#14918 = LINE('',#14919,#14920);
#14919 = CARTESIAN_POINT('',(25.5,-113.75,-4.6E-02));
#14920 = VECTOR('',#14921,1.);
#14921 = DIRECTION('',(0.,0.,1.));
#14922 = ORIENTED_EDGE('',*,*,#12450,.F.);
#14923 = ORIENTED_EDGE('',*,*,#14917,.F.);
#14924 = CYLINDRICAL_SURFACE('',#14925,1.5);
#14925 = AXIS2_PLACEMENT_3D('',#14926,#14927,#14928);
#14926 = CARTESIAN_POINT('',(25.5,-112.25,-4.6E-02));
#14927 = DIRECTION('',(-0.,-0.,-1.));
#14928 = DIRECTION('',(-0.,-1.,0.));
#14929 = ADVANCED_FACE('',(#14930),#14941,.F.);
#14930 = FACE_BOUND('',#14931,.T.);
#14931 = EDGE_LOOP('',(#14932,#14933,#14939,#14940));
#14932 = ORIENTED_EDGE('',*,*,#10002,.T.);
#14933 = ORIENTED_EDGE('',*,*,#14934,.T.);
#14934 = EDGE_CURVE('',#10003,#12462,#14935,.T.);
#14935 = LINE('',#14936,#14937);
#14936 = CARTESIAN_POINT('',(43.5,-113.75,-4.6E-02));
#14937 = VECTOR('',#14938,1.);
#14938 = DIRECTION('',(0.,0.,1.));
#14939 = ORIENTED_EDGE('',*,*,#12461,.F.);
#14940 = ORIENTED_EDGE('',*,*,#14934,.F.);
#14941 = CYLINDRICAL_SURFACE('',#14942,1.5);
#14942 = AXIS2_PLACEMENT_3D('',#14943,#14944,#14945);
#14943 = CARTESIAN_POINT('',(43.5,-112.25,-4.6E-02));
#14944 = DIRECTION('',(-0.,-0.,-1.));
#14945 = DIRECTION('',(-0.,-1.,0.));
#14946 = ADVANCED_FACE('',(#14947),#14958,.F.);
#14947 = FACE_BOUND('',#14948,.T.);
#14948 = EDGE_LOOP('',(#14949,#14950,#14956,#14957));
#14949 = ORIENTED_EDGE('',*,*,#10013,.T.);
#14950 = ORIENTED_EDGE('',*,*,#14951,.T.);
#14951 = EDGE_CURVE('',#10014,#12473,#14952,.T.);
#14952 = LINE('',#14953,#14954);
#14953 = CARTESIAN_POINT('',(25.,-109.3509,-4.6E-02));
#14954 = VECTOR('',#14955,1.);
#14955 = DIRECTION('',(0.,0.,1.));
#14956 = ORIENTED_EDGE('',*,*,#12472,.F.);
#14957 = ORIENTED_EDGE('',*,*,#14951,.F.);
#14958 = CYLINDRICAL_SURFACE('',#14959,0.8509);
#14959 = AXIS2_PLACEMENT_3D('',#14960,#14961,#14962);
#14960 = CARTESIAN_POINT('',(25.,-108.5,-4.6E-02));
#14961 = DIRECTION('',(-0.,-0.,-1.));
#14962 = DIRECTION('',(-0.,-1.,0.));
#14963 = ADVANCED_FACE('',(#14964),#14975,.F.);
#14964 = FACE_BOUND('',#14965,.T.);
#14965 = EDGE_LOOP('',(#14966,#14967,#14973,#14974));
#14966 = ORIENTED_EDGE('',*,*,#10024,.T.);
#14967 = ORIENTED_EDGE('',*,*,#14968,.T.);
#14968 = EDGE_CURVE('',#10025,#12484,#14969,.T.);
#14969 = LINE('',#14970,#14971);
#14970 = CARTESIAN_POINT('',(30.5,-110.2145,-4.6E-02));
#14971 = VECTOR('',#14972,1.);
#14972 = DIRECTION('',(0.,0.,1.));
#14973 = ORIENTED_EDGE('',*,*,#12483,.F.);
#14974 = ORIENTED_EDGE('',*,*,#14968,.F.);
#14975 = CYLINDRICAL_SURFACE('',#14976,1.7145);
#14976 = AXIS2_PLACEMENT_3D('',#14977,#14978,#14979);
#14977 = CARTESIAN_POINT('',(30.5,-108.5,-4.6E-02));
#14978 = DIRECTION('',(-0.,-0.,-1.));
#14979 = DIRECTION('',(-0.,-1.,0.));
#14980 = ADVANCED_FACE('',(#14981),#14992,.F.);
#14981 = FACE_BOUND('',#14982,.T.);
#14982 = EDGE_LOOP('',(#14983,#14984,#14990,#14991));
#14983 = ORIENTED_EDGE('',*,*,#10035,.T.);
#14984 = ORIENTED_EDGE('',*,*,#14985,.T.);
#14985 = EDGE_CURVE('',#10036,#12495,#14986,.T.);
#14986 = LINE('',#14987,#14988);
#14987 = CARTESIAN_POINT('',(36.,-109.3509,-4.6E-02));
#14988 = VECTOR('',#14989,1.);
#14989 = DIRECTION('',(0.,0.,1.));
#14990 = ORIENTED_EDGE('',*,*,#12494,.F.);
#14991 = ORIENTED_EDGE('',*,*,#14985,.F.);
#14992 = CYLINDRICAL_SURFACE('',#14993,0.8509);
#14993 = AXIS2_PLACEMENT_3D('',#14994,#14995,#14996);
#14994 = CARTESIAN_POINT('',(36.,-108.5,-4.6E-02));
#14995 = DIRECTION('',(-0.,-0.,-1.));
#14996 = DIRECTION('',(-0.,-1.,0.));
#14997 = ADVANCED_FACE('',(#14998),#15009,.F.);
#14998 = FACE_BOUND('',#14999,.T.);
#14999 = EDGE_LOOP('',(#15000,#15001,#15007,#15008));
#15000 = ORIENTED_EDGE('',*,*,#10046,.T.);
#15001 = ORIENTED_EDGE('',*,*,#15002,.T.);
#15002 = EDGE_CURVE('',#10047,#12506,#15003,.T.);
#15003 = LINE('',#15004,#15005);
#15004 = CARTESIAN_POINT('',(43.,-109.3509,-4.6E-02));
#15005 = VECTOR('',#15006,1.);
#15006 = DIRECTION('',(0.,0.,1.));
#15007 = ORIENTED_EDGE('',*,*,#12505,.F.);
#15008 = ORIENTED_EDGE('',*,*,#15002,.F.);
#15009 = CYLINDRICAL_SURFACE('',#15010,0.8509);
#15010 = AXIS2_PLACEMENT_3D('',#15011,#15012,#15013);
#15011 = CARTESIAN_POINT('',(43.,-108.5,-4.6E-02));
#15012 = DIRECTION('',(-0.,-0.,-1.));
#15013 = DIRECTION('',(-0.,-1.,0.));
#15014 = ADVANCED_FACE('',(#15015),#15026,.F.);
#15015 = FACE_BOUND('',#15016,.T.);
#15016 = EDGE_LOOP('',(#15017,#15018,#15024,#15025));
#15017 = ORIENTED_EDGE('',*,*,#10057,.T.);
#15018 = ORIENTED_EDGE('',*,*,#15019,.T.);
#15019 = EDGE_CURVE('',#10058,#12517,#15020,.T.);
#15020 = LINE('',#15021,#15022);
#15021 = CARTESIAN_POINT('',(48.5,-115.95,-4.6E-02));
#15022 = VECTOR('',#15023,1.);
#15023 = DIRECTION('',(0.,0.,1.));
#15024 = ORIENTED_EDGE('',*,*,#12516,.F.);
#15025 = ORIENTED_EDGE('',*,*,#15019,.F.);
#15026 = CYLINDRICAL_SURFACE('',#15027,1.5);
#15027 = AXIS2_PLACEMENT_3D('',#15028,#15029,#15030);
#15028 = CARTESIAN_POINT('',(48.5,-114.45,-4.6E-02));
#15029 = DIRECTION('',(-0.,-0.,-1.));
#15030 = DIRECTION('',(-0.,-1.,0.));
#15031 = ADVANCED_FACE('',(#15032),#15043,.F.);
#15032 = FACE_BOUND('',#15033,.T.);
#15033 = EDGE_LOOP('',(#15034,#15035,#15041,#15042));
#15034 = ORIENTED_EDGE('',*,*,#10068,.T.);
#15035 = ORIENTED_EDGE('',*,*,#15036,.T.);
#15036 = EDGE_CURVE('',#10069,#12528,#15037,.T.);
#15037 = LINE('',#15038,#15039);
#15038 = CARTESIAN_POINT('',(66.5,-115.95,-4.6E-02));
#15039 = VECTOR('',#15040,1.);
#15040 = DIRECTION('',(0.,0.,1.));
#15041 = ORIENTED_EDGE('',*,*,#12527,.F.);
#15042 = ORIENTED_EDGE('',*,*,#15036,.F.);
#15043 = CYLINDRICAL_SURFACE('',#15044,1.5);
#15044 = AXIS2_PLACEMENT_3D('',#15045,#15046,#15047);
#15045 = CARTESIAN_POINT('',(66.5,-114.45,-4.6E-02));
#15046 = DIRECTION('',(-0.,-0.,-1.));
#15047 = DIRECTION('',(-0.,-1.,0.));
#15048 = ADVANCED_FACE('',(#15049),#15060,.F.);
#15049 = FACE_BOUND('',#15050,.T.);
#15050 = EDGE_LOOP('',(#15051,#15052,#15058,#15059));
#15051 = ORIENTED_EDGE('',*,*,#10079,.T.);
#15052 = ORIENTED_EDGE('',*,*,#15053,.T.);
#15053 = EDGE_CURVE('',#10080,#12539,#15054,.T.);
#15054 = LINE('',#15055,#15056);
#15055 = CARTESIAN_POINT('',(61.5,-113.75,-4.6E-02));
#15056 = VECTOR('',#15057,1.);
#15057 = DIRECTION('',(0.,0.,1.));
#15058 = ORIENTED_EDGE('',*,*,#12538,.F.);
#15059 = ORIENTED_EDGE('',*,*,#15053,.F.);
#15060 = CYLINDRICAL_SURFACE('',#15061,1.5);
#15061 = AXIS2_PLACEMENT_3D('',#15062,#15063,#15064);
#15062 = CARTESIAN_POINT('',(61.5,-112.25,-4.6E-02));
#15063 = DIRECTION('',(-0.,-0.,-1.));
#15064 = DIRECTION('',(-0.,-1.,0.));
#15065 = ADVANCED_FACE('',(#15066),#15077,.F.);
#15066 = FACE_BOUND('',#15067,.T.);
#15067 = EDGE_LOOP('',(#15068,#15069,#15075,#15076));
#15068 = ORIENTED_EDGE('',*,*,#10090,.T.);
#15069 = ORIENTED_EDGE('',*,*,#15070,.T.);
#15070 = EDGE_CURVE('',#10091,#12550,#15071,.T.);
#15071 = LINE('',#15072,#15073);
#15072 = CARTESIAN_POINT('',(48.5,-110.2145,-4.6E-02));
#15073 = VECTOR('',#15074,1.);
#15074 = DIRECTION('',(0.,0.,1.));
#15075 = ORIENTED_EDGE('',*,*,#12549,.F.);
#15076 = ORIENTED_EDGE('',*,*,#15070,.F.);
#15077 = CYLINDRICAL_SURFACE('',#15078,1.7145);
#15078 = AXIS2_PLACEMENT_3D('',#15079,#15080,#15081);
#15079 = CARTESIAN_POINT('',(48.5,-108.5,-4.6E-02));
#15080 = DIRECTION('',(-0.,-0.,-1.));
#15081 = DIRECTION('',(-0.,-1.,0.));
#15082 = ADVANCED_FACE('',(#15083),#15094,.F.);
#15083 = FACE_BOUND('',#15084,.T.);
#15084 = EDGE_LOOP('',(#15085,#15086,#15092,#15093));
#15085 = ORIENTED_EDGE('',*,*,#10101,.T.);
#15086 = ORIENTED_EDGE('',*,*,#15087,.T.);
#15087 = EDGE_CURVE('',#10102,#12561,#15088,.T.);
#15088 = LINE('',#15089,#15090);
#15089 = CARTESIAN_POINT('',(54.,-109.3509,-4.6E-02));
#15090 = VECTOR('',#15091,1.);
#15091 = DIRECTION('',(0.,0.,1.));
#15092 = ORIENTED_EDGE('',*,*,#12560,.F.);
#15093 = ORIENTED_EDGE('',*,*,#15087,.F.);
#15094 = CYLINDRICAL_SURFACE('',#15095,0.8509);
#15095 = AXIS2_PLACEMENT_3D('',#15096,#15097,#15098);
#15096 = CARTESIAN_POINT('',(54.,-108.5,-4.6E-02));
#15097 = DIRECTION('',(-0.,-0.,-1.));
#15098 = DIRECTION('',(-0.,-1.,0.));
#15099 = ADVANCED_FACE('',(#15100),#15111,.F.);
#15100 = FACE_BOUND('',#15101,.T.);
#15101 = EDGE_LOOP('',(#15102,#15103,#15109,#15110));
#15102 = ORIENTED_EDGE('',*,*,#10112,.T.);
#15103 = ORIENTED_EDGE('',*,*,#15104,.T.);
#15104 = EDGE_CURVE('',#10113,#12572,#15105,.T.);
#15105 = LINE('',#15106,#15107);
#15106 = CARTESIAN_POINT('',(61.,-109.3509,-4.6E-02));
#15107 = VECTOR('',#15108,1.);
#15108 = DIRECTION('',(0.,0.,1.));
#15109 = ORIENTED_EDGE('',*,*,#12571,.F.);
#15110 = ORIENTED_EDGE('',*,*,#15104,.F.);
#15111 = CYLINDRICAL_SURFACE('',#15112,0.8509);
#15112 = AXIS2_PLACEMENT_3D('',#15113,#15114,#15115);
#15113 = CARTESIAN_POINT('',(61.,-108.5,-4.6E-02));
#15114 = DIRECTION('',(-0.,-0.,-1.));
#15115 = DIRECTION('',(-0.,-1.,0.));
#15116 = ADVANCED_FACE('',(#15117),#15128,.F.);
#15117 = FACE_BOUND('',#15118,.T.);
#15118 = EDGE_LOOP('',(#15119,#15120,#15126,#15127));
#15119 = ORIENTED_EDGE('',*,*,#10123,.T.);
#15120 = ORIENTED_EDGE('',*,*,#15121,.T.);
#15121 = EDGE_CURVE('',#10124,#12583,#15122,.T.);
#15122 = LINE('',#15123,#15124);
#15123 = CARTESIAN_POINT('',(66.5,-110.2145,-4.6E-02));
#15124 = VECTOR('',#15125,1.);
#15125 = DIRECTION('',(0.,0.,1.));
#15126 = ORIENTED_EDGE('',*,*,#12582,.F.);
#15127 = ORIENTED_EDGE('',*,*,#15121,.F.);
#15128 = CYLINDRICAL_SURFACE('',#15129,1.7145);
#15129 = AXIS2_PLACEMENT_3D('',#15130,#15131,#15132);
#15130 = CARTESIAN_POINT('',(66.5,-108.5,-4.6E-02));
#15131 = DIRECTION('',(-0.,-0.,-1.));
#15132 = DIRECTION('',(-0.,-1.,0.));
#15133 = ADVANCED_FACE('',(#15134),#15145,.F.);
#15134 = FACE_BOUND('',#15135,.T.);
#15135 = EDGE_LOOP('',(#15136,#15137,#15143,#15144));
#15136 = ORIENTED_EDGE('',*,*,#10134,.T.);
#15137 = ORIENTED_EDGE('',*,*,#15138,.T.);
#15138 = EDGE_CURVE('',#10135,#12594,#15139,.T.);
#15139 = LINE('',#15140,#15141);
#15140 = CARTESIAN_POINT('',(35.72,-104.7953,-4.6E-02));
#15141 = VECTOR('',#15142,1.);
#15142 = DIRECTION('',(0.,0.,1.));
#15143 = ORIENTED_EDGE('',*,*,#12593,.F.);
#15144 = ORIENTED_EDGE('',*,*,#15138,.F.);
#15145 = CYLINDRICAL_SURFACE('',#15146,0.4953);
#15146 = AXIS2_PLACEMENT_3D('',#15147,#15148,#15149);
#15147 = CARTESIAN_POINT('',(35.72,-104.3,-4.6E-02));
#15148 = DIRECTION('',(-0.,-0.,-1.));
#15149 = DIRECTION('',(-0.,-1.,0.));
#15150 = ADVANCED_FACE('',(#15151),#15162,.F.);
#15151 = FACE_BOUND('',#15152,.T.);
#15152 = EDGE_LOOP('',(#15153,#15154,#15160,#15161));
#15153 = ORIENTED_EDGE('',*,*,#10145,.T.);
#15154 = ORIENTED_EDGE('',*,*,#15155,.T.);
#15155 = EDGE_CURVE('',#10146,#12605,#15156,.T.);
#15156 = LINE('',#15157,#15158);
#15157 = CARTESIAN_POINT('',(53.72,-104.7953,-4.6E-02));
#15158 = VECTOR('',#15159,1.);
#15159 = DIRECTION('',(0.,0.,1.));
#15160 = ORIENTED_EDGE('',*,*,#12604,.F.);
#15161 = ORIENTED_EDGE('',*,*,#15155,.F.);
#15162 = CYLINDRICAL_SURFACE('',#15163,0.4953);
#15163 = AXIS2_PLACEMENT_3D('',#15164,#15165,#15166);
#15164 = CARTESIAN_POINT('',(53.72,-104.3,-4.6E-02));
#15165 = DIRECTION('',(-0.,-0.,-1.));
#15166 = DIRECTION('',(-0.,-1.,0.));
#15167 = ADVANCED_FACE('',(#15168),#15179,.F.);
#15168 = FACE_BOUND('',#15169,.T.);
#15169 = EDGE_LOOP('',(#15170,#15171,#15177,#15178));
#15170 = ORIENTED_EDGE('',*,*,#10156,.T.);
#15171 = ORIENTED_EDGE('',*,*,#15172,.T.);
#15172 = EDGE_CURVE('',#10157,#12616,#15173,.T.);
#15173 = LINE('',#15174,#15175);
#15174 = CARTESIAN_POINT('',(72.,-109.3509,-4.6E-02));
#15175 = VECTOR('',#15176,1.);
#15176 = DIRECTION('',(0.,0.,1.));
#15177 = ORIENTED_EDGE('',*,*,#12615,.F.);
#15178 = ORIENTED_EDGE('',*,*,#15172,.F.);
#15179 = CYLINDRICAL_SURFACE('',#15180,0.8509);
#15180 = AXIS2_PLACEMENT_3D('',#15181,#15182,#15183);
#15181 = CARTESIAN_POINT('',(72.,-108.5,-4.6E-02));
#15182 = DIRECTION('',(-0.,-0.,-1.));
#15183 = DIRECTION('',(-0.,-1.,0.));
#15184 = ADVANCED_FACE('',(#15185),#15196,.F.);
#15185 = FACE_BOUND('',#15186,.T.);
#15186 = EDGE_LOOP('',(#15187,#15188,#15194,#15195));
#15187 = ORIENTED_EDGE('',*,*,#10167,.T.);
#15188 = ORIENTED_EDGE('',*,*,#15189,.T.);
#15189 = EDGE_CURVE('',#10168,#12627,#15190,.T.);
#15190 = LINE('',#15191,#15192);
#15191 = CARTESIAN_POINT('',(97.5,-113.8,-4.6E-02));
#15192 = VECTOR('',#15193,1.);
#15193 = DIRECTION('',(0.,0.,1.));
#15194 = ORIENTED_EDGE('',*,*,#12626,.F.);
#15195 = ORIENTED_EDGE('',*,*,#15189,.F.);
#15196 = CYLINDRICAL_SURFACE('',#15197,1.5);
#15197 = AXIS2_PLACEMENT_3D('',#15198,#15199,#15200);
#15198 = CARTESIAN_POINT('',(97.5,-112.3,-4.6E-02));
#15199 = DIRECTION('',(-0.,-0.,-1.));
#15200 = DIRECTION('',(-0.,-1.,0.));
#15201 = ADVANCED_FACE('',(#15202),#15213,.F.);
#15202 = FACE_BOUND('',#15203,.T.);
#15203 = EDGE_LOOP('',(#15204,#15205,#15211,#15212));
#15204 = ORIENTED_EDGE('',*,*,#10178,.T.);
#15205 = ORIENTED_EDGE('',*,*,#15206,.T.);
#15206 = EDGE_CURVE('',#10179,#12638,#15207,.T.);
#15207 = LINE('',#15208,#15209);
#15208 = CARTESIAN_POINT('',(102.5,-116.,-4.6E-02));
#15209 = VECTOR('',#15210,1.);
#15210 = DIRECTION('',(0.,0.,1.));
#15211 = ORIENTED_EDGE('',*,*,#12637,.F.);
#15212 = ORIENTED_EDGE('',*,*,#15206,.F.);
#15213 = CYLINDRICAL_SURFACE('',#15214,1.5);
#15214 = AXIS2_PLACEMENT_3D('',#15215,#15216,#15217);
#15215 = CARTESIAN_POINT('',(102.5,-114.5,-4.6E-02));
#15216 = DIRECTION('',(-0.,-0.,-1.));
#15217 = DIRECTION('',(-0.,-1.,0.));
#15218 = ADVANCED_FACE('',(#15219),#15230,.F.);
#15219 = FACE_BOUND('',#15220,.T.);
#15220 = EDGE_LOOP('',(#15221,#15222,#15228,#15229));
#15221 = ORIENTED_EDGE('',*,*,#10189,.T.);
#15222 = ORIENTED_EDGE('',*,*,#15223,.T.);
#15223 = EDGE_CURVE('',#10190,#12649,#15224,.T.);
#15224 = LINE('',#15225,#15226);
#15225 = CARTESIAN_POINT('',(97.,-109.4009,-4.6E-02));
#15226 = VECTOR('',#15227,1.);
#15227 = DIRECTION('',(0.,0.,1.));
#15228 = ORIENTED_EDGE('',*,*,#12648,.F.);
#15229 = ORIENTED_EDGE('',*,*,#15223,.F.);
#15230 = CYLINDRICAL_SURFACE('',#15231,0.8509);
#15231 = AXIS2_PLACEMENT_3D('',#15232,#15233,#15234);
#15232 = CARTESIAN_POINT('',(97.,-108.55,-4.6E-02));
#15233 = DIRECTION('',(-0.,-0.,-1.));
#15234 = DIRECTION('',(-0.,-1.,0.));
#15235 = ADVANCED_FACE('',(#15236),#15247,.F.);
#15236 = FACE_BOUND('',#15237,.T.);
#15237 = EDGE_LOOP('',(#15238,#15239,#15245,#15246));
#15238 = ORIENTED_EDGE('',*,*,#10200,.T.);
#15239 = ORIENTED_EDGE('',*,*,#15240,.T.);
#15240 = EDGE_CURVE('',#10201,#12660,#15241,.T.);
#15241 = LINE('',#15242,#15243);
#15242 = CARTESIAN_POINT('',(102.5,-110.2645,-4.6E-02));
#15243 = VECTOR('',#15244,1.);
#15244 = DIRECTION('',(0.,0.,1.));
#15245 = ORIENTED_EDGE('',*,*,#12659,.F.);
#15246 = ORIENTED_EDGE('',*,*,#15240,.F.);
#15247 = CYLINDRICAL_SURFACE('',#15248,1.7145);
#15248 = AXIS2_PLACEMENT_3D('',#15249,#15250,#15251);
#15249 = CARTESIAN_POINT('',(102.5,-108.55,-4.6E-02));
#15250 = DIRECTION('',(-0.,-0.,-1.));
#15251 = DIRECTION('',(-0.,-1.,0.));
#15252 = ADVANCED_FACE('',(#15253),#15264,.F.);
#15253 = FACE_BOUND('',#15254,.T.);
#15254 = EDGE_LOOP('',(#15255,#15256,#15262,#15263));
#15255 = ORIENTED_EDGE('',*,*,#10211,.T.);
#15256 = ORIENTED_EDGE('',*,*,#15257,.T.);
#15257 = EDGE_CURVE('',#10212,#12671,#15258,.T.);
#15258 = LINE('',#15259,#15260);
#15259 = CARTESIAN_POINT('',(108.,-109.4009,-4.6E-02));
#15260 = VECTOR('',#15261,1.);
#15261 = DIRECTION('',(0.,0.,1.));
#15262 = ORIENTED_EDGE('',*,*,#12670,.F.);
#15263 = ORIENTED_EDGE('',*,*,#15257,.F.);
#15264 = CYLINDRICAL_SURFACE('',#15265,0.8509);
#15265 = AXIS2_PLACEMENT_3D('',#15266,#15267,#15268);
#15266 = CARTESIAN_POINT('',(108.,-108.55,-4.6E-02));
#15267 = DIRECTION('',(-0.,-0.,-1.));
#15268 = DIRECTION('',(-0.,-1.,0.));
#15269 = ADVANCED_FACE('',(#15270),#15281,.F.);
#15270 = FACE_BOUND('',#15271,.T.);
#15271 = EDGE_LOOP('',(#15272,#15273,#15279,#15280));
#15272 = ORIENTED_EDGE('',*,*,#10222,.T.);
#15273 = ORIENTED_EDGE('',*,*,#15274,.T.);
#15274 = EDGE_CURVE('',#10223,#12682,#15275,.T.);
#15275 = LINE('',#15276,#15277);
#15276 = CARTESIAN_POINT('',(71.72,-104.7953,-4.6E-02));
#15277 = VECTOR('',#15278,1.);
#15278 = DIRECTION('',(0.,0.,1.));
#15279 = ORIENTED_EDGE('',*,*,#12681,.F.);
#15280 = ORIENTED_EDGE('',*,*,#15274,.F.);
#15281 = CYLINDRICAL_SURFACE('',#15282,0.4953);
#15282 = AXIS2_PLACEMENT_3D('',#15283,#15284,#15285);
#15283 = CARTESIAN_POINT('',(71.72,-104.3,-4.6E-02));
#15284 = DIRECTION('',(-0.,-0.,-1.));
#15285 = DIRECTION('',(-0.,-1.,0.));
#15286 = ADVANCED_FACE('',(#15287),#15298,.F.);
#15287 = FACE_BOUND('',#15288,.T.);
#15288 = EDGE_LOOP('',(#15289,#15290,#15296,#15297));
#15289 = ORIENTED_EDGE('',*,*,#10233,.T.);
#15290 = ORIENTED_EDGE('',*,*,#15291,.T.);
#15291 = EDGE_CURVE('',#10234,#12693,#15292,.T.);
#15292 = LINE('',#15293,#15294);
#15293 = CARTESIAN_POINT('',(107.72,-104.8453,-4.6E-02));
#15294 = VECTOR('',#15295,1.);
#15295 = DIRECTION('',(0.,0.,1.));
#15296 = ORIENTED_EDGE('',*,*,#12692,.F.);
#15297 = ORIENTED_EDGE('',*,*,#15291,.F.);
#15298 = CYLINDRICAL_SURFACE('',#15299,0.4953);
#15299 = AXIS2_PLACEMENT_3D('',#15300,#15301,#15302);
#15300 = CARTESIAN_POINT('',(107.72,-104.35,-4.6E-02));
#15301 = DIRECTION('',(-0.,-0.,-1.));
#15302 = DIRECTION('',(-0.,-1.,0.));
#15303 = ADVANCED_FACE('',(#15304),#15315,.F.);
#15304 = FACE_BOUND('',#15305,.T.);
#15305 = EDGE_LOOP('',(#15306,#15307,#15313,#15314));
#15306 = ORIENTED_EDGE('',*,*,#10244,.T.);
#15307 = ORIENTED_EDGE('',*,*,#15308,.T.);
#15308 = EDGE_CURVE('',#10245,#12704,#15309,.T.);
#15309 = LINE('',#15310,#15311);
#15310 = CARTESIAN_POINT('',(30.5,-98.95,-4.6E-02));
#15311 = VECTOR('',#15312,1.);
#15312 = DIRECTION('',(0.,0.,1.));
#15313 = ORIENTED_EDGE('',*,*,#12703,.F.);
#15314 = ORIENTED_EDGE('',*,*,#15308,.F.);
#15315 = CYLINDRICAL_SURFACE('',#15316,1.5);
#15316 = AXIS2_PLACEMENT_3D('',#15317,#15318,#15319);
#15317 = CARTESIAN_POINT('',(30.5,-97.45,-4.6E-02));
#15318 = DIRECTION('',(-0.,-0.,-1.));
#15319 = DIRECTION('',(-0.,-1.,0.));
#15320 = ADVANCED_FACE('',(#15321),#15332,.F.);
#15321 = FACE_BOUND('',#15322,.T.);
#15322 = EDGE_LOOP('',(#15323,#15324,#15330,#15331));
#15323 = ORIENTED_EDGE('',*,*,#10255,.T.);
#15324 = ORIENTED_EDGE('',*,*,#15325,.T.);
#15325 = EDGE_CURVE('',#10256,#12715,#15326,.T.);
#15326 = LINE('',#15327,#15328);
#15327 = CARTESIAN_POINT('',(25.5,-96.75,-4.6E-02));
#15328 = VECTOR('',#15329,1.);
#15329 = DIRECTION('',(0.,0.,1.));
#15330 = ORIENTED_EDGE('',*,*,#12714,.F.);
#15331 = ORIENTED_EDGE('',*,*,#15325,.F.);
#15332 = CYLINDRICAL_SURFACE('',#15333,1.5);
#15333 = AXIS2_PLACEMENT_3D('',#15334,#15335,#15336);
#15334 = CARTESIAN_POINT('',(25.5,-95.25,-4.6E-02));
#15335 = DIRECTION('',(-0.,-0.,-1.));
#15336 = DIRECTION('',(-0.,-1.,0.));
#15337 = ADVANCED_FACE('',(#15338),#15349,.F.);
#15338 = FACE_BOUND('',#15339,.T.);
#15339 = EDGE_LOOP('',(#15340,#15341,#15347,#15348));
#15340 = ORIENTED_EDGE('',*,*,#10266,.T.);
#15341 = ORIENTED_EDGE('',*,*,#15342,.T.);
#15342 = EDGE_CURVE('',#10267,#12726,#15343,.T.);
#15343 = LINE('',#15344,#15345);
#15344 = CARTESIAN_POINT('',(43.5,-96.75,-4.6E-02));
#15345 = VECTOR('',#15346,1.);
#15346 = DIRECTION('',(0.,0.,1.));
#15347 = ORIENTED_EDGE('',*,*,#12725,.F.);
#15348 = ORIENTED_EDGE('',*,*,#15342,.F.);
#15349 = CYLINDRICAL_SURFACE('',#15350,1.5);
#15350 = AXIS2_PLACEMENT_3D('',#15351,#15352,#15353);
#15351 = CARTESIAN_POINT('',(43.5,-95.25,-4.6E-02));
#15352 = DIRECTION('',(-0.,-0.,-1.));
#15353 = DIRECTION('',(-0.,-1.,0.));
#15354 = ADVANCED_FACE('',(#15355),#15366,.F.);
#15355 = FACE_BOUND('',#15356,.T.);
#15356 = EDGE_LOOP('',(#15357,#15358,#15364,#15365));
#15357 = ORIENTED_EDGE('',*,*,#10277,.T.);
#15358 = ORIENTED_EDGE('',*,*,#15359,.T.);
#15359 = EDGE_CURVE('',#10278,#12737,#15360,.T.);
#15360 = LINE('',#15361,#15362);
#15361 = CARTESIAN_POINT('',(48.5,-98.95,-4.6E-02));
#15362 = VECTOR('',#15363,1.);
#15363 = DIRECTION('',(0.,0.,1.));
#15364 = ORIENTED_EDGE('',*,*,#12736,.F.);
#15365 = ORIENTED_EDGE('',*,*,#15359,.F.);
#15366 = CYLINDRICAL_SURFACE('',#15367,1.5);
#15367 = AXIS2_PLACEMENT_3D('',#15368,#15369,#15370);
#15368 = CARTESIAN_POINT('',(48.5,-97.45,-4.6E-02));
#15369 = DIRECTION('',(-0.,-0.,-1.));
#15370 = DIRECTION('',(-0.,-1.,0.));
#15371 = ADVANCED_FACE('',(#15372),#15383,.F.);
#15372 = FACE_BOUND('',#15373,.T.);
#15373 = EDGE_LOOP('',(#15374,#15375,#15381,#15382));
#15374 = ORIENTED_EDGE('',*,*,#10288,.T.);
#15375 = ORIENTED_EDGE('',*,*,#15376,.T.);
#15376 = EDGE_CURVE('',#10289,#12748,#15377,.T.);
#15377 = LINE('',#15378,#15379);
#15378 = CARTESIAN_POINT('',(66.5,-98.95,-4.6E-02));
#15379 = VECTOR('',#15380,1.);
#15380 = DIRECTION('',(0.,0.,1.));
#15381 = ORIENTED_EDGE('',*,*,#12747,.F.);
#15382 = ORIENTED_EDGE('',*,*,#15376,.F.);
#15383 = CYLINDRICAL_SURFACE('',#15384,1.5);
#15384 = AXIS2_PLACEMENT_3D('',#15385,#15386,#15387);
#15385 = CARTESIAN_POINT('',(66.5,-97.45,-4.6E-02));
#15386 = DIRECTION('',(-0.,-0.,-1.));
#15387 = DIRECTION('',(-0.,-1.,0.));
#15388 = ADVANCED_FACE('',(#15389),#15400,.F.);
#15389 = FACE_BOUND('',#15390,.T.);
#15390 = EDGE_LOOP('',(#15391,#15392,#15398,#15399));
#15391 = ORIENTED_EDGE('',*,*,#10299,.T.);
#15392 = ORIENTED_EDGE('',*,*,#15393,.T.);
#15393 = EDGE_CURVE('',#10300,#12759,#15394,.T.);
#15394 = LINE('',#15395,#15396);
#15395 = CARTESIAN_POINT('',(61.5,-96.75,-4.6E-02));
#15396 = VECTOR('',#15397,1.);
#15397 = DIRECTION('',(0.,0.,1.));
#15398 = ORIENTED_EDGE('',*,*,#12758,.F.);
#15399 = ORIENTED_EDGE('',*,*,#15393,.F.);
#15400 = CYLINDRICAL_SURFACE('',#15401,1.5);
#15401 = AXIS2_PLACEMENT_3D('',#15402,#15403,#15404);
#15402 = CARTESIAN_POINT('',(61.5,-95.25,-4.6E-02));
#15403 = DIRECTION('',(-0.,-0.,-1.));
#15404 = DIRECTION('',(-0.,-1.,0.));
#15405 = ADVANCED_FACE('',(#15406),#15417,.F.);
#15406 = FACE_BOUND('',#15407,.T.);
#15407 = EDGE_LOOP('',(#15408,#15409,#15415,#15416));
#15408 = ORIENTED_EDGE('',*,*,#10310,.T.);
#15409 = ORIENTED_EDGE('',*,*,#15410,.T.);
#15410 = EDGE_CURVE('',#10311,#12770,#15411,.T.);
#15411 = LINE('',#15412,#15413);
#15412 = CARTESIAN_POINT('',(25.,-92.3509,-4.6E-02));
#15413 = VECTOR('',#15414,1.);
#15414 = DIRECTION('',(0.,0.,1.));
#15415 = ORIENTED_EDGE('',*,*,#12769,.F.);
#15416 = ORIENTED_EDGE('',*,*,#15410,.F.);
#15417 = CYLINDRICAL_SURFACE('',#15418,0.8509);
#15418 = AXIS2_PLACEMENT_3D('',#15419,#15420,#15421);
#15419 = CARTESIAN_POINT('',(25.,-91.5,-4.6E-02));
#15420 = DIRECTION('',(-0.,-0.,-1.));
#15421 = DIRECTION('',(-0.,-1.,0.));
#15422 = ADVANCED_FACE('',(#15423),#15434,.F.);
#15423 = FACE_BOUND('',#15424,.T.);
#15424 = EDGE_LOOP('',(#15425,#15426,#15432,#15433));
#15425 = ORIENTED_EDGE('',*,*,#10321,.T.);
#15426 = ORIENTED_EDGE('',*,*,#15427,.T.);
#15427 = EDGE_CURVE('',#10322,#12781,#15428,.T.);
#15428 = LINE('',#15429,#15430);
#15429 = CARTESIAN_POINT('',(30.5,-93.2145,-4.6E-02));
#15430 = VECTOR('',#15431,1.);
#15431 = DIRECTION('',(0.,0.,1.));
#15432 = ORIENTED_EDGE('',*,*,#12780,.F.);
#15433 = ORIENTED_EDGE('',*,*,#15427,.F.);
#15434 = CYLINDRICAL_SURFACE('',#15435,1.7145);
#15435 = AXIS2_PLACEMENT_3D('',#15436,#15437,#15438);
#15436 = CARTESIAN_POINT('',(30.5,-91.5,-4.6E-02));
#15437 = DIRECTION('',(-0.,-0.,-1.));
#15438 = DIRECTION('',(-0.,-1.,0.));
#15439 = ADVANCED_FACE('',(#15440),#15451,.F.);
#15440 = FACE_BOUND('',#15441,.T.);
#15441 = EDGE_LOOP('',(#15442,#15443,#15449,#15450));
#15442 = ORIENTED_EDGE('',*,*,#10332,.T.);
#15443 = ORIENTED_EDGE('',*,*,#15444,.T.);
#15444 = EDGE_CURVE('',#10333,#12792,#15445,.T.);
#15445 = LINE('',#15446,#15447);
#15446 = CARTESIAN_POINT('',(36.,-92.3509,-4.6E-02));
#15447 = VECTOR('',#15448,1.);
#15448 = DIRECTION('',(0.,0.,1.));
#15449 = ORIENTED_EDGE('',*,*,#12791,.F.);
#15450 = ORIENTED_EDGE('',*,*,#15444,.F.);
#15451 = CYLINDRICAL_SURFACE('',#15452,0.8509);
#15452 = AXIS2_PLACEMENT_3D('',#15453,#15454,#15455);
#15453 = CARTESIAN_POINT('',(36.,-91.5,-4.6E-02));
#15454 = DIRECTION('',(-0.,-0.,-1.));
#15455 = DIRECTION('',(-0.,-1.,0.));
#15456 = ADVANCED_FACE('',(#15457),#15468,.F.);
#15457 = FACE_BOUND('',#15458,.T.);
#15458 = EDGE_LOOP('',(#15459,#15460,#15466,#15467));
#15459 = ORIENTED_EDGE('',*,*,#10343,.T.);
#15460 = ORIENTED_EDGE('',*,*,#15461,.T.);
#15461 = EDGE_CURVE('',#10344,#12803,#15462,.T.);
#15462 = LINE('',#15463,#15464);
#15463 = CARTESIAN_POINT('',(43.,-92.3509,-4.6E-02));
#15464 = VECTOR('',#15465,1.);
#15465 = DIRECTION('',(0.,0.,1.));
#15466 = ORIENTED_EDGE('',*,*,#12802,.F.);
#15467 = ORIENTED_EDGE('',*,*,#15461,.F.);
#15468 = CYLINDRICAL_SURFACE('',#15469,0.8509);
#15469 = AXIS2_PLACEMENT_3D('',#15470,#15471,#15472);
#15470 = CARTESIAN_POINT('',(43.,-91.5,-4.6E-02));
#15471 = DIRECTION('',(-0.,-0.,-1.));
#15472 = DIRECTION('',(-0.,-1.,0.));
#15473 = ADVANCED_FACE('',(#15474),#15485,.F.);
#15474 = FACE_BOUND('',#15475,.T.);
#15475 = EDGE_LOOP('',(#15476,#15477,#15483,#15484));
#15476 = ORIENTED_EDGE('',*,*,#10354,.T.);
#15477 = ORIENTED_EDGE('',*,*,#15478,.T.);
#15478 = EDGE_CURVE('',#10355,#12814,#15479,.T.);
#15479 = LINE('',#15480,#15481);
#15480 = CARTESIAN_POINT('',(35.72,-87.7953,-4.6E-02));
#15481 = VECTOR('',#15482,1.);
#15482 = DIRECTION('',(0.,0.,1.));
#15483 = ORIENTED_EDGE('',*,*,#12813,.F.);
#15484 = ORIENTED_EDGE('',*,*,#15478,.F.);
#15485 = CYLINDRICAL_SURFACE('',#15486,0.4953);
#15486 = AXIS2_PLACEMENT_3D('',#15487,#15488,#15489);
#15487 = CARTESIAN_POINT('',(35.72,-87.3,-4.6E-02));
#15488 = DIRECTION('',(-0.,-0.,-1.));
#15489 = DIRECTION('',(-0.,-1.,0.));
#15490 = ADVANCED_FACE('',(#15491),#15502,.F.);
#15491 = FACE_BOUND('',#15492,.T.);
#15492 = EDGE_LOOP('',(#15493,#15494,#15500,#15501));
#15493 = ORIENTED_EDGE('',*,*,#10365,.T.);
#15494 = ORIENTED_EDGE('',*,*,#15495,.T.);
#15495 = EDGE_CURVE('',#10366,#12825,#15496,.T.);
#15496 = LINE('',#15497,#15498);
#15497 = CARTESIAN_POINT('',(48.5,-93.2145,-4.6E-02));
#15498 = VECTOR('',#15499,1.);
#15499 = DIRECTION('',(0.,0.,1.));
#15500 = ORIENTED_EDGE('',*,*,#12824,.F.);
#15501 = ORIENTED_EDGE('',*,*,#15495,.F.);
#15502 = CYLINDRICAL_SURFACE('',#15503,1.7145);
#15503 = AXIS2_PLACEMENT_3D('',#15504,#15505,#15506);
#15504 = CARTESIAN_POINT('',(48.5,-91.5,-4.6E-02));
#15505 = DIRECTION('',(-0.,-0.,-1.));
#15506 = DIRECTION('',(-0.,-1.,0.));
#15507 = ADVANCED_FACE('',(#15508),#15519,.F.);
#15508 = FACE_BOUND('',#15509,.T.);
#15509 = EDGE_LOOP('',(#15510,#15511,#15517,#15518));
#15510 = ORIENTED_EDGE('',*,*,#10376,.T.);
#15511 = ORIENTED_EDGE('',*,*,#15512,.T.);
#15512 = EDGE_CURVE('',#10377,#12836,#15513,.T.);
#15513 = LINE('',#15514,#15515);
#15514 = CARTESIAN_POINT('',(54.,-92.3509,-4.6E-02));
#15515 = VECTOR('',#15516,1.);
#15516 = DIRECTION('',(0.,0.,1.));
#15517 = ORIENTED_EDGE('',*,*,#12835,.F.);
#15518 = ORIENTED_EDGE('',*,*,#15512,.F.);
#15519 = CYLINDRICAL_SURFACE('',#15520,0.8509);
#15520 = AXIS2_PLACEMENT_3D('',#15521,#15522,#15523);
#15521 = CARTESIAN_POINT('',(54.,-91.5,-4.6E-02));
#15522 = DIRECTION('',(-0.,-0.,-1.));
#15523 = DIRECTION('',(-0.,-1.,0.));
#15524 = ADVANCED_FACE('',(#15525),#15536,.F.);
#15525 = FACE_BOUND('',#15526,.T.);
#15526 = EDGE_LOOP('',(#15527,#15528,#15534,#15535));
#15527 = ORIENTED_EDGE('',*,*,#10387,.T.);
#15528 = ORIENTED_EDGE('',*,*,#15529,.T.);
#15529 = EDGE_CURVE('',#10388,#12847,#15530,.T.);
#15530 = LINE('',#15531,#15532);
#15531 = CARTESIAN_POINT('',(61.,-92.3509,-4.6E-02));
#15532 = VECTOR('',#15533,1.);
#15533 = DIRECTION('',(0.,0.,1.));
#15534 = ORIENTED_EDGE('',*,*,#12846,.F.);
#15535 = ORIENTED_EDGE('',*,*,#15529,.F.);
#15536 = CYLINDRICAL_SURFACE('',#15537,0.8509);
#15537 = AXIS2_PLACEMENT_3D('',#15538,#15539,#15540);
#15538 = CARTESIAN_POINT('',(61.,-91.5,-4.6E-02));
#15539 = DIRECTION('',(-0.,-0.,-1.));
#15540 = DIRECTION('',(-0.,-1.,0.));
#15541 = ADVANCED_FACE('',(#15542),#15553,.F.);
#15542 = FACE_BOUND('',#15543,.T.);
#15543 = EDGE_LOOP('',(#15544,#15545,#15551,#15552));
#15544 = ORIENTED_EDGE('',*,*,#10398,.T.);
#15545 = ORIENTED_EDGE('',*,*,#15546,.T.);
#15546 = EDGE_CURVE('',#10399,#12858,#15547,.T.);
#15547 = LINE('',#15548,#15549);
#15548 = CARTESIAN_POINT('',(66.5,-93.2145,-4.6E-02));
#15549 = VECTOR('',#15550,1.);
#15550 = DIRECTION('',(0.,0.,1.));
#15551 = ORIENTED_EDGE('',*,*,#12857,.F.);
#15552 = ORIENTED_EDGE('',*,*,#15546,.F.);
#15553 = CYLINDRICAL_SURFACE('',#15554,1.7145);
#15554 = AXIS2_PLACEMENT_3D('',#15555,#15556,#15557);
#15555 = CARTESIAN_POINT('',(66.5,-91.5,-4.6E-02));
#15556 = DIRECTION('',(-0.,-0.,-1.));
#15557 = DIRECTION('',(-0.,-1.,0.));
#15558 = ADVANCED_FACE('',(#15559),#15570,.F.);
#15559 = FACE_BOUND('',#15560,.T.);
#15560 = EDGE_LOOP('',(#15561,#15562,#15568,#15569));
#15561 = ORIENTED_EDGE('',*,*,#10409,.T.);
#15562 = ORIENTED_EDGE('',*,*,#15563,.T.);
#15563 = EDGE_CURVE('',#10410,#12869,#15564,.T.);
#15564 = LINE('',#15565,#15566);
#15565 = CARTESIAN_POINT('',(53.72,-87.7953,-4.6E-02));
#15566 = VECTOR('',#15567,1.);
#15567 = DIRECTION('',(0.,0.,1.));
#15568 = ORIENTED_EDGE('',*,*,#12868,.F.);
#15569 = ORIENTED_EDGE('',*,*,#15563,.F.);
#15570 = CYLINDRICAL_SURFACE('',#15571,0.4953);
#15571 = AXIS2_PLACEMENT_3D('',#15572,#15573,#15574);
#15572 = CARTESIAN_POINT('',(53.72,-87.3,-4.6E-02));
#15573 = DIRECTION('',(-0.,-0.,-1.));
#15574 = DIRECTION('',(-0.,-1.,0.));
#15575 = ADVANCED_FACE('',(#15576),#15587,.F.);
#15576 = FACE_BOUND('',#15577,.T.);
#15577 = EDGE_LOOP('',(#15578,#15579,#15585,#15586));
#15578 = ORIENTED_EDGE('',*,*,#10420,.T.);
#15579 = ORIENTED_EDGE('',*,*,#15580,.T.);
#15580 = EDGE_CURVE('',#10421,#12880,#15581,.T.);
#15581 = LINE('',#15582,#15583);
#15582 = CARTESIAN_POINT('',(84.5,-98.95,-4.6E-02));
#15583 = VECTOR('',#15584,1.);
#15584 = DIRECTION('',(0.,0.,1.));
#15585 = ORIENTED_EDGE('',*,*,#12879,.F.);
#15586 = ORIENTED_EDGE('',*,*,#15580,.F.);
#15587 = CYLINDRICAL_SURFACE('',#15588,1.5);
#15588 = AXIS2_PLACEMENT_3D('',#15589,#15590,#15591);
#15589 = CARTESIAN_POINT('',(84.5,-97.45,-4.6E-02));
#15590 = DIRECTION('',(-0.,-0.,-1.));
#15591 = DIRECTION('',(-0.,-1.,0.));
#15592 = ADVANCED_FACE('',(#15593),#15604,.F.);
#15593 = FACE_BOUND('',#15594,.T.);
#15594 = EDGE_LOOP('',(#15595,#15596,#15602,#15603));
#15595 = ORIENTED_EDGE('',*,*,#10431,.T.);
#15596 = ORIENTED_EDGE('',*,*,#15597,.T.);
#15597 = EDGE_CURVE('',#10432,#12891,#15598,.T.);
#15598 = LINE('',#15599,#15600);
#15599 = CARTESIAN_POINT('',(79.5,-96.75,-4.6E-02));
#15600 = VECTOR('',#15601,1.);
#15601 = DIRECTION('',(0.,0.,1.));
#15602 = ORIENTED_EDGE('',*,*,#12890,.F.);
#15603 = ORIENTED_EDGE('',*,*,#15597,.F.);
#15604 = CYLINDRICAL_SURFACE('',#15605,1.5);
#15605 = AXIS2_PLACEMENT_3D('',#15606,#15607,#15608);
#15606 = CARTESIAN_POINT('',(79.5,-95.25,-4.6E-02));
#15607 = DIRECTION('',(-0.,-0.,-1.));
#15608 = DIRECTION('',(-0.,-1.,0.));
#15609 = ADVANCED_FACE('',(#15610),#15621,.F.);
#15610 = FACE_BOUND('',#15611,.T.);
#15611 = EDGE_LOOP('',(#15612,#15613,#15619,#15620));
#15612 = ORIENTED_EDGE('',*,*,#10442,.T.);
#15613 = ORIENTED_EDGE('',*,*,#15614,.T.);
#15614 = EDGE_CURVE('',#10443,#12902,#15615,.T.);
#15615 = LINE('',#15616,#15617);
#15616 = CARTESIAN_POINT('',(102.5,-98.95,-4.6E-02));
#15617 = VECTOR('',#15618,1.);
#15618 = DIRECTION('',(0.,0.,1.));
#15619 = ORIENTED_EDGE('',*,*,#12901,.F.);
#15620 = ORIENTED_EDGE('',*,*,#15614,.F.);
#15621 = CYLINDRICAL_SURFACE('',#15622,1.5);
#15622 = AXIS2_PLACEMENT_3D('',#15623,#15624,#15625);
#15623 = CARTESIAN_POINT('',(102.5,-97.45,-4.6E-02));
#15624 = DIRECTION('',(-0.,-0.,-1.));
#15625 = DIRECTION('',(-0.,-1.,0.));
#15626 = ADVANCED_FACE('',(#15627),#15638,.F.);
#15627 = FACE_BOUND('',#15628,.T.);
#15628 = EDGE_LOOP('',(#15629,#15630,#15636,#15637));
#15629 = ORIENTED_EDGE('',*,*,#10453,.T.);
#15630 = ORIENTED_EDGE('',*,*,#15631,.T.);
#15631 = EDGE_CURVE('',#10454,#12913,#15632,.T.);
#15632 = LINE('',#15633,#15634);
#15633 = CARTESIAN_POINT('',(97.5,-96.75,-4.6E-02));
#15634 = VECTOR('',#15635,1.);
#15635 = DIRECTION('',(0.,0.,1.));
#15636 = ORIENTED_EDGE('',*,*,#12912,.F.);
#15637 = ORIENTED_EDGE('',*,*,#15631,.F.);
#15638 = CYLINDRICAL_SURFACE('',#15639,1.5);
#15639 = AXIS2_PLACEMENT_3D('',#15640,#15641,#15642);
#15640 = CARTESIAN_POINT('',(97.5,-95.25,-4.6E-02));
#15641 = DIRECTION('',(-0.,-0.,-1.));
#15642 = DIRECTION('',(-0.,-1.,0.));
#15643 = ADVANCED_FACE('',(#15644),#15655,.F.);
#15644 = FACE_BOUND('',#15645,.T.);
#15645 = EDGE_LOOP('',(#15646,#15647,#15653,#15654));
#15646 = ORIENTED_EDGE('',*,*,#10464,.T.);
#15647 = ORIENTED_EDGE('',*,*,#15648,.T.);
#15648 = EDGE_CURVE('',#10465,#12924,#15649,.T.);
#15649 = LINE('',#15650,#15651);
#15650 = CARTESIAN_POINT('',(72.,-92.3509,-4.6E-02));
#15651 = VECTOR('',#15652,1.);
#15652 = DIRECTION('',(0.,0.,1.));
#15653 = ORIENTED_EDGE('',*,*,#12923,.F.);
#15654 = ORIENTED_EDGE('',*,*,#15648,.F.);
#15655 = CYLINDRICAL_SURFACE('',#15656,0.8509);
#15656 = AXIS2_PLACEMENT_3D('',#15657,#15658,#15659);
#15657 = CARTESIAN_POINT('',(72.,-91.5,-4.6E-02));
#15658 = DIRECTION('',(-0.,-0.,-1.));
#15659 = DIRECTION('',(-0.,-1.,0.));
#15660 = ADVANCED_FACE('',(#15661),#15672,.F.);
#15661 = FACE_BOUND('',#15662,.T.);
#15662 = EDGE_LOOP('',(#15663,#15664,#15670,#15671));
#15663 = ORIENTED_EDGE('',*,*,#10475,.T.);
#15664 = ORIENTED_EDGE('',*,*,#15665,.T.);
#15665 = EDGE_CURVE('',#10476,#12935,#15666,.T.);
#15666 = LINE('',#15667,#15668);
#15667 = CARTESIAN_POINT('',(79.,-92.3509,-4.6E-02));
#15668 = VECTOR('',#15669,1.);
#15669 = DIRECTION('',(0.,0.,1.));
#15670 = ORIENTED_EDGE('',*,*,#12934,.F.);
#15671 = ORIENTED_EDGE('',*,*,#15665,.F.);
#15672 = CYLINDRICAL_SURFACE('',#15673,0.8509);
#15673 = AXIS2_PLACEMENT_3D('',#15674,#15675,#15676);
#15674 = CARTESIAN_POINT('',(79.,-91.5,-4.6E-02));
#15675 = DIRECTION('',(-0.,-0.,-1.));
#15676 = DIRECTION('',(-0.,-1.,0.));
#15677 = ADVANCED_FACE('',(#15678),#15689,.F.);
#15678 = FACE_BOUND('',#15679,.T.);
#15679 = EDGE_LOOP('',(#15680,#15681,#15687,#15688));
#15680 = ORIENTED_EDGE('',*,*,#10486,.T.);
#15681 = ORIENTED_EDGE('',*,*,#15682,.T.);
#15682 = EDGE_CURVE('',#10487,#12946,#15683,.T.);
#15683 = LINE('',#15684,#15685);
#15684 = CARTESIAN_POINT('',(84.5,-93.2145,-4.6E-02));
#15685 = VECTOR('',#15686,1.);
#15686 = DIRECTION('',(0.,0.,1.));
#15687 = ORIENTED_EDGE('',*,*,#12945,.F.);
#15688 = ORIENTED_EDGE('',*,*,#15682,.F.);
#15689 = CYLINDRICAL_SURFACE('',#15690,1.7145);
#15690 = AXIS2_PLACEMENT_3D('',#15691,#15692,#15693);
#15691 = CARTESIAN_POINT('',(84.5,-91.5,-4.6E-02));
#15692 = DIRECTION('',(-0.,-0.,-1.));
#15693 = DIRECTION('',(-0.,-1.,0.));
#15694 = ADVANCED_FACE('',(#15695),#15706,.F.);
#15695 = FACE_BOUND('',#15696,.T.);
#15696 = EDGE_LOOP('',(#15697,#15698,#15704,#15705));
#15697 = ORIENTED_EDGE('',*,*,#10497,.T.);
#15698 = ORIENTED_EDGE('',*,*,#15699,.T.);
#15699 = EDGE_CURVE('',#10498,#12957,#15700,.T.);
#15700 = LINE('',#15701,#15702);
#15701 = CARTESIAN_POINT('',(71.72,-87.7953,-4.6E-02));
#15702 = VECTOR('',#15703,1.);
#15703 = DIRECTION('',(0.,0.,1.));
#15704 = ORIENTED_EDGE('',*,*,#12956,.F.);
#15705 = ORIENTED_EDGE('',*,*,#15699,.F.);
#15706 = CYLINDRICAL_SURFACE('',#15707,0.4953);
#15707 = AXIS2_PLACEMENT_3D('',#15708,#15709,#15710);
#15708 = CARTESIAN_POINT('',(71.72,-87.3,-4.6E-02));
#15709 = DIRECTION('',(-0.,-0.,-1.));
#15710 = DIRECTION('',(-0.,-1.,0.));
#15711 = ADVANCED_FACE('',(#15712),#15723,.F.);
#15712 = FACE_BOUND('',#15713,.T.);
#15713 = EDGE_LOOP('',(#15714,#15715,#15721,#15722));
#15714 = ORIENTED_EDGE('',*,*,#10508,.T.);
#15715 = ORIENTED_EDGE('',*,*,#15716,.T.);
#15716 = EDGE_CURVE('',#10509,#12968,#15717,.T.);
#15717 = LINE('',#15718,#15719);
#15718 = CARTESIAN_POINT('',(90.,-92.3509,-4.6E-02));
#15719 = VECTOR('',#15720,1.);
#15720 = DIRECTION('',(0.,0.,1.));
#15721 = ORIENTED_EDGE('',*,*,#12967,.F.);
#15722 = ORIENTED_EDGE('',*,*,#15716,.F.);
#15723 = CYLINDRICAL_SURFACE('',#15724,0.8509);
#15724 = AXIS2_PLACEMENT_3D('',#15725,#15726,#15727);
#15725 = CARTESIAN_POINT('',(90.,-91.5,-4.6E-02));
#15726 = DIRECTION('',(-0.,-0.,-1.));
#15727 = DIRECTION('',(-0.,-1.,0.));
#15728 = ADVANCED_FACE('',(#15729),#15740,.F.);
#15729 = FACE_BOUND('',#15730,.T.);
#15730 = EDGE_LOOP('',(#15731,#15732,#15738,#15739));
#15731 = ORIENTED_EDGE('',*,*,#10519,.T.);
#15732 = ORIENTED_EDGE('',*,*,#15733,.T.);
#15733 = EDGE_CURVE('',#10520,#12979,#15734,.T.);
#15734 = LINE('',#15735,#15736);
#15735 = CARTESIAN_POINT('',(97.,-92.3509,-4.6E-02));
#15736 = VECTOR('',#15737,1.);
#15737 = DIRECTION('',(0.,0.,1.));
#15738 = ORIENTED_EDGE('',*,*,#12978,.F.);
#15739 = ORIENTED_EDGE('',*,*,#15733,.F.);
#15740 = CYLINDRICAL_SURFACE('',#15741,0.8509);
#15741 = AXIS2_PLACEMENT_3D('',#15742,#15743,#15744);
#15742 = CARTESIAN_POINT('',(97.,-91.5,-4.6E-02));
#15743 = DIRECTION('',(-0.,-0.,-1.));
#15744 = DIRECTION('',(-0.,-1.,0.));
#15745 = ADVANCED_FACE('',(#15746),#15757,.F.);
#15746 = FACE_BOUND('',#15747,.T.);
#15747 = EDGE_LOOP('',(#15748,#15749,#15755,#15756));
#15748 = ORIENTED_EDGE('',*,*,#10530,.T.);
#15749 = ORIENTED_EDGE('',*,*,#15750,.T.);
#15750 = EDGE_CURVE('',#10531,#12990,#15751,.T.);
#15751 = LINE('',#15752,#15753);
#15752 = CARTESIAN_POINT('',(102.5,-93.2145,-4.6E-02));
#15753 = VECTOR('',#15754,1.);
#15754 = DIRECTION('',(0.,0.,1.));
#15755 = ORIENTED_EDGE('',*,*,#12989,.F.);
#15756 = ORIENTED_EDGE('',*,*,#15750,.F.);
#15757 = CYLINDRICAL_SURFACE('',#15758,1.7145);
#15758 = AXIS2_PLACEMENT_3D('',#15759,#15760,#15761);
#15759 = CARTESIAN_POINT('',(102.5,-91.5,-4.6E-02));
#15760 = DIRECTION('',(-0.,-0.,-1.));
#15761 = DIRECTION('',(-0.,-1.,0.));
#15762 = ADVANCED_FACE('',(#15763),#15774,.F.);
#15763 = FACE_BOUND('',#15764,.T.);
#15764 = EDGE_LOOP('',(#15765,#15766,#15772,#15773));
#15765 = ORIENTED_EDGE('',*,*,#10541,.T.);
#15766 = ORIENTED_EDGE('',*,*,#15767,.T.);
#15767 = EDGE_CURVE('',#10542,#13001,#15768,.T.);
#15768 = LINE('',#15769,#15770);
#15769 = CARTESIAN_POINT('',(108.,-92.3509,-4.6E-02));
#15770 = VECTOR('',#15771,1.);
#15771 = DIRECTION('',(0.,0.,1.));
#15772 = ORIENTED_EDGE('',*,*,#13000,.F.);
#15773 = ORIENTED_EDGE('',*,*,#15767,.F.);
#15774 = CYLINDRICAL_SURFACE('',#15775,0.8509);
#15775 = AXIS2_PLACEMENT_3D('',#15776,#15777,#15778);
#15776 = CARTESIAN_POINT('',(108.,-91.5,-4.6E-02));
#15777 = DIRECTION('',(-0.,-0.,-1.));
#15778 = DIRECTION('',(-0.,-1.,0.));
#15779 = ADVANCED_FACE('',(#15780),#15791,.F.);
#15780 = FACE_BOUND('',#15781,.T.);
#15781 = EDGE_LOOP('',(#15782,#15783,#15789,#15790));
#15782 = ORIENTED_EDGE('',*,*,#10552,.T.);
#15783 = ORIENTED_EDGE('',*,*,#15784,.T.);
#15784 = EDGE_CURVE('',#10553,#13012,#15785,.T.);
#15785 = LINE('',#15786,#15787);
#15786 = CARTESIAN_POINT('',(89.72,-87.7953,-4.6E-02));
#15787 = VECTOR('',#15788,1.);
#15788 = DIRECTION('',(0.,0.,1.));
#15789 = ORIENTED_EDGE('',*,*,#13011,.F.);
#15790 = ORIENTED_EDGE('',*,*,#15784,.F.);
#15791 = CYLINDRICAL_SURFACE('',#15792,0.4953);
#15792 = AXIS2_PLACEMENT_3D('',#15793,#15794,#15795);
#15793 = CARTESIAN_POINT('',(89.72,-87.3,-4.6E-02));
#15794 = DIRECTION('',(-0.,-0.,-1.));
#15795 = DIRECTION('',(-0.,-1.,0.));
#15796 = ADVANCED_FACE('',(#15797),#15808,.F.);
#15797 = FACE_BOUND('',#15798,.T.);
#15798 = EDGE_LOOP('',(#15799,#15800,#15806,#15807));
#15799 = ORIENTED_EDGE('',*,*,#10563,.T.);
#15800 = ORIENTED_EDGE('',*,*,#15801,.T.);
#15801 = EDGE_CURVE('',#10564,#13023,#15802,.T.);
#15802 = LINE('',#15803,#15804);
#15803 = CARTESIAN_POINT('',(107.72,-87.7953,-4.6E-02));
#15804 = VECTOR('',#15805,1.);
#15805 = DIRECTION('',(0.,0.,1.));
#15806 = ORIENTED_EDGE('',*,*,#13022,.F.);
#15807 = ORIENTED_EDGE('',*,*,#15801,.F.);
#15808 = CYLINDRICAL_SURFACE('',#15809,0.4953);
#15809 = AXIS2_PLACEMENT_3D('',#15810,#15811,#15812);
#15810 = CARTESIAN_POINT('',(107.72,-87.3,-4.6E-02));
#15811 = DIRECTION('',(-0.,-0.,-1.));
#15812 = DIRECTION('',(-0.,-1.,0.));
#15813 = ADVANCED_FACE('',(#15814),#15825,.F.);
#15814 = FACE_BOUND('',#15815,.T.);
#15815 = EDGE_LOOP('',(#15816,#15817,#15823,#15824));
#15816 = ORIENTED_EDGE('',*,*,#10574,.T.);
#15817 = ORIENTED_EDGE('',*,*,#15818,.T.);
#15818 = EDGE_CURVE('',#10575,#13034,#15819,.T.);
#15819 = LINE('',#15820,#15821);
#15820 = CARTESIAN_POINT('',(151.5,-113.75,-4.6E-02));
#15821 = VECTOR('',#15822,1.);
#15822 = DIRECTION('',(0.,0.,1.));
#15823 = ORIENTED_EDGE('',*,*,#13033,.F.);
#15824 = ORIENTED_EDGE('',*,*,#15818,.F.);
#15825 = CYLINDRICAL_SURFACE('',#15826,1.5);
#15826 = AXIS2_PLACEMENT_3D('',#15827,#15828,#15829);
#15827 = CARTESIAN_POINT('',(151.5,-112.25,-4.6E-02));
#15828 = DIRECTION('',(-0.,-0.,-1.));
#15829 = DIRECTION('',(-0.,-1.,0.));
#15830 = ADVANCED_FACE('',(#15831),#15842,.F.);
#15831 = FACE_BOUND('',#15832,.T.);
#15832 = EDGE_LOOP('',(#15833,#15834,#15840,#15841));
#15833 = ORIENTED_EDGE('',*,*,#10585,.T.);
#15834 = ORIENTED_EDGE('',*,*,#15835,.T.);
#15835 = EDGE_CURVE('',#10586,#13045,#15836,.T.);
#15836 = LINE('',#15837,#15838);
#15837 = CARTESIAN_POINT('',(151.,-109.3509,-4.6E-02));
#15838 = VECTOR('',#15839,1.);
#15839 = DIRECTION('',(0.,0.,1.));
#15840 = ORIENTED_EDGE('',*,*,#13044,.F.);
#15841 = ORIENTED_EDGE('',*,*,#15835,.F.);
#15842 = CYLINDRICAL_SURFACE('',#15843,0.8509);
#15843 = AXIS2_PLACEMENT_3D('',#15844,#15845,#15846);
#15844 = CARTESIAN_POINT('',(151.,-108.5,-4.6E-02));
#15845 = DIRECTION('',(-0.,-0.,-1.));
#15846 = DIRECTION('',(-0.,-1.,0.));
#15847 = ADVANCED_FACE('',(#15848),#15859,.F.);
#15848 = FACE_BOUND('',#15849,.T.);
#15849 = EDGE_LOOP('',(#15850,#15851,#15857,#15858));
#15850 = ORIENTED_EDGE('',*,*,#10596,.T.);
#15851 = ORIENTED_EDGE('',*,*,#15852,.T.);
#15852 = EDGE_CURVE('',#10597,#13056,#15853,.T.);
#15853 = LINE('',#15854,#15855);
#15854 = CARTESIAN_POINT('',(156.5,-115.95,-4.6E-02));
#15855 = VECTOR('',#15856,1.);
#15856 = DIRECTION('',(0.,0.,1.));
#15857 = ORIENTED_EDGE('',*,*,#13055,.F.);
#15858 = ORIENTED_EDGE('',*,*,#15852,.F.);
#15859 = CYLINDRICAL_SURFACE('',#15860,1.5);
#15860 = AXIS2_PLACEMENT_3D('',#15861,#15862,#15863);
#15861 = CARTESIAN_POINT('',(156.5,-114.45,-4.6E-02));
#15862 = DIRECTION('',(-0.,-0.,-1.));
#15863 = DIRECTION('',(-0.,-1.,0.));
#15864 = ADVANCED_FACE('',(#15865),#15876,.F.);
#15865 = FACE_BOUND('',#15866,.T.);
#15866 = EDGE_LOOP('',(#15867,#15868,#15874,#15875));
#15867 = ORIENTED_EDGE('',*,*,#10607,.T.);
#15868 = ORIENTED_EDGE('',*,*,#15869,.T.);
#15869 = EDGE_CURVE('',#10608,#13067,#15870,.T.);
#15870 = LINE('',#15871,#15872);
#15871 = CARTESIAN_POINT('',(174.5,-115.95,-4.6E-02));
#15872 = VECTOR('',#15873,1.);
#15873 = DIRECTION('',(0.,0.,1.));
#15874 = ORIENTED_EDGE('',*,*,#13066,.F.);
#15875 = ORIENTED_EDGE('',*,*,#15869,.F.);
#15876 = CYLINDRICAL_SURFACE('',#15877,1.5);
#15877 = AXIS2_PLACEMENT_3D('',#15878,#15879,#15880);
#15878 = CARTESIAN_POINT('',(174.5,-114.45,-4.6E-02));
#15879 = DIRECTION('',(-0.,-0.,-1.));
#15880 = DIRECTION('',(-0.,-1.,0.));
#15881 = ADVANCED_FACE('',(#15882),#15893,.F.);
#15882 = FACE_BOUND('',#15883,.T.);
#15883 = EDGE_LOOP('',(#15884,#15885,#15891,#15892));
#15884 = ORIENTED_EDGE('',*,*,#10618,.T.);
#15885 = ORIENTED_EDGE('',*,*,#15886,.T.);
#15886 = EDGE_CURVE('',#10619,#13078,#15887,.T.);
#15887 = LINE('',#15888,#15889);
#15888 = CARTESIAN_POINT('',(169.5,-113.75,-4.6E-02));
#15889 = VECTOR('',#15890,1.);
#15890 = DIRECTION('',(0.,0.,1.));
#15891 = ORIENTED_EDGE('',*,*,#13077,.F.);
#15892 = ORIENTED_EDGE('',*,*,#15886,.F.);
#15893 = CYLINDRICAL_SURFACE('',#15894,1.5);
#15894 = AXIS2_PLACEMENT_3D('',#15895,#15896,#15897);
#15895 = CARTESIAN_POINT('',(169.5,-112.25,-4.6E-02));
#15896 = DIRECTION('',(-0.,-0.,-1.));
#15897 = DIRECTION('',(-0.,-1.,0.));
#15898 = ADVANCED_FACE('',(#15899),#15910,.F.);
#15899 = FACE_BOUND('',#15900,.T.);
#15900 = EDGE_LOOP('',(#15901,#15902,#15908,#15909));
#15901 = ORIENTED_EDGE('',*,*,#10629,.T.);
#15902 = ORIENTED_EDGE('',*,*,#15903,.T.);
#15903 = EDGE_CURVE('',#10630,#13089,#15904,.T.);
#15904 = LINE('',#15905,#15906);
#15905 = CARTESIAN_POINT('',(156.5,-110.2145,-4.6E-02));
#15906 = VECTOR('',#15907,1.);
#15907 = DIRECTION('',(0.,0.,1.));
#15908 = ORIENTED_EDGE('',*,*,#13088,.F.);
#15909 = ORIENTED_EDGE('',*,*,#15903,.F.);
#15910 = CYLINDRICAL_SURFACE('',#15911,1.7145);
#15911 = AXIS2_PLACEMENT_3D('',#15912,#15913,#15914);
#15912 = CARTESIAN_POINT('',(156.5,-108.5,-4.6E-02));
#15913 = DIRECTION('',(-0.,-0.,-1.));
#15914 = DIRECTION('',(-0.,-1.,0.));
#15915 = ADVANCED_FACE('',(#15916),#15927,.F.);
#15916 = FACE_BOUND('',#15917,.T.);
#15917 = EDGE_LOOP('',(#15918,#15919,#15925,#15926));
#15918 = ORIENTED_EDGE('',*,*,#10640,.T.);
#15919 = ORIENTED_EDGE('',*,*,#15920,.T.);
#15920 = EDGE_CURVE('',#10641,#13100,#15921,.T.);
#15921 = LINE('',#15922,#15923);
#15922 = CARTESIAN_POINT('',(162.,-109.3509,-4.6E-02));
#15923 = VECTOR('',#15924,1.);
#15924 = DIRECTION('',(0.,0.,1.));
#15925 = ORIENTED_EDGE('',*,*,#13099,.F.);
#15926 = ORIENTED_EDGE('',*,*,#15920,.F.);
#15927 = CYLINDRICAL_SURFACE('',#15928,0.8509);
#15928 = AXIS2_PLACEMENT_3D('',#15929,#15930,#15931);
#15929 = CARTESIAN_POINT('',(162.,-108.5,-4.6E-02));
#15930 = DIRECTION('',(-0.,-0.,-1.));
#15931 = DIRECTION('',(-0.,-1.,0.));
#15932 = ADVANCED_FACE('',(#15933),#15944,.F.);
#15933 = FACE_BOUND('',#15934,.T.);
#15934 = EDGE_LOOP('',(#15935,#15936,#15942,#15943));
#15935 = ORIENTED_EDGE('',*,*,#10651,.T.);
#15936 = ORIENTED_EDGE('',*,*,#15937,.T.);
#15937 = EDGE_CURVE('',#10652,#13111,#15938,.T.);
#15938 = LINE('',#15939,#15940);
#15939 = CARTESIAN_POINT('',(169.,-109.3509,-4.6E-02));
#15940 = VECTOR('',#15941,1.);
#15941 = DIRECTION('',(0.,0.,1.));
#15942 = ORIENTED_EDGE('',*,*,#13110,.F.);
#15943 = ORIENTED_EDGE('',*,*,#15937,.F.);
#15944 = CYLINDRICAL_SURFACE('',#15945,0.8509);
#15945 = AXIS2_PLACEMENT_3D('',#15946,#15947,#15948);
#15946 = CARTESIAN_POINT('',(169.,-108.5,-4.6E-02));
#15947 = DIRECTION('',(-0.,-0.,-1.));
#15948 = DIRECTION('',(-0.,-1.,0.));
#15949 = ADVANCED_FACE('',(#15950),#15961,.F.);
#15950 = FACE_BOUND('',#15951,.T.);
#15951 = EDGE_LOOP('',(#15952,#15953,#15959,#15960));
#15952 = ORIENTED_EDGE('',*,*,#10662,.T.);
#15953 = ORIENTED_EDGE('',*,*,#15954,.T.);
#15954 = EDGE_CURVE('',#10663,#13122,#15955,.T.);
#15955 = LINE('',#15956,#15957);
#15956 = CARTESIAN_POINT('',(174.5,-110.2145,-4.6E-02));
#15957 = VECTOR('',#15958,1.);
#15958 = DIRECTION('',(0.,0.,1.));
#15959 = ORIENTED_EDGE('',*,*,#13121,.F.);
#15960 = ORIENTED_EDGE('',*,*,#15954,.F.);
#15961 = CYLINDRICAL_SURFACE('',#15962,1.7145);
#15962 = AXIS2_PLACEMENT_3D('',#15963,#15964,#15965);
#15963 = CARTESIAN_POINT('',(174.5,-108.5,-4.6E-02));
#15964 = DIRECTION('',(-0.,-0.,-1.));
#15965 = DIRECTION('',(-0.,-1.,0.));
#15966 = ADVANCED_FACE('',(#15967),#15978,.F.);
#15967 = FACE_BOUND('',#15968,.T.);
#15968 = EDGE_LOOP('',(#15969,#15970,#15976,#15977));
#15969 = ORIENTED_EDGE('',*,*,#10673,.T.);
#15970 = ORIENTED_EDGE('',*,*,#15971,.T.);
#15971 = EDGE_CURVE('',#10674,#13133,#15972,.T.);
#15972 = LINE('',#15973,#15974);
#15973 = CARTESIAN_POINT('',(187.5,-113.75,-4.6E-02));
#15974 = VECTOR('',#15975,1.);
#15975 = DIRECTION('',(0.,0.,1.));
#15976 = ORIENTED_EDGE('',*,*,#13132,.F.);
#15977 = ORIENTED_EDGE('',*,*,#15971,.F.);
#15978 = CYLINDRICAL_SURFACE('',#15979,1.5);
#15979 = AXIS2_PLACEMENT_3D('',#15980,#15981,#15982);
#15980 = CARTESIAN_POINT('',(187.5,-112.25,-4.6E-02));
#15981 = DIRECTION('',(-0.,-0.,-1.));
#15982 = DIRECTION('',(-0.,-1.,0.));
#15983 = ADVANCED_FACE('',(#15984),#15995,.F.);
#15984 = FACE_BOUND('',#15985,.T.);
#15985 = EDGE_LOOP('',(#15986,#15987,#15993,#15994));
#15986 = ORIENTED_EDGE('',*,*,#10684,.T.);
#15987 = ORIENTED_EDGE('',*,*,#15988,.T.);
#15988 = EDGE_CURVE('',#10685,#13144,#15989,.T.);
#15989 = LINE('',#15990,#15991);
#15990 = CARTESIAN_POINT('',(192.5,-115.95,-4.6E-02));
#15991 = VECTOR('',#15992,1.);
#15992 = DIRECTION('',(0.,0.,1.));
#15993 = ORIENTED_EDGE('',*,*,#13143,.F.);
#15994 = ORIENTED_EDGE('',*,*,#15988,.F.);
#15995 = CYLINDRICAL_SURFACE('',#15996,1.5);
#15996 = AXIS2_PLACEMENT_3D('',#15997,#15998,#15999);
#15997 = CARTESIAN_POINT('',(192.5,-114.45,-4.6E-02));
#15998 = DIRECTION('',(-0.,-0.,-1.));
#15999 = DIRECTION('',(-0.,-1.,0.));
#16000 = ADVANCED_FACE('',(#16001),#16012,.F.);
#16001 = FACE_BOUND('',#16002,.T.);
#16002 = EDGE_LOOP('',(#16003,#16004,#16010,#16011));
#16003 = ORIENTED_EDGE('',*,*,#10695,.T.);
#16004 = ORIENTED_EDGE('',*,*,#16005,.T.);
#16005 = EDGE_CURVE('',#10696,#13155,#16006,.T.);
#16006 = LINE('',#16007,#16008);
#16007 = CARTESIAN_POINT('',(180.,-109.3509,-4.6E-02));
#16008 = VECTOR('',#16009,1.);
#16009 = DIRECTION('',(0.,0.,1.));
#16010 = ORIENTED_EDGE('',*,*,#13154,.F.);
#16011 = ORIENTED_EDGE('',*,*,#16005,.F.);
#16012 = CYLINDRICAL_SURFACE('',#16013,0.8509);
#16013 = AXIS2_PLACEMENT_3D('',#16014,#16015,#16016);
#16014 = CARTESIAN_POINT('',(180.,-108.5,-4.6E-02));
#16015 = DIRECTION('',(-0.,-0.,-1.));
#16016 = DIRECTION('',(-0.,-1.,0.));
#16017 = ADVANCED_FACE('',(#16018),#16029,.F.);
#16018 = FACE_BOUND('',#16019,.T.);
#16019 = EDGE_LOOP('',(#16020,#16021,#16027,#16028));
#16020 = ORIENTED_EDGE('',*,*,#10706,.T.);
#16021 = ORIENTED_EDGE('',*,*,#16022,.T.);
#16022 = EDGE_CURVE('',#10707,#13166,#16023,.T.);
#16023 = LINE('',#16024,#16025);
#16024 = CARTESIAN_POINT('',(187.,-109.3509,-4.6E-02));
#16025 = VECTOR('',#16026,1.);
#16026 = DIRECTION('',(0.,0.,1.));
#16027 = ORIENTED_EDGE('',*,*,#13165,.F.);
#16028 = ORIENTED_EDGE('',*,*,#16022,.F.);
#16029 = CYLINDRICAL_SURFACE('',#16030,0.8509);
#16030 = AXIS2_PLACEMENT_3D('',#16031,#16032,#16033);
#16031 = CARTESIAN_POINT('',(187.,-108.5,-4.6E-02));
#16032 = DIRECTION('',(-0.,-0.,-1.));
#16033 = DIRECTION('',(-0.,-1.,0.));
#16034 = ADVANCED_FACE('',(#16035),#16046,.F.);
#16035 = FACE_BOUND('',#16036,.T.);
#16036 = EDGE_LOOP('',(#16037,#16038,#16044,#16045));
#16037 = ORIENTED_EDGE('',*,*,#10717,.T.);
#16038 = ORIENTED_EDGE('',*,*,#16039,.T.);
#16039 = EDGE_CURVE('',#10718,#13177,#16040,.T.);
#16040 = LINE('',#16041,#16042);
#16041 = CARTESIAN_POINT('',(192.5,-110.2145,-4.6E-02));
#16042 = VECTOR('',#16043,1.);
#16043 = DIRECTION('',(0.,0.,1.));
#16044 = ORIENTED_EDGE('',*,*,#13176,.F.);
#16045 = ORIENTED_EDGE('',*,*,#16039,.F.);
#16046 = CYLINDRICAL_SURFACE('',#16047,1.7145);
#16047 = AXIS2_PLACEMENT_3D('',#16048,#16049,#16050);
#16048 = CARTESIAN_POINT('',(192.5,-108.5,-4.6E-02));
#16049 = DIRECTION('',(-0.,-0.,-1.));
#16050 = DIRECTION('',(-0.,-1.,0.));
#16051 = ADVANCED_FACE('',(#16052),#16063,.F.);
#16052 = FACE_BOUND('',#16053,.T.);
#16053 = EDGE_LOOP('',(#16054,#16055,#16061,#16062));
#16054 = ORIENTED_EDGE('',*,*,#10728,.T.);
#16055 = ORIENTED_EDGE('',*,*,#16056,.T.);
#16056 = EDGE_CURVE('',#10729,#13188,#16057,.T.);
#16057 = LINE('',#16058,#16059);
#16058 = CARTESIAN_POINT('',(198.,-109.3509,-4.6E-02));
#16059 = VECTOR('',#16060,1.);
#16060 = DIRECTION('',(0.,0.,1.));
#16061 = ORIENTED_EDGE('',*,*,#13187,.F.);
#16062 = ORIENTED_EDGE('',*,*,#16056,.F.);
#16063 = CYLINDRICAL_SURFACE('',#16064,0.8509);
#16064 = AXIS2_PLACEMENT_3D('',#16065,#16066,#16067);
#16065 = CARTESIAN_POINT('',(198.,-108.5,-4.6E-02));
#16066 = DIRECTION('',(-0.,-0.,-1.));
#16067 = DIRECTION('',(-0.,-1.,0.));
#16068 = ADVANCED_FACE('',(#16069),#16080,.F.);
#16069 = FACE_BOUND('',#16070,.T.);
#16070 = EDGE_LOOP('',(#16071,#16072,#16078,#16079));
#16071 = ORIENTED_EDGE('',*,*,#10739,.T.);
#16072 = ORIENTED_EDGE('',*,*,#16073,.T.);
#16073 = EDGE_CURVE('',#10740,#13199,#16074,.T.);
#16074 = LINE('',#16075,#16076);
#16075 = CARTESIAN_POINT('',(161.72,-104.7953,-4.6E-02));
#16076 = VECTOR('',#16077,1.);
#16077 = DIRECTION('',(0.,0.,1.));
#16078 = ORIENTED_EDGE('',*,*,#13198,.F.);
#16079 = ORIENTED_EDGE('',*,*,#16073,.F.);
#16080 = CYLINDRICAL_SURFACE('',#16081,0.4953);
#16081 = AXIS2_PLACEMENT_3D('',#16082,#16083,#16084);
#16082 = CARTESIAN_POINT('',(161.72,-104.3,-4.6E-02));
#16083 = DIRECTION('',(-0.,-0.,-1.));
#16084 = DIRECTION('',(-5.738281734385E-14,-1.,0.));
#16085 = ADVANCED_FACE('',(#16086),#16097,.F.);
#16086 = FACE_BOUND('',#16087,.T.);
#16087 = EDGE_LOOP('',(#16088,#16089,#16095,#16096));
#16088 = ORIENTED_EDGE('',*,*,#10750,.T.);
#16089 = ORIENTED_EDGE('',*,*,#16090,.T.);
#16090 = EDGE_CURVE('',#10751,#13210,#16091,.T.);
#16091 = LINE('',#16092,#16093);
#16092 = CARTESIAN_POINT('',(179.72,-104.7953,-4.6E-02));
#16093 = VECTOR('',#16094,1.);
#16094 = DIRECTION('',(0.,0.,1.));
#16095 = ORIENTED_EDGE('',*,*,#13209,.F.);
#16096 = ORIENTED_EDGE('',*,*,#16090,.F.);
#16097 = CYLINDRICAL_SURFACE('',#16098,0.4953);
#16098 = AXIS2_PLACEMENT_3D('',#16099,#16100,#16101);
#16099 = CARTESIAN_POINT('',(179.72,-104.3,-4.6E-02));
#16100 = DIRECTION('',(-0.,-0.,-1.));
#16101 = DIRECTION('',(-5.738281734385E-14,-1.,0.));
#16102 = ADVANCED_FACE('',(#16103),#16114,.F.);
#16103 = FACE_BOUND('',#16104,.T.);
#16104 = EDGE_LOOP('',(#16105,#16106,#16112,#16113));
#16105 = ORIENTED_EDGE('',*,*,#10761,.T.);
#16106 = ORIENTED_EDGE('',*,*,#16107,.T.);
#16107 = EDGE_CURVE('',#10762,#13221,#16108,.T.);
#16108 = LINE('',#16109,#16110);
#16109 = CARTESIAN_POINT('',(197.72,-104.7953,-4.6E-02));
#16110 = VECTOR('',#16111,1.);
#16111 = DIRECTION('',(0.,0.,1.));
#16112 = ORIENTED_EDGE('',*,*,#13220,.F.);
#16113 = ORIENTED_EDGE('',*,*,#16107,.F.);
#16114 = CYLINDRICAL_SURFACE('',#16115,0.4953);
#16115 = AXIS2_PLACEMENT_3D('',#16116,#16117,#16118);
#16116 = CARTESIAN_POINT('',(197.72,-104.3,-4.6E-02));
#16117 = DIRECTION('',(-0.,-0.,-1.));
#16118 = DIRECTION('',(-5.738281734385E-14,-1.,0.));
#16119 = ADVANCED_FACE('',(#16120),#16131,.F.);
#16120 = FACE_BOUND('',#16121,.T.);
#16121 = EDGE_LOOP('',(#16122,#16123,#16129,#16130));
#16122 = ORIENTED_EDGE('',*,*,#10772,.T.);
#16123 = ORIENTED_EDGE('',*,*,#16124,.T.);
#16124 = EDGE_CURVE('',#10773,#13232,#16125,.T.);
#16125 = LINE('',#16126,#16127);
#16126 = CARTESIAN_POINT('',(120.525,-98.875,-4.6E-02));
#16127 = VECTOR('',#16128,1.);
#16128 = DIRECTION('',(0.,0.,1.));
#16129 = ORIENTED_EDGE('',*,*,#13231,.F.);
#16130 = ORIENTED_EDGE('',*,*,#16124,.F.);
#16131 = CYLINDRICAL_SURFACE('',#16132,1.5);
#16132 = AXIS2_PLACEMENT_3D('',#16133,#16134,#16135);
#16133 = CARTESIAN_POINT('',(120.525,-97.375,-4.6E-02));
#16134 = DIRECTION('',(-0.,-0.,-1.));
#16135 = DIRECTION('',(-0.,-1.,0.));
#16136 = ADVANCED_FACE('',(#16137),#16148,.F.);
#16137 = FACE_BOUND('',#16138,.T.);
#16138 = EDGE_LOOP('',(#16139,#16140,#16146,#16147));
#16139 = ORIENTED_EDGE('',*,*,#10783,.T.);
#16140 = ORIENTED_EDGE('',*,*,#16141,.T.);
#16141 = EDGE_CURVE('',#10784,#13243,#16142,.T.);
#16142 = LINE('',#16143,#16144);
#16143 = CARTESIAN_POINT('',(115.525,-96.675,-4.6E-02));
#16144 = VECTOR('',#16145,1.);
#16145 = DIRECTION('',(0.,0.,1.));
#16146 = ORIENTED_EDGE('',*,*,#13242,.F.);
#16147 = ORIENTED_EDGE('',*,*,#16141,.F.);
#16148 = CYLINDRICAL_SURFACE('',#16149,1.5);
#16149 = AXIS2_PLACEMENT_3D('',#16150,#16151,#16152);
#16150 = CARTESIAN_POINT('',(115.525,-95.175,-4.6E-02));
#16151 = DIRECTION('',(-0.,-0.,-1.));
#16152 = DIRECTION('',(-0.,-1.,0.));
#16153 = ADVANCED_FACE('',(#16154),#16165,.F.);
#16154 = FACE_BOUND('',#16155,.T.);
#16155 = EDGE_LOOP('',(#16156,#16157,#16163,#16164));
#16156 = ORIENTED_EDGE('',*,*,#10794,.T.);
#16157 = ORIENTED_EDGE('',*,*,#16158,.T.);
#16158 = EDGE_CURVE('',#10795,#13254,#16159,.T.);
#16159 = LINE('',#16160,#16161);
#16160 = CARTESIAN_POINT('',(138.45,-98.9,-4.6E-02));
#16161 = VECTOR('',#16162,1.);
#16162 = DIRECTION('',(0.,0.,1.));
#16163 = ORIENTED_EDGE('',*,*,#13253,.F.);
#16164 = ORIENTED_EDGE('',*,*,#16158,.F.);
#16165 = CYLINDRICAL_SURFACE('',#16166,1.5);
#16166 = AXIS2_PLACEMENT_3D('',#16167,#16168,#16169);
#16167 = CARTESIAN_POINT('',(138.45,-97.4,-4.6E-02));
#16168 = DIRECTION('',(-0.,-0.,-1.));
#16169 = DIRECTION('',(-0.,-1.,0.));
#16170 = ADVANCED_FACE('',(#16171),#16182,.F.);
#16171 = FACE_BOUND('',#16172,.T.);
#16172 = EDGE_LOOP('',(#16173,#16174,#16180,#16181));
#16173 = ORIENTED_EDGE('',*,*,#10805,.T.);
#16174 = ORIENTED_EDGE('',*,*,#16175,.T.);
#16175 = EDGE_CURVE('',#10806,#13265,#16176,.T.);
#16176 = LINE('',#16177,#16178);
#16177 = CARTESIAN_POINT('',(133.45,-96.7,-4.6E-02));
#16178 = VECTOR('',#16179,1.);
#16179 = DIRECTION('',(0.,0.,1.));
#16180 = ORIENTED_EDGE('',*,*,#13264,.F.);
#16181 = ORIENTED_EDGE('',*,*,#16175,.F.);
#16182 = CYLINDRICAL_SURFACE('',#16183,1.5);
#16183 = AXIS2_PLACEMENT_3D('',#16184,#16185,#16186);
#16184 = CARTESIAN_POINT('',(133.45,-95.2,-4.6E-02));
#16185 = DIRECTION('',(-0.,-0.,-1.));
#16186 = DIRECTION('',(-0.,-1.,0.));
#16187 = ADVANCED_FACE('',(#16188),#16199,.F.);
#16188 = FACE_BOUND('',#16189,.T.);
#16189 = EDGE_LOOP('',(#16190,#16191,#16197,#16198));
#16190 = ORIENTED_EDGE('',*,*,#10816,.T.);
#16191 = ORIENTED_EDGE('',*,*,#16192,.T.);
#16192 = EDGE_CURVE('',#10817,#13276,#16193,.T.);
#16193 = LINE('',#16194,#16195);
#16194 = CARTESIAN_POINT('',(151.5,-96.75,-4.6E-02));
#16195 = VECTOR('',#16196,1.);
#16196 = DIRECTION('',(0.,0.,1.));
#16197 = ORIENTED_EDGE('',*,*,#13275,.F.);
#16198 = ORIENTED_EDGE('',*,*,#16192,.F.);
#16199 = CYLINDRICAL_SURFACE('',#16200,1.5);
#16200 = AXIS2_PLACEMENT_3D('',#16201,#16202,#16203);
#16201 = CARTESIAN_POINT('',(151.5,-95.25,-4.6E-02));
#16202 = DIRECTION('',(-0.,-0.,-1.));
#16203 = DIRECTION('',(-0.,-1.,0.));
#16204 = ADVANCED_FACE('',(#16205),#16216,.F.);
#16205 = FACE_BOUND('',#16206,.T.);
#16206 = EDGE_LOOP('',(#16207,#16208,#16214,#16215));
#16207 = ORIENTED_EDGE('',*,*,#10827,.T.);
#16208 = ORIENTED_EDGE('',*,*,#16209,.T.);
#16209 = EDGE_CURVE('',#10828,#13287,#16210,.T.);
#16210 = LINE('',#16211,#16212);
#16211 = CARTESIAN_POINT('',(115.025,-92.2759,-4.6E-02));
#16212 = VECTOR('',#16213,1.);
#16213 = DIRECTION('',(0.,0.,1.));
#16214 = ORIENTED_EDGE('',*,*,#13286,.F.);
#16215 = ORIENTED_EDGE('',*,*,#16209,.F.);
#16216 = CYLINDRICAL_SURFACE('',#16217,0.8509);
#16217 = AXIS2_PLACEMENT_3D('',#16218,#16219,#16220);
#16218 = CARTESIAN_POINT('',(115.025,-91.425,-4.6E-02));
#16219 = DIRECTION('',(-0.,-0.,-1.));
#16220 = DIRECTION('',(-0.,-1.,0.));
#16221 = ADVANCED_FACE('',(#16222),#16233,.F.);
#16222 = FACE_BOUND('',#16223,.T.);
#16223 = EDGE_LOOP('',(#16224,#16225,#16231,#16232));
#16224 = ORIENTED_EDGE('',*,*,#10838,.T.);
#16225 = ORIENTED_EDGE('',*,*,#16226,.T.);
#16226 = EDGE_CURVE('',#10839,#13298,#16227,.T.);
#16227 = LINE('',#16228,#16229);
#16228 = CARTESIAN_POINT('',(120.525,-93.1395,-4.6E-02));
#16229 = VECTOR('',#16230,1.);
#16230 = DIRECTION('',(0.,0.,1.));
#16231 = ORIENTED_EDGE('',*,*,#13297,.F.);
#16232 = ORIENTED_EDGE('',*,*,#16226,.F.);
#16233 = CYLINDRICAL_SURFACE('',#16234,1.7145);
#16234 = AXIS2_PLACEMENT_3D('',#16235,#16236,#16237);
#16235 = CARTESIAN_POINT('',(120.525,-91.425,-4.6E-02));
#16236 = DIRECTION('',(-0.,-0.,-1.));
#16237 = DIRECTION('',(-0.,-1.,0.));
#16238 = ADVANCED_FACE('',(#16239),#16250,.F.);
#16239 = FACE_BOUND('',#16240,.T.);
#16240 = EDGE_LOOP('',(#16241,#16242,#16248,#16249));
#16241 = ORIENTED_EDGE('',*,*,#10849,.T.);
#16242 = ORIENTED_EDGE('',*,*,#16243,.T.);
#16243 = EDGE_CURVE('',#10850,#13309,#16244,.T.);
#16244 = LINE('',#16245,#16246);
#16245 = CARTESIAN_POINT('',(126.025,-92.2759,-4.6E-02));
#16246 = VECTOR('',#16247,1.);
#16247 = DIRECTION('',(0.,0.,1.));
#16248 = ORIENTED_EDGE('',*,*,#13308,.F.);
#16249 = ORIENTED_EDGE('',*,*,#16243,.F.);
#16250 = CYLINDRICAL_SURFACE('',#16251,0.8509);
#16251 = AXIS2_PLACEMENT_3D('',#16252,#16253,#16254);
#16252 = CARTESIAN_POINT('',(126.025,-91.425,-4.6E-02));
#16253 = DIRECTION('',(-0.,-0.,-1.));
#16254 = DIRECTION('',(-0.,-1.,0.));
#16255 = ADVANCED_FACE('',(#16256),#16267,.F.);
#16256 = FACE_BOUND('',#16257,.T.);
#16257 = EDGE_LOOP('',(#16258,#16259,#16265,#16266));
#16258 = ORIENTED_EDGE('',*,*,#10860,.T.);
#16259 = ORIENTED_EDGE('',*,*,#16260,.T.);
#16260 = EDGE_CURVE('',#10861,#13320,#16261,.T.);
#16261 = LINE('',#16262,#16263);
#16262 = CARTESIAN_POINT('',(132.95,-92.3009,-4.6E-02));
#16263 = VECTOR('',#16264,1.);
#16264 = DIRECTION('',(0.,0.,1.));
#16265 = ORIENTED_EDGE('',*,*,#13319,.F.);
#16266 = ORIENTED_EDGE('',*,*,#16260,.F.);
#16267 = CYLINDRICAL_SURFACE('',#16268,0.8509);
#16268 = AXIS2_PLACEMENT_3D('',#16269,#16270,#16271);
#16269 = CARTESIAN_POINT('',(132.95,-91.45,-4.6E-02));
#16270 = DIRECTION('',(-0.,-0.,-1.));
#16271 = DIRECTION('',(-0.,-1.,0.));
#16272 = ADVANCED_FACE('',(#16273),#16284,.F.);
#16273 = FACE_BOUND('',#16274,.T.);
#16274 = EDGE_LOOP('',(#16275,#16276,#16282,#16283));
#16275 = ORIENTED_EDGE('',*,*,#10871,.T.);
#16276 = ORIENTED_EDGE('',*,*,#16277,.T.);
#16277 = EDGE_CURVE('',#10872,#13331,#16278,.T.);
#16278 = LINE('',#16279,#16280);
#16279 = CARTESIAN_POINT('',(125.745,-87.7203,-4.6E-02));
#16280 = VECTOR('',#16281,1.);
#16281 = DIRECTION('',(0.,0.,1.));
#16282 = ORIENTED_EDGE('',*,*,#13330,.F.);
#16283 = ORIENTED_EDGE('',*,*,#16277,.F.);
#16284 = CYLINDRICAL_SURFACE('',#16285,0.4953);
#16285 = AXIS2_PLACEMENT_3D('',#16286,#16287,#16288);
#16286 = CARTESIAN_POINT('',(125.745,-87.225,-4.6E-02));
#16287 = DIRECTION('',(-0.,-0.,-1.));
#16288 = DIRECTION('',(-0.,-1.,0.));
#16289 = ADVANCED_FACE('',(#16290),#16301,.F.);
#16290 = FACE_BOUND('',#16291,.T.);
#16291 = EDGE_LOOP('',(#16292,#16293,#16299,#16300));
#16292 = ORIENTED_EDGE('',*,*,#10882,.T.);
#16293 = ORIENTED_EDGE('',*,*,#16294,.T.);
#16294 = EDGE_CURVE('',#10883,#13342,#16295,.T.);
#16295 = LINE('',#16296,#16297);
#16296 = CARTESIAN_POINT('',(138.45,-93.1645,-4.6E-02));
#16297 = VECTOR('',#16298,1.);
#16298 = DIRECTION('',(0.,0.,1.));
#16299 = ORIENTED_EDGE('',*,*,#13341,.F.);
#16300 = ORIENTED_EDGE('',*,*,#16294,.F.);
#16301 = CYLINDRICAL_SURFACE('',#16302,1.7145);
#16302 = AXIS2_PLACEMENT_3D('',#16303,#16304,#16305);
#16303 = CARTESIAN_POINT('',(138.45,-91.45,-4.6E-02));
#16304 = DIRECTION('',(-0.,-0.,-1.));
#16305 = DIRECTION('',(-0.,-1.,0.));
#16306 = ADVANCED_FACE('',(#16307),#16318,.F.);
#16307 = FACE_BOUND('',#16308,.T.);
#16308 = EDGE_LOOP('',(#16309,#16310,#16316,#16317));
#16309 = ORIENTED_EDGE('',*,*,#10893,.T.);
#16310 = ORIENTED_EDGE('',*,*,#16311,.T.);
#16311 = EDGE_CURVE('',#10894,#13353,#16312,.T.);
#16312 = LINE('',#16313,#16314);
#16313 = CARTESIAN_POINT('',(143.95,-92.3009,-4.6E-02));
#16314 = VECTOR('',#16315,1.);
#16315 = DIRECTION('',(0.,0.,1.));
#16316 = ORIENTED_EDGE('',*,*,#13352,.F.);
#16317 = ORIENTED_EDGE('',*,*,#16311,.F.);
#16318 = CYLINDRICAL_SURFACE('',#16319,0.8509);
#16319 = AXIS2_PLACEMENT_3D('',#16320,#16321,#16322);
#16320 = CARTESIAN_POINT('',(143.95,-91.45,-4.6E-02));
#16321 = DIRECTION('',(-0.,-0.,-1.));
#16322 = DIRECTION('',(-0.,-1.,0.));
#16323 = ADVANCED_FACE('',(#16324),#16335,.F.);
#16324 = FACE_BOUND('',#16325,.T.);
#16325 = EDGE_LOOP('',(#16326,#16327,#16333,#16334));
#16326 = ORIENTED_EDGE('',*,*,#10904,.T.);
#16327 = ORIENTED_EDGE('',*,*,#16328,.T.);
#16328 = EDGE_CURVE('',#10905,#13364,#16329,.T.);
#16329 = LINE('',#16330,#16331);
#16330 = CARTESIAN_POINT('',(151.,-92.3509,-4.6E-02));
#16331 = VECTOR('',#16332,1.);
#16332 = DIRECTION('',(0.,0.,1.));
#16333 = ORIENTED_EDGE('',*,*,#13363,.F.);
#16334 = ORIENTED_EDGE('',*,*,#16328,.F.);
#16335 = CYLINDRICAL_SURFACE('',#16336,0.8509);
#16336 = AXIS2_PLACEMENT_3D('',#16337,#16338,#16339);
#16337 = CARTESIAN_POINT('',(151.,-91.5,-4.6E-02));
#16338 = DIRECTION('',(-0.,-0.,-1.));
#16339 = DIRECTION('',(-0.,-1.,0.));
#16340 = ADVANCED_FACE('',(#16341),#16352,.F.);
#16341 = FACE_BOUND('',#16342,.T.);
#16342 = EDGE_LOOP('',(#16343,#16344,#16350,#16351));
#16343 = ORIENTED_EDGE('',*,*,#10915,.T.);
#16344 = ORIENTED_EDGE('',*,*,#16345,.T.);
#16345 = EDGE_CURVE('',#10916,#13375,#16346,.T.);
#16346 = LINE('',#16347,#16348);
#16347 = CARTESIAN_POINT('',(143.67,-87.7453,-4.6E-02));
#16348 = VECTOR('',#16349,1.);
#16349 = DIRECTION('',(0.,0.,1.));
#16350 = ORIENTED_EDGE('',*,*,#13374,.F.);
#16351 = ORIENTED_EDGE('',*,*,#16345,.F.);
#16352 = CYLINDRICAL_SURFACE('',#16353,0.4953);
#16353 = AXIS2_PLACEMENT_3D('',#16354,#16355,#16356);
#16354 = CARTESIAN_POINT('',(143.67,-87.25,-4.6E-02));
#16355 = DIRECTION('',(-0.,-0.,-1.));
#16356 = DIRECTION('',(-5.738281734384E-14,-1.,0.));
#16357 = ADVANCED_FACE('',(#16358),#16369,.F.);
#16358 = FACE_BOUND('',#16359,.T.);
#16359 = EDGE_LOOP('',(#16360,#16361,#16367,#16368));
#16360 = ORIENTED_EDGE('',*,*,#10926,.T.);
#16361 = ORIENTED_EDGE('',*,*,#16362,.T.);
#16362 = EDGE_CURVE('',#10927,#13386,#16363,.T.);
#16363 = LINE('',#16364,#16365);
#16364 = CARTESIAN_POINT('',(156.5,-98.95,-4.6E-02));
#16365 = VECTOR('',#16366,1.);
#16366 = DIRECTION('',(0.,0.,1.));
#16367 = ORIENTED_EDGE('',*,*,#13385,.F.);
#16368 = ORIENTED_EDGE('',*,*,#16362,.F.);
#16369 = CYLINDRICAL_SURFACE('',#16370,1.5);
#16370 = AXIS2_PLACEMENT_3D('',#16371,#16372,#16373);
#16371 = CARTESIAN_POINT('',(156.5,-97.45,-4.6E-02));
#16372 = DIRECTION('',(-0.,-0.,-1.));
#16373 = DIRECTION('',(-0.,-1.,0.));
#16374 = ADVANCED_FACE('',(#16375),#16386,.F.);
#16375 = FACE_BOUND('',#16376,.T.);
#16376 = EDGE_LOOP('',(#16377,#16378,#16384,#16385));
#16377 = ORIENTED_EDGE('',*,*,#10937,.T.);
#16378 = ORIENTED_EDGE('',*,*,#16379,.T.);
#16379 = EDGE_CURVE('',#10938,#13397,#16380,.T.);
#16380 = LINE('',#16381,#16382);
#16381 = CARTESIAN_POINT('',(174.5,-98.95,-4.6E-02));
#16382 = VECTOR('',#16383,1.);
#16383 = DIRECTION('',(0.,0.,1.));
#16384 = ORIENTED_EDGE('',*,*,#13396,.F.);
#16385 = ORIENTED_EDGE('',*,*,#16379,.F.);
#16386 = CYLINDRICAL_SURFACE('',#16387,1.5);
#16387 = AXIS2_PLACEMENT_3D('',#16388,#16389,#16390);
#16388 = CARTESIAN_POINT('',(174.5,-97.45,-4.6E-02));
#16389 = DIRECTION('',(-0.,-0.,-1.));
#16390 = DIRECTION('',(-0.,-1.,0.));
#16391 = ADVANCED_FACE('',(#16392),#16403,.F.);
#16392 = FACE_BOUND('',#16393,.T.);
#16393 = EDGE_LOOP('',(#16394,#16395,#16401,#16402));
#16394 = ORIENTED_EDGE('',*,*,#10948,.T.);
#16395 = ORIENTED_EDGE('',*,*,#16396,.T.);
#16396 = EDGE_CURVE('',#10949,#13408,#16397,.T.);
#16397 = LINE('',#16398,#16399);
#16398 = CARTESIAN_POINT('',(169.5,-96.75,-4.6E-02));
#16399 = VECTOR('',#16400,1.);
#16400 = DIRECTION('',(0.,0.,1.));
#16401 = ORIENTED_EDGE('',*,*,#13407,.F.);
#16402 = ORIENTED_EDGE('',*,*,#16396,.F.);
#16403 = CYLINDRICAL_SURFACE('',#16404,1.5);
#16404 = AXIS2_PLACEMENT_3D('',#16405,#16406,#16407);
#16405 = CARTESIAN_POINT('',(169.5,-95.25,-4.6E-02));
#16406 = DIRECTION('',(-0.,-0.,-1.));
#16407 = DIRECTION('',(-0.,-1.,0.));
#16408 = ADVANCED_FACE('',(#16409),#16420,.F.);
#16409 = FACE_BOUND('',#16410,.T.);
#16410 = EDGE_LOOP('',(#16411,#16412,#16418,#16419));
#16411 = ORIENTED_EDGE('',*,*,#10959,.T.);
#16412 = ORIENTED_EDGE('',*,*,#16413,.T.);
#16413 = EDGE_CURVE('',#10960,#13419,#16414,.T.);
#16414 = LINE('',#16415,#16416);
#16415 = CARTESIAN_POINT('',(192.475,-98.95,-4.6E-02));
#16416 = VECTOR('',#16417,1.);
#16417 = DIRECTION('',(0.,0.,1.));
#16418 = ORIENTED_EDGE('',*,*,#13418,.F.);
#16419 = ORIENTED_EDGE('',*,*,#16413,.F.);
#16420 = CYLINDRICAL_SURFACE('',#16421,1.5);
#16421 = AXIS2_PLACEMENT_3D('',#16422,#16423,#16424);
#16422 = CARTESIAN_POINT('',(192.475,-97.45,-4.6E-02));
#16423 = DIRECTION('',(-0.,-0.,-1.));
#16424 = DIRECTION('',(-0.,-1.,0.));
#16425 = ADVANCED_FACE('',(#16426),#16437,.F.);
#16426 = FACE_BOUND('',#16427,.T.);
#16427 = EDGE_LOOP('',(#16428,#16429,#16435,#16436));
#16428 = ORIENTED_EDGE('',*,*,#10970,.T.);
#16429 = ORIENTED_EDGE('',*,*,#16430,.T.);
#16430 = EDGE_CURVE('',#10971,#13430,#16431,.T.);
#16431 = LINE('',#16432,#16433);
#16432 = CARTESIAN_POINT('',(187.475,-96.75,-4.6E-02));
#16433 = VECTOR('',#16434,1.);
#16434 = DIRECTION('',(0.,0.,1.));
#16435 = ORIENTED_EDGE('',*,*,#13429,.F.);
#16436 = ORIENTED_EDGE('',*,*,#16430,.F.);
#16437 = CYLINDRICAL_SURFACE('',#16438,1.5);
#16438 = AXIS2_PLACEMENT_3D('',#16439,#16440,#16441);
#16439 = CARTESIAN_POINT('',(187.475,-95.25,-4.6E-02));
#16440 = DIRECTION('',(-0.,-0.,-1.));
#16441 = DIRECTION('',(-0.,-1.,0.));
#16442 = ADVANCED_FACE('',(#16443),#16454,.F.);
#16443 = FACE_BOUND('',#16444,.T.);
#16444 = EDGE_LOOP('',(#16445,#16446,#16452,#16453));
#16445 = ORIENTED_EDGE('',*,*,#10981,.T.);
#16446 = ORIENTED_EDGE('',*,*,#16447,.T.);
#16447 = EDGE_CURVE('',#10982,#13441,#16448,.T.);
#16448 = LINE('',#16449,#16450);
#16449 = CARTESIAN_POINT('',(156.5,-93.2145,-4.6E-02));
#16450 = VECTOR('',#16451,1.);
#16451 = DIRECTION('',(0.,0.,1.));
#16452 = ORIENTED_EDGE('',*,*,#13440,.F.);
#16453 = ORIENTED_EDGE('',*,*,#16447,.F.);
#16454 = CYLINDRICAL_SURFACE('',#16455,1.7145);
#16455 = AXIS2_PLACEMENT_3D('',#16456,#16457,#16458);
#16456 = CARTESIAN_POINT('',(156.5,-91.5,-4.6E-02));
#16457 = DIRECTION('',(-0.,-0.,-1.));
#16458 = DIRECTION('',(-0.,-1.,0.));
#16459 = ADVANCED_FACE('',(#16460),#16471,.F.);
#16460 = FACE_BOUND('',#16461,.T.);
#16461 = EDGE_LOOP('',(#16462,#16463,#16469,#16470));
#16462 = ORIENTED_EDGE('',*,*,#10992,.T.);
#16463 = ORIENTED_EDGE('',*,*,#16464,.T.);
#16464 = EDGE_CURVE('',#10993,#13452,#16465,.T.);
#16465 = LINE('',#16466,#16467);
#16466 = CARTESIAN_POINT('',(162.,-92.3509,-4.6E-02));
#16467 = VECTOR('',#16468,1.);
#16468 = DIRECTION('',(0.,0.,1.));
#16469 = ORIENTED_EDGE('',*,*,#13451,.F.);
#16470 = ORIENTED_EDGE('',*,*,#16464,.F.);
#16471 = CYLINDRICAL_SURFACE('',#16472,0.8509);
#16472 = AXIS2_PLACEMENT_3D('',#16473,#16474,#16475);
#16473 = CARTESIAN_POINT('',(162.,-91.5,-4.6E-02));
#16474 = DIRECTION('',(-0.,-0.,-1.));
#16475 = DIRECTION('',(-0.,-1.,0.));
#16476 = ADVANCED_FACE('',(#16477),#16488,.F.);
#16477 = FACE_BOUND('',#16478,.T.);
#16478 = EDGE_LOOP('',(#16479,#16480,#16486,#16487));
#16479 = ORIENTED_EDGE('',*,*,#11003,.T.);
#16480 = ORIENTED_EDGE('',*,*,#16481,.T.);
#16481 = EDGE_CURVE('',#11004,#13463,#16482,.T.);
#16482 = LINE('',#16483,#16484);
#16483 = CARTESIAN_POINT('',(169.,-92.3509,-4.6E-02));
#16484 = VECTOR('',#16485,1.);
#16485 = DIRECTION('',(0.,0.,1.));
#16486 = ORIENTED_EDGE('',*,*,#13462,.F.);
#16487 = ORIENTED_EDGE('',*,*,#16481,.F.);
#16488 = CYLINDRICAL_SURFACE('',#16489,0.8509);
#16489 = AXIS2_PLACEMENT_3D('',#16490,#16491,#16492);
#16490 = CARTESIAN_POINT('',(169.,-91.5,-4.6E-02));
#16491 = DIRECTION('',(-0.,-0.,-1.));
#16492 = DIRECTION('',(-0.,-1.,0.));
#16493 = ADVANCED_FACE('',(#16494),#16505,.F.);
#16494 = FACE_BOUND('',#16495,.T.);
#16495 = EDGE_LOOP('',(#16496,#16497,#16503,#16504));
#16496 = ORIENTED_EDGE('',*,*,#11014,.T.);
#16497 = ORIENTED_EDGE('',*,*,#16498,.T.);
#16498 = EDGE_CURVE('',#11015,#13474,#16499,.T.);
#16499 = LINE('',#16500,#16501);
#16500 = CARTESIAN_POINT('',(174.5,-93.2145,-4.6E-02));
#16501 = VECTOR('',#16502,1.);
#16502 = DIRECTION('',(0.,0.,1.));
#16503 = ORIENTED_EDGE('',*,*,#13473,.F.);
#16504 = ORIENTED_EDGE('',*,*,#16498,.F.);
#16505 = CYLINDRICAL_SURFACE('',#16506,1.7145);
#16506 = AXIS2_PLACEMENT_3D('',#16507,#16508,#16509);
#16507 = CARTESIAN_POINT('',(174.5,-91.5,-4.6E-02));
#16508 = DIRECTION('',(-0.,-0.,-1.));
#16509 = DIRECTION('',(-0.,-1.,0.));
#16510 = ADVANCED_FACE('',(#16511),#16522,.F.);
#16511 = FACE_BOUND('',#16512,.T.);
#16512 = EDGE_LOOP('',(#16513,#16514,#16520,#16521));
#16513 = ORIENTED_EDGE('',*,*,#11025,.T.);
#16514 = ORIENTED_EDGE('',*,*,#16515,.T.);
#16515 = EDGE_CURVE('',#11026,#13485,#16516,.T.);
#16516 = LINE('',#16517,#16518);
#16517 = CARTESIAN_POINT('',(161.72,-87.7953,-4.6E-02));
#16518 = VECTOR('',#16519,1.);
#16519 = DIRECTION('',(0.,0.,1.));
#16520 = ORIENTED_EDGE('',*,*,#13484,.F.);
#16521 = ORIENTED_EDGE('',*,*,#16515,.F.);
#16522 = CYLINDRICAL_SURFACE('',#16523,0.4953);
#16523 = AXIS2_PLACEMENT_3D('',#16524,#16525,#16526);
#16524 = CARTESIAN_POINT('',(161.72,-87.3,-4.6E-02));
#16525 = DIRECTION('',(-0.,-0.,-1.));
#16526 = DIRECTION('',(-5.738281734385E-14,-1.,0.));
#16527 = ADVANCED_FACE('',(#16528),#16539,.F.);
#16528 = FACE_BOUND('',#16529,.T.);
#16529 = EDGE_LOOP('',(#16530,#16531,#16537,#16538));
#16530 = ORIENTED_EDGE('',*,*,#11036,.T.);
#16531 = ORIENTED_EDGE('',*,*,#16532,.T.);
#16532 = EDGE_CURVE('',#11037,#13496,#16533,.T.);
#16533 = LINE('',#16534,#16535);
#16534 = CARTESIAN_POINT('',(180.,-92.3509,-4.6E-02));
#16535 = VECTOR('',#16536,1.);
#16536 = DIRECTION('',(0.,0.,1.));
#16537 = ORIENTED_EDGE('',*,*,#13495,.F.);
#16538 = ORIENTED_EDGE('',*,*,#16532,.F.);
#16539 = CYLINDRICAL_SURFACE('',#16540,0.8509);
#16540 = AXIS2_PLACEMENT_3D('',#16541,#16542,#16543);
#16541 = CARTESIAN_POINT('',(180.,-91.5,-4.6E-02));
#16542 = DIRECTION('',(-0.,-0.,-1.));
#16543 = DIRECTION('',(-0.,-1.,0.));
#16544 = ADVANCED_FACE('',(#16545),#16556,.F.);
#16545 = FACE_BOUND('',#16546,.T.);
#16546 = EDGE_LOOP('',(#16547,#16548,#16554,#16555));
#16547 = ORIENTED_EDGE('',*,*,#11047,.T.);
#16548 = ORIENTED_EDGE('',*,*,#16549,.T.);
#16549 = EDGE_CURVE('',#11048,#13507,#16550,.T.);
#16550 = LINE('',#16551,#16552);
#16551 = CARTESIAN_POINT('',(186.975,-92.3509,-4.6E-02));
#16552 = VECTOR('',#16553,1.);
#16553 = DIRECTION('',(0.,0.,1.));
#16554 = ORIENTED_EDGE('',*,*,#13506,.F.);
#16555 = ORIENTED_EDGE('',*,*,#16549,.F.);
#16556 = CYLINDRICAL_SURFACE('',#16557,0.8509);
#16557 = AXIS2_PLACEMENT_3D('',#16558,#16559,#16560);
#16558 = CARTESIAN_POINT('',(186.975,-91.5,-4.6E-02));
#16559 = DIRECTION('',(-0.,-0.,-1.));
#16560 = DIRECTION('',(-0.,-1.,0.));
#16561 = ADVANCED_FACE('',(#16562),#16573,.F.);
#16562 = FACE_BOUND('',#16563,.T.);
#16563 = EDGE_LOOP('',(#16564,#16565,#16571,#16572));
#16564 = ORIENTED_EDGE('',*,*,#11058,.T.);
#16565 = ORIENTED_EDGE('',*,*,#16566,.T.);
#16566 = EDGE_CURVE('',#11059,#13518,#16567,.T.);
#16567 = LINE('',#16568,#16569);
#16568 = CARTESIAN_POINT('',(192.475,-93.2145,-4.6E-02));
#16569 = VECTOR('',#16570,1.);
#16570 = DIRECTION('',(0.,0.,1.));
#16571 = ORIENTED_EDGE('',*,*,#13517,.F.);
#16572 = ORIENTED_EDGE('',*,*,#16566,.F.);
#16573 = CYLINDRICAL_SURFACE('',#16574,1.7145);
#16574 = AXIS2_PLACEMENT_3D('',#16575,#16576,#16577);
#16575 = CARTESIAN_POINT('',(192.475,-91.5,-4.6E-02));
#16576 = DIRECTION('',(-0.,-0.,-1.));
#16577 = DIRECTION('',(-1.657725834378E-14,-1.,0.));
#16578 = ADVANCED_FACE('',(#16579),#16590,.F.);
#16579 = FACE_BOUND('',#16580,.T.);
#16580 = EDGE_LOOP('',(#16581,#16582,#16588,#16589));
#16581 = ORIENTED_EDGE('',*,*,#11069,.T.);
#16582 = ORIENTED_EDGE('',*,*,#16583,.T.);
#16583 = EDGE_CURVE('',#11070,#13529,#16584,.T.);
#16584 = LINE('',#16585,#16586);
#16585 = CARTESIAN_POINT('',(197.975,-92.3509,-4.6E-02));
#16586 = VECTOR('',#16587,1.);
#16587 = DIRECTION('',(0.,0.,1.));
#16588 = ORIENTED_EDGE('',*,*,#13528,.F.);
#16589 = ORIENTED_EDGE('',*,*,#16583,.F.);
#16590 = CYLINDRICAL_SURFACE('',#16591,0.8509);
#16591 = AXIS2_PLACEMENT_3D('',#16592,#16593,#16594);
#16592 = CARTESIAN_POINT('',(197.975,-91.5,-4.6E-02));
#16593 = DIRECTION('',(-0.,-0.,-1.));
#16594 = DIRECTION('',(-0.,-1.,0.));
#16595 = ADVANCED_FACE('',(#16596),#16607,.F.);
#16596 = FACE_BOUND('',#16597,.T.);
#16597 = EDGE_LOOP('',(#16598,#16599,#16605,#16606));
#16598 = ORIENTED_EDGE('',*,*,#11080,.T.);
#16599 = ORIENTED_EDGE('',*,*,#16600,.T.);
#16600 = EDGE_CURVE('',#11081,#13540,#16601,.T.);
#16601 = LINE('',#16602,#16603);
#16602 = CARTESIAN_POINT('',(179.72,-87.7953,-4.6E-02));
#16603 = VECTOR('',#16604,1.);
#16604 = DIRECTION('',(0.,0.,1.));
#16605 = ORIENTED_EDGE('',*,*,#13539,.F.);
#16606 = ORIENTED_EDGE('',*,*,#16600,.F.);
#16607 = CYLINDRICAL_SURFACE('',#16608,0.4953);
#16608 = AXIS2_PLACEMENT_3D('',#16609,#16610,#16611);
#16609 = CARTESIAN_POINT('',(179.72,-87.3,-4.6E-02));
#16610 = DIRECTION('',(-0.,-0.,-1.));
#16611 = DIRECTION('',(-5.738281734385E-14,-1.,0.));
#16612 = ADVANCED_FACE('',(#16613),#16624,.F.);
#16613 = FACE_BOUND('',#16614,.T.);
#16614 = EDGE_LOOP('',(#16615,#16616,#16622,#16623));
#16615 = ORIENTED_EDGE('',*,*,#11091,.T.);
#16616 = ORIENTED_EDGE('',*,*,#16617,.T.);
#16617 = EDGE_CURVE('',#11092,#13551,#16618,.T.);
#16618 = LINE('',#16619,#16620);
#16619 = CARTESIAN_POINT('',(197.695,-87.7953,-4.6E-02));
#16620 = VECTOR('',#16621,1.);
#16621 = DIRECTION('',(0.,0.,1.));
#16622 = ORIENTED_EDGE('',*,*,#13550,.F.);
#16623 = ORIENTED_EDGE('',*,*,#16617,.F.);
#16624 = CYLINDRICAL_SURFACE('',#16625,0.4953);
#16625 = AXIS2_PLACEMENT_3D('',#16626,#16627,#16628);
#16626 = CARTESIAN_POINT('',(197.695,-87.3,-4.6E-02));
#16627 = DIRECTION('',(-0.,-0.,-1.));
#16628 = DIRECTION('',(-0.,-1.,0.));
#16629 = ADVANCED_FACE('',(#16630),#16641,.F.);
#16630 = FACE_BOUND('',#16631,.T.);
#16631 = EDGE_LOOP('',(#16632,#16633,#16639,#16640));
#16632 = ORIENTED_EDGE('',*,*,#11102,.T.);
#16633 = ORIENTED_EDGE('',*,*,#16634,.T.);
#16634 = EDGE_CURVE('',#11103,#13562,#16635,.T.);
#16635 = LINE('',#16636,#16637);
#16636 = CARTESIAN_POINT('',(30.5,-81.95,-4.6E-02));
#16637 = VECTOR('',#16638,1.);
#16638 = DIRECTION('',(0.,0.,1.));
#16639 = ORIENTED_EDGE('',*,*,#13561,.F.);
#16640 = ORIENTED_EDGE('',*,*,#16634,.F.);
#16641 = CYLINDRICAL_SURFACE('',#16642,1.5);
#16642 = AXIS2_PLACEMENT_3D('',#16643,#16644,#16645);
#16643 = CARTESIAN_POINT('',(30.5,-80.45,-4.6E-02));
#16644 = DIRECTION('',(-0.,-0.,-1.));
#16645 = DIRECTION('',(-0.,-1.,0.));
#16646 = ADVANCED_FACE('',(#16647),#16658,.F.);
#16647 = FACE_BOUND('',#16648,.T.);
#16648 = EDGE_LOOP('',(#16649,#16650,#16656,#16657));
#16649 = ORIENTED_EDGE('',*,*,#11113,.T.);
#16650 = ORIENTED_EDGE('',*,*,#16651,.T.);
#16651 = EDGE_CURVE('',#11114,#13573,#16652,.T.);
#16652 = LINE('',#16653,#16654);
#16653 = CARTESIAN_POINT('',(25.5,-79.75,-4.6E-02));
#16654 = VECTOR('',#16655,1.);
#16655 = DIRECTION('',(0.,0.,1.));
#16656 = ORIENTED_EDGE('',*,*,#13572,.F.);
#16657 = ORIENTED_EDGE('',*,*,#16651,.F.);
#16658 = CYLINDRICAL_SURFACE('',#16659,1.5);
#16659 = AXIS2_PLACEMENT_3D('',#16660,#16661,#16662);
#16660 = CARTESIAN_POINT('',(25.5,-78.25,-4.6E-02));
#16661 = DIRECTION('',(-0.,-0.,-1.));
#16662 = DIRECTION('',(-0.,-1.,0.));
#16663 = ADVANCED_FACE('',(#16664),#16675,.F.);
#16664 = FACE_BOUND('',#16665,.T.);
#16665 = EDGE_LOOP('',(#16666,#16667,#16673,#16674));
#16666 = ORIENTED_EDGE('',*,*,#11124,.T.);
#16667 = ORIENTED_EDGE('',*,*,#16668,.T.);
#16668 = EDGE_CURVE('',#11125,#13584,#16669,.T.);
#16669 = LINE('',#16670,#16671);
#16670 = CARTESIAN_POINT('',(43.5,-79.75,-4.6E-02));
#16671 = VECTOR('',#16672,1.);
#16672 = DIRECTION('',(0.,0.,1.));
#16673 = ORIENTED_EDGE('',*,*,#13583,.F.);
#16674 = ORIENTED_EDGE('',*,*,#16668,.F.);
#16675 = CYLINDRICAL_SURFACE('',#16676,1.5);
#16676 = AXIS2_PLACEMENT_3D('',#16677,#16678,#16679);
#16677 = CARTESIAN_POINT('',(43.5,-78.25,-4.6E-02));
#16678 = DIRECTION('',(-0.,-0.,-1.));
#16679 = DIRECTION('',(-0.,-1.,0.));
#16680 = ADVANCED_FACE('',(#16681),#16692,.F.);
#16681 = FACE_BOUND('',#16682,.T.);
#16682 = EDGE_LOOP('',(#16683,#16684,#16690,#16691));
#16683 = ORIENTED_EDGE('',*,*,#11135,.T.);
#16684 = ORIENTED_EDGE('',*,*,#16685,.T.);
#16685 = EDGE_CURVE('',#11136,#13595,#16686,.T.);
#16686 = LINE('',#16687,#16688);
#16687 = CARTESIAN_POINT('',(48.5,-81.95,-4.6E-02));
#16688 = VECTOR('',#16689,1.);
#16689 = DIRECTION('',(0.,0.,1.));
#16690 = ORIENTED_EDGE('',*,*,#13594,.F.);
#16691 = ORIENTED_EDGE('',*,*,#16685,.F.);
#16692 = CYLINDRICAL_SURFACE('',#16693,1.5);
#16693 = AXIS2_PLACEMENT_3D('',#16694,#16695,#16696);
#16694 = CARTESIAN_POINT('',(48.5,-80.45,-4.6E-02));
#16695 = DIRECTION('',(-0.,-0.,-1.));
#16696 = DIRECTION('',(-0.,-1.,0.));
#16697 = ADVANCED_FACE('',(#16698),#16709,.F.);
#16698 = FACE_BOUND('',#16699,.T.);
#16699 = EDGE_LOOP('',(#16700,#16701,#16707,#16708));
#16700 = ORIENTED_EDGE('',*,*,#11146,.T.);
#16701 = ORIENTED_EDGE('',*,*,#16702,.T.);
#16702 = EDGE_CURVE('',#11147,#13606,#16703,.T.);
#16703 = LINE('',#16704,#16705);
#16704 = CARTESIAN_POINT('',(66.5,-81.95,-4.6E-02));
#16705 = VECTOR('',#16706,1.);
#16706 = DIRECTION('',(0.,0.,1.));
#16707 = ORIENTED_EDGE('',*,*,#13605,.F.);
#16708 = ORIENTED_EDGE('',*,*,#16702,.F.);
#16709 = CYLINDRICAL_SURFACE('',#16710,1.5);
#16710 = AXIS2_PLACEMENT_3D('',#16711,#16712,#16713);
#16711 = CARTESIAN_POINT('',(66.5,-80.45,-4.6E-02));
#16712 = DIRECTION('',(-0.,-0.,-1.));
#16713 = DIRECTION('',(-0.,-1.,0.));
#16714 = ADVANCED_FACE('',(#16715),#16726,.F.);
#16715 = FACE_BOUND('',#16716,.T.);
#16716 = EDGE_LOOP('',(#16717,#16718,#16724,#16725));
#16717 = ORIENTED_EDGE('',*,*,#11157,.T.);
#16718 = ORIENTED_EDGE('',*,*,#16719,.T.);
#16719 = EDGE_CURVE('',#11158,#13617,#16720,.T.);
#16720 = LINE('',#16721,#16722);
#16721 = CARTESIAN_POINT('',(61.5,-79.75,-4.6E-02));
#16722 = VECTOR('',#16723,1.);
#16723 = DIRECTION('',(0.,0.,1.));
#16724 = ORIENTED_EDGE('',*,*,#13616,.F.);
#16725 = ORIENTED_EDGE('',*,*,#16719,.F.);
#16726 = CYLINDRICAL_SURFACE('',#16727,1.5);
#16727 = AXIS2_PLACEMENT_3D('',#16728,#16729,#16730);
#16728 = CARTESIAN_POINT('',(61.5,-78.25,-4.6E-02));
#16729 = DIRECTION('',(-0.,-0.,-1.));
#16730 = DIRECTION('',(-0.,-1.,0.));
#16731 = ADVANCED_FACE('',(#16732),#16743,.F.);
#16732 = FACE_BOUND('',#16733,.T.);
#16733 = EDGE_LOOP('',(#16734,#16735,#16741,#16742));
#16734 = ORIENTED_EDGE('',*,*,#11168,.T.);
#16735 = ORIENTED_EDGE('',*,*,#16736,.T.);
#16736 = EDGE_CURVE('',#11169,#13628,#16737,.T.);
#16737 = LINE('',#16738,#16739);
#16738 = CARTESIAN_POINT('',(25.,-75.3509,-4.6E-02));
#16739 = VECTOR('',#16740,1.);
#16740 = DIRECTION('',(0.,0.,1.));
#16741 = ORIENTED_EDGE('',*,*,#13627,.F.);
#16742 = ORIENTED_EDGE('',*,*,#16736,.F.);
#16743 = CYLINDRICAL_SURFACE('',#16744,0.8509);
#16744 = AXIS2_PLACEMENT_3D('',#16745,#16746,#16747);
#16745 = CARTESIAN_POINT('',(25.,-74.5,-4.6E-02));
#16746 = DIRECTION('',(-0.,-0.,-1.));
#16747 = DIRECTION('',(-0.,-1.,0.));
#16748 = ADVANCED_FACE('',(#16749),#16760,.F.);
#16749 = FACE_BOUND('',#16750,.T.);
#16750 = EDGE_LOOP('',(#16751,#16752,#16758,#16759));
#16751 = ORIENTED_EDGE('',*,*,#11179,.T.);
#16752 = ORIENTED_EDGE('',*,*,#16753,.T.);
#16753 = EDGE_CURVE('',#11180,#13639,#16754,.T.);
#16754 = LINE('',#16755,#16756);
#16755 = CARTESIAN_POINT('',(30.5,-76.2145,-4.6E-02));
#16756 = VECTOR('',#16757,1.);
#16757 = DIRECTION('',(0.,0.,1.));
#16758 = ORIENTED_EDGE('',*,*,#13638,.F.);
#16759 = ORIENTED_EDGE('',*,*,#16753,.F.);
#16760 = CYLINDRICAL_SURFACE('',#16761,1.7145);
#16761 = AXIS2_PLACEMENT_3D('',#16762,#16763,#16764);
#16762 = CARTESIAN_POINT('',(30.5,-74.5,-4.6E-02));
#16763 = DIRECTION('',(-0.,-0.,-1.));
#16764 = DIRECTION('',(-0.,-1.,0.));
#16765 = ADVANCED_FACE('',(#16766),#16777,.F.);
#16766 = FACE_BOUND('',#16767,.T.);
#16767 = EDGE_LOOP('',(#16768,#16769,#16775,#16776));
#16768 = ORIENTED_EDGE('',*,*,#11190,.T.);
#16769 = ORIENTED_EDGE('',*,*,#16770,.T.);
#16770 = EDGE_CURVE('',#11191,#13650,#16771,.T.);
#16771 = LINE('',#16772,#16773);
#16772 = CARTESIAN_POINT('',(36.,-75.3509,-4.6E-02));
#16773 = VECTOR('',#16774,1.);
#16774 = DIRECTION('',(0.,0.,1.));
#16775 = ORIENTED_EDGE('',*,*,#13649,.F.);
#16776 = ORIENTED_EDGE('',*,*,#16770,.F.);
#16777 = CYLINDRICAL_SURFACE('',#16778,0.8509);
#16778 = AXIS2_PLACEMENT_3D('',#16779,#16780,#16781);
#16779 = CARTESIAN_POINT('',(36.,-74.5,-4.6E-02));
#16780 = DIRECTION('',(-0.,-0.,-1.));
#16781 = DIRECTION('',(-0.,-1.,0.));
#16782 = ADVANCED_FACE('',(#16783),#16794,.F.);
#16783 = FACE_BOUND('',#16784,.T.);
#16784 = EDGE_LOOP('',(#16785,#16786,#16792,#16793));
#16785 = ORIENTED_EDGE('',*,*,#11201,.T.);
#16786 = ORIENTED_EDGE('',*,*,#16787,.T.);
#16787 = EDGE_CURVE('',#11202,#13661,#16788,.T.);
#16788 = LINE('',#16789,#16790);
#16789 = CARTESIAN_POINT('',(43.,-75.3509,-4.6E-02));
#16790 = VECTOR('',#16791,1.);
#16791 = DIRECTION('',(0.,0.,1.));
#16792 = ORIENTED_EDGE('',*,*,#13660,.F.);
#16793 = ORIENTED_EDGE('',*,*,#16787,.F.);
#16794 = CYLINDRICAL_SURFACE('',#16795,0.8509);
#16795 = AXIS2_PLACEMENT_3D('',#16796,#16797,#16798);
#16796 = CARTESIAN_POINT('',(43.,-74.5,-4.6E-02));
#16797 = DIRECTION('',(-0.,-0.,-1.));
#16798 = DIRECTION('',(-0.,-1.,0.));
#16799 = ADVANCED_FACE('',(#16800),#16811,.F.);
#16800 = FACE_BOUND('',#16801,.T.);
#16801 = EDGE_LOOP('',(#16802,#16803,#16809,#16810));
#16802 = ORIENTED_EDGE('',*,*,#11212,.T.);
#16803 = ORIENTED_EDGE('',*,*,#16804,.T.);
#16804 = EDGE_CURVE('',#11213,#13672,#16805,.T.);
#16805 = LINE('',#16806,#16807);
#16806 = CARTESIAN_POINT('',(35.72,-70.7953,-4.6E-02));
#16807 = VECTOR('',#16808,1.);
#16808 = DIRECTION('',(0.,0.,1.));
#16809 = ORIENTED_EDGE('',*,*,#13671,.F.);
#16810 = ORIENTED_EDGE('',*,*,#16804,.F.);
#16811 = CYLINDRICAL_SURFACE('',#16812,0.4953);
#16812 = AXIS2_PLACEMENT_3D('',#16813,#16814,#16815);
#16813 = CARTESIAN_POINT('',(35.72,-70.3,-4.6E-02));
#16814 = DIRECTION('',(-0.,-0.,-1.));
#16815 = DIRECTION('',(-0.,-1.,0.));
#16816 = ADVANCED_FACE('',(#16817),#16828,.F.);
#16817 = FACE_BOUND('',#16818,.T.);
#16818 = EDGE_LOOP('',(#16819,#16820,#16826,#16827));
#16819 = ORIENTED_EDGE('',*,*,#11223,.T.);
#16820 = ORIENTED_EDGE('',*,*,#16821,.T.);
#16821 = EDGE_CURVE('',#11224,#13683,#16822,.T.);
#16822 = LINE('',#16823,#16824);
#16823 = CARTESIAN_POINT('',(48.5,-76.2145,-4.6E-02));
#16824 = VECTOR('',#16825,1.);
#16825 = DIRECTION('',(0.,0.,1.));
#16826 = ORIENTED_EDGE('',*,*,#13682,.F.);
#16827 = ORIENTED_EDGE('',*,*,#16821,.F.);
#16828 = CYLINDRICAL_SURFACE('',#16829,1.7145);
#16829 = AXIS2_PLACEMENT_3D('',#16830,#16831,#16832);
#16830 = CARTESIAN_POINT('',(48.5,-74.5,-4.6E-02));
#16831 = DIRECTION('',(-0.,-0.,-1.));
#16832 = DIRECTION('',(-0.,-1.,0.));
#16833 = ADVANCED_FACE('',(#16834),#16845,.F.);
#16834 = FACE_BOUND('',#16835,.T.);
#16835 = EDGE_LOOP('',(#16836,#16837,#16843,#16844));
#16836 = ORIENTED_EDGE('',*,*,#11234,.T.);
#16837 = ORIENTED_EDGE('',*,*,#16838,.T.);
#16838 = EDGE_CURVE('',#11235,#13694,#16839,.T.);
#16839 = LINE('',#16840,#16841);
#16840 = CARTESIAN_POINT('',(54.,-75.3509,-4.6E-02));
#16841 = VECTOR('',#16842,1.);
#16842 = DIRECTION('',(0.,0.,1.));
#16843 = ORIENTED_EDGE('',*,*,#13693,.F.);
#16844 = ORIENTED_EDGE('',*,*,#16838,.F.);
#16845 = CYLINDRICAL_SURFACE('',#16846,0.8509);
#16846 = AXIS2_PLACEMENT_3D('',#16847,#16848,#16849);
#16847 = CARTESIAN_POINT('',(54.,-74.5,-4.6E-02));
#16848 = DIRECTION('',(-0.,-0.,-1.));
#16849 = DIRECTION('',(-0.,-1.,0.));
#16850 = ADVANCED_FACE('',(#16851),#16862,.F.);
#16851 = FACE_BOUND('',#16852,.T.);
#16852 = EDGE_LOOP('',(#16853,#16854,#16860,#16861));
#16853 = ORIENTED_EDGE('',*,*,#11245,.T.);
#16854 = ORIENTED_EDGE('',*,*,#16855,.T.);
#16855 = EDGE_CURVE('',#11246,#13705,#16856,.T.);
#16856 = LINE('',#16857,#16858);
#16857 = CARTESIAN_POINT('',(61.,-75.3509,-4.6E-02));
#16858 = VECTOR('',#16859,1.);
#16859 = DIRECTION('',(0.,0.,1.));
#16860 = ORIENTED_EDGE('',*,*,#13704,.F.);
#16861 = ORIENTED_EDGE('',*,*,#16855,.F.);
#16862 = CYLINDRICAL_SURFACE('',#16863,0.8509);
#16863 = AXIS2_PLACEMENT_3D('',#16864,#16865,#16866);
#16864 = CARTESIAN_POINT('',(61.,-74.5,-4.6E-02));
#16865 = DIRECTION('',(-0.,-0.,-1.));
#16866 = DIRECTION('',(-0.,-1.,0.));
#16867 = ADVANCED_FACE('',(#16868),#16879,.F.);
#16868 = FACE_BOUND('',#16869,.T.);
#16869 = EDGE_LOOP('',(#16870,#16871,#16877,#16878));
#16870 = ORIENTED_EDGE('',*,*,#11256,.T.);
#16871 = ORIENTED_EDGE('',*,*,#16872,.T.);
#16872 = EDGE_CURVE('',#11257,#13716,#16873,.T.);
#16873 = LINE('',#16874,#16875);
#16874 = CARTESIAN_POINT('',(66.5,-76.2145,-4.6E-02));
#16875 = VECTOR('',#16876,1.);
#16876 = DIRECTION('',(0.,0.,1.));
#16877 = ORIENTED_EDGE('',*,*,#13715,.F.);
#16878 = ORIENTED_EDGE('',*,*,#16872,.F.);
#16879 = CYLINDRICAL_SURFACE('',#16880,1.7145);
#16880 = AXIS2_PLACEMENT_3D('',#16881,#16882,#16883);
#16881 = CARTESIAN_POINT('',(66.5,-74.5,-4.6E-02));
#16882 = DIRECTION('',(-0.,-0.,-1.));
#16883 = DIRECTION('',(-0.,-1.,0.));
#16884 = ADVANCED_FACE('',(#16885),#16896,.F.);
#16885 = FACE_BOUND('',#16886,.T.);
#16886 = EDGE_LOOP('',(#16887,#16888,#16894,#16895));
#16887 = ORIENTED_EDGE('',*,*,#11267,.T.);
#16888 = ORIENTED_EDGE('',*,*,#16889,.T.);
#16889 = EDGE_CURVE('',#11268,#13727,#16890,.T.);
#16890 = LINE('',#16891,#16892);
#16891 = CARTESIAN_POINT('',(53.72,-70.7953,-4.6E-02));
#16892 = VECTOR('',#16893,1.);
#16893 = DIRECTION('',(0.,0.,1.));
#16894 = ORIENTED_EDGE('',*,*,#13726,.F.);
#16895 = ORIENTED_EDGE('',*,*,#16889,.F.);
#16896 = CYLINDRICAL_SURFACE('',#16897,0.4953);
#16897 = AXIS2_PLACEMENT_3D('',#16898,#16899,#16900);
#16898 = CARTESIAN_POINT('',(53.72,-70.3,-4.6E-02));
#16899 = DIRECTION('',(-0.,-0.,-1.));
#16900 = DIRECTION('',(-0.,-1.,0.));
#16901 = ADVANCED_FACE('',(#16902),#16913,.F.);
#16902 = FACE_BOUND('',#16903,.T.);
#16903 = EDGE_LOOP('',(#16904,#16905,#16911,#16912));
#16904 = ORIENTED_EDGE('',*,*,#11278,.T.);
#16905 = ORIENTED_EDGE('',*,*,#16906,.T.);
#16906 = EDGE_CURVE('',#11279,#13738,#16907,.T.);
#16907 = LINE('',#16908,#16909);
#16908 = CARTESIAN_POINT('',(84.5,-81.95,-4.6E-02));
#16909 = VECTOR('',#16910,1.);
#16910 = DIRECTION('',(0.,0.,1.));
#16911 = ORIENTED_EDGE('',*,*,#13737,.F.);
#16912 = ORIENTED_EDGE('',*,*,#16906,.F.);
#16913 = CYLINDRICAL_SURFACE('',#16914,1.5);
#16914 = AXIS2_PLACEMENT_3D('',#16915,#16916,#16917);
#16915 = CARTESIAN_POINT('',(84.5,-80.45,-4.6E-02));
#16916 = DIRECTION('',(-0.,-0.,-1.));
#16917 = DIRECTION('',(-0.,-1.,0.));
#16918 = ADVANCED_FACE('',(#16919),#16930,.F.);
#16919 = FACE_BOUND('',#16920,.T.);
#16920 = EDGE_LOOP('',(#16921,#16922,#16928,#16929));
#16921 = ORIENTED_EDGE('',*,*,#11289,.T.);
#16922 = ORIENTED_EDGE('',*,*,#16923,.T.);
#16923 = EDGE_CURVE('',#11290,#13749,#16924,.T.);
#16924 = LINE('',#16925,#16926);
#16925 = CARTESIAN_POINT('',(79.5,-79.75,-4.6E-02));
#16926 = VECTOR('',#16927,1.);
#16927 = DIRECTION('',(0.,0.,1.));
#16928 = ORIENTED_EDGE('',*,*,#13748,.F.);
#16929 = ORIENTED_EDGE('',*,*,#16923,.F.);
#16930 = CYLINDRICAL_SURFACE('',#16931,1.5);
#16931 = AXIS2_PLACEMENT_3D('',#16932,#16933,#16934);
#16932 = CARTESIAN_POINT('',(79.5,-78.25,-4.6E-02));
#16933 = DIRECTION('',(-0.,-0.,-1.));
#16934 = DIRECTION('',(-0.,-1.,0.));
#16935 = ADVANCED_FACE('',(#16936),#16947,.F.);
#16936 = FACE_BOUND('',#16937,.T.);
#16937 = EDGE_LOOP('',(#16938,#16939,#16945,#16946));
#16938 = ORIENTED_EDGE('',*,*,#11300,.T.);
#16939 = ORIENTED_EDGE('',*,*,#16940,.T.);
#16940 = EDGE_CURVE('',#11301,#13760,#16941,.T.);
#16941 = LINE('',#16942,#16943);
#16942 = CARTESIAN_POINT('',(97.5,-79.75,-4.6E-02));
#16943 = VECTOR('',#16944,1.);
#16944 = DIRECTION('',(0.,0.,1.));
#16945 = ORIENTED_EDGE('',*,*,#13759,.F.);
#16946 = ORIENTED_EDGE('',*,*,#16940,.F.);
#16947 = CYLINDRICAL_SURFACE('',#16948,1.5);
#16948 = AXIS2_PLACEMENT_3D('',#16949,#16950,#16951);
#16949 = CARTESIAN_POINT('',(97.5,-78.25,-4.6E-02));
#16950 = DIRECTION('',(-0.,-0.,-1.));
#16951 = DIRECTION('',(-0.,-1.,0.));
#16952 = ADVANCED_FACE('',(#16953),#16964,.F.);
#16953 = FACE_BOUND('',#16954,.T.);
#16954 = EDGE_LOOP('',(#16955,#16956,#16962,#16963));
#16955 = ORIENTED_EDGE('',*,*,#11311,.T.);
#16956 = ORIENTED_EDGE('',*,*,#16957,.T.);
#16957 = EDGE_CURVE('',#11312,#13771,#16958,.T.);
#16958 = LINE('',#16959,#16960);
#16959 = CARTESIAN_POINT('',(102.5,-81.95,-4.6E-02));
#16960 = VECTOR('',#16961,1.);
#16961 = DIRECTION('',(0.,0.,1.));
#16962 = ORIENTED_EDGE('',*,*,#13770,.F.);
#16963 = ORIENTED_EDGE('',*,*,#16957,.F.);
#16964 = CYLINDRICAL_SURFACE('',#16965,1.5);
#16965 = AXIS2_PLACEMENT_3D('',#16966,#16967,#16968);
#16966 = CARTESIAN_POINT('',(102.5,-80.45,-4.6E-02));
#16967 = DIRECTION('',(-0.,-0.,-1.));
#16968 = DIRECTION('',(-0.,-1.,0.));
#16969 = ADVANCED_FACE('',(#16970),#16981,.F.);
#16970 = FACE_BOUND('',#16971,.T.);
#16971 = EDGE_LOOP('',(#16972,#16973,#16979,#16980));
#16972 = ORIENTED_EDGE('',*,*,#11322,.T.);
#16973 = ORIENTED_EDGE('',*,*,#16974,.T.);
#16974 = EDGE_CURVE('',#11323,#13782,#16975,.T.);
#16975 = LINE('',#16976,#16977);
#16976 = CARTESIAN_POINT('',(72.,-75.3509,-4.6E-02));
#16977 = VECTOR('',#16978,1.);
#16978 = DIRECTION('',(0.,0.,1.));
#16979 = ORIENTED_EDGE('',*,*,#13781,.F.);
#16980 = ORIENTED_EDGE('',*,*,#16974,.F.);
#16981 = CYLINDRICAL_SURFACE('',#16982,0.8509);
#16982 = AXIS2_PLACEMENT_3D('',#16983,#16984,#16985);
#16983 = CARTESIAN_POINT('',(72.,-74.5,-4.6E-02));
#16984 = DIRECTION('',(-0.,-0.,-1.));
#16985 = DIRECTION('',(-0.,-1.,0.));
#16986 = ADVANCED_FACE('',(#16987),#16998,.F.);
#16987 = FACE_BOUND('',#16988,.T.);
#16988 = EDGE_LOOP('',(#16989,#16990,#16996,#16997));
#16989 = ORIENTED_EDGE('',*,*,#11333,.T.);
#16990 = ORIENTED_EDGE('',*,*,#16991,.T.);
#16991 = EDGE_CURVE('',#11334,#13793,#16992,.T.);
#16992 = LINE('',#16993,#16994);
#16993 = CARTESIAN_POINT('',(79.,-75.3509,-4.6E-02));
#16994 = VECTOR('',#16995,1.);
#16995 = DIRECTION('',(0.,0.,1.));
#16996 = ORIENTED_EDGE('',*,*,#13792,.F.);
#16997 = ORIENTED_EDGE('',*,*,#16991,.F.);
#16998 = CYLINDRICAL_SURFACE('',#16999,0.8509);
#16999 = AXIS2_PLACEMENT_3D('',#17000,#17001,#17002);
#17000 = CARTESIAN_POINT('',(79.,-74.5,-4.6E-02));
#17001 = DIRECTION('',(-0.,-0.,-1.));
#17002 = DIRECTION('',(-0.,-1.,0.));
#17003 = ADVANCED_FACE('',(#17004),#17015,.F.);
#17004 = FACE_BOUND('',#17005,.T.);
#17005 = EDGE_LOOP('',(#17006,#17007,#17013,#17014));
#17006 = ORIENTED_EDGE('',*,*,#11344,.T.);
#17007 = ORIENTED_EDGE('',*,*,#17008,.T.);
#17008 = EDGE_CURVE('',#11345,#13804,#17009,.T.);
#17009 = LINE('',#17010,#17011);
#17010 = CARTESIAN_POINT('',(84.5,-76.2145,-4.6E-02));
#17011 = VECTOR('',#17012,1.);
#17012 = DIRECTION('',(0.,0.,1.));
#17013 = ORIENTED_EDGE('',*,*,#13803,.F.);
#17014 = ORIENTED_EDGE('',*,*,#17008,.F.);
#17015 = CYLINDRICAL_SURFACE('',#17016,1.7145);
#17016 = AXIS2_PLACEMENT_3D('',#17017,#17018,#17019);
#17017 = CARTESIAN_POINT('',(84.5,-74.5,-4.6E-02));
#17018 = DIRECTION('',(-0.,-0.,-1.));
#17019 = DIRECTION('',(-0.,-1.,0.));
#17020 = ADVANCED_FACE('',(#17021),#17032,.F.);
#17021 = FACE_BOUND('',#17022,.T.);
#17022 = EDGE_LOOP('',(#17023,#17024,#17030,#17031));
#17023 = ORIENTED_EDGE('',*,*,#11355,.T.);
#17024 = ORIENTED_EDGE('',*,*,#17025,.T.);
#17025 = EDGE_CURVE('',#11356,#13815,#17026,.T.);
#17026 = LINE('',#17027,#17028);
#17027 = CARTESIAN_POINT('',(71.72,-70.7953,-4.6E-02));
#17028 = VECTOR('',#17029,1.);
#17029 = DIRECTION('',(0.,0.,1.));
#17030 = ORIENTED_EDGE('',*,*,#13814,.F.);
#17031 = ORIENTED_EDGE('',*,*,#17025,.F.);
#17032 = CYLINDRICAL_SURFACE('',#17033,0.4953);
#17033 = AXIS2_PLACEMENT_3D('',#17034,#17035,#17036);
#17034 = CARTESIAN_POINT('',(71.72,-70.3,-4.6E-02));
#17035 = DIRECTION('',(-0.,-0.,-1.));
#17036 = DIRECTION('',(-0.,-1.,0.));
#17037 = ADVANCED_FACE('',(#17038),#17049,.F.);
#17038 = FACE_BOUND('',#17039,.T.);
#17039 = EDGE_LOOP('',(#17040,#17041,#17047,#17048));
#17040 = ORIENTED_EDGE('',*,*,#11366,.T.);
#17041 = ORIENTED_EDGE('',*,*,#17042,.T.);
#17042 = EDGE_CURVE('',#11367,#13826,#17043,.T.);
#17043 = LINE('',#17044,#17045);
#17044 = CARTESIAN_POINT('',(90.,-75.3509,-4.6E-02));
#17045 = VECTOR('',#17046,1.);
#17046 = DIRECTION('',(0.,0.,1.));
#17047 = ORIENTED_EDGE('',*,*,#13825,.F.);
#17048 = ORIENTED_EDGE('',*,*,#17042,.F.);
#17049 = CYLINDRICAL_SURFACE('',#17050,0.8509);
#17050 = AXIS2_PLACEMENT_3D('',#17051,#17052,#17053);
#17051 = CARTESIAN_POINT('',(90.,-74.5,-4.6E-02));
#17052 = DIRECTION('',(-0.,-0.,-1.));
#17053 = DIRECTION('',(-0.,-1.,0.));
#17054 = ADVANCED_FACE('',(#17055),#17066,.F.);
#17055 = FACE_BOUND('',#17056,.T.);
#17056 = EDGE_LOOP('',(#17057,#17058,#17064,#17065));
#17057 = ORIENTED_EDGE('',*,*,#11377,.T.);
#17058 = ORIENTED_EDGE('',*,*,#17059,.T.);
#17059 = EDGE_CURVE('',#11378,#13837,#17060,.T.);
#17060 = LINE('',#17061,#17062);
#17061 = CARTESIAN_POINT('',(97.,-75.3509,-4.6E-02));
#17062 = VECTOR('',#17063,1.);
#17063 = DIRECTION('',(0.,0.,1.));
#17064 = ORIENTED_EDGE('',*,*,#13836,.F.);
#17065 = ORIENTED_EDGE('',*,*,#17059,.F.);
#17066 = CYLINDRICAL_SURFACE('',#17067,0.8509);
#17067 = AXIS2_PLACEMENT_3D('',#17068,#17069,#17070);
#17068 = CARTESIAN_POINT('',(97.,-74.5,-4.6E-02));
#17069 = DIRECTION('',(-0.,-0.,-1.));
#17070 = DIRECTION('',(-0.,-1.,0.));
#17071 = ADVANCED_FACE('',(#17072),#17083,.F.);
#17072 = FACE_BOUND('',#17073,.T.);
#17073 = EDGE_LOOP('',(#17074,#17075,#17081,#17082));
#17074 = ORIENTED_EDGE('',*,*,#11388,.T.);
#17075 = ORIENTED_EDGE('',*,*,#17076,.T.);
#17076 = EDGE_CURVE('',#11389,#13848,#17077,.T.);
#17077 = LINE('',#17078,#17079);
#17078 = CARTESIAN_POINT('',(102.5,-76.2145,-4.6E-02));
#17079 = VECTOR('',#17080,1.);
#17080 = DIRECTION('',(0.,0.,1.));
#17081 = ORIENTED_EDGE('',*,*,#13847,.F.);
#17082 = ORIENTED_EDGE('',*,*,#17076,.F.);
#17083 = CYLINDRICAL_SURFACE('',#17084,1.7145);
#17084 = AXIS2_PLACEMENT_3D('',#17085,#17086,#17087);
#17085 = CARTESIAN_POINT('',(102.5,-74.5,-4.6E-02));
#17086 = DIRECTION('',(-0.,-0.,-1.));
#17087 = DIRECTION('',(-0.,-1.,0.));
#17088 = ADVANCED_FACE('',(#17089),#17100,.F.);
#17089 = FACE_BOUND('',#17090,.T.);
#17090 = EDGE_LOOP('',(#17091,#17092,#17098,#17099));
#17091 = ORIENTED_EDGE('',*,*,#11399,.T.);
#17092 = ORIENTED_EDGE('',*,*,#17093,.T.);
#17093 = EDGE_CURVE('',#11400,#13859,#17094,.T.);
#17094 = LINE('',#17095,#17096);
#17095 = CARTESIAN_POINT('',(108.,-75.3509,-4.6E-02));
#17096 = VECTOR('',#17097,1.);
#17097 = DIRECTION('',(0.,0.,1.));
#17098 = ORIENTED_EDGE('',*,*,#13858,.F.);
#17099 = ORIENTED_EDGE('',*,*,#17093,.F.);
#17100 = CYLINDRICAL_SURFACE('',#17101,0.8509);
#17101 = AXIS2_PLACEMENT_3D('',#17102,#17103,#17104);
#17102 = CARTESIAN_POINT('',(108.,-74.5,-4.6E-02));
#17103 = DIRECTION('',(-0.,-0.,-1.));
#17104 = DIRECTION('',(-0.,-1.,0.));
#17105 = ADVANCED_FACE('',(#17106),#17117,.F.);
#17106 = FACE_BOUND('',#17107,.T.);
#17107 = EDGE_LOOP('',(#17108,#17109,#17115,#17116));
#17108 = ORIENTED_EDGE('',*,*,#11410,.T.);
#17109 = ORIENTED_EDGE('',*,*,#17110,.T.);
#17110 = EDGE_CURVE('',#11411,#13870,#17111,.T.);
#17111 = LINE('',#17112,#17113);
#17112 = CARTESIAN_POINT('',(89.72,-70.7953,-4.6E-02));
#17113 = VECTOR('',#17114,1.);
#17114 = DIRECTION('',(0.,0.,1.));
#17115 = ORIENTED_EDGE('',*,*,#13869,.F.);
#17116 = ORIENTED_EDGE('',*,*,#17110,.F.);
#17117 = CYLINDRICAL_SURFACE('',#17118,0.4953);
#17118 = AXIS2_PLACEMENT_3D('',#17119,#17120,#17121);
#17119 = CARTESIAN_POINT('',(89.72,-70.3,-4.6E-02));
#17120 = DIRECTION('',(-0.,-0.,-1.));
#17121 = DIRECTION('',(-0.,-1.,0.));
#17122 = ADVANCED_FACE('',(#17123),#17134,.F.);
#17123 = FACE_BOUND('',#17124,.T.);
#17124 = EDGE_LOOP('',(#17125,#17126,#17132,#17133));
#17125 = ORIENTED_EDGE('',*,*,#11421,.T.);
#17126 = ORIENTED_EDGE('',*,*,#17127,.T.);
#17127 = EDGE_CURVE('',#11422,#13881,#17128,.T.);
#17128 = LINE('',#17129,#17130);
#17129 = CARTESIAN_POINT('',(107.72,-70.7953,-4.6E-02));
#17130 = VECTOR('',#17131,1.);
#17131 = DIRECTION('',(0.,0.,1.));
#17132 = ORIENTED_EDGE('',*,*,#13880,.F.);
#17133 = ORIENTED_EDGE('',*,*,#17127,.F.);
#17134 = CYLINDRICAL_SURFACE('',#17135,0.4953);
#17135 = AXIS2_PLACEMENT_3D('',#17136,#17137,#17138);
#17136 = CARTESIAN_POINT('',(107.72,-70.3,-4.6E-02));
#17137 = DIRECTION('',(-0.,-0.,-1.));
#17138 = DIRECTION('',(-0.,-1.,0.));
#17139 = ADVANCED_FACE('',(#17140),#17151,.F.);
#17140 = FACE_BOUND('',#17141,.T.);
#17141 = EDGE_LOOP('',(#17142,#17143,#17149,#17150));
#17142 = ORIENTED_EDGE('',*,*,#11432,.T.);
#17143 = ORIENTED_EDGE('',*,*,#17144,.T.);
#17144 = EDGE_CURVE('',#11433,#13892,#17145,.T.);
#17145 = LINE('',#17146,#17147);
#17146 = CARTESIAN_POINT('',(30.5,-64.95,-4.6E-02));
#17147 = VECTOR('',#17148,1.);
#17148 = DIRECTION('',(0.,0.,1.));
#17149 = ORIENTED_EDGE('',*,*,#13891,.F.);
#17150 = ORIENTED_EDGE('',*,*,#17144,.F.);
#17151 = CYLINDRICAL_SURFACE('',#17152,1.5);
#17152 = AXIS2_PLACEMENT_3D('',#17153,#17154,#17155);
#17153 = CARTESIAN_POINT('',(30.5,-63.45,-4.6E-02));
#17154 = DIRECTION('',(-0.,-0.,-1.));
#17155 = DIRECTION('',(-0.,-1.,0.));
#17156 = ADVANCED_FACE('',(#17157),#17168,.F.);
#17157 = FACE_BOUND('',#17158,.T.);
#17158 = EDGE_LOOP('',(#17159,#17160,#17166,#17167));
#17159 = ORIENTED_EDGE('',*,*,#11443,.T.);
#17160 = ORIENTED_EDGE('',*,*,#17161,.T.);
#17161 = EDGE_CURVE('',#11444,#13903,#17162,.T.);
#17162 = LINE('',#17163,#17164);
#17163 = CARTESIAN_POINT('',(25.5,-62.75,-4.6E-02));
#17164 = VECTOR('',#17165,1.);
#17165 = DIRECTION('',(0.,0.,1.));
#17166 = ORIENTED_EDGE('',*,*,#13902,.F.);
#17167 = ORIENTED_EDGE('',*,*,#17161,.F.);
#17168 = CYLINDRICAL_SURFACE('',#17169,1.5);
#17169 = AXIS2_PLACEMENT_3D('',#17170,#17171,#17172);
#17170 = CARTESIAN_POINT('',(25.5,-61.25,-4.6E-02));
#17171 = DIRECTION('',(-0.,-0.,-1.));
#17172 = DIRECTION('',(-0.,-1.,0.));
#17173 = ADVANCED_FACE('',(#17174),#17185,.F.);
#17174 = FACE_BOUND('',#17175,.T.);
#17175 = EDGE_LOOP('',(#17176,#17177,#17183,#17184));
#17176 = ORIENTED_EDGE('',*,*,#11454,.T.);
#17177 = ORIENTED_EDGE('',*,*,#17178,.T.);
#17178 = EDGE_CURVE('',#11455,#13914,#17179,.T.);
#17179 = LINE('',#17180,#17181);
#17180 = CARTESIAN_POINT('',(43.5,-62.75,-4.6E-02));
#17181 = VECTOR('',#17182,1.);
#17182 = DIRECTION('',(0.,0.,1.));
#17183 = ORIENTED_EDGE('',*,*,#13913,.F.);
#17184 = ORIENTED_EDGE('',*,*,#17178,.F.);
#17185 = CYLINDRICAL_SURFACE('',#17186,1.5);
#17186 = AXIS2_PLACEMENT_3D('',#17187,#17188,#17189);
#17187 = CARTESIAN_POINT('',(43.5,-61.25,-4.6E-02));
#17188 = DIRECTION('',(-0.,-0.,-1.));
#17189 = DIRECTION('',(-0.,-1.,0.));
#17190 = ADVANCED_FACE('',(#17191),#17202,.F.);
#17191 = FACE_BOUND('',#17192,.T.);
#17192 = EDGE_LOOP('',(#17193,#17194,#17200,#17201));
#17193 = ORIENTED_EDGE('',*,*,#11465,.T.);
#17194 = ORIENTED_EDGE('',*,*,#17195,.T.);
#17195 = EDGE_CURVE('',#11466,#13925,#17196,.T.);
#17196 = LINE('',#17197,#17198);
#17197 = CARTESIAN_POINT('',(48.5,-64.95,-4.6E-02));
#17198 = VECTOR('',#17199,1.);
#17199 = DIRECTION('',(0.,0.,1.));
#17200 = ORIENTED_EDGE('',*,*,#13924,.F.);
#17201 = ORIENTED_EDGE('',*,*,#17195,.F.);
#17202 = CYLINDRICAL_SURFACE('',#17203,1.5);
#17203 = AXIS2_PLACEMENT_3D('',#17204,#17205,#17206);
#17204 = CARTESIAN_POINT('',(48.5,-63.45,-4.6E-02));
#17205 = DIRECTION('',(-0.,-0.,-1.));
#17206 = DIRECTION('',(-0.,-1.,0.));
#17207 = ADVANCED_FACE('',(#17208),#17219,.F.);
#17208 = FACE_BOUND('',#17209,.T.);
#17209 = EDGE_LOOP('',(#17210,#17211,#17217,#17218));
#17210 = ORIENTED_EDGE('',*,*,#11476,.T.);
#17211 = ORIENTED_EDGE('',*,*,#17212,.T.);
#17212 = EDGE_CURVE('',#11477,#13936,#17213,.T.);
#17213 = LINE('',#17214,#17215);
#17214 = CARTESIAN_POINT('',(66.5,-64.95,-4.6E-02));
#17215 = VECTOR('',#17216,1.);
#17216 = DIRECTION('',(0.,0.,1.));
#17217 = ORIENTED_EDGE('',*,*,#13935,.F.);
#17218 = ORIENTED_EDGE('',*,*,#17212,.F.);
#17219 = CYLINDRICAL_SURFACE('',#17220,1.5);
#17220 = AXIS2_PLACEMENT_3D('',#17221,#17222,#17223);
#17221 = CARTESIAN_POINT('',(66.5,-63.45,-4.6E-02));
#17222 = DIRECTION('',(-0.,-0.,-1.));
#17223 = DIRECTION('',(-0.,-1.,0.));
#17224 = ADVANCED_FACE('',(#17225),#17236,.F.);
#17225 = FACE_BOUND('',#17226,.T.);
#17226 = EDGE_LOOP('',(#17227,#17228,#17234,#17235));
#17227 = ORIENTED_EDGE('',*,*,#11487,.T.);
#17228 = ORIENTED_EDGE('',*,*,#17229,.T.);
#17229 = EDGE_CURVE('',#11488,#13947,#17230,.T.);
#17230 = LINE('',#17231,#17232);
#17231 = CARTESIAN_POINT('',(61.5,-62.75,-4.6E-02));
#17232 = VECTOR('',#17233,1.);
#17233 = DIRECTION('',(0.,0.,1.));
#17234 = ORIENTED_EDGE('',*,*,#13946,.F.);
#17235 = ORIENTED_EDGE('',*,*,#17229,.F.);
#17236 = CYLINDRICAL_SURFACE('',#17237,1.5);
#17237 = AXIS2_PLACEMENT_3D('',#17238,#17239,#17240);
#17238 = CARTESIAN_POINT('',(61.5,-61.25,-4.6E-02));
#17239 = DIRECTION('',(-0.,-0.,-1.));
#17240 = DIRECTION('',(-0.,-1.,0.));
#17241 = ADVANCED_FACE('',(#17242),#17253,.F.);
#17242 = FACE_BOUND('',#17243,.T.);
#17243 = EDGE_LOOP('',(#17244,#17245,#17251,#17252));
#17244 = ORIENTED_EDGE('',*,*,#11498,.T.);
#17245 = ORIENTED_EDGE('',*,*,#17246,.T.);
#17246 = EDGE_CURVE('',#11499,#13958,#17247,.T.);
#17247 = LINE('',#17248,#17249);
#17248 = CARTESIAN_POINT('',(25.,-58.3509,-4.6E-02));
#17249 = VECTOR('',#17250,1.);
#17250 = DIRECTION('',(0.,0.,1.));
#17251 = ORIENTED_EDGE('',*,*,#13957,.F.);
#17252 = ORIENTED_EDGE('',*,*,#17246,.F.);
#17253 = CYLINDRICAL_SURFACE('',#17254,0.8509);
#17254 = AXIS2_PLACEMENT_3D('',#17255,#17256,#17257);
#17255 = CARTESIAN_POINT('',(25.,-57.5,-4.6E-02));
#17256 = DIRECTION('',(-0.,-0.,-1.));
#17257 = DIRECTION('',(-0.,-1.,0.));
#17258 = ADVANCED_FACE('',(#17259),#17270,.F.);
#17259 = FACE_BOUND('',#17260,.T.);
#17260 = EDGE_LOOP('',(#17261,#17262,#17268,#17269));
#17261 = ORIENTED_EDGE('',*,*,#11509,.T.);
#17262 = ORIENTED_EDGE('',*,*,#17263,.T.);
#17263 = EDGE_CURVE('',#11510,#13969,#17264,.T.);
#17264 = LINE('',#17265,#17266);
#17265 = CARTESIAN_POINT('',(30.5,-59.2145,-4.6E-02));
#17266 = VECTOR('',#17267,1.);
#17267 = DIRECTION('',(0.,0.,1.));
#17268 = ORIENTED_EDGE('',*,*,#13968,.F.);
#17269 = ORIENTED_EDGE('',*,*,#17263,.F.);
#17270 = CYLINDRICAL_SURFACE('',#17271,1.7145);
#17271 = AXIS2_PLACEMENT_3D('',#17272,#17273,#17274);
#17272 = CARTESIAN_POINT('',(30.5,-57.5,-4.6E-02));
#17273 = DIRECTION('',(-0.,-0.,-1.));
#17274 = DIRECTION('',(-0.,-1.,0.));
#17275 = ADVANCED_FACE('',(#17276),#17287,.F.);
#17276 = FACE_BOUND('',#17277,.T.);
#17277 = EDGE_LOOP('',(#17278,#17279,#17285,#17286));
#17278 = ORIENTED_EDGE('',*,*,#11520,.T.);
#17279 = ORIENTED_EDGE('',*,*,#17280,.T.);
#17280 = EDGE_CURVE('',#11521,#13980,#17281,.T.);
#17281 = LINE('',#17282,#17283);
#17282 = CARTESIAN_POINT('',(36.,-58.3509,-4.6E-02));
#17283 = VECTOR('',#17284,1.);
#17284 = DIRECTION('',(0.,0.,1.));
#17285 = ORIENTED_EDGE('',*,*,#13979,.F.);
#17286 = ORIENTED_EDGE('',*,*,#17280,.F.);
#17287 = CYLINDRICAL_SURFACE('',#17288,0.8509);
#17288 = AXIS2_PLACEMENT_3D('',#17289,#17290,#17291);
#17289 = CARTESIAN_POINT('',(36.,-57.5,-4.6E-02));
#17290 = DIRECTION('',(-0.,-0.,-1.));
#17291 = DIRECTION('',(-0.,-1.,0.));
#17292 = ADVANCED_FACE('',(#17293),#17304,.F.);
#17293 = FACE_BOUND('',#17294,.T.);
#17294 = EDGE_LOOP('',(#17295,#17296,#17302,#17303));
#17295 = ORIENTED_EDGE('',*,*,#11531,.T.);
#17296 = ORIENTED_EDGE('',*,*,#17297,.T.);
#17297 = EDGE_CURVE('',#11532,#13991,#17298,.T.);
#17298 = LINE('',#17299,#17300);
#17299 = CARTESIAN_POINT('',(43.,-58.3509,-4.6E-02));
#17300 = VECTOR('',#17301,1.);
#17301 = DIRECTION('',(0.,0.,1.));
#17302 = ORIENTED_EDGE('',*,*,#13990,.F.);
#17303 = ORIENTED_EDGE('',*,*,#17297,.F.);
#17304 = CYLINDRICAL_SURFACE('',#17305,0.8509);
#17305 = AXIS2_PLACEMENT_3D('',#17306,#17307,#17308);
#17306 = CARTESIAN_POINT('',(43.,-57.5,-4.6E-02));
#17307 = DIRECTION('',(-0.,-0.,-1.));
#17308 = DIRECTION('',(-0.,-1.,0.));
#17309 = ADVANCED_FACE('',(#17310),#17321,.F.);
#17310 = FACE_BOUND('',#17311,.T.);
#17311 = EDGE_LOOP('',(#17312,#17313,#17319,#17320));
#17312 = ORIENTED_EDGE('',*,*,#11542,.T.);
#17313 = ORIENTED_EDGE('',*,*,#17314,.T.);
#17314 = EDGE_CURVE('',#11543,#14002,#17315,.T.);
#17315 = LINE('',#17316,#17317);
#17316 = CARTESIAN_POINT('',(35.72,-53.7953,-4.6E-02));
#17317 = VECTOR('',#17318,1.);
#17318 = DIRECTION('',(0.,0.,1.));
#17319 = ORIENTED_EDGE('',*,*,#14001,.F.);
#17320 = ORIENTED_EDGE('',*,*,#17314,.F.);
#17321 = CYLINDRICAL_SURFACE('',#17322,0.4953);
#17322 = AXIS2_PLACEMENT_3D('',#17323,#17324,#17325);
#17323 = CARTESIAN_POINT('',(35.72,-53.3,-4.6E-02));
#17324 = DIRECTION('',(-0.,-0.,-1.));
#17325 = DIRECTION('',(-0.,-1.,0.));
#17326 = ADVANCED_FACE('',(#17327),#17338,.F.);
#17327 = FACE_BOUND('',#17328,.T.);
#17328 = EDGE_LOOP('',(#17329,#17330,#17336,#17337));
#17329 = ORIENTED_EDGE('',*,*,#11553,.T.);
#17330 = ORIENTED_EDGE('',*,*,#17331,.T.);
#17331 = EDGE_CURVE('',#11554,#14013,#17332,.T.);
#17332 = LINE('',#17333,#17334);
#17333 = CARTESIAN_POINT('',(48.5,-59.2145,-4.6E-02));
#17334 = VECTOR('',#17335,1.);
#17335 = DIRECTION('',(0.,0.,1.));
#17336 = ORIENTED_EDGE('',*,*,#14012,.F.);
#17337 = ORIENTED_EDGE('',*,*,#17331,.F.);
#17338 = CYLINDRICAL_SURFACE('',#17339,1.7145);
#17339 = AXIS2_PLACEMENT_3D('',#17340,#17341,#17342);
#17340 = CARTESIAN_POINT('',(48.5,-57.5,-4.6E-02));
#17341 = DIRECTION('',(-0.,-0.,-1.));
#17342 = DIRECTION('',(-0.,-1.,0.));
#17343 = ADVANCED_FACE('',(#17344),#17355,.F.);
#17344 = FACE_BOUND('',#17345,.T.);
#17345 = EDGE_LOOP('',(#17346,#17347,#17353,#17354));
#17346 = ORIENTED_EDGE('',*,*,#11564,.T.);
#17347 = ORIENTED_EDGE('',*,*,#17348,.T.);
#17348 = EDGE_CURVE('',#11565,#14024,#17349,.T.);
#17349 = LINE('',#17350,#17351);
#17350 = CARTESIAN_POINT('',(54.,-58.3509,-4.6E-02));
#17351 = VECTOR('',#17352,1.);
#17352 = DIRECTION('',(0.,0.,1.));
#17353 = ORIENTED_EDGE('',*,*,#14023,.F.);
#17354 = ORIENTED_EDGE('',*,*,#17348,.F.);
#17355 = CYLINDRICAL_SURFACE('',#17356,0.8509);
#17356 = AXIS2_PLACEMENT_3D('',#17357,#17358,#17359);
#17357 = CARTESIAN_POINT('',(54.,-57.5,-4.6E-02));
#17358 = DIRECTION('',(-0.,-0.,-1.));
#17359 = DIRECTION('',(-0.,-1.,0.));
#17360 = ADVANCED_FACE('',(#17361),#17372,.F.);
#17361 = FACE_BOUND('',#17362,.T.);
#17362 = EDGE_LOOP('',(#17363,#17364,#17370,#17371));
#17363 = ORIENTED_EDGE('',*,*,#11575,.T.);
#17364 = ORIENTED_EDGE('',*,*,#17365,.T.);
#17365 = EDGE_CURVE('',#11576,#14035,#17366,.T.);
#17366 = LINE('',#17367,#17368);
#17367 = CARTESIAN_POINT('',(61.,-58.3509,-4.6E-02));
#17368 = VECTOR('',#17369,1.);
#17369 = DIRECTION('',(0.,0.,1.));
#17370 = ORIENTED_EDGE('',*,*,#14034,.F.);
#17371 = ORIENTED_EDGE('',*,*,#17365,.F.);
#17372 = CYLINDRICAL_SURFACE('',#17373,0.8509);
#17373 = AXIS2_PLACEMENT_3D('',#17374,#17375,#17376);
#17374 = CARTESIAN_POINT('',(61.,-57.5,-4.6E-02));
#17375 = DIRECTION('',(-0.,-0.,-1.));
#17376 = DIRECTION('',(-0.,-1.,0.));
#17377 = ADVANCED_FACE('',(#17378),#17389,.F.);
#17378 = FACE_BOUND('',#17379,.T.);
#17379 = EDGE_LOOP('',(#17380,#17381,#17387,#17388));
#17380 = ORIENTED_EDGE('',*,*,#11586,.T.);
#17381 = ORIENTED_EDGE('',*,*,#17382,.T.);
#17382 = EDGE_CURVE('',#11587,#14046,#17383,.T.);
#17383 = LINE('',#17384,#17385);
#17384 = CARTESIAN_POINT('',(66.5,-59.2145,-4.6E-02));
#17385 = VECTOR('',#17386,1.);
#17386 = DIRECTION('',(0.,0.,1.));
#17387 = ORIENTED_EDGE('',*,*,#14045,.F.);
#17388 = ORIENTED_EDGE('',*,*,#17382,.F.);
#17389 = CYLINDRICAL_SURFACE('',#17390,1.7145);
#17390 = AXIS2_PLACEMENT_3D('',#17391,#17392,#17393);
#17391 = CARTESIAN_POINT('',(66.5,-57.5,-4.6E-02));
#17392 = DIRECTION('',(-0.,-0.,-1.));
#17393 = DIRECTION('',(-0.,-1.,0.));
#17394 = ADVANCED_FACE('',(#17395),#17406,.F.);
#17395 = FACE_BOUND('',#17396,.T.);
#17396 = EDGE_LOOP('',(#17397,#17398,#17404,#17405));
#17397 = ORIENTED_EDGE('',*,*,#11597,.T.);
#17398 = ORIENTED_EDGE('',*,*,#17399,.T.);
#17399 = EDGE_CURVE('',#11598,#14057,#17400,.T.);
#17400 = LINE('',#17401,#17402);
#17401 = CARTESIAN_POINT('',(53.72,-53.7953,-4.6E-02));
#17402 = VECTOR('',#17403,1.);
#17403 = DIRECTION('',(0.,0.,1.));
#17404 = ORIENTED_EDGE('',*,*,#14056,.F.);
#17405 = ORIENTED_EDGE('',*,*,#17399,.F.);
#17406 = CYLINDRICAL_SURFACE('',#17407,0.4953);
#17407 = AXIS2_PLACEMENT_3D('',#17408,#17409,#17410);
#17408 = CARTESIAN_POINT('',(53.72,-53.3,-4.6E-02));
#17409 = DIRECTION('',(-0.,-0.,-1.));
#17410 = DIRECTION('',(-0.,-1.,0.));
#17411 = ADVANCED_FACE('',(#17412),#17423,.F.);
#17412 = FACE_BOUND('',#17413,.T.);
#17413 = EDGE_LOOP('',(#17414,#17415,#17421,#17422));
#17414 = ORIENTED_EDGE('',*,*,#11608,.T.);
#17415 = ORIENTED_EDGE('',*,*,#17416,.T.);
#17416 = EDGE_CURVE('',#11609,#14068,#17417,.T.);
#17417 = LINE('',#17418,#17419);
#17418 = CARTESIAN_POINT('',(84.5,-64.95,-4.6E-02));
#17419 = VECTOR('',#17420,1.);
#17420 = DIRECTION('',(0.,0.,1.));
#17421 = ORIENTED_EDGE('',*,*,#14067,.F.);
#17422 = ORIENTED_EDGE('',*,*,#17416,.F.);
#17423 = CYLINDRICAL_SURFACE('',#17424,1.5);
#17424 = AXIS2_PLACEMENT_3D('',#17425,#17426,#17427);
#17425 = CARTESIAN_POINT('',(84.5,-63.45,-4.6E-02));
#17426 = DIRECTION('',(-0.,-0.,-1.));
#17427 = DIRECTION('',(-0.,-1.,0.));
#17428 = ADVANCED_FACE('',(#17429),#17440,.F.);
#17429 = FACE_BOUND('',#17430,.T.);
#17430 = EDGE_LOOP('',(#17431,#17432,#17438,#17439));
#17431 = ORIENTED_EDGE('',*,*,#11619,.T.);
#17432 = ORIENTED_EDGE('',*,*,#17433,.T.);
#17433 = EDGE_CURVE('',#11620,#14079,#17434,.T.);
#17434 = LINE('',#17435,#17436);
#17435 = CARTESIAN_POINT('',(79.5,-62.75,-4.6E-02));
#17436 = VECTOR('',#17437,1.);
#17437 = DIRECTION('',(0.,0.,1.));
#17438 = ORIENTED_EDGE('',*,*,#14078,.F.);
#17439 = ORIENTED_EDGE('',*,*,#17433,.F.);
#17440 = CYLINDRICAL_SURFACE('',#17441,1.5);
#17441 = AXIS2_PLACEMENT_3D('',#17442,#17443,#17444);
#17442 = CARTESIAN_POINT('',(79.5,-61.25,-4.6E-02));
#17443 = DIRECTION('',(-0.,-0.,-1.));
#17444 = DIRECTION('',(-0.,-1.,0.));
#17445 = ADVANCED_FACE('',(#17446),#17457,.F.);
#17446 = FACE_BOUND('',#17447,.T.);
#17447 = EDGE_LOOP('',(#17448,#17449,#17455,#17456));
#17448 = ORIENTED_EDGE('',*,*,#11630,.T.);
#17449 = ORIENTED_EDGE('',*,*,#17450,.T.);
#17450 = EDGE_CURVE('',#11631,#14090,#17451,.T.);
#17451 = LINE('',#17452,#17453);
#17452 = CARTESIAN_POINT('',(97.5,-62.75,-4.6E-02));
#17453 = VECTOR('',#17454,1.);
#17454 = DIRECTION('',(0.,0.,1.));
#17455 = ORIENTED_EDGE('',*,*,#14089,.F.);
#17456 = ORIENTED_EDGE('',*,*,#17450,.F.);
#17457 = CYLINDRICAL_SURFACE('',#17458,1.5);
#17458 = AXIS2_PLACEMENT_3D('',#17459,#17460,#17461);
#17459 = CARTESIAN_POINT('',(97.5,-61.25,-4.6E-02));
#17460 = DIRECTION('',(-0.,-0.,-1.));
#17461 = DIRECTION('',(-0.,-1.,0.));
#17462 = ADVANCED_FACE('',(#17463),#17474,.F.);
#17463 = FACE_BOUND('',#17464,.T.);
#17464 = EDGE_LOOP('',(#17465,#17466,#17472,#17473));
#17465 = ORIENTED_EDGE('',*,*,#11641,.T.);
#17466 = ORIENTED_EDGE('',*,*,#17467,.T.);
#17467 = EDGE_CURVE('',#11642,#14101,#17468,.T.);
#17468 = LINE('',#17469,#17470);
#17469 = CARTESIAN_POINT('',(102.5,-64.95,-4.6E-02));
#17470 = VECTOR('',#17471,1.);
#17471 = DIRECTION('',(0.,0.,1.));
#17472 = ORIENTED_EDGE('',*,*,#14100,.F.);
#17473 = ORIENTED_EDGE('',*,*,#17467,.F.);
#17474 = CYLINDRICAL_SURFACE('',#17475,1.5);
#17475 = AXIS2_PLACEMENT_3D('',#17476,#17477,#17478);
#17476 = CARTESIAN_POINT('',(102.5,-63.45,-4.6E-02));
#17477 = DIRECTION('',(-0.,-0.,-1.));
#17478 = DIRECTION('',(-0.,-1.,0.));
#17479 = ADVANCED_FACE('',(#17480),#17491,.F.);
#17480 = FACE_BOUND('',#17481,.T.);
#17481 = EDGE_LOOP('',(#17482,#17483,#17489,#17490));
#17482 = ORIENTED_EDGE('',*,*,#11652,.T.);
#17483 = ORIENTED_EDGE('',*,*,#17484,.T.);
#17484 = EDGE_CURVE('',#11653,#14112,#17485,.T.);
#17485 = LINE('',#17486,#17487);
#17486 = CARTESIAN_POINT('',(72.,-58.3509,-4.6E-02));
#17487 = VECTOR('',#17488,1.);
#17488 = DIRECTION('',(0.,0.,1.));
#17489 = ORIENTED_EDGE('',*,*,#14111,.F.);
#17490 = ORIENTED_EDGE('',*,*,#17484,.F.);
#17491 = CYLINDRICAL_SURFACE('',#17492,0.8509);
#17492 = AXIS2_PLACEMENT_3D('',#17493,#17494,#17495);
#17493 = CARTESIAN_POINT('',(72.,-57.5,-4.6E-02));
#17494 = DIRECTION('',(-0.,-0.,-1.));
#17495 = DIRECTION('',(-0.,-1.,0.));
#17496 = ADVANCED_FACE('',(#17497),#17508,.F.);
#17497 = FACE_BOUND('',#17498,.T.);
#17498 = EDGE_LOOP('',(#17499,#17500,#17506,#17507));
#17499 = ORIENTED_EDGE('',*,*,#11663,.T.);
#17500 = ORIENTED_EDGE('',*,*,#17501,.T.);
#17501 = EDGE_CURVE('',#11664,#14123,#17502,.T.);
#17502 = LINE('',#17503,#17504);
#17503 = CARTESIAN_POINT('',(79.,-58.3509,-4.6E-02));
#17504 = VECTOR('',#17505,1.);
#17505 = DIRECTION('',(0.,0.,1.));
#17506 = ORIENTED_EDGE('',*,*,#14122,.F.);
#17507 = ORIENTED_EDGE('',*,*,#17501,.F.);
#17508 = CYLINDRICAL_SURFACE('',#17509,0.8509);
#17509 = AXIS2_PLACEMENT_3D('',#17510,#17511,#17512);
#17510 = CARTESIAN_POINT('',(79.,-57.5,-4.6E-02));
#17511 = DIRECTION('',(-0.,-0.,-1.));
#17512 = DIRECTION('',(-0.,-1.,0.));
#17513 = ADVANCED_FACE('',(#17514),#17525,.F.);
#17514 = FACE_BOUND('',#17515,.T.);
#17515 = EDGE_LOOP('',(#17516,#17517,#17523,#17524));
#17516 = ORIENTED_EDGE('',*,*,#11674,.T.);
#17517 = ORIENTED_EDGE('',*,*,#17518,.T.);
#17518 = EDGE_CURVE('',#11675,#14134,#17519,.T.);
#17519 = LINE('',#17520,#17521);
#17520 = CARTESIAN_POINT('',(84.5,-59.2145,-4.6E-02));
#17521 = VECTOR('',#17522,1.);
#17522 = DIRECTION('',(0.,0.,1.));
#17523 = ORIENTED_EDGE('',*,*,#14133,.F.);
#17524 = ORIENTED_EDGE('',*,*,#17518,.F.);
#17525 = CYLINDRICAL_SURFACE('',#17526,1.7145);
#17526 = AXIS2_PLACEMENT_3D('',#17527,#17528,#17529);
#17527 = CARTESIAN_POINT('',(84.5,-57.5,-4.6E-02));
#17528 = DIRECTION('',(-0.,-0.,-1.));
#17529 = DIRECTION('',(-0.,-1.,0.));
#17530 = ADVANCED_FACE('',(#17531),#17542,.F.);
#17531 = FACE_BOUND('',#17532,.T.);
#17532 = EDGE_LOOP('',(#17533,#17534,#17540,#17541));
#17533 = ORIENTED_EDGE('',*,*,#11685,.T.);
#17534 = ORIENTED_EDGE('',*,*,#17535,.T.);
#17535 = EDGE_CURVE('',#11686,#14145,#17536,.T.);
#17536 = LINE('',#17537,#17538);
#17537 = CARTESIAN_POINT('',(71.72,-53.7953,-4.6E-02));
#17538 = VECTOR('',#17539,1.);
#17539 = DIRECTION('',(0.,0.,1.));
#17540 = ORIENTED_EDGE('',*,*,#14144,.F.);
#17541 = ORIENTED_EDGE('',*,*,#17535,.F.);
#17542 = CYLINDRICAL_SURFACE('',#17543,0.4953);
#17543 = AXIS2_PLACEMENT_3D('',#17544,#17545,#17546);
#17544 = CARTESIAN_POINT('',(71.72,-53.3,-4.6E-02));
#17545 = DIRECTION('',(-0.,-0.,-1.));
#17546 = DIRECTION('',(-0.,-1.,0.));
#17547 = ADVANCED_FACE('',(#17548),#17559,.F.);
#17548 = FACE_BOUND('',#17549,.T.);
#17549 = EDGE_LOOP('',(#17550,#17551,#17557,#17558));
#17550 = ORIENTED_EDGE('',*,*,#11696,.T.);
#17551 = ORIENTED_EDGE('',*,*,#17552,.T.);
#17552 = EDGE_CURVE('',#11697,#14156,#17553,.T.);
#17553 = LINE('',#17554,#17555);
#17554 = CARTESIAN_POINT('',(90.,-58.3509,-4.6E-02));
#17555 = VECTOR('',#17556,1.);
#17556 = DIRECTION('',(0.,0.,1.));
#17557 = ORIENTED_EDGE('',*,*,#14155,.F.);
#17558 = ORIENTED_EDGE('',*,*,#17552,.F.);
#17559 = CYLINDRICAL_SURFACE('',#17560,0.8509);
#17560 = AXIS2_PLACEMENT_3D('',#17561,#17562,#17563);
#17561 = CARTESIAN_POINT('',(90.,-57.5,-4.6E-02));
#17562 = DIRECTION('',(-0.,-0.,-1.));
#17563 = DIRECTION('',(-0.,-1.,0.));
#17564 = ADVANCED_FACE('',(#17565),#17576,.F.);
#17565 = FACE_BOUND('',#17566,.T.);
#17566 = EDGE_LOOP('',(#17567,#17568,#17574,#17575));
#17567 = ORIENTED_EDGE('',*,*,#11707,.T.);
#17568 = ORIENTED_EDGE('',*,*,#17569,.T.);
#17569 = EDGE_CURVE('',#11708,#14167,#17570,.T.);
#17570 = LINE('',#17571,#17572);
#17571 = CARTESIAN_POINT('',(97.,-58.3509,-4.6E-02));
#17572 = VECTOR('',#17573,1.);
#17573 = DIRECTION('',(0.,0.,1.));
#17574 = ORIENTED_EDGE('',*,*,#14166,.F.);
#17575 = ORIENTED_EDGE('',*,*,#17569,.F.);
#17576 = CYLINDRICAL_SURFACE('',#17577,0.8509);
#17577 = AXIS2_PLACEMENT_3D('',#17578,#17579,#17580);
#17578 = CARTESIAN_POINT('',(97.,-57.5,-4.6E-02));
#17579 = DIRECTION('',(-0.,-0.,-1.));
#17580 = DIRECTION('',(-0.,-1.,0.));
#17581 = ADVANCED_FACE('',(#17582),#17593,.F.);
#17582 = FACE_BOUND('',#17583,.T.);
#17583 = EDGE_LOOP('',(#17584,#17585,#17591,#17592));
#17584 = ORIENTED_EDGE('',*,*,#11718,.T.);
#17585 = ORIENTED_EDGE('',*,*,#17586,.T.);
#17586 = EDGE_CURVE('',#11719,#14178,#17587,.T.);
#17587 = LINE('',#17588,#17589);
#17588 = CARTESIAN_POINT('',(102.5,-59.2145,-4.6E-02));
#17589 = VECTOR('',#17590,1.);
#17590 = DIRECTION('',(0.,0.,1.));
#17591 = ORIENTED_EDGE('',*,*,#14177,.F.);
#17592 = ORIENTED_EDGE('',*,*,#17586,.F.);
#17593 = CYLINDRICAL_SURFACE('',#17594,1.7145);
#17594 = AXIS2_PLACEMENT_3D('',#17595,#17596,#17597);
#17595 = CARTESIAN_POINT('',(102.5,-57.5,-4.6E-02));
#17596 = DIRECTION('',(-0.,-0.,-1.));
#17597 = DIRECTION('',(-0.,-1.,0.));
#17598 = ADVANCED_FACE('',(#17599),#17610,.F.);
#17599 = FACE_BOUND('',#17600,.T.);
#17600 = EDGE_LOOP('',(#17601,#17602,#17608,#17609));
#17601 = ORIENTED_EDGE('',*,*,#11729,.T.);
#17602 = ORIENTED_EDGE('',*,*,#17603,.T.);
#17603 = EDGE_CURVE('',#11730,#14189,#17604,.T.);
#17604 = LINE('',#17605,#17606);
#17605 = CARTESIAN_POINT('',(108.,-58.3509,-4.6E-02));
#17606 = VECTOR('',#17607,1.);
#17607 = DIRECTION('',(0.,0.,1.));
#17608 = ORIENTED_EDGE('',*,*,#14188,.F.);
#17609 = ORIENTED_EDGE('',*,*,#17603,.F.);
#17610 = CYLINDRICAL_SURFACE('',#17611,0.8509);
#17611 = AXIS2_PLACEMENT_3D('',#17612,#17613,#17614);
#17612 = CARTESIAN_POINT('',(108.,-57.5,-4.6E-02));
#17613 = DIRECTION('',(-0.,-0.,-1.));
#17614 = DIRECTION('',(-0.,-1.,0.));
#17615 = ADVANCED_FACE('',(#17616),#17627,.F.);
#17616 = FACE_BOUND('',#17617,.T.);
#17617 = EDGE_LOOP('',(#17618,#17619,#17625,#17626));
#17618 = ORIENTED_EDGE('',*,*,#11740,.T.);
#17619 = ORIENTED_EDGE('',*,*,#17620,.T.);
#17620 = EDGE_CURVE('',#11741,#14200,#17621,.T.);
#17621 = LINE('',#17622,#17623);
#17622 = CARTESIAN_POINT('',(89.72,-53.7953,-4.6E-02));
#17623 = VECTOR('',#17624,1.);
#17624 = DIRECTION('',(0.,0.,1.));
#17625 = ORIENTED_EDGE('',*,*,#14199,.F.);
#17626 = ORIENTED_EDGE('',*,*,#17620,.F.);
#17627 = CYLINDRICAL_SURFACE('',#17628,0.4953);
#17628 = AXIS2_PLACEMENT_3D('',#17629,#17630,#17631);
#17629 = CARTESIAN_POINT('',(89.72,-53.3,-4.6E-02));
#17630 = DIRECTION('',(-0.,-0.,-1.));
#17631 = DIRECTION('',(-0.,-1.,0.));
#17632 = ADVANCED_FACE('',(#17633),#17644,.F.);
#17633 = FACE_BOUND('',#17634,.T.);
#17634 = EDGE_LOOP('',(#17635,#17636,#17642,#17643));
#17635 = ORIENTED_EDGE('',*,*,#11751,.T.);
#17636 = ORIENTED_EDGE('',*,*,#17637,.T.);
#17637 = EDGE_CURVE('',#11752,#14211,#17638,.T.);
#17638 = LINE('',#17639,#17640);
#17639 = CARTESIAN_POINT('',(107.72,-53.7953,-4.6E-02));
#17640 = VECTOR('',#17641,1.);
#17641 = DIRECTION('',(0.,0.,1.));
#17642 = ORIENTED_EDGE('',*,*,#14210,.F.);
#17643 = ORIENTED_EDGE('',*,*,#17637,.F.);
#17644 = CYLINDRICAL_SURFACE('',#17645,0.4953);
#17645 = AXIS2_PLACEMENT_3D('',#17646,#17647,#17648);
#17646 = CARTESIAN_POINT('',(107.72,-53.3,-4.6E-02));
#17647 = DIRECTION('',(-0.,-0.,-1.));
#17648 = DIRECTION('',(-0.,-1.,0.));
#17649 = ADVANCED_FACE('',(#17650),#17661,.F.);
#17650 = FACE_BOUND('',#17651,.T.);
#17651 = EDGE_LOOP('',(#17652,#17653,#17659,#17660));
#17652 = ORIENTED_EDGE('',*,*,#11762,.T.);
#17653 = ORIENTED_EDGE('',*,*,#17654,.T.);
#17654 = EDGE_CURVE('',#11763,#14222,#17655,.T.);
#17655 = LINE('',#17656,#17657);
#17656 = CARTESIAN_POINT('',(120.5,-81.95,-4.6E-02));
#17657 = VECTOR('',#17658,1.);
#17658 = DIRECTION('',(0.,0.,1.));
#17659 = ORIENTED_EDGE('',*,*,#14221,.F.);
#17660 = ORIENTED_EDGE('',*,*,#17654,.F.);
#17661 = CYLINDRICAL_SURFACE('',#17662,1.5);
#17662 = AXIS2_PLACEMENT_3D('',#17663,#17664,#17665);
#17663 = CARTESIAN_POINT('',(120.5,-80.45,-4.6E-02));
#17664 = DIRECTION('',(-0.,-0.,-1.));
#17665 = DIRECTION('',(-0.,-1.,0.));
#17666 = ADVANCED_FACE('',(#17667),#17678,.F.);
#17667 = FACE_BOUND('',#17668,.T.);
#17668 = EDGE_LOOP('',(#17669,#17670,#17676,#17677));
#17669 = ORIENTED_EDGE('',*,*,#11773,.T.);
#17670 = ORIENTED_EDGE('',*,*,#17671,.T.);
#17671 = EDGE_CURVE('',#11774,#14233,#17672,.T.);
#17672 = LINE('',#17673,#17674);
#17673 = CARTESIAN_POINT('',(115.5,-79.75,-4.6E-02));
#17674 = VECTOR('',#17675,1.);
#17675 = DIRECTION('',(0.,0.,1.));
#17676 = ORIENTED_EDGE('',*,*,#14232,.F.);
#17677 = ORIENTED_EDGE('',*,*,#17671,.F.);
#17678 = CYLINDRICAL_SURFACE('',#17679,1.5);
#17679 = AXIS2_PLACEMENT_3D('',#17680,#17681,#17682);
#17680 = CARTESIAN_POINT('',(115.5,-78.25,-4.6E-02));
#17681 = DIRECTION('',(-0.,-0.,-1.));
#17682 = DIRECTION('',(-0.,-1.,0.));
#17683 = ADVANCED_FACE('',(#17684),#17695,.F.);
#17684 = FACE_BOUND('',#17685,.T.);
#17685 = EDGE_LOOP('',(#17686,#17687,#17693,#17694));
#17686 = ORIENTED_EDGE('',*,*,#11784,.T.);
#17687 = ORIENTED_EDGE('',*,*,#17688,.T.);
#17688 = EDGE_CURVE('',#11785,#14244,#17689,.T.);
#17689 = LINE('',#17690,#17691);
#17690 = CARTESIAN_POINT('',(138.5,-81.95,-4.6E-02));
#17691 = VECTOR('',#17692,1.);
#17692 = DIRECTION('',(0.,0.,1.));
#17693 = ORIENTED_EDGE('',*,*,#14243,.F.);
#17694 = ORIENTED_EDGE('',*,*,#17688,.F.);
#17695 = CYLINDRICAL_SURFACE('',#17696,1.5);
#17696 = AXIS2_PLACEMENT_3D('',#17697,#17698,#17699);
#17697 = CARTESIAN_POINT('',(138.5,-80.45,-4.6E-02));
#17698 = DIRECTION('',(-0.,-0.,-1.));
#17699 = DIRECTION('',(-0.,-1.,0.));
#17700 = ADVANCED_FACE('',(#17701),#17712,.F.);
#17701 = FACE_BOUND('',#17702,.T.);
#17702 = EDGE_LOOP('',(#17703,#17704,#17710,#17711));
#17703 = ORIENTED_EDGE('',*,*,#11795,.T.);
#17704 = ORIENTED_EDGE('',*,*,#17705,.T.);
#17705 = EDGE_CURVE('',#11796,#14255,#17706,.T.);
#17706 = LINE('',#17707,#17708);
#17707 = CARTESIAN_POINT('',(133.5,-79.75,-4.6E-02));
#17708 = VECTOR('',#17709,1.);
#17709 = DIRECTION('',(0.,0.,1.));
#17710 = ORIENTED_EDGE('',*,*,#14254,.F.);
#17711 = ORIENTED_EDGE('',*,*,#17705,.F.);
#17712 = CYLINDRICAL_SURFACE('',#17713,1.5);
#17713 = AXIS2_PLACEMENT_3D('',#17714,#17715,#17716);
#17714 = CARTESIAN_POINT('',(133.5,-78.25,-4.6E-02));
#17715 = DIRECTION('',(-0.,-0.,-1.));
#17716 = DIRECTION('',(-0.,-1.,0.));
#17717 = ADVANCED_FACE('',(#17718),#17729,.F.);
#17718 = FACE_BOUND('',#17719,.T.);
#17719 = EDGE_LOOP('',(#17720,#17721,#17727,#17728));
#17720 = ORIENTED_EDGE('',*,*,#11806,.T.);
#17721 = ORIENTED_EDGE('',*,*,#17722,.T.);
#17722 = EDGE_CURVE('',#11807,#14266,#17723,.T.);
#17723 = LINE('',#17724,#17725);
#17724 = CARTESIAN_POINT('',(151.5,-79.75,-4.6E-02));
#17725 = VECTOR('',#17726,1.);
#17726 = DIRECTION('',(0.,0.,1.));
#17727 = ORIENTED_EDGE('',*,*,#14265,.F.);
#17728 = ORIENTED_EDGE('',*,*,#17722,.F.);
#17729 = CYLINDRICAL_SURFACE('',#17730,1.5);
#17730 = AXIS2_PLACEMENT_3D('',#17731,#17732,#17733);
#17731 = CARTESIAN_POINT('',(151.5,-78.25,-4.6E-02));
#17732 = DIRECTION('',(-0.,-0.,-1.));
#17733 = DIRECTION('',(-0.,-1.,0.));
#17734 = ADVANCED_FACE('',(#17735),#17746,.F.);
#17735 = FACE_BOUND('',#17736,.T.);
#17736 = EDGE_LOOP('',(#17737,#17738,#17744,#17745));
#17737 = ORIENTED_EDGE('',*,*,#11817,.T.);
#17738 = ORIENTED_EDGE('',*,*,#17739,.T.);
#17739 = EDGE_CURVE('',#11818,#14277,#17740,.T.);
#17740 = LINE('',#17741,#17742);
#17741 = CARTESIAN_POINT('',(115.,-75.3509,-4.6E-02));
#17742 = VECTOR('',#17743,1.);
#17743 = DIRECTION('',(0.,0.,1.));
#17744 = ORIENTED_EDGE('',*,*,#14276,.F.);
#17745 = ORIENTED_EDGE('',*,*,#17739,.F.);
#17746 = CYLINDRICAL_SURFACE('',#17747,0.8509);
#17747 = AXIS2_PLACEMENT_3D('',#17748,#17749,#17750);
#17748 = CARTESIAN_POINT('',(115.,-74.5,-4.6E-02));
#17749 = DIRECTION('',(-0.,-0.,-1.));
#17750 = DIRECTION('',(-0.,-1.,0.));
#17751 = ADVANCED_FACE('',(#17752),#17763,.F.);
#17752 = FACE_BOUND('',#17753,.T.);
#17753 = EDGE_LOOP('',(#17754,#17755,#17761,#17762));
#17754 = ORIENTED_EDGE('',*,*,#11828,.T.);
#17755 = ORIENTED_EDGE('',*,*,#17756,.T.);
#17756 = EDGE_CURVE('',#11829,#14288,#17757,.T.);
#17757 = LINE('',#17758,#17759);
#17758 = CARTESIAN_POINT('',(120.5,-76.2145,-4.6E-02));
#17759 = VECTOR('',#17760,1.);
#17760 = DIRECTION('',(0.,0.,1.));
#17761 = ORIENTED_EDGE('',*,*,#14287,.F.);
#17762 = ORIENTED_EDGE('',*,*,#17756,.F.);
#17763 = CYLINDRICAL_SURFACE('',#17764,1.7145);
#17764 = AXIS2_PLACEMENT_3D('',#17765,#17766,#17767);
#17765 = CARTESIAN_POINT('',(120.5,-74.5,-4.6E-02));
#17766 = DIRECTION('',(-0.,-0.,-1.));
#17767 = DIRECTION('',(-0.,-1.,0.));
#17768 = ADVANCED_FACE('',(#17769),#17780,.F.);
#17769 = FACE_BOUND('',#17770,.T.);
#17770 = EDGE_LOOP('',(#17771,#17772,#17778,#17779));
#17771 = ORIENTED_EDGE('',*,*,#11839,.T.);
#17772 = ORIENTED_EDGE('',*,*,#17773,.T.);
#17773 = EDGE_CURVE('',#11840,#14299,#17774,.T.);
#17774 = LINE('',#17775,#17776);
#17775 = CARTESIAN_POINT('',(126.,-75.3509,-4.6E-02));
#17776 = VECTOR('',#17777,1.);
#17777 = DIRECTION('',(0.,0.,1.));
#17778 = ORIENTED_EDGE('',*,*,#14298,.F.);
#17779 = ORIENTED_EDGE('',*,*,#17773,.F.);
#17780 = CYLINDRICAL_SURFACE('',#17781,0.8509);
#17781 = AXIS2_PLACEMENT_3D('',#17782,#17783,#17784);
#17782 = CARTESIAN_POINT('',(126.,-74.5,-4.6E-02));
#17783 = DIRECTION('',(-0.,-0.,-1.));
#17784 = DIRECTION('',(-0.,-1.,0.));
#17785 = ADVANCED_FACE('',(#17786),#17797,.F.);
#17786 = FACE_BOUND('',#17787,.T.);
#17787 = EDGE_LOOP('',(#17788,#17789,#17795,#17796));
#17788 = ORIENTED_EDGE('',*,*,#11850,.T.);
#17789 = ORIENTED_EDGE('',*,*,#17790,.T.);
#17790 = EDGE_CURVE('',#11851,#14310,#17791,.T.);
#17791 = LINE('',#17792,#17793);
#17792 = CARTESIAN_POINT('',(133.,-75.3509,-4.6E-02));
#17793 = VECTOR('',#17794,1.);
#17794 = DIRECTION('',(0.,0.,1.));
#17795 = ORIENTED_EDGE('',*,*,#14309,.F.);
#17796 = ORIENTED_EDGE('',*,*,#17790,.F.);
#17797 = CYLINDRICAL_SURFACE('',#17798,0.8509);
#17798 = AXIS2_PLACEMENT_3D('',#17799,#17800,#17801);
#17799 = CARTESIAN_POINT('',(133.,-74.5,-4.6E-02));
#17800 = DIRECTION('',(-0.,-0.,-1.));
#17801 = DIRECTION('',(-0.,-1.,0.));
#17802 = ADVANCED_FACE('',(#17803),#17814,.F.);
#17803 = FACE_BOUND('',#17804,.T.);
#17804 = EDGE_LOOP('',(#17805,#17806,#17812,#17813));
#17805 = ORIENTED_EDGE('',*,*,#11861,.T.);
#17806 = ORIENTED_EDGE('',*,*,#17807,.T.);
#17807 = EDGE_CURVE('',#11862,#14321,#17808,.T.);
#17808 = LINE('',#17809,#17810);
#17809 = CARTESIAN_POINT('',(125.72,-70.7953,-4.6E-02));
#17810 = VECTOR('',#17811,1.);
#17811 = DIRECTION('',(0.,0.,1.));
#17812 = ORIENTED_EDGE('',*,*,#14320,.F.);
#17813 = ORIENTED_EDGE('',*,*,#17807,.F.);
#17814 = CYLINDRICAL_SURFACE('',#17815,0.4953);
#17815 = AXIS2_PLACEMENT_3D('',#17816,#17817,#17818);
#17816 = CARTESIAN_POINT('',(125.72,-70.3,-4.6E-02));
#17817 = DIRECTION('',(-0.,-0.,-1.));
#17818 = DIRECTION('',(-0.,-1.,0.));
#17819 = ADVANCED_FACE('',(#17820),#17831,.F.);
#17820 = FACE_BOUND('',#17821,.T.);
#17821 = EDGE_LOOP('',(#17822,#17823,#17829,#17830));
#17822 = ORIENTED_EDGE('',*,*,#11872,.T.);
#17823 = ORIENTED_EDGE('',*,*,#17824,.T.);
#17824 = EDGE_CURVE('',#11873,#14332,#17825,.T.);
#17825 = LINE('',#17826,#17827);
#17826 = CARTESIAN_POINT('',(138.5,-76.2145,-4.6E-02));
#17827 = VECTOR('',#17828,1.);
#17828 = DIRECTION('',(0.,0.,1.));
#17829 = ORIENTED_EDGE('',*,*,#14331,.F.);
#17830 = ORIENTED_EDGE('',*,*,#17824,.F.);
#17831 = CYLINDRICAL_SURFACE('',#17832,1.7145);
#17832 = AXIS2_PLACEMENT_3D('',#17833,#17834,#17835);
#17833 = CARTESIAN_POINT('',(138.5,-74.5,-4.6E-02));
#17834 = DIRECTION('',(-0.,-0.,-1.));
#17835 = DIRECTION('',(-0.,-1.,0.));
#17836 = ADVANCED_FACE('',(#17837),#17848,.F.);
#17837 = FACE_BOUND('',#17838,.T.);
#17838 = EDGE_LOOP('',(#17839,#17840,#17846,#17847));
#17839 = ORIENTED_EDGE('',*,*,#11883,.T.);
#17840 = ORIENTED_EDGE('',*,*,#17841,.T.);
#17841 = EDGE_CURVE('',#11884,#14343,#17842,.T.);
#17842 = LINE('',#17843,#17844);
#17843 = CARTESIAN_POINT('',(144.,-75.3509,-4.6E-02));
#17844 = VECTOR('',#17845,1.);
#17845 = DIRECTION('',(0.,0.,1.));
#17846 = ORIENTED_EDGE('',*,*,#14342,.F.);
#17847 = ORIENTED_EDGE('',*,*,#17841,.F.);
#17848 = CYLINDRICAL_SURFACE('',#17849,0.8509);
#17849 = AXIS2_PLACEMENT_3D('',#17850,#17851,#17852);
#17850 = CARTESIAN_POINT('',(144.,-74.5,-4.6E-02));
#17851 = DIRECTION('',(-0.,-0.,-1.));
#17852 = DIRECTION('',(-0.,-1.,0.));
#17853 = ADVANCED_FACE('',(#17854),#17865,.F.);
#17854 = FACE_BOUND('',#17855,.T.);
#17855 = EDGE_LOOP('',(#17856,#17857,#17863,#17864));
#17856 = ORIENTED_EDGE('',*,*,#11894,.T.);
#17857 = ORIENTED_EDGE('',*,*,#17858,.T.);
#17858 = EDGE_CURVE('',#11895,#14354,#17859,.T.);
#17859 = LINE('',#17860,#17861);
#17860 = CARTESIAN_POINT('',(151.,-75.3509,-4.6E-02));
#17861 = VECTOR('',#17862,1.);
#17862 = DIRECTION('',(0.,0.,1.));
#17863 = ORIENTED_EDGE('',*,*,#14353,.F.);
#17864 = ORIENTED_EDGE('',*,*,#17858,.F.);
#17865 = CYLINDRICAL_SURFACE('',#17866,0.8509);
#17866 = AXIS2_PLACEMENT_3D('',#17867,#17868,#17869);
#17867 = CARTESIAN_POINT('',(151.,-74.5,-4.6E-02));
#17868 = DIRECTION('',(-0.,-0.,-1.));
#17869 = DIRECTION('',(-0.,-1.,0.));
#17870 = ADVANCED_FACE('',(#17871),#17882,.F.);
#17871 = FACE_BOUND('',#17872,.T.);
#17872 = EDGE_LOOP('',(#17873,#17874,#17880,#17881));
#17873 = ORIENTED_EDGE('',*,*,#11905,.T.);
#17874 = ORIENTED_EDGE('',*,*,#17875,.T.);
#17875 = EDGE_CURVE('',#11906,#14365,#17876,.T.);
#17876 = LINE('',#17877,#17878);
#17877 = CARTESIAN_POINT('',(143.72,-70.7953,-4.6E-02));
#17878 = VECTOR('',#17879,1.);
#17879 = DIRECTION('',(0.,0.,1.));
#17880 = ORIENTED_EDGE('',*,*,#14364,.F.);
#17881 = ORIENTED_EDGE('',*,*,#17875,.F.);
#17882 = CYLINDRICAL_SURFACE('',#17883,0.4953);
#17883 = AXIS2_PLACEMENT_3D('',#17884,#17885,#17886);
#17884 = CARTESIAN_POINT('',(143.72,-70.3,-4.6E-02));
#17885 = DIRECTION('',(-0.,-0.,-1.));
#17886 = DIRECTION('',(-5.738281734385E-14,-1.,0.));
#17887 = ADVANCED_FACE('',(#17888),#17899,.F.);
#17888 = FACE_BOUND('',#17889,.T.);
#17889 = EDGE_LOOP('',(#17890,#17891,#17897,#17898));
#17890 = ORIENTED_EDGE('',*,*,#11916,.T.);
#17891 = ORIENTED_EDGE('',*,*,#17892,.T.);
#17892 = EDGE_CURVE('',#11917,#14376,#17893,.T.);
#17893 = LINE('',#17894,#17895);
#17894 = CARTESIAN_POINT('',(156.5,-81.95,-4.6E-02));
#17895 = VECTOR('',#17896,1.);
#17896 = DIRECTION('',(0.,0.,1.));
#17897 = ORIENTED_EDGE('',*,*,#14375,.F.);
#17898 = ORIENTED_EDGE('',*,*,#17892,.F.);
#17899 = CYLINDRICAL_SURFACE('',#17900,1.5);
#17900 = AXIS2_PLACEMENT_3D('',#17901,#17902,#17903);
#17901 = CARTESIAN_POINT('',(156.5,-80.45,-4.6E-02));
#17902 = DIRECTION('',(-0.,-0.,-1.));
#17903 = DIRECTION('',(-0.,-1.,0.));
#17904 = ADVANCED_FACE('',(#17905),#17916,.F.);
#17905 = FACE_BOUND('',#17906,.T.);
#17906 = EDGE_LOOP('',(#17907,#17908,#17914,#17915));
#17907 = ORIENTED_EDGE('',*,*,#11927,.T.);
#17908 = ORIENTED_EDGE('',*,*,#17909,.T.);
#17909 = EDGE_CURVE('',#11928,#14387,#17910,.T.);
#17910 = LINE('',#17911,#17912);
#17911 = CARTESIAN_POINT('',(174.5,-81.95,-4.6E-02));
#17912 = VECTOR('',#17913,1.);
#17913 = DIRECTION('',(0.,0.,1.));
#17914 = ORIENTED_EDGE('',*,*,#14386,.F.);
#17915 = ORIENTED_EDGE('',*,*,#17909,.F.);
#17916 = CYLINDRICAL_SURFACE('',#17917,1.5);
#17917 = AXIS2_PLACEMENT_3D('',#17918,#17919,#17920);
#17918 = CARTESIAN_POINT('',(174.5,-80.45,-4.6E-02));
#17919 = DIRECTION('',(-0.,-0.,-1.));
#17920 = DIRECTION('',(-0.,-1.,0.));
#17921 = ADVANCED_FACE('',(#17922),#17933,.F.);
#17922 = FACE_BOUND('',#17923,.T.);
#17923 = EDGE_LOOP('',(#17924,#17925,#17931,#17932));
#17924 = ORIENTED_EDGE('',*,*,#11938,.T.);
#17925 = ORIENTED_EDGE('',*,*,#17926,.T.);
#17926 = EDGE_CURVE('',#11939,#14398,#17927,.T.);
#17927 = LINE('',#17928,#17929);
#17928 = CARTESIAN_POINT('',(169.5,-79.75,-4.6E-02));
#17929 = VECTOR('',#17930,1.);
#17930 = DIRECTION('',(0.,0.,1.));
#17931 = ORIENTED_EDGE('',*,*,#14397,.F.);
#17932 = ORIENTED_EDGE('',*,*,#17926,.F.);
#17933 = CYLINDRICAL_SURFACE('',#17934,1.5);
#17934 = AXIS2_PLACEMENT_3D('',#17935,#17936,#17937);
#17935 = CARTESIAN_POINT('',(169.5,-78.25,-4.6E-02));
#17936 = DIRECTION('',(-0.,-0.,-1.));
#17937 = DIRECTION('',(-0.,-1.,0.));
#17938 = ADVANCED_FACE('',(#17939),#17950,.F.);
#17939 = FACE_BOUND('',#17940,.T.);
#17940 = EDGE_LOOP('',(#17941,#17942,#17948,#17949));
#17941 = ORIENTED_EDGE('',*,*,#11949,.T.);
#17942 = ORIENTED_EDGE('',*,*,#17943,.T.);
#17943 = EDGE_CURVE('',#11950,#14409,#17944,.T.);
#17944 = LINE('',#17945,#17946);
#17945 = CARTESIAN_POINT('',(187.5,-79.75,-4.6E-02));
#17946 = VECTOR('',#17947,1.);
#17947 = DIRECTION('',(0.,0.,1.));
#17948 = ORIENTED_EDGE('',*,*,#14408,.F.);
#17949 = ORIENTED_EDGE('',*,*,#17943,.F.);
#17950 = CYLINDRICAL_SURFACE('',#17951,1.5);
#17951 = AXIS2_PLACEMENT_3D('',#17952,#17953,#17954);
#17952 = CARTESIAN_POINT('',(187.5,-78.25,-4.6E-02));
#17953 = DIRECTION('',(-0.,-0.,-1.));
#17954 = DIRECTION('',(-0.,-1.,0.));
#17955 = ADVANCED_FACE('',(#17956),#17967,.F.);
#17956 = FACE_BOUND('',#17957,.T.);
#17957 = EDGE_LOOP('',(#17958,#17959,#17965,#17966));
#17958 = ORIENTED_EDGE('',*,*,#11960,.T.);
#17959 = ORIENTED_EDGE('',*,*,#17960,.T.);
#17960 = EDGE_CURVE('',#11961,#14420,#17961,.T.);
#17961 = LINE('',#17962,#17963);
#17962 = CARTESIAN_POINT('',(192.5,-81.95,-4.6E-02));
#17963 = VECTOR('',#17964,1.);
#17964 = DIRECTION('',(0.,0.,1.));
#17965 = ORIENTED_EDGE('',*,*,#14419,.F.);
#17966 = ORIENTED_EDGE('',*,*,#17960,.F.);
#17967 = CYLINDRICAL_SURFACE('',#17968,1.5);
#17968 = AXIS2_PLACEMENT_3D('',#17969,#17970,#17971);
#17969 = CARTESIAN_POINT('',(192.5,-80.45,-4.6E-02));
#17970 = DIRECTION('',(-0.,-0.,-1.));
#17971 = DIRECTION('',(-0.,-1.,0.));
#17972 = ADVANCED_FACE('',(#17973),#17984,.F.);
#17973 = FACE_BOUND('',#17974,.T.);
#17974 = EDGE_LOOP('',(#17975,#17976,#17982,#17983));
#17975 = ORIENTED_EDGE('',*,*,#11971,.T.);
#17976 = ORIENTED_EDGE('',*,*,#17977,.T.);
#17977 = EDGE_CURVE('',#11972,#14431,#17978,.T.);
#17978 = LINE('',#17979,#17980);
#17979 = CARTESIAN_POINT('',(156.5,-76.2145,-4.6E-02));
#17980 = VECTOR('',#17981,1.);
#17981 = DIRECTION('',(0.,0.,1.));
#17982 = ORIENTED_EDGE('',*,*,#14430,.F.);
#17983 = ORIENTED_EDGE('',*,*,#17977,.F.);
#17984 = CYLINDRICAL_SURFACE('',#17985,1.7145);
#17985 = AXIS2_PLACEMENT_3D('',#17986,#17987,#17988);
#17986 = CARTESIAN_POINT('',(156.5,-74.5,-4.6E-02));
#17987 = DIRECTION('',(-0.,-0.,-1.));
#17988 = DIRECTION('',(-0.,-1.,0.));
#17989 = ADVANCED_FACE('',(#17990),#18001,.F.);
#17990 = FACE_BOUND('',#17991,.T.);
#17991 = EDGE_LOOP('',(#17992,#17993,#17999,#18000));
#17992 = ORIENTED_EDGE('',*,*,#11982,.T.);
#17993 = ORIENTED_EDGE('',*,*,#17994,.T.);
#17994 = EDGE_CURVE('',#11983,#14442,#17995,.T.);
#17995 = LINE('',#17996,#17997);
#17996 = CARTESIAN_POINT('',(162.,-75.3509,-4.6E-02));
#17997 = VECTOR('',#17998,1.);
#17998 = DIRECTION('',(0.,0.,1.));
#17999 = ORIENTED_EDGE('',*,*,#14441,.F.);
#18000 = ORIENTED_EDGE('',*,*,#17994,.F.);
#18001 = CYLINDRICAL_SURFACE('',#18002,0.8509);
#18002 = AXIS2_PLACEMENT_3D('',#18003,#18004,#18005);
#18003 = CARTESIAN_POINT('',(162.,-74.5,-4.6E-02));
#18004 = DIRECTION('',(-0.,-0.,-1.));
#18005 = DIRECTION('',(-0.,-1.,0.));
#18006 = ADVANCED_FACE('',(#18007),#18018,.F.);
#18007 = FACE_BOUND('',#18008,.T.);
#18008 = EDGE_LOOP('',(#18009,#18010,#18016,#18017));
#18009 = ORIENTED_EDGE('',*,*,#11993,.T.);
#18010 = ORIENTED_EDGE('',*,*,#18011,.T.);
#18011 = EDGE_CURVE('',#11994,#14453,#18012,.T.);
#18012 = LINE('',#18013,#18014);
#18013 = CARTESIAN_POINT('',(169.,-75.3509,-4.6E-02));
#18014 = VECTOR('',#18015,1.);
#18015 = DIRECTION('',(0.,0.,1.));
#18016 = ORIENTED_EDGE('',*,*,#14452,.F.);
#18017 = ORIENTED_EDGE('',*,*,#18011,.F.);
#18018 = CYLINDRICAL_SURFACE('',#18019,0.8509);
#18019 = AXIS2_PLACEMENT_3D('',#18020,#18021,#18022);
#18020 = CARTESIAN_POINT('',(169.,-74.5,-4.6E-02));
#18021 = DIRECTION('',(-0.,-0.,-1.));
#18022 = DIRECTION('',(-0.,-1.,0.));
#18023 = ADVANCED_FACE('',(#18024),#18035,.F.);
#18024 = FACE_BOUND('',#18025,.T.);
#18025 = EDGE_LOOP('',(#18026,#18027,#18033,#18034));
#18026 = ORIENTED_EDGE('',*,*,#12004,.T.);
#18027 = ORIENTED_EDGE('',*,*,#18028,.T.);
#18028 = EDGE_CURVE('',#12005,#14464,#18029,.T.);
#18029 = LINE('',#18030,#18031);
#18030 = CARTESIAN_POINT('',(174.5,-76.2145,-4.6E-02));
#18031 = VECTOR('',#18032,1.);
#18032 = DIRECTION('',(0.,0.,1.));
#18033 = ORIENTED_EDGE('',*,*,#14463,.F.);
#18034 = ORIENTED_EDGE('',*,*,#18028,.F.);
#18035 = CYLINDRICAL_SURFACE('',#18036,1.7145);
#18036 = AXIS2_PLACEMENT_3D('',#18037,#18038,#18039);
#18037 = CARTESIAN_POINT('',(174.5,-74.5,-4.6E-02));
#18038 = DIRECTION('',(-0.,-0.,-1.));
#18039 = DIRECTION('',(-0.,-1.,0.));
#18040 = ADVANCED_FACE('',(#18041),#18052,.F.);
#18041 = FACE_BOUND('',#18042,.T.);
#18042 = EDGE_LOOP('',(#18043,#18044,#18050,#18051));
#18043 = ORIENTED_EDGE('',*,*,#12015,.T.);
#18044 = ORIENTED_EDGE('',*,*,#18045,.T.);
#18045 = EDGE_CURVE('',#12016,#14475,#18046,.T.);
#18046 = LINE('',#18047,#18048);
#18047 = CARTESIAN_POINT('',(161.72,-70.7953,-4.6E-02));
#18048 = VECTOR('',#18049,1.);
#18049 = DIRECTION('',(0.,0.,1.));
#18050 = ORIENTED_EDGE('',*,*,#14474,.F.);
#18051 = ORIENTED_EDGE('',*,*,#18045,.F.);
#18052 = CYLINDRICAL_SURFACE('',#18053,0.4953);
#18053 = AXIS2_PLACEMENT_3D('',#18054,#18055,#18056);
#18054 = CARTESIAN_POINT('',(161.72,-70.3,-4.6E-02));
#18055 = DIRECTION('',(-0.,-0.,-1.));
#18056 = DIRECTION('',(-5.738281734385E-14,-1.,0.));
#18057 = ADVANCED_FACE('',(#18058),#18069,.F.);
#18058 = FACE_BOUND('',#18059,.T.);
#18059 = EDGE_LOOP('',(#18060,#18061,#18067,#18068));
#18060 = ORIENTED_EDGE('',*,*,#12026,.T.);
#18061 = ORIENTED_EDGE('',*,*,#18062,.T.);
#18062 = EDGE_CURVE('',#12027,#14486,#18063,.T.);
#18063 = LINE('',#18064,#18065);
#18064 = CARTESIAN_POINT('',(180.,-75.3509,-4.6E-02));
#18065 = VECTOR('',#18066,1.);
#18066 = DIRECTION('',(0.,0.,1.));
#18067 = ORIENTED_EDGE('',*,*,#14485,.F.);
#18068 = ORIENTED_EDGE('',*,*,#18062,.F.);
#18069 = CYLINDRICAL_SURFACE('',#18070,0.8509);
#18070 = AXIS2_PLACEMENT_3D('',#18071,#18072,#18073);
#18071 = CARTESIAN_POINT('',(180.,-74.5,-4.6E-02));
#18072 = DIRECTION('',(-0.,-0.,-1.));
#18073 = DIRECTION('',(-0.,-1.,0.));
#18074 = ADVANCED_FACE('',(#18075),#18086,.F.);
#18075 = FACE_BOUND('',#18076,.T.);
#18076 = EDGE_LOOP('',(#18077,#18078,#18084,#18085));
#18077 = ORIENTED_EDGE('',*,*,#12037,.T.);
#18078 = ORIENTED_EDGE('',*,*,#18079,.T.);
#18079 = EDGE_CURVE('',#12038,#14497,#18080,.T.);
#18080 = LINE('',#18081,#18082);
#18081 = CARTESIAN_POINT('',(187.,-75.3509,-4.6E-02));
#18082 = VECTOR('',#18083,1.);
#18083 = DIRECTION('',(0.,0.,1.));
#18084 = ORIENTED_EDGE('',*,*,#14496,.F.);
#18085 = ORIENTED_EDGE('',*,*,#18079,.F.);
#18086 = CYLINDRICAL_SURFACE('',#18087,0.8509);
#18087 = AXIS2_PLACEMENT_3D('',#18088,#18089,#18090);
#18088 = CARTESIAN_POINT('',(187.,-74.5,-4.6E-02));
#18089 = DIRECTION('',(-0.,-0.,-1.));
#18090 = DIRECTION('',(-0.,-1.,0.));
#18091 = ADVANCED_FACE('',(#18092),#18103,.F.);
#18092 = FACE_BOUND('',#18093,.T.);
#18093 = EDGE_LOOP('',(#18094,#18095,#18101,#18102));
#18094 = ORIENTED_EDGE('',*,*,#12048,.T.);
#18095 = ORIENTED_EDGE('',*,*,#18096,.T.);
#18096 = EDGE_CURVE('',#12049,#14508,#18097,.T.);
#18097 = LINE('',#18098,#18099);
#18098 = CARTESIAN_POINT('',(192.5,-76.2145,-4.6E-02));
#18099 = VECTOR('',#18100,1.);
#18100 = DIRECTION('',(0.,0.,1.));
#18101 = ORIENTED_EDGE('',*,*,#14507,.F.);
#18102 = ORIENTED_EDGE('',*,*,#18096,.F.);
#18103 = CYLINDRICAL_SURFACE('',#18104,1.7145);
#18104 = AXIS2_PLACEMENT_3D('',#18105,#18106,#18107);
#18105 = CARTESIAN_POINT('',(192.5,-74.5,-4.6E-02));
#18106 = DIRECTION('',(-0.,-0.,-1.));
#18107 = DIRECTION('',(-0.,-1.,0.));
#18108 = ADVANCED_FACE('',(#18109),#18120,.F.);
#18109 = FACE_BOUND('',#18110,.T.);
#18110 = EDGE_LOOP('',(#18111,#18112,#18118,#18119));
#18111 = ORIENTED_EDGE('',*,*,#12059,.T.);
#18112 = ORIENTED_EDGE('',*,*,#18113,.T.);
#18113 = EDGE_CURVE('',#12060,#14519,#18114,.T.);
#18114 = LINE('',#18115,#18116);
#18115 = CARTESIAN_POINT('',(198.,-75.3509,-4.6E-02));
#18116 = VECTOR('',#18117,1.);
#18117 = DIRECTION('',(0.,0.,1.));
#18118 = ORIENTED_EDGE('',*,*,#14518,.F.);
#18119 = ORIENTED_EDGE('',*,*,#18113,.F.);
#18120 = CYLINDRICAL_SURFACE('',#18121,0.8509);
#18121 = AXIS2_PLACEMENT_3D('',#18122,#18123,#18124);
#18122 = CARTESIAN_POINT('',(198.,-74.5,-4.6E-02));
#18123 = DIRECTION('',(-0.,-0.,-1.));
#18124 = DIRECTION('',(-0.,-1.,0.));
#18125 = ADVANCED_FACE('',(#18126),#18137,.F.);
#18126 = FACE_BOUND('',#18127,.T.);
#18127 = EDGE_LOOP('',(#18128,#18129,#18135,#18136));
#18128 = ORIENTED_EDGE('',*,*,#12070,.T.);
#18129 = ORIENTED_EDGE('',*,*,#18130,.T.);
#18130 = EDGE_CURVE('',#12071,#14530,#18131,.T.);
#18131 = LINE('',#18132,#18133);
#18132 = CARTESIAN_POINT('',(179.72,-70.7953,-4.6E-02));
#18133 = VECTOR('',#18134,1.);
#18134 = DIRECTION('',(0.,0.,1.));
#18135 = ORIENTED_EDGE('',*,*,#14529,.F.);
#18136 = ORIENTED_EDGE('',*,*,#18130,.F.);
#18137 = CYLINDRICAL_SURFACE('',#18138,0.4953);
#18138 = AXIS2_PLACEMENT_3D('',#18139,#18140,#18141);
#18139 = CARTESIAN_POINT('',(179.72,-70.3,-4.6E-02));
#18140 = DIRECTION('',(-0.,-0.,-1.));
#18141 = DIRECTION('',(-5.738281734385E-14,-1.,0.));
#18142 = ADVANCED_FACE('',(#18143),#18154,.F.);
#18143 = FACE_BOUND('',#18144,.T.);
#18144 = EDGE_LOOP('',(#18145,#18146,#18152,#18153));
#18145 = ORIENTED_EDGE('',*,*,#12081,.T.);
#18146 = ORIENTED_EDGE('',*,*,#18147,.T.);
#18147 = EDGE_CURVE('',#12082,#14541,#18148,.T.);
#18148 = LINE('',#18149,#18150);
#18149 = CARTESIAN_POINT('',(197.72,-70.7953,-4.6E-02));
#18150 = VECTOR('',#18151,1.);
#18151 = DIRECTION('',(0.,0.,1.));
#18152 = ORIENTED_EDGE('',*,*,#14540,.F.);
#18153 = ORIENTED_EDGE('',*,*,#18147,.F.);
#18154 = CYLINDRICAL_SURFACE('',#18155,0.4953);
#18155 = AXIS2_PLACEMENT_3D('',#18156,#18157,#18158);
#18156 = CARTESIAN_POINT('',(197.72,-70.3,-4.6E-02));
#18157 = DIRECTION('',(-0.,-0.,-1.));
#18158 = DIRECTION('',(-5.738281734385E-14,-1.,0.));
#18159 = ADVANCED_FACE('',(#18160),#18171,.F.);
#18160 = FACE_BOUND('',#18161,.T.);
#18161 = EDGE_LOOP('',(#18162,#18163,#18169,#18170));
#18162 = ORIENTED_EDGE('',*,*,#12092,.T.);
#18163 = ORIENTED_EDGE('',*,*,#18164,.T.);
#18164 = EDGE_CURVE('',#12093,#14552,#18165,.T.);
#18165 = LINE('',#18166,#18167);
#18166 = CARTESIAN_POINT('',(120.5,-64.95,-4.6E-02));
#18167 = VECTOR('',#18168,1.);
#18168 = DIRECTION('',(0.,0.,1.));
#18169 = ORIENTED_EDGE('',*,*,#14551,.F.);
#18170 = ORIENTED_EDGE('',*,*,#18164,.F.);
#18171 = CYLINDRICAL_SURFACE('',#18172,1.5);
#18172 = AXIS2_PLACEMENT_3D('',#18173,#18174,#18175);
#18173 = CARTESIAN_POINT('',(120.5,-63.45,-4.6E-02));
#18174 = DIRECTION('',(-0.,-0.,-1.));
#18175 = DIRECTION('',(-0.,-1.,0.));
#18176 = ADVANCED_FACE('',(#18177),#18188,.F.);
#18177 = FACE_BOUND('',#18178,.T.);
#18178 = EDGE_LOOP('',(#18179,#18180,#18186,#18187));
#18179 = ORIENTED_EDGE('',*,*,#12103,.T.);
#18180 = ORIENTED_EDGE('',*,*,#18181,.T.);
#18181 = EDGE_CURVE('',#12104,#14563,#18182,.T.);
#18182 = LINE('',#18183,#18184);
#18183 = CARTESIAN_POINT('',(115.5,-62.75,-4.6E-02));
#18184 = VECTOR('',#18185,1.);
#18185 = DIRECTION('',(0.,0.,1.));
#18186 = ORIENTED_EDGE('',*,*,#14562,.F.);
#18187 = ORIENTED_EDGE('',*,*,#18181,.F.);
#18188 = CYLINDRICAL_SURFACE('',#18189,1.5);
#18189 = AXIS2_PLACEMENT_3D('',#18190,#18191,#18192);
#18190 = CARTESIAN_POINT('',(115.5,-61.25,-4.6E-02));
#18191 = DIRECTION('',(-0.,-0.,-1.));
#18192 = DIRECTION('',(-0.,-1.,0.));
#18193 = ADVANCED_FACE('',(#18194),#18205,.F.);
#18194 = FACE_BOUND('',#18195,.T.);
#18195 = EDGE_LOOP('',(#18196,#18197,#18203,#18204));
#18196 = ORIENTED_EDGE('',*,*,#12114,.T.);
#18197 = ORIENTED_EDGE('',*,*,#18198,.T.);
#18198 = EDGE_CURVE('',#12115,#14574,#18199,.T.);
#18199 = LINE('',#18200,#18201);
#18200 = CARTESIAN_POINT('',(138.5,-64.95,-4.6E-02));
#18201 = VECTOR('',#18202,1.);
#18202 = DIRECTION('',(0.,0.,1.));
#18203 = ORIENTED_EDGE('',*,*,#14573,.F.);
#18204 = ORIENTED_EDGE('',*,*,#18198,.F.);
#18205 = CYLINDRICAL_SURFACE('',#18206,1.5);
#18206 = AXIS2_PLACEMENT_3D('',#18207,#18208,#18209);
#18207 = CARTESIAN_POINT('',(138.5,-63.45,-4.6E-02));
#18208 = DIRECTION('',(-0.,-0.,-1.));
#18209 = DIRECTION('',(-0.,-1.,0.));
#18210 = ADVANCED_FACE('',(#18211),#18222,.F.);
#18211 = FACE_BOUND('',#18212,.T.);
#18212 = EDGE_LOOP('',(#18213,#18214,#18220,#18221));
#18213 = ORIENTED_EDGE('',*,*,#12125,.T.);
#18214 = ORIENTED_EDGE('',*,*,#18215,.T.);
#18215 = EDGE_CURVE('',#12126,#14585,#18216,.T.);
#18216 = LINE('',#18217,#18218);
#18217 = CARTESIAN_POINT('',(133.5,-62.75,-4.6E-02));
#18218 = VECTOR('',#18219,1.);
#18219 = DIRECTION('',(0.,0.,1.));
#18220 = ORIENTED_EDGE('',*,*,#14584,.F.);
#18221 = ORIENTED_EDGE('',*,*,#18215,.F.);
#18222 = CYLINDRICAL_SURFACE('',#18223,1.5);
#18223 = AXIS2_PLACEMENT_3D('',#18224,#18225,#18226);
#18224 = CARTESIAN_POINT('',(133.5,-61.25,-4.6E-02));
#18225 = DIRECTION('',(-0.,-0.,-1.));
#18226 = DIRECTION('',(-0.,-1.,0.));
#18227 = ADVANCED_FACE('',(#18228),#18239,.F.);
#18228 = FACE_BOUND('',#18229,.T.);
#18229 = EDGE_LOOP('',(#18230,#18231,#18237,#18238));
#18230 = ORIENTED_EDGE('',*,*,#12136,.T.);
#18231 = ORIENTED_EDGE('',*,*,#18232,.T.);
#18232 = EDGE_CURVE('',#12137,#14596,#18233,.T.);
#18233 = LINE('',#18234,#18235);
#18234 = CARTESIAN_POINT('',(151.5,-62.75,-4.6E-02));
#18235 = VECTOR('',#18236,1.);
#18236 = DIRECTION('',(0.,0.,1.));
#18237 = ORIENTED_EDGE('',*,*,#14595,.F.);
#18238 = ORIENTED_EDGE('',*,*,#18232,.F.);
#18239 = CYLINDRICAL_SURFACE('',#18240,1.5);
#18240 = AXIS2_PLACEMENT_3D('',#18241,#18242,#18243);
#18241 = CARTESIAN_POINT('',(151.5,-61.25,-4.6E-02));
#18242 = DIRECTION('',(-0.,-0.,-1.));
#18243 = DIRECTION('',(-0.,-1.,0.));
#18244 = ADVANCED_FACE('',(#18245),#18256,.F.);
#18245 = FACE_BOUND('',#18246,.T.);
#18246 = EDGE_LOOP('',(#18247,#18248,#18254,#18255));
#18247 = ORIENTED_EDGE('',*,*,#12147,.T.);
#18248 = ORIENTED_EDGE('',*,*,#18249,.T.);
#18249 = EDGE_CURVE('',#12148,#14607,#18250,.T.);
#18250 = LINE('',#18251,#18252);
#18251 = CARTESIAN_POINT('',(115.,-58.3509,-4.6E-02));
#18252 = VECTOR('',#18253,1.);
#18253 = DIRECTION('',(0.,0.,1.));
#18254 = ORIENTED_EDGE('',*,*,#14606,.F.);
#18255 = ORIENTED_EDGE('',*,*,#18249,.F.);
#18256 = CYLINDRICAL_SURFACE('',#18257,0.8509);
#18257 = AXIS2_PLACEMENT_3D('',#18258,#18259,#18260);
#18258 = CARTESIAN_POINT('',(115.,-57.5,-4.6E-02));
#18259 = DIRECTION('',(-0.,-0.,-1.));
#18260 = DIRECTION('',(-0.,-1.,0.));
#18261 = ADVANCED_FACE('',(#18262),#18273,.F.);
#18262 = FACE_BOUND('',#18263,.T.);
#18263 = EDGE_LOOP('',(#18264,#18265,#18271,#18272));
#18264 = ORIENTED_EDGE('',*,*,#12158,.T.);
#18265 = ORIENTED_EDGE('',*,*,#18266,.T.);
#18266 = EDGE_CURVE('',#12159,#14618,#18267,.T.);
#18267 = LINE('',#18268,#18269);
#18268 = CARTESIAN_POINT('',(120.5,-59.2145,-4.6E-02));
#18269 = VECTOR('',#18270,1.);
#18270 = DIRECTION('',(0.,0.,1.));
#18271 = ORIENTED_EDGE('',*,*,#14617,.F.);
#18272 = ORIENTED_EDGE('',*,*,#18266,.F.);
#18273 = CYLINDRICAL_SURFACE('',#18274,1.7145);
#18274 = AXIS2_PLACEMENT_3D('',#18275,#18276,#18277);
#18275 = CARTESIAN_POINT('',(120.5,-57.5,-4.6E-02));
#18276 = DIRECTION('',(-0.,-0.,-1.));
#18277 = DIRECTION('',(-0.,-1.,0.));
#18278 = ADVANCED_FACE('',(#18279),#18290,.F.);
#18279 = FACE_BOUND('',#18280,.T.);
#18280 = EDGE_LOOP('',(#18281,#18282,#18288,#18289));
#18281 = ORIENTED_EDGE('',*,*,#12169,.T.);
#18282 = ORIENTED_EDGE('',*,*,#18283,.T.);
#18283 = EDGE_CURVE('',#12170,#14629,#18284,.T.);
#18284 = LINE('',#18285,#18286);
#18285 = CARTESIAN_POINT('',(126.,-58.3509,-4.6E-02));
#18286 = VECTOR('',#18287,1.);
#18287 = DIRECTION('',(0.,0.,1.));
#18288 = ORIENTED_EDGE('',*,*,#14628,.F.);
#18289 = ORIENTED_EDGE('',*,*,#18283,.F.);
#18290 = CYLINDRICAL_SURFACE('',#18291,0.8509);
#18291 = AXIS2_PLACEMENT_3D('',#18292,#18293,#18294);
#18292 = CARTESIAN_POINT('',(126.,-57.5,-4.6E-02));
#18293 = DIRECTION('',(-0.,-0.,-1.));
#18294 = DIRECTION('',(-0.,-1.,0.));
#18295 = ADVANCED_FACE('',(#18296),#18307,.F.);
#18296 = FACE_BOUND('',#18297,.T.);
#18297 = EDGE_LOOP('',(#18298,#18299,#18305,#18306));
#18298 = ORIENTED_EDGE('',*,*,#12180,.T.);
#18299 = ORIENTED_EDGE('',*,*,#18300,.T.);
#18300 = EDGE_CURVE('',#12181,#14640,#18301,.T.);
#18301 = LINE('',#18302,#18303);
#18302 = CARTESIAN_POINT('',(133.,-58.3509,-4.6E-02));
#18303 = VECTOR('',#18304,1.);
#18304 = DIRECTION('',(0.,0.,1.));
#18305 = ORIENTED_EDGE('',*,*,#14639,.F.);
#18306 = ORIENTED_EDGE('',*,*,#18300,.F.);
#18307 = CYLINDRICAL_SURFACE('',#18308,0.8509);
#18308 = AXIS2_PLACEMENT_3D('',#18309,#18310,#18311);
#18309 = CARTESIAN_POINT('',(133.,-57.5,-4.6E-02));
#18310 = DIRECTION('',(-0.,-0.,-1.));
#18311 = DIRECTION('',(-0.,-1.,0.));
#18312 = ADVANCED_FACE('',(#18313),#18324,.F.);
#18313 = FACE_BOUND('',#18314,.T.);
#18314 = EDGE_LOOP('',(#18315,#18316,#18322,#18323));
#18315 = ORIENTED_EDGE('',*,*,#12191,.T.);
#18316 = ORIENTED_EDGE('',*,*,#18317,.T.);
#18317 = EDGE_CURVE('',#12192,#14651,#18318,.T.);
#18318 = LINE('',#18319,#18320);
#18319 = CARTESIAN_POINT('',(125.72,-53.7953,-4.6E-02));
#18320 = VECTOR('',#18321,1.);
#18321 = DIRECTION('',(0.,0.,1.));
#18322 = ORIENTED_EDGE('',*,*,#14650,.F.);
#18323 = ORIENTED_EDGE('',*,*,#18317,.F.);
#18324 = CYLINDRICAL_SURFACE('',#18325,0.4953);
#18325 = AXIS2_PLACEMENT_3D('',#18326,#18327,#18328);
#18326 = CARTESIAN_POINT('',(125.72,-53.3,-4.6E-02));
#18327 = DIRECTION('',(-0.,-0.,-1.));
#18328 = DIRECTION('',(-0.,-1.,0.));
#18329 = ADVANCED_FACE('',(#18330),#18341,.F.);
#18330 = FACE_BOUND('',#18331,.T.);
#18331 = EDGE_LOOP('',(#18332,#18333,#18339,#18340));
#18332 = ORIENTED_EDGE('',*,*,#12202,.T.);
#18333 = ORIENTED_EDGE('',*,*,#18334,.T.);
#18334 = EDGE_CURVE('',#12203,#14662,#18335,.T.);
#18335 = LINE('',#18336,#18337);
#18336 = CARTESIAN_POINT('',(138.5,-59.2145,-4.6E-02));
#18337 = VECTOR('',#18338,1.);
#18338 = DIRECTION('',(0.,0.,1.));
#18339 = ORIENTED_EDGE('',*,*,#14661,.F.);
#18340 = ORIENTED_EDGE('',*,*,#18334,.F.);
#18341 = CYLINDRICAL_SURFACE('',#18342,1.7145);
#18342 = AXIS2_PLACEMENT_3D('',#18343,#18344,#18345);
#18343 = CARTESIAN_POINT('',(138.5,-57.5,-4.6E-02));
#18344 = DIRECTION('',(-0.,-0.,-1.));
#18345 = DIRECTION('',(-0.,-1.,0.));
#18346 = ADVANCED_FACE('',(#18347),#18358,.F.);
#18347 = FACE_BOUND('',#18348,.T.);
#18348 = EDGE_LOOP('',(#18349,#18350,#18356,#18357));
#18349 = ORIENTED_EDGE('',*,*,#12213,.T.);
#18350 = ORIENTED_EDGE('',*,*,#18351,.T.);
#18351 = EDGE_CURVE('',#12214,#14673,#18352,.T.);
#18352 = LINE('',#18353,#18354);
#18353 = CARTESIAN_POINT('',(144.,-58.3509,-4.6E-02));
#18354 = VECTOR('',#18355,1.);
#18355 = DIRECTION('',(0.,0.,1.));
#18356 = ORIENTED_EDGE('',*,*,#14672,.F.);
#18357 = ORIENTED_EDGE('',*,*,#18351,.F.);
#18358 = CYLINDRICAL_SURFACE('',#18359,0.8509);
#18359 = AXIS2_PLACEMENT_3D('',#18360,#18361,#18362);
#18360 = CARTESIAN_POINT('',(144.,-57.5,-4.6E-02));
#18361 = DIRECTION('',(-0.,-0.,-1.));
#18362 = DIRECTION('',(-0.,-1.,0.));
#18363 = ADVANCED_FACE('',(#18364),#18375,.F.);
#18364 = FACE_BOUND('',#18365,.T.);
#18365 = EDGE_LOOP('',(#18366,#18367,#18373,#18374));
#18366 = ORIENTED_EDGE('',*,*,#12224,.T.);
#18367 = ORIENTED_EDGE('',*,*,#18368,.T.);
#18368 = EDGE_CURVE('',#12225,#14684,#18369,.T.);
#18369 = LINE('',#18370,#18371);
#18370 = CARTESIAN_POINT('',(151.,-58.3509,-4.6E-02));
#18371 = VECTOR('',#18372,1.);
#18372 = DIRECTION('',(0.,0.,1.));
#18373 = ORIENTED_EDGE('',*,*,#14683,.F.);
#18374 = ORIENTED_EDGE('',*,*,#18368,.F.);
#18375 = CYLINDRICAL_SURFACE('',#18376,0.8509);
#18376 = AXIS2_PLACEMENT_3D('',#18377,#18378,#18379);
#18377 = CARTESIAN_POINT('',(151.,-57.5,-4.6E-02));
#18378 = DIRECTION('',(-0.,-0.,-1.));
#18379 = DIRECTION('',(-0.,-1.,0.));
#18380 = ADVANCED_FACE('',(#18381),#18392,.F.);
#18381 = FACE_BOUND('',#18382,.T.);
#18382 = EDGE_LOOP('',(#18383,#18384,#18390,#18391));
#18383 = ORIENTED_EDGE('',*,*,#12235,.T.);
#18384 = ORIENTED_EDGE('',*,*,#18385,.T.);
#18385 = EDGE_CURVE('',#12236,#14695,#18386,.T.);
#18386 = LINE('',#18387,#18388);
#18387 = CARTESIAN_POINT('',(143.72,-53.7953,-4.6E-02));
#18388 = VECTOR('',#18389,1.);
#18389 = DIRECTION('',(0.,0.,1.));
#18390 = ORIENTED_EDGE('',*,*,#14694,.F.);
#18391 = ORIENTED_EDGE('',*,*,#18385,.F.);
#18392 = CYLINDRICAL_SURFACE('',#18393,0.4953);
#18393 = AXIS2_PLACEMENT_3D('',#18394,#18395,#18396);
#18394 = CARTESIAN_POINT('',(143.72,-53.3,-4.6E-02));
#18395 = DIRECTION('',(-0.,-0.,-1.));
#18396 = DIRECTION('',(-5.738281734384E-14,-1.,0.));
#18397 = ADVANCED_FACE('',(#18398),#18409,.F.);
#18398 = FACE_BOUND('',#18399,.T.);
#18399 = EDGE_LOOP('',(#18400,#18401,#18407,#18408));
#18400 = ORIENTED_EDGE('',*,*,#12246,.T.);
#18401 = ORIENTED_EDGE('',*,*,#18402,.T.);
#18402 = EDGE_CURVE('',#12247,#14706,#18403,.T.);
#18403 = LINE('',#18404,#18405);
#18404 = CARTESIAN_POINT('',(156.5,-64.95,-4.6E-02));
#18405 = VECTOR('',#18406,1.);
#18406 = DIRECTION('',(0.,0.,1.));
#18407 = ORIENTED_EDGE('',*,*,#14705,.F.);
#18408 = ORIENTED_EDGE('',*,*,#18402,.F.);
#18409 = CYLINDRICAL_SURFACE('',#18410,1.5);
#18410 = AXIS2_PLACEMENT_3D('',#18411,#18412,#18413);
#18411 = CARTESIAN_POINT('',(156.5,-63.45,-4.6E-02));
#18412 = DIRECTION('',(-0.,-0.,-1.));
#18413 = DIRECTION('',(-0.,-1.,0.));
#18414 = ADVANCED_FACE('',(#18415),#18426,.F.);
#18415 = FACE_BOUND('',#18416,.T.);
#18416 = EDGE_LOOP('',(#18417,#18418,#18424,#18425));
#18417 = ORIENTED_EDGE('',*,*,#12257,.T.);
#18418 = ORIENTED_EDGE('',*,*,#18419,.T.);
#18419 = EDGE_CURVE('',#12258,#14717,#18420,.T.);
#18420 = LINE('',#18421,#18422);
#18421 = CARTESIAN_POINT('',(174.5,-64.95,-4.6E-02));
#18422 = VECTOR('',#18423,1.);
#18423 = DIRECTION('',(0.,0.,1.));
#18424 = ORIENTED_EDGE('',*,*,#14716,.F.);
#18425 = ORIENTED_EDGE('',*,*,#18419,.F.);
#18426 = CYLINDRICAL_SURFACE('',#18427,1.5);
#18427 = AXIS2_PLACEMENT_3D('',#18428,#18429,#18430);
#18428 = CARTESIAN_POINT('',(174.5,-63.45,-4.6E-02));
#18429 = DIRECTION('',(-0.,-0.,-1.));
#18430 = DIRECTION('',(-0.,-1.,0.));
#18431 = ADVANCED_FACE('',(#18432),#18443,.F.);
#18432 = FACE_BOUND('',#18433,.T.);
#18433 = EDGE_LOOP('',(#18434,#18435,#18441,#18442));
#18434 = ORIENTED_EDGE('',*,*,#12268,.T.);
#18435 = ORIENTED_EDGE('',*,*,#18436,.T.);
#18436 = EDGE_CURVE('',#12269,#14728,#18437,.T.);
#18437 = LINE('',#18438,#18439);
#18438 = CARTESIAN_POINT('',(169.5,-62.75,-4.6E-02));
#18439 = VECTOR('',#18440,1.);
#18440 = DIRECTION('',(0.,0.,1.));
#18441 = ORIENTED_EDGE('',*,*,#14727,.F.);
#18442 = ORIENTED_EDGE('',*,*,#18436,.F.);
#18443 = CYLINDRICAL_SURFACE('',#18444,1.5);
#18444 = AXIS2_PLACEMENT_3D('',#18445,#18446,#18447);
#18445 = CARTESIAN_POINT('',(169.5,-61.25,-4.6E-02));
#18446 = DIRECTION('',(-0.,-0.,-1.));
#18447 = DIRECTION('',(-0.,-1.,0.));
#18448 = ADVANCED_FACE('',(#18449),#18460,.F.);
#18449 = FACE_BOUND('',#18450,.T.);
#18450 = EDGE_LOOP('',(#18451,#18452,#18458,#18459));
#18451 = ORIENTED_EDGE('',*,*,#12279,.T.);
#18452 = ORIENTED_EDGE('',*,*,#18453,.T.);
#18453 = EDGE_CURVE('',#12280,#14739,#18454,.T.);
#18454 = LINE('',#18455,#18456);
#18455 = CARTESIAN_POINT('',(187.5,-62.75,-4.6E-02));
#18456 = VECTOR('',#18457,1.);
#18457 = DIRECTION('',(0.,0.,1.));
#18458 = ORIENTED_EDGE('',*,*,#14738,.F.);
#18459 = ORIENTED_EDGE('',*,*,#18453,.F.);
#18460 = CYLINDRICAL_SURFACE('',#18461,1.5);
#18461 = AXIS2_PLACEMENT_3D('',#18462,#18463,#18464);
#18462 = CARTESIAN_POINT('',(187.5,-61.25,-4.6E-02));
#18463 = DIRECTION('',(-0.,-0.,-1.));
#18464 = DIRECTION('',(-0.,-1.,0.));
#18465 = ADVANCED_FACE('',(#18466),#18477,.F.);
#18466 = FACE_BOUND('',#18467,.T.);
#18467 = EDGE_LOOP('',(#18468,#18469,#18475,#18476));
#18468 = ORIENTED_EDGE('',*,*,#12290,.T.);
#18469 = ORIENTED_EDGE('',*,*,#18470,.T.);
#18470 = EDGE_CURVE('',#12291,#14750,#18471,.T.);
#18471 = LINE('',#18472,#18473);
#18472 = CARTESIAN_POINT('',(192.5,-64.95,-4.6E-02));
#18473 = VECTOR('',#18474,1.);
#18474 = DIRECTION('',(0.,0.,1.));
#18475 = ORIENTED_EDGE('',*,*,#14749,.F.);
#18476 = ORIENTED_EDGE('',*,*,#18470,.F.);
#18477 = CYLINDRICAL_SURFACE('',#18478,1.5);
#18478 = AXIS2_PLACEMENT_3D('',#18479,#18480,#18481);
#18479 = CARTESIAN_POINT('',(192.5,-63.45,-4.6E-02));
#18480 = DIRECTION('',(-0.,-0.,-1.));
#18481 = DIRECTION('',(-0.,-1.,0.));
#18482 = ADVANCED_FACE('',(#18483),#18494,.F.);
#18483 = FACE_BOUND('',#18484,.T.);
#18484 = EDGE_LOOP('',(#18485,#18486,#18492,#18493));
#18485 = ORIENTED_EDGE('',*,*,#12301,.T.);
#18486 = ORIENTED_EDGE('',*,*,#18487,.T.);
#18487 = EDGE_CURVE('',#12302,#14761,#18488,.T.);
#18488 = LINE('',#18489,#18490);
#18489 = CARTESIAN_POINT('',(156.5,-59.2145,-4.6E-02));
#18490 = VECTOR('',#18491,1.);
#18491 = DIRECTION('',(0.,0.,1.));
#18492 = ORIENTED_EDGE('',*,*,#14760,.F.);
#18493 = ORIENTED_EDGE('',*,*,#18487,.F.);
#18494 = CYLINDRICAL_SURFACE('',#18495,1.7145);
#18495 = AXIS2_PLACEMENT_3D('',#18496,#18497,#18498);
#18496 = CARTESIAN_POINT('',(156.5,-57.5,-4.6E-02));
#18497 = DIRECTION('',(-0.,-0.,-1.));
#18498 = DIRECTION('',(-0.,-1.,0.));
#18499 = ADVANCED_FACE('',(#18500),#18511,.F.);
#18500 = FACE_BOUND('',#18501,.T.);
#18501 = EDGE_LOOP('',(#18502,#18503,#18509,#18510));
#18502 = ORIENTED_EDGE('',*,*,#12312,.T.);
#18503 = ORIENTED_EDGE('',*,*,#18504,.T.);
#18504 = EDGE_CURVE('',#12313,#14772,#18505,.T.);
#18505 = LINE('',#18506,#18507);
#18506 = CARTESIAN_POINT('',(162.,-58.3509,-4.6E-02));
#18507 = VECTOR('',#18508,1.);
#18508 = DIRECTION('',(0.,0.,1.));
#18509 = ORIENTED_EDGE('',*,*,#14771,.F.);
#18510 = ORIENTED_EDGE('',*,*,#18504,.F.);
#18511 = CYLINDRICAL_SURFACE('',#18512,0.8509);
#18512 = AXIS2_PLACEMENT_3D('',#18513,#18514,#18515);
#18513 = CARTESIAN_POINT('',(162.,-57.5,-4.6E-02));
#18514 = DIRECTION('',(-0.,-0.,-1.));
#18515 = DIRECTION('',(-0.,-1.,0.));
#18516 = ADVANCED_FACE('',(#18517),#18528,.F.);
#18517 = FACE_BOUND('',#18518,.T.);
#18518 = EDGE_LOOP('',(#18519,#18520,#18526,#18527));
#18519 = ORIENTED_EDGE('',*,*,#12323,.T.);
#18520 = ORIENTED_EDGE('',*,*,#18521,.T.);
#18521 = EDGE_CURVE('',#12324,#14783,#18522,.T.);
#18522 = LINE('',#18523,#18524);
#18523 = CARTESIAN_POINT('',(169.,-58.3509,-4.6E-02));
#18524 = VECTOR('',#18525,1.);
#18525 = DIRECTION('',(0.,0.,1.));
#18526 = ORIENTED_EDGE('',*,*,#14782,.F.);
#18527 = ORIENTED_EDGE('',*,*,#18521,.F.);
#18528 = CYLINDRICAL_SURFACE('',#18529,0.8509);
#18529 = AXIS2_PLACEMENT_3D('',#18530,#18531,#18532);
#18530 = CARTESIAN_POINT('',(169.,-57.5,-4.6E-02));
#18531 = DIRECTION('',(-0.,-0.,-1.));
#18532 = DIRECTION('',(-0.,-1.,0.));
#18533 = ADVANCED_FACE('',(#18534),#18545,.F.);
#18534 = FACE_BOUND('',#18535,.T.);
#18535 = EDGE_LOOP('',(#18536,#18537,#18543,#18544));
#18536 = ORIENTED_EDGE('',*,*,#12334,.T.);
#18537 = ORIENTED_EDGE('',*,*,#18538,.T.);
#18538 = EDGE_CURVE('',#12335,#14794,#18539,.T.);
#18539 = LINE('',#18540,#18541);
#18540 = CARTESIAN_POINT('',(174.5,-59.2145,-4.6E-02));
#18541 = VECTOR('',#18542,1.);
#18542 = DIRECTION('',(0.,0.,1.));
#18543 = ORIENTED_EDGE('',*,*,#14793,.F.);
#18544 = ORIENTED_EDGE('',*,*,#18538,.F.);
#18545 = CYLINDRICAL_SURFACE('',#18546,1.7145);
#18546 = AXIS2_PLACEMENT_3D('',#18547,#18548,#18549);
#18547 = CARTESIAN_POINT('',(174.5,-57.5,-4.6E-02));
#18548 = DIRECTION('',(-0.,-0.,-1.));
#18549 = DIRECTION('',(-0.,-1.,0.));
#18550 = ADVANCED_FACE('',(#18551),#18562,.F.);
#18551 = FACE_BOUND('',#18552,.T.);
#18552 = EDGE_LOOP('',(#18553,#18554,#18560,#18561));
#18553 = ORIENTED_EDGE('',*,*,#12345,.T.);
#18554 = ORIENTED_EDGE('',*,*,#18555,.T.);
#18555 = EDGE_CURVE('',#12346,#14805,#18556,.T.);
#18556 = LINE('',#18557,#18558);
#18557 = CARTESIAN_POINT('',(161.72,-53.7953,-4.6E-02));
#18558 = VECTOR('',#18559,1.);
#18559 = DIRECTION('',(0.,0.,1.));
#18560 = ORIENTED_EDGE('',*,*,#14804,.F.);
#18561 = ORIENTED_EDGE('',*,*,#18555,.F.);
#18562 = CYLINDRICAL_SURFACE('',#18563,0.4953);
#18563 = AXIS2_PLACEMENT_3D('',#18564,#18565,#18566);
#18564 = CARTESIAN_POINT('',(161.72,-53.3,-4.6E-02));
#18565 = DIRECTION('',(-0.,-0.,-1.));
#18566 = DIRECTION('',(-5.738281734384E-14,-1.,0.));
#18567 = ADVANCED_FACE('',(#18568),#18579,.F.);
#18568 = FACE_BOUND('',#18569,.T.);
#18569 = EDGE_LOOP('',(#18570,#18571,#18577,#18578));
#18570 = ORIENTED_EDGE('',*,*,#12356,.T.);
#18571 = ORIENTED_EDGE('',*,*,#18572,.T.);
#18572 = EDGE_CURVE('',#12357,#14816,#18573,.T.);
#18573 = LINE('',#18574,#18575);
#18574 = CARTESIAN_POINT('',(180.,-58.3509,-4.6E-02));
#18575 = VECTOR('',#18576,1.);
#18576 = DIRECTION('',(0.,0.,1.));
#18577 = ORIENTED_EDGE('',*,*,#14815,.F.);
#18578 = ORIENTED_EDGE('',*,*,#18572,.F.);
#18579 = CYLINDRICAL_SURFACE('',#18580,0.8509);
#18580 = AXIS2_PLACEMENT_3D('',#18581,#18582,#18583);
#18581 = CARTESIAN_POINT('',(180.,-57.5,-4.6E-02));
#18582 = DIRECTION('',(-0.,-0.,-1.));
#18583 = DIRECTION('',(-0.,-1.,0.));
#18584 = ADVANCED_FACE('',(#18585),#18596,.F.);
#18585 = FACE_BOUND('',#18586,.T.);
#18586 = EDGE_LOOP('',(#18587,#18588,#18594,#18595));
#18587 = ORIENTED_EDGE('',*,*,#12367,.T.);
#18588 = ORIENTED_EDGE('',*,*,#18589,.T.);
#18589 = EDGE_CURVE('',#12368,#14827,#18590,.T.);
#18590 = LINE('',#18591,#18592);
#18591 = CARTESIAN_POINT('',(187.,-58.3509,-4.6E-02));
#18592 = VECTOR('',#18593,1.);
#18593 = DIRECTION('',(0.,0.,1.));
#18594 = ORIENTED_EDGE('',*,*,#14826,.F.);
#18595 = ORIENTED_EDGE('',*,*,#18589,.F.);
#18596 = CYLINDRICAL_SURFACE('',#18597,0.8509);
#18597 = AXIS2_PLACEMENT_3D('',#18598,#18599,#18600);
#18598 = CARTESIAN_POINT('',(187.,-57.5,-4.6E-02));
#18599 = DIRECTION('',(-0.,-0.,-1.));
#18600 = DIRECTION('',(-0.,-1.,0.));
#18601 = ADVANCED_FACE('',(#18602),#18613,.F.);
#18602 = FACE_BOUND('',#18603,.T.);
#18603 = EDGE_LOOP('',(#18604,#18605,#18611,#18612));
#18604 = ORIENTED_EDGE('',*,*,#12378,.T.);
#18605 = ORIENTED_EDGE('',*,*,#18606,.T.);
#18606 = EDGE_CURVE('',#12379,#14838,#18607,.T.);
#18607 = LINE('',#18608,#18609);
#18608 = CARTESIAN_POINT('',(192.5,-59.2145,-4.6E-02));
#18609 = VECTOR('',#18610,1.);
#18610 = DIRECTION('',(0.,0.,1.));
#18611 = ORIENTED_EDGE('',*,*,#14837,.F.);
#18612 = ORIENTED_EDGE('',*,*,#18606,.F.);
#18613 = CYLINDRICAL_SURFACE('',#18614,1.7145);
#18614 = AXIS2_PLACEMENT_3D('',#18615,#18616,#18617);
#18615 = CARTESIAN_POINT('',(192.5,-57.5,-4.6E-02));
#18616 = DIRECTION('',(-0.,-0.,-1.));
#18617 = DIRECTION('',(-0.,-1.,0.));
#18618 = ADVANCED_FACE('',(#18619),#18630,.F.);
#18619 = FACE_BOUND('',#18620,.T.);
#18620 = EDGE_LOOP('',(#18621,#18622,#18628,#18629));
#18621 = ORIENTED_EDGE('',*,*,#12389,.T.);
#18622 = ORIENTED_EDGE('',*,*,#18623,.T.);
#18623 = EDGE_CURVE('',#12390,#14849,#18624,.T.);
#18624 = LINE('',#18625,#18626);
#18625 = CARTESIAN_POINT('',(198.,-58.3509,-4.6E-02));
#18626 = VECTOR('',#18627,1.);
#18627 = DIRECTION('',(0.,0.,1.));
#18628 = ORIENTED_EDGE('',*,*,#14848,.F.);
#18629 = ORIENTED_EDGE('',*,*,#18623,.F.);
#18630 = CYLINDRICAL_SURFACE('',#18631,0.8509);
#18631 = AXIS2_PLACEMENT_3D('',#18632,#18633,#18634);
#18632 = CARTESIAN_POINT('',(198.,-57.5,-4.6E-02));
#18633 = DIRECTION('',(-0.,-0.,-1.));
#18634 = DIRECTION('',(-0.,-1.,0.));
#18635 = ADVANCED_FACE('',(#18636),#18647,.F.);
#18636 = FACE_BOUND('',#18637,.T.);
#18637 = EDGE_LOOP('',(#18638,#18639,#18645,#18646));
#18638 = ORIENTED_EDGE('',*,*,#12400,.T.);
#18639 = ORIENTED_EDGE('',*,*,#18640,.T.);
#18640 = EDGE_CURVE('',#12401,#14860,#18641,.T.);
#18641 = LINE('',#18642,#18643);
#18642 = CARTESIAN_POINT('',(179.72,-53.7953,-4.6E-02));
#18643 = VECTOR('',#18644,1.);
#18644 = DIRECTION('',(0.,0.,1.));
#18645 = ORIENTED_EDGE('',*,*,#14859,.F.);
#18646 = ORIENTED_EDGE('',*,*,#18640,.F.);
#18647 = CYLINDRICAL_SURFACE('',#18648,0.4953);
#18648 = AXIS2_PLACEMENT_3D('',#18649,#18650,#18651);
#18649 = CARTESIAN_POINT('',(179.72,-53.3,-4.6E-02));
#18650 = DIRECTION('',(-0.,-0.,-1.));
#18651 = DIRECTION('',(-5.738281734384E-14,-1.,0.));
#18652 = ADVANCED_FACE('',(#18653),#18664,.F.);
#18653 = FACE_BOUND('',#18654,.T.);
#18654 = EDGE_LOOP('',(#18655,#18656,#18662,#18663));
#18655 = ORIENTED_EDGE('',*,*,#12411,.T.);
#18656 = ORIENTED_EDGE('',*,*,#18657,.T.);
#18657 = EDGE_CURVE('',#12412,#14871,#18658,.T.);
#18658 = LINE('',#18659,#18660);
#18659 = CARTESIAN_POINT('',(197.72,-53.7953,-4.6E-02));
#18660 = VECTOR('',#18661,1.);
#18661 = DIRECTION('',(0.,0.,1.));
#18662 = ORIENTED_EDGE('',*,*,#14870,.F.);
#18663 = ORIENTED_EDGE('',*,*,#18657,.F.);
#18664 = CYLINDRICAL_SURFACE('',#18665,0.4953);
#18665 = AXIS2_PLACEMENT_3D('',#18666,#18667,#18668);
#18666 = CARTESIAN_POINT('',(197.72,-53.3,-4.6E-02));
#18667 = DIRECTION('',(-0.,-0.,-1.));
#18668 = DIRECTION('',(-5.738281734384E-14,-1.,0.));
#18669 = ( GEOMETRIC_REPRESENTATION_CONTEXT(3) 
GLOBAL_UNCERTAINTY_ASSIGNED_CONTEXT((#18673)) 
GLOBAL_UNIT_ASSIGNED_CONTEXT((#18670,#18671,#18672)) 
REPRESENTATION_CONTEXT('Context #1',
  '3D Context with UNIT and UNCERTAINTY') );
#18670 = ( LENGTH_UNIT() NAMED_UNIT(*) SI_UNIT(.MILLI.,.METRE.) );
#18671 = ( NAMED_UNIT(*) PLANE_ANGLE_UNIT() SI_UNIT($,.RADIAN.) );
#18672 = ( NAMED_UNIT(*) SI_UNIT($,.STERADIAN.) SOLID_ANGLE_UNIT() );
#18673 = UNCERTAINTY_MEASURE_WITH_UNIT(LENGTH_MEASURE(1.E-07),#18670,
  'distance_accuracy_value','confusion accuracy');
#18674 = CONTEXT_DEPENDENT_SHAPE_REPRESENTATION(#18675,#18677);
#18675 = ( REPRESENTATION_RELATIONSHIP('','',#9860,#10) 
REPRESENTATION_RELATIONSHIP_WITH_TRANSFORMATION(#18676) 
SHAPE_REPRESENTATION_RELATIONSHIP() );
#18676 = ITEM_DEFINED_TRANSFORMATION('','',#11,#183);
#18677 = PRODUCT_DEFINITION_SHAPE('Placement','Placement of an item',
  #18678);
#18678 = NEXT_ASSEMBLY_USAGE_OCCURRENCE('47','=>[0:1:1:10]','',#5,#9855,
  $);
#18679 = PRODUCT_RELATED_PRODUCT_CATEGORY('part',$,(#9857));
#18680 = MECHANICAL_DESIGN_GEOMETRIC_PRESENTATION_REPRESENTATION('',(
    #18681),#18669);
#18681 = STYLED_ITEM('color',(#18682),#9861);
#18682 = PRESENTATION_STYLE_ASSIGNMENT((#18683));
#18683 = SURFACE_STYLE_USAGE(.BOTH.,#18684);
#18684 = SURFACE_SIDE_STYLE('',(#18685));
#18685 = SURFACE_STYLE_FILL_AREA(#18686);
#18686 = FILL_AREA_STYLE('',(#18687));
#18687 = FILL_AREA_STYLE_COLOUR('',#18688);
#18688 = COLOUR_RGB('',0.313304153717,0.484529207832,0.410020903123);
#18689 = MECHANICAL_DESIGN_GEOMETRIC_PRESENTATION_REPRESENTATION('',(
    #18690,#18698,#18705,#18712,#18719,#18726,#18734,#18741,#18748,
    #18755,#18762,#18769,#18776,#18783,#18790,#18797,#18804,#18811,
    #18818,#18825,#18832,#18839,#18846,#18853,#18860,#18867,#18874,
    #18881,#18888,#18895,#18902,#18909,#18916,#18923,#18930,#18937,
    #18944,#18951,#18958,#18965,#18972,#18979,#18986,#18993,#19000,
    #19007,#19014,#19021,#19028,#19035,#19042,#19049,#19056,#19063,
    #19070,#19077,#19084,#19091,#19098,#19105,#19112,#19119,#19126,
    #19133,#19140,#19147,#19154,#19161,#19168,#19175,#19182,#19189,
    #19196,#19203,#19210,#19217,#19224,#19231,#19238,#19245,#19252,
    #19259,#19266,#19273,#19280,#19287,#19294,#19301,#19308,#19315,
    #19322,#19329,#19336,#19343,#19350,#19357,#19364,#19371,#19378,
    #19385,#19392,#19399,#19406,#19413,#19420,#19427,#19434,#19441,
    #19448,#19455,#19462,#19469,#19476,#19483,#19490,#19497,#19504,
    #19511,#19518,#19525,#19532,#19539,#19546,#19553,#19560,#19567,
    #19574,#19581,#19588,#19595,#19602,#19609,#19616,#19623,#19630,
    #19637,#19644,#19651,#19658,#19665,#19672,#19679,#19686,#19693,
    #19700,#19707,#19714,#19721,#19728,#19735,#19742,#19749,#19756,
    #19763,#19770,#19777,#19784,#19791,#19798,#19805,#19812,#19819,
    #19826,#19833,#19840,#19847,#19854,#19861,#19868,#19875,#19882,
    #19889,#19896,#19903,#19910,#19917,#19924,#19931,#19938,#19945,
    #19952,#19960),#9842);
#18690 = STYLED_ITEM('color',(#18691),#3874);
#18691 = PRESENTATION_STYLE_ASSIGNMENT((#18692));
#18692 = SURFACE_STYLE_USAGE(.BOTH.,#18693);
#18693 = SURFACE_SIDE_STYLE('',(#18694));
#18694 = SURFACE_STYLE_FILL_AREA(#18695);
#18695 = FILL_AREA_STYLE('',(#18696));
#18696 = FILL_AREA_STYLE_COLOUR('',#18697);
#18697 = COLOUR_RGB('',0.823999987314,0.819999987296,0.781000009244);
#18698 = STYLED_ITEM('color',(#18699),#3915);
#18699 = PRESENTATION_STYLE_ASSIGNMENT((#18700));
#18700 = SURFACE_STYLE_USAGE(.BOTH.,#18701);
#18701 = SURFACE_SIDE_STYLE('',(#18702));
#18702 = SURFACE_STYLE_FILL_AREA(#18703);
#18703 = FILL_AREA_STYLE('',(#18704));
#18704 = FILL_AREA_STYLE_COLOUR('',#18697);
#18705 = STYLED_ITEM('color',(#18706),#3962);
#18706 = PRESENTATION_STYLE_ASSIGNMENT((#18707));
#18707 = SURFACE_STYLE_USAGE(.BOTH.,#18708);
#18708 = SURFACE_SIDE_STYLE('',(#18709));
#18709 = SURFACE_STYLE_FILL_AREA(#18710);
#18710 = FILL_AREA_STYLE('',(#18711));
#18711 = FILL_AREA_STYLE_COLOUR('',#18697);
#18712 = STYLED_ITEM('color',(#18713),#3987);
#18713 = PRESENTATION_STYLE_ASSIGNMENT((#18714));
#18714 = SURFACE_STYLE_USAGE(.BOTH.,#18715);
#18715 = SURFACE_SIDE_STYLE('',(#18716));
#18716 = SURFACE_STYLE_FILL_AREA(#18717);
#18717 = FILL_AREA_STYLE('',(#18718));
#18718 = FILL_AREA_STYLE_COLOUR('',#18697);
#18719 = STYLED_ITEM('color',(#18720),#4027);
#18720 = PRESENTATION_STYLE_ASSIGNMENT((#18721));
#18721 = SURFACE_STYLE_USAGE(.BOTH.,#18722);
#18722 = SURFACE_SIDE_STYLE('',(#18723));
#18723 = SURFACE_STYLE_FILL_AREA(#18724);
#18724 = FILL_AREA_STYLE('',(#18725));
#18725 = FILL_AREA_STYLE_COLOUR('',#18697);
#18726 = STYLED_ITEM('color',(#18727),#4044);
#18727 = PRESENTATION_STYLE_ASSIGNMENT((#18728));
#18728 = SURFACE_STYLE_USAGE(.BOTH.,#18729);
#18729 = SURFACE_SIDE_STYLE('',(#18730));
#18730 = SURFACE_STYLE_FILL_AREA(#18731);
#18731 = FILL_AREA_STYLE('',(#18732));
#18732 = FILL_AREA_STYLE_COLOUR('',#18733);
#18733 = COLOUR_RGB('',0.147999998088,0.145000001626,0.145000001626);
#18734 = STYLED_ITEM('color',(#18735),#5026);
#18735 = PRESENTATION_STYLE_ASSIGNMENT((#18736));
#18736 = SURFACE_STYLE_USAGE(.BOTH.,#18737);
#18737 = SURFACE_SIDE_STYLE('',(#18738));
#18738 = SURFACE_STYLE_FILL_AREA(#18739);
#18739 = FILL_AREA_STYLE('',(#18740));
#18740 = FILL_AREA_STYLE_COLOUR('',#18733);
#18741 = STYLED_ITEM('color',(#18742),#5204);
#18742 = PRESENTATION_STYLE_ASSIGNMENT((#18743));
#18743 = SURFACE_STYLE_USAGE(.BOTH.,#18744);
#18744 = SURFACE_SIDE_STYLE('',(#18745));
#18745 = SURFACE_STYLE_FILL_AREA(#18746);
#18746 = FILL_AREA_STYLE('',(#18747));
#18747 = FILL_AREA_STYLE_COLOUR('',#18697);
#18748 = STYLED_ITEM('color',(#18749),#5216);
#18749 = PRESENTATION_STYLE_ASSIGNMENT((#18750));
#18750 = SURFACE_STYLE_USAGE(.BOTH.,#18751);
#18751 = SURFACE_SIDE_STYLE('',(#18752));
#18752 = SURFACE_STYLE_FILL_AREA(#18753);
#18753 = FILL_AREA_STYLE('',(#18754));
#18754 = FILL_AREA_STYLE_COLOUR('',#18733);
#18755 = STYLED_ITEM('color',(#18756),#5401);
#18756 = PRESENTATION_STYLE_ASSIGNMENT((#18757));
#18757 = SURFACE_STYLE_USAGE(.BOTH.,#18758);
#18758 = SURFACE_SIDE_STYLE('',(#18759));
#18759 = SURFACE_STYLE_FILL_AREA(#18760);
#18760 = FILL_AREA_STYLE('',(#18761));
#18761 = FILL_AREA_STYLE_COLOUR('',#18697);
#18762 = STYLED_ITEM('color',(#18763),#5441);
#18763 = PRESENTATION_STYLE_ASSIGNMENT((#18764));
#18764 = SURFACE_STYLE_USAGE(.BOTH.,#18765);
#18765 = SURFACE_SIDE_STYLE('',(#18766));
#18766 = SURFACE_STYLE_FILL_AREA(#18767);
#18767 = FILL_AREA_STYLE('',(#18768));
#18768 = FILL_AREA_STYLE_COLOUR('',#18697);
#18769 = STYLED_ITEM('color',(#18770),#5481);
#18770 = PRESENTATION_STYLE_ASSIGNMENT((#18771));
#18771 = SURFACE_STYLE_USAGE(.BOTH.,#18772);
#18772 = SURFACE_SIDE_STYLE('',(#18773));
#18773 = SURFACE_STYLE_FILL_AREA(#18774);
#18774 = FILL_AREA_STYLE('',(#18775));
#18775 = FILL_AREA_STYLE_COLOUR('',#18697);
#18776 = STYLED_ITEM('color',(#18777),#5506);
#18777 = PRESENTATION_STYLE_ASSIGNMENT((#18778));
#18778 = SURFACE_STYLE_USAGE(.BOTH.,#18779);
#18779 = SURFACE_SIDE_STYLE('',(#18780));
#18780 = SURFACE_STYLE_FILL_AREA(#18781);
#18781 = FILL_AREA_STYLE('',(#18782));
#18782 = FILL_AREA_STYLE_COLOUR('',#18697);
#18783 = STYLED_ITEM('color',(#18784),#5531);
#18784 = PRESENTATION_STYLE_ASSIGNMENT((#18785));
#18785 = SURFACE_STYLE_USAGE(.BOTH.,#18786);
#18786 = SURFACE_SIDE_STYLE('',(#18787));
#18787 = SURFACE_STYLE_FILL_AREA(#18788);
#18788 = FILL_AREA_STYLE('',(#18789));
#18789 = FILL_AREA_STYLE_COLOUR('',#18697);
#18790 = STYLED_ITEM('color',(#18791),#5564);
#18791 = PRESENTATION_STYLE_ASSIGNMENT((#18792));
#18792 = SURFACE_STYLE_USAGE(.BOTH.,#18793);
#18793 = SURFACE_SIDE_STYLE('',(#18794));
#18794 = SURFACE_STYLE_FILL_AREA(#18795);
#18795 = FILL_AREA_STYLE('',(#18796));
#18796 = FILL_AREA_STYLE_COLOUR('',#18697);
#18797 = STYLED_ITEM('color',(#18798),#5597);
#18798 = PRESENTATION_STYLE_ASSIGNMENT((#18799));
#18799 = SURFACE_STYLE_USAGE(.BOTH.,#18800);
#18800 = SURFACE_SIDE_STYLE('',(#18801));
#18801 = SURFACE_STYLE_FILL_AREA(#18802);
#18802 = FILL_AREA_STYLE('',(#18803));
#18803 = FILL_AREA_STYLE_COLOUR('',#18697);
#18804 = STYLED_ITEM('color',(#18805),#5637);
#18805 = PRESENTATION_STYLE_ASSIGNMENT((#18806));
#18806 = SURFACE_STYLE_USAGE(.BOTH.,#18807);
#18807 = SURFACE_SIDE_STYLE('',(#18808));
#18808 = SURFACE_STYLE_FILL_AREA(#18809);
#18809 = FILL_AREA_STYLE('',(#18810));
#18810 = FILL_AREA_STYLE_COLOUR('',#18697);
#18811 = STYLED_ITEM('color',(#18812),#5677);
#18812 = PRESENTATION_STYLE_ASSIGNMENT((#18813));
#18813 = SURFACE_STYLE_USAGE(.BOTH.,#18814);
#18814 = SURFACE_SIDE_STYLE('',(#18815));
#18815 = SURFACE_STYLE_FILL_AREA(#18816);
#18816 = FILL_AREA_STYLE('',(#18817));
#18817 = FILL_AREA_STYLE_COLOUR('',#18697);
#18818 = STYLED_ITEM('color',(#18819),#5702);
#18819 = PRESENTATION_STYLE_ASSIGNMENT((#18820));
#18820 = SURFACE_STYLE_USAGE(.BOTH.,#18821);
#18821 = SURFACE_SIDE_STYLE('',(#18822));
#18822 = SURFACE_STYLE_FILL_AREA(#18823);
#18823 = FILL_AREA_STYLE('',(#18824));
#18824 = FILL_AREA_STYLE_COLOUR('',#18697);
#18825 = STYLED_ITEM('color',(#18826),#5727);
#18826 = PRESENTATION_STYLE_ASSIGNMENT((#18827));
#18827 = SURFACE_STYLE_USAGE(.BOTH.,#18828);
#18828 = SURFACE_SIDE_STYLE('',(#18829));
#18829 = SURFACE_STYLE_FILL_AREA(#18830);
#18830 = FILL_AREA_STYLE('',(#18831));
#18831 = FILL_AREA_STYLE_COLOUR('',#18697);
#18832 = STYLED_ITEM('color',(#18833),#5760);
#18833 = PRESENTATION_STYLE_ASSIGNMENT((#18834));
#18834 = SURFACE_STYLE_USAGE(.BOTH.,#18835);
#18835 = SURFACE_SIDE_STYLE('',(#18836));
#18836 = SURFACE_STYLE_FILL_AREA(#18837);
#18837 = FILL_AREA_STYLE('',(#18838));
#18838 = FILL_AREA_STYLE_COLOUR('',#18697);
#18839 = STYLED_ITEM('color',(#18840),#5793);
#18840 = PRESENTATION_STYLE_ASSIGNMENT((#18841));
#18841 = SURFACE_STYLE_USAGE(.BOTH.,#18842);
#18842 = SURFACE_SIDE_STYLE('',(#18843));
#18843 = SURFACE_STYLE_FILL_AREA(#18844);
#18844 = FILL_AREA_STYLE('',(#18845));
#18845 = FILL_AREA_STYLE_COLOUR('',#18697);
#18846 = STYLED_ITEM('color',(#18847),#5833);
#18847 = PRESENTATION_STYLE_ASSIGNMENT((#18848));
#18848 = SURFACE_STYLE_USAGE(.BOTH.,#18849);
#18849 = SURFACE_SIDE_STYLE('',(#18850));
#18850 = SURFACE_STYLE_FILL_AREA(#18851);
#18851 = FILL_AREA_STYLE('',(#18852));
#18852 = FILL_AREA_STYLE_COLOUR('',#18697);
#18853 = STYLED_ITEM('color',(#18854),#5858);
#18854 = PRESENTATION_STYLE_ASSIGNMENT((#18855));
#18855 = SURFACE_STYLE_USAGE(.BOTH.,#18856);
#18856 = SURFACE_SIDE_STYLE('',(#18857));
#18857 = SURFACE_STYLE_FILL_AREA(#18858);
#18858 = FILL_AREA_STYLE('',(#18859));
#18859 = FILL_AREA_STYLE_COLOUR('',#18697);
#18860 = STYLED_ITEM('color',(#18861),#5891);
#18861 = PRESENTATION_STYLE_ASSIGNMENT((#18862));
#18862 = SURFACE_STYLE_USAGE(.BOTH.,#18863);
#18863 = SURFACE_SIDE_STYLE('',(#18864));
#18864 = SURFACE_STYLE_FILL_AREA(#18865);
#18865 = FILL_AREA_STYLE('',(#18866));
#18866 = FILL_AREA_STYLE_COLOUR('',#18697);
#18867 = STYLED_ITEM('color',(#18868),#5931);
#18868 = PRESENTATION_STYLE_ASSIGNMENT((#18869));
#18869 = SURFACE_STYLE_USAGE(.BOTH.,#18870);
#18870 = SURFACE_SIDE_STYLE('',(#18871));
#18871 = SURFACE_STYLE_FILL_AREA(#18872);
#18872 = FILL_AREA_STYLE('',(#18873));
#18873 = FILL_AREA_STYLE_COLOUR('',#18697);
#18874 = STYLED_ITEM('color',(#18875),#5971);
#18875 = PRESENTATION_STYLE_ASSIGNMENT((#18876));
#18876 = SURFACE_STYLE_USAGE(.BOTH.,#18877);
#18877 = SURFACE_SIDE_STYLE('',(#18878));
#18878 = SURFACE_STYLE_FILL_AREA(#18879);
#18879 = FILL_AREA_STYLE('',(#18880));
#18880 = FILL_AREA_STYLE_COLOUR('',#18697);
#18881 = STYLED_ITEM('color',(#18882),#5996);
#18882 = PRESENTATION_STYLE_ASSIGNMENT((#18883));
#18883 = SURFACE_STYLE_USAGE(.BOTH.,#18884);
#18884 = SURFACE_SIDE_STYLE('',(#18885));
#18885 = SURFACE_STYLE_FILL_AREA(#18886);
#18886 = FILL_AREA_STYLE('',(#18887));
#18887 = FILL_AREA_STYLE_COLOUR('',#18697);
#18888 = STYLED_ITEM('color',(#18889),#6021);
#18889 = PRESENTATION_STYLE_ASSIGNMENT((#18890));
#18890 = SURFACE_STYLE_USAGE(.BOTH.,#18891);
#18891 = SURFACE_SIDE_STYLE('',(#18892));
#18892 = SURFACE_STYLE_FILL_AREA(#18893);
#18893 = FILL_AREA_STYLE('',(#18894));
#18894 = FILL_AREA_STYLE_COLOUR('',#18697);
#18895 = STYLED_ITEM('color',(#18896),#6054);
#18896 = PRESENTATION_STYLE_ASSIGNMENT((#18897));
#18897 = SURFACE_STYLE_USAGE(.BOTH.,#18898);
#18898 = SURFACE_SIDE_STYLE('',(#18899));
#18899 = SURFACE_STYLE_FILL_AREA(#18900);
#18900 = FILL_AREA_STYLE('',(#18901));
#18901 = FILL_AREA_STYLE_COLOUR('',#18697);
#18902 = STYLED_ITEM('color',(#18903),#6087);
#18903 = PRESENTATION_STYLE_ASSIGNMENT((#18904));
#18904 = SURFACE_STYLE_USAGE(.BOTH.,#18905);
#18905 = SURFACE_SIDE_STYLE('',(#18906));
#18906 = SURFACE_STYLE_FILL_AREA(#18907);
#18907 = FILL_AREA_STYLE('',(#18908));
#18908 = FILL_AREA_STYLE_COLOUR('',#18697);
#18909 = STYLED_ITEM('color',(#18910),#6127);
#18910 = PRESENTATION_STYLE_ASSIGNMENT((#18911));
#18911 = SURFACE_STYLE_USAGE(.BOTH.,#18912);
#18912 = SURFACE_SIDE_STYLE('',(#18913));
#18913 = SURFACE_STYLE_FILL_AREA(#18914);
#18914 = FILL_AREA_STYLE('',(#18915));
#18915 = FILL_AREA_STYLE_COLOUR('',#18697);
#18916 = STYLED_ITEM('color',(#18917),#6167);
#18917 = PRESENTATION_STYLE_ASSIGNMENT((#18918));
#18918 = SURFACE_STYLE_USAGE(.BOTH.,#18919);
#18919 = SURFACE_SIDE_STYLE('',(#18920));
#18920 = SURFACE_STYLE_FILL_AREA(#18921);
#18921 = FILL_AREA_STYLE('',(#18922));
#18922 = FILL_AREA_STYLE_COLOUR('',#18697);
#18923 = STYLED_ITEM('color',(#18924),#6192);
#18924 = PRESENTATION_STYLE_ASSIGNMENT((#18925));
#18925 = SURFACE_STYLE_USAGE(.BOTH.,#18926);
#18926 = SURFACE_SIDE_STYLE('',(#18927));
#18927 = SURFACE_STYLE_FILL_AREA(#18928);
#18928 = FILL_AREA_STYLE('',(#18929));
#18929 = FILL_AREA_STYLE_COLOUR('',#18697);
#18930 = STYLED_ITEM('color',(#18931),#6217);
#18931 = PRESENTATION_STYLE_ASSIGNMENT((#18932));
#18932 = SURFACE_STYLE_USAGE(.BOTH.,#18933);
#18933 = SURFACE_SIDE_STYLE('',(#18934));
#18934 = SURFACE_STYLE_FILL_AREA(#18935);
#18935 = FILL_AREA_STYLE('',(#18936));
#18936 = FILL_AREA_STYLE_COLOUR('',#18697);
#18937 = STYLED_ITEM('color',(#18938),#6250);
#18938 = PRESENTATION_STYLE_ASSIGNMENT((#18939));
#18939 = SURFACE_STYLE_USAGE(.BOTH.,#18940);
#18940 = SURFACE_SIDE_STYLE('',(#18941));
#18941 = SURFACE_STYLE_FILL_AREA(#18942);
#18942 = FILL_AREA_STYLE('',(#18943));
#18943 = FILL_AREA_STYLE_COLOUR('',#18697);
#18944 = STYLED_ITEM('color',(#18945),#6283);
#18945 = PRESENTATION_STYLE_ASSIGNMENT((#18946));
#18946 = SURFACE_STYLE_USAGE(.BOTH.,#18947);
#18947 = SURFACE_SIDE_STYLE('',(#18948));
#18948 = SURFACE_STYLE_FILL_AREA(#18949);
#18949 = FILL_AREA_STYLE('',(#18950));
#18950 = FILL_AREA_STYLE_COLOUR('',#18697);
#18951 = STYLED_ITEM('color',(#18952),#6323);
#18952 = PRESENTATION_STYLE_ASSIGNMENT((#18953));
#18953 = SURFACE_STYLE_USAGE(.BOTH.,#18954);
#18954 = SURFACE_SIDE_STYLE('',(#18955));
#18955 = SURFACE_STYLE_FILL_AREA(#18956);
#18956 = FILL_AREA_STYLE('',(#18957));
#18957 = FILL_AREA_STYLE_COLOUR('',#18697);
#18958 = STYLED_ITEM('color',(#18959),#6363);
#18959 = PRESENTATION_STYLE_ASSIGNMENT((#18960));
#18960 = SURFACE_STYLE_USAGE(.BOTH.,#18961);
#18961 = SURFACE_SIDE_STYLE('',(#18962));
#18962 = SURFACE_STYLE_FILL_AREA(#18963);
#18963 = FILL_AREA_STYLE('',(#18964));
#18964 = FILL_AREA_STYLE_COLOUR('',#18697);
#18965 = STYLED_ITEM('color',(#18966),#6388);
#18966 = PRESENTATION_STYLE_ASSIGNMENT((#18967));
#18967 = SURFACE_STYLE_USAGE(.BOTH.,#18968);
#18968 = SURFACE_SIDE_STYLE('',(#18969));
#18969 = SURFACE_STYLE_FILL_AREA(#18970);
#18970 = FILL_AREA_STYLE('',(#18971));
#18971 = FILL_AREA_STYLE_COLOUR('',#18697);
#18972 = STYLED_ITEM('color',(#18973),#6413);
#18973 = PRESENTATION_STYLE_ASSIGNMENT((#18974));
#18974 = SURFACE_STYLE_USAGE(.BOTH.,#18975);
#18975 = SURFACE_SIDE_STYLE('',(#18976));
#18976 = SURFACE_STYLE_FILL_AREA(#18977);
#18977 = FILL_AREA_STYLE('',(#18978));
#18978 = FILL_AREA_STYLE_COLOUR('',#18697);
#18979 = STYLED_ITEM('color',(#18980),#6446);
#18980 = PRESENTATION_STYLE_ASSIGNMENT((#18981));
#18981 = SURFACE_STYLE_USAGE(.BOTH.,#18982);
#18982 = SURFACE_SIDE_STYLE('',(#18983));
#18983 = SURFACE_STYLE_FILL_AREA(#18984);
#18984 = FILL_AREA_STYLE('',(#18985));
#18985 = FILL_AREA_STYLE_COLOUR('',#18697);
#18986 = STYLED_ITEM('color',(#18987),#6479);
#18987 = PRESENTATION_STYLE_ASSIGNMENT((#18988));
#18988 = SURFACE_STYLE_USAGE(.BOTH.,#18989);
#18989 = SURFACE_SIDE_STYLE('',(#18990));
#18990 = SURFACE_STYLE_FILL_AREA(#18991);
#18991 = FILL_AREA_STYLE('',(#18992));
#18992 = FILL_AREA_STYLE_COLOUR('',#18697);
#18993 = STYLED_ITEM('color',(#18994),#6519);
#18994 = PRESENTATION_STYLE_ASSIGNMENT((#18995));
#18995 = SURFACE_STYLE_USAGE(.BOTH.,#18996);
#18996 = SURFACE_SIDE_STYLE('',(#18997));
#18997 = SURFACE_STYLE_FILL_AREA(#18998);
#18998 = FILL_AREA_STYLE('',(#18999));
#18999 = FILL_AREA_STYLE_COLOUR('',#18697);
#19000 = STYLED_ITEM('color',(#19001),#6559);
#19001 = PRESENTATION_STYLE_ASSIGNMENT((#19002));
#19002 = SURFACE_STYLE_USAGE(.BOTH.,#19003);
#19003 = SURFACE_SIDE_STYLE('',(#19004));
#19004 = SURFACE_STYLE_FILL_AREA(#19005);
#19005 = FILL_AREA_STYLE('',(#19006));
#19006 = FILL_AREA_STYLE_COLOUR('',#18697);
#19007 = STYLED_ITEM('color',(#19008),#6584);
#19008 = PRESENTATION_STYLE_ASSIGNMENT((#19009));
#19009 = SURFACE_STYLE_USAGE(.BOTH.,#19010);
#19010 = SURFACE_SIDE_STYLE('',(#19011));
#19011 = SURFACE_STYLE_FILL_AREA(#19012);
#19012 = FILL_AREA_STYLE('',(#19013));
#19013 = FILL_AREA_STYLE_COLOUR('',#18697);
#19014 = STYLED_ITEM('color',(#19015),#6609);
#19015 = PRESENTATION_STYLE_ASSIGNMENT((#19016));
#19016 = SURFACE_STYLE_USAGE(.BOTH.,#19017);
#19017 = SURFACE_SIDE_STYLE('',(#19018));
#19018 = SURFACE_STYLE_FILL_AREA(#19019);
#19019 = FILL_AREA_STYLE('',(#19020));
#19020 = FILL_AREA_STYLE_COLOUR('',#18697);
#19021 = STYLED_ITEM('color',(#19022),#6642);
#19022 = PRESENTATION_STYLE_ASSIGNMENT((#19023));
#19023 = SURFACE_STYLE_USAGE(.BOTH.,#19024);
#19024 = SURFACE_SIDE_STYLE('',(#19025));
#19025 = SURFACE_STYLE_FILL_AREA(#19026);
#19026 = FILL_AREA_STYLE('',(#19027));
#19027 = FILL_AREA_STYLE_COLOUR('',#18697);
#19028 = STYLED_ITEM('color',(#19029),#6675);
#19029 = PRESENTATION_STYLE_ASSIGNMENT((#19030));
#19030 = SURFACE_STYLE_USAGE(.BOTH.,#19031);
#19031 = SURFACE_SIDE_STYLE('',(#19032));
#19032 = SURFACE_STYLE_FILL_AREA(#19033);
#19033 = FILL_AREA_STYLE('',(#19034));
#19034 = FILL_AREA_STYLE_COLOUR('',#18733);
#19035 = STYLED_ITEM('color',(#19036),#6860);
#19036 = PRESENTATION_STYLE_ASSIGNMENT((#19037));
#19037 = SURFACE_STYLE_USAGE(.BOTH.,#19038);
#19038 = SURFACE_SIDE_STYLE('',(#19039));
#19039 = SURFACE_STYLE_FILL_AREA(#19040);
#19040 = FILL_AREA_STYLE('',(#19041));
#19041 = FILL_AREA_STYLE_COLOUR('',#18733);
#19042 = STYLED_ITEM('color',(#19043),#7038);
#19043 = PRESENTATION_STYLE_ASSIGNMENT((#19044));
#19044 = SURFACE_STYLE_USAGE(.BOTH.,#19045);
#19045 = SURFACE_SIDE_STYLE('',(#19046));
#19046 = SURFACE_STYLE_FILL_AREA(#19047);
#19047 = FILL_AREA_STYLE('',(#19048));
#19048 = FILL_AREA_STYLE_COLOUR('',#18697);
#19049 = STYLED_ITEM('color',(#19050),#7078);
#19050 = PRESENTATION_STYLE_ASSIGNMENT((#19051));
#19051 = SURFACE_STYLE_USAGE(.BOTH.,#19052);
#19052 = SURFACE_SIDE_STYLE('',(#19053));
#19053 = SURFACE_STYLE_FILL_AREA(#19054);
#19054 = FILL_AREA_STYLE('',(#19055));
#19055 = FILL_AREA_STYLE_COLOUR('',#18697);
#19056 = STYLED_ITEM('color',(#19057),#7118);
#19057 = PRESENTATION_STYLE_ASSIGNMENT((#19058));
#19058 = SURFACE_STYLE_USAGE(.BOTH.,#19059);
#19059 = SURFACE_SIDE_STYLE('',(#19060));
#19060 = SURFACE_STYLE_FILL_AREA(#19061);
#19061 = FILL_AREA_STYLE('',(#19062));
#19062 = FILL_AREA_STYLE_COLOUR('',#18697);
#19063 = STYLED_ITEM('color',(#19064),#7143);
#19064 = PRESENTATION_STYLE_ASSIGNMENT((#19065));
#19065 = SURFACE_STYLE_USAGE(.BOTH.,#19066);
#19066 = SURFACE_SIDE_STYLE('',(#19067));
#19067 = SURFACE_STYLE_FILL_AREA(#19068);
#19068 = FILL_AREA_STYLE('',(#19069));
#19069 = FILL_AREA_STYLE_COLOUR('',#18697);
#19070 = STYLED_ITEM('color',(#19071),#7168);
#19071 = PRESENTATION_STYLE_ASSIGNMENT((#19072));
#19072 = SURFACE_STYLE_USAGE(.BOTH.,#19073);
#19073 = SURFACE_SIDE_STYLE('',(#19074));
#19074 = SURFACE_STYLE_FILL_AREA(#19075);
#19075 = FILL_AREA_STYLE('',(#19076));
#19076 = FILL_AREA_STYLE_COLOUR('',#18697);
#19077 = STYLED_ITEM('color',(#19078),#7201);
#19078 = PRESENTATION_STYLE_ASSIGNMENT((#19079));
#19079 = SURFACE_STYLE_USAGE(.BOTH.,#19080);
#19080 = SURFACE_SIDE_STYLE('',(#19081));
#19081 = SURFACE_STYLE_FILL_AREA(#19082);
#19082 = FILL_AREA_STYLE('',(#19083));
#19083 = FILL_AREA_STYLE_COLOUR('',#18697);
#19084 = STYLED_ITEM('color',(#19085),#7234);
#19085 = PRESENTATION_STYLE_ASSIGNMENT((#19086));
#19086 = SURFACE_STYLE_USAGE(.BOTH.,#19087);
#19087 = SURFACE_SIDE_STYLE('',(#19088));
#19088 = SURFACE_STYLE_FILL_AREA(#19089);
#19089 = FILL_AREA_STYLE('',(#19090));
#19090 = FILL_AREA_STYLE_COLOUR('',#18697);
#19091 = STYLED_ITEM('color',(#19092),#7274);
#19092 = PRESENTATION_STYLE_ASSIGNMENT((#19093));
#19093 = SURFACE_STYLE_USAGE(.BOTH.,#19094);
#19094 = SURFACE_SIDE_STYLE('',(#19095));
#19095 = SURFACE_STYLE_FILL_AREA(#19096);
#19096 = FILL_AREA_STYLE('',(#19097));
#19097 = FILL_AREA_STYLE_COLOUR('',#18697);
#19098 = STYLED_ITEM('color',(#19099),#7314);
#19099 = PRESENTATION_STYLE_ASSIGNMENT((#19100));
#19100 = SURFACE_STYLE_USAGE(.BOTH.,#19101);
#19101 = SURFACE_SIDE_STYLE('',(#19102));
#19102 = SURFACE_STYLE_FILL_AREA(#19103);
#19103 = FILL_AREA_STYLE('',(#19104));
#19104 = FILL_AREA_STYLE_COLOUR('',#18697);
#19105 = STYLED_ITEM('color',(#19106),#7339);
#19106 = PRESENTATION_STYLE_ASSIGNMENT((#19107));
#19107 = SURFACE_STYLE_USAGE(.BOTH.,#19108);
#19108 = SURFACE_SIDE_STYLE('',(#19109));
#19109 = SURFACE_STYLE_FILL_AREA(#19110);
#19110 = FILL_AREA_STYLE('',(#19111));
#19111 = FILL_AREA_STYLE_COLOUR('',#18697);
#19112 = STYLED_ITEM('color',(#19113),#7364);
#19113 = PRESENTATION_STYLE_ASSIGNMENT((#19114));
#19114 = SURFACE_STYLE_USAGE(.BOTH.,#19115);
#19115 = SURFACE_SIDE_STYLE('',(#19116));
#19116 = SURFACE_STYLE_FILL_AREA(#19117);
#19117 = FILL_AREA_STYLE('',(#19118));
#19118 = FILL_AREA_STYLE_COLOUR('',#18697);
#19119 = STYLED_ITEM('color',(#19120),#7397);
#19120 = PRESENTATION_STYLE_ASSIGNMENT((#19121));
#19121 = SURFACE_STYLE_USAGE(.BOTH.,#19122);
#19122 = SURFACE_SIDE_STYLE('',(#19123));
#19123 = SURFACE_STYLE_FILL_AREA(#19124);
#19124 = FILL_AREA_STYLE('',(#19125));
#19125 = FILL_AREA_STYLE_COLOUR('',#18697);
#19126 = STYLED_ITEM('color',(#19127),#7430);
#19127 = PRESENTATION_STYLE_ASSIGNMENT((#19128));
#19128 = SURFACE_STYLE_USAGE(.BOTH.,#19129);
#19129 = SURFACE_SIDE_STYLE('',(#19130));
#19130 = SURFACE_STYLE_FILL_AREA(#19131);
#19131 = FILL_AREA_STYLE('',(#19132));
#19132 = FILL_AREA_STYLE_COLOUR('',#18697);
#19133 = STYLED_ITEM('color',(#19134),#7470);
#19134 = PRESENTATION_STYLE_ASSIGNMENT((#19135));
#19135 = SURFACE_STYLE_USAGE(.BOTH.,#19136);
#19136 = SURFACE_SIDE_STYLE('',(#19137));
#19137 = SURFACE_STYLE_FILL_AREA(#19138);
#19138 = FILL_AREA_STYLE('',(#19139));
#19139 = FILL_AREA_STYLE_COLOUR('',#18697);
#19140 = STYLED_ITEM('color',(#19141),#7510);
#19141 = PRESENTATION_STYLE_ASSIGNMENT((#19142));
#19142 = SURFACE_STYLE_USAGE(.BOTH.,#19143);
#19143 = SURFACE_SIDE_STYLE('',(#19144));
#19144 = SURFACE_STYLE_FILL_AREA(#19145);
#19145 = FILL_AREA_STYLE('',(#19146));
#19146 = FILL_AREA_STYLE_COLOUR('',#18697);
#19147 = STYLED_ITEM('color',(#19148),#7535);
#19148 = PRESENTATION_STYLE_ASSIGNMENT((#19149));
#19149 = SURFACE_STYLE_USAGE(.BOTH.,#19150);
#19150 = SURFACE_SIDE_STYLE('',(#19151));
#19151 = SURFACE_STYLE_FILL_AREA(#19152);
#19152 = FILL_AREA_STYLE('',(#19153));
#19153 = FILL_AREA_STYLE_COLOUR('',#18697);
#19154 = STYLED_ITEM('color',(#19155),#7560);
#19155 = PRESENTATION_STYLE_ASSIGNMENT((#19156));
#19156 = SURFACE_STYLE_USAGE(.BOTH.,#19157);
#19157 = SURFACE_SIDE_STYLE('',(#19158));
#19158 = SURFACE_STYLE_FILL_AREA(#19159);
#19159 = FILL_AREA_STYLE('',(#19160));
#19160 = FILL_AREA_STYLE_COLOUR('',#18697);
#19161 = STYLED_ITEM('color',(#19162),#7593);
#19162 = PRESENTATION_STYLE_ASSIGNMENT((#19163));
#19163 = SURFACE_STYLE_USAGE(.BOTH.,#19164);
#19164 = SURFACE_SIDE_STYLE('',(#19165));
#19165 = SURFACE_STYLE_FILL_AREA(#19166);
#19166 = FILL_AREA_STYLE('',(#19167));
#19167 = FILL_AREA_STYLE_COLOUR('',#18697);
#19168 = STYLED_ITEM('color',(#19169),#7626);
#19169 = PRESENTATION_STYLE_ASSIGNMENT((#19170));
#19170 = SURFACE_STYLE_USAGE(.BOTH.,#19171);
#19171 = SURFACE_SIDE_STYLE('',(#19172));
#19172 = SURFACE_STYLE_FILL_AREA(#19173);
#19173 = FILL_AREA_STYLE('',(#19174));
#19174 = FILL_AREA_STYLE_COLOUR('',#18697);
#19175 = STYLED_ITEM('color',(#19176),#7666);
#19176 = PRESENTATION_STYLE_ASSIGNMENT((#19177));
#19177 = SURFACE_STYLE_USAGE(.BOTH.,#19178);
#19178 = SURFACE_SIDE_STYLE('',(#19179));
#19179 = SURFACE_STYLE_FILL_AREA(#19180);
#19180 = FILL_AREA_STYLE('',(#19181));
#19181 = FILL_AREA_STYLE_COLOUR('',#18697);
#19182 = STYLED_ITEM('color',(#19183),#7706);
#19183 = PRESENTATION_STYLE_ASSIGNMENT((#19184));
#19184 = SURFACE_STYLE_USAGE(.BOTH.,#19185);
#19185 = SURFACE_SIDE_STYLE('',(#19186));
#19186 = SURFACE_STYLE_FILL_AREA(#19187);
#19187 = FILL_AREA_STYLE('',(#19188));
#19188 = FILL_AREA_STYLE_COLOUR('',#18697);
#19189 = STYLED_ITEM('color',(#19190),#7731);
#19190 = PRESENTATION_STYLE_ASSIGNMENT((#19191));
#19191 = SURFACE_STYLE_USAGE(.BOTH.,#19192);
#19192 = SURFACE_SIDE_STYLE('',(#19193));
#19193 = SURFACE_STYLE_FILL_AREA(#19194);
#19194 = FILL_AREA_STYLE('',(#19195));
#19195 = FILL_AREA_STYLE_COLOUR('',#18697);
#19196 = STYLED_ITEM('color',(#19197),#7756);
#19197 = PRESENTATION_STYLE_ASSIGNMENT((#19198));
#19198 = SURFACE_STYLE_USAGE(.BOTH.,#19199);
#19199 = SURFACE_SIDE_STYLE('',(#19200));
#19200 = SURFACE_STYLE_FILL_AREA(#19201);
#19201 = FILL_AREA_STYLE('',(#19202));
#19202 = FILL_AREA_STYLE_COLOUR('',#18697);
#19203 = STYLED_ITEM('color',(#19204),#7789);
#19204 = PRESENTATION_STYLE_ASSIGNMENT((#19205));
#19205 = SURFACE_STYLE_USAGE(.BOTH.,#19206);
#19206 = SURFACE_SIDE_STYLE('',(#19207));
#19207 = SURFACE_STYLE_FILL_AREA(#19208);
#19208 = FILL_AREA_STYLE('',(#19209));
#19209 = FILL_AREA_STYLE_COLOUR('',#18697);
#19210 = STYLED_ITEM('color',(#19211),#7822);
#19211 = PRESENTATION_STYLE_ASSIGNMENT((#19212));
#19212 = SURFACE_STYLE_USAGE(.BOTH.,#19213);
#19213 = SURFACE_SIDE_STYLE('',(#19214));
#19214 = SURFACE_STYLE_FILL_AREA(#19215);
#19215 = FILL_AREA_STYLE('',(#19216));
#19216 = FILL_AREA_STYLE_COLOUR('',#18697);
#19217 = STYLED_ITEM('color',(#19218),#7862);
#19218 = PRESENTATION_STYLE_ASSIGNMENT((#19219));
#19219 = SURFACE_STYLE_USAGE(.BOTH.,#19220);
#19220 = SURFACE_SIDE_STYLE('',(#19221));
#19221 = SURFACE_STYLE_FILL_AREA(#19222);
#19222 = FILL_AREA_STYLE('',(#19223));
#19223 = FILL_AREA_STYLE_COLOUR('',#18697);
#19224 = STYLED_ITEM('color',(#19225),#7902);
#19225 = PRESENTATION_STYLE_ASSIGNMENT((#19226));
#19226 = SURFACE_STYLE_USAGE(.BOTH.,#19227);
#19227 = SURFACE_SIDE_STYLE('',(#19228));
#19228 = SURFACE_STYLE_FILL_AREA(#19229);
#19229 = FILL_AREA_STYLE('',(#19230));
#19230 = FILL_AREA_STYLE_COLOUR('',#18697);
#19231 = STYLED_ITEM('color',(#19232),#7927);
#19232 = PRESENTATION_STYLE_ASSIGNMENT((#19233));
#19233 = SURFACE_STYLE_USAGE(.BOTH.,#19234);
#19234 = SURFACE_SIDE_STYLE('',(#19235));
#19235 = SURFACE_STYLE_FILL_AREA(#19236);
#19236 = FILL_AREA_STYLE('',(#19237));
#19237 = FILL_AREA_STYLE_COLOUR('',#18697);
#19238 = STYLED_ITEM('color',(#19239),#7952);
#19239 = PRESENTATION_STYLE_ASSIGNMENT((#19240));
#19240 = SURFACE_STYLE_USAGE(.BOTH.,#19241);
#19241 = SURFACE_SIDE_STYLE('',(#19242));
#19242 = SURFACE_STYLE_FILL_AREA(#19243);
#19243 = FILL_AREA_STYLE('',(#19244));
#19244 = FILL_AREA_STYLE_COLOUR('',#18697);
#19245 = STYLED_ITEM('color',(#19246),#7985);
#19246 = PRESENTATION_STYLE_ASSIGNMENT((#19247));
#19247 = SURFACE_STYLE_USAGE(.BOTH.,#19248);
#19248 = SURFACE_SIDE_STYLE('',(#19249));
#19249 = SURFACE_STYLE_FILL_AREA(#19250);
#19250 = FILL_AREA_STYLE('',(#19251));
#19251 = FILL_AREA_STYLE_COLOUR('',#18697);
#19252 = STYLED_ITEM('color',(#19253),#8018);
#19253 = PRESENTATION_STYLE_ASSIGNMENT((#19254));
#19254 = SURFACE_STYLE_USAGE(.BOTH.,#19255);
#19255 = SURFACE_SIDE_STYLE('',(#19256));
#19256 = SURFACE_STYLE_FILL_AREA(#19257);
#19257 = FILL_AREA_STYLE('',(#19258));
#19258 = FILL_AREA_STYLE_COLOUR('',#18697);
#19259 = STYLED_ITEM('color',(#19260),#8058);
#19260 = PRESENTATION_STYLE_ASSIGNMENT((#19261));
#19261 = SURFACE_STYLE_USAGE(.BOTH.,#19262);
#19262 = SURFACE_SIDE_STYLE('',(#19263));
#19263 = SURFACE_STYLE_FILL_AREA(#19264);
#19264 = FILL_AREA_STYLE('',(#19265));
#19265 = FILL_AREA_STYLE_COLOUR('',#18697);
#19266 = STYLED_ITEM('color',(#19267),#8098);
#19267 = PRESENTATION_STYLE_ASSIGNMENT((#19268));
#19268 = SURFACE_STYLE_USAGE(.BOTH.,#19269);
#19269 = SURFACE_SIDE_STYLE('',(#19270));
#19270 = SURFACE_STYLE_FILL_AREA(#19271);
#19271 = FILL_AREA_STYLE('',(#19272));
#19272 = FILL_AREA_STYLE_COLOUR('',#18697);
#19273 = STYLED_ITEM('color',(#19274),#8123);
#19274 = PRESENTATION_STYLE_ASSIGNMENT((#19275));
#19275 = SURFACE_STYLE_USAGE(.BOTH.,#19276);
#19276 = SURFACE_SIDE_STYLE('',(#19277));
#19277 = SURFACE_STYLE_FILL_AREA(#19278);
#19278 = FILL_AREA_STYLE('',(#19279));
#19279 = FILL_AREA_STYLE_COLOUR('',#18697);
#19280 = STYLED_ITEM('color',(#19281),#8148);
#19281 = PRESENTATION_STYLE_ASSIGNMENT((#19282));
#19282 = SURFACE_STYLE_USAGE(.BOTH.,#19283);
#19283 = SURFACE_SIDE_STYLE('',(#19284));
#19284 = SURFACE_STYLE_FILL_AREA(#19285);
#19285 = FILL_AREA_STYLE('',(#19286));
#19286 = FILL_AREA_STYLE_COLOUR('',#18697);
#19287 = STYLED_ITEM('color',(#19288),#8181);
#19288 = PRESENTATION_STYLE_ASSIGNMENT((#19289));
#19289 = SURFACE_STYLE_USAGE(.BOTH.,#19290);
#19290 = SURFACE_SIDE_STYLE('',(#19291));
#19291 = SURFACE_STYLE_FILL_AREA(#19292);
#19292 = FILL_AREA_STYLE('',(#19293));
#19293 = FILL_AREA_STYLE_COLOUR('',#18697);
#19294 = STYLED_ITEM('color',(#19295),#8214);
#19295 = PRESENTATION_STYLE_ASSIGNMENT((#19296));
#19296 = SURFACE_STYLE_USAGE(.BOTH.,#19297);
#19297 = SURFACE_SIDE_STYLE('',(#19298));
#19298 = SURFACE_STYLE_FILL_AREA(#19299);
#19299 = FILL_AREA_STYLE('',(#19300));
#19300 = FILL_AREA_STYLE_COLOUR('',#18697);
#19301 = STYLED_ITEM('color',(#19302),#8254);
#19302 = PRESENTATION_STYLE_ASSIGNMENT((#19303));
#19303 = SURFACE_STYLE_USAGE(.BOTH.,#19304);
#19304 = SURFACE_SIDE_STYLE('',(#19305));
#19305 = SURFACE_STYLE_FILL_AREA(#19306);
#19306 = FILL_AREA_STYLE('',(#19307));
#19307 = FILL_AREA_STYLE_COLOUR('',#18697);
#19308 = STYLED_ITEM('color',(#19309),#8294);
#19309 = PRESENTATION_STYLE_ASSIGNMENT((#19310));
#19310 = SURFACE_STYLE_USAGE(.BOTH.,#19311);
#19311 = SURFACE_SIDE_STYLE('',(#19312));
#19312 = SURFACE_STYLE_FILL_AREA(#19313);
#19313 = FILL_AREA_STYLE('',(#19314));
#19314 = FILL_AREA_STYLE_COLOUR('',#18697);
#19315 = STYLED_ITEM('color',(#19316),#8319);
#19316 = PRESENTATION_STYLE_ASSIGNMENT((#19317));
#19317 = SURFACE_STYLE_USAGE(.BOTH.,#19318);
#19318 = SURFACE_SIDE_STYLE('',(#19319));
#19319 = SURFACE_STYLE_FILL_AREA(#19320);
#19320 = FILL_AREA_STYLE('',(#19321));
#19321 = FILL_AREA_STYLE_COLOUR('',#18697);
#19322 = STYLED_ITEM('color',(#19323),#8344);
#19323 = PRESENTATION_STYLE_ASSIGNMENT((#19324));
#19324 = SURFACE_STYLE_USAGE(.BOTH.,#19325);
#19325 = SURFACE_SIDE_STYLE('',(#19326));
#19326 = SURFACE_STYLE_FILL_AREA(#19327);
#19327 = FILL_AREA_STYLE('',(#19328));
#19328 = FILL_AREA_STYLE_COLOUR('',#18697);
#19329 = STYLED_ITEM('color',(#19330),#8377);
#19330 = PRESENTATION_STYLE_ASSIGNMENT((#19331));
#19331 = SURFACE_STYLE_USAGE(.BOTH.,#19332);
#19332 = SURFACE_SIDE_STYLE('',(#19333));
#19333 = SURFACE_STYLE_FILL_AREA(#19334);
#19334 = FILL_AREA_STYLE('',(#19335));
#19335 = FILL_AREA_STYLE_COLOUR('',#18697);
#19336 = STYLED_ITEM('color',(#19337),#8410);
#19337 = PRESENTATION_STYLE_ASSIGNMENT((#19338));
#19338 = SURFACE_STYLE_USAGE(.BOTH.,#19339);
#19339 = SURFACE_SIDE_STYLE('',(#19340));
#19340 = SURFACE_STYLE_FILL_AREA(#19341);
#19341 = FILL_AREA_STYLE('',(#19342));
#19342 = FILL_AREA_STYLE_COLOUR('',#18697);
#19343 = STYLED_ITEM('color',(#19344),#8441);
#19344 = PRESENTATION_STYLE_ASSIGNMENT((#19345));
#19345 = SURFACE_STYLE_USAGE(.BOTH.,#19346);
#19346 = SURFACE_SIDE_STYLE('',(#19347));
#19347 = SURFACE_STYLE_FILL_AREA(#19348);
#19348 = FILL_AREA_STYLE('',(#19349));
#19349 = FILL_AREA_STYLE_COLOUR('',#18697);
#19350 = STYLED_ITEM('color',(#19351),#8465);
#19351 = PRESENTATION_STYLE_ASSIGNMENT((#19352));
#19352 = SURFACE_STYLE_USAGE(.BOTH.,#19353);
#19353 = SURFACE_SIDE_STYLE('',(#19354));
#19354 = SURFACE_STYLE_FILL_AREA(#19355);
#19355 = FILL_AREA_STYLE('',(#19356));
#19356 = FILL_AREA_STYLE_COLOUR('',#18697);
#19357 = STYLED_ITEM('color',(#19358),#8489);
#19358 = PRESENTATION_STYLE_ASSIGNMENT((#19359));
#19359 = SURFACE_STYLE_USAGE(.BOTH.,#19360);
#19360 = SURFACE_SIDE_STYLE('',(#19361));
#19361 = SURFACE_STYLE_FILL_AREA(#19362);
#19362 = FILL_AREA_STYLE('',(#19363));
#19363 = FILL_AREA_STYLE_COLOUR('',#18697);
#19364 = STYLED_ITEM('color',(#19365),#8513);
#19365 = PRESENTATION_STYLE_ASSIGNMENT((#19366));
#19366 = SURFACE_STYLE_USAGE(.BOTH.,#19367);
#19367 = SURFACE_SIDE_STYLE('',(#19368));
#19368 = SURFACE_STYLE_FILL_AREA(#19369);
#19369 = FILL_AREA_STYLE('',(#19370));
#19370 = FILL_AREA_STYLE_COLOUR('',#18697);
#19371 = STYLED_ITEM('color',(#19372),#8530);
#19372 = PRESENTATION_STYLE_ASSIGNMENT((#19373));
#19373 = SURFACE_STYLE_USAGE(.BOTH.,#19374);
#19374 = SURFACE_SIDE_STYLE('',(#19375));
#19375 = SURFACE_STYLE_FILL_AREA(#19376);
#19376 = FILL_AREA_STYLE('',(#19377));
#19377 = FILL_AREA_STYLE_COLOUR('',#18733);
#19378 = STYLED_ITEM('color',(#19379),#8553);
#19379 = PRESENTATION_STYLE_ASSIGNMENT((#19380));
#19380 = SURFACE_STYLE_USAGE(.BOTH.,#19381);
#19381 = SURFACE_SIDE_STYLE('',(#19382));
#19382 = SURFACE_STYLE_FILL_AREA(#19383);
#19383 = FILL_AREA_STYLE('',(#19384));
#19384 = FILL_AREA_STYLE_COLOUR('',#18697);
#19385 = STYLED_ITEM('color',(#19386),#8570);
#19386 = PRESENTATION_STYLE_ASSIGNMENT((#19387));
#19387 = SURFACE_STYLE_USAGE(.BOTH.,#19388);
#19388 = SURFACE_SIDE_STYLE('',(#19389));
#19389 = SURFACE_STYLE_FILL_AREA(#19390);
#19390 = FILL_AREA_STYLE('',(#19391));
#19391 = FILL_AREA_STYLE_COLOUR('',#18697);
#19392 = STYLED_ITEM('color',(#19393),#8587);
#19393 = PRESENTATION_STYLE_ASSIGNMENT((#19394));
#19394 = SURFACE_STYLE_USAGE(.BOTH.,#19395);
#19395 = SURFACE_SIDE_STYLE('',(#19396));
#19396 = SURFACE_STYLE_FILL_AREA(#19397);
#19397 = FILL_AREA_STYLE('',(#19398));
#19398 = FILL_AREA_STYLE_COLOUR('',#18697);
#19399 = STYLED_ITEM('color',(#19400),#8604);
#19400 = PRESENTATION_STYLE_ASSIGNMENT((#19401));
#19401 = SURFACE_STYLE_USAGE(.BOTH.,#19402);
#19402 = SURFACE_SIDE_STYLE('',(#19403));
#19403 = SURFACE_STYLE_FILL_AREA(#19404);
#19404 = FILL_AREA_STYLE('',(#19405));
#19405 = FILL_AREA_STYLE_COLOUR('',#18697);
#19406 = STYLED_ITEM('color',(#19407),#8621);
#19407 = PRESENTATION_STYLE_ASSIGNMENT((#19408));
#19408 = SURFACE_STYLE_USAGE(.BOTH.,#19409);
#19409 = SURFACE_SIDE_STYLE('',(#19410));
#19410 = SURFACE_STYLE_FILL_AREA(#19411);
#19411 = FILL_AREA_STYLE('',(#19412));
#19412 = FILL_AREA_STYLE_COLOUR('',#18697);
#19413 = STYLED_ITEM('color',(#19414),#8638);
#19414 = PRESENTATION_STYLE_ASSIGNMENT((#19415));
#19415 = SURFACE_STYLE_USAGE(.BOTH.,#19416);
#19416 = SURFACE_SIDE_STYLE('',(#19417));
#19417 = SURFACE_STYLE_FILL_AREA(#19418);
#19418 = FILL_AREA_STYLE('',(#19419));
#19419 = FILL_AREA_STYLE_COLOUR('',#18697);
#19420 = STYLED_ITEM('color',(#19421),#8655);
#19421 = PRESENTATION_STYLE_ASSIGNMENT((#19422));
#19422 = SURFACE_STYLE_USAGE(.BOTH.,#19423);
#19423 = SURFACE_SIDE_STYLE('',(#19424));
#19424 = SURFACE_STYLE_FILL_AREA(#19425);
#19425 = FILL_AREA_STYLE('',(#19426));
#19426 = FILL_AREA_STYLE_COLOUR('',#18697);
#19427 = STYLED_ITEM('color',(#19428),#8672);
#19428 = PRESENTATION_STYLE_ASSIGNMENT((#19429));
#19429 = SURFACE_STYLE_USAGE(.BOTH.,#19430);
#19430 = SURFACE_SIDE_STYLE('',(#19431));
#19431 = SURFACE_STYLE_FILL_AREA(#19432);
#19432 = FILL_AREA_STYLE('',(#19433));
#19433 = FILL_AREA_STYLE_COLOUR('',#18697);
#19434 = STYLED_ITEM('color',(#19435),#8689);
#19435 = PRESENTATION_STYLE_ASSIGNMENT((#19436));
#19436 = SURFACE_STYLE_USAGE(.BOTH.,#19437);
#19437 = SURFACE_SIDE_STYLE('',(#19438));
#19438 = SURFACE_STYLE_FILL_AREA(#19439);
#19439 = FILL_AREA_STYLE('',(#19440));
#19440 = FILL_AREA_STYLE_COLOUR('',#18697);
#19441 = STYLED_ITEM('color',(#19442),#8706);
#19442 = PRESENTATION_STYLE_ASSIGNMENT((#19443));
#19443 = SURFACE_STYLE_USAGE(.BOTH.,#19444);
#19444 = SURFACE_SIDE_STYLE('',(#19445));
#19445 = SURFACE_STYLE_FILL_AREA(#19446);
#19446 = FILL_AREA_STYLE('',(#19447));
#19447 = FILL_AREA_STYLE_COLOUR('',#18697);
#19448 = STYLED_ITEM('color',(#19449),#8723);
#19449 = PRESENTATION_STYLE_ASSIGNMENT((#19450));
#19450 = SURFACE_STYLE_USAGE(.BOTH.,#19451);
#19451 = SURFACE_SIDE_STYLE('',(#19452));
#19452 = SURFACE_STYLE_FILL_AREA(#19453);
#19453 = FILL_AREA_STYLE('',(#19454));
#19454 = FILL_AREA_STYLE_COLOUR('',#18697);
#19455 = STYLED_ITEM('color',(#19456),#8740);
#19456 = PRESENTATION_STYLE_ASSIGNMENT((#19457));
#19457 = SURFACE_STYLE_USAGE(.BOTH.,#19458);
#19458 = SURFACE_SIDE_STYLE('',(#19459));
#19459 = SURFACE_STYLE_FILL_AREA(#19460);
#19460 = FILL_AREA_STYLE('',(#19461));
#19461 = FILL_AREA_STYLE_COLOUR('',#18697);
#19462 = STYLED_ITEM('color',(#19463),#8757);
#19463 = PRESENTATION_STYLE_ASSIGNMENT((#19464));
#19464 = SURFACE_STYLE_USAGE(.BOTH.,#19465);
#19465 = SURFACE_SIDE_STYLE('',(#19466));
#19466 = SURFACE_STYLE_FILL_AREA(#19467);
#19467 = FILL_AREA_STYLE('',(#19468));
#19468 = FILL_AREA_STYLE_COLOUR('',#18697);
#19469 = STYLED_ITEM('color',(#19470),#8774);
#19470 = PRESENTATION_STYLE_ASSIGNMENT((#19471));
#19471 = SURFACE_STYLE_USAGE(.BOTH.,#19472);
#19472 = SURFACE_SIDE_STYLE('',(#19473));
#19473 = SURFACE_STYLE_FILL_AREA(#19474);
#19474 = FILL_AREA_STYLE('',(#19475));
#19475 = FILL_AREA_STYLE_COLOUR('',#18697);
#19476 = STYLED_ITEM('color',(#19477),#8791);
#19477 = PRESENTATION_STYLE_ASSIGNMENT((#19478));
#19478 = SURFACE_STYLE_USAGE(.BOTH.,#19479);
#19479 = SURFACE_SIDE_STYLE('',(#19480));
#19480 = SURFACE_STYLE_FILL_AREA(#19481);
#19481 = FILL_AREA_STYLE('',(#19482));
#19482 = FILL_AREA_STYLE_COLOUR('',#18697);
#19483 = STYLED_ITEM('color',(#19484),#8803);
#19484 = PRESENTATION_STYLE_ASSIGNMENT((#19485));
#19485 = SURFACE_STYLE_USAGE(.BOTH.,#19486);
#19486 = SURFACE_SIDE_STYLE('',(#19487));
#19487 = SURFACE_STYLE_FILL_AREA(#19488);
#19488 = FILL_AREA_STYLE('',(#19489));
#19489 = FILL_AREA_STYLE_COLOUR('',#18697);
#19490 = STYLED_ITEM('color',(#19491),#8820);
#19491 = PRESENTATION_STYLE_ASSIGNMENT((#19492));
#19492 = SURFACE_STYLE_USAGE(.BOTH.,#19493);
#19493 = SURFACE_SIDE_STYLE('',(#19494));
#19494 = SURFACE_STYLE_FILL_AREA(#19495);
#19495 = FILL_AREA_STYLE('',(#19496));
#19496 = FILL_AREA_STYLE_COLOUR('',#18697);
#19497 = STYLED_ITEM('color',(#19498),#8832);
#19498 = PRESENTATION_STYLE_ASSIGNMENT((#19499));
#19499 = SURFACE_STYLE_USAGE(.BOTH.,#19500);
#19500 = SURFACE_SIDE_STYLE('',(#19501));
#19501 = SURFACE_STYLE_FILL_AREA(#19502);
#19502 = FILL_AREA_STYLE('',(#19503));
#19503 = FILL_AREA_STYLE_COLOUR('',#18697);
#19504 = STYLED_ITEM('color',(#19505),#8849);
#19505 = PRESENTATION_STYLE_ASSIGNMENT((#19506));
#19506 = SURFACE_STYLE_USAGE(.BOTH.,#19507);
#19507 = SURFACE_SIDE_STYLE('',(#19508));
#19508 = SURFACE_STYLE_FILL_AREA(#19509);
#19509 = FILL_AREA_STYLE('',(#19510));
#19510 = FILL_AREA_STYLE_COLOUR('',#18697);
#19511 = STYLED_ITEM('color',(#19512),#8861);
#19512 = PRESENTATION_STYLE_ASSIGNMENT((#19513));
#19513 = SURFACE_STYLE_USAGE(.BOTH.,#19514);
#19514 = SURFACE_SIDE_STYLE('',(#19515));
#19515 = SURFACE_STYLE_FILL_AREA(#19516);
#19516 = FILL_AREA_STYLE('',(#19517));
#19517 = FILL_AREA_STYLE_COLOUR('',#18697);
#19518 = STYLED_ITEM('color',(#19519),#8878);
#19519 = PRESENTATION_STYLE_ASSIGNMENT((#19520));
#19520 = SURFACE_STYLE_USAGE(.BOTH.,#19521);
#19521 = SURFACE_SIDE_STYLE('',(#19522));
#19522 = SURFACE_STYLE_FILL_AREA(#19523);
#19523 = FILL_AREA_STYLE('',(#19524));
#19524 = FILL_AREA_STYLE_COLOUR('',#18697);
#19525 = STYLED_ITEM('color',(#19526),#8890);
#19526 = PRESENTATION_STYLE_ASSIGNMENT((#19527));
#19527 = SURFACE_STYLE_USAGE(.BOTH.,#19528);
#19528 = SURFACE_SIDE_STYLE('',(#19529));
#19529 = SURFACE_STYLE_FILL_AREA(#19530);
#19530 = FILL_AREA_STYLE('',(#19531));
#19531 = FILL_AREA_STYLE_COLOUR('',#18697);
#19532 = STYLED_ITEM('color',(#19533),#8907);
#19533 = PRESENTATION_STYLE_ASSIGNMENT((#19534));
#19534 = SURFACE_STYLE_USAGE(.BOTH.,#19535);
#19535 = SURFACE_SIDE_STYLE('',(#19536));
#19536 = SURFACE_STYLE_FILL_AREA(#19537);
#19537 = FILL_AREA_STYLE('',(#19538));
#19538 = FILL_AREA_STYLE_COLOUR('',#18697);
#19539 = STYLED_ITEM('color',(#19540),#8919);
#19540 = PRESENTATION_STYLE_ASSIGNMENT((#19541));
#19541 = SURFACE_STYLE_USAGE(.BOTH.,#19542);
#19542 = SURFACE_SIDE_STYLE('',(#19543));
#19543 = SURFACE_STYLE_FILL_AREA(#19544);
#19544 = FILL_AREA_STYLE('',(#19545));
#19545 = FILL_AREA_STYLE_COLOUR('',#18697);
#19546 = STYLED_ITEM('color',(#19547),#8936);
#19547 = PRESENTATION_STYLE_ASSIGNMENT((#19548));
#19548 = SURFACE_STYLE_USAGE(.BOTH.,#19549);
#19549 = SURFACE_SIDE_STYLE('',(#19550));
#19550 = SURFACE_STYLE_FILL_AREA(#19551);
#19551 = FILL_AREA_STYLE('',(#19552));
#19552 = FILL_AREA_STYLE_COLOUR('',#18697);
#19553 = STYLED_ITEM('color',(#19554),#8948);
#19554 = PRESENTATION_STYLE_ASSIGNMENT((#19555));
#19555 = SURFACE_STYLE_USAGE(.BOTH.,#19556);
#19556 = SURFACE_SIDE_STYLE('',(#19557));
#19557 = SURFACE_STYLE_FILL_AREA(#19558);
#19558 = FILL_AREA_STYLE('',(#19559));
#19559 = FILL_AREA_STYLE_COLOUR('',#18697);
#19560 = STYLED_ITEM('color',(#19561),#8965);
#19561 = PRESENTATION_STYLE_ASSIGNMENT((#19562));
#19562 = SURFACE_STYLE_USAGE(.BOTH.,#19563);
#19563 = SURFACE_SIDE_STYLE('',(#19564));
#19564 = SURFACE_STYLE_FILL_AREA(#19565);
#19565 = FILL_AREA_STYLE('',(#19566));
#19566 = FILL_AREA_STYLE_COLOUR('',#18697);
#19567 = STYLED_ITEM('color',(#19568),#8977);
#19568 = PRESENTATION_STYLE_ASSIGNMENT((#19569));
#19569 = SURFACE_STYLE_USAGE(.BOTH.,#19570);
#19570 = SURFACE_SIDE_STYLE('',(#19571));
#19571 = SURFACE_STYLE_FILL_AREA(#19572);
#19572 = FILL_AREA_STYLE('',(#19573));
#19573 = FILL_AREA_STYLE_COLOUR('',#18697);
#19574 = STYLED_ITEM('color',(#19575),#8994);
#19575 = PRESENTATION_STYLE_ASSIGNMENT((#19576));
#19576 = SURFACE_STYLE_USAGE(.BOTH.,#19577);
#19577 = SURFACE_SIDE_STYLE('',(#19578));
#19578 = SURFACE_STYLE_FILL_AREA(#19579);
#19579 = FILL_AREA_STYLE('',(#19580));
#19580 = FILL_AREA_STYLE_COLOUR('',#18697);
#19581 = STYLED_ITEM('color',(#19582),#9006);
#19582 = PRESENTATION_STYLE_ASSIGNMENT((#19583));
#19583 = SURFACE_STYLE_USAGE(.BOTH.,#19584);
#19584 = SURFACE_SIDE_STYLE('',(#19585));
#19585 = SURFACE_STYLE_FILL_AREA(#19586);
#19586 = FILL_AREA_STYLE('',(#19587));
#19587 = FILL_AREA_STYLE_COLOUR('',#18697);
#19588 = STYLED_ITEM('color',(#19589),#9023);
#19589 = PRESENTATION_STYLE_ASSIGNMENT((#19590));
#19590 = SURFACE_STYLE_USAGE(.BOTH.,#19591);
#19591 = SURFACE_SIDE_STYLE('',(#19592));
#19592 = SURFACE_STYLE_FILL_AREA(#19593);
#19593 = FILL_AREA_STYLE('',(#19594));
#19594 = FILL_AREA_STYLE_COLOUR('',#18697);
#19595 = STYLED_ITEM('color',(#19596),#9035);
#19596 = PRESENTATION_STYLE_ASSIGNMENT((#19597));
#19597 = SURFACE_STYLE_USAGE(.BOTH.,#19598);
#19598 = SURFACE_SIDE_STYLE('',(#19599));
#19599 = SURFACE_STYLE_FILL_AREA(#19600);
#19600 = FILL_AREA_STYLE('',(#19601));
#19601 = FILL_AREA_STYLE_COLOUR('',#18697);
#19602 = STYLED_ITEM('color',(#19603),#9052);
#19603 = PRESENTATION_STYLE_ASSIGNMENT((#19604));
#19604 = SURFACE_STYLE_USAGE(.BOTH.,#19605);
#19605 = SURFACE_SIDE_STYLE('',(#19606));
#19606 = SURFACE_STYLE_FILL_AREA(#19607);
#19607 = FILL_AREA_STYLE('',(#19608));
#19608 = FILL_AREA_STYLE_COLOUR('',#18697);
#19609 = STYLED_ITEM('color',(#19610),#9064);
#19610 = PRESENTATION_STYLE_ASSIGNMENT((#19611));
#19611 = SURFACE_STYLE_USAGE(.BOTH.,#19612);
#19612 = SURFACE_SIDE_STYLE('',(#19613));
#19613 = SURFACE_STYLE_FILL_AREA(#19614);
#19614 = FILL_AREA_STYLE('',(#19615));
#19615 = FILL_AREA_STYLE_COLOUR('',#18697);
#19616 = STYLED_ITEM('color',(#19617),#9081);
#19617 = PRESENTATION_STYLE_ASSIGNMENT((#19618));
#19618 = SURFACE_STYLE_USAGE(.BOTH.,#19619);
#19619 = SURFACE_SIDE_STYLE('',(#19620));
#19620 = SURFACE_STYLE_FILL_AREA(#19621);
#19621 = FILL_AREA_STYLE('',(#19622));
#19622 = FILL_AREA_STYLE_COLOUR('',#18697);
#19623 = STYLED_ITEM('color',(#19624),#9093);
#19624 = PRESENTATION_STYLE_ASSIGNMENT((#19625));
#19625 = SURFACE_STYLE_USAGE(.BOTH.,#19626);
#19626 = SURFACE_SIDE_STYLE('',(#19627));
#19627 = SURFACE_STYLE_FILL_AREA(#19628);
#19628 = FILL_AREA_STYLE('',(#19629));
#19629 = FILL_AREA_STYLE_COLOUR('',#18697);
#19630 = STYLED_ITEM('color',(#19631),#9110);
#19631 = PRESENTATION_STYLE_ASSIGNMENT((#19632));
#19632 = SURFACE_STYLE_USAGE(.BOTH.,#19633);
#19633 = SURFACE_SIDE_STYLE('',(#19634));
#19634 = SURFACE_STYLE_FILL_AREA(#19635);
#19635 = FILL_AREA_STYLE('',(#19636));
#19636 = FILL_AREA_STYLE_COLOUR('',#18697);
#19637 = STYLED_ITEM('color',(#19638),#9122);
#19638 = PRESENTATION_STYLE_ASSIGNMENT((#19639));
#19639 = SURFACE_STYLE_USAGE(.BOTH.,#19640);
#19640 = SURFACE_SIDE_STYLE('',(#19641));
#19641 = SURFACE_STYLE_FILL_AREA(#19642);
#19642 = FILL_AREA_STYLE('',(#19643));
#19643 = FILL_AREA_STYLE_COLOUR('',#18697);
#19644 = STYLED_ITEM('color',(#19645),#9139);
#19645 = PRESENTATION_STYLE_ASSIGNMENT((#19646));
#19646 = SURFACE_STYLE_USAGE(.BOTH.,#19647);
#19647 = SURFACE_SIDE_STYLE('',(#19648));
#19648 = SURFACE_STYLE_FILL_AREA(#19649);
#19649 = FILL_AREA_STYLE('',(#19650));
#19650 = FILL_AREA_STYLE_COLOUR('',#18697);
#19651 = STYLED_ITEM('color',(#19652),#9151);
#19652 = PRESENTATION_STYLE_ASSIGNMENT((#19653));
#19653 = SURFACE_STYLE_USAGE(.BOTH.,#19654);
#19654 = SURFACE_SIDE_STYLE('',(#19655));
#19655 = SURFACE_STYLE_FILL_AREA(#19656);
#19656 = FILL_AREA_STYLE('',(#19657));
#19657 = FILL_AREA_STYLE_COLOUR('',#18697);
#19658 = STYLED_ITEM('color',(#19659),#9168);
#19659 = PRESENTATION_STYLE_ASSIGNMENT((#19660));
#19660 = SURFACE_STYLE_USAGE(.BOTH.,#19661);
#19661 = SURFACE_SIDE_STYLE('',(#19662));
#19662 = SURFACE_STYLE_FILL_AREA(#19663);
#19663 = FILL_AREA_STYLE('',(#19664));
#19664 = FILL_AREA_STYLE_COLOUR('',#18697);
#19665 = STYLED_ITEM('color',(#19666),#9185);
#19666 = PRESENTATION_STYLE_ASSIGNMENT((#19667));
#19667 = SURFACE_STYLE_USAGE(.BOTH.,#19668);
#19668 = SURFACE_SIDE_STYLE('',(#19669));
#19669 = SURFACE_STYLE_FILL_AREA(#19670);
#19670 = FILL_AREA_STYLE('',(#19671));
#19671 = FILL_AREA_STYLE_COLOUR('',#18697);
#19672 = STYLED_ITEM('color',(#19673),#9202);
#19673 = PRESENTATION_STYLE_ASSIGNMENT((#19674));
#19674 = SURFACE_STYLE_USAGE(.BOTH.,#19675);
#19675 = SURFACE_SIDE_STYLE('',(#19676));
#19676 = SURFACE_STYLE_FILL_AREA(#19677);
#19677 = FILL_AREA_STYLE('',(#19678));
#19678 = FILL_AREA_STYLE_COLOUR('',#18697);
#19679 = STYLED_ITEM('color',(#19680),#9219);
#19680 = PRESENTATION_STYLE_ASSIGNMENT((#19681));
#19681 = SURFACE_STYLE_USAGE(.BOTH.,#19682);
#19682 = SURFACE_SIDE_STYLE('',(#19683));
#19683 = SURFACE_STYLE_FILL_AREA(#19684);
#19684 = FILL_AREA_STYLE('',(#19685));
#19685 = FILL_AREA_STYLE_COLOUR('',#18697);
#19686 = STYLED_ITEM('color',(#19687),#9236);
#19687 = PRESENTATION_STYLE_ASSIGNMENT((#19688));
#19688 = SURFACE_STYLE_USAGE(.BOTH.,#19689);
#19689 = SURFACE_SIDE_STYLE('',(#19690));
#19690 = SURFACE_STYLE_FILL_AREA(#19691);
#19691 = FILL_AREA_STYLE('',(#19692));
#19692 = FILL_AREA_STYLE_COLOUR('',#18697);
#19693 = STYLED_ITEM('color',(#19694),#9253);
#19694 = PRESENTATION_STYLE_ASSIGNMENT((#19695));
#19695 = SURFACE_STYLE_USAGE(.BOTH.,#19696);
#19696 = SURFACE_SIDE_STYLE('',(#19697));
#19697 = SURFACE_STYLE_FILL_AREA(#19698);
#19698 = FILL_AREA_STYLE('',(#19699));
#19699 = FILL_AREA_STYLE_COLOUR('',#18697);
#19700 = STYLED_ITEM('color',(#19701),#9270);
#19701 = PRESENTATION_STYLE_ASSIGNMENT((#19702));
#19702 = SURFACE_STYLE_USAGE(.BOTH.,#19703);
#19703 = SURFACE_SIDE_STYLE('',(#19704));
#19704 = SURFACE_STYLE_FILL_AREA(#19705);
#19705 = FILL_AREA_STYLE('',(#19706));
#19706 = FILL_AREA_STYLE_COLOUR('',#18697);
#19707 = STYLED_ITEM('color',(#19708),#9287);
#19708 = PRESENTATION_STYLE_ASSIGNMENT((#19709));
#19709 = SURFACE_STYLE_USAGE(.BOTH.,#19710);
#19710 = SURFACE_SIDE_STYLE('',(#19711));
#19711 = SURFACE_STYLE_FILL_AREA(#19712);
#19712 = FILL_AREA_STYLE('',(#19713));
#19713 = FILL_AREA_STYLE_COLOUR('',#18697);
#19714 = STYLED_ITEM('color',(#19715),#9304);
#19715 = PRESENTATION_STYLE_ASSIGNMENT((#19716));
#19716 = SURFACE_STYLE_USAGE(.BOTH.,#19717);
#19717 = SURFACE_SIDE_STYLE('',(#19718));
#19718 = SURFACE_STYLE_FILL_AREA(#19719);
#19719 = FILL_AREA_STYLE('',(#19720));
#19720 = FILL_AREA_STYLE_COLOUR('',#18697);
#19721 = STYLED_ITEM('color',(#19722),#9321);
#19722 = PRESENTATION_STYLE_ASSIGNMENT((#19723));
#19723 = SURFACE_STYLE_USAGE(.BOTH.,#19724);
#19724 = SURFACE_SIDE_STYLE('',(#19725));
#19725 = SURFACE_STYLE_FILL_AREA(#19726);
#19726 = FILL_AREA_STYLE('',(#19727));
#19727 = FILL_AREA_STYLE_COLOUR('',#18697);
#19728 = STYLED_ITEM('color',(#19729),#9338);
#19729 = PRESENTATION_STYLE_ASSIGNMENT((#19730));
#19730 = SURFACE_STYLE_USAGE(.BOTH.,#19731);
#19731 = SURFACE_SIDE_STYLE('',(#19732));
#19732 = SURFACE_STYLE_FILL_AREA(#19733);
#19733 = FILL_AREA_STYLE('',(#19734));
#19734 = FILL_AREA_STYLE_COLOUR('',#18697);
#19735 = STYLED_ITEM('color',(#19736),#9355);
#19736 = PRESENTATION_STYLE_ASSIGNMENT((#19737));
#19737 = SURFACE_STYLE_USAGE(.BOTH.,#19738);
#19738 = SURFACE_SIDE_STYLE('',(#19739));
#19739 = SURFACE_STYLE_FILL_AREA(#19740);
#19740 = FILL_AREA_STYLE('',(#19741));
#19741 = FILL_AREA_STYLE_COLOUR('',#18697);
#19742 = STYLED_ITEM('color',(#19743),#9372);
#19743 = PRESENTATION_STYLE_ASSIGNMENT((#19744));
#19744 = SURFACE_STYLE_USAGE(.BOTH.,#19745);
#19745 = SURFACE_SIDE_STYLE('',(#19746));
#19746 = SURFACE_STYLE_FILL_AREA(#19747);
#19747 = FILL_AREA_STYLE('',(#19748));
#19748 = FILL_AREA_STYLE_COLOUR('',#18697);
#19749 = STYLED_ITEM('color',(#19750),#9389);
#19750 = PRESENTATION_STYLE_ASSIGNMENT((#19751));
#19751 = SURFACE_STYLE_USAGE(.BOTH.,#19752);
#19752 = SURFACE_SIDE_STYLE('',(#19753));
#19753 = SURFACE_STYLE_FILL_AREA(#19754);
#19754 = FILL_AREA_STYLE('',(#19755));
#19755 = FILL_AREA_STYLE_COLOUR('',#18697);
#19756 = STYLED_ITEM('color',(#19757),#9406);
#19757 = PRESENTATION_STYLE_ASSIGNMENT((#19758));
#19758 = SURFACE_STYLE_USAGE(.BOTH.,#19759);
#19759 = SURFACE_SIDE_STYLE('',(#19760));
#19760 = SURFACE_STYLE_FILL_AREA(#19761);
#19761 = FILL_AREA_STYLE('',(#19762));
#19762 = FILL_AREA_STYLE_COLOUR('',#18697);
#19763 = STYLED_ITEM('color',(#19764),#9418);
#19764 = PRESENTATION_STYLE_ASSIGNMENT((#19765));
#19765 = SURFACE_STYLE_USAGE(.BOTH.,#19766);
#19766 = SURFACE_SIDE_STYLE('',(#19767));
#19767 = SURFACE_STYLE_FILL_AREA(#19768);
#19768 = FILL_AREA_STYLE('',(#19769));
#19769 = FILL_AREA_STYLE_COLOUR('',#18697);
#19770 = STYLED_ITEM('color',(#19771),#9435);
#19771 = PRESENTATION_STYLE_ASSIGNMENT((#19772));
#19772 = SURFACE_STYLE_USAGE(.BOTH.,#19773);
#19773 = SURFACE_SIDE_STYLE('',(#19774));
#19774 = SURFACE_STYLE_FILL_AREA(#19775);
#19775 = FILL_AREA_STYLE('',(#19776));
#19776 = FILL_AREA_STYLE_COLOUR('',#18697);
#19777 = STYLED_ITEM('color',(#19778),#9447);
#19778 = PRESENTATION_STYLE_ASSIGNMENT((#19779));
#19779 = SURFACE_STYLE_USAGE(.BOTH.,#19780);
#19780 = SURFACE_SIDE_STYLE('',(#19781));
#19781 = SURFACE_STYLE_FILL_AREA(#19782);
#19782 = FILL_AREA_STYLE('',(#19783));
#19783 = FILL_AREA_STYLE_COLOUR('',#18697);
#19784 = STYLED_ITEM('color',(#19785),#9464);
#19785 = PRESENTATION_STYLE_ASSIGNMENT((#19786));
#19786 = SURFACE_STYLE_USAGE(.BOTH.,#19787);
#19787 = SURFACE_SIDE_STYLE('',(#19788));
#19788 = SURFACE_STYLE_FILL_AREA(#19789);
#19789 = FILL_AREA_STYLE('',(#19790));
#19790 = FILL_AREA_STYLE_COLOUR('',#18697);
#19791 = STYLED_ITEM('color',(#19792),#9476);
#19792 = PRESENTATION_STYLE_ASSIGNMENT((#19793));
#19793 = SURFACE_STYLE_USAGE(.BOTH.,#19794);
#19794 = SURFACE_SIDE_STYLE('',(#19795));
#19795 = SURFACE_STYLE_FILL_AREA(#19796);
#19796 = FILL_AREA_STYLE('',(#19797));
#19797 = FILL_AREA_STYLE_COLOUR('',#18697);
#19798 = STYLED_ITEM('color',(#19799),#9493);
#19799 = PRESENTATION_STYLE_ASSIGNMENT((#19800));
#19800 = SURFACE_STYLE_USAGE(.BOTH.,#19801);
#19801 = SURFACE_SIDE_STYLE('',(#19802));
#19802 = SURFACE_STYLE_FILL_AREA(#19803);
#19803 = FILL_AREA_STYLE('',(#19804));
#19804 = FILL_AREA_STYLE_COLOUR('',#18697);
#19805 = STYLED_ITEM('color',(#19806),#9505);
#19806 = PRESENTATION_STYLE_ASSIGNMENT((#19807));
#19807 = SURFACE_STYLE_USAGE(.BOTH.,#19808);
#19808 = SURFACE_SIDE_STYLE('',(#19809));
#19809 = SURFACE_STYLE_FILL_AREA(#19810);
#19810 = FILL_AREA_STYLE('',(#19811));
#19811 = FILL_AREA_STYLE_COLOUR('',#18697);
#19812 = STYLED_ITEM('color',(#19813),#9522);
#19813 = PRESENTATION_STYLE_ASSIGNMENT((#19814));
#19814 = SURFACE_STYLE_USAGE(.BOTH.,#19815);
#19815 = SURFACE_SIDE_STYLE('',(#19816));
#19816 = SURFACE_STYLE_FILL_AREA(#19817);
#19817 = FILL_AREA_STYLE('',(#19818));
#19818 = FILL_AREA_STYLE_COLOUR('',#18697);
#19819 = STYLED_ITEM('color',(#19820),#9534);
#19820 = PRESENTATION_STYLE_ASSIGNMENT((#19821));
#19821 = SURFACE_STYLE_USAGE(.BOTH.,#19822);
#19822 = SURFACE_SIDE_STYLE('',(#19823));
#19823 = SURFACE_STYLE_FILL_AREA(#19824);
#19824 = FILL_AREA_STYLE('',(#19825));
#19825 = FILL_AREA_STYLE_COLOUR('',#18697);
#19826 = STYLED_ITEM('color',(#19827),#9551);
#19827 = PRESENTATION_STYLE_ASSIGNMENT((#19828));
#19828 = SURFACE_STYLE_USAGE(.BOTH.,#19829);
#19829 = SURFACE_SIDE_STYLE('',(#19830));
#19830 = SURFACE_STYLE_FILL_AREA(#19831);
#19831 = FILL_AREA_STYLE('',(#19832));
#19832 = FILL_AREA_STYLE_COLOUR('',#18697);
#19833 = STYLED_ITEM('color',(#19834),#9563);
#19834 = PRESENTATION_STYLE_ASSIGNMENT((#19835));
#19835 = SURFACE_STYLE_USAGE(.BOTH.,#19836);
#19836 = SURFACE_SIDE_STYLE('',(#19837));
#19837 = SURFACE_STYLE_FILL_AREA(#19838);
#19838 = FILL_AREA_STYLE('',(#19839));
#19839 = FILL_AREA_STYLE_COLOUR('',#18697);
#19840 = STYLED_ITEM('color',(#19841),#9580);
#19841 = PRESENTATION_STYLE_ASSIGNMENT((#19842));
#19842 = SURFACE_STYLE_USAGE(.BOTH.,#19843);
#19843 = SURFACE_SIDE_STYLE('',(#19844));
#19844 = SURFACE_STYLE_FILL_AREA(#19845);
#19845 = FILL_AREA_STYLE('',(#19846));
#19846 = FILL_AREA_STYLE_COLOUR('',#18697);
#19847 = STYLED_ITEM('color',(#19848),#9592);
#19848 = PRESENTATION_STYLE_ASSIGNMENT((#19849));
#19849 = SURFACE_STYLE_USAGE(.BOTH.,#19850);
#19850 = SURFACE_SIDE_STYLE('',(#19851));
#19851 = SURFACE_STYLE_FILL_AREA(#19852);
#19852 = FILL_AREA_STYLE('',(#19853));
#19853 = FILL_AREA_STYLE_COLOUR('',#18697);
#19854 = STYLED_ITEM('color',(#19855),#9609);
#19855 = PRESENTATION_STYLE_ASSIGNMENT((#19856));
#19856 = SURFACE_STYLE_USAGE(.BOTH.,#19857);
#19857 = SURFACE_SIDE_STYLE('',(#19858));
#19858 = SURFACE_STYLE_FILL_AREA(#19859);
#19859 = FILL_AREA_STYLE('',(#19860));
#19860 = FILL_AREA_STYLE_COLOUR('',#18697);
#19861 = STYLED_ITEM('color',(#19862),#9621);
#19862 = PRESENTATION_STYLE_ASSIGNMENT((#19863));
#19863 = SURFACE_STYLE_USAGE(.BOTH.,#19864);
#19864 = SURFACE_SIDE_STYLE('',(#19865));
#19865 = SURFACE_STYLE_FILL_AREA(#19866);
#19866 = FILL_AREA_STYLE('',(#19867));
#19867 = FILL_AREA_STYLE_COLOUR('',#18697);
#19868 = STYLED_ITEM('color',(#19869),#9638);
#19869 = PRESENTATION_STYLE_ASSIGNMENT((#19870));
#19870 = SURFACE_STYLE_USAGE(.BOTH.,#19871);
#19871 = SURFACE_SIDE_STYLE('',(#19872));
#19872 = SURFACE_STYLE_FILL_AREA(#19873);
#19873 = FILL_AREA_STYLE('',(#19874));
#19874 = FILL_AREA_STYLE_COLOUR('',#18697);
#19875 = STYLED_ITEM('color',(#19876),#9650);
#19876 = PRESENTATION_STYLE_ASSIGNMENT((#19877));
#19877 = SURFACE_STYLE_USAGE(.BOTH.,#19878);
#19878 = SURFACE_SIDE_STYLE('',(#19879));
#19879 = SURFACE_STYLE_FILL_AREA(#19880);
#19880 = FILL_AREA_STYLE('',(#19881));
#19881 = FILL_AREA_STYLE_COLOUR('',#18697);
#19882 = STYLED_ITEM('color',(#19883),#9667);
#19883 = PRESENTATION_STYLE_ASSIGNMENT((#19884));
#19884 = SURFACE_STYLE_USAGE(.BOTH.,#19885);
#19885 = SURFACE_SIDE_STYLE('',(#19886));
#19886 = SURFACE_STYLE_FILL_AREA(#19887);
#19887 = FILL_AREA_STYLE('',(#19888));
#19888 = FILL_AREA_STYLE_COLOUR('',#18697);
#19889 = STYLED_ITEM('color',(#19890),#9679);
#19890 = PRESENTATION_STYLE_ASSIGNMENT((#19891));
#19891 = SURFACE_STYLE_USAGE(.BOTH.,#19892);
#19892 = SURFACE_SIDE_STYLE('',(#19893));
#19893 = SURFACE_STYLE_FILL_AREA(#19894);
#19894 = FILL_AREA_STYLE('',(#19895));
#19895 = FILL_AREA_STYLE_COLOUR('',#18697);
#19896 = STYLED_ITEM('color',(#19897),#9696);
#19897 = PRESENTATION_STYLE_ASSIGNMENT((#19898));
#19898 = SURFACE_STYLE_USAGE(.BOTH.,#19899);
#19899 = SURFACE_SIDE_STYLE('',(#19900));
#19900 = SURFACE_STYLE_FILL_AREA(#19901);
#19901 = FILL_AREA_STYLE('',(#19902));
#19902 = FILL_AREA_STYLE_COLOUR('',#18697);
#19903 = STYLED_ITEM('color',(#19904),#9708);
#19904 = PRESENTATION_STYLE_ASSIGNMENT((#19905));
#19905 = SURFACE_STYLE_USAGE(.BOTH.,#19906);
#19906 = SURFACE_SIDE_STYLE('',(#19907));
#19907 = SURFACE_STYLE_FILL_AREA(#19908);
#19908 = FILL_AREA_STYLE('',(#19909));
#19909 = FILL_AREA_STYLE_COLOUR('',#18697);
#19910 = STYLED_ITEM('color',(#19911),#9725);
#19911 = PRESENTATION_STYLE_ASSIGNMENT((#19912));
#19912 = SURFACE_STYLE_USAGE(.BOTH.,#19913);
#19913 = SURFACE_SIDE_STYLE('',(#19914));
#19914 = SURFACE_STYLE_FILL_AREA(#19915);
#19915 = FILL_AREA_STYLE('',(#19916));
#19916 = FILL_AREA_STYLE_COLOUR('',#18697);
#19917 = STYLED_ITEM('color',(#19918),#9737);
#19918 = PRESENTATION_STYLE_ASSIGNMENT((#19919));
#19919 = SURFACE_STYLE_USAGE(.BOTH.,#19920);
#19920 = SURFACE_SIDE_STYLE('',(#19921));
#19921 = SURFACE_STYLE_FILL_AREA(#19922);
#19922 = FILL_AREA_STYLE('',(#19923));
#19923 = FILL_AREA_STYLE_COLOUR('',#18697);
#19924 = STYLED_ITEM('color',(#19925),#9754);
#19925 = PRESENTATION_STYLE_ASSIGNMENT((#19926));
#19926 = SURFACE_STYLE_USAGE(.BOTH.,#19927);
#19927 = SURFACE_SIDE_STYLE('',(#19928));
#19928 = SURFACE_STYLE_FILL_AREA(#19929);
#19929 = FILL_AREA_STYLE('',(#19930));
#19930 = FILL_AREA_STYLE_COLOUR('',#18697);
#19931 = STYLED_ITEM('color',(#19932),#9766);
#19932 = PRESENTATION_STYLE_ASSIGNMENT((#19933));
#19933 = SURFACE_STYLE_USAGE(.BOTH.,#19934);
#19934 = SURFACE_SIDE_STYLE('',(#19935));
#19935 = SURFACE_STYLE_FILL_AREA(#19936);
#19936 = FILL_AREA_STYLE('',(#19937));
#19937 = FILL_AREA_STYLE_COLOUR('',#18697);
#19938 = STYLED_ITEM('color',(#19939),#9783);
#19939 = PRESENTATION_STYLE_ASSIGNMENT((#19940));
#19940 = SURFACE_STYLE_USAGE(.BOTH.,#19941);
#19941 = SURFACE_SIDE_STYLE('',(#19942));
#19942 = SURFACE_STYLE_FILL_AREA(#19943);
#19943 = FILL_AREA_STYLE('',(#19944));
#19944 = FILL_AREA_STYLE_COLOUR('',#18697);
#19945 = STYLED_ITEM('color',(#19946),#9795);
#19946 = PRESENTATION_STYLE_ASSIGNMENT((#19947));
#19947 = SURFACE_STYLE_USAGE(.BOTH.,#19948);
#19948 = SURFACE_SIDE_STYLE('',(#19949));
#19949 = SURFACE_STYLE_FILL_AREA(#19950);
#19950 = FILL_AREA_STYLE('',(#19951));
#19951 = FILL_AREA_STYLE_COLOUR('',#18697);
#19952 = STYLED_ITEM('color',(#19953),#9808);
#19953 = PRESENTATION_STYLE_ASSIGNMENT((#19954));
#19954 = SURFACE_STYLE_USAGE(.BOTH.,#19955);
#19955 = SURFACE_SIDE_STYLE('',(#19956));
#19956 = SURFACE_STYLE_FILL_AREA(#19957);
#19957 = FILL_AREA_STYLE('',(#19958));
#19958 = FILL_AREA_STYLE_COLOUR('',#19959);
#19959 = COLOUR_RGB('',0.690999998585,0.664000007176,0.597999987832);
#19960 = STYLED_ITEM('color',(#19961),#9833);
#19961 = PRESENTATION_STYLE_ASSIGNMENT((#19962));
#19962 = SURFACE_STYLE_USAGE(.BOTH.,#19963);
#19963 = SURFACE_SIDE_STYLE('',(#19964));
#19964 = SURFACE_STYLE_FILL_AREA(#19965);
#19965 = FILL_AREA_STYLE('',(#19966));
#19966 = FILL_AREA_STYLE_COLOUR('',#19959);
#19967 = MECHANICAL_DESIGN_GEOMETRIC_PRESENTATION_REPRESENTATION('',(
    #19968,#19975,#19982,#19989,#19996,#20003,#20010,#20017,#20025,
    #20032,#20039,#20046,#20053,#20060,#20068,#20075,#20082,#20089,
    #20096,#20103,#20110,#20117,#20124,#20131,#20138,#20145),#2924);
#19968 = STYLED_ITEM('color',(#19969),#2136);
#19969 = PRESENTATION_STYLE_ASSIGNMENT((#19970));
#19970 = SURFACE_STYLE_USAGE(.BOTH.,#19971);
#19971 = SURFACE_SIDE_STYLE('',(#19972));
#19972 = SURFACE_STYLE_FILL_AREA(#19973);
#19973 = FILL_AREA_STYLE('',(#19974));
#19974 = FILL_AREA_STYLE_COLOUR('',#18697);
#19975 = STYLED_ITEM('color',(#19976),#2176);
#19976 = PRESENTATION_STYLE_ASSIGNMENT((#19977));
#19977 = SURFACE_STYLE_USAGE(.BOTH.,#19978);
#19978 = SURFACE_SIDE_STYLE('',(#19979));
#19979 = SURFACE_STYLE_FILL_AREA(#19980);
#19980 = FILL_AREA_STYLE('',(#19981));
#19981 = FILL_AREA_STYLE_COLOUR('',#18697);
#19982 = STYLED_ITEM('color',(#19983),#2259);
#19983 = PRESENTATION_STYLE_ASSIGNMENT((#19984));
#19984 = SURFACE_STYLE_USAGE(.BOTH.,#19985);
#19985 = SURFACE_SIDE_STYLE('',(#19986));
#19986 = SURFACE_STYLE_FILL_AREA(#19987);
#19987 = FILL_AREA_STYLE('',(#19988));
#19988 = FILL_AREA_STYLE_COLOUR('',#18697);
#19989 = STYLED_ITEM('color',(#19990),#2284);
#19990 = PRESENTATION_STYLE_ASSIGNMENT((#19991));
#19991 = SURFACE_STYLE_USAGE(.BOTH.,#19992);
#19992 = SURFACE_SIDE_STYLE('',(#19993));
#19993 = SURFACE_STYLE_FILL_AREA(#19994);
#19994 = FILL_AREA_STYLE('',(#19995));
#19995 = FILL_AREA_STYLE_COLOUR('',#18697);
#19996 = STYLED_ITEM('color',(#19997),#2309);
#19997 = PRESENTATION_STYLE_ASSIGNMENT((#19998));
#19998 = SURFACE_STYLE_USAGE(.BOTH.,#19999);
#19999 = SURFACE_SIDE_STYLE('',(#20000));
#20000 = SURFACE_STYLE_FILL_AREA(#20001);
#20001 = FILL_AREA_STYLE('',(#20002));
#20002 = FILL_AREA_STYLE_COLOUR('',#18697);
#20003 = STYLED_ITEM('color',(#20004),#2376);
#20004 = PRESENTATION_STYLE_ASSIGNMENT((#20005));
#20005 = SURFACE_STYLE_USAGE(.BOTH.,#20006);
#20006 = SURFACE_SIDE_STYLE('',(#20007));
#20007 = SURFACE_STYLE_FILL_AREA(#20008);
#20008 = FILL_AREA_STYLE('',(#20009));
#20009 = FILL_AREA_STYLE_COLOUR('',#18697);
#20010 = STYLED_ITEM('color',(#20011),#2393);
#20011 = PRESENTATION_STYLE_ASSIGNMENT((#20012));
#20012 = SURFACE_STYLE_USAGE(.BOTH.,#20013);
#20013 = SURFACE_SIDE_STYLE('',(#20014));
#20014 = SURFACE_STYLE_FILL_AREA(#20015);
#20015 = FILL_AREA_STYLE('',(#20016));
#20016 = FILL_AREA_STYLE_COLOUR('',#18697);
#20017 = STYLED_ITEM('color',(#20018),#2410);
#20018 = PRESENTATION_STYLE_ASSIGNMENT((#20019));
#20019 = SURFACE_STYLE_USAGE(.BOTH.,#20020);
#20020 = SURFACE_SIDE_STYLE('',(#20021));
#20021 = SURFACE_STYLE_FILL_AREA(#20022);
#20022 = FILL_AREA_STYLE('',(#20023));
#20023 = FILL_AREA_STYLE_COLOUR('',#20024);
#20024 = COLOUR_RGB('',0.894999966383,0.890999961016,0.813000030345);
#20025 = STYLED_ITEM('color',(#20026),#2459);
#20026 = PRESENTATION_STYLE_ASSIGNMENT((#20027));
#20027 = SURFACE_STYLE_USAGE(.BOTH.,#20028);
#20028 = SURFACE_SIDE_STYLE('',(#20029));
#20029 = SURFACE_STYLE_FILL_AREA(#20030);
#20030 = FILL_AREA_STYLE('',(#20031));
#20031 = FILL_AREA_STYLE_COLOUR('',#18697);
#20032 = STYLED_ITEM('color',(#20033),#2476);
#20033 = PRESENTATION_STYLE_ASSIGNMENT((#20034));
#20034 = SURFACE_STYLE_USAGE(.BOTH.,#20035);
#20035 = SURFACE_SIDE_STYLE('',(#20036));
#20036 = SURFACE_STYLE_FILL_AREA(#20037);
#20037 = FILL_AREA_STYLE('',(#20038));
#20038 = FILL_AREA_STYLE_COLOUR('',#18697);
#20039 = STYLED_ITEM('color',(#20040),#2493);
#20040 = PRESENTATION_STYLE_ASSIGNMENT((#20041));
#20041 = SURFACE_STYLE_USAGE(.BOTH.,#20042);
#20042 = SURFACE_SIDE_STYLE('',(#20043));
#20043 = SURFACE_STYLE_FILL_AREA(#20044);
#20044 = FILL_AREA_STYLE('',(#20045));
#20045 = FILL_AREA_STYLE_COLOUR('',#20024);
#20046 = STYLED_ITEM('color',(#20047),#2542);
#20047 = PRESENTATION_STYLE_ASSIGNMENT((#20048));
#20048 = SURFACE_STYLE_USAGE(.BOTH.,#20049);
#20049 = SURFACE_SIDE_STYLE('',(#20050));
#20050 = SURFACE_STYLE_FILL_AREA(#20051);
#20051 = FILL_AREA_STYLE('',(#20052));
#20052 = FILL_AREA_STYLE_COLOUR('',#20024);
#20053 = STYLED_ITEM('color',(#20054),#2559);
#20054 = PRESENTATION_STYLE_ASSIGNMENT((#20055));
#20055 = SURFACE_STYLE_USAGE(.BOTH.,#20056);
#20056 = SURFACE_SIDE_STYLE('',(#20057));
#20057 = SURFACE_STYLE_FILL_AREA(#20058);
#20058 = FILL_AREA_STYLE('',(#20059));
#20059 = FILL_AREA_STYLE_COLOUR('',#18697);
#20060 = STYLED_ITEM('color',(#20061),#2628);
#20061 = PRESENTATION_STYLE_ASSIGNMENT((#20062));
#20062 = SURFACE_STYLE_USAGE(.BOTH.,#20063);
#20063 = SURFACE_SIDE_STYLE('',(#20064));
#20064 = SURFACE_STYLE_FILL_AREA(#20065);
#20065 = FILL_AREA_STYLE('',(#20066));
#20066 = FILL_AREA_STYLE_COLOUR('',#20067);
#20067 = COLOUR_RGB('',8.200000279077E-02,8.600000121357E-02,
  9.399999706163E-02);
#20068 = STYLED_ITEM('color',(#20069),#2659);
#20069 = PRESENTATION_STYLE_ASSIGNMENT((#20070));
#20070 = SURFACE_STYLE_USAGE(.BOTH.,#20071);
#20071 = SURFACE_SIDE_STYLE('',(#20072));
#20072 = SURFACE_STYLE_FILL_AREA(#20073);
#20073 = FILL_AREA_STYLE('',(#20074));
#20074 = FILL_AREA_STYLE_COLOUR('',#20067);
#20075 = STYLED_ITEM('color',(#20076),#2683);
#20076 = PRESENTATION_STYLE_ASSIGNMENT((#20077));
#20077 = SURFACE_STYLE_USAGE(.BOTH.,#20078);
#20078 = SURFACE_SIDE_STYLE('',(#20079));
#20079 = SURFACE_STYLE_FILL_AREA(#20080);
#20080 = FILL_AREA_STYLE('',(#20081));
#20081 = FILL_AREA_STYLE_COLOUR('',#18697);
#20082 = STYLED_ITEM('color',(#20083),#2752);
#20083 = PRESENTATION_STYLE_ASSIGNMENT((#20084));
#20084 = SURFACE_STYLE_USAGE(.BOTH.,#20085);
#20085 = SURFACE_SIDE_STYLE('',(#20086));
#20086 = SURFACE_STYLE_FILL_AREA(#20087);
#20087 = FILL_AREA_STYLE('',(#20088));
#20088 = FILL_AREA_STYLE_COLOUR('',#20067);
#20089 = STYLED_ITEM('color',(#20090),#2776);
#20090 = PRESENTATION_STYLE_ASSIGNMENT((#20091));
#20091 = SURFACE_STYLE_USAGE(.BOTH.,#20092);
#20092 = SURFACE_SIDE_STYLE('',(#20093));
#20093 = SURFACE_STYLE_FILL_AREA(#20094);
#20094 = FILL_AREA_STYLE('',(#20095));
#20095 = FILL_AREA_STYLE_COLOUR('',#18697);
#20096 = STYLED_ITEM('color',(#20097),#2793);
#20097 = PRESENTATION_STYLE_ASSIGNMENT((#20098));
#20098 = SURFACE_STYLE_USAGE(.BOTH.,#20099);
#20099 = SURFACE_SIDE_STYLE('',(#20100));
#20100 = SURFACE_STYLE_FILL_AREA(#20101);
#20101 = FILL_AREA_STYLE('',(#20102));
#20102 = FILL_AREA_STYLE_COLOUR('',#18697);
#20103 = STYLED_ITEM('color',(#20104),#2810);
#20104 = PRESENTATION_STYLE_ASSIGNMENT((#20105));
#20105 = SURFACE_STYLE_USAGE(.BOTH.,#20106);
#20106 = SURFACE_SIDE_STYLE('',(#20107));
#20107 = SURFACE_STYLE_FILL_AREA(#20108);
#20108 = FILL_AREA_STYLE('',(#20109));
#20109 = FILL_AREA_STYLE_COLOUR('',#18697);
#20110 = STYLED_ITEM('color',(#20111),#2827);
#20111 = PRESENTATION_STYLE_ASSIGNMENT((#20112));
#20112 = SURFACE_STYLE_USAGE(.BOTH.,#20113);
#20113 = SURFACE_SIDE_STYLE('',(#20114));
#20114 = SURFACE_STYLE_FILL_AREA(#20115);
#20115 = FILL_AREA_STYLE('',(#20116));
#20116 = FILL_AREA_STYLE_COLOUR('',#18697);
#20117 = STYLED_ITEM('color',(#20118),#2844);
#20118 = PRESENTATION_STYLE_ASSIGNMENT((#20119));
#20119 = SURFACE_STYLE_USAGE(.BOTH.,#20120);
#20120 = SURFACE_SIDE_STYLE('',(#20121));
#20121 = SURFACE_STYLE_FILL_AREA(#20122);
#20122 = FILL_AREA_STYLE('',(#20123));
#20123 = FILL_AREA_STYLE_COLOUR('',#18697);
#20124 = STYLED_ITEM('color',(#20125),#2861);
#20125 = PRESENTATION_STYLE_ASSIGNMENT((#20126));
#20126 = SURFACE_STYLE_USAGE(.BOTH.,#20127);
#20127 = SURFACE_SIDE_STYLE('',(#20128));
#20128 = SURFACE_STYLE_FILL_AREA(#20129);
#20129 = FILL_AREA_STYLE('',(#20130));
#20130 = FILL_AREA_STYLE_COLOUR('',#18697);
#20131 = STYLED_ITEM('color',(#20132),#2878);
#20132 = PRESENTATION_STYLE_ASSIGNMENT((#20133));
#20133 = SURFACE_STYLE_USAGE(.BOTH.,#20134);
#20134 = SURFACE_SIDE_STYLE('',(#20135));
#20135 = SURFACE_STYLE_FILL_AREA(#20136);
#20136 = FILL_AREA_STYLE('',(#20137));
#20137 = FILL_AREA_STYLE_COLOUR('',#18697);
#20138 = STYLED_ITEM('color',(#20139),#2895);
#20139 = PRESENTATION_STYLE_ASSIGNMENT((#20140));
#20140 = SURFACE_STYLE_USAGE(.BOTH.,#20141);
#20141 = SURFACE_SIDE_STYLE('',(#20142));
#20142 = SURFACE_STYLE_FILL_AREA(#20143);
#20143 = FILL_AREA_STYLE('',(#20144));
#20144 = FILL_AREA_STYLE_COLOUR('',#20067);
#20145 = STYLED_ITEM('color',(#20146),#2912);
#20146 = PRESENTATION_STYLE_ASSIGNMENT((#20147));
#20147 = SURFACE_STYLE_USAGE(.BOTH.,#20148);
#20148 = SURFACE_SIDE_STYLE('',(#20149));
#20149 = SURFACE_STYLE_FILL_AREA(#20150);
#20150 = FILL_AREA_STYLE('',(#20151));
#20151 = FILL_AREA_STYLE_COLOUR('',#20067);
#20152 = MECHANICAL_DESIGN_GEOMETRIC_PRESENTATION_REPRESENTATION('',(
    #20153,#20162,#20171,#20180,#20189,#20198,#20207,#20216,#20225,
    #20234,#20243,#20252,#20261,#20270,#20279,#20288,#20297,#20306,
    #20315,#20324,#20333,#20342,#20351,#20360,#20369,#20378,#20387,
    #20396,#20405,#20414,#20423,#20432,#20441,#20450,#20459,#20468,
    #20477,#20486,#20495,#20504,#20513,#20522,#20531,#20540,#20549,
    #20558,#20567,#20576,#20585,#20594,#20603,#20612,#20621,#20630,
    #20639,#20648,#20657,#20666,#20675),#1912);
#20153 = STYLED_ITEM('color',(#20154),#226);
#20154 = PRESENTATION_STYLE_ASSIGNMENT((#20155,#20160));
#20155 = SURFACE_STYLE_USAGE(.BOTH.,#20156);
#20156 = SURFACE_SIDE_STYLE('',(#20157));
#20157 = SURFACE_STYLE_FILL_AREA(#20158);
#20158 = FILL_AREA_STYLE('',(#20159));
#20159 = FILL_AREA_STYLE_COLOUR('',#18733);
#20160 = CURVE_STYLE('',#20161,POSITIVE_LENGTH_MEASURE(0.1),#18733);
#20161 = DRAUGHTING_PRE_DEFINED_CURVE_FONT('continuous');
#20162 = STYLED_ITEM('color',(#20163),#280);
#20163 = PRESENTATION_STYLE_ASSIGNMENT((#20164,#20169));
#20164 = SURFACE_STYLE_USAGE(.BOTH.,#20165);
#20165 = SURFACE_SIDE_STYLE('',(#20166));
#20166 = SURFACE_STYLE_FILL_AREA(#20167);
#20167 = FILL_AREA_STYLE('',(#20168));
#20168 = FILL_AREA_STYLE_COLOUR('',#18733);
#20169 = CURVE_STYLE('',#20170,POSITIVE_LENGTH_MEASURE(0.1),#18733);
#20170 = DRAUGHTING_PRE_DEFINED_CURVE_FONT('continuous');
#20171 = STYLED_ITEM('color',(#20172),#343);
#20172 = PRESENTATION_STYLE_ASSIGNMENT((#20173,#20178));
#20173 = SURFACE_STYLE_USAGE(.BOTH.,#20174);
#20174 = SURFACE_SIDE_STYLE('',(#20175));
#20175 = SURFACE_STYLE_FILL_AREA(#20176);
#20176 = FILL_AREA_STYLE('',(#20177));
#20177 = FILL_AREA_STYLE_COLOUR('',#18733);
#20178 = CURVE_STYLE('',#20179,POSITIVE_LENGTH_MEASURE(0.1),#18733);
#20179 = DRAUGHTING_PRE_DEFINED_CURVE_FONT('continuous');
#20180 = STYLED_ITEM('color',(#20181),#366);
#20181 = PRESENTATION_STYLE_ASSIGNMENT((#20182,#20187));
#20182 = SURFACE_STYLE_USAGE(.BOTH.,#20183);
#20183 = SURFACE_SIDE_STYLE('',(#20184));
#20184 = SURFACE_STYLE_FILL_AREA(#20185);
#20185 = FILL_AREA_STYLE('',(#20186));
#20186 = FILL_AREA_STYLE_COLOUR('',#18733);
#20187 = CURVE_STYLE('',#20188,POSITIVE_LENGTH_MEASURE(0.1),#18733);
#20188 = DRAUGHTING_PRE_DEFINED_CURVE_FONT('continuous');
#20189 = STYLED_ITEM('color',(#20190),#396);
#20190 = PRESENTATION_STYLE_ASSIGNMENT((#20191,#20196));
#20191 = SURFACE_STYLE_USAGE(.BOTH.,#20192);
#20192 = SURFACE_SIDE_STYLE('',(#20193));
#20193 = SURFACE_STYLE_FILL_AREA(#20194);
#20194 = FILL_AREA_STYLE('',(#20195));
#20195 = FILL_AREA_STYLE_COLOUR('',#18697);
#20196 = CURVE_STYLE('',#20197,POSITIVE_LENGTH_MEASURE(0.1),#18697);
#20197 = DRAUGHTING_PRE_DEFINED_CURVE_FONT('continuous');
#20198 = STYLED_ITEM('color',(#20199),#429);
#20199 = PRESENTATION_STYLE_ASSIGNMENT((#20200,#20205));
#20200 = SURFACE_STYLE_USAGE(.BOTH.,#20201);
#20201 = SURFACE_SIDE_STYLE('',(#20202));
#20202 = SURFACE_STYLE_FILL_AREA(#20203);
#20203 = FILL_AREA_STYLE('',(#20204));
#20204 = FILL_AREA_STYLE_COLOUR('',#18733);
#20205 = CURVE_STYLE('',#20206,POSITIVE_LENGTH_MEASURE(0.1),#18733);
#20206 = DRAUGHTING_PRE_DEFINED_CURVE_FONT('continuous');
#20207 = STYLED_ITEM('color',(#20208),#459);
#20208 = PRESENTATION_STYLE_ASSIGNMENT((#20209,#20214));
#20209 = SURFACE_STYLE_USAGE(.BOTH.,#20210);
#20210 = SURFACE_SIDE_STYLE('',(#20211));
#20211 = SURFACE_STYLE_FILL_AREA(#20212);
#20212 = FILL_AREA_STYLE('',(#20213));
#20213 = FILL_AREA_STYLE_COLOUR('',#18733);
#20214 = CURVE_STYLE('',#20215,POSITIVE_LENGTH_MEASURE(0.1),#18733);
#20215 = DRAUGHTING_PRE_DEFINED_CURVE_FONT('continuous');
#20216 = STYLED_ITEM('color',(#20217),#482);
#20217 = PRESENTATION_STYLE_ASSIGNMENT((#20218,#20223));
#20218 = SURFACE_STYLE_USAGE(.BOTH.,#20219);
#20219 = SURFACE_SIDE_STYLE('',(#20220));
#20220 = SURFACE_STYLE_FILL_AREA(#20221);
#20221 = FILL_AREA_STYLE('',(#20222));
#20222 = FILL_AREA_STYLE_COLOUR('',#18733);
#20223 = CURVE_STYLE('',#20224,POSITIVE_LENGTH_MEASURE(0.1),#18733);
#20224 = DRAUGHTING_PRE_DEFINED_CURVE_FONT('continuous');
#20225 = STYLED_ITEM('color',(#20226),#505);
#20226 = PRESENTATION_STYLE_ASSIGNMENT((#20227,#20232));
#20227 = SURFACE_STYLE_USAGE(.BOTH.,#20228);
#20228 = SURFACE_SIDE_STYLE('',(#20229));
#20229 = SURFACE_STYLE_FILL_AREA(#20230);
#20230 = FILL_AREA_STYLE('',(#20231));
#20231 = FILL_AREA_STYLE_COLOUR('',#18733);
#20232 = CURVE_STYLE('',#20233,POSITIVE_LENGTH_MEASURE(0.1),#18733);
#20233 = DRAUGHTING_PRE_DEFINED_CURVE_FONT('continuous');
#20234 = STYLED_ITEM('color',(#20235),#528);
#20235 = PRESENTATION_STYLE_ASSIGNMENT((#20236,#20241));
#20236 = SURFACE_STYLE_USAGE(.BOTH.,#20237);
#20237 = SURFACE_SIDE_STYLE('',(#20238));
#20238 = SURFACE_STYLE_FILL_AREA(#20239);
#20239 = FILL_AREA_STYLE('',(#20240));
#20240 = FILL_AREA_STYLE_COLOUR('',#18733);
#20241 = CURVE_STYLE('',#20242,POSITIVE_LENGTH_MEASURE(0.1),#18733);
#20242 = DRAUGHTING_PRE_DEFINED_CURVE_FONT('continuous');
#20243 = STYLED_ITEM('color',(#20244),#551);
#20244 = PRESENTATION_STYLE_ASSIGNMENT((#20245,#20250));
#20245 = SURFACE_STYLE_USAGE(.BOTH.,#20246);
#20246 = SURFACE_SIDE_STYLE('',(#20247));
#20247 = SURFACE_STYLE_FILL_AREA(#20248);
#20248 = FILL_AREA_STYLE('',(#20249));
#20249 = FILL_AREA_STYLE_COLOUR('',#18733);
#20250 = CURVE_STYLE('',#20251,POSITIVE_LENGTH_MEASURE(0.1),#18733);
#20251 = DRAUGHTING_PRE_DEFINED_CURVE_FONT('continuous');
#20252 = STYLED_ITEM('color',(#20253),#574);
#20253 = PRESENTATION_STYLE_ASSIGNMENT((#20254,#20259));
#20254 = SURFACE_STYLE_USAGE(.BOTH.,#20255);
#20255 = SURFACE_SIDE_STYLE('',(#20256));
#20256 = SURFACE_STYLE_FILL_AREA(#20257);
#20257 = FILL_AREA_STYLE('',(#20258));
#20258 = FILL_AREA_STYLE_COLOUR('',#18733);
#20259 = CURVE_STYLE('',#20260,POSITIVE_LENGTH_MEASURE(0.1),#18733);
#20260 = DRAUGHTING_PRE_DEFINED_CURVE_FONT('continuous');
#20261 = STYLED_ITEM('color',(#20262),#607);
#20262 = PRESENTATION_STYLE_ASSIGNMENT((#20263,#20268));
#20263 = SURFACE_STYLE_USAGE(.BOTH.,#20264);
#20264 = SURFACE_SIDE_STYLE('',(#20265));
#20265 = SURFACE_STYLE_FILL_AREA(#20266);
#20266 = FILL_AREA_STYLE('',(#20267));
#20267 = FILL_AREA_STYLE_COLOUR('',#18733);
#20268 = CURVE_STYLE('',#20269,POSITIVE_LENGTH_MEASURE(0.1),#18733);
#20269 = DRAUGHTING_PRE_DEFINED_CURVE_FONT('continuous');
#20270 = STYLED_ITEM('color',(#20271),#630);
#20271 = PRESENTATION_STYLE_ASSIGNMENT((#20272,#20277));
#20272 = SURFACE_STYLE_USAGE(.BOTH.,#20273);
#20273 = SURFACE_SIDE_STYLE('',(#20274));
#20274 = SURFACE_STYLE_FILL_AREA(#20275);
#20275 = FILL_AREA_STYLE('',(#20276));
#20276 = FILL_AREA_STYLE_COLOUR('',#18733);
#20277 = CURVE_STYLE('',#20278,POSITIVE_LENGTH_MEASURE(0.1),#18733);
#20278 = DRAUGHTING_PRE_DEFINED_CURVE_FONT('continuous');
#20279 = STYLED_ITEM('color',(#20280),#653);
#20280 = PRESENTATION_STYLE_ASSIGNMENT((#20281,#20286));
#20281 = SURFACE_STYLE_USAGE(.BOTH.,#20282);
#20282 = SURFACE_SIDE_STYLE('',(#20283));
#20283 = SURFACE_STYLE_FILL_AREA(#20284);
#20284 = FILL_AREA_STYLE('',(#20285));
#20285 = FILL_AREA_STYLE_COLOUR('',#18733);
#20286 = CURVE_STYLE('',#20287,POSITIVE_LENGTH_MEASURE(0.1),#18733);
#20287 = DRAUGHTING_PRE_DEFINED_CURVE_FONT('continuous');
#20288 = STYLED_ITEM('color',(#20289),#741);
#20289 = PRESENTATION_STYLE_ASSIGNMENT((#20290,#20295));
#20290 = SURFACE_STYLE_USAGE(.BOTH.,#20291);
#20291 = SURFACE_SIDE_STYLE('',(#20292));
#20292 = SURFACE_STYLE_FILL_AREA(#20293);
#20293 = FILL_AREA_STYLE('',(#20294));
#20294 = FILL_AREA_STYLE_COLOUR('',#18697);
#20295 = CURVE_STYLE('',#20296,POSITIVE_LENGTH_MEASURE(0.1),#18697);
#20296 = DRAUGHTING_PRE_DEFINED_CURVE_FONT('continuous');
#20297 = STYLED_ITEM('color',(#20298),#816);
#20298 = PRESENTATION_STYLE_ASSIGNMENT((#20299,#20304));
#20299 = SURFACE_STYLE_USAGE(.BOTH.,#20300);
#20300 = SURFACE_SIDE_STYLE('',(#20301));
#20301 = SURFACE_STYLE_FILL_AREA(#20302);
#20302 = FILL_AREA_STYLE('',(#20303));
#20303 = FILL_AREA_STYLE_COLOUR('',#18697);
#20304 = CURVE_STYLE('',#20305,POSITIVE_LENGTH_MEASURE(0.1),#18697);
#20305 = DRAUGHTING_PRE_DEFINED_CURVE_FONT('continuous');
#20306 = STYLED_ITEM('color',(#20307),#840);
#20307 = PRESENTATION_STYLE_ASSIGNMENT((#20308,#20313));
#20308 = SURFACE_STYLE_USAGE(.BOTH.,#20309);
#20309 = SURFACE_SIDE_STYLE('',(#20310));
#20310 = SURFACE_STYLE_FILL_AREA(#20311);
#20311 = FILL_AREA_STYLE('',(#20312));
#20312 = FILL_AREA_STYLE_COLOUR('',#18697);
#20313 = CURVE_STYLE('',#20314,POSITIVE_LENGTH_MEASURE(0.1),#18697);
#20314 = DRAUGHTING_PRE_DEFINED_CURVE_FONT('continuous');
#20315 = STYLED_ITEM('color',(#20316),#908);
#20316 = PRESENTATION_STYLE_ASSIGNMENT((#20317,#20322));
#20317 = SURFACE_STYLE_USAGE(.BOTH.,#20318);
#20318 = SURFACE_SIDE_STYLE('',(#20319));
#20319 = SURFACE_STYLE_FILL_AREA(#20320);
#20320 = FILL_AREA_STYLE('',(#20321));
#20321 = FILL_AREA_STYLE_COLOUR('',#18733);
#20322 = CURVE_STYLE('',#20323,POSITIVE_LENGTH_MEASURE(0.1),#18733);
#20323 = DRAUGHTING_PRE_DEFINED_CURVE_FONT('continuous');
#20324 = STYLED_ITEM('color',(#20325),#996);
#20325 = PRESENTATION_STYLE_ASSIGNMENT((#20326,#20331));
#20326 = SURFACE_STYLE_USAGE(.BOTH.,#20327);
#20327 = SURFACE_SIDE_STYLE('',(#20328));
#20328 = SURFACE_STYLE_FILL_AREA(#20329);
#20329 = FILL_AREA_STYLE('',(#20330));
#20330 = FILL_AREA_STYLE_COLOUR('',#18733);
#20331 = CURVE_STYLE('',#20332,POSITIVE_LENGTH_MEASURE(0.1),#18733);
#20332 = DRAUGHTING_PRE_DEFINED_CURVE_FONT('continuous');
#20333 = STYLED_ITEM('color',(#20334),#1012);
#20334 = PRESENTATION_STYLE_ASSIGNMENT((#20335,#20340));
#20335 = SURFACE_STYLE_USAGE(.BOTH.,#20336);
#20336 = SURFACE_SIDE_STYLE('',(#20337));
#20337 = SURFACE_STYLE_FILL_AREA(#20338);
#20338 = FILL_AREA_STYLE('',(#20339));
#20339 = FILL_AREA_STYLE_COLOUR('',#18733);
#20340 = CURVE_STYLE('',#20341,POSITIVE_LENGTH_MEASURE(0.1),#18733);
#20341 = DRAUGHTING_PRE_DEFINED_CURVE_FONT('continuous');
#20342 = STYLED_ITEM('color',(#20343),#1028);
#20343 = PRESENTATION_STYLE_ASSIGNMENT((#20344,#20349));
#20344 = SURFACE_STYLE_USAGE(.BOTH.,#20345);
#20345 = SURFACE_SIDE_STYLE('',(#20346));
#20346 = SURFACE_STYLE_FILL_AREA(#20347);
#20347 = FILL_AREA_STYLE('',(#20348));
#20348 = FILL_AREA_STYLE_COLOUR('',#18733);
#20349 = CURVE_STYLE('',#20350,POSITIVE_LENGTH_MEASURE(0.1),#18733);
#20350 = DRAUGHTING_PRE_DEFINED_CURVE_FONT('continuous');
#20351 = STYLED_ITEM('color',(#20352),#1044);
#20352 = PRESENTATION_STYLE_ASSIGNMENT((#20353,#20358));
#20353 = SURFACE_STYLE_USAGE(.BOTH.,#20354);
#20354 = SURFACE_SIDE_STYLE('',(#20355));
#20355 = SURFACE_STYLE_FILL_AREA(#20356);
#20356 = FILL_AREA_STYLE('',(#20357));
#20357 = FILL_AREA_STYLE_COLOUR('',#18733);
#20358 = CURVE_STYLE('',#20359,POSITIVE_LENGTH_MEASURE(0.1),#18733);
#20359 = DRAUGHTING_PRE_DEFINED_CURVE_FONT('continuous');
#20360 = STYLED_ITEM('color',(#20361),#1060);
#20361 = PRESENTATION_STYLE_ASSIGNMENT((#20362,#20367));
#20362 = SURFACE_STYLE_USAGE(.BOTH.,#20363);
#20363 = SURFACE_SIDE_STYLE('',(#20364));
#20364 = SURFACE_STYLE_FILL_AREA(#20365);
#20365 = FILL_AREA_STYLE('',(#20366));
#20366 = FILL_AREA_STYLE_COLOUR('',#18733);
#20367 = CURVE_STYLE('',#20368,POSITIVE_LENGTH_MEASURE(0.1),#18733);
#20368 = DRAUGHTING_PRE_DEFINED_CURVE_FONT('continuous');
#20369 = STYLED_ITEM('color',(#20370),#1077);
#20370 = PRESENTATION_STYLE_ASSIGNMENT((#20371,#20376));
#20371 = SURFACE_STYLE_USAGE(.BOTH.,#20372);
#20372 = SURFACE_SIDE_STYLE('',(#20373));
#20373 = SURFACE_STYLE_FILL_AREA(#20374);
#20374 = FILL_AREA_STYLE('',(#20375));
#20375 = FILL_AREA_STYLE_COLOUR('',#18697);
#20376 = CURVE_STYLE('',#20377,POSITIVE_LENGTH_MEASURE(0.1),#18697);
#20377 = DRAUGHTING_PRE_DEFINED_CURVE_FONT('continuous');
#20378 = STYLED_ITEM('color',(#20379),#1110);
#20379 = PRESENTATION_STYLE_ASSIGNMENT((#20380,#20385));
#20380 = SURFACE_STYLE_USAGE(.BOTH.,#20381);
#20381 = SURFACE_SIDE_STYLE('',(#20382));
#20382 = SURFACE_STYLE_FILL_AREA(#20383);
#20383 = FILL_AREA_STYLE('',(#20384));
#20384 = FILL_AREA_STYLE_COLOUR('',#18733);
#20385 = CURVE_STYLE('',#20386,POSITIVE_LENGTH_MEASURE(0.1),#18733);
#20386 = DRAUGHTING_PRE_DEFINED_CURVE_FONT('continuous');
#20387 = STYLED_ITEM('color',(#20388),#1127);
#20388 = PRESENTATION_STYLE_ASSIGNMENT((#20389,#20394));
#20389 = SURFACE_STYLE_USAGE(.BOTH.,#20390);
#20390 = SURFACE_SIDE_STYLE('',(#20391));
#20391 = SURFACE_STYLE_FILL_AREA(#20392);
#20392 = FILL_AREA_STYLE('',(#20393));
#20393 = FILL_AREA_STYLE_COLOUR('',#18697);
#20394 = CURVE_STYLE('',#20395,POSITIVE_LENGTH_MEASURE(0.1),#18697);
#20395 = DRAUGHTING_PRE_DEFINED_CURVE_FONT('continuous');
#20396 = STYLED_ITEM('color',(#20397),#1149);
#20397 = PRESENTATION_STYLE_ASSIGNMENT((#20398,#20403));
#20398 = SURFACE_STYLE_USAGE(.BOTH.,#20399);
#20399 = SURFACE_SIDE_STYLE('',(#20400));
#20400 = SURFACE_STYLE_FILL_AREA(#20401);
#20401 = FILL_AREA_STYLE('',(#20402));
#20402 = FILL_AREA_STYLE_COLOUR('',#18733);
#20403 = CURVE_STYLE('',#20404,POSITIVE_LENGTH_MEASURE(0.1),#18733);
#20404 = DRAUGHTING_PRE_DEFINED_CURVE_FONT('continuous');
#20405 = STYLED_ITEM('color',(#20406),#1180);
#20406 = PRESENTATION_STYLE_ASSIGNMENT((#20407,#20412));
#20407 = SURFACE_STYLE_USAGE(.BOTH.,#20408);
#20408 = SURFACE_SIDE_STYLE('',(#20409));
#20409 = SURFACE_STYLE_FILL_AREA(#20410);
#20410 = FILL_AREA_STYLE('',(#20411));
#20411 = FILL_AREA_STYLE_COLOUR('',#18733);
#20412 = CURVE_STYLE('',#20413,POSITIVE_LENGTH_MEASURE(0.1),#18733);
#20413 = DRAUGHTING_PRE_DEFINED_CURVE_FONT('continuous');
#20414 = STYLED_ITEM('color',(#20415),#1203);
#20415 = PRESENTATION_STYLE_ASSIGNMENT((#20416,#20421));
#20416 = SURFACE_STYLE_USAGE(.BOTH.,#20417);
#20417 = SURFACE_SIDE_STYLE('',(#20418));
#20418 = SURFACE_STYLE_FILL_AREA(#20419);
#20419 = FILL_AREA_STYLE('',(#20420));
#20420 = FILL_AREA_STYLE_COLOUR('',#18733);
#20421 = CURVE_STYLE('',#20422,POSITIVE_LENGTH_MEASURE(0.1),#18733);
#20422 = DRAUGHTING_PRE_DEFINED_CURVE_FONT('continuous');
#20423 = STYLED_ITEM('color',(#20424),#1226);
#20424 = PRESENTATION_STYLE_ASSIGNMENT((#20425,#20430));
#20425 = SURFACE_STYLE_USAGE(.BOTH.,#20426);
#20426 = SURFACE_SIDE_STYLE('',(#20427));
#20427 = SURFACE_STYLE_FILL_AREA(#20428);
#20428 = FILL_AREA_STYLE('',(#20429));
#20429 = FILL_AREA_STYLE_COLOUR('',#18733);
#20430 = CURVE_STYLE('',#20431,POSITIVE_LENGTH_MEASURE(0.1),#18733);
#20431 = DRAUGHTING_PRE_DEFINED_CURVE_FONT('continuous');
#20432 = STYLED_ITEM('color',(#20433),#1249);
#20433 = PRESENTATION_STYLE_ASSIGNMENT((#20434,#20439));
#20434 = SURFACE_STYLE_USAGE(.BOTH.,#20435);
#20435 = SURFACE_SIDE_STYLE('',(#20436));
#20436 = SURFACE_STYLE_FILL_AREA(#20437);
#20437 = FILL_AREA_STYLE('',(#20438));
#20438 = FILL_AREA_STYLE_COLOUR('',#18733);
#20439 = CURVE_STYLE('',#20440,POSITIVE_LENGTH_MEASURE(0.1),#18733);
#20440 = DRAUGHTING_PRE_DEFINED_CURVE_FONT('continuous');
#20441 = STYLED_ITEM('color',(#20442),#1279);
#20442 = PRESENTATION_STYLE_ASSIGNMENT((#20443,#20448));
#20443 = SURFACE_STYLE_USAGE(.BOTH.,#20444);
#20444 = SURFACE_SIDE_STYLE('',(#20445));
#20445 = SURFACE_STYLE_FILL_AREA(#20446);
#20446 = FILL_AREA_STYLE('',(#20447));
#20447 = FILL_AREA_STYLE_COLOUR('',#18697);
#20448 = CURVE_STYLE('',#20449,POSITIVE_LENGTH_MEASURE(0.1),#18697);
#20449 = DRAUGHTING_PRE_DEFINED_CURVE_FONT('continuous');
#20450 = STYLED_ITEM('color',(#20451),#1296);
#20451 = PRESENTATION_STYLE_ASSIGNMENT((#20452,#20457));
#20452 = SURFACE_STYLE_USAGE(.BOTH.,#20453);
#20453 = SURFACE_SIDE_STYLE('',(#20454));
#20454 = SURFACE_STYLE_FILL_AREA(#20455);
#20455 = FILL_AREA_STYLE('',(#20456));
#20456 = FILL_AREA_STYLE_COLOUR('',#18697);
#20457 = CURVE_STYLE('',#20458,POSITIVE_LENGTH_MEASURE(0.1),#18697);
#20458 = DRAUGHTING_PRE_DEFINED_CURVE_FONT('continuous');
#20459 = STYLED_ITEM('color',(#20460),#1313);
#20460 = PRESENTATION_STYLE_ASSIGNMENT((#20461,#20466));
#20461 = SURFACE_STYLE_USAGE(.BOTH.,#20462);
#20462 = SURFACE_SIDE_STYLE('',(#20463));
#20463 = SURFACE_STYLE_FILL_AREA(#20464);
#20464 = FILL_AREA_STYLE('',(#20465));
#20465 = FILL_AREA_STYLE_COLOUR('',#18697);
#20466 = CURVE_STYLE('',#20467,POSITIVE_LENGTH_MEASURE(0.1),#18697);
#20467 = DRAUGHTING_PRE_DEFINED_CURVE_FONT('continuous');
#20468 = STYLED_ITEM('color',(#20469),#1330);
#20469 = PRESENTATION_STYLE_ASSIGNMENT((#20470,#20475));
#20470 = SURFACE_STYLE_USAGE(.BOTH.,#20471);
#20471 = SURFACE_SIDE_STYLE('',(#20472));
#20472 = SURFACE_STYLE_FILL_AREA(#20473);
#20473 = FILL_AREA_STYLE('',(#20474));
#20474 = FILL_AREA_STYLE_COLOUR('',#18697);
#20475 = CURVE_STYLE('',#20476,POSITIVE_LENGTH_MEASURE(0.1),#18697);
#20476 = DRAUGHTING_PRE_DEFINED_CURVE_FONT('continuous');
#20477 = STYLED_ITEM('color',(#20478),#1347);
#20478 = PRESENTATION_STYLE_ASSIGNMENT((#20479,#20484));
#20479 = SURFACE_STYLE_USAGE(.BOTH.,#20480);
#20480 = SURFACE_SIDE_STYLE('',(#20481));
#20481 = SURFACE_STYLE_FILL_AREA(#20482);
#20482 = FILL_AREA_STYLE('',(#20483));
#20483 = FILL_AREA_STYLE_COLOUR('',#18697);
#20484 = CURVE_STYLE('',#20485,POSITIVE_LENGTH_MEASURE(0.1),#18697);
#20485 = DRAUGHTING_PRE_DEFINED_CURVE_FONT('continuous');
#20486 = STYLED_ITEM('color',(#20487),#1364);
#20487 = PRESENTATION_STYLE_ASSIGNMENT((#20488,#20493));
#20488 = SURFACE_STYLE_USAGE(.BOTH.,#20489);
#20489 = SURFACE_SIDE_STYLE('',(#20490));
#20490 = SURFACE_STYLE_FILL_AREA(#20491);
#20491 = FILL_AREA_STYLE('',(#20492));
#20492 = FILL_AREA_STYLE_COLOUR('',#18697);
#20493 = CURVE_STYLE('',#20494,POSITIVE_LENGTH_MEASURE(0.1),#18697);
#20494 = DRAUGHTING_PRE_DEFINED_CURVE_FONT('continuous');
#20495 = STYLED_ITEM('color',(#20496),#1381);
#20496 = PRESENTATION_STYLE_ASSIGNMENT((#20497,#20502));
#20497 = SURFACE_STYLE_USAGE(.BOTH.,#20498);
#20498 = SURFACE_SIDE_STYLE('',(#20499));
#20499 = SURFACE_STYLE_FILL_AREA(#20500);
#20500 = FILL_AREA_STYLE('',(#20501));
#20501 = FILL_AREA_STYLE_COLOUR('',#18697);
#20502 = CURVE_STYLE('',#20503,POSITIVE_LENGTH_MEASURE(0.1),#18697);
#20503 = DRAUGHTING_PRE_DEFINED_CURVE_FONT('continuous');
#20504 = STYLED_ITEM('color',(#20505),#1398);
#20505 = PRESENTATION_STYLE_ASSIGNMENT((#20506,#20511));
#20506 = SURFACE_STYLE_USAGE(.BOTH.,#20507);
#20507 = SURFACE_SIDE_STYLE('',(#20508));
#20508 = SURFACE_STYLE_FILL_AREA(#20509);
#20509 = FILL_AREA_STYLE('',(#20510));
#20510 = FILL_AREA_STYLE_COLOUR('',#18697);
#20511 = CURVE_STYLE('',#20512,POSITIVE_LENGTH_MEASURE(0.1),#18697);
#20512 = DRAUGHTING_PRE_DEFINED_CURVE_FONT('continuous');
#20513 = STYLED_ITEM('color',(#20514),#1410);
#20514 = PRESENTATION_STYLE_ASSIGNMENT((#20515,#20520));
#20515 = SURFACE_STYLE_USAGE(.BOTH.,#20516);
#20516 = SURFACE_SIDE_STYLE('',(#20517));
#20517 = SURFACE_STYLE_FILL_AREA(#20518);
#20518 = FILL_AREA_STYLE('',(#20519));
#20519 = FILL_AREA_STYLE_COLOUR('',#18733);
#20520 = CURVE_STYLE('',#20521,POSITIVE_LENGTH_MEASURE(0.1),#18733);
#20521 = DRAUGHTING_PRE_DEFINED_CURVE_FONT('continuous');
#20522 = STYLED_ITEM('color',(#20523),#1433);
#20523 = PRESENTATION_STYLE_ASSIGNMENT((#20524,#20529));
#20524 = SURFACE_STYLE_USAGE(.BOTH.,#20525);
#20525 = SURFACE_SIDE_STYLE('',(#20526));
#20526 = SURFACE_STYLE_FILL_AREA(#20527);
#20527 = FILL_AREA_STYLE('',(#20528));
#20528 = FILL_AREA_STYLE_COLOUR('',#18733);
#20529 = CURVE_STYLE('',#20530,POSITIVE_LENGTH_MEASURE(0.1),#18733);
#20530 = DRAUGHTING_PRE_DEFINED_CURVE_FONT('continuous');
#20531 = STYLED_ITEM('color',(#20532),#1456);
#20532 = PRESENTATION_STYLE_ASSIGNMENT((#20533,#20538));
#20533 = SURFACE_STYLE_USAGE(.BOTH.,#20534);
#20534 = SURFACE_SIDE_STYLE('',(#20535));
#20535 = SURFACE_STYLE_FILL_AREA(#20536);
#20536 = FILL_AREA_STYLE('',(#20537));
#20537 = FILL_AREA_STYLE_COLOUR('',#18733);
#20538 = CURVE_STYLE('',#20539,POSITIVE_LENGTH_MEASURE(0.1),#18733);
#20539 = DRAUGHTING_PRE_DEFINED_CURVE_FONT('continuous');
#20540 = STYLED_ITEM('color',(#20541),#1473);
#20541 = PRESENTATION_STYLE_ASSIGNMENT((#20542,#20547));
#20542 = SURFACE_STYLE_USAGE(.BOTH.,#20543);
#20543 = SURFACE_SIDE_STYLE('',(#20544));
#20544 = SURFACE_STYLE_FILL_AREA(#20545);
#20545 = FILL_AREA_STYLE('',(#20546));
#20546 = FILL_AREA_STYLE_COLOUR('',#18697);
#20547 = CURVE_STYLE('',#20548,POSITIVE_LENGTH_MEASURE(0.1),#18697);
#20548 = DRAUGHTING_PRE_DEFINED_CURVE_FONT('continuous');
#20549 = STYLED_ITEM('color',(#20550),#1548);
#20550 = PRESENTATION_STYLE_ASSIGNMENT((#20551,#20556));
#20551 = SURFACE_STYLE_USAGE(.BOTH.,#20552);
#20552 = SURFACE_SIDE_STYLE('',(#20553));
#20553 = SURFACE_STYLE_FILL_AREA(#20554);
#20554 = FILL_AREA_STYLE('',(#20555));
#20555 = FILL_AREA_STYLE_COLOUR('',#18697);
#20556 = CURVE_STYLE('',#20557,POSITIVE_LENGTH_MEASURE(0.1),#18697);
#20557 = DRAUGHTING_PRE_DEFINED_CURVE_FONT('continuous');
#20558 = STYLED_ITEM('color',(#20559),#1572);
#20559 = PRESENTATION_STYLE_ASSIGNMENT((#20560,#20565));
#20560 = SURFACE_STYLE_USAGE(.BOTH.,#20561);
#20561 = SURFACE_SIDE_STYLE('',(#20562));
#20562 = SURFACE_STYLE_FILL_AREA(#20563);
#20563 = FILL_AREA_STYLE('',(#20564));
#20564 = FILL_AREA_STYLE_COLOUR('',#18697);
#20565 = CURVE_STYLE('',#20566,POSITIVE_LENGTH_MEASURE(0.1),#18697);
#20566 = DRAUGHTING_PRE_DEFINED_CURVE_FONT('continuous');
#20567 = STYLED_ITEM('color',(#20568),#1640);
#20568 = PRESENTATION_STYLE_ASSIGNMENT((#20569,#20574));
#20569 = SURFACE_STYLE_USAGE(.BOTH.,#20570);
#20570 = SURFACE_SIDE_STYLE('',(#20571));
#20571 = SURFACE_STYLE_FILL_AREA(#20572);
#20572 = FILL_AREA_STYLE('',(#20573));
#20573 = FILL_AREA_STYLE_COLOUR('',#18697);
#20574 = CURVE_STYLE('',#20575,POSITIVE_LENGTH_MEASURE(0.1),#18697);
#20575 = DRAUGHTING_PRE_DEFINED_CURVE_FONT('continuous');
#20576 = STYLED_ITEM('color',(#20577),#1657);
#20577 = PRESENTATION_STYLE_ASSIGNMENT((#20578,#20583));
#20578 = SURFACE_STYLE_USAGE(.BOTH.,#20579);
#20579 = SURFACE_SIDE_STYLE('',(#20580));
#20580 = SURFACE_STYLE_FILL_AREA(#20581);
#20581 = FILL_AREA_STYLE('',(#20582));
#20582 = FILL_AREA_STYLE_COLOUR('',#18733);
#20583 = CURVE_STYLE('',#20584,POSITIVE_LENGTH_MEASURE(0.1),#18733);
#20584 = DRAUGHTING_PRE_DEFINED_CURVE_FONT('continuous');
#20585 = STYLED_ITEM('color',(#20586),#1707);
#20586 = PRESENTATION_STYLE_ASSIGNMENT((#20587,#20592));
#20587 = SURFACE_STYLE_USAGE(.BOTH.,#20588);
#20588 = SURFACE_SIDE_STYLE('',(#20589));
#20589 = SURFACE_STYLE_FILL_AREA(#20590);
#20590 = FILL_AREA_STYLE('',(#20591));
#20591 = FILL_AREA_STYLE_COLOUR('',#18697);
#20592 = CURVE_STYLE('',#20593,POSITIVE_LENGTH_MEASURE(0.1),#18697);
#20593 = DRAUGHTING_PRE_DEFINED_CURVE_FONT('continuous');
#20594 = STYLED_ITEM('color',(#20595),#1724);
#20595 = PRESENTATION_STYLE_ASSIGNMENT((#20596,#20601));
#20596 = SURFACE_STYLE_USAGE(.BOTH.,#20597);
#20597 = SURFACE_SIDE_STYLE('',(#20598));
#20598 = SURFACE_STYLE_FILL_AREA(#20599);
#20599 = FILL_AREA_STYLE('',(#20600));
#20600 = FILL_AREA_STYLE_COLOUR('',#18697);
#20601 = CURVE_STYLE('',#20602,POSITIVE_LENGTH_MEASURE(0.1),#18697);
#20602 = DRAUGHTING_PRE_DEFINED_CURVE_FONT('continuous');
#20603 = STYLED_ITEM('color',(#20604),#1741);
#20604 = PRESENTATION_STYLE_ASSIGNMENT((#20605,#20610));
#20605 = SURFACE_STYLE_USAGE(.BOTH.,#20606);
#20606 = SURFACE_SIDE_STYLE('',(#20607));
#20607 = SURFACE_STYLE_FILL_AREA(#20608);
#20608 = FILL_AREA_STYLE('',(#20609));
#20609 = FILL_AREA_STYLE_COLOUR('',#18697);
#20610 = CURVE_STYLE('',#20611,POSITIVE_LENGTH_MEASURE(0.1),#18697);
#20611 = DRAUGHTING_PRE_DEFINED_CURVE_FONT('continuous');
#20612 = STYLED_ITEM('color',(#20613),#1758);
#20613 = PRESENTATION_STYLE_ASSIGNMENT((#20614,#20619));
#20614 = SURFACE_STYLE_USAGE(.BOTH.,#20615);
#20615 = SURFACE_SIDE_STYLE('',(#20616));
#20616 = SURFACE_STYLE_FILL_AREA(#20617);
#20617 = FILL_AREA_STYLE('',(#20618));
#20618 = FILL_AREA_STYLE_COLOUR('',#18697);
#20619 = CURVE_STYLE('',#20620,POSITIVE_LENGTH_MEASURE(0.1),#18697);
#20620 = DRAUGHTING_PRE_DEFINED_CURVE_FONT('continuous');
#20621 = STYLED_ITEM('color',(#20622),#1775);
#20622 = PRESENTATION_STYLE_ASSIGNMENT((#20623,#20628));
#20623 = SURFACE_STYLE_USAGE(.BOTH.,#20624);
#20624 = SURFACE_SIDE_STYLE('',(#20625));
#20625 = SURFACE_STYLE_FILL_AREA(#20626);
#20626 = FILL_AREA_STYLE('',(#20627));
#20627 = FILL_AREA_STYLE_COLOUR('',#18697);
#20628 = CURVE_STYLE('',#20629,POSITIVE_LENGTH_MEASURE(0.1),#18697);
#20629 = DRAUGHTING_PRE_DEFINED_CURVE_FONT('continuous');
#20630 = STYLED_ITEM('color',(#20631),#1792);
#20631 = PRESENTATION_STYLE_ASSIGNMENT((#20632,#20637));
#20632 = SURFACE_STYLE_USAGE(.BOTH.,#20633);
#20633 = SURFACE_SIDE_STYLE('',(#20634));
#20634 = SURFACE_STYLE_FILL_AREA(#20635);
#20635 = FILL_AREA_STYLE('',(#20636));
#20636 = FILL_AREA_STYLE_COLOUR('',#18697);
#20637 = CURVE_STYLE('',#20638,POSITIVE_LENGTH_MEASURE(0.1),#18697);
#20638 = DRAUGHTING_PRE_DEFINED_CURVE_FONT('continuous');
#20639 = STYLED_ITEM('color',(#20640),#1804);
#20640 = PRESENTATION_STYLE_ASSIGNMENT((#20641,#20646));
#20641 = SURFACE_STYLE_USAGE(.BOTH.,#20642);
#20642 = SURFACE_SIDE_STYLE('',(#20643));
#20643 = SURFACE_STYLE_FILL_AREA(#20644);
#20644 = FILL_AREA_STYLE('',(#20645));
#20645 = FILL_AREA_STYLE_COLOUR('',#19959);
#20646 = CURVE_STYLE('',#20647,POSITIVE_LENGTH_MEASURE(0.1),#19959);
#20647 = DRAUGHTING_PRE_DEFINED_CURVE_FONT('continuous');
#20648 = STYLED_ITEM('color',(#20649),#1835);
#20649 = PRESENTATION_STYLE_ASSIGNMENT((#20650,#20655));
#20650 = SURFACE_STYLE_USAGE(.BOTH.,#20651);
#20651 = SURFACE_SIDE_STYLE('',(#20652));
#20652 = SURFACE_STYLE_FILL_AREA(#20653);
#20653 = FILL_AREA_STYLE('',(#20654));
#20654 = FILL_AREA_STYLE_COLOUR('',#19959);
#20655 = CURVE_STYLE('',#20656,POSITIVE_LENGTH_MEASURE(0.1),#19959);
#20656 = DRAUGHTING_PRE_DEFINED_CURVE_FONT('continuous');
#20657 = STYLED_ITEM('color',(#20658),#1859);
#20658 = PRESENTATION_STYLE_ASSIGNMENT((#20659,#20664));
#20659 = SURFACE_STYLE_USAGE(.BOTH.,#20660);
#20660 = SURFACE_SIDE_STYLE('',(#20661));
#20661 = SURFACE_STYLE_FILL_AREA(#20662);
#20662 = FILL_AREA_STYLE('',(#20663));
#20663 = FILL_AREA_STYLE_COLOUR('',#19959);
#20664 = CURVE_STYLE('',#20665,POSITIVE_LENGTH_MEASURE(0.1),#19959);
#20665 = DRAUGHTING_PRE_DEFINED_CURVE_FONT('continuous');
#20666 = STYLED_ITEM('color',(#20667),#1883);
#20667 = PRESENTATION_STYLE_ASSIGNMENT((#20668,#20673));
#20668 = SURFACE_STYLE_USAGE(.BOTH.,#20669);
#20669 = SURFACE_SIDE_STYLE('',(#20670));
#20670 = SURFACE_STYLE_FILL_AREA(#20671);
#20671 = FILL_AREA_STYLE('',(#20672));
#20672 = FILL_AREA_STYLE_COLOUR('',#19959);
#20673 = CURVE_STYLE('',#20674,POSITIVE_LENGTH_MEASURE(0.1),#19959);
#20674 = DRAUGHTING_PRE_DEFINED_CURVE_FONT('continuous');
#20675 = STYLED_ITEM('color',(#20676),#1900);
#20676 = PRESENTATION_STYLE_ASSIGNMENT((#20677,#20682));
#20677 = SURFACE_STYLE_USAGE(.BOTH.,#20678);
#20678 = SURFACE_SIDE_STYLE('',(#20679));
#20679 = SURFACE_STYLE_FILL_AREA(#20680);
#20680 = FILL_AREA_STYLE('',(#20681));
#20681 = FILL_AREA_STYLE_COLOUR('',#19959);
#20682 = CURVE_STYLE('',#20683,POSITIVE_LENGTH_MEASURE(0.1),#19959);
#20683 = DRAUGHTING_PRE_DEFINED_CURVE_FONT('continuous');
#20684 = MECHANICAL_DESIGN_GEOMETRIC_PRESENTATION_REPRESENTATION('',(
    #20685,#20692,#20699,#20706,#20713,#20720,#20727,#20734,#20741,
    #20748,#20755,#20763,#20770,#20777,#20784,#20791,#20798,#20805,
    #20812,#20819,#20826,#20833,#20840,#20847,#20854,#20861,#20868,
    #20875),#3820);
#20685 = STYLED_ITEM('color',(#20686),#2968);
#20686 = PRESENTATION_STYLE_ASSIGNMENT((#20687));
#20687 = SURFACE_STYLE_USAGE(.BOTH.,#20688);
#20688 = SURFACE_SIDE_STYLE('',(#20689));
#20689 = SURFACE_STYLE_FILL_AREA(#20690);
#20690 = FILL_AREA_STYLE('',(#20691));
#20691 = FILL_AREA_STYLE_COLOUR('',#18697);
#20692 = STYLED_ITEM('color',(#20693),#3044);
#20693 = PRESENTATION_STYLE_ASSIGNMENT((#20694));
#20694 = SURFACE_STYLE_USAGE(.BOTH.,#20695);
#20695 = SURFACE_SIDE_STYLE('',(#20696));
#20696 = SURFACE_STYLE_FILL_AREA(#20697);
#20697 = FILL_AREA_STYLE('',(#20698));
#20698 = FILL_AREA_STYLE_COLOUR('',#18697);
#20699 = STYLED_ITEM('color',(#20700),#3075);
#20700 = PRESENTATION_STYLE_ASSIGNMENT((#20701));
#20701 = SURFACE_STYLE_USAGE(.BOTH.,#20702);
#20702 = SURFACE_SIDE_STYLE('',(#20703));
#20703 = SURFACE_STYLE_FILL_AREA(#20704);
#20704 = FILL_AREA_STYLE('',(#20705));
#20705 = FILL_AREA_STYLE_COLOUR('',#18697);
#20706 = STYLED_ITEM('color',(#20707),#3100);
#20707 = PRESENTATION_STYLE_ASSIGNMENT((#20708));
#20708 = SURFACE_STYLE_USAGE(.BOTH.,#20709);
#20709 = SURFACE_SIDE_STYLE('',(#20710));
#20710 = SURFACE_STYLE_FILL_AREA(#20711);
#20711 = FILL_AREA_STYLE('',(#20712));
#20712 = FILL_AREA_STYLE_COLOUR('',#18697);
#20713 = STYLED_ITEM('color',(#20714),#3125);
#20714 = PRESENTATION_STYLE_ASSIGNMENT((#20715));
#20715 = SURFACE_STYLE_USAGE(.BOTH.,#20716);
#20716 = SURFACE_SIDE_STYLE('',(#20717));
#20717 = SURFACE_STYLE_FILL_AREA(#20718);
#20718 = FILL_AREA_STYLE('',(#20719));
#20719 = FILL_AREA_STYLE_COLOUR('',#18697);
#20720 = STYLED_ITEM('color',(#20721),#3149);
#20721 = PRESENTATION_STYLE_ASSIGNMENT((#20722));
#20722 = SURFACE_STYLE_USAGE(.BOTH.,#20723);
#20723 = SURFACE_SIDE_STYLE('',(#20724));
#20724 = SURFACE_STYLE_FILL_AREA(#20725);
#20725 = FILL_AREA_STYLE('',(#20726));
#20726 = FILL_AREA_STYLE_COLOUR('',#18697);
#20727 = STYLED_ITEM('color',(#20728),#3173);
#20728 = PRESENTATION_STYLE_ASSIGNMENT((#20729));
#20729 = SURFACE_STYLE_USAGE(.BOTH.,#20730);
#20730 = SURFACE_SIDE_STYLE('',(#20731));
#20731 = SURFACE_STYLE_FILL_AREA(#20732);
#20732 = FILL_AREA_STYLE('',(#20733));
#20733 = FILL_AREA_STYLE_COLOUR('',#18697);
#20734 = STYLED_ITEM('color',(#20735),#3198);
#20735 = PRESENTATION_STYLE_ASSIGNMENT((#20736));
#20736 = SURFACE_STYLE_USAGE(.BOTH.,#20737);
#20737 = SURFACE_SIDE_STYLE('',(#20738));
#20738 = SURFACE_STYLE_FILL_AREA(#20739);
#20739 = FILL_AREA_STYLE('',(#20740));
#20740 = FILL_AREA_STYLE_COLOUR('',#18697);
#20741 = STYLED_ITEM('color',(#20742),#3223);
#20742 = PRESENTATION_STYLE_ASSIGNMENT((#20743));
#20743 = SURFACE_STYLE_USAGE(.BOTH.,#20744);
#20744 = SURFACE_SIDE_STYLE('',(#20745));
#20745 = SURFACE_STYLE_FILL_AREA(#20746);
#20746 = FILL_AREA_STYLE('',(#20747));
#20747 = FILL_AREA_STYLE_COLOUR('',#18697);
#20748 = STYLED_ITEM('color',(#20749),#3240);
#20749 = PRESENTATION_STYLE_ASSIGNMENT((#20750));
#20750 = SURFACE_STYLE_USAGE(.BOTH.,#20751);
#20751 = SURFACE_SIDE_STYLE('',(#20752));
#20752 = SURFACE_STYLE_FILL_AREA(#20753);
#20753 = FILL_AREA_STYLE('',(#20754));
#20754 = FILL_AREA_STYLE_COLOUR('',#18697);
#20755 = STYLED_ITEM('color',(#20756),#3326);
#20756 = PRESENTATION_STYLE_ASSIGNMENT((#20757));
#20757 = SURFACE_STYLE_USAGE(.BOTH.,#20758);
#20758 = SURFACE_SIDE_STYLE('',(#20759));
#20759 = SURFACE_STYLE_FILL_AREA(#20760);
#20760 = FILL_AREA_STYLE('',(#20761));
#20761 = FILL_AREA_STYLE_COLOUR('',#20762);
#20762 = COLOUR_RGB('',0.379000005575,0.270000008848,0.214999999939);
#20763 = STYLED_ITEM('color',(#20764),#3358);
#20764 = PRESENTATION_STYLE_ASSIGNMENT((#20765));
#20765 = SURFACE_STYLE_USAGE(.BOTH.,#20766);
#20766 = SURFACE_SIDE_STYLE('',(#20767));
#20767 = SURFACE_STYLE_FILL_AREA(#20768);
#20768 = FILL_AREA_STYLE('',(#20769));
#20769 = FILL_AREA_STYLE_COLOUR('',#20762);
#20770 = STYLED_ITEM('color',(#20771),#3382);
#20771 = PRESENTATION_STYLE_ASSIGNMENT((#20772));
#20772 = SURFACE_STYLE_USAGE(.BOTH.,#20773);
#20773 = SURFACE_SIDE_STYLE('',(#20774));
#20774 = SURFACE_STYLE_FILL_AREA(#20775);
#20775 = FILL_AREA_STYLE('',(#20776));
#20776 = FILL_AREA_STYLE_COLOUR('',#20762);
#20777 = STYLED_ITEM('color',(#20778),#3407);
#20778 = PRESENTATION_STYLE_ASSIGNMENT((#20779));
#20779 = SURFACE_STYLE_USAGE(.BOTH.,#20780);
#20780 = SURFACE_SIDE_STYLE('',(#20781));
#20781 = SURFACE_STYLE_FILL_AREA(#20782);
#20782 = FILL_AREA_STYLE('',(#20783));
#20783 = FILL_AREA_STYLE_COLOUR('',#20762);
#20784 = STYLED_ITEM('color',(#20785),#3431);
#20785 = PRESENTATION_STYLE_ASSIGNMENT((#20786));
#20786 = SURFACE_STYLE_USAGE(.BOTH.,#20787);
#20787 = SURFACE_SIDE_STYLE('',(#20788));
#20788 = SURFACE_STYLE_FILL_AREA(#20789);
#20789 = FILL_AREA_STYLE('',(#20790));
#20790 = FILL_AREA_STYLE_COLOUR('',#20762);
#20791 = STYLED_ITEM('color',(#20792),#3456);
#20792 = PRESENTATION_STYLE_ASSIGNMENT((#20793));
#20793 = SURFACE_STYLE_USAGE(.BOTH.,#20794);
#20794 = SURFACE_SIDE_STYLE('',(#20795));
#20795 = SURFACE_STYLE_FILL_AREA(#20796);
#20796 = FILL_AREA_STYLE('',(#20797));
#20797 = FILL_AREA_STYLE_COLOUR('',#20762);
#20798 = STYLED_ITEM('color',(#20799),#3480);
#20799 = PRESENTATION_STYLE_ASSIGNMENT((#20800));
#20800 = SURFACE_STYLE_USAGE(.BOTH.,#20801);
#20801 = SURFACE_SIDE_STYLE('',(#20802));
#20802 = SURFACE_STYLE_FILL_AREA(#20803);
#20803 = FILL_AREA_STYLE('',(#20804));
#20804 = FILL_AREA_STYLE_COLOUR('',#20762);
#20805 = STYLED_ITEM('color',(#20806),#3505);
#20806 = PRESENTATION_STYLE_ASSIGNMENT((#20807));
#20807 = SURFACE_STYLE_USAGE(.BOTH.,#20808);
#20808 = SURFACE_SIDE_STYLE('',(#20809));
#20809 = SURFACE_STYLE_FILL_AREA(#20810);
#20810 = FILL_AREA_STYLE('',(#20811));
#20811 = FILL_AREA_STYLE_COLOUR('',#20762);
#20812 = STYLED_ITEM('color',(#20813),#3522);
#20813 = PRESENTATION_STYLE_ASSIGNMENT((#20814));
#20814 = SURFACE_STYLE_USAGE(.BOTH.,#20815);
#20815 = SURFACE_SIDE_STYLE('',(#20816));
#20816 = SURFACE_STYLE_FILL_AREA(#20817);
#20817 = FILL_AREA_STYLE('',(#20818));
#20818 = FILL_AREA_STYLE_COLOUR('',#18697);
#20819 = STYLED_ITEM('color',(#20820),#3608);
#20820 = PRESENTATION_STYLE_ASSIGNMENT((#20821));
#20821 = SURFACE_STYLE_USAGE(.BOTH.,#20822);
#20822 = SURFACE_SIDE_STYLE('',(#20823));
#20823 = SURFACE_STYLE_FILL_AREA(#20824);
#20824 = FILL_AREA_STYLE('',(#20825));
#20825 = FILL_AREA_STYLE_COLOUR('',#18697);
#20826 = STYLED_ITEM('color',(#20827),#3639);
#20827 = PRESENTATION_STYLE_ASSIGNMENT((#20828));
#20828 = SURFACE_STYLE_USAGE(.BOTH.,#20829);
#20829 = SURFACE_SIDE_STYLE('',(#20830));
#20830 = SURFACE_STYLE_FILL_AREA(#20831);
#20831 = FILL_AREA_STYLE('',(#20832));
#20832 = FILL_AREA_STYLE_COLOUR('',#18697);
#20833 = STYLED_ITEM('color',(#20834),#3664);
#20834 = PRESENTATION_STYLE_ASSIGNMENT((#20835));
#20835 = SURFACE_STYLE_USAGE(.BOTH.,#20836);
#20836 = SURFACE_SIDE_STYLE('',(#20837));
#20837 = SURFACE_STYLE_FILL_AREA(#20838);
#20838 = FILL_AREA_STYLE('',(#20839));
#20839 = FILL_AREA_STYLE_COLOUR('',#18697);
#20840 = STYLED_ITEM('color',(#20841),#3689);
#20841 = PRESENTATION_STYLE_ASSIGNMENT((#20842));
#20842 = SURFACE_STYLE_USAGE(.BOTH.,#20843);
#20843 = SURFACE_SIDE_STYLE('',(#20844));
#20844 = SURFACE_STYLE_FILL_AREA(#20845);
#20845 = FILL_AREA_STYLE('',(#20846));
#20846 = FILL_AREA_STYLE_COLOUR('',#18697);
#20847 = STYLED_ITEM('color',(#20848),#3713);
#20848 = PRESENTATION_STYLE_ASSIGNMENT((#20849));
#20849 = SURFACE_STYLE_USAGE(.BOTH.,#20850);
#20850 = SURFACE_SIDE_STYLE('',(#20851));
#20851 = SURFACE_STYLE_FILL_AREA(#20852);
#20852 = FILL_AREA_STYLE('',(#20853));
#20853 = FILL_AREA_STYLE_COLOUR('',#18697);
#20854 = STYLED_ITEM('color',(#20855),#3737);
#20855 = PRESENTATION_STYLE_ASSIGNMENT((#20856));
#20856 = SURFACE_STYLE_USAGE(.BOTH.,#20857);
#20857 = SURFACE_SIDE_STYLE('',(#20858));
#20858 = SURFACE_STYLE_FILL_AREA(#20859);
#20859 = FILL_AREA_STYLE('',(#20860));
#20860 = FILL_AREA_STYLE_COLOUR('',#18697);
#20861 = STYLED_ITEM('color',(#20862),#3762);
#20862 = PRESENTATION_STYLE_ASSIGNMENT((#20863));
#20863 = SURFACE_STYLE_USAGE(.BOTH.,#20864);
#20864 = SURFACE_SIDE_STYLE('',(#20865));
#20865 = SURFACE_STYLE_FILL_AREA(#20866);
#20866 = FILL_AREA_STYLE('',(#20867));
#20867 = FILL_AREA_STYLE_COLOUR('',#18697);
#20868 = STYLED_ITEM('color',(#20869),#3787);
#20869 = PRESENTATION_STYLE_ASSIGNMENT((#20870));
#20870 = SURFACE_STYLE_USAGE(.BOTH.,#20871);
#20871 = SURFACE_SIDE_STYLE('',(#20872));
#20872 = SURFACE_STYLE_FILL_AREA(#20873);
#20873 = FILL_AREA_STYLE('',(#20874));
#20874 = FILL_AREA_STYLE_COLOUR('',#18697);
#20875 = STYLED_ITEM('color',(#20876),#3804);
#20876 = PRESENTATION_STYLE_ASSIGNMENT((#20877));
#20877 = SURFACE_STYLE_USAGE(.BOTH.,#20878);
#20878 = SURFACE_SIDE_STYLE('',(#20879));
#20879 = SURFACE_STYLE_FILL_AREA(#20880);
#20880 = FILL_AREA_STYLE('',(#20881));
#20881 = FILL_AREA_STYLE_COLOUR('',#18697);
ENDSEC;
END-ISO-10303-21;
